"year","iteration","price_m3"
1,1,61.5296973584376
2,1,71.6060932698378
3,1,104.683077676618
4,1,78.0256672029973
5,1,79.7645499928663
6,1,102.971095805953
7,1,81.6214400840916
8,1,56.5229205021846
9,1,62.0082567249041
10,1,64.8513657146685
11,1,104.230981572878
12,1,78.793319121535
13,1,82.1615643416161
14,1,75.4573940062305
15,1,59.9124284043892
16,1,118.544808455286
17,1,79.0303483614882
18,1,42.1681343845054
1,2,84.0393374724496
2,2,69.0659993636029
3,2,59.2670974768376
4,2,70.8715345017484
5,2,57.8413534009033
6,2,65.25798956509
7,2,63.880612482824
8,2,49.7557569548316
9,2,89.6315944475174
10,2,76.4753949735761
11,2,53.504184680337
12,2,93.5188130653627
13,2,85.9824889885505
14,2,71.5977739274139
15,2,92.7893853169629
16,2,93.7624386338241
17,2,82.6561405257684
18,2,85.6313932718824
1,3,86.2349677908809
2,3,68.6992021049487
3,3,65.7413170614501
4,3,63.7400657306639
5,3,58.2818257636158
6,3,68.2796259815596
7,3,52.837154842888
8,3,120.658871749546
9,3,92.5600100381621
10,3,52.5026171692925
11,3,63.4081204337938
12,3,64.6094970709465
13,3,84.8736534152893
14,3,74.9115732086134
15,3,72.2578021786815
16,3,71.6001808039612
17,3,75.0412642968069
18,3,95.7897630803434
1,4,69.4332520193628
2,4,100.561870585649
3,4,47.2758007251217
4,4,86.8168433840687
5,4,79.1704695098783
6,4,75.2248949788665
7,4,81.5991669877012
8,4,60.619751082369
9,4,65.9428273612769
10,4,54.9565367351689
11,4,58.6064923274721
12,4,77.6716426578865
13,4,84.6549958582874
14,4,76.9477824907047
15,4,94.7559787414495
16,4,118.451654604557
17,4,66.9056172258627
18,4,42.3149845406544
1,5,95.5701146376632
2,5,56.8263698075356
3,5,61.317623051053
4,5,89.4645130507107
5,5,66.6809155996981
6,5,54.9597087987873
7,5,74.3485831521244
8,5,66.3657723342783
9,5,70.1199875543978
10,5,81.7445282602401
11,5,65.6686898018032
12,5,88.5095859426332
13,5,64.9843895010586
14,5,78.0510095428649
15,5,101.449244894542
16,5,85.3517875918263
17,5,70.9114438543343
18,5,91.5546373767645
1,6,87.5830854436781
2,6,84.8622046710854
3,6,75.298875205762
4,6,63.8456904226076
5,6,98.4895763992265
6,6,60.0368228244963
7,6,128.538345686717
8,6,99.2449787104057
9,6,68.3369535895512
10,6,56.7843426935187
11,6,62.0824458339643
12,6,75.5119335040034
13,6,68.3700837044606
14,6,71.1942631868003
15,6,57.5857873270584
16,6,75.9470569926964
17,6,63.6883977222531
18,6,49.2862800881643
1,7,65.4503189418702
2,7,86.2299404314547
3,7,67.1960256175557
4,7,81.83541796402
5,7,46.0186538047337
6,7,76.3449755753611
7,7,85.068006216197
8,7,74.18468337499
9,7,75.1155750080177
10,7,66.3081802074368
11,7,59.8982487443176
12,7,55.9435549562274
13,7,76.3940530673304
14,7,56.2890997525087
15,7,62.7680625001975
16,7,65.5741645237962
17,7,111.528029692957
18,7,66.3965620780588
1,8,73.1434129649179
2,8,69.7328450505518
3,8,54.6206485790379
4,8,73.4071981391537
5,8,104.945146758996
6,8,85.6707671165961
7,8,75.25734268909
8,8,67.8620322020897
9,8,44.335826385908
10,8,97.8318104147182
11,8,53.3884225811166
12,8,90.5595802245844
13,8,123.43546556054
14,8,50.7895649114428
15,8,83.8471613965679
16,8,67.337579998948
17,8,46.172826538809
18,8,48.0756348884094
1,9,51.7445224577464
2,9,61.4538404248845
3,9,49.1012150100331
4,9,80.6644779123936
5,9,116.522055509228
6,9,54.9966401374487
7,9,92.388244039702
8,9,87.564732712963
9,9,77.526830114088
10,9,54.8639134591833
11,9,66.6787588305898
12,9,66.85106651984
13,9,84.1906767825647
14,9,63.7235918310581
15,9,91.3917106316508
16,9,63.7009967792495
17,9,93.8606041217651
18,9,55.1948907113055
1,10,54.7234709179949
2,10,126.938126178161
3,10,64.3500341652553
4,10,78.5286630395223
5,10,87.7587122626096
6,10,62.0662327730243
7,10,81.3692708286352
8,10,76.8239406659203
9,10,70.2929315198871
10,10,70.5041430923346
11,10,75.872277953553
12,10,126.091826819675
13,10,62.2151538035893
14,10,56.6883156003614
15,10,72.0227175107754
16,10,78.7188005076062
17,10,85.1661799290404
18,10,65.8221871270871
1,11,58.9297777521746
2,11,96.077945050394
3,11,68.7943315124539
4,11,56.9540388129066
5,11,69.5862035659418
6,11,69.1225154717017
7,11,91.9263432840788
8,11,74.8986295507015
9,11,92.461759174342
10,11,68.1365644645282
11,11,74.0936311246976
12,11,65.4755817629327
13,11,79.579509713316
14,11,59.5293887861811
15,11,56.241287735272
16,11,117.396326861036
17,11,82.9681310689175
18,11,54.9127559985364
1,12,59.5598492643822
2,12,55.1181968094201
3,12,119.218275938456
4,12,106.565652290344
5,12,69.1699313062029
6,12,83.1094256721979
7,12,64.8347397170508
8,12,68.3167944355509
9,12,58.8807616177744
10,12,61.0286804116331
11,12,103.332679111767
12,12,68.3743326175112
13,12,74.6397198336589
14,12,74.3855455539487
15,12,94.0104478338724
16,12,65.7623365175825
17,12,53.4421425389556
18,12,112.271523563467
1,13,63.9387019415748
2,13,60.2167730192984
3,13,56.3651625795115
4,13,56.4566916696142
5,13,61.2828409986487
6,13,90.044111777555
7,13,98.2611371376792
8,13,88.6128703310854
9,13,62.2896777633452
10,13,72.6507298557268
11,13,61.0938973783491
12,13,61.6310632342118
13,13,92.651969627582
14,13,60.2356699248397
15,13,118.757911114814
16,13,70.3954084649115
17,13,77.0443876958015
18,13,56.9294088226101
1,14,61.0796390195183
2,14,52.0544262860431
3,14,66.5271238396374
4,14,84.3103732545503
5,14,74.7218177745457
6,14,62.7804408793629
7,14,60.4578400341185
8,14,65.8721085899719
9,14,99.5426189219675
10,14,56.2429403035512
11,14,67.7315576885444
12,14,119.00405386637
13,14,69.9132299856528
14,14,55.8176743289967
15,14,66.0409821428455
16,14,84.4427976099719
17,14,64.059464041329
18,14,60.9088426290298
1,15,67.7819952588711
2,15,71.8300754431368
3,15,107.577205331851
4,15,74.075403880564
5,15,89.963097511697
6,15,83.5448307532151
7,15,70.4373947151213
8,15,52.795305927304
9,15,67.9966300533591
10,15,68.1076734558368
11,15,75.3779736514123
12,15,106.076079094959
13,15,127.032237152686
14,15,106.948685152173
15,15,68.736704631749
16,15,46.4547826985207
17,15,61.5994634325455
18,15,74.3201350824934
1,16,93.982094537571
2,16,85.2866479077477
3,16,80.5368291407919
4,16,49.3406667130428
5,16,92.7945876543584
6,16,67.4497256457759
7,16,80.9916734460396
8,16,73.6699503578885
9,16,75.7164548904769
10,16,74.7017537088286
11,16,50.3372734347491
12,16,82.3744506004404
13,16,78.6442711223312
14,16,65.4735491447454
15,16,70.0594679331653
16,16,73.9778145885652
17,16,71.9049492716083
18,16,103.940185329765
1,17,64.5290170044297
2,17,77.5769104737401
3,17,93.6917531718917
4,17,88.4761069969756
5,17,90.0533262800386
6,17,66.6630891678108
7,17,122.431000320634
8,17,77.2484016682962
9,17,122.216074762593
10,17,49.4175618720372
11,17,68.8605739681079
12,17,102.650315209224
13,17,63.6316603396251
14,17,56.3072777218329
15,17,60.2338675395027
16,17,58.1906602952193
17,17,66.6160882396868
18,17,78.5606784029628
1,18,42.4194319282125
2,18,71.123725198541
3,18,97.4370362796399
4,18,118.991333367897
5,18,98.0715433547083
6,18,86.892268754727
7,18,49.3079711310115
8,18,58.8228904653745
9,18,65.3623919109275
10,18,89.9685699550429
11,18,74.2824810667181
12,18,51.5681630356552
13,18,107.057482902115
14,18,95.3216551774842
15,18,80.9229494888715
16,18,94.8017109047159
17,18,49.8912601888388
18,18,87.8302621889869
1,19,60.4005738389202
2,19,80.0531006808539
3,19,76.7798398201332
4,19,79.0878541636715
5,19,98.1517093028213
6,19,77.1748361847973
7,19,94.6013492168966
8,19,52.8334411676869
9,19,63.123228581051
10,19,110.105131623735
11,19,77.5372497783566
12,19,44.1652779892213
13,19,53.718785311435
14,19,70.6564382536962
15,19,91.5288109181808
16,19,75.7998714389294
17,19,83.5376334861828
18,19,86.7050307032042
1,20,109.406306756455
2,20,70.7827162021878
3,20,71.6509068934792
4,20,46.6482354420607
5,20,79.6465350289431
6,20,62.2768208225711
7,20,55.1807889070068
8,20,70.8330694816657
9,20,88.1174358412579
10,20,47.8682757920488
11,20,65.6917008912902
12,20,71.1637775298948
13,20,59.5765638334196
14,20,84.3350149186262
15,20,82.2724756848939
16,20,71.2809461633196
17,20,40.2918852026423
18,20,135.495134804602
1,21,65.631188186871
2,21,81.3706965777239
3,21,82.1185948537627
4,21,90.6238523751468
5,21,86.8924944957678
6,21,71.9174190289352
7,21,76.1673466641985
8,21,53.8071796511712
9,21,88.2802697434835
10,21,64.8582932875188
11,21,127.813835399162
12,21,47.6259591569649
13,21,68.3915441831321
14,21,88.2270431390044
15,21,82.6677268325281
16,21,67.2248176934428
17,21,59.3529284227678
18,21,72.1412353544119
1,22,70.4583646926688
2,22,50.3018506899985
3,22,74.2072106337825
4,22,78.9855327511695
5,22,74.4581447591361
6,22,58.4774607466638
7,22,82.0352574781016
8,22,107.582122888582
9,22,77.5277975710148
10,22,53.4821549593558
11,22,61.6084215335884
12,22,75.7721928562775
13,22,66.4119171622229
14,22,41.8353935928546
15,22,93.0019127198708
16,22,61.9037110153465
17,22,59.6783763417414
18,22,100.753436169365
1,23,58.2771018568503
2,23,84.1218843011849
3,23,50.6201544446042
4,23,71.4261284727562
5,23,76.4062140986474
6,23,51.9126353799784
7,23,65.9669087059075
8,23,72.986650977503
9,23,84.2474171499856
10,23,48.3812184620066
11,23,68.7754301630053
12,23,82.0874917305456
13,23,62.3280733816417
14,23,78.814429659667
15,23,79.7570583960853
16,23,81.2739465881339
17,23,81.6851092432263
18,23,70.5502740650532
1,24,63.6491315979898
2,24,39.5115286931713
3,24,75.6860831866793
4,24,78.6240906739415
5,24,82.5174303697385
6,24,59.2361596834526
7,24,112.66453780766
8,24,79.5426523794676
9,24,75.9984258366391
10,24,96.4246091285555
11,24,64.5173701317326
12,24,66.3673558101233
13,24,125.60389078718
14,24,71.7261935898266
15,24,102.741482927632
16,24,53.976033776434
17,24,73.9420589297835
18,24,80.4129345659172
1,25,76.2689987196043
2,25,61.0440092799203
3,25,70.2573032859296
4,25,56.9010611753375
5,25,81.5415582308304
6,25,94.3852828806343
7,25,39.9584603407918
8,25,93.3071197423514
9,25,52.1386217907132
10,25,82.1505958318638
11,25,88.1505837083117
12,25,65.9333620456056
13,25,65.4542553777293
14,25,77.941837022652
15,25,83.885323005611
16,25,85.4871061892274
17,25,43.3092737420187
18,25,50.1187662368369
1,26,103.175452553899
2,26,91.6686683028708
3,26,77.7766274708904
4,26,80.9692741561974
5,26,87.360270986102
6,26,43.6595983019956
7,26,99.412404695778
8,26,66.9390267650068
9,26,73.066752394068
10,26,64.0318190869682
11,26,95.9363830781583
12,26,66.2002534249633
13,26,82.009158161452
14,26,62.9519814607495
15,26,56.467155945219
16,26,94.2639232857167
17,26,83.6252857472001
18,26,113.447654347813
1,27,71.5530223126252
2,27,99.7481955448165
3,27,110.493183488036
4,27,71.0504703724368
5,27,52.2092096690264
6,27,71.1273960373614
7,27,70.6373344528078
8,27,74.8220367328966
9,27,112.10563423968
10,27,62.3527995012754
11,27,76.3450788689163
12,27,70.8243181364336
13,27,70.0711986908232
14,27,81.9906345199337
15,27,97.5365632612037
16,27,76.8909062994536
17,27,91.7850051052659
18,27,82.955374299328
1,28,85.888829423571
2,28,64.8742218730885
3,28,106.736534043181
4,28,69.4759828994323
5,28,75.662903331269
6,28,95.8612278289682
7,28,98.9069080646628
8,28,57.4414064980434
9,28,55.3437961174531
10,28,56.0188701194915
11,28,73.2805195423168
12,28,70.7652400510882
13,28,81.5348217567623
14,28,86.538273920694
15,28,61.5115310760353
16,28,56.0449701544275
17,28,90.3885358537021
18,28,81.9495120742413
1,29,49.4562025291765
2,29,67.7560126707646
3,29,58.814998892997
4,29,44.0394178930066
5,29,80.217775174824
6,29,69.6922856076138
7,29,70.6456478079809
8,29,72.0140289747579
9,29,94.6974617363095
10,29,75.2693849424001
11,29,64.735666421393
12,29,57.9714047257204
13,29,69.9578427856641
14,29,81.4177677151186
15,29,52.9563805645576
16,29,72.6741031480834
17,29,89.279637163581
18,29,69.4407357606765
1,30,59.7231933972563
2,30,63.4766886620954
3,30,95.5060761680797
4,30,85.205466199652
5,30,103.793745675809
6,30,70.0656056055048
7,30,85.9465306107054
8,30,61.6995441995808
9,30,89.5034267289903
10,30,66.0398919566807
11,30,51.1338391437946
12,30,78.403034605971
13,30,108.792978521043
14,30,91.3080190064537
15,30,94.3272355376617
16,30,83.0602359205318
17,30,63.0527688979377
18,30,66.9806044961979
1,31,70.9862057727127
2,31,61.0859241406106
3,31,90.3456984975513
4,31,52.6455068809741
5,31,92.949389055076
6,31,95.6186861987511
7,31,51.1023925626664
8,31,89.2122420159637
9,31,134.881666272786
10,31,62.46936895571
11,31,87.0102464090723
12,31,57.5962323459057
13,31,96.1067799785114
14,31,81.5470991364733
15,31,108.957470072992
16,31,51.6868134243347
17,31,73.5135396657902
18,31,64.2606268341376
1,32,69.4054724622297
2,32,58.072922428788
3,32,55.5374978216842
4,32,88.8095833597629
5,32,58.0185250290868
6,32,99.6927725145598
7,32,55.7151909882593
8,32,76.1508363714999
9,32,81.4799195154739
10,32,87.5722061908369
11,32,68.0312612659064
12,32,78.2184495593305
13,32,92.4762866371415
14,32,54.0609717494352
15,32,60.9101078236092
16,32,77.7069790636354
17,32,69.4902707729502
18,32,104.37385427701
1,33,84.5193270646902
2,33,68.862100317916
3,33,50.9326477504435
4,33,73.0580678196467
5,33,70.99971770252
6,33,74.109366582739
7,33,57.3776745660624
8,33,80.4822034813442
9,33,59.5565324394814
10,33,65.3736451760067
11,33,77.2411194501299
12,33,61.5687707109066
13,33,89.4796210365232
14,33,53.47041180727
15,33,41.4996342420188
16,33,76.2356691859033
17,33,95.1356719424542
18,33,64.1325656592245
1,34,77.2882544021081
2,34,57.9459159543589
3,34,70.5800028908464
4,34,44.353948587763
5,34,102.283350926051
6,34,106.427077117881
7,34,90.752936715431
8,34,74.1569419538358
9,34,69.2742542079739
10,34,49.0337218163478
11,34,83.924039332435
12,34,72.0746200508401
13,34,58.8515539879213
14,34,54.0279080937619
15,34,65.9647230719428
16,34,58.1100595964057
17,34,67.263432885903
18,34,50.9858982261341
1,35,101.917085215201
2,35,77.5521564978235
3,35,95.4747153655498
4,35,43.0163124490491
5,35,68.8085457190789
6,35,63.9841772234111
7,35,57.7773318164423
8,35,98.8305479638245
9,35,54.5836156842779
10,35,82.6588647445876
11,35,92.7875893928176
12,35,74.5654859883267
13,35,54.9355568602957
14,35,89.5472034328458
15,35,73.305760478891
16,35,59.0137318432312
17,35,50.906593508565
18,35,117.162575455777
1,36,63.9752060817373
2,36,48.6689932765693
3,36,82.2304666682296
4,36,80.9648868589228
5,36,49.3860696349077
6,36,43.571668893506
7,36,75.292620736269
8,36,99.2929416016514
9,36,88.7077561044467
10,36,63.7524499559687
11,36,60.195236430673
12,36,80.9722106681103
13,36,79.7437758635773
14,36,83.2899198561028
15,36,62.1621964678287
16,36,92.0403585129325
17,36,61.5414962779878
18,36,63.1053566870062
1,37,84.5041599789467
2,37,93.9354803977659
3,37,47.1002205867492
4,37,79.0874632163147
5,37,83.9652323146653
6,37,51.6430977335632
7,37,84.4603652410235
8,37,62.5367824964515
9,37,98.5692425260187
10,37,77.5536604706835
11,37,87.6326976967645
12,37,73.2514581111013
13,37,94.0791531707024
14,37,106.062241929331
15,37,110.641921679264
16,37,74.4099780254656
17,37,40.5490592556264
18,37,68.7831163227439
1,38,81.1997289792388
2,38,66.5649201902892
3,38,85.1997948245856
4,38,88.5200536732041
5,38,59.7010104911191
6,38,67.9073475522574
7,38,75.2989127832938
8,38,61.6409177333225
9,38,73.4771569206941
10,38,45.7600361669125
11,38,57.8638743743083
12,38,50.4408721281697
13,38,58.7702578088931
14,38,60.9989343976019
15,38,82.4387245138053
16,38,95.0851048231372
17,38,63.8533763195324
18,38,60.2710853695922
1,39,60.1559861489942
2,39,66.2299813926216
3,39,68.8297335742979
4,39,77.8724443448176
5,39,67.0542798518596
6,39,42.3774347567308
7,39,66.4041501924619
8,39,98.8160975220179
9,39,97.5934225522398
10,39,56.9423255675274
11,39,48.4085745759391
12,39,130.808717216075
13,39,66.5298059128362
14,39,66.8842365250284
15,39,79.6760925380615
16,39,48.1465810312382
17,39,63.9605499388662
18,39,48.3250599398103
1,40,57.2475541664242
2,40,78.7233882706129
3,40,50.9865495867053
4,40,85.4648337351752
5,40,78.5025629312648
6,40,57.3576016196324
7,40,73.3325763595309
8,40,86.2618598074681
9,40,95.7877304484458
10,40,69.25301438099
11,40,72.7006395713646
12,40,73.5363254157065
13,40,102.904049719244
14,40,93.9036525913739
15,40,82.6859128242051
16,40,62.973294071591
17,40,85.2456237377139
18,40,75.6473940320632
1,41,55.8211441853152
2,41,49.3208228979378
3,41,87.8975782827246
4,41,52.869353462056
5,41,73.8585835736729
6,41,80.091479222646
7,41,87.5067647722831
8,41,77.350426902964
9,41,63.436323705451
10,41,86.0004769911773
11,41,109.475119937763
12,41,94.8591055433472
13,41,46.3526347878147
14,41,108.284982528471
15,41,68.3412891779447
16,41,80.3778593320619
17,41,88.2267519488092
18,41,76.0088126589618
1,42,69.5647073855724
2,42,86.3968344291597
3,42,92.4960833556018
4,42,87.7488631237266
5,42,120.893023470928
6,42,86.5977820928428
7,42,74.4851299519981
8,42,42.7181568223333
9,42,134.755019116234
10,42,60.6682199637535
11,42,132.889108133051
12,42,84.7447252490223
13,42,102.179264097299
14,42,68.2437755521509
15,42,78.2666473665803
16,42,71.8557608430568
17,42,70.068596241477
18,42,70.5075328747464
1,43,92.8509406924848
2,43,73.102068576638
3,43,41.4139600315834
4,43,66.3782228742527
5,43,83.0260327102829
6,43,81.2166544563443
7,43,85.3334562944977
8,43,48.121492402383
9,43,80.2897010492123
10,43,87.2182452803939
11,43,94.0161535261667
12,43,67.9757787089421
13,43,69.014324539119
14,43,106.563982066051
15,43,51.4296088867934
16,43,68.3414594174645
17,43,83.2785355189951
18,43,51.2925552791516
1,44,73.63956916165
2,44,110.495409213981
3,44,70.8711563408734
4,44,67.0512654162329
5,44,83.1563490513669
6,44,70.9609320133868
7,44,85.4729036800772
8,44,94.6742639158318
9,44,67.6821862722992
10,44,55.8763298036599
11,44,55.1867159429691
12,44,62.6196449812985
13,44,84.4395747240927
14,44,42.1027597637571
15,44,44.591565173817
16,44,65.7522108381083
17,44,84.9796205871214
18,44,58.6186591692374
1,45,86.4956861664188
2,45,78.6988902488465
3,45,72.7755528807914
4,45,87.4820343759437
5,45,75.3263285844462
6,45,63.1958306012995
7,45,75.3583867068964
8,45,82.1102783119288
9,45,78.9235613822803
10,45,60.7896912832218
11,45,84.575056332589
12,45,89.8767195546151
13,45,75.0851746050997
14,45,80.3563637447476
15,45,71.2629104285553
16,45,122.361386197338
17,45,80.516252160811
18,45,71.6509780873942
1,46,38.6641067835239
2,46,51.1455058383076
3,46,69.9432731379421
4,46,80.6482557445443
5,46,80.8233091397468
6,46,84.1158908018488
7,46,67.3160458319246
8,46,92.3390158709467
9,46,58.9017655072886
10,46,54.7250610119157
11,46,55.4389235472285
12,46,84.6690425298211
13,46,72.3362832382334
14,46,94.2517303665792
15,46,70.5161002417651
16,46,59.1462074932681
17,46,66.0258082591823
18,46,43.4259378083423
1,47,53.494216931205
2,47,52.9824091962815
3,47,87.1756046299157
4,47,65.3616888935329
5,47,87.5618947372263
6,47,108.323860054124
7,47,71.0606389381611
8,47,78.6857587227208
9,47,48.9532957224245
10,47,60.9651931098271
11,47,71.4670334866175
12,47,73.6413302566319
13,47,64.5004314598018
14,47,133.657144981394
15,47,66.1114282479626
16,47,69.8079932047579
17,47,85.7153507730371
18,47,69.7806846505796
1,48,65.7639415966984
2,48,87.0536167299021
3,48,103.464781549403
4,48,68.3416822343187
5,48,81.2335640525765
6,48,73.3156825306556
7,48,99.5828097872665
8,48,56.6345225250254
9,48,127.670229704021
10,48,62.2313907617955
11,48,54.3436441576349
12,48,63.1285864652552
13,48,70.7322284242281
14,48,113.777879206836
15,48,89.6819270161527
16,48,70.3047843786802
17,48,53.0159319723484
18,48,58.6716037150119
1,49,71.0650165936709
2,49,125.007657739176
3,49,44.0367030904305
4,49,90.3258878682676
5,49,64.0515644821423
6,49,109.616417831643
7,49,52.312852815925
8,49,71.7031919634526
9,49,57.7920188164548
10,49,90.8539432957713
11,49,109.566829242809
12,49,119.551906879739
13,49,82.0304493315123
14,49,116.799679843
15,49,103.876407462582
16,49,71.7489648773273
17,49,77.0045984143959
18,49,60.9199258934645
1,50,71.2624077221454
2,50,92.7980202975186
3,50,85.815053565912
4,50,86.3901824886287
5,50,55.8862637114093
6,50,60.96809205848
7,50,58.3154467710806
8,50,76.8234648327584
9,50,57.7258128475207
10,50,86.3832443001925
11,50,56.8197509472138
12,50,113.995921557078
13,50,84.9257458486709
14,50,63.6275808027421
15,50,71.7577982610102
16,50,65.6065592659812
17,50,74.4086395302287
18,50,80.4234928533797
1,51,60.3227666677318
2,51,60.3819414255219
3,51,82.1355760545992
4,51,109.455469743497
5,51,96.8456821884608
6,51,62.5909888044745
7,51,92.1658798194818
8,51,76.0163010177651
9,51,81.8113273168856
10,51,72.6661884040926
11,51,120.048214064696
12,51,51.0383058361827
13,51,78.4266174649696
14,51,47.7455350208917
15,51,81.6287397094106
16,51,101.096105402427
17,51,104.557125703704
18,51,45.8011581553838
1,52,79.0095514391063
2,52,104.191251920032
3,52,68.6756819281017
4,52,64.5108521834985
5,52,70.6490216656882
6,52,83.496581323041
7,52,87.848455558215
8,52,102.709116040584
9,52,69.4862806393877
10,52,76.8422837976835
11,52,122.525849884326
12,52,84.0131201049471
13,52,80.3359999732916
14,52,50.279938813194
15,52,75.5815174955171
16,52,69.8588398713761
17,52,77.2766950376046
18,52,60.1357321569604
1,53,61.7835503066014
2,53,64.3236767641484
3,53,72.6861314313285
4,53,94.3490938213965
5,53,100.159793210947
6,53,66.5340209716929
7,53,47.5471903058197
8,53,58.5426094376634
9,53,61.2600655070593
10,53,70.926426499791
11,53,61.0741710652255
12,53,115.546434418653
13,53,67.2300144595721
14,53,52.6461561302207
15,53,70.8632072575675
16,53,54.1619766725312
17,53,80.4604891992974
18,53,71.8932921189494
1,54,77.7880327180129
2,54,52.335933990497
3,54,78.2990262754841
4,54,73.4390757046159
5,54,50.8524430979662
6,54,90.665913371675
7,54,88.0207098573535
8,54,126.01415575985
9,54,76.8532062024221
10,54,69.7242864315926
11,54,78.7870094658621
12,54,74.6789513002424
13,54,46.7728056567802
14,54,45.8197200317152
15,54,74.0350362352439
16,54,62.9552705248452
17,54,76.6579570218316
18,54,40.7409504357379
1,55,52.8840195592418
2,55,53.823529838914
3,55,89.4443892538669
4,55,56.8558838152748
5,55,63.7532662530046
6,55,68.8697494045978
7,55,65.7975791593953
8,55,74.4507596725244
9,55,126.331690502969
10,55,57.042023339108
11,55,71.5878765150058
12,55,65.3154705015553
13,55,110.950338864552
14,55,62.5643792724042
15,55,67.5594588974345
16,55,83.5957888824383
17,55,53.7545134170367
18,55,107.537073888524
1,56,80.5568186945309
2,56,53.8129824928414
3,56,82.0100054826642
4,56,68.0478258233129
5,56,79.1729321970158
6,56,74.5033679707681
7,56,96.1602780029952
8,56,51.5836363405488
9,56,65.9820931307149
10,56,64.5925288579296
11,56,55.2544814421292
12,56,57.2673257715091
13,56,68.8495575354237
14,56,73.9862330159092
15,56,43.4080075150538
16,56,93.2566254310407
17,56,80.2755035834237
18,56,125.464448510807
1,57,80.4748605606622
2,57,64.6801803977632
3,57,128.561766122961
4,57,126.3104904531
5,57,51.6605241117124
6,57,81.5350073586082
7,57,64.2993246123366
8,57,79.0653445566157
9,57,77.481748788261
10,57,54.6347366283197
11,57,77.5577311835309
12,57,107.558583730278
13,57,69.4774020208688
14,57,72.8272273758521
15,57,103.288140092221
16,57,89.0181045192873
17,57,50.9382902557271
18,57,74.8378194322881
1,58,109.807648412149
2,58,101.791685916279
3,58,77.8151699502253
4,58,87.2732625848201
5,58,52.2942505982411
6,58,78.6721751870966
7,58,57.2533286970898
8,58,61.6056545925709
9,58,92.7998259308144
10,58,55.5737225152745
11,58,73.649214200287
12,58,81.343925466489
13,58,72.9009318571761
14,58,112.21531768791
15,58,59.4651334404985
16,58,86.8625968031549
17,58,70.7102253417709
18,58,68.4564893847076
1,59,78.3439462332018
2,59,53.3121990465771
3,59,52.05490385568
4,59,59.9774390178225
5,59,117.022651534982
6,59,78.9082438890282
7,59,81.146749687318
8,59,72.6927423443139
9,59,86.0718012251772
10,59,58.0538135587689
11,59,97.0177680713401
12,59,81.0769514383849
13,59,61.1629536114932
14,59,70.9520490432118
15,59,83.8519536893021
16,59,85.8041676513061
17,59,107.520635773982
18,59,59.7199769323044
1,60,92.6302741090752
2,60,91.7150878209461
3,60,65.6517268468896
4,60,59.1468308867159
5,60,56.2440358417863
6,60,76.9797803670241
7,60,76.3290782321911
8,60,112.886870070829
9,60,86.1996970055785
10,60,69.7664718106583
11,60,59.7838092001223
12,60,65.8578111983931
13,60,80.5921234329583
14,60,66.3827904587796
15,60,79.6444100504369
16,60,62.5131325996158
17,60,70.0487221988636
18,60,59.6398019609798
1,61,113.57275211609
2,61,75.0883633087852
3,61,74.8874167453912
4,61,47.6478313058884
5,61,88.4869873877882
6,61,54.8690113023339
7,61,55.3380310278024
8,61,84.6789497923322
9,61,68.0205097046798
10,61,47.4551302274035
11,61,116.555532392636
12,61,38.8399407840989
13,61,78.9093896625628
14,61,88.0714393759194
15,61,64.5336334878719
16,61,83.9581483456615
17,61,86.5889134930826
18,61,95.2300195255728
1,62,79.2680212138763
2,62,65.5569921515225
3,62,94.6977732722686
4,62,91.1585828916472
5,62,55.5821819041364
6,62,53.5912341725566
7,62,79.5639674548733
8,62,68.3186158860622
9,62,58.0668121381544
10,62,78.8623330756639
11,62,56.2178680036467
12,62,77.3424962092429
13,62,58.6424905407692
14,62,95.9822994302919
15,62,128.885903998872
16,62,57.3180449035693
17,62,91.2298346993562
18,62,85.5316523037159
1,63,70.671665939034
2,63,69.2305353241568
3,63,102.893198084664
4,63,45.1571643121074
5,63,59.5449591747796
6,63,49.0570389987387
7,63,105.156315760308
8,63,67.5570127767957
9,63,60.6930757755859
10,63,121.054048017899
11,63,76.275603111931
12,63,65.9298884474969
13,63,73.8859396907802
14,63,50.175426289922
15,63,82.3477936714961
16,63,74.290230163694
17,63,83.8192335015621
18,63,57.8570056455874
1,64,58.5426819038409
2,64,63.685326381402
3,64,59.3259881424989
4,64,96.5668043634477
5,64,107.082960219782
6,64,67.5709065971705
7,64,69.8227263732843
8,64,66.2159107264976
9,64,69.3899032922455
10,64,79.2831968204955
11,64,74.8246224653887
12,64,59.8442245250911
13,64,60.2810332496548
14,64,98.9639170185005
15,64,62.0786314682515
16,64,74.1806461600932
17,64,75.9780823129823
18,64,58.4617369097936
1,65,86.9079891059078
2,65,80.3816453074901
3,65,102.485192323967
4,65,73.4240627811061
5,65,62.9013325852357
6,65,81.7351266714539
7,65,54.6270407527885
8,65,56.8948104853239
9,65,80.8030556333604
10,65,64.2418517960721
11,65,71.1291497596438
12,65,68.0723605318159
13,65,58.6942041634715
14,65,41.8341714639251
15,65,81.2865047609257
16,65,84.7612952881737
17,65,50.5182768688037
18,65,111.198236666705
1,66,78.787464165681
2,66,99.2148643523891
3,66,58.8810420743716
4,66,80.2297309396716
5,66,68.0703480011469
6,66,88.1887788200913
7,66,65.2313421901888
8,66,71.4524119660307
9,66,44.4860743203016
10,66,61.3814790182645
11,66,69.5789457016207
12,66,58.7143673935828
13,66,73.7887523253019
14,66,68.3235482074088
15,66,87.8492231856519
16,66,91.4367526826788
17,66,58.5994147885851
18,66,70.2862793687138
1,67,105.914493856385
2,67,43.2464454186826
3,67,63.6414266912255
4,67,120.858392887119
5,67,122.814003417472
6,67,78.4023033714712
7,67,54.9551203439252
8,67,72.3599237901809
9,67,65.464585631718
10,67,97.5850772500405
11,67,63.8212944959051
12,67,78.2644706988997
13,67,88.8399132461202
14,67,63.8773365644865
15,67,89.2243527298169
16,67,62.5500061206285
17,67,84.5364407979372
18,67,101.496026638477
1,68,53.6353322719819
2,68,90.415853752242
3,68,67.2164474014299
4,68,78.5503624450211
5,68,75.4300333007346
6,68,70.2515429416121
7,68,74.8571907320269
8,68,54.0169750683043
9,68,66.0848851231835
10,68,92.8129023141034
11,68,42.1985179253476
12,68,52.8935677356059
13,68,52.477038200139
14,68,52.6379178506642
15,68,78.6974688993744
16,68,57.3337520055446
17,68,40.6237737679958
18,68,65.7487139961913
1,69,70.4525424754799
2,69,83.5671401977151
3,69,55.5869915705757
4,69,92.538318639017
5,69,84.1993942121162
6,69,79.7271626628434
7,69,54.9205372873872
8,69,112.993399832933
9,69,68.1085067567738
10,69,47.3122564958076
11,69,66.7071161377377
12,69,42.5051235488375
13,69,63.6577188537531
14,69,67.5521097227799
15,69,91.1759089278298
16,69,90.3318385830071
17,69,57.2764606212255
18,69,86.1216511731332
1,70,104.515317410966
2,70,59.6024575559322
3,70,64.7577121840336
4,70,82.4204525523578
5,70,76.7714256726301
6,70,77.5772141954327
7,70,97.6418394105368
8,70,82.4577823850691
9,70,98.2115466534205
10,70,84.6781663272685
11,70,81.5431992340842
12,70,74.1078951513288
13,70,94.3251156519348
14,70,60.0231190330231
15,70,52.281549775823
16,70,80.8349471100559
17,70,75.5109295057188
18,70,74.8422888773512
1,71,83.8659202014762
2,71,88.7040593747778
3,71,63.6261928366969
4,71,63.9726317992408
5,71,76.1698864188903
6,71,88.1903938889719
7,71,82.0197544098693
8,71,109.355883085444
9,71,68.2683319084839
10,71,101.993669582005
11,71,83.9137841448646
12,71,87.0563771868211
13,71,79.8527057448843
14,71,68.5797776627374
15,71,74.5986953652843
16,71,77.4601848712881
17,71,76.0807741014286
18,71,92.9898029559378
1,72,68.8773832084007
2,72,70.3643114067489
3,72,61.8814310902455
4,72,73.8692760400292
5,72,72.5976189574608
6,72,43.0249623508507
7,72,52.6960847787325
8,72,69.134208867676
9,72,70.4825843833803
10,72,54.7287685765649
11,72,43.875197789597
12,72,66.8617414067643
13,72,89.0429781247673
14,72,112.153367361958
15,72,68.9524196517414
16,72,109.62355232792
17,72,72.7980006004193
18,72,72.6519811178209
1,73,81.7149163576675
2,73,60.8481283018307
3,73,75.2931249945036
4,73,91.5050623225929
5,73,56.4945614164394
6,73,67.1159791292882
7,73,55.385373353482
8,73,83.0540010731081
9,73,83.2332241350166
10,73,85.7447124732296
11,73,50.7780566042747
12,73,70.716865484036
13,73,59.3681515587402
14,73,68.5109604061153
15,73,96.3733590962893
16,73,63.1099824533486
17,73,90.7952957437505
18,73,58.3304018887393
1,74,66.6471182895104
2,74,76.296521340449
3,74,64.1424554339995
4,74,46.4239171333208
5,74,99.469444876328
6,74,74.0206920060617
7,74,65.8891599733798
8,74,43.7942183671357
9,74,122.176631781942
10,74,126.6109723701
11,74,81.6739654389562
12,74,87.8427330812383
13,74,97.6605807495283
14,74,61.2492416562571
15,74,62.0885245680825
16,74,48.8095718687516
17,74,60.9257963627419
18,74,82.3547812031871
1,75,68.5484848406653
2,75,70.187556565307
3,75,70.1172046257903
4,75,44.0869801530237
5,75,91.8174774212173
6,75,53.0655812685509
7,75,72.5345100602859
8,75,65.6972851123758
9,75,66.9901052849677
10,75,102.915443087547
11,75,62.0868301250168
12,75,57.9649795626081
13,75,51.4215202203265
14,75,63.7197254949233
15,75,53.1568834274528
16,75,81.9886817260115
17,75,59.2890406588855
18,75,79.3566730780095
1,76,65.3749263776181
2,76,47.7083418160531
3,76,56.8443553684573
4,76,83.9412504068423
5,76,85.1829766134123
6,76,117.787757621692
7,76,69.4710439640686
8,76,52.8832302988777
9,76,58.1283101823365
10,76,80.1375509305992
11,76,117.686645624813
12,76,71.0028311865326
13,76,100.486955223464
14,76,86.777356017814
15,76,52.6789073398744
16,76,67.7315293734222
17,76,94.8685677979031
18,76,91.0038827926587
1,77,77.2429550547432
2,77,77.8478945239074
3,77,63.0473943895966
4,77,50.4059654662133
5,77,98.1631817393086
6,77,52.3715329129524
7,77,59.4513086865913
8,77,88.6096058233609
9,77,52.5723137100361
10,77,67.739781766708
11,77,50.8073284288027
12,77,85.8668670010589
13,77,80.5817104857256
14,77,78.8462134148405
15,77,85.378940349535
16,77,78.1394127515592
17,77,89.5622502991254
18,77,43.0951078797897
1,78,67.2539323153792
2,78,78.6782508687172
3,78,81.1888231934826
4,78,52.4428904814213
5,78,68.9752813917076
6,78,57.4810422566229
7,78,93.0615956044332
8,78,97.3726911290781
9,78,87.5014097404159
10,78,56.4065275222748
11,78,83.0167302003484
12,78,95.6091209029648
13,78,70.858925431189
14,78,60.9867794452802
15,78,53.7338377242223
16,78,59.4799795986962
17,78,81.0067191086247
18,78,65.4530043559751
1,79,73.9987542628304
2,79,103.19536311328
3,79,84.2082215828466
4,79,107.715999714507
5,79,45.2707155824343
6,79,72.2930070595959
7,79,76.2177410785003
8,79,88.7183982855103
9,79,55.6585245171995
10,79,84.080617663609
11,79,74.7544944235759
12,79,80.0652212114026
13,79,83.2938316737393
14,79,68.7747192483571
15,79,94.549505693061
16,79,83.0667045345638
17,79,73.686214105788
18,79,94.632361923117
1,80,77.0975549394715
2,80,90.8081439642064
3,80,62.6137696819071
4,80,100.490002905716
5,80,72.2702984879992
6,80,95.4972772310265
7,80,75.2960442610561
8,80,67.3068495473128
9,80,92.5957868970895
10,80,48.0967546263802
11,80,85.134058907592
12,80,83.4315017304411
13,80,40.669702616749
14,80,78.1372815111278
15,80,43.8839518752108
16,80,89.7420298823835
17,80,66.5942353098797
18,80,61.5768757719803
1,81,68.9166189929695
2,81,103.047765578337
3,81,58.2233242312359
4,81,83.2108236625898
5,81,81.6861211951109
6,81,56.6193097695715
7,81,44.6818953408442
8,81,44.4853079178016
9,81,83.1008447338483
10,81,69.7108976079441
11,81,115.461963536687
12,81,86.3772089884625
13,81,92.0670651498651
14,81,94.9206165550692
15,81,65.0886621328901
16,81,85.7931573519118
17,81,86.2800773179963
18,81,104.587703841311
1,82,91.7096866962537
2,82,76.1022130120954
3,82,62.7921666312511
4,82,89.8515609125909
5,82,85.739472679243
6,82,81.0019475424224
7,82,75.0728855850665
8,82,72.8506501150518
9,82,75.6590184389662
10,82,81.4058791888215
11,82,75.5454950632642
12,82,59.1363596770094
13,82,69.7143510398259
14,82,49.5109701644288
15,82,59.438889479284
16,82,69.1474324094922
17,82,46.7603219705507
18,82,49.8498491863756
1,83,94.5606216402145
2,83,67.7589219153124
3,83,48.7221241029102
4,83,74.0768490468332
5,83,103.900543280217
6,83,80.5988784114094
7,83,84.8513022819293
8,83,101.226456469937
9,83,64.562803457625
10,83,81.1313337644688
11,83,65.2964632825749
12,83,71.8713923088907
13,83,125.809153469957
14,83,96.3263292011715
15,83,81.4504133329814
16,83,51.6742248690382
17,83,64.3761439329185
18,83,131.287058537811
1,84,54.293197332859
2,84,80.0145213764958
3,84,96.6306473587751
4,84,89.0579551314067
5,84,96.6480028869851
6,84,69.2558663251796
7,84,63.33594413102
8,84,72.2179764949811
9,84,58.0578107821507
10,84,81.3561720231496
11,84,98.0605395286956
12,84,122.73040573648
13,84,80.4139608459988
14,84,58.2516377107586
15,84,92.2008283119836
16,84,91.7850958089123
17,84,68.149832606958
18,84,53.1110161478855
1,85,91.760401470107
2,85,91.7749543360451
3,85,66.9066993075126
4,85,81.8384700927472
5,85,63.315485349858
6,85,84.3000391498502
7,85,69.875093668682
8,85,63.9089891945854
9,85,76.899222165249
10,85,63.129348551117
11,85,65.0931522046516
12,85,66.6913308673595
13,85,74.9694156795869
14,85,71.1093779891291
15,85,98.5090371659442
16,85,51.6998709376242
17,85,70.7000105847626
18,85,81.3122631620241
1,86,116.768628968145
2,86,82.8649802354684
3,86,76.6162499133415
4,86,66.6476301612534
5,86,79.3517518443846
6,86,89.0733704062273
7,86,68.2713342301212
8,86,72.729456592336
9,86,81.3793545261625
10,86,86.4607915304825
11,86,88.9853028130301
12,86,80.848396212038
13,86,69.6389871558264
14,86,102.711377601502
15,86,77.5763262740416
16,86,103.153476188617
17,86,67.015376442011
18,86,83.4637562126126
1,87,50.7733876754444
2,87,75.5886939809076
3,87,77.2017504691239
4,87,56.9175636393826
5,87,56.5474353314339
6,87,90.1103912013362
7,87,89.3010684542387
8,87,51.6856241272657
9,87,82.6909325478666
10,87,53.8007831266452
11,87,55.4626724872487
12,87,88.3914281918787
13,87,64.1495859066563
14,87,89.9983305482885
15,87,76.7280925438915
16,87,79.4676726497705
17,87,64.046755314238
18,87,52.3688061381526
1,88,85.7834385733699
2,88,81.4209302525473
3,88,64.602184358863
4,88,77.8107550616578
5,88,97.0328682496574
6,88,57.2137504811469
7,88,63.1314439055808
8,88,61.2933617627088
9,88,46.1334545884862
10,88,91.8130747707921
11,88,71.0209128660452
12,88,75.7178957403416
13,88,69.4248678601462
14,88,64.2278691621562
15,88,60.8619812183417
16,88,84.0233012549622
17,88,49.0927054500812
18,88,76.2891084962008
1,89,62.689553853469
2,89,79.2760894366113
3,89,61.8955557739828
4,89,63.0369233156475
5,89,110.539631352322
6,89,83.6229412492066
7,89,45.054723532471
8,89,79.1321908801471
9,89,66.5765828516993
10,89,55.9332988688473
11,89,74.5999480582309
12,89,70.4516746348482
13,89,68.0196121701125
14,89,111.843425344773
15,89,43.619201944614
16,89,86.4376449266357
17,89,69.1392931325435
18,89,80.6426161264677
1,90,62.835638064929
2,90,65.8569842945163
3,90,50.1285552244284
4,90,64.5919985442867
5,90,136.243483478602
6,90,87.4667460808027
7,90,110.824833259096
8,90,90.3520675190034
9,90,96.7246805914482
10,90,93.480012030932
11,90,81.2252974270766
12,90,67.5629115024111
13,90,68.3436489438657
14,90,48.5668657520044
15,90,73.7346526077153
16,90,88.3984850872145
17,90,92.5141651338701
18,90,71.5003030942544
1,91,59.1454983963845
2,91,120.419459105572
3,91,81.3994819818641
4,91,106.479781895032
5,91,66.6905387182018
6,91,75.6681174603572
7,91,82.0029230296424
8,91,104.23095031458
9,91,68.47221485097
10,91,94.4648027864411
11,91,45.6097012818138
12,91,64.3292820613916
13,91,52.5685647021516
14,91,97.3318856066696
15,91,73.7542448234271
16,91,69.8653268941825
17,91,96.6239172088615
18,91,91.9648391540529
1,92,55.2329107251587
2,92,84.0890675875262
3,92,50.9522058687644
4,92,67.8507061890814
5,92,111.759735901494
6,92,109.905031850732
7,92,94.6669980418698
8,92,67.3098755248567
9,92,47.9698304873791
10,92,57.6204042234965
11,92,90.1903212360861
12,92,63.8591836268713
13,92,41.6654518539396
14,92,71.8178196322561
15,92,100.208756147454
16,92,83.5377816665899
17,92,55.5723351680434
18,92,50.1384212717585
1,93,56.2633023822325
2,93,77.3710872375873
3,93,84.6472627783519
4,93,47.2882093455208
5,93,97.9030290371259
6,93,67.9546397075832
7,93,80.7686450227787
8,93,49.6953613407637
9,93,64.3898325904048
10,93,64.2808218765616
11,93,99.4875404178039
12,93,91.8054601383801
13,93,79.9028455368649
14,93,103.954647977966
15,93,65.1951317739641
16,93,93.7059969648573
17,93,67.3051758661963
18,93,64.0253350984848
1,94,87.0978930276992
2,94,103.887588201683
3,94,90.2349436191748
4,94,65.4904400875304
5,94,65.9742020550217
6,94,98.3790552682825
7,94,76.0473646690686
8,94,89.3888873939655
9,94,71.7502874118147
10,94,96.2614983055769
11,94,58.2438084233013
12,94,78.947601566012
13,94,59.859073783144
14,94,41.9168857343549
15,94,54.3313594213877
16,94,80.0337286592702
17,94,89.91272797349
18,94,44.7087542971384
1,95,51.8296578141054
2,95,117.503654120892
3,95,68.7563729590931
4,95,86.2306382955843
5,95,68.0957630717001
6,95,69.11048541267
7,95,74.1283452810907
8,95,69.6230573730261
9,95,71.5111511208949
10,95,61.0083791069158
11,95,41.1110613862683
12,95,121.509637592791
13,95,117.766295406611
14,95,57.4040825748165
15,95,66.0246555332366
16,95,102.841699310741
17,95,99.1201929403683
18,95,100.704636058122
1,96,54.2423857547963
2,96,121.159512649955
3,96,51.8430482577263
4,96,91.9609427725951
5,96,73.7500927337415
6,96,70.1478486027478
7,96,66.8703593089204
8,96,57.2778765405679
9,96,114.661087101
10,96,70.1286618649243
11,96,80.9635129634264
12,96,75.1416279052295
13,96,66.9231793801451
14,96,53.753757175758
15,96,72.6706836759063
16,96,45.5321981181527
17,96,49.2779868529102
18,96,57.2606560810962
1,97,55.4553483200006
2,97,71.3664949519714
3,97,114.713163297636
4,97,49.9708278968435
5,97,75.3189630781424
6,97,96.0897138953432
7,97,60.2497944558637
8,97,72.8214617101626
9,97,86.1977370852459
10,97,71.3745216300448
11,97,73.3939404052106
12,97,82.2941305247615
13,97,67.8131956549757
14,97,67.8242256539487
15,97,70.8765475452897
16,97,106.581301042104
17,97,85.1415528633035
18,97,54.1106814065562
1,98,56.215692511189
2,98,69.3297664519012
3,98,106.537808013607
4,98,76.5721915942889
5,98,65.5178515459384
6,98,94.2215958431031
7,98,73.2972374485575
8,98,56.388529961461
9,98,86.7598033699476
10,98,105.184783652496
11,98,85.3445192244737
12,98,75.0806900023244
13,98,61.5439166720788
14,98,88.6647605437139
15,98,57.5652518411012
16,98,45.3291073542722
17,98,68.4827418956659
18,98,72.0511274450338
1,99,127.600908657995
2,99,57.9695175615835
3,99,80.0120246438968
4,99,86.4045892727729
5,99,96.5561800646487
6,99,76.7725714453884
7,99,62.2561015426061
8,99,72.9819806141949
9,99,110.47349817434
10,99,82.9120041491772
11,99,42.8487141234726
12,99,102.028632832734
13,99,79.5675656950565
14,99,69.5718603625313
15,99,73.9862676669976
16,99,69.8272023152824
17,99,73.59487167436
18,99,62.2363098203095
1,100,80.1293353077143
2,100,58.9570239522785
3,100,72.2792057586867
4,100,89.1926897141352
5,100,87.7623495205421
6,100,91.6309339760958
7,100,57.2356153144181
8,100,77.3365520184704
9,100,81.2967438479373
10,100,52.3722831984912
11,100,107.708235719732
12,100,59.3093839354905
13,100,74.160423656634
14,100,73.6068626394416
15,100,76.434604735591
16,100,73.6409326065377
17,100,82.1981485728834
18,100,56.7091270282493
1,101,50.5550832771952
2,101,65.120611571917
3,101,68.7547290199248
4,101,100.993048440667
5,101,108.620268165842
6,101,73.4728202376713
7,101,84.896336878843
8,101,69.3459542398653
9,101,77.3689493356456
10,101,51.8638284124009
11,101,75.3714824350376
12,101,64.7457669778353
13,101,82.1933629663827
14,101,68.6729097153373
15,101,61.7583959075507
16,101,68.6038216708947
17,101,67.6479573748448
18,101,94.0953031520107
1,102,77.6114147124547
2,102,74.9861344346322
3,102,57.6490095497118
4,102,103.086985089421
5,102,71.4145469222298
6,102,62.2149261568743
7,102,78.8080961014666
8,102,94.6990707584082
9,102,48.532956289037
10,102,115.506565472464
11,102,72.2057758568113
12,102,99.0990490361733
13,102,77.8522599066115
14,102,67.0811730883434
15,102,49.4559706638822
16,102,53.3497085120414
17,102,67.0840868176127
18,102,86.5006652466253
1,103,47.1385959318037
2,103,98.7603302195542
3,103,108.562703778977
4,103,57.3168317591104
5,103,79.6362245715903
6,103,56.4422107662289
7,103,69.6768758552225
8,103,94.6672695796462
9,103,89.541426653054
10,103,55.0558416995713
11,103,67.5539800308025
12,103,55.1980598256748
13,103,81.7394683134367
14,103,48.3613971208962
15,103,43.7555091361343
16,103,109.082204500836
17,103,125.442344024044
18,103,61.0986249327005
1,104,88.4052049765847
2,104,73.3992584137093
3,104,111.296318605986
4,104,81.1818576686882
5,104,78.2108703369916
6,104,49.9724799171107
7,104,95.5368566887128
8,104,68.6151486981955
9,104,48.6888253773032
10,104,72.8780193512306
11,104,70.5130605661186
12,104,90.2391410502656
13,104,54.096786221295
14,104,67.0376822966204
15,104,104.205689493397
16,104,103.56042979542
17,104,93.3633714269379
18,104,113.702959038035
1,105,73.5986978240363
2,105,61.9561061160516
3,105,80.0102153288382
4,105,99.8519259255227
5,105,127.688081489387
6,105,42.8039984649078
7,105,82.3048316090903
8,105,83.3378851527817
9,105,75.3852153659439
10,105,47.2802050491785
11,105,85.2550720591478
12,105,57.9907208804867
13,105,76.8192231066509
14,105,94.2911208747474
15,105,94.9470225623548
16,105,49.0650648890113
17,105,92.0956688173526
18,105,61.4040581851634
1,106,53.5107697439445
2,106,107.023957893337
3,106,92.5844068380747
4,106,70.8685634672111
5,106,93.3940229121235
6,106,59.5115094518247
7,106,69.0074493624993
8,106,74.3853172297947
9,106,64.1353021921813
10,106,87.3038692303858
11,106,104.670716576201
12,106,62.9835364876522
13,106,68.5757675248071
14,106,113.873682617734
15,106,67.7276643643971
16,106,41.6428424462579
17,106,83.438518696153
18,106,60.5667407349519
1,107,58.2146736522653
2,107,104.272377126326
3,107,120.949740907865
4,107,57.0365381764127
5,107,94.5095331274202
6,107,72.3744435129758
7,107,76.5614498278783
8,107,91.894644731058
9,107,71.9169945324766
10,107,60.7380090054585
11,107,67.94785334887
12,107,81.483840494192
13,107,43.0264560461974
14,107,94.6171243430447
15,107,53.2249290055376
16,107,73.0792743447351
17,107,70.0447902505386
18,107,97.717090140278
1,108,76.3097655416512
2,108,69.959724565064
3,108,86.5796241909426
4,108,63.4404642457256
5,108,69.6075027542114
6,108,95.8389638219587
7,108,80.0298109639617
8,108,49.8236729892405
9,108,79.3358026423394
10,108,49.5282483666255
11,108,62.6089222878034
12,108,101.784217113507
13,108,40.8039800709971
14,108,48.9689582612574
15,108,99.970475884238
16,108,57.8636819605562
17,108,91.4573843855441
18,108,71.4854192840071
1,109,75.6234037711969
2,109,92.8210192130886
3,109,58.8328723436805
4,109,69.0409574495779
5,109,68.9370372749393
6,109,124.763002478196
7,109,71.0362618431606
8,109,84.6151998470942
9,109,64.1676853039637
10,109,66.2768718140955
11,109,102.008978779425
12,109,66.7199289683779
13,109,71.7279269878099
14,109,82.8083710346205
15,109,66.0269329272905
16,109,111.086263741522
17,109,55.0454236616848
18,109,114.019067975716
1,110,63.2161289783502
2,110,96.8416672266258
3,110,44.0121192067878
4,110,89.8083579113129
5,110,87.3553596873495
6,110,49.9265618938298
7,110,64.1213134513926
8,110,76.9447379472634
9,110,92.0751808228493
10,110,63.6642645255354
11,110,68.5339541768887
12,110,107.043890723947
13,110,57.5822387317888
14,110,93.4181388077333
15,110,76.9168890393732
16,110,54.1845441569391
17,110,65.8461519175956
18,110,83.9591916062697
1,111,80.0021068656262
2,111,102.088435127958
3,111,59.5962409724245
4,111,45.9502097738686
5,111,96.0799362279686
6,111,59.4674969356785
7,111,73.9440651262606
8,111,109.500741542405
9,111,69.6295486112037
10,111,102.050548039599
11,111,55.4401433228307
12,111,86.6070020522784
13,111,81.1517505356348
14,111,57.8109118947545
15,111,50.1569395404188
16,111,78.2524873170596
17,111,75.1224989822967
18,111,80.5751434150841
1,112,81.6319207502093
2,112,64.5435073397019
3,112,61.0820657800915
4,112,73.0637121971534
5,112,60.5436294785619
6,112,97.8961868611521
7,112,75.7568118904495
8,112,63.6777005245863
9,112,46.5662943452292
10,112,58.2280833973945
11,112,110.881161697078
12,112,60.9257098976769
13,112,62.3629693704012
14,112,82.3176573363174
15,112,82.0540142758871
16,112,88.5885843367427
17,112,72.7728822565428
18,112,91.1975416250365
1,113,56.7101970614119
2,113,69.1848494617327
3,113,59.7756135577714
4,113,79.623076688323
5,113,80.3926934631536
6,113,94.2876504931282
7,113,128.293942121278
8,113,71.9430311771109
9,113,60.2999019693895
10,113,57.4144191164494
11,113,69.9809732298981
12,113,72.279014234699
13,113,116.392650250495
14,113,57.1187727186837
15,113,56.3751039398848
16,113,66.5921146499262
17,113,84.911133078191
18,113,85.1753866728749
1,114,55.0169643678985
2,114,77.5230756985377
3,114,73.1118895526336
4,114,103.425661523886
5,114,100.920147930984
6,114,69.7742557504302
7,114,72.8274913424835
8,114,81.180026474639
9,114,48.2450908318996
10,114,69.9790578142909
11,114,88.602789726971
12,114,67.7867917163406
13,114,74.9027161905514
14,114,69.2104462427786
15,114,57.0573673822149
16,114,56.958253090586
17,114,70.1636558968841
18,114,62.9617757267971
1,115,94.7550619036478
2,115,100.226293034337
3,115,76.8834675589207
4,115,75.7916845956497
5,115,73.1429615973032
6,115,87.5414500176885
7,115,79.5701930425877
8,115,78.9013962307091
9,115,89.9489992068788
10,115,60.118720103248
11,115,105.010225605177
12,115,82.9457753499744
13,115,72.3542581026969
14,115,59.00336435244
15,115,68.0975892302408
16,115,76.9575896850425
17,115,46.1508420411334
18,115,66.7563254315197
1,116,79.3118439467355
2,116,71.7154129495004
3,116,60.7863734043279
4,116,61.4278470129433
5,116,78.8102514521242
6,116,50.8003903931602
7,116,90.0748356708483
8,116,42.3277891269976
9,116,68.6609420963793
10,116,56.18010512591
11,116,51.0418920140453
12,116,57.5716851701713
13,116,79.7726576136593
14,116,66.6459845290638
15,116,67.2449476355016
16,116,42.273086840822
17,116,51.9620477880271
18,116,75.388591046819
1,117,60.2758690203089
2,117,58.3441713392829
3,117,89.0915594928808
4,117,73.6945153846733
5,117,53.1615275868923
6,117,60.4818238715768
7,117,66.0026210159907
8,117,63.7994713515415
9,117,61.3601284897265
10,117,70.9253443235803
11,117,87.2847704104942
12,117,72.0352692665975
13,117,70.5516116941096
14,117,78.1828784190042
15,117,87.1719139560569
16,117,74.9512863905509
17,117,83.3047204295085
18,117,56.8064861803556
1,118,65.1932724489748
2,118,62.8633859327718
3,118,80.3576707293046
4,118,83.123575698609
5,118,72.7930078562727
6,118,58.4805067335484
7,118,55.6157257794726
8,118,77.7124957848241
9,118,101.322250045726
10,118,57.656009538722
11,118,68.7326444622484
12,118,73.3840209060483
13,118,65.4897273393653
14,118,78.5438349657981
15,118,76.3178639594044
16,118,61.6373123325156
17,118,85.9898342801514
18,118,85.6368442052184
1,119,98.1085860482595
2,119,92.0995623702264
3,119,67.5406916624154
4,119,65.1848305908676
5,119,76.7339537671232
6,119,89.9455366200034
7,119,63.7285906279252
8,119,64.469091067387
9,119,59.3287194892822
10,119,98.8799328328581
11,119,42.3901347395085
12,119,70.4311212492181
13,119,73.0786176588316
14,119,58.7511513457397
15,119,85.1242928648702
16,119,45.2341684253897
17,119,94.3163546206738
18,119,46.353316764932
1,120,41.74020297821
2,120,56.5105632657169
3,120,71.8375366129536
4,120,58.5059246204678
5,120,61.4796288333218
6,120,77.5404679059132
7,120,57.3307323896909
8,120,73.3235286735144
9,120,79.974320371498
10,120,115.246702925195
11,120,83.9648994038504
12,120,104.792727161492
13,120,79.6132580199674
14,120,70.5789874059769
15,120,41.8224501102702
16,120,56.5421469784799
17,120,64.7061531435333
18,120,85.1858980073287
1,121,71.7930543956826
2,121,78.4619464324588
3,121,57.2313077266335
4,121,70.0217616609576
5,121,77.631481842542
6,121,71.3929105907682
7,121,69.8337615084826
8,121,66.1467587289061
9,121,82.4121038148928
10,121,70.6389777110695
11,121,68.2920679039947
12,121,45.0016068522878
13,121,58.9660564228924
14,121,50.1357104780731
15,121,51.536678375564
16,121,60.3316676465841
17,121,68.1676461873399
18,121,81.7064334435475
1,122,88.4508855036425
2,122,84.3651627338052
3,122,99.0748447524741
4,122,65.4754640007547
5,122,62.7100357536917
6,122,94.105523706942
7,122,74.986767927124
8,122,45.1021027651318
9,122,62.1569827997183
10,122,96.0964073530138
11,122,60.5725567256805
12,122,81.6061293809886
13,122,74.7514732700543
14,122,61.4228680066866
15,122,68.4051542345417
16,122,84.8861554222992
17,122,80.3479224017355
18,122,102.021477404684
1,123,71.1147416771565
2,123,58.8898784822666
3,123,74.6315919193439
4,123,81.6461312059602
5,123,132.208339652458
6,123,66.9979262451216
7,123,69.9565883355937
8,123,83.8038484746188
9,123,94.5337495550267
10,123,62.8536318087159
11,123,80.2578351988767
12,123,65.2847059211127
13,123,58.1070621108367
14,123,81.9174534296261
15,123,73.4445641841218
16,123,81.878469162868
17,123,60.0933533360822
18,123,106.000981468527
1,124,85.8314008157454
2,124,62.6082447258366
3,124,81.1621992250449
4,124,55.253802082064
5,124,70.9615606091603
6,124,99.2963446572665
7,124,67.1132863834092
8,124,92.3771425500293
9,124,72.1698949838999
10,124,38.969450706098
11,124,62.8918444578331
12,124,71.462348415185
13,124,98.4762141726282
14,124,61.4127586428933
15,124,81.6951400221934
16,124,54.9325821492353
17,124,59.2402042807464
18,124,63.3244895119842
1,125,100.898698489223
2,125,93.2532245785143
3,125,81.8396648157357
4,125,94.8037185025105
5,125,69.7662674467899
6,125,84.1977009258098
7,125,71.239788947452
8,125,60.1649420649029
9,125,57.3890869063457
10,125,75.2185507312742
11,125,71.7520866470629
12,125,71.7902768417739
13,125,60.5385965413336
14,125,46.1179015020975
15,125,79.7171006155424
16,125,70.4145865632416
17,125,80.6616707329464
18,125,48.471937857417
1,126,57.507885575172
2,126,75.7199147357517
3,126,51.4749269953814
4,126,46.6559536406286
5,126,85.7398213917026
6,126,87.0107868043317
7,126,57.601501297694
8,126,66.5015837652708
9,126,51.726156090178
10,126,83.9333638035983
11,126,74.1311345075473
12,126,61.9542624190183
13,126,59.9318469217969
14,126,53.1816589316309
15,126,82.9051916289777
16,126,77.7301852602163
17,126,75.7878514386774
18,126,62.6410249032016
1,127,44.8061523875824
2,127,79.8146086967248
3,127,67.0850801636366
4,127,70.0631887910392
5,127,89.6219179570571
6,127,54.59569433133
7,127,101.486211755456
8,127,70.1170862047477
9,127,65.0547606229386
10,127,68.7008357124965
11,127,79.1922550777222
12,127,64.6700061662529
13,127,57.2695127777684
14,127,71.7762888619453
15,127,40.575442261313
16,127,64.3022216486958
17,127,81.5176768341154
18,127,66.4722471784751
1,128,86.3756330755633
2,128,77.2093184875192
3,128,86.409475281499
4,128,85.7806280743937
5,128,45.8365312332266
6,128,76.9745179698893
7,128,103.244609055283
8,128,63.982660432072
9,128,85.6157192805057
10,128,72.4395948820564
11,128,80.7163221975422
12,128,71.7452739569943
13,128,63.194375111734
14,128,77.7796522417744
15,128,76.2068577782135
16,128,73.4468550600813
17,128,69.7726805670265
18,128,81.7201933373139
1,129,62.1635947301121
2,129,91.561148801438
3,129,125.152784274738
4,129,106.560359549117
5,129,69.043874956549
6,129,45.5674451867883
7,129,74.1574686000107
8,129,83.5864194914877
9,129,86.1495680866879
10,129,55.0323377651737
11,129,56.3860519135943
12,129,78.5319777742075
13,129,79.9657641662803
14,129,91.9385360144416
15,129,84.8064671516655
16,129,58.2171491008242
17,129,54.3750388395198
18,129,44.8214888751836
1,130,80.6238795785322
2,130,91.3937976741656
3,130,78.5679782667465
4,130,54.0668500084683
5,130,105.601862996363
6,130,62.4435034697455
7,130,107.991471487442
8,130,83.7413276523689
9,130,90.3426193199143
10,130,75.4950345394402
11,130,72.9741551181809
12,130,58.6554815337115
13,130,66.024647826436
14,130,67.466687042853
15,130,73.3552146506641
16,130,76.7456811127772
17,130,73.9448274950411
18,130,80.6113952220978
1,131,65.4051630641159
2,131,60.6924108227323
3,131,54.1010211188273
4,131,94.6652604414278
5,131,70.0369355864946
6,131,66.8738902869058
7,131,61.3302664997809
8,131,67.1396891625109
9,131,55.5474543681621
10,131,56.0914101410872
11,131,47.4944287300222
12,131,96.5193658389365
13,131,72.609961681816
14,131,57.2961052288927
15,131,96.3338572508101
16,131,79.3092806515492
17,131,81.2478517718175
18,131,66.2340783773723
1,132,62.9636590877725
2,132,70.2020143218764
3,132,80.7663090177027
4,132,90.9650354074432
5,132,102.870741038959
6,132,67.9180889488145
7,132,56.6979730675582
8,132,71.9606264238704
9,132,125.920013572913
10,132,67.0760065101956
11,132,99.1134251311161
12,132,69.245626409995
13,132,68.264348558003
14,132,60.4039264647482
15,132,66.1480677888594
16,132,107.774112639837
17,132,76.8630052195941
18,132,78.8464637709636
1,133,94.53057544501
2,133,119.529786517802
3,133,81.605973978324
4,133,54.7218342813714
5,133,55.5727442166369
6,133,45.9622812701118
7,133,44.197061639485
8,133,97.6515525997483
9,133,69.0073079338872
10,133,75.8598997444792
11,133,97.6728550046744
12,133,66.9373535696896
13,133,67.2659709280334
14,133,81.5387051143009
15,133,77.5172197158383
16,133,56.0188799205187
17,133,83.7561555259806
18,133,82.6332417197736
1,134,71.9521278420253
2,134,57.9099828130615
3,134,81.2284102332743
4,134,103.41893232558
5,134,103.710788539083
6,134,95.0014819583668
7,134,66.8278488021307
8,134,64.9251142038647
9,134,60.552491272382
10,134,69.7336542018842
11,134,90.09146477479
12,134,75.2760129120343
13,134,44.5441711837612
14,134,47.3633985264233
15,134,74.7498109295475
16,134,75.013334535211
17,134,43.7325245848766
18,134,61.1504799329349
1,135,69.6271451513335
2,135,96.34225808999
3,135,46.9848543406208
4,135,50.5518646236276
5,135,54.4448912645705
6,135,75.1439183582484
7,135,80.080954453875
8,135,65.7105625927996
9,135,49.7517350376387
10,135,65.3556511855785
11,135,61.9586770769727
12,135,68.0443580019752
13,135,109.370110773803
14,135,61.6659518922078
15,135,69.8981714882014
16,135,64.3240286613889
17,135,53.4090302209258
18,135,87.8679071970666
1,136,58.7531003753034
2,136,127.23513083964
3,136,69.1657481908103
4,136,76.3517090350549
5,136,67.1000287704492
6,136,114.177353340368
7,136,80.7607315327512
8,136,70.1392420640784
9,136,51.3051910251129
10,136,58.9428712198917
11,136,61.5113644709147
12,136,94.0045496773849
13,136,66.056500662942
14,136,56.6682312142879
15,136,81.9478423225346
16,136,105.547611609499
17,136,59.3358790666991
18,136,61.0988917923412
1,137,77.3199390464603
2,137,73.4532310339825
3,137,83.7334671307656
4,137,107.615255101115
5,137,67.8847144487291
6,137,70.5912208322588
7,137,86.2113199167416
8,137,76.8756127365691
9,137,86.5311848328083
10,137,66.4257098868299
11,137,82.597013270197
12,137,49.4155967506803
13,137,69.7692226459195
14,137,65.1311400753136
15,137,58.1967388554437
16,137,62.9316880051653
17,137,78.8138448986167
18,137,72.6318262344787
1,138,80.2457192448932
2,138,86.060173105698
3,138,87.8347633024426
4,138,62.8305825728906
5,138,49.1070037861387
6,138,64.7384180936081
7,138,94.8353727160323
8,138,71.4883444385702
9,138,47.7401827551832
10,138,81.8313142843206
11,138,80.6632563606117
12,138,62.8365404784066
13,138,79.5657536958884
14,138,98.697270427865
15,138,95.7953453405023
16,138,63.3126633555285
17,138,75.9267550430003
18,138,49.3057170433766
1,139,64.6501034680821
2,139,112.301058852629
3,139,100.262398294996
4,139,70.0186104429975
5,139,59.3231278013732
6,139,53.7586676004646
7,139,125.945685620333
8,139,72.1959162539636
9,139,63.6119089860526
10,139,100.048264200599
11,139,57.3627222581583
12,139,90.9900366611667
13,139,109.306867997316
14,139,67.0515209382694
15,139,105.582828746114
16,139,80.5575808729738
17,139,64.8072853950202
18,139,85.5518594491788
1,140,63.3458221164017
2,140,62.1753918058183
3,140,89.8237866040534
4,140,64.449930121535
5,140,73.8333009499728
6,140,96.8891596660911
7,140,57.4160460071024
8,140,107.43707973916
9,140,113.389618317057
10,140,81.5814033525146
11,140,76.2984196281172
12,140,62.028840494555
13,140,84.5125434308845
14,140,65.5499360977109
15,140,77.4261944962037
16,140,62.7449140777486
17,140,88.3809865069951
18,140,83.863186000654
1,141,102.081636699735
2,141,119.816181319572
3,141,64.6102862178948
4,141,87.6411946413739
5,141,50.6764520824831
6,141,69.3995045565947
7,141,89.8101371759946
8,141,57.0980041845877
9,141,79.3867347808515
10,141,62.2262455514382
11,141,69.8622012523222
12,141,72.497508007987
13,141,64.1611566939707
14,141,45.3699964801076
15,141,81.8134486195642
16,141,76.7845588542246
17,141,75.1174523039301
18,141,67.2002346730629
1,142,95.2320258967756
2,142,99.8441126064551
3,142,43.191964244966
4,142,90.7259041401047
5,142,48.7927272549275
6,142,69.3717055784359
7,142,56.8494234350036
8,142,66.0656171319832
9,142,98.448416418981
10,142,88.1917971004098
11,142,81.4340649102829
12,142,42.0111140004849
13,142,77.2381014731572
14,142,80.4749897813303
15,142,89.8197695897875
16,142,56.7064172714897
17,142,95.5385848430996
18,142,52.3139242779607
1,143,110.108076191577
2,143,57.2589062262453
3,143,87.1577468554074
4,143,75.504715841178
5,143,54.6806900709855
6,143,100.993234484693
7,143,72.7121515596581
8,143,87.808217146747
9,143,76.3470114823059
10,143,94.033003505285
11,143,67.9404113965601
12,143,92.6484826643859
13,143,62.7827633778505
14,143,86.4466954658457
15,143,79.3558910199198
16,143,89.6132098364854
17,143,61.6024003312056
18,143,75.4032942829957
1,144,59.669028191341
2,144,84.5029015922433
3,144,58.0361182396003
4,144,103.908801519802
5,144,86.2973644393364
6,144,75.182754572667
7,144,100.790896773505
8,144,67.1072589552343
9,144,88.8674116871868
10,144,78.3917255368142
11,144,80.3726241097576
12,144,63.4988132658476
13,144,57.0258150019892
14,144,50.5923331376808
15,144,65.3998750211729
16,144,84.3593845397659
17,144,69.0628477478439
18,144,56.6275759108104
1,145,124.850053011554
2,145,81.2782097906462
3,145,111.367332370252
4,145,102.343800542362
5,145,62.5035730582362
6,145,68.4161956243022
7,145,53.6205628945933
8,145,84.4523654607623
9,145,103.520908529481
10,145,59.1711151163222
11,145,53.3414719681191
12,145,95.0371090168452
13,145,47.632543911835
14,145,110.128495273185
15,145,85.1760949100055
16,145,45.8142122956566
17,145,81.1048632627596
18,145,74.7071747852159
1,146,42.7774116874049
2,146,70.2763050532119
3,146,59.5335846891206
4,146,57.8110747060971
5,146,77.5039989714473
6,146,92.4364153952347
7,146,105.286690335046
8,146,41.8555520627417
9,146,87.0557431290676
10,146,61.3374994563944
11,146,101.89004049263
12,146,75.1134332435782
13,146,100.328579339945
14,146,52.2019054557603
15,146,85.0608376337321
16,146,78.2029379409096
17,146,90.0381399701716
18,146,65.43882118353
1,147,93.393752904923
2,147,61.0002114285627
3,147,67.1154998726172
4,147,75.7392234103462
5,147,54.077255246476
6,147,64.7768492143599
7,147,88.9094304186776
8,147,102.22704621204
9,147,100.675540810034
10,147,66.6736122838023
11,147,80.1231398338926
12,147,74.0400387445878
13,147,51.8867704491073
14,147,82.3299236795131
15,147,55.4553416279879
16,147,53.6148930676484
17,147,92.54985001969
18,147,63.877958378481
1,148,75.249207584467
2,148,55.4446880584732
3,148,74.5641615718108
4,148,76.8787274152067
5,148,85.6852717409844
6,148,59.0881492728735
7,148,104.139758406972
8,148,97.061697808298
9,148,76.6196499851485
10,148,76.6940503727894
11,148,72.6151032351862
12,148,79.710543988969
13,148,74.4030100945471
14,148,76.8501384692779
15,148,81.8863002362695
16,148,64.8326976263621
17,148,98.792048001707
18,148,68.7087208034578
1,149,46.7257625529741
2,149,72.8458209430004
3,149,80.0320838455188
4,149,98.5432234962539
5,149,73.2947256212821
6,149,42.9954002035266
7,149,67.8816226540543
8,149,51.7529569331388
9,149,59.8514144351966
10,149,53.7869197732194
11,149,56.2355225967147
12,149,89.2795199267737
13,149,58.7267227646679
14,149,68.688886995398
15,149,74.1674729468001
16,149,89.4894723394272
17,149,61.0852696269084
18,149,58.2408036733352
1,150,68.057608766654
2,150,58.1121783874333
3,150,87.9907941004741
4,150,44.2562130355103
5,150,61.3695309583393
6,150,54.5141680167065
7,150,42.4133726765746
8,150,78.3500478009319
9,150,101.149490528424
10,150,105.222725162728
11,150,59.9836406934556
12,150,62.1459258551423
13,150,65.263018944273
14,150,92.5122309491146
15,150,39.5236762869847
16,150,80.7110888915089
17,150,67.0273600484461
18,150,64.9448592074666
1,151,44.3352015465388
2,151,71.3924780332664
3,151,45.7783012595892
4,151,73.7890587245835
5,151,56.1255850478425
6,151,77.9512204269436
7,151,84.9399472389525
8,151,67.6399584310104
9,151,59.329508436789
10,151,61.9369757145343
11,151,66.0892306215134
12,151,50.6214678199286
13,151,60.15788462202
14,151,67.8114804004642
15,151,64.6271391935917
16,151,83.3564055337128
17,151,95.4430804126973
18,151,76.5319476941909
1,152,106.32964486937
2,152,62.7316211867418
3,152,107.68773259949
4,152,79.178717835121
5,152,54.807494396397
6,152,84.9288278144026
7,152,56.7482400233065
8,152,96.7796567469622
9,152,66.3432240964408
10,152,65.3734229299644
11,152,58.3066887823697
12,152,55.891237250449
13,152,108.750365214212
14,152,96.1410254436653
15,152,90.6000000260163
16,152,73.2277422106881
17,152,90.7704746296794
18,152,84.9588287487589
1,153,109.981840561261
2,153,92.6544565016552
3,153,70.980376719768
4,153,72.4598042493618
5,153,63.1469452371909
6,153,63.5315708715314
7,153,64.6375953588728
8,153,90.9606470184198
9,153,43.7423917365019
10,153,63.9397607356646
11,153,66.1249194318386
12,153,50.2201455337425
13,153,102.589453832434
14,153,68.9771591724565
15,153,57.3366719282378
16,153,55.3589890224559
17,153,84.6979655594426
18,153,115.214078375757
1,154,68.4202959605513
2,154,73.9729067699175
3,154,54.6024443418687
4,154,106.08924651005
5,154,89.5124319876151
6,154,41.1130457169591
7,154,63.7171923350918
8,154,66.6028839531277
9,154,56.8843516009145
10,154,66.8213693695565
11,154,56.5962819760246
12,154,78.3206857143124
13,154,81.2575317628825
14,154,85.7061944116318
15,154,83.1811493505789
16,154,108.137019723181
17,154,61.6814709287185
18,154,42.2911621277323
1,155,72.5327700862366
2,155,83.9201366093412
3,155,66.3892393599288
4,155,107.419841894362
5,155,98.4106423453941
6,155,77.6426852538661
7,155,69.8760082860633
8,155,61.8667358357878
9,155,67.7342218864069
10,155,84.1762160553908
11,155,87.1817690752086
12,155,72.3118101895734
13,155,64.0464338723942
14,155,130.825311991728
15,155,87.1711115532114
16,155,54.2844026150716
17,155,94.8281066839626
18,155,78.1219207609703
1,156,83.860693584687
2,156,73.2579283164957
3,156,73.4753423993449
4,156,73.9463529937205
5,156,84.6814490655219
6,156,61.8174815916781
7,156,62.6192370861682
8,156,71.0533144569415
9,156,73.4481512918183
10,156,71.1116030533187
11,156,74.4294421572349
12,156,56.1228638620394
13,156,49.5712168686968
14,156,107.946408264684
15,156,83.0830033021608
16,156,67.041598043524
17,156,66.3015785993082
18,156,93.1159295555444
1,157,69.9824922184292
2,157,81.0535711330525
3,157,72.1265703869514
4,157,63.3368594280772
5,157,86.7663093468694
6,157,78.7775363325913
7,157,105.596898651966
8,157,52.4083764580644
9,157,65.7487333409066
10,157,73.960784534111
11,157,55.1388818858638
12,157,95.3993755899027
13,157,71.0974956130455
14,157,51.1203301252226
15,157,64.961036793618
16,157,58.6559621913817
17,157,88.427828290441
18,157,126.795768927116
1,158,64.3228134025709
2,158,68.1880268920514
3,158,79.1508581048774
4,158,126.994023236631
5,158,41.9623988842935
6,158,64.7823830706185
7,158,55.8366132027514
8,158,71.9059231048574
9,158,67.5464529629136
10,158,59.7771555953325
11,158,118.652127229253
12,158,77.514928328088
13,158,133.754650744867
14,158,93.2191049313619
15,158,53.0426026792005
16,158,59.7479711268309
17,158,81.5925266909021
18,158,65.2624651061303
1,159,80.5295535702072
2,159,89.3210898211641
3,159,83.3848417923122
4,159,67.9589954880474
5,159,60.2017235531232
6,159,50.8935476057438
7,159,83.9904713781409
8,159,87.9207622276042
9,159,71.2947079787254
10,159,81.4573386021269
11,159,130.145222640777
12,159,114.582882506065
13,159,64.1145716472579
14,159,88.1447859076242
15,159,60.3538576701603
16,159,88.9661523266514
17,159,74.6022359605903
18,159,74.4905327368203
1,160,55.2745613261622
2,160,95.008158730737
3,160,73.1150632931994
4,160,67.7658194822351
5,160,72.9336373471086
6,160,78.6777533081391
7,160,100.384764980107
8,160,54.5732057787085
9,160,131.936049801609
10,160,56.8032211699641
11,160,70.5577165188824
12,160,41.9189854568846
13,160,64.2257754313931
14,160,91.2096853057721
15,160,80.1032606735047
16,160,77.6138593242971
17,160,62.5321550611804
18,160,49.5554953225587
1,161,56.0346224574295
2,161,70.6845206670717
3,161,89.5653051267151
4,161,90.4544096956724
5,161,65.2506994046998
6,161,74.299392072036
7,161,72.0136120122798
8,161,68.893371833796
9,161,107.542872615775
10,161,64.0522440728857
11,161,65.3938960434302
12,161,78.9163651961611
13,161,49.094958497537
14,161,55.4036255419233
15,161,71.0858862591136
16,161,79.3530582058673
17,161,98.7205976226878
18,161,66.3960055172282
1,162,103.204614764195
2,162,55.4054315727783
3,162,52.6987202288572
4,162,45.758320254645
5,162,97.9662879850151
6,162,75.8394575595344
7,162,73.4995185917797
8,162,68.9654303393898
9,162,113.058255090941
10,162,95.8140750930395
11,162,55.4322467881444
12,162,53.624706322383
13,162,97.2243642995022
14,162,82.5065744400882
15,162,67.0726714221747
16,162,77.7967129379007
17,162,47.1773180548392
18,162,63.0326368208299
1,163,84.002540226858
2,163,73.6572856301026
3,163,54.5370464627364
4,163,95.6962770201117
5,163,92.1149698591001
6,163,58.7059736643893
7,163,72.1750568541386
8,163,83.4954089508099
9,163,92.0969077798682
10,163,60.2088767259485
11,163,60.7611654666713
12,163,84.0947528920878
13,163,46.7740431325807
14,163,59.1388870708969
15,163,86.684301776077
16,163,45.6045367890241
17,163,54.1057457122179
18,163,64.5756915918251
1,164,70.036783485967
2,164,46.6125564574275
3,164,83.0589983051972
4,164,55.804484578207
5,164,66.9845014260979
6,164,69.6704268151403
7,164,84.6597685123719
8,164,75.2737473900158
9,164,66.26114469598
10,164,101.755882413703
11,164,75.7472935161317
12,164,89.8560787729555
13,164,80.8949160823036
14,164,85.5970493803904
15,164,93.7902033786375
16,164,71.3766007673702
17,164,72.0726412472229
18,164,119.199686004988
1,165,67.2908714401709
2,165,95.0622390089025
3,165,60.7892681544055
4,165,115.811733951534
5,165,57.7002941468425
6,165,62.1021528524007
7,165,92.8558915176154
8,165,86.3109958904443
9,165,87.9602886708825
10,165,74.2051685958376
11,165,79.8168357190193
12,165,118.443810054717
13,165,52.6361916965794
14,165,54.6723088683411
15,165,56.2485693140986
16,165,85.8114563078517
17,165,65.7447527360442
18,165,68.0343927343441
1,166,116.306252160305
2,166,62.1472022815647
3,166,114.91956949224
4,166,48.5284827268986
5,166,100.060619644999
6,166,78.0744864536625
7,166,70.7949299349344
8,166,66.1326930741465
9,166,105.395956023607
10,166,102.437412009918
11,166,50.3436518995558
12,166,124.224655078867
13,166,122.462983368244
14,166,61.1639742390831
15,166,68.6524985064447
16,166,65.7649041206049
17,166,76.0752331456069
18,166,84.6034636586425
1,167,70.6572695594125
2,167,77.9265627710687
3,167,105.306466293903
4,167,41.661957802751
5,167,67.4507211803927
6,167,72.944376896791
7,167,63.1233263138879
8,167,89.1122702044133
9,167,68.6560092111979
10,167,61.4428259022843
11,167,96.0775510603147
12,167,91.296274004224
13,167,67.1365321721529
14,167,71.4212623789387
15,167,50.2948045415786
16,167,62.5118573565667
17,167,123.385353174082
18,167,73.6936946800705
1,168,93.7768821276476
2,168,69.4785323657656
3,168,88.7470038109439
4,168,75.2018008521635
5,168,108.208790966243
6,168,65.8911318476184
7,168,49.033258031853
8,168,84.479156788949
9,168,65.5812548077963
10,168,96.6854967291328
11,168,78.6651869953784
12,168,102.283764798611
13,168,82.7496797786286
14,168,63.4598107508885
15,168,85.5053756294697
16,168,67.1242484405043
17,168,102.43887843299
18,168,73.493384901543
1,169,46.2212014584834
2,169,68.0135092269588
3,169,51.5552370981011
4,169,45.6738798828831
5,169,72.5217876475988
6,169,90.5703592282069
7,169,62.2242080991009
8,169,52.0934751665816
9,169,61.85004343699
10,169,47.851406322647
11,169,89.333528237704
12,169,82.9022396939615
13,169,49.0583787751159
14,169,58.7532007921663
15,169,91.8886934303559
16,169,73.7621968410586
17,169,73.3345417648795
18,169,75.0126190906955
1,170,83.2712868039435
2,170,91.9748435779219
3,170,84.8637533644378
4,170,53.7086737603694
5,170,65.4014796605907
6,170,79.7392743210881
7,170,70.7714553825331
8,170,44.767936617613
9,170,61.2139922701862
10,170,88.5830725599776
11,170,80.2879450114797
12,170,47.617703142934
13,170,72.0618429976861
14,170,73.3926426553764
15,170,84.5839197819613
16,170,124.918233961763
17,170,52.0583158394203
18,170,68.8327482618057
1,171,74.9547901287648
2,171,41.0912305581645
3,171,73.8639859671492
4,171,58.7414178660517
5,171,124.881063125297
6,171,43.0729390205676
7,171,102.463876957662
8,171,98.7999233962942
9,171,88.8845554289398
10,171,74.6064419762111
11,171,64.1761388069269
12,171,99.2031578362829
13,171,58.0416556129437
14,171,83.9233206320316
15,171,80.9023071470596
16,171,99.265782966733
17,171,63.691711762216
18,171,64.4701515953087
1,172,81.226155204962
2,172,80.4619134507763
3,172,106.774901398564
4,172,77.0127396402042
5,172,76.4883866250399
6,172,85.8505391602723
7,172,63.4494479110097
8,172,91.8067944696073
9,172,60.1568064797704
10,172,77.7728401289857
11,172,48.5239627981624
12,172,72.526375627319
13,172,52.881674801022
14,172,71.0644574967031
15,172,47.3179232491451
16,172,59.4145288862028
17,172,62.229706592365
18,172,84.5335547504954
1,173,59.1519656677587
2,173,56.4711281685109
3,173,97.1190367336798
4,173,103.952602962059
5,173,94.6428242354239
6,173,54.1592870704673
7,173,95.1343745068297
8,173,55.6296744257153
9,173,67.8515959855089
10,173,87.1859680953504
11,173,72.2879219531722
12,173,66.3394898379475
13,173,78.3879747398223
14,173,77.7001257951011
15,173,75.6698233194505
16,173,45.5328310515487
17,173,71.3173677076633
18,173,79.9224106484998
1,174,79.4653911049379
2,174,71.9593225756381
3,174,58.2033215247867
4,174,55.5063754332295
5,174,62.6851896930591
6,174,71.2809196160897
7,174,60.0560181861356
8,174,82.0513099721142
9,174,83.3545188168989
10,174,52.2118212738058
11,174,78.6863031881691
12,174,87.5250310521625
13,174,70.2413686799573
14,174,71.4443446476543
15,174,63.5913750234547
16,174,72.2215366474307
17,174,53.8859259294423
18,174,82.6816583728954
1,175,56.5132383070452
2,175,60.4383767516811
3,175,59.0493797444107
4,175,56.0052294655503
5,175,65.586355940445
6,175,62.2093019439587
7,175,61.6013518791651
8,175,70.0504031132717
9,175,52.415032603341
10,175,72.8892818238486
11,175,81.5956132529883
12,175,51.8166485014252
13,175,49.5923938374228
14,175,118.103926005649
15,175,74.4740245659338
16,175,78.1290827871399
17,175,64.8695516546617
18,175,81.9377244458666
1,176,76.458222965419
2,176,66.7856466076249
3,176,66.1849328871165
4,176,64.396670475643
5,176,68.0752624755579
6,176,57.4363556226081
7,176,94.0828819448839
8,176,70.02964941499
9,176,58.59060403363
10,176,86.0327440720316
11,176,75.7870932814046
12,176,69.2551249393029
13,176,83.6065229392152
14,176,56.084906542097
15,176,65.0677008663829
16,176,59.3485940544374
17,176,55.9034706186297
18,176,67.1978042837406
1,177,72.6099158693935
2,177,55.6546311194836
3,177,70.7946460991187
4,177,43.5606771277886
5,177,62.7041190933503
6,177,101.046111313273
7,177,53.4208864345523
8,177,50.6612729662773
9,177,73.5021185768578
10,177,77.8551585586163
11,177,101.591068406656
12,177,135.509123794077
13,177,82.1332289321806
14,177,89.8874596896982
15,177,119.704231374474
16,177,66.0305710621749
17,177,67.3081678356842
18,177,78.8503198126842
1,178,48.7754952094988
2,178,45.3323644251009
3,178,113.988811521206
4,178,65.6008581888547
5,178,65.5489073615277
6,178,58.6948843689422
7,178,73.8914175890205
8,178,88.8046684032287
9,178,73.4863369228224
10,178,75.7513666133161
11,178,85.1353096950914
12,178,72.7473645441655
13,178,66.1817251252396
14,178,68.6286894629225
15,178,58.3081833361354
16,178,74.9727208864247
17,178,60.536995909585
18,178,99.4768146568195
1,179,40.3012161141359
2,179,79.2485875076493
3,179,62.5148650037061
4,179,119.809162089852
5,179,64.1795228920917
6,179,82.9574180424751
7,179,78.8956776561376
8,179,72.1344515086387
9,179,88.2737256623217
10,179,120.115564290805
11,179,95.4586141850654
12,179,75.1178426042001
13,179,119.500133505036
14,179,82.2745306296454
15,179,89.0252571353594
16,179,91.3432841087185
17,179,79.6569836708178
18,179,81.3681320631924
1,180,71.1190650997443
2,180,75.8610923290388
3,180,75.3311847515137
4,180,64.1766301582137
5,180,115.27652820446
6,180,65.07533762423
7,180,64.7497205796868
8,180,101.239356988358
9,180,67.7087455837758
10,180,94.3775259647118
11,180,62.7296069449887
12,180,72.8054583876308
13,180,71.516803676899
14,180,57.5687386559709
15,180,70.9369099426168
16,180,62.8659394385541
17,180,89.9802966070795
18,180,68.9881784923165
1,181,69.1265913807673
2,181,60.0604162313445
3,181,82.0925958932204
4,181,52.1638245678255
5,181,42.9421529561036
6,181,120.328144933454
7,181,92.6478141289592
8,181,86.0188643290634
9,181,41.4779618367232
10,181,88.7077073186985
11,181,82.2822695421859
12,181,66.2676510330698
13,181,91.0024818975942
14,181,94.0643517979003
15,181,75.1779460358484
16,181,110.367959067264
17,181,90.7540443178875
18,181,103.437577712468
1,182,70.2927195973649
2,182,70.4923846782013
3,182,54.1083622244552
4,182,77.3645146008379
5,182,75.3435292065769
6,182,76.0552869540788
7,182,58.0847891677373
8,182,73.3233724439638
9,182,123.826664305365
10,182,56.2478514658871
11,182,65.2686257586969
12,182,50.557615241065
13,182,52.6465171042888
14,182,65.9113358790972
15,182,70.0637120691313
16,182,60.6580430411259
17,182,63.4557246026728
18,182,72.4735159088459
1,183,91.3582772200853
2,183,64.0490615051826
3,183,54.5384096264612
4,183,55.85047309299
5,183,42.2187964477417
6,183,45.5833794256627
7,183,59.0623101785026
8,183,58.265983941367
9,183,58.5668049221419
10,183,116.426091474604
11,183,117.947198132792
12,183,121.827182736901
13,183,92.3744428372081
14,183,67.5080655178514
15,183,54.7070483492549
16,183,53.0041667789314
17,183,60.0987544924753
18,183,93.4277486566456
1,184,80.7764747923057
2,184,86.2257494564197
3,184,72.7695003469778
4,184,46.4151512939513
5,184,77.3928485044113
6,184,73.1271775379055
7,184,62.832821567485
8,184,120.054456105598
9,184,88.8363432247757
10,184,69.4006207807276
11,184,48.6078380582046
12,184,67.9873174888282
13,184,95.6119072245567
14,184,80.9237766413494
15,184,74.3726154589702
16,184,93.773497000343
17,184,65.3808631108956
18,184,69.494805320585
1,185,65.4554514131066
2,185,91.324286230379
3,185,68.242006867519
4,185,84.2898377050338
5,185,56.4121290240913
6,185,50.1019783193103
7,185,69.8741635323263
8,185,88.6216403299252
9,185,69.146209241317
10,185,62.7749760529179
11,185,41.3545655532419
12,185,76.2826591366299
13,185,60.2240285945222
14,185,80.5708559532063
15,185,96.0855283232885
16,185,67.458753067592
17,185,83.0119300110354
18,185,70.2786282216859
1,186,77.5177360951861
2,186,51.8637379919453
3,186,84.5157086415016
4,186,101.531510695567
5,186,117.99066171507
6,186,51.5908979891551
7,186,84.7403466707273
8,186,65.2766987363866
9,186,87.8059364438288
10,186,70.4307806071549
11,186,66.522693135502
12,186,91.1295730753149
13,186,91.4241488312234
14,186,76.9450301962662
15,186,81.1871545466161
16,186,82.7602180417376
17,186,75.0057880760821
18,186,77.6602006084463
1,187,94.9652941895474
2,187,85.3233183646598
3,187,93.4000740350349
4,187,89.2073903116049
5,187,86.7557307263622
6,187,69.9130058759594
7,187,54.2679610033263
8,187,65.6860202699457
9,187,57.3517803624847
10,187,69.1083779587385
11,187,67.8371124903557
12,187,70.0054091783004
13,187,57.8495310818484
14,187,61.7693997941916
15,187,82.6226794281753
16,187,80.5507503888749
17,187,64.6632047336684
18,187,92.7658026578949
1,188,51.6268608438484
2,188,81.2995260417661
3,188,101.913498376374
4,188,67.5276214404123
5,188,82.5486612245734
6,188,64.8949234688288
7,188,69.2679857344237
8,188,94.4572028120485
9,188,54.1271145858197
10,188,67.2284448794493
11,188,77.8315376166246
12,188,84.3032505271484
13,188,89.0911379361044
14,188,99.9543997917538
15,188,91.5341222263361
16,188,54.0837609543338
17,188,70.4717904626453
18,188,62.5676844832639
1,189,68.4803407709405
2,189,86.565300463776
3,189,82.8861648313868
4,189,72.1676674102062
5,189,68.9120801266153
6,189,82.2563439594746
7,189,56.1569600095356
8,189,63.62271500466
9,189,104.462924264211
10,189,83.55916623469
11,189,56.6139770910464
12,189,57.136894853568
13,189,57.9077668814336
14,189,84.9683152022797
15,189,80.7987738135802
16,189,63.3831431862771
17,189,65.7575268847279
18,189,88.4096775286986
1,190,65.733991409029
2,190,69.0173000559091
3,190,73.5077339119446
4,190,66.7974387721131
5,190,64.9414939981795
6,190,65.1387500114872
7,190,59.6713408975514
8,190,78.5996073302648
9,190,95.1400194089471
10,190,77.8287950955045
11,190,87.6788191575399
12,190,65.3269223186181
13,190,74.4672410449414
14,190,71.5384120985436
15,190,53.9192856474756
16,190,72.0235464432507
17,190,86.3392828895836
18,190,81.3706954430758
1,191,94.8561916714252
2,191,51.461702150666
3,191,90.4484609692327
4,191,86.9158338061547
5,191,65.4040399028637
6,191,80.2255056031727
7,191,53.6378387934499
8,191,78.2352126027032
9,191,41.6754318453826
10,191,81.1796936468068
11,191,104.762835765795
12,191,103.990397027219
13,191,40.4632891007458
14,191,84.2270946630539
15,191,63.5363464448674
16,191,69.6282575915263
17,191,45.2248088106508
18,191,85.4140747589226
1,192,64.3168863079596
2,192,74.394339242822
3,192,70.4293318096041
4,192,58.5108959027918
5,192,79.7558886967476
6,192,84.2989900282946
7,192,72.1162541500019
8,192,78.3773367232394
9,192,61.4985515122449
10,192,97.3448217106213
11,192,67.6195456984574
12,192,60.7928097541312
13,192,87.0959192434128
14,192,92.6508827434676
15,192,80.5389421637501
16,192,73.9462085488685
17,192,101.481363152158
18,192,55.8453724878743
1,193,90.8324988040153
2,193,111.225911673904
3,193,74.1217512866984
4,193,79.7390483609165
5,193,89.668833939763
6,193,98.845055232802
7,193,55.3478898505891
8,193,86.1837386218657
9,193,49.2064164208654
10,193,127.29498459835
11,193,66.1741960622441
12,193,66.7815990201771
13,193,73.6390156695452
14,193,51.1169263243707
15,193,68.007353149388
16,193,72.6881433368197
17,193,69.7896258066572
18,193,123.405749295693
1,194,46.4669903001127
2,194,72.1941558181668
3,194,95.5277513404768
4,194,58.217051734187
5,194,71.5149333714689
6,194,124.062844129879
7,194,46.0794575515109
8,194,60.8721467423392
9,194,52.7288500097361
10,194,83.5584435722644
11,194,58.4691871967471
12,194,78.8952759127894
13,194,66.3696711165911
14,194,73.915987674887
15,194,93.4378040041049
16,194,77.4050276767591
17,194,43.3357075163782
18,194,59.8454082474963
1,195,81.5393372491826
2,195,119.820564714
3,195,54.3677663155829
4,195,71.6004375528676
5,195,75.4583074143959
6,195,62.0424951543286
7,195,52.8624014436017
8,195,106.46425552631
9,195,100.159507314961
10,195,51.035434673832
11,195,48.1123570055768
12,195,66.7941180264489
13,195,80.079275186922
14,195,71.1813617131617
15,195,90.5197048406827
16,195,63.69112128194
17,195,56.2107663317874
18,195,110.13950008346
1,196,73.0002214486431
2,196,63.5589439072113
3,196,69.8567945411583
4,196,72.4856260612091
5,196,41.9014447290997
6,196,81.3403112189628
7,196,83.5479482987192
8,196,82.4025742264516
9,196,67.8415866410487
10,196,71.1396763672416
11,196,48.7063656753335
12,196,80.1697744331578
13,196,55.776263966087
14,196,99.0988857205071
15,196,57.9452985463812
16,196,43.9158312740278
17,196,75.6575127740917
18,196,50.6418006268512
1,197,62.1587404787538
2,197,92.6643210796295
3,197,108.063202388748
4,197,71.7612449092033
5,197,92.9016177661694
6,197,53.4400858248431
7,197,115.183299002875
8,197,71.5943302142165
9,197,63.2369347195626
10,197,76.4824344143
11,197,59.7174406368054
12,197,69.5741070965979
13,197,71.6104217903346
14,197,102.139773422415
15,197,63.1346710602681
16,197,66.7662020976582
17,197,80.0211729363732
18,197,96.4991432951795
1,198,118.160700594763
2,198,110.968796885983
3,198,85.4263300410401
4,198,47.345149472576
5,198,97.0206013917217
6,198,86.5180126418664
7,198,63.2041455002122
8,198,66.2853236096154
9,198,52.0717251762889
10,198,76.0539350331713
11,198,74.2395957677467
12,198,44.2360948074493
13,198,49.133029389209
14,198,75.6007661827403
15,198,57.5090994826301
16,198,67.0643939931182
17,198,90.2396410142447
18,198,67.2018644717541
1,199,76.1507000891412
2,199,90.1483343248594
3,199,52.7775410082136
4,199,104.933265936254
5,199,91.8292624293541
6,199,102.36172910053
7,199,69.0144358015826
8,199,52.0634071323798
9,199,84.5918656354698
10,199,90.4785096686211
11,199,135.757453332751
12,199,114.499401379663
13,199,61.5721269089477
14,199,53.6467513030457
15,199,84.7740078194512
16,199,112.640776292245
17,199,56.3937269035991
18,199,60.1251213229608
1,200,105.340034618756
2,200,119.042017843966
3,200,81.0454371650768
4,200,47.5254552673641
5,200,60.5402168300734
6,200,99.3404905227924
7,200,123.675069459906
8,200,68.1592923248441
9,200,62.9263687669073
10,200,79.5810094813136
11,200,75.8232594408982
12,200,57.4293732235215
13,200,82.9095156265605
14,200,107.75918367853
15,200,74.7528879689871
16,200,90.1369135044659
17,200,73.4070150479293
18,200,82.0040176182093
1,201,65.050609036148
2,201,98.9138496135326
3,201,74.2092831802176
4,201,64.1684505260501
5,201,84.4244752742179
6,201,96.040219548286
7,201,75.4604963838577
8,201,41.7984480356858
9,201,114.97518781031
10,201,58.795628092672
11,201,68.0060848288788
12,201,109.481614189494
13,201,46.8762289664655
14,201,53.4818543365989
15,201,59.7877228159546
16,201,50.3870161454027
17,201,95.2483874975342
18,201,99.9688501805824
1,202,77.1296493100841
2,202,67.5077126720453
3,202,66.6825627016062
4,202,64.9069562559178
5,202,62.1441246754677
6,202,80.087913114578
7,202,92.3309914044857
8,202,69.3903286707881
9,202,77.0167226209756
10,202,39.5469841910903
11,202,71.4325747546093
12,202,58.6364059052171
13,202,93.6947399156195
14,202,94.5134780080211
15,202,41.8148918734338
16,202,93.3134158336762
17,202,66.6954780539564
18,202,69.5577642693899
1,203,91.4641438995706
2,203,85.8987548024376
3,203,61.0464004261419
4,203,80.6865598431554
5,203,61.2563453515899
6,203,92.9803867555336
7,203,52.7658863770064
8,203,87.6832517571723
9,203,102.775388323384
10,203,44.0527681475258
11,203,81.3407198918305
12,203,63.9354287134603
13,203,75.9719037318293
14,203,71.3698802150958
15,203,89.7834932500715
16,203,86.4762324694114
17,203,78.9115081304773
18,203,73.6930584492792
1,204,69.8852584399522
2,204,71.4665398221466
3,204,68.1839925294362
4,204,78.2112311360283
5,204,62.6889795841727
6,204,83.7978005735202
7,204,57.314583355302
8,204,52.7110307207895
9,204,75.9394327079646
10,204,85.4896934054843
11,204,86.9576905990892
12,204,84.673366024351
13,204,72.6627100099769
14,204,83.9546002453832
15,204,57.1891891854072
16,204,57.1815402750281
17,204,56.4565485641137
18,204,72.611091606801
1,205,79.5756467431124
2,205,96.2666878374068
3,205,110.38091271584
4,205,80.0079341677249
5,205,74.7228651366154
6,205,63.0599130588994
7,205,73.1669314795013
8,205,67.8996119184616
9,205,68.94701302768
10,205,65.4516250146763
11,205,54.1128186032634
12,205,60.4601830692331
13,205,103.042257833367
14,205,72.2198392516312
15,205,68.5509804730042
16,205,52.9060675490838
17,205,79.5459177902554
18,205,62.5593539292803
1,206,68.1116156003521
2,206,66.1767618808682
3,206,85.8468963868521
4,206,68.6662520179944
5,206,66.2737402768364
6,206,121.642471914489
7,206,96.4246598925518
8,206,78.0997706994074
9,206,57.039471897346
10,206,90.967855258741
11,206,53.8613838135424
12,206,68.1638688740943
13,206,94.9018643705905
14,206,62.6057900053979
15,206,71.1810418448034
16,206,83.2624879468704
17,206,73.3040420470656
18,206,66.7485029430392
1,207,71.852766883142
2,207,77.243476530928
3,207,81.3726013081549
4,207,96.145429697613
5,207,69.7351161906372
6,207,102.580419414108
7,207,52.5120054490687
8,207,60.2291751137102
9,207,52.9854928312826
10,207,83.4795149632273
11,207,75.1383215069343
12,207,52.2884870483831
13,207,77.3615184601482
14,207,56.3949889497952
15,207,80.3288954748321
16,207,52.8614731183121
17,207,84.2415041698947
18,207,72.0545679655496
1,208,55.909849294905
2,208,67.7525821332924
3,208,67.6737286559417
4,208,63.3946815645597
5,208,53.1586785255376
6,208,64.7942595357841
7,208,65.9183252983527
8,208,47.9708512254545
9,208,75.8508869569761
10,208,107.822495736076
11,208,93.3251291145035
12,208,57.1791935849249
13,208,65.681669084916
14,208,60.895353917627
15,208,88.7703354046751
16,208,67.4418491191619
17,208,61.5734950646965
18,208,47.9346436132161
1,209,84.2218784248127
2,209,58.1655176641646
3,209,79.417834502358
4,209,68.9651299938589
5,209,89.2197840803859
6,209,92.2261676650539
7,209,54.1205120904839
8,209,92.7634014175918
9,209,91.9635704101695
10,209,63.3865811432654
11,209,67.4110960903051
12,209,82.7204702751493
13,209,86.6421038336485
14,209,44.5698971462282
15,209,107.161572906594
16,209,48.3175592628477
17,209,43.7661160310965
18,209,97.3921308667609
1,210,47.2116119311872
2,210,73.347276738176
3,210,54.5009008529089
4,210,49.4390904293432
5,210,62.6666766973278
6,210,91.0898464116083
7,210,80.6688484944667
8,210,60.3150718600781
9,210,75.7339474408221
10,210,75.6704307394871
11,210,76.4485144584057
12,210,61.7524253803205
13,210,74.3247930825772
14,210,58.4820498115881
15,210,83.7924679826287
16,210,62.5832465054628
17,210,64.3686496788479
18,210,88.8032397818457
1,211,61.7642561118944
2,211,53.2734260950474
3,211,57.4820844157207
4,211,79.9562675894491
5,211,43.5649862839459
6,211,62.1305886793507
7,211,74.923159740954
8,211,50.0762551991388
9,211,75.7155295355507
10,211,86.4615997634372
11,211,44.6723196394803
12,211,58.0015992151155
13,211,110.473182990863
14,211,65.6814524490687
15,211,57.2167811570164
16,211,62.7200528062576
17,211,64.3981805613996
18,211,79.3888589860655
1,212,63.6692510420144
2,212,74.5978486044004
3,212,91.6076677560103
4,212,78.915822218487
5,212,84.9866679207221
6,212,59.3818567238441
7,212,70.4383836910412
8,212,89.5933099799947
9,212,78.4326139836279
10,212,76.2209632315929
11,212,72.2388072784267
12,212,73.002502447595
13,212,67.1218973493457
14,212,57.3735751243991
15,212,77.972891527264
16,212,60.5635295006769
17,212,98.3355058407873
18,212,64.2831223858955
1,213,71.7348770136948
2,213,43.4214326895546
3,213,65.7337411933874
4,213,58.306418025044
5,213,104.930510075977
6,213,72.3614035868965
7,213,71.5039525272493
8,213,79.2223068577709
9,213,67.1249301444613
10,213,80.8274372284622
11,213,104.175754141067
12,213,84.5613537796037
13,213,87.1441139854532
14,213,56.8351646069157
15,213,80.1726724273166
16,213,74.1801037819314
17,213,62.7829289079127
18,213,74.5948336395474
1,214,112.185189384689
2,214,61.3557609677943
3,214,80.9642483905908
4,214,52.3761498756124
5,214,82.0623247865933
6,214,57.0221266917567
7,214,77.9724002841111
8,214,51.9300929921959
9,214,76.8782133165159
10,214,96.7530534690401
11,214,64.5142190412879
12,214,72.9998984564408
13,214,102.300739664749
14,214,117.459381503855
15,214,127.863425693263
16,214,70.0187980345265
17,214,59.5504905379522
18,214,81.6788834921782
1,215,81.6654880465264
2,215,92.7139905633696
3,215,75.8365781855935
4,215,71.3839636787925
5,215,108.804337769937
6,215,71.3859263719038
7,215,82.1244439463851
8,215,84.9053544441574
9,215,71.1191159303529
10,215,64.2945499090126
11,215,70.6548018620072
12,215,46.8210694265766
13,215,102.707706275956
14,215,50.1071587065432
15,215,59.391590458254
16,215,69.5769956790095
17,215,100.704142693123
18,215,77.7862434032826
1,216,85.9320772585354
2,216,70.9036928527552
3,216,105.478529518524
4,216,79.8590544850584
5,216,87.6308453047478
6,216,85.939492234923
7,216,47.2025500490721
8,216,74.6564153845082
9,216,71.4895094029366
10,216,63.1719405161703
11,216,77.1442865614038
12,216,58.1144239406135
13,216,73.4551875261832
14,216,49.1786589429041
15,216,82.2910199359356
16,216,60.0166055351369
17,216,90.4100976840657
18,216,44.4086041914793
1,217,75.2025019555034
2,217,66.9818540945477
3,217,95.1450140992828
4,217,48.4417046516163
5,217,61.4294960030401
6,217,80.2308092387808
7,217,82.8919030167037
8,217,80.391243514583
9,217,76.1636490573118
10,217,46.2596149398882
11,217,95.7450168950479
12,217,74.0209981304096
13,217,47.169987318208
14,217,66.0538138028428
15,217,94.0005346512644
16,217,85.6061853045215
17,217,61.1918571242066
18,217,89.1043653783467
1,218,65.1263592499239
2,218,83.507266751658
3,218,96.4922857595529
4,218,82.9195203956118
5,218,60.8813453090912
6,218,91.1236159958269
7,218,104.122031548069
8,218,54.0328556723304
9,218,71.0297829476931
10,218,94.3601360646256
11,218,57.7185996693479
12,218,44.6633509065589
13,218,68.8897796860687
14,218,100.791310467579
15,218,49.0836738471363
16,218,68.8287849949583
17,218,98.0922885272812
18,218,69.4072768257825
1,219,81.7608575206628
2,219,107.759264497548
3,219,95.8012518410557
4,219,84.7695593999371
5,219,76.2707655367043
6,219,57.7092995180057
7,219,93.3302901185152
8,219,87.4148506438562
9,219,83.7398102031308
10,219,68.4188964445228
11,219,50.3696110511422
12,219,79.0899839487118
13,219,94.5933165839396
14,219,58.4533538452726
15,219,47.5078831226677
16,219,117.690392623061
17,219,66.814669842536
18,219,89.7873555539076
1,220,81.1900546490121
2,220,107.304604513799
3,220,71.0462338154686
4,220,68.367211302426
5,220,117.654797018909
6,220,131.200499194931
7,220,74.3564806767787
8,220,73.3048328955501
9,220,91.138981539053
10,220,66.128622972704
11,220,84.0654657907878
12,220,53.7240418176765
13,220,64.0897366460094
14,220,86.094868301244
15,220,58.2752469943141
16,220,86.1499375323279
17,220,85.4532385374539
18,220,98.0814412847075
1,221,124.615382201142
2,221,64.9802289597818
3,221,84.7786860955818
4,221,108.966088783772
5,221,73.8120532478389
6,221,57.6863401892918
7,221,53.3401340954396
8,221,97.2067348082765
9,221,135.818163182187
10,221,52.7229868707073
11,221,72.2212864374008
12,221,52.496159430661
13,221,74.4482024195761
14,221,70.4423943778221
15,221,77.2529002414105
16,221,132.791488550314
17,221,51.0639835428097
18,221,86.1933062403216
1,222,120.510715090892
2,222,62.8595756196661
3,222,56.4919609466092
4,222,74.8973815783793
5,222,104.258888202134
6,222,63.4025877233096
7,222,57.4935860575846
8,222,79.0888665793711
9,222,42.8565153694508
10,222,50.2413292851628
11,222,89.1648788026741
12,222,78.6649185014884
13,222,43.1152819396138
14,222,82.1835189362553
15,222,42.1893812783228
16,222,69.8052136402321
17,222,79.4021141105833
18,222,48.8087055187859
1,223,101.745842789374
2,223,100.094974400515
3,223,60.1581516768054
4,223,94.3443633960878
5,223,74.105039341735
6,223,89.1785983375905
7,223,86.6905944058655
8,223,55.6095477004939
9,223,43.1760897371239
10,223,117.665460633561
11,223,81.1898450337733
12,223,74.0021917831612
13,223,54.9889388257868
14,223,102.091691198326
15,223,109.772684883063
16,223,112.60474590066
17,223,41.5468550496314
18,223,54.5319614346876
1,224,71.8755290004821
2,224,91.6216226767086
3,224,68.1162481849425
4,224,61.0337020000334
5,224,74.5166937338751
6,224,57.0962938782751
7,224,114.177547090402
8,224,48.4996784921898
9,224,85.115528025489
10,224,44.8055903725607
11,224,66.073804705325
12,224,107.956565782234
13,224,99.168986245735
14,224,52.5681147567544
15,224,50.0372693695622
16,224,75.5451315843145
17,224,60.771194303418
18,224,79.4805625649622
1,225,54.152693154276
2,225,50.0540348316406
3,225,65.320293216736
4,225,57.3297424609685
5,225,91.0779548558151
6,225,69.6993259696051
7,225,74.6467837098172
8,225,104.166620214416
9,225,114.893191928838
10,225,72.7838705825265
11,225,82.9694196529024
12,225,99.7777117123009
13,225,74.5020570799051
14,225,52.9603371415979
15,225,93.2521573700358
16,225,47.9995438599301
17,225,66.5017969773382
18,225,69.1825693750156
1,226,61.3356505172734
2,226,41.8331712505477
3,226,62.1220872744439
4,226,96.0531252222769
5,226,64.6335153873837
6,226,64.7608782154493
7,226,66.1026897832855
8,226,55.9074633458665
9,226,71.3081147736036
10,226,84.9047591330067
11,226,97.8938716038933
12,226,47.6099586870966
13,226,78.1904394195659
14,226,67.6938149387194
15,226,80.3868220581942
16,226,58.2087985740207
17,226,76.6160888346984
18,226,53.187812009571
1,227,81.4055313964622
2,227,57.4929468325761
3,227,74.3659353635083
4,227,44.1818843605184
5,227,78.5029475834169
6,227,90.0294909968182
7,227,92.3662100979353
8,227,100.479307781778
9,227,55.0625122895508
10,227,73.3117013170122
11,227,70.2239471327351
12,227,88.0217716860767
13,227,69.9884385135489
14,227,64.6000593813495
15,227,112.999659348313
16,227,99.3640537877581
17,227,44.4197687372499
18,227,69.9750934600841
1,228,56.1623251188115
2,228,132.899630154015
3,228,66.5075662606976
4,228,98.5417379104589
5,228,72.282424101416
6,228,72.5265448497809
7,228,81.6905324925198
8,228,65.6729831907612
9,228,88.8556602792386
10,228,84.3258532016953
11,228,46.4832249928264
12,228,67.7861295427009
13,228,60.9113378352988
14,228,65.0048555161949
15,228,93.0444180967287
16,228,98.5866995696128
17,228,57.0120446847281
18,228,88.8372957678765
1,229,57.0994508275762
2,229,62.1489181786789
3,229,83.0636376101324
4,229,71.5758576303012
5,229,61.6066244458792
6,229,56.0095702854767
7,229,68.9118382704717
8,229,72.1582958880736
9,229,82.9776847526888
10,229,59.6291991936883
11,229,86.5353653194584
12,229,53.6987538588495
13,229,64.4805303246139
14,229,81.2791813101478
15,229,62.29500839886
16,229,63.5440029993144
17,229,75.664739137815
18,229,76.8191154405652
1,230,86.7458072700988
2,230,67.0383718579594
3,230,51.0921610377889
4,230,65.8064814966168
5,230,63.6243029977793
6,230,60.4400126782534
7,230,79.410516957239
8,230,120.707431825646
9,230,85.4409771156122
10,230,69.8308584947825
11,230,81.3712114133864
12,230,109.542862348063
13,230,68.8638913334777
14,230,79.2763601983172
15,230,77.5536626434573
16,230,68.5128789383691
17,230,71.3074389741857
18,230,89.1760619335223
1,231,74.5358156637853
2,231,68.6966882423516
3,231,61.9062468281908
4,231,74.4836256358055
5,231,68.7654863958701
6,231,68.3831527918833
7,231,73.2895890583428
8,231,57.9093887765479
9,231,60.6548595841734
10,231,96.2763715767603
11,231,54.9298012130529
12,231,72.999674659939
13,231,60.0403781901964
14,231,71.7395037284363
15,231,74.3442922259343
16,231,57.7027299624263
17,231,81.6535113457788
18,231,77.831712717829
1,232,64.5790534677165
2,232,82.1243766531946
3,232,69.8417359078711
4,232,56.0713946968554
5,232,49.142938717283
6,232,72.3743990487916
7,232,57.7983025214001
8,232,69.0686383224015
9,232,48.4279151316974
10,232,57.6509541192578
11,232,76.3373838464956
12,232,100.225765035995
13,232,70.4125429656221
14,232,60.1331084174511
15,232,61.8909868858487
16,232,90.4345299089775
17,232,81.8201847249832
18,232,90.8758072558771
1,233,88.4395123676938
2,233,75.5353118238456
3,233,91.2000128595931
4,233,54.6919076744454
5,233,82.1441396374722
6,233,69.2694052233696
7,233,77.108752074764
8,233,105.359526451419
9,233,77.9894350137192
10,233,61.313304631198
11,233,65.0550447899975
12,233,53.8308671354424
13,233,69.9892841264046
14,233,66.3499179075614
15,233,84.8872262581003
16,233,65.8897774197001
17,233,82.230836476957
18,233,89.9659633731768
1,234,65.227669770217
2,234,96.2345934889047
3,234,76.0246031115124
4,234,65.4262156477197
5,234,74.9787066363154
6,234,58.0820115005753
7,234,84.1548580591786
8,234,54.7249824709171
9,234,101.613201840086
10,234,43.98958764882
11,234,57.8061661486905
12,234,67.4305412548986
13,234,60.8543283768829
14,234,105.657117697499
15,234,73.4540730522613
16,234,74.1234067350235
17,234,81.6571069750436
18,234,78.98458951053
1,235,90.46716764767
2,235,80.9354708837564
3,235,84.0893931928283
4,235,51.618107861963
5,235,55.9514654556003
6,235,40.692861886293
7,235,69.7447313695796
8,235,100.739176078712
9,235,56.948626621032
10,235,77.3496539652139
11,235,77.6654155977662
12,235,74.2362107696878
13,235,64.7042526985687
14,235,61.9777444374246
15,235,63.2872317933676
16,235,72.0550107206979
17,235,105.523537176516
18,235,58.0948418498985
1,236,67.6890862847789
2,236,75.0325766942008
3,236,86.1756292784398
4,236,73.0655952899525
5,236,86.4320427914074
6,236,50.1254965766965
7,236,83.9102938690067
8,236,69.4629625755479
9,236,56.1351398752878
10,236,40.2742309668627
11,236,66.3595842870298
12,236,89.295763088034
13,236,75.3709788266145
14,236,62.6315036542793
15,236,76.7316737303646
16,236,71.9687569974348
17,236,63.2067846352093
18,236,68.7655363971465
1,237,78.4338120384468
2,237,63.8398097276013
3,237,80.637777892611
4,237,76.9679065545317
5,237,80.2924013864579
6,237,91.5747707830592
7,237,78.2377889434116
8,237,82.9916342210425
9,237,72.0912778928101
10,237,81.9995032893391
11,237,55.2614290857824
12,237,83.9645126405902
13,237,62.6417937072903
14,237,126.838617189997
15,237,61.4353663460267
16,237,42.5187240212119
17,237,98.0025400743338
18,237,66.0781448945871
1,238,89.1345193153677
2,238,76.3996802961813
3,238,88.0939712104422
4,238,62.1088841723328
5,238,53.9782971958572
6,238,98.615920600388
7,238,57.7567735917191
8,238,49.9887801124132
9,238,83.3019006830454
10,238,67.0135806310714
11,238,128.999949127415
12,238,77.5784097575381
13,238,62.1782927470795
14,238,58.6332967825073
15,238,114.547476957899
16,238,55.9828972420401
17,238,78.9425402846326
18,238,85.9976230736097
1,239,58.8560458909547
2,239,107.163776148648
3,239,58.2341199862806
4,239,73.612171860296
5,239,80.6009369583643
6,239,127.795946537969
7,239,81.4457336529238
8,239,108.365065169656
9,239,59.0771744531793
10,239,45.5028984824666
11,239,91.8794227995357
12,239,45.5489852169381
13,239,49.8329305328253
14,239,84.4131049774711
15,239,71.372473701681
16,239,89.5369719932384
17,239,105.713334622117
18,239,97.2179486555206
1,240,84.905461528439
2,240,88.5126304506324
3,240,77.2917807084343
4,240,113.722636720105
5,240,78.4647305490027
6,240,84.6884419130953
7,240,59.3431312319258
8,240,69.1515988139334
9,240,44.7930567415391
10,240,77.9758681415738
11,240,47.1321963733645
12,240,66.9558124409452
13,240,64.7497883546843
14,240,96.019760610594
15,240,61.1033712031921
16,240,63.0545486372676
17,240,46.7657367893123
18,240,81.4431073312209
1,241,92.930293892165
2,241,67.2371277174334
3,241,107.164173757294
4,241,66.5067343695582
5,241,54.1023739722298
6,241,74.6065092536005
7,241,84.5236384823595
8,241,50.7846564166216
9,241,49.5131561539821
10,241,71.5060328725191
11,241,80.0307879379352
12,241,43.8927197656496
13,241,48.3905378221091
14,241,79.3335269992924
15,241,86.9490706378353
16,241,65.2301869646755
17,241,99.2890885143526
18,241,61.4394915025004
1,242,69.4986001593832
2,242,96.1518108019595
3,242,71.086165078235
4,242,77.6968608916355
5,242,54.4706197515434
6,242,72.6508424609412
7,242,59.9592773179037
8,242,47.5303380592937
9,242,53.8973225358449
10,242,70.0987751131002
11,242,70.7948416338446
12,242,91.3503395099252
13,242,71.3865790723202
14,242,69.8999988420331
15,242,94.1795876532563
16,242,138.410832332319
17,242,72.3541333358571
18,242,94.1499768443709
1,243,86.0531839572985
2,243,69.7085814765882
3,243,46.7683456982208
4,243,60.8074087394425
5,243,66.6682688373188
6,243,52.2741268849082
7,243,53.2855840963827
8,243,66.0699685493557
9,243,89.9735757189222
10,243,61.0558255800155
11,243,78.696297909614
12,243,71.0152702482952
13,243,88.1141658925799
14,243,76.5559380463264
15,243,65.2477345372432
16,243,60.9430936142957
17,243,86.3338829288505
18,243,100.174405761674
1,244,76.6476805838939
2,244,135.449632321478
3,244,70.2539721701755
4,244,120.33802218021
5,244,71.7014745284793
6,244,51.4564715224539
7,244,51.5156405003143
8,244,57.7146264483362
9,244,101.182953481042
10,244,107.637359675942
11,244,78.4774238322517
12,244,78.7801820525704
13,244,65.2282983696849
14,244,60.8485194619103
15,244,61.820592106806
16,244,60.529714358815
17,244,67.3740378914912
18,244,66.5432230624943
1,245,81.6956224468694
2,245,89.3542764032389
3,245,102.25694191092
4,245,38.847730556564
5,245,82.7459243828783
6,245,70.367689826016
7,245,70.700175213176
8,245,49.3415674526326
9,245,77.191157580982
10,245,64.5248931008626
11,245,77.2135264522116
12,245,52.8988503514905
13,245,126.889157289298
14,245,60.4853873424793
15,245,70.9328001139544
16,245,55.5191820959314
17,245,71.0547131582679
18,245,125.860696438508
1,246,63.8638273899885
2,246,81.9700173068975
3,246,59.947565673051
4,246,101.077342247408
5,246,78.934391153199
6,246,64.6141714848459
7,246,73.2080081570066
8,246,62.8038246178407
9,246,84.99998105846
10,246,60.1199465287366
11,246,81.8341371768249
12,246,109.817480223923
13,246,100.87938630024
14,246,81.2174509465987
15,246,76.3408425193823
16,246,86.1229927169425
17,246,96.40887957441
18,246,74.4141263882512
1,247,87.1943437989176
2,247,83.2289748763699
3,247,75.2158885347274
4,247,80.5900297057666
5,247,76.4710877542261
6,247,88.3208167802006
7,247,61.8820049204822
8,247,78.5384693791844
9,247,72.698509353709
10,247,52.2217124692454
11,247,103.076732107755
12,247,57.0988892434768
13,247,98.674849663253
14,247,53.1245223201864
15,247,59.9281622282144
16,247,92.3587053157499
17,247,70.3755278934576
18,247,44.315182845728
1,248,97.2995628300332
2,248,40.39621906704
3,248,58.7241180641501
4,248,50.7458317017408
5,248,64.1549382006522
6,248,71.950457719024
7,248,71.1617074381364
8,248,65.038450880323
9,248,67.6267709100782
10,248,80.0019431481509
11,248,60.0077367611719
12,248,43.3905648771019
13,248,55.3115848014438
14,248,42.6933022893594
15,248,80.5941110636664
16,248,115.810426192837
17,248,52.8497770683482
18,248,54.8194479102679
1,249,62.3054163789679
2,249,92.6898653490724
3,249,76.6932007549991
4,249,83.1373866033445
5,249,90.4647750161867
6,249,80.496071377692
7,249,85.3182645551944
8,249,56.4301432600559
9,249,69.9285744177515
10,249,62.5964353550249
11,249,55.0959120315144
12,249,54.1290185943856
13,249,92.3373083727315
14,249,51.526064233437
15,249,62.5714425024328
16,249,89.2719533078693
17,249,75.3784254915553
18,249,81.7897701944105
1,250,79.0066700071845
2,250,74.3646729766644
3,250,43.1595544813754
4,250,60.5776230498829
5,250,51.1134664974243
6,250,66.941713065874
7,250,113.748043875962
8,250,77.0235482841653
9,250,56.8444568852499
10,250,83.8530161694131
11,250,83.8336507069662
12,250,68.2817702489144
13,250,67.6510599881597
14,250,66.7477296311729
15,250,73.5956780577013
16,250,85.8721362155418
17,250,70.2546442680535
18,250,61.6053877841688
1,251,83.9415614081762
2,251,60.5209483443639
3,251,99.2119102924544
4,251,58.356614836473
5,251,81.8744405388728
6,251,96.3711830801935
7,251,91.0702231872724
8,251,69.1399841127106
9,251,89.4816238777662
10,251,44.8081636550093
11,251,84.6445776431249
12,251,66.2780875064387
13,251,79.8648534605052
14,251,76.2856119063906
15,251,97.9658386481617
16,251,66.5852377894452
17,251,82.2107957974143
18,251,67.0785027332889
1,252,86.7447525094741
2,252,53.9605049655667
3,252,84.0705183524651
4,252,69.69603457459
5,252,76.4628272745624
6,252,61.0001688953146
7,252,79.5555339165062
8,252,122.886469471866
9,252,100.202027836436
10,252,97.3192780661298
11,252,64.0909726349907
12,252,78.1678782920086
13,252,72.1365696139419
14,252,46.2753486420255
15,252,70.0370257966115
16,252,71.3586060049076
17,252,68.0678539656812
18,252,63.3098044051833
1,253,79.4767725764298
2,253,110.037990170361
3,253,98.9965329177384
4,253,88.2592703521677
5,253,72.9338420445532
6,253,72.4613167128392
7,253,96.0261084550521
8,253,92.391053343381
9,253,66.1448872235828
10,253,93.5264717807208
11,253,52.1132829764787
12,253,54.8228837224715
13,253,112.777030228289
14,253,70.5029465979908
15,253,71.6103591032064
16,253,95.8276988816219
17,253,66.7058450755016
18,253,55.6095328786391
1,254,74.2995226688494
2,254,45.9757438117817
3,254,66.2498865157564
4,254,71.2157888850994
5,254,50.6474773845497
6,254,72.1912880533632
7,254,58.1070261401995
8,254,94.2137116536527
9,254,66.8320130825664
10,254,52.2585325850513
11,254,71.5649077783385
12,254,75.7206303811056
13,254,71.3631289321218
14,254,81.6900615252524
15,254,67.7498759608565
16,254,70.5895095745797
17,254,84.242018662044
18,254,114.430732317493
1,255,47.2561466782131
2,255,68.095074737648
3,255,94.6548622401569
4,255,57.9383718475708
5,255,99.7983280726132
6,255,67.9618768681847
7,255,89.3325031469399
8,255,98.1348460297928
9,255,84.4265608981419
10,255,95.7977132465798
11,255,42.5864525188887
12,255,56.8542122457146
13,255,89.0985325494512
14,255,59.5137406961819
15,255,61.9128085670355
16,255,102.152054328546
17,255,76.6603760092553
18,255,77.2779829854726
1,256,69.0618611535026
2,256,46.4809974819703
3,256,47.4899376054819
4,256,72.2868645439198
5,256,78.0071001743908
6,256,50.4935192180984
7,256,45.2817065029424
8,256,92.4463981001589
9,256,82.5449170480838
10,256,82.7773481388042
11,256,91.8701692962241
12,256,87.9088139512327
13,256,55.6976060309962
14,256,94.7158399863456
15,256,53.4418846524235
16,256,60.7058046065426
17,256,80.631127366979
18,256,80.4491196036258
1,257,80.4734217666173
2,257,85.9004313271632
3,257,62.9495800573007
4,257,51.6237170144695
5,257,58.6098347389119
6,257,86.3137511064968
7,257,69.0070816909192
8,257,83.2605233412917
9,257,94.399928697268
10,257,60.6727529287802
11,257,84.8725907126155
12,257,65.7112407637584
13,257,84.6853999258071
14,257,71.6688506996904
15,257,61.8022546607699
16,257,95.3121747971506
17,257,90.123296705019
18,257,59.1720188899474
1,258,69.2493290033598
2,258,136.481456346948
3,258,57.3931997398466
4,258,73.1321334807935
5,258,102.921156890357
6,258,55.961009341883
7,258,133.620637988216
8,258,60.8539559160949
9,258,66.9134092787875
10,258,75.6703630389249
11,258,98.3012432866947
12,258,127.723504114374
13,258,77.8177377910263
14,258,87.2107470155349
15,258,49.0803471411752
16,258,70.441001303911
17,258,38.5016850757407
18,258,69.7850621452829
1,259,106.476243745203
2,259,66.1574483645972
3,259,74.7449801073455
4,259,76.4601418207739
5,259,71.8872713683625
6,259,79.3605085605071
7,259,47.8325340849832
8,259,60.6214899370091
9,259,71.1725326417023
10,259,87.6261069527987
11,259,74.8620428794342
12,259,59.6338956634121
13,259,95.2458094116413
14,259,92.2041570324132
15,259,54.9233522463265
16,259,76.6038286623546
17,259,63.9709302164752
18,259,64.8395071901903
1,260,81.9867832589468
2,260,84.7404585075957
3,260,79.4221169347151
4,260,63.2680731321036
5,260,90.8651495418898
6,260,97.8276487427977
7,260,55.4607036363594
8,260,79.9656940365948
9,260,54.7410013760639
10,260,104.717821198772
11,260,78.8575946359484
12,260,88.8264266413757
13,260,79.7197824341402
14,260,67.3815049572248
15,260,86.3176150812501
16,260,57.007381641869
17,260,51.9125383962192
18,260,60.2991064061449
1,261,75.2697514797455
2,261,61.1405301815371
3,261,63.0468140291366
4,261,93.5408236644015
5,261,60.4171607712119
6,261,98.3480647927087
7,261,62.8930696118001
8,261,72.1595452823339
9,261,59.6676732775355
10,261,64.0910608093658
11,261,54.5994222141223
12,261,76.4615208748323
13,261,93.0570716507877
14,261,76.468646863422
15,261,108.544269887574
16,261,50.0216630228182
17,261,57.4475515472462
18,261,82.1357989511574
1,262,80.4622126797148
2,262,79.2945918873741
3,262,103.449919946737
4,262,113.896271635852
5,262,53.5162792163817
6,262,62.8868588679601
7,262,51.7281812100101
8,262,57.5502415636691
9,262,73.1260016488349
10,262,81.4089930796904
11,262,63.4397987465376
12,262,83.2776238671008
13,262,62.9936679537996
14,262,71.699706164909
15,262,77.6337460712955
16,262,66.3457848743594
17,262,56.8696875022154
18,262,60.3096084025232
1,263,79.9626692038211
2,263,62.8674482392359
3,263,66.8093576777367
4,263,58.7214944317217
5,263,66.919379890736
6,263,70.8791582991677
7,263,63.4492233361035
8,263,65.1342383095811
9,263,59.2328888958769
10,263,90.5808434823533
11,263,120.724900712864
12,263,63.1404009132717
13,263,77.3685509834974
14,263,112.621726958173
15,263,66.6161250076895
16,263,70.0233193496031
17,263,91.1456727175379
18,263,58.1754909353732
1,264,68.0514927259109
2,264,65.1217875354178
3,264,60.592637181347
4,264,86.0349161308625
5,264,69.3258154421054
6,264,127.137692254247
7,264,40.2490220497094
8,264,84.4777514398616
9,264,57.3420862816024
10,264,69.7043824682793
11,264,55.1685942974027
12,264,85.9226863494931
13,264,107.498121601124
14,264,76.5673394940488
15,264,59.2803774814641
16,264,111.325886164856
17,264,71.7510164139903
18,264,80.0060724917012
1,265,74.9282921619755
2,265,72.7907374717095
3,265,79.266529052875
4,265,57.0293892474903
5,265,100.026354947573
6,265,86.000630346345
7,265,69.5955135456327
8,265,91.0109045583812
9,265,51.3497371220891
10,265,95.3345803029636
11,265,71.649529322204
12,265,84.9232035848894
13,265,60.4415061992493
14,265,56.5780684228274
15,265,67.3638294441443
16,265,99.8254990204864
17,265,92.1231493446798
18,265,108.135157181728
1,266,73.1979178363046
2,266,61.5063584951682
3,266,109.570411607195
4,266,51.9308641144665
5,266,67.9881177117664
6,266,78.7520540975553
7,266,54.4311221625669
8,266,49.2831683832887
9,266,83.4628486342621
10,266,111.473185902988
11,266,61.9238598168801
12,266,61.2269900158849
13,266,55.5337367928471
14,266,103.489339629616
15,266,63.5946141210516
16,266,57.284969152236
17,266,61.6129026875944
18,266,65.5729397670195
1,267,61.8711947791779
2,267,81.8940857807417
3,267,73.8407340568384
4,267,81.3302327355754
5,267,64.5276416981781
6,267,86.8764234058779
7,267,43.8569252591214
8,267,88.8819225027921
9,267,80.8750003721961
10,267,66.6570629779503
11,267,85.1997662898902
12,267,53.535355009322
13,267,60.7032332933627
14,267,73.6721037249986
15,267,48.3347925571789
16,267,68.0647046238023
17,267,69.7682778358911
18,267,65.7572110913755
1,268,51.9222226891686
2,268,89.7819495854858
3,268,52.6252749092481
4,268,50.438719427316
5,268,64.045611057208
6,268,99.8191587009653
7,268,69.5869339999367
8,268,73.9118703627543
9,268,64.3465647272603
10,268,82.530083227791
11,268,84.6478823893701
12,268,90.0505464040236
13,268,102.214010230683
14,268,56.8313119619132
15,268,65.0453800854353
16,268,79.5830711247998
17,268,85.055515549472
18,268,70.0167970314026
1,269,85.2553442932252
2,269,64.0067030940769
3,269,71.0452908738899
4,269,87.2514094670909
5,269,42.901525691293
6,269,77.348964423356
7,269,85.8201537504244
8,269,64.5962478723511
9,269,80.2108504899486
10,269,58.2052153612744
11,269,76.5394903442466
12,269,68.2496934938761
13,269,73.5443600322083
14,269,55.1763451630222
15,269,68.6287475051569
16,269,61.4467419179698
17,269,62.3566045883308
18,269,94.306348321676
1,270,61.2252988620507
2,270,68.8095833186281
3,270,72.2633185369071
4,270,70.4749300022934
5,270,87.3661283310741
6,270,73.3647461012816
7,270,80.339555209543
8,270,58.8097617146984
9,270,63.880572158327
10,270,64.3216902061828
11,270,81.9130270400609
12,270,91.0802301553951
13,270,62.5946523088813
14,270,40.1677038981985
15,270,55.8892333059488
16,270,59.2271599735626
17,270,100.092245376542
18,270,74.693599341947
1,271,100.831763767991
2,271,84.0407803420889
3,271,53.5329664834967
4,271,76.3039872420579
5,271,60.9713718101279
6,271,75.809532726915
7,271,71.1770322471489
8,271,67.6497439064652
9,271,66.8353264812474
10,271,112.351328508657
11,271,111.864420527796
12,271,60.2834986844712
13,271,78.9918244577645
14,271,89.3816654904795
15,271,93.6165663962911
16,271,58.1317380373017
17,271,96.7490363828319
18,271,59.150138935681
1,272,71.1899431571989
2,272,74.8323996166148
3,272,43.7902177558345
4,272,70.6196273861441
5,272,46.1353613636447
6,272,45.2503240870531
7,272,77.7270664160582
8,272,76.6450263369024
9,272,88.4180128934336
10,272,74.5865579306152
11,272,64.2856355242494
12,272,63.8209060351458
13,272,93.5689344636465
14,272,100.247896320445
15,272,84.979038983106
16,272,74.5082360863519
17,272,69.7300158143515
18,272,109.655204823501
1,273,42.1441959744608
2,273,87.2697865100431
3,273,69.7864737361674
4,273,51.7263112594259
5,273,91.0623508538458
6,273,61.0740177172317
7,273,84.2100885605169
8,273,80.5302297671084
9,273,74.9717393570876
10,273,45.5373001305067
11,273,74.4185813961195
12,273,68.5983173410997
13,273,62.9427353839563
14,273,53.9201458438471
15,273,55.0127913291878
16,273,61.3336177000439
17,273,101.674094181315
18,273,85.6850977059506
1,274,76.718666857747
2,274,108.654069944678
3,274,110.097549974035
4,274,92.9662735629565
5,274,51.1140296929979
6,274,102.301520160049
7,274,69.2809948498886
8,274,65.171012086743
9,274,74.8270119544504
10,274,70.6377767449019
11,274,60.9485879846761
12,274,90.1610940327909
13,274,63.1957883504292
14,274,59.4076082320478
15,274,69.781306893584
16,274,62.7684516820686
17,274,75.859026377153
18,274,71.0327468413751
1,275,70.160347080716
2,275,85.8634467963341
3,275,48.9106279094266
4,275,77.2976859168506
5,275,94.2999247432267
6,275,86.0201433674839
7,275,122.580377948455
8,275,61.4281000621011
9,275,53.9689051307991
10,275,73.0479984269594
11,275,47.5577834115638
12,275,92.7067943073612
13,275,59.4792925008241
14,275,81.9050370065511
15,275,66.5211144070394
16,275,41.5359707123892
17,275,72.4185324638302
18,275,57.6750826855222
1,276,93.3726698049659
2,276,39.1306932962448
3,276,71.5526249001158
4,276,57.5330014393477
5,276,93.4006437110338
6,276,62.5996769400865
7,276,92.1003391909724
8,276,62.8183504581136
9,276,79.4954897691337
10,276,96.8611513454644
11,276,65.1932209430168
12,276,118.122206130687
13,276,89.9938280603169
14,276,98.077594389429
15,276,42.2059353029161
16,276,70.3145166126513
17,276,47.8265986488848
18,276,85.1180857803445
1,277,94.030451475393
2,277,58.9754260019928
3,277,68.6306264314344
4,277,47.9633925915897
5,277,93.5418974832193
6,277,108.21971602851
7,277,47.5255323550539
8,277,48.8609741783038
9,277,92.4063168416242
10,277,104.837557436641
11,277,74.8161176274259
12,277,73.9053951477159
13,277,66.8835509770733
14,277,73.7669044099251
15,277,65.5832952682718
16,277,122.26635647306
17,277,63.1035155882313
18,277,41.299769206505
1,278,86.3065473809879
2,278,53.4905384368491
3,278,84.0974976029455
4,278,48.668632107565
5,278,70.8950131034765
6,278,74.691245161962
7,278,73.5430800703207
8,278,46.5474992879525
9,278,50.8224697698134
10,278,56.0599889875412
11,278,114.3841608348
12,278,67.7839834879683
13,278,102.445558967752
14,278,70.5647821682858
15,278,62.1652846595128
16,278,102.270084172425
17,278,56.7769168548609
18,278,106.36258911493
1,279,87.3908094778146
2,279,74.1690161922947
3,279,81.1231834041451
4,279,76.8406530961023
5,279,67.8681268901092
6,279,64.7000066406015
7,279,61.1536737792936
8,279,104.470699604121
9,279,83.9517482157557
10,279,75.6243183912758
11,279,57.9095280931386
12,279,83.9774425997279
13,279,53.8036688734028
14,279,57.5624793806092
15,279,126.774475099768
16,279,52.8885633280316
17,279,62.7405055343771
18,279,67.4404494835717
1,280,65.0125488490885
2,280,54.4848250006994
3,280,71.1000197953525
4,280,54.5585140411303
5,280,97.9033209094257
6,280,78.5761398652968
7,280,91.9302782316242
8,280,53.7591577882332
9,280,70.4459494834654
10,280,84.6665757368639
11,280,75.6640328043251
12,280,70.142261466635
13,280,54.5182193143797
14,280,65.8161776564499
15,280,68.6038215439326
16,280,55.7730242611696
17,280,90.6955704815841
18,280,117.729329495073
1,281,105.641221878239
2,281,76.1403587081394
3,281,75.4826987936244
4,281,88.51925492691
5,281,57.9734218557964
6,281,81.8560387808048
7,281,79.3175077410541
8,281,40.9808401655143
9,281,108.119550614684
10,281,55.4205240629519
11,281,40.2937671281496
12,281,69.8958557287466
13,281,78.1342811361302
14,281,77.6870829718366
15,281,72.3027807528026
16,281,51.3298987391821
17,281,85.5580017748785
18,281,106.79850783477
1,282,56.6335393566396
2,282,78.356814618703
3,282,66.6681096175714
4,282,74.9794659432165
5,282,91.8794414394384
6,282,74.7671590162616
7,282,112.273835578309
8,282,70.1902576588624
9,282,97.0197619705528
10,282,64.2201737627646
11,282,69.6865631095161
12,282,67.4377476111005
13,282,80.000637426673
14,282,81.495205927542
15,282,75.8928735328355
16,282,88.189447418697
17,282,58.5300512326546
18,282,64.0354462916926
1,283,89.0163934678242
2,283,97.2412465100063
3,283,82.9900576262688
4,283,80.9491838547572
5,283,82.8246693696045
6,283,85.3802466252856
7,283,72.5231224961296
8,283,69.3232553906861
9,283,78.9107414688477
10,283,64.2652514360891
11,283,69.0484934822635
12,283,70.8622636902214
13,283,46.8855110879183
14,283,78.601518974743
15,283,80.643158787481
16,283,71.5289481078239
17,283,118.851176372977
18,283,69.6791753673337
1,284,86.0958120346181
2,284,77.4613167386585
3,284,90.3210663287652
4,284,83.9013088901495
5,284,64.6078572465707
6,284,77.7881326165682
7,284,78.1728828196634
8,284,80.3360789175733
9,284,89.4791670095175
10,284,84.7573518402514
11,284,75.7356929624872
12,284,65.4456557770821
13,284,95.4817252060044
14,284,74.7426400974738
15,284,69.472597394467
16,284,60.1372384698863
17,284,72.9480071042907
18,284,74.9259294691664
1,285,58.8174992476181
2,285,49.3477954826924
3,285,72.8759246256576
4,285,59.0936415319293
5,285,104.831595927454
6,285,58.399534090881
7,285,50.8436257118756
8,285,70.3306361664286
9,285,77.2629898707098
10,285,79.6615343604976
11,285,74.3955289737865
12,285,77.842755895257
13,285,60.4643606561519
14,285,76.7456967646706
15,285,61.9067598067814
16,285,63.4224763270352
17,285,75.5320823985512
18,285,84.0593847975302
1,286,61.49593923137
2,286,48.3556883583196
3,286,56.7620390489421
4,286,43.4556043202531
5,286,78.9739383250762
6,286,86.3391869750269
7,286,110.284957581507
8,286,62.710487616218
9,286,66.7078365104915
10,286,68.142242171542
11,286,78.6427395548815
12,286,58.5684272840055
13,286,95.0006024923437
14,286,64.6423801827897
15,286,89.2186417938667
16,286,45.956202613894
17,286,70.6067920316994
18,286,73.4217242413958
1,287,62.4944826707908
2,287,62.6917643781521
3,287,65.1395224452838
4,287,70.4461388010783
5,287,95.3437980139668
6,287,56.2243294516855
7,287,75.6541668035316
8,287,62.9818140973609
9,287,106.595393506266
10,287,109.850589560437
11,287,82.0167497668593
12,287,74.1467274424767
13,287,106.855885555018
14,287,63.7141013656799
15,287,71.3595787231849
16,287,92.9654752081722
17,287,76.8754454230285
18,287,60.6098458632386
1,288,78.2348771905905
2,288,66.7598263772596
3,288,117.074293289872
4,288,66.2523867037414
5,288,88.3692229918834
6,288,71.3958054075111
7,288,94.669256874411
8,288,87.8877783169085
9,288,58.0729773231946
10,288,77.5045301623848
11,288,68.4025516678606
12,288,78.6987448539046
13,288,74.499456227808
14,288,78.479188495221
15,288,69.7096166412465
16,288,94.327466154927
17,288,74.0867365693133
18,288,50.0756429122025
1,289,77.3742770623202
2,289,71.5969902338987
3,289,98.8327433802806
4,289,51.2808353636059
5,289,47.3089078406982
6,289,84.4725043658676
7,289,96.4316884942567
8,289,77.8928274709358
9,289,97.5781735852962
10,289,91.8580016920762
11,289,56.6937007619217
12,289,94.4564573287165
13,289,59.1816422124856
14,289,100.363811431108
15,289,96.0745003136823
16,289,75.780490021816
17,289,100.23783835814
18,289,66.407620271307
1,290,88.5957339142465
2,290,39.4786560319022
3,290,53.2273997514267
4,290,75.0370323437452
5,290,67.1127507232929
6,290,43.520931186334
7,290,55.6638343556355
8,290,111.084812715004
9,290,57.9248467805699
10,290,73.6475347726616
11,290,66.5060038819158
12,290,74.0239453809828
13,290,65.0696300449374
14,290,69.8312981745987
15,290,71.9812510540022
16,290,44.7495075521201
17,290,73.1488506472873
18,290,79.1142397747091
1,291,74.6458984805983
2,291,100.48742411909
3,291,73.1758030120668
4,291,80.9044554067828
5,291,49.8000719350516
6,291,75.4463381344254
7,291,47.6286750234834
8,291,123.212086315792
9,291,67.5794381684943
10,291,76.5874474643773
11,291,84.4271043762126
12,291,53.7561249469774
13,291,86.7690496702226
14,291,53.4660730447078
15,291,75.4560424885512
16,291,61.4232302428779
17,291,64.0620579244745
18,291,81.2228487043306
1,292,75.6891935012193
2,292,64.4058329903238
3,292,64.1085259037549
4,292,72.3193104781347
5,292,73.2443302745115
6,292,91.0249083995026
7,292,66.1929142854549
8,292,71.6999207304281
9,292,118.242120233716
10,292,53.389706315106
11,292,80.6506724876602
12,292,80.1345051819667
13,292,66.2951151728015
14,292,61.0300012449126
15,292,53.6593123084442
16,292,49.8411731324594
17,292,67.2991781788227
18,292,102.732909671573
1,293,77.6098939421883
2,293,106.328633217808
3,293,61.276740065536
4,293,84.5862309291033
5,293,73.1372767416398
6,293,75.4834342720054
7,293,76.5229837127008
8,293,81.9319744102695
9,293,68.8360826746874
10,293,87.5988696919933
11,293,79.8004161996874
12,293,71.0067901189184
13,293,74.4671804237388
14,293,52.2536568034661
15,293,66.1512914839635
16,293,68.0346362101668
17,293,96.0213781024008
18,293,85.7613587289978
1,294,58.3830970019338
2,294,61.6226676671201
3,294,112.747252383035
4,294,49.2773770844968
5,294,76.3590632160796
6,294,74.3656281231275
7,294,60.7137140682495
8,294,50.858098045908
9,294,67.0530589622588
10,294,132.803841156512
11,294,67.7898249855303
12,294,68.0332511116764
13,294,72.0504608167859
14,294,52.4654739113497
15,294,90.5516490469393
16,294,86.319700567307
17,294,64.3169383193201
18,294,76.8964140417281
1,295,63.7964842869126
2,295,81.8549858493889
3,295,46.2944970516691
4,295,73.5295321710983
5,295,84.829577157423
6,295,109.783860411795
7,295,59.9167653947476
8,295,57.733466137809
9,295,72.7775513310765
10,295,75.6049583716066
11,295,82.8562335891907
12,295,68.3274419021014
13,295,66.8586112531731
14,295,112.523042925949
15,295,71.2980967491307
16,295,87.7660130537693
17,295,88.8943612997117
18,295,65.5524872787515
1,296,109.749266238838
2,296,54.9312964509014
3,296,58.1787966900765
4,296,94.8471898773382
5,296,50.5728009074106
6,296,81.9564269085275
7,296,77.8728010808418
8,296,89.0462439983905
9,296,88.5465488911266
10,296,60.1661476610935
11,296,63.7440857717072
12,296,92.9796335087152
13,296,88.4623411232055
14,296,55.0356895467273
15,296,56.8101414676977
16,296,55.2975771472854
17,296,72.2848236456389
18,296,72.3697217276027
1,297,119.33940204601
2,297,81.5709544263884
3,297,69.6898721801359
4,297,64.4934192020493
5,297,65.4437579846885
6,297,64.1996259274585
7,297,58.8991737185523
8,297,77.6566798066147
9,297,41.4842787128132
10,297,53.2718962708298
11,297,86.153137540626
12,297,71.3696791552322
13,297,83.1834888148308
14,297,63.118728653661
15,297,96.6472342980801
16,297,65.2738922839433
17,297,79.7804028296344
18,297,70.629623020866
1,298,77.5739451428749
2,298,64.6573810330101
3,298,94.2145647467285
4,298,60.2399689470493
5,298,136.182653671593
6,298,67.0348696266315
7,298,71.756079789567
8,298,60.9069036087817
9,298,84.7166853510899
10,298,79.0516342723693
11,298,85.6934335931925
12,298,82.2208021721206
13,298,63.0594857414776
14,298,94.1970855218678
15,298,52.5500730360159
16,298,78.1811158142799
17,298,86.8430983970388
18,298,51.7751499531193
1,299,63.4667326403764
2,299,68.4639667815567
3,299,41.6997965711775
4,299,72.6474804055815
5,299,106.977783924663
6,299,54.3201954237413
7,299,51.8097955763263
8,299,61.7054429018491
9,299,69.5892325699814
10,299,72.7159217757793
11,299,71.4567482650633
12,299,69.9938594401831
13,299,119.990725800112
14,299,68.2653818040282
15,299,52.6876065731845
16,299,51.6637959460094
17,299,73.6313102149258
18,299,64.1728932327515
1,300,99.8082774929559
2,300,67.6487577520853
3,300,71.8390251201343
4,300,52.4300058830378
5,300,66.0596111760825
6,300,70.9977531227923
7,300,50.2222757483933
8,300,59.9193778624502
9,300,61.044126811013
10,300,85.9497242917451
11,300,77.3096752207736
12,300,85.0628350220786
13,300,103.649760530733
14,300,66.6944665063572
15,300,94.6490883943086
16,300,68.3299587675958
17,300,92.456899639563
18,300,52.0367678321573
1,301,58.487673835283
2,301,91.0848434786026
3,301,107.366633026753
4,301,76.9345307748369
5,301,62.7485930035658
6,301,86.2971279432859
7,301,70.5444310659934
8,301,67.7488384447149
9,301,73.7890782324886
10,301,96.4968513251922
11,301,56.3044282806415
12,301,69.0059548978309
13,301,86.2329179342152
14,301,43.3281131828965
15,301,96.7572427033631
16,301,61.2101699664929
17,301,53.6317548304372
18,301,74.406499991093
1,302,120.800768211451
2,302,65.7245576664945
3,302,48.807475630413
4,302,72.7776947502071
5,302,90.5413622304369
6,302,66.7168457720716
7,302,80.6607158309953
8,302,101.463730820917
9,302,47.4621253699681
10,302,81.9184571160515
11,302,63.3330238107792
12,302,68.1197009391836
13,302,127.589846350471
14,302,80.2772663275876
15,302,93.5967788908814
16,302,58.1035253720618
17,302,82.2054105544145
18,302,72.1999680086191
1,303,72.9754563702734
2,303,89.1159896893351
3,303,48.7385252528483
4,303,98.7730053072548
5,303,133.891160328866
6,303,64.1392476663918
7,303,85.0905400829324
8,303,125.438594245325
9,303,55.4744049382508
10,303,77.1781372593439
11,303,130.067840588807
12,303,53.9996997428424
13,303,86.4796081330411
14,303,80.6877069098987
15,303,69.7178320241422
16,303,77.4854154442412
17,303,65.0982210313657
18,303,92.5230966100004
1,304,63.3934471108578
2,304,47.9517287630242
3,304,85.3363250393514
4,304,90.6289036112239
5,304,71.4407981417895
6,304,59.709957977327
7,304,68.9127066859821
8,304,52.2255747049262
9,304,54.4758323330019
10,304,89.8800722220552
11,304,45.7329375580545
12,304,80.4433899065514
13,304,66.5174061650593
14,304,49.2772960259999
15,304,71.3773205664039
16,304,73.5433569089093
17,304,100.732735188499
18,304,121.78576725578
1,305,120.327344685413
2,305,102.857687890939
3,305,112.224917243844
4,305,93.2938772059921
5,305,64.3539324182104
6,305,78.5418926598377
7,305,49.5567855726845
8,305,61.0246703067729
9,305,57.314176883153
10,305,56.996776050826
11,305,100.292795819421
12,305,86.4539969654198
13,305,76.4719034003703
14,305,72.0416502905332
15,305,97.4896593582119
16,305,92.0537394649048
17,305,54.2728984467517
18,305,45.7343870586251
1,306,52.608503566408
2,306,68.7997928729931
3,306,72.0922258226823
4,306,107.195500459935
5,306,79.9126043167375
6,306,82.2205621206434
7,306,94.1684612888673
8,306,71.1280259358367
9,306,55.2945515027431
10,306,59.160002652011
11,306,49.5555379807226
12,306,53.132275896555
13,306,48.0637830676839
14,306,86.1908357251154
15,306,56.564845455235
16,306,86.6369313369889
17,306,137.005096508372
18,306,65.6934147554294
1,307,69.0362538102047
2,307,88.9544073181052
3,307,72.8898659767128
4,307,60.0362971221862
5,307,49.1048460663503
6,307,76.6604344562739
7,307,69.3773623371766
8,307,77.543638744219
9,307,80.8094730898391
10,307,105.72542677121
11,307,78.1612122018427
12,307,95.7589289080004
13,307,71.3820807257302
14,307,88.1144921842707
15,307,67.5609303315777
16,307,73.4200000806778
17,307,70.1334165697138
18,307,58.5008913264194
1,308,53.4417763948332
2,308,68.9250954026467
3,308,48.9989489762747
4,308,78.4887855747442
5,308,89.9988175502592
6,308,58.8047369151784
7,308,75.0138805944185
8,308,53.3862391711616
9,308,95.0062457194634
10,308,70.975801599897
11,308,107.793610168367
12,308,72.9746926709736
13,308,121.392560074581
14,308,80.7678039632096
15,308,67.9351037962755
16,308,90.8627373881774
17,308,76.9094450782532
18,308,63.0989305677617
1,309,86.3161767285464
2,309,79.3565832423663
3,309,82.3469805419861
4,309,63.3596412276884
5,309,70.2124866849414
6,309,88.4159576467215
7,309,101.236179916176
8,309,79.6842922111116
9,309,62.9097822811443
10,309,86.1801876642143
11,309,77.6072148881879
12,309,91.6072108437197
13,309,49.5135901017571
14,309,64.1926155347922
15,309,80.229577443033
16,309,50.9142176896052
17,309,127.961205002746
18,309,62.428441093094
1,310,83.1259190193156
2,310,47.3992717172515
3,310,130.003262694755
4,310,83.468504779416
5,310,63.113696074479
6,310,73.2234062629481
7,310,58.8550094215265
8,310,49.2179985607954
9,310,59.7902382105251
10,310,61.0759823166938
11,310,98.5947458837248
12,310,81.6880141816697
13,310,63.432479933328
14,310,73.0585340258096
15,310,98.6666890585264
16,310,60.8331178600979
17,310,84.3648697264105
18,310,60.0032907330114
1,311,90.1683994203985
2,311,98.6106872832978
3,311,65.5836261404231
4,311,83.6022246211292
5,311,42.4570788745108
6,311,76.3095739565607
7,311,78.8642326688434
8,311,81.634828366014
9,311,99.8718242923048
10,311,61.4841021192831
11,311,98.6925199630274
12,311,55.6532794429398
13,311,47.2024176169242
14,311,122.924907636531
15,311,87.6742669427636
16,311,86.1118637451708
17,311,85.5464788834557
18,311,67.8540176630498
1,312,91.1720539166599
2,312,100.099652075411
3,312,50.6838074419659
4,312,52.4544489427264
5,312,57.8233427931004
6,312,77.6205918346215
7,312,38.8233936353499
8,312,71.8912785505289
9,312,54.6103185488974
10,312,69.6783611259375
11,312,50.3446732670675
12,312,99.1840633051322
13,312,66.4885646200691
14,312,70.7863841081384
15,312,102.718321737315
16,312,55.7711612583825
17,312,52.0152761126909
18,312,65.8785044449631
1,313,61.3213980295315
2,313,80.8388224530734
3,313,68.0824297471997
4,313,54.5685117971322
5,313,68.487626639687
6,313,82.7595881631736
7,313,51.050019941739
8,313,87.2947658732348
9,313,89.1090511658221
10,313,110.443563672032
11,313,67.6912551934284
12,313,76.2766752209096
13,313,62.2477520278334
14,313,67.3016478544646
15,313,53.3214282917847
16,313,99.7679077546243
17,313,50.785522109062
18,313,83.5728095538659
1,314,60.8681581723912
2,314,54.8892401200454
3,314,98.2446046458374
4,314,77.7254469717101
5,314,82.6787472267667
6,314,72.8470664983575
7,314,84.6346249776337
8,314,100.245262048006
9,314,69.3781205948929
10,314,101.513025214341
11,314,40.0157643334472
12,314,84.7575625299004
13,314,76.3149996565307
14,314,75.7106307416101
15,314,78.7539780742647
16,314,60.5245309944053
17,314,66.9552059845442
18,314,98.7495800101802
1,315,66.9913577847281
2,315,100.150607159617
3,315,65.8440940167242
4,315,53.0713998588508
5,315,104.861337095059
6,315,69.9688757026418
7,315,104.617829633551
8,315,53.490249282018
9,315,73.7037444532348
10,315,62.7526042272059
11,315,113.441549139195
12,315,94.4210760129699
13,315,78.6605093600752
14,315,63.8536574201664
15,315,91.0748762709728
16,315,83.750346838651
17,315,50.4003373659179
18,315,97.7414330301953
1,316,86.0459165774792
2,316,64.9512381228089
3,316,135.854813847508
4,316,87.1070868593027
5,316,65.123395941938
6,316,96.8480162492608
7,316,85.9559556055412
8,316,70.5990883937182
9,316,43.094146395913
10,316,61.601039358484
11,316,68.9561112392449
12,316,82.0297794374505
13,316,76.0639293851831
14,316,74.9887161174222
15,316,106.530040335138
16,316,68.6429700596159
17,316,54.5234815631203
18,316,60.4729442213504
1,317,70.9095351470848
2,317,66.4987796351615
3,317,48.0520278242196
4,317,85.246636161177
5,317,90.140219827247
6,317,62.9806810887779
7,317,80.1861313852006
8,317,64.5127511785032
9,317,65.3434380759488
10,317,83.3627551254291
11,317,75.812765919672
12,317,58.877023176725
13,317,62.0524692397329
14,317,83.3821790650718
15,317,59.7074379903208
16,317,62.7165741712348
17,317,101.187763581647
18,317,79.4761399718589
1,318,67.8635736769759
2,318,53.7230686849284
3,318,92.5603911708723
4,318,60.9536159129601
5,318,79.4932346297916
6,318,96.3224936190809
7,318,67.0553825643197
8,318,98.1599791703643
9,318,56.7141878539113
10,318,47.8120522895023
11,318,75.7750419206235
12,318,97.3530713133112
13,318,66.3388082958649
14,318,68.3407677075578
15,318,90.6901100994529
16,318,65.1503148972738
17,318,56.2873194452348
18,318,59.4601855893306
1,319,66.6616042883567
2,319,50.0362438386853
3,319,93.3496158352889
4,319,78.4596496503239
5,319,88.74212373293
6,319,111.29366495317
7,319,90.0719877396649
8,319,104.674671055712
9,319,66.4916582762148
10,319,99.9069972752735
11,319,52.6427947760017
12,319,90.0381678094201
13,319,115.667498133697
14,319,120.987892728314
15,319,73.901209098475
16,319,84.3967502307692
17,319,59.9449718360087
18,319,49.4672628189004
1,320,69.5634611334932
2,320,76.3469510018025
3,320,71.1061582185125
4,320,55.8130242357449
5,320,50.3317408405737
6,320,89.1687913975578
7,320,89.5246547896399
8,320,65.151916541997
9,320,113.470638104942
10,320,75.9184316156316
11,320,94.6860178915718
12,320,57.7973325723882
13,320,86.1254003732066
14,320,88.5356221073808
15,320,75.9744805759142
16,320,93.3961438865691
17,320,65.659773243212
18,320,44.659765498121
1,321,63.5529418873755
2,321,91.1463591837197
3,321,45.5597386233473
4,321,50.9858552122819
5,321,75.5513308455792
6,321,74.1579981059158
7,321,101.885350795037
8,321,70.2498558219018
9,321,80.8187176731335
10,321,79.616964702168
11,321,86.3225428764381
12,321,93.5491818242975
13,321,52.1330191178822
14,321,63.0676051917071
15,321,91.1316836747249
16,321,45.4941638451885
17,321,43.9436009944125
18,321,80.1214078821205
1,322,70.4890413602517
2,322,66.1720718387624
3,322,88.2531396601934
4,322,92.308135968599
5,322,92.9107662709154
6,322,73.995473536236
7,322,67.9728631752089
8,322,80.0376496354359
9,322,41.4201292663481
10,322,54.9372044805038
11,322,89.1944520409787
12,322,72.7409295490968
13,322,54.2794581538463
14,322,101.076651736692
15,322,86.2512613409462
16,322,60.1070610218392
17,322,71.021812307803
18,322,72.9293982258522
1,323,71.7895167764079
2,323,64.9864409659444
3,323,67.0465183530859
4,323,88.011870415777
5,323,86.7087155730689
6,323,88.8584403362471
7,323,103.428312365139
8,323,84.610174548926
9,323,82.7404772938822
10,323,86.5834204522655
11,323,71.5601135778368
12,323,87.6335614375067
13,323,117.310108584173
14,323,73.5233126591481
15,323,91.8651455203846
16,323,71.5105624006511
17,323,64.5169597666802
18,323,90.0844951080584
1,324,85.7570468726473
2,324,65.3769393463489
3,324,105.935510540099
4,324,43.7731413301495
5,324,67.3013139161319
6,324,66.456155515777
7,324,74.0879665559803
8,324,73.9347553761582
9,324,117.639851949346
10,324,46.6804261343888
11,324,90.853219994123
12,324,62.5399523231855
13,324,93.3729231141965
14,324,63.3974065195042
15,324,83.4240902184154
16,324,67.7273718895036
17,324,60.4771495197232
18,324,54.2384025555787
1,325,58.4682463366982
2,325,64.5899238146546
3,325,71.6930625233501
4,325,80.9267448759754
5,325,67.2661126941266
6,325,93.4731255927957
7,325,56.5022603638125
8,325,82.8383917174795
9,325,95.7138799963731
10,325,86.312876340181
11,325,67.1570883268374
12,325,66.3972769393123
13,325,51.1167560339983
14,325,50.6242153246504
15,325,89.4245370696357
16,325,71.4245073034805
17,325,52.5852186717412
18,325,87.6057046808197
1,326,85.4836719658659
2,326,40.074500625784
3,326,108.444420353693
4,326,101.50020759434
5,326,54.5272168311785
6,326,59.8755142469855
7,326,71.2751179596636
8,326,74.4034934022985
9,326,51.9040764256992
10,326,66.7246136376927
11,326,134.476137410042
12,326,91.5388572022753
13,326,95.1631618757139
14,326,58.0023321908616
15,326,63.7432493396406
16,326,54.0747857429927
17,326,78.2903862916364
18,326,75.8047674036688
1,327,125.137423463972
2,327,66.6074014819521
3,327,68.0676406525687
4,327,57.4546385535741
5,327,79.0270631036319
6,327,62.7884777273808
7,327,53.7104777288514
8,327,71.4234203255213
9,327,57.8803925708861
10,327,60.9271424585257
11,327,81.3397993978341
12,327,93.9689330878203
13,327,93.0583175541855
14,327,69.9635145963656
15,327,74.0421087770124
16,327,58.1411139658217
17,327,77.4921131211979
18,327,97.9802926648205
1,328,61.1687104407964
2,328,93.7673175954754
3,328,63.4045733764251
4,328,85.8306809559156
5,328,53.671923844763
6,328,80.6844704073014
7,328,102.504548368546
8,328,68.8584383079671
9,328,51.0795976755898
10,328,107.799750835383
11,328,63.0746121877844
12,328,60.903882768188
13,328,62.4218026439719
14,328,56.6242450196513
15,328,77.3123012350098
16,328,81.1545132308039
17,328,71.1625385673096
18,328,88.2985310736732
1,329,78.6444403642628
2,329,55.8247803367978
3,329,90.2282043114458
4,329,53.9366751840612
5,329,68.9043145171277
6,329,67.3839739326432
7,329,63.8344531586637
8,329,95.6432780729506
9,329,70.5560592789971
10,329,81.3743313579248
11,329,68.888237907284
12,329,58.7073955865972
13,329,87.9081027083192
14,329,55.8169058413058
15,329,93.593357718404
16,329,124.71870666124
17,329,81.3843615886788
18,329,87.6270884713949
1,330,82.0780223726662
2,330,100.106263774943
3,330,54.448973962511
4,330,59.1240416986767
5,330,79.1224970124736
6,330,75.1333569593521
7,330,51.6539897317087
8,330,47.7212538090424
9,330,61.6981705289687
10,330,107.253563391927
11,330,118.046210617539
12,330,83.9651995248471
13,330,51.4313253596638
14,330,92.8740989282588
15,330,62.8909916348024
16,330,73.5760112604608
17,330,85.0372426403521
18,330,107.669979228039
1,331,80.1035004422342
2,331,63.4331622829193
3,331,84.7578271618433
4,331,88.5644834038533
5,331,96.7289156566917
6,331,96.853917618135
7,331,73.2566790465235
8,331,54.1805017396579
9,331,79.4709507755737
10,331,49.6428667268687
11,331,97.8367508676484
12,331,78.7999497082241
13,331,84.3251499176223
14,331,71.6987422859812
15,331,40.9339230077085
16,331,65.1795707532987
17,331,96.7794371419735
18,331,71.2309116339218
1,332,94.8853502336256
2,332,56.8953871907245
3,332,72.3508098628407
4,332,61.7338314446593
5,332,66.5796615837386
6,332,68.9876977366776
7,332,117.997453550254
8,332,78.0599276208081
9,332,74.5186737460285
10,332,113.201735936681
11,332,67.5548824770619
12,332,86.1554292057906
13,332,58.8530598382929
14,332,95.1755993821543
15,332,52.1738715425545
16,332,67.9108174388656
17,332,99.263240670758
18,332,95.383530481158
1,333,71.6147886040384
2,333,42.2775521078978
3,333,109.504275214137
4,333,62.5648994577225
5,333,91.8754316209833
6,333,46.2976926589184
7,333,60.6901946906768
8,333,104.502080294914
9,333,76.86174239528
10,333,83.5613363370514
11,333,91.1221837805984
12,333,49.4876301925668
13,333,70.2808324461553
14,333,76.6979118094119
15,333,100.560055772436
16,333,55.9617493968348
17,333,75.0450830271293
18,333,85.4431838093747
1,334,126.179716408187
2,334,112.667161223941
3,334,43.6162464548988
4,334,77.2145260603771
5,334,79.408109359643
6,334,93.7603568693149
7,334,60.8419015825973
8,334,91.1938467262656
9,334,60.3304913968565
10,334,71.1942465581502
11,334,79.0028574261069
12,334,64.6956497702606
13,334,71.4685548386535
14,334,111.844621903524
15,334,69.6002920038832
16,334,51.787179458169
17,334,86.4524433471279
18,334,61.7002941947932
1,335,71.2513917733378
2,335,85.3605200178808
3,335,80.4457916249207
4,335,102.819508736336
5,335,63.6943519143407
6,335,65.7251991952114
7,335,61.7974854100756
8,335,74.5683088251227
9,335,124.74049696132
10,335,68.8336893601655
11,335,70.2123266542743
12,335,80.4826755486148
13,335,50.5846260830368
14,335,97.7072292330166
15,335,74.9313545268868
16,335,62.8229680107265
17,335,78.5296222820348
18,335,67.206966205341
1,336,74.3928690719782
2,336,69.3491818419131
3,336,106.528030309122
4,336,63.776387138364
5,336,97.2403238323011
6,336,75.6755150528729
7,336,69.3066791664124
8,336,59.8201827752927
9,336,65.207949364836
10,336,71.8449881805984
11,336,98.3156344788759
12,336,62.7139646406564
13,336,105.514403413692
14,336,65.6680492163722
15,336,66.0996608494187
16,336,60.7999362958433
17,336,76.7294836186164
18,336,105.79880838005
1,337,64.1165910112624
2,337,68.0928087151127
3,337,74.4113341587269
4,337,74.7035265795854
5,337,56.8234804318601
6,337,89.0547122752288
7,337,50.1909530863552
8,337,55.0108740788647
9,337,65.9612433671671
10,337,66.2953973925509
11,337,97.1188064045169
12,337,66.6055386629976
13,337,66.8582574953188
14,337,71.6723089154823
15,337,100.948758394087
16,337,106.796542009163
17,337,54.4221623937394
18,337,78.2170850564359
1,338,49.7360686756824
2,338,57.1431898067193
3,338,65.4937390454202
4,338,57.883182116753
5,338,79.241318498149
6,338,64.5119023378496
7,338,73.2966672221406
8,338,101.134108190959
9,338,93.3169977823537
10,338,42.9350525727502
11,338,71.8174933679828
12,338,75.7997052178363
13,338,95.4893959266802
14,338,59.8403913566651
15,338,75.0296063649683
16,338,115.358390275499
17,338,78.0669890473669
18,338,120.871021702367
1,339,43.9169734610198
2,339,119.106884671209
3,339,43.6361867667683
4,339,95.6119602920949
5,339,97.8563500005302
6,339,66.3710507145311
7,339,63.086715609902
8,339,79.7868199935061
9,339,74.2163515352898
10,339,77.4642242414297
11,339,101.670226916397
12,339,74.0622090283957
13,339,43.8085831236402
14,339,75.8193373094719
15,339,62.5415690985659
16,339,84.0042278788058
17,339,56.4789700155969
18,339,64.9214343525549
1,340,52.5641162628863
2,340,50.1286291606755
3,340,48.0629120710023
4,340,74.030401939113
5,340,38.7890097639177
6,340,102.363738576027
7,340,62.8589717297412
8,340,75.817811842215
9,340,96.3137571319858
10,340,79.6866923467096
11,340,83.4077336830308
12,340,64.0516748085934
13,340,56.8116858352818
14,340,82.2516972328073
15,340,64.881324371599
16,340,71.9160215360795
17,340,57.8787923165315
18,340,62.8791900124167
1,341,41.3914413430731
2,341,49.7581371612489
3,341,46.2246996942955
4,341,66.922190922393
5,341,56.0434865331915
6,341,84.3554057734863
7,341,70.9694674668061
8,341,62.5748391912367
9,341,52.719583410612
10,341,61.4718780287664
11,341,83.7971529208062
12,341,76.4456240278563
13,341,71.5913533835157
14,341,42.035553071184
15,341,67.80882334162
16,341,43.3134372402763
17,341,116.066271654771
18,341,74.3883284806614
1,342,99.5169409879524
2,342,69.9547969450134
3,342,115.707543697166
4,342,59.4507888949779
5,342,93.7520370061712
6,342,75.2639321812306
7,342,82.8204703355471
8,342,51.7630415015126
9,342,129.666046107441
10,342,73.5941372979728
11,342,65.9048521912903
12,342,56.2270716973805
13,342,52.8270192605529
14,342,44.8610695858999
15,342,46.4001282302653
16,342,76.942626811556
17,342,92.3997605378409
18,342,83.173949044179
1,343,46.2952209812173
2,343,71.5565638510553
3,343,106.379009321964
4,343,87.023408562465
5,343,120.446090608603
6,343,84.944393217522
7,343,42.44870371454
8,343,90.4906405687045
9,343,77.1879776255811
10,343,49.8909317618047
11,343,73.4611922802643
12,343,59.6911441958634
13,343,63.353712365679
14,343,78.2852224100358
15,343,66.2711830042824
16,343,64.0729954418961
17,343,48.5304708787096
18,343,79.6471471286713
1,344,84.6674995938003
2,344,84.171202299301
3,344,90.6268484761854
4,344,40.0313836998901
5,344,74.3143193931043
6,344,56.0688230131099
7,344,78.9113155620047
8,344,73.6718109513079
9,344,55.3740740348462
10,344,66.432970319044
11,344,95.37792882356
12,344,67.0878695152527
13,344,46.2195424643924
14,344,94.1281518087601
15,344,92.6281301421562
16,344,66.6852724233492
17,344,111.836192689388
18,344,68.8230986087394
1,345,51.7025193975944
2,345,69.4782926345458
3,345,74.2233134407633
4,345,80.8471239325916
5,345,84.2770629176278
6,345,98.0859092757367
7,345,81.8863233416006
8,345,85.6671568596638
9,345,98.0770397958957
10,345,70.5822435906553
11,345,56.2840140342918
12,345,68.0710790577406
13,345,55.6457947035059
14,345,68.6193518988963
15,345,77.5331039372174
16,345,57.4729262932777
17,345,58.6456787952514
18,345,59.4910864952357
1,346,74.7722446014327
2,346,106.516370491701
3,346,61.6072896237668
4,346,66.8895164885046
5,346,71.6355982040943
6,346,61.2506260149287
7,346,93.6420631828479
8,346,70.0240177738769
9,346,97.9046116111055
10,346,88.9151306183187
11,346,90.1698222179605
12,346,47.1914303842629
13,346,45.1944055237811
14,346,78.2585168412521
15,346,65.9867109113064
16,346,68.2596920287832
17,346,72.0734876792662
18,346,114.134042470986
1,347,67.0838851471926
2,347,59.9997213580242
3,347,105.919585057522
4,347,78.5522320034321
5,347,74.2316190112464
6,347,53.7055801672534
7,347,81.9854023601232
8,347,102.588302470514
9,347,83.1246149871542
10,347,53.3267308455519
11,347,102.6040220901
12,347,67.2884289497191
13,347,109.589790031611
14,347,77.8910573836622
15,347,83.0073689773396
16,347,116.949142868894
17,347,99.4439552458887
18,347,82.797747796874
1,348,56.2372429099787
2,348,90.1776968290557
3,348,89.156411849841
4,348,62.6096492522668
5,348,70.9818321985489
6,348,71.9188344417002
7,348,48.089686918801
8,348,84.3692778704963
9,348,50.6063861584741
10,348,73.9709715228835
11,348,48.7755071418824
12,348,87.5993437600936
13,348,87.2637663464322
14,348,113.417249516089
15,348,51.8529117572917
16,348,85.9932862317579
17,348,70.6361852442038
18,348,75.7124273484801
1,349,62.0751639153556
2,349,79.965173417996
3,349,53.7591607027681
4,349,55.0034502142117
5,349,84.6234489731228
6,349,41.4852113818395
7,349,65.0370226152883
8,349,65.4285411482543
9,349,85.3185391107568
10,349,84.4840483811126
11,349,50.9590172453802
12,349,104.4596668916
13,349,90.4157459239703
14,349,100.419297385349
15,349,56.6049260680934
16,349,117.837075438635
17,349,91.1646229925809
18,349,99.0674288867972
1,350,54.5659719407269
2,350,69.8593650843739
3,350,78.679471479612
4,350,50.4291883026724
5,350,65.2533530476921
6,350,86.178932276484
7,350,73.7163189862851
8,350,74.0446943290424
9,350,110.462100561009
10,350,57.2290518131914
11,350,89.3064708515751
12,350,96.7720862218743
13,350,53.1238282994405
14,350,44.236181476125
15,350,90.7200245413591
16,350,68.7024092279977
17,350,132.775233885898
18,350,83.9988385626198
1,351,72.3719090412373
2,351,47.740976333665
3,351,57.9704475264992
4,351,49.5073318631208
5,351,126.157450821974
6,351,51.7323438850442
7,351,82.8798109328949
8,351,100.281267281613
9,351,66.0027210332311
10,351,74.4972260087007
11,351,53.7321394904258
12,351,67.9595368124338
13,351,70.04452067528
14,351,61.1023963800009
15,351,84.4696296126835
16,351,60.4136014079652
17,351,47.9811680706867
18,351,88.9985393475023
1,352,78.7940850236132
2,352,45.7341077574601
3,352,62.5069535555519
4,352,92.4438944733189
5,352,56.6401830219774
6,352,91.4698147940922
7,352,68.6578593093859
8,352,52.3628930027206
9,352,77.7676135416189
10,352,42.7835289521865
11,352,61.4489437230069
12,352,67.1848874430634
13,352,73.4710356580571
14,352,80.5553322749538
15,352,70.6465993455594
16,352,101.205700566576
17,352,108.100044992642
18,352,113.22492428101
1,353,53.4159627472898
2,353,63.6962099396595
3,353,51.1277043398663
4,353,64.6181974553118
5,353,77.5032198525204
6,353,79.8951587785959
7,353,64.1315534805456
8,353,65.208929473422
9,353,64.0673341920339
10,353,57.6768459936083
11,353,64.1756417639829
12,353,60.0208432832543
13,353,60.8246693324713
14,353,48.585418112635
15,353,92.61341233965
16,353,122.285008986769
17,353,52.2776263145083
18,353,105.192463616462
1,354,76.9104967774032
2,354,70.7426877335695
3,354,77.8911066738212
4,354,82.9546661538061
5,354,79.8476524175062
6,354,55.7447408760805
7,354,78.2919462937579
8,354,96.0545844873572
9,354,71.1191184300506
10,354,56.1778950639551
11,354,52.0765657275112
12,354,82.4413637537106
13,354,70.366853328347
14,354,60.0530228960094
15,354,75.8544742986982
16,354,60.7356642154269
17,354,72.288416927004
18,354,76.9287742019143
1,355,41.6637626103795
2,355,58.5510121267676
3,355,49.2354115897471
4,355,51.1899177997467
5,355,112.984259972085
6,355,96.9728341451288
7,355,84.7624830486192
8,355,61.7032545493904
9,355,94.4179903911307
10,355,57.0669337137217
11,355,42.6313441649314
12,355,40.6482925573476
13,355,77.4510927162616
14,355,73.2889342383863
15,355,61.9546545190631
16,355,85.5331566763775
17,355,72.4969886071473
18,355,64.8892444783971
1,356,99.0877153918332
2,356,100.123867131121
3,356,98.0260949696088
4,356,81.1682867185998
5,356,56.999271816627
6,356,64.4866085384035
7,356,69.7239762658126
8,356,79.1201717138584
9,356,94.9929141859127
10,356,51.195166830446
11,356,50.0849131140223
12,356,69.1754598668842
13,356,51.1981611970393
14,356,98.3833613225426
15,356,66.6340745236467
16,356,39.472150700157
17,356,72.744616373808
18,356,72.4939607088443
1,357,56.0287243482456
2,357,51.746439609279
3,357,74.5653839711042
4,357,97.9153619020404
5,357,62.9840052646986
6,357,90.9402649057989
7,357,109.091812850099
8,357,55.3946161618886
9,357,88.4754701228215
10,357,66.8010658784162
11,357,79.2151619122187
12,357,112.883772455444
13,357,94.1973674406425
14,357,67.0402290361507
15,357,51.2438971947673
16,357,74.7051789696584
17,357,84.9659539725051
18,357,90.833455599556
1,358,109.848098117495
2,358,81.5703478845846
3,358,79.2311340207564
4,358,77.9813460318559
5,358,95.5890339923036
6,358,74.0103497423721
7,358,70.5655317366177
8,358,59.1588749314752
9,358,75.2497933451995
10,358,75.4624987112851
11,358,75.2404838656531
12,358,64.4199915219839
13,358,66.5625015380713
14,358,85.1789649826484
15,358,70.8627801679014
16,358,103.298588035492
17,358,62.4349326821732
18,358,47.3210903163902
1,359,68.8495358934628
2,359,95.4339003649721
3,359,70.5468895398196
4,359,52.1050371550879
5,359,63.2705514697074
6,359,73.562172054969
7,359,96.3051957802653
8,359,92.5507623072451
9,359,94.5871260813171
10,359,87.2692191033153
11,359,57.8732726666508
12,359,89.8284464428763
13,359,95.7224982584645
14,359,93.1380983959389
15,359,102.348889546654
16,359,78.4704399223513
17,359,92.9459859468151
18,359,100.528460781854
1,360,60.6239764061025
2,360,111.438132681803
3,360,84.6370803149792
4,360,90.5619297509787
5,360,73.9542013742466
6,360,58.7292781192809
7,360,52.9347751012758
8,360,73.486648658515
9,360,66.8343511910412
10,360,87.8560932110657
11,360,71.1738273145086
12,360,68.4870393176284
13,360,101.185508668471
14,360,67.2446526789188
15,360,64.4396137565676
16,360,89.1773763987964
17,360,102.932109926085
18,360,59.4079664669699
1,361,67.7207328136801
2,361,64.2257728533939
3,361,70.1622424427358
4,361,73.7104902526487
5,361,87.8349795163048
6,361,99.9976227649203
7,361,57.0084331818558
8,361,74.726324859429
9,361,81.6871648262653
10,361,67.3773152734519
11,361,86.6877176076614
12,361,114.130975962395
13,361,54.5898387092086
14,361,85.9967201668449
15,361,73.8754308838698
16,361,58.4951435657966
17,361,72.0635469676663
18,361,72.2103416239995
1,362,58.7723974616369
2,362,68.0157480204812
3,362,86.1523073702859
4,362,72.8069299366159
5,362,111.890168669046
6,362,102.514390756966
7,362,63.1722473354091
8,362,100.443683690948
9,362,103.930257390919
10,362,63.2953634711717
11,362,105.589867493344
12,362,109.17198396134
13,362,90.3816211730696
14,362,92.6287116091662
15,362,59.6482114123034
16,362,112.492232832353
17,362,66.4848164325015
18,362,62.0750316090234
1,363,80.8342969243443
2,363,76.5160609842225
3,363,108.497120426986
4,363,58.3363217565906
5,363,60.8652703512153
6,363,79.5015410754052
7,363,85.2354330945639
8,363,127.79935320751
9,363,53.8474401737287
10,363,93.9363137377693
11,363,90.6638953709713
12,363,99.7129319286029
13,363,51.5174082786343
14,363,81.4784997777923
15,363,63.620387995963
16,363,47.8112101736708
17,363,62.4238461101742
18,363,57.2251215064903
1,364,103.092316421805
2,364,64.6197844377582
3,364,88.3280665447518
4,364,88.3925910592567
5,364,56.3470468429251
6,364,77.6208541273268
7,364,78.5001813561583
8,364,57.782585027002
9,364,85.2625415758606
10,364,76.5437937038052
11,364,67.1019152097181
12,364,57.592040063592
13,364,67.3805378753778
14,364,55.6928939088772
15,364,69.3657250990312
16,364,73.5135774251877
17,364,67.7379812722362
18,364,98.5018219441604
1,365,65.914307413872
2,365,74.2887632968815
3,365,87.8312516316083
4,365,101.200420162685
5,365,66.8090440865508
6,365,69.9821959652382
7,365,90.0154126791813
8,365,74.9852553563224
9,365,73.3817251663215
10,365,65.9532557951407
11,365,69.5951410826348
12,365,68.1574715838736
13,365,80.3171506521568
14,365,66.8516187930709
15,365,64.2303669175645
16,365,72.2623185109398
17,365,61.5408223198899
18,365,108.938928023384
1,366,60.0866082154714
2,366,100.31206337636
3,366,77.3126221227018
4,366,47.1096463481671
5,366,68.2392254759775
6,366,92.5914876396907
7,366,55.2935521720541
8,366,77.2114444441823
9,366,53.4910123848906
10,366,76.1380008725038
11,366,88.4641093462862
12,366,64.4224930141838
13,366,86.8749545062466
14,366,89.1441279683939
15,366,94.7953890687301
16,366,98.2335854854824
17,366,97.9721680498439
18,366,79.6562455419264
1,367,76.432119354036
2,367,76.6370219468265
3,367,82.9661054459349
4,367,58.720101354568
5,367,62.2779250375091
6,367,64.373101016342
7,367,59.9801230452319
8,367,68.9895743941783
9,367,73.0489920436781
10,367,57.0019935362467
11,367,41.7871200638299
12,367,114.839867319636
13,367,58.6257658456408
14,367,96.9741675024965
15,367,66.962571203818
16,367,82.1597427358606
17,367,73.4408785292381
18,367,89.7064254755426
1,368,45.841879025585
2,368,81.2790817471468
3,368,65.3654939181967
4,368,104.480465832392
5,368,66.0040663465441
6,368,64.1096000934592
7,368,48.8264106276347
8,368,76.4777737210811
9,368,86.230757914059
10,368,67.3251627715238
11,368,64.0900986889191
12,368,84.1091198678529
13,368,57.1561308007161
14,368,84.0223134491623
15,368,92.0208746887415
16,368,73.6325745170605
17,368,64.8855284151822
18,368,62.646510449444
1,369,80.6088063903886
2,369,53.3961463336894
3,369,61.5659841205238
4,369,48.6714562116625
5,369,67.1072716019661
6,369,71.1779184175312
7,369,77.1839775419128
8,369,70.0845217985312
9,369,44.0489873499038
10,369,53.2173545822631
11,369,63.7973573825997
12,369,82.1409674746111
13,369,76.643874999349
14,369,59.8420434095693
15,369,96.8275329055797
16,369,75.0079199750514
17,369,65.2820230353296
18,369,80.665330783605
1,370,86.5885849694097
2,370,80.9743530324713
3,370,61.32378887455
4,370,53.7040278070887
5,370,91.4914034214097
6,370,58.9655770392039
7,370,58.7569687326358
8,370,102.60645792378
9,370,65.4201123387117
10,370,71.5182906165202
11,370,86.4930262695941
12,370,101.896574856755
13,370,55.7100416830719
14,370,90.5394028916947
15,370,74.8654674821156
16,370,108.047421889309
17,370,90.9586730346635
18,370,75.4224057379248
1,371,61.8001881367967
2,371,52.1703979387969
3,371,53.8402830088294
4,371,65.6926953793154
5,371,55.5187781949671
6,371,65.7692011114977
7,371,67.5572648650874
8,371,112.187108476971
9,371,101.232265422433
10,371,77.4151239719752
11,371,60.0073291460592
12,371,117.693268945335
13,371,69.9383582992456
14,371,70.7957695253617
15,371,44.2675032313311
16,371,97.5632483144439
17,371,73.7989911019648
18,371,58.8048505428943
1,372,71.8265210800553
2,372,90.3922702846262
3,372,73.110375688843
4,372,75.7990942028179
5,372,97.4008464741624
6,372,58.6733311956573
7,372,71.1171641041325
8,372,86.0895064324361
9,372,52.6637057843509
10,372,99.4191686808139
11,372,57.4262062024108
12,372,73.4112494060999
13,372,77.5017918703588
14,372,60.6852487060604
15,372,77.8223894291624
16,372,71.4873167485401
17,372,90.7595843474815
18,372,54.3404627188167
1,373,104.149656412741
2,373,67.7775458803194
3,373,63.0189148942823
4,373,59.6730161163715
5,373,98.33817388372
6,373,53.3519175057803
7,373,79.1261741741091
8,373,60.4888335934425
9,373,62.1565454410863
10,373,72.9623519095152
11,373,73.0998420834666
12,373,69.7615564694282
13,373,57.4963868374067
14,373,87.0028148103221
15,373,83.0379037394738
16,373,109.211552833488
17,373,54.6791276403636
18,373,60.7693473820193
1,374,58.6615984257993
2,374,57.5238012598074
3,374,114.204732788638
4,374,41.493529714255
5,374,51.0569729707252
6,374,62.3577499772717
7,374,65.1773063519624
8,374,68.8303107448071
9,374,89.8563063731742
10,374,103.623654163809
11,374,57.6111339129027
12,374,79.7194620349622
13,374,48.8795125831433
14,374,96.6847197842443
15,374,57.4930482911444
16,374,79.5947411013779
17,374,59.9524843384246
18,374,71.7322371803146
1,375,67.8805811350522
2,375,52.2735769797391
3,375,81.8306528015401
4,375,135.757639717118
5,375,77.7001067401195
6,375,65.7198006719918
7,375,62.7078657472549
8,375,63.1560217908945
9,375,77.3791813662584
10,375,56.3937205755649
11,375,101.923758653655
12,375,83.6844326897111
13,375,90.8202204068588
14,375,98.9309167520076
15,375,58.181103772074
16,375,55.9417673057826
17,375,75.1091605651195
18,375,60.9091752090638
1,376,79.7992668434742
2,376,68.5894298065118
3,376,88.7800826548627
4,376,49.4135995494438
5,376,88.1970157734708
6,376,44.2325764959606
7,376,75.3973074945593
8,376,77.9705330348536
9,376,63.3661576358984
10,376,98.4383667296125
11,376,79.7249738034964
12,376,46.3214000880017
13,376,100.670141186693
14,376,75.0109709944194
15,376,68.5919925210046
16,376,88.6306384748419
17,376,52.5008030739194
18,376,73.0120148080192
1,377,77.8387179275489
2,377,40.2494782704273
3,377,68.8559074143838
4,377,64.920661066139
5,377,80.4821273995162
6,377,92.264152880739
7,377,76.0177513841985
8,377,61.2315210990144
9,377,70.8704915665902
10,377,57.9783670235339
11,377,58.2002802455769
12,377,43.5285257099737
13,377,64.5109507193609
14,377,88.1149325953782
15,377,75.8218996841221
16,377,59.0240094705306
17,377,69.0688915675024
18,377,91.6775115001263
1,378,89.8563024747903
2,378,83.5059328714049
3,378,64.0484539387498
4,378,69.4132435901868
5,378,52.3826554209412
6,378,68.8674765989462
7,378,76.3718664316354
8,378,74.9936497612684
9,378,78.9950260733785
10,378,42.1616247431655
11,378,79.8043796599262
12,378,63.2227223412002
13,378,51.8945895292407
14,378,71.9569748538403
15,378,74.5525170778022
16,378,54.8329687080844
17,378,76.6074797452776
18,378,57.3443386266274
1,379,54.9668265397404
2,379,115.793432675345
3,379,87.4087758943776
4,379,47.095857685696
5,379,69.9916299893786
6,379,78.5537883850162
7,379,66.7792831522215
8,379,94.0595723561347
9,379,120.827270357413
10,379,59.3513875689431
11,379,87.1634408502926
12,379,91.5655964085183
13,379,76.0684181463896
14,379,82.2821239148232
15,379,100.398220839343
16,379,73.0065711652434
17,379,47.6555655025058
18,379,78.0469266050307
1,380,53.9493372722669
2,380,64.1970697976942
3,380,71.4787737839774
4,380,43.1077398475417
5,380,67.1133852887891
6,380,90.9339303579147
7,380,62.0146828649202
8,380,51.1747533708647
9,380,67.0457174805659
10,380,67.3171324010188
11,380,73.6156729118537
12,380,60.9840895184843
13,380,61.6508509342669
14,380,81.2699455509228
15,380,84.1537330326761
16,380,89.1304932333862
17,380,97.5386753725199
18,380,59.9398233218467
1,381,95.8251798843224
2,381,52.6060412955937
3,381,70.9098823300898
4,381,43.9694630504978
5,381,82.8626639983028
6,381,55.9538081408766
7,381,74.1153073843044
8,381,75.1419431984641
9,381,49.9409631025816
10,381,93.462707506097
11,381,97.9185622134697
12,381,74.5080209383158
13,381,50.6295144114175
14,381,50.9191154550647
15,381,51.1166174792746
16,381,61.3575373687074
17,381,65.7621093021848
18,381,75.4639079741468
1,382,89.7162359861988
2,382,66.137068210153
3,382,101.013704433586
4,382,66.2478727900705
5,382,53.7192379550491
6,382,85.1068204706656
7,382,77.2745369366745
8,382,69.6371695609298
9,382,84.2893826302096
10,382,109.613909743196
11,382,65.7926872365791
12,382,91.2495253868897
13,382,63.5244488072739
14,382,107.956530521514
15,382,64.9558927897995
16,382,64.8526304506475
17,382,86.3137098072431
18,382,80.9145436260292
1,383,100.113907049548
2,383,85.7040860415754
3,383,94.7589911782178
4,383,83.9532704868356
5,383,64.012585143807
6,383,98.6582269037451
7,383,54.6245601420429
8,383,93.7010619670479
9,383,59.620661595474
10,383,91.0468198992205
11,383,73.0336517622495
12,383,77.8081285892369
13,383,116.459764499543
14,383,59.9136449927281
15,383,96.6016601072581
16,383,59.5990713121029
17,383,71.2633936193561
18,383,66.7845391219537
1,384,123.079706988829
2,384,105.596895498333
3,384,72.553497214808
4,384,75.2983350698771
5,384,71.8218292137016
6,384,49.5397417036795
7,384,50.7786606049632
8,384,68.7062995045522
9,384,72.8273985525323
10,384,62.0292978490371
11,384,60.6841667562441
12,384,66.9043801363645
13,384,113.422292198174
14,384,62.4032711428302
15,384,101.648003507374
16,384,67.987621673546
17,384,74.4906485561387
18,384,124.283607571007
1,385,82.2678158822436
2,385,58.227641919381
3,385,51.2325698566917
4,385,67.5355742915783
5,385,92.8805214489756
6,385,68.0998913168778
7,385,91.3981670962114
8,385,73.4935360386031
9,385,53.4560524750859
10,385,45.9203538968408
11,385,60.0521092425528
12,385,69.5988744191791
13,385,61.6314527417342
14,385,56.3125567454626
15,385,77.6597138540259
16,385,57.3948633918209
17,385,85.9056712451539
18,385,66.687568251317
1,386,74.5163984253347
2,386,61.0557633724174
3,386,80.4391660569419
4,386,79.0521565918791
5,386,64.1057997267111
6,386,42.2592492819138
7,386,76.6844067559582
8,386,78.6092805102512
9,386,77.2447560500861
10,386,87.0296515723041
11,386,58.7133674430673
12,386,59.3096355804389
13,386,53.5104688560133
14,386,87.993316911924
15,386,63.7946579314126
16,386,55.7743014581593
17,386,76.8386045520175
18,386,69.9074140344601
1,387,58.1785410942779
2,387,117.322786513441
3,387,60.3914793024741
4,387,96.00862045447
5,387,88.6822649045806
6,387,105.583159742351
7,387,71.4599571250302
8,387,68.1704853192013
9,387,62.1190667903123
10,387,51.3912497730054
11,387,72.1803735118827
12,387,59.5535487826829
13,387,59.8298750876823
14,387,79.5053821745966
15,387,62.5228951548906
16,387,40.9230211706064
17,387,65.2898891319097
18,387,73.7081098334852
1,388,73.8858021382152
2,388,73.9171792901121
3,388,62.309857776283
4,388,86.1997666414496
5,388,68.701182994879
6,388,62.7546872362207
7,388,87.815902538816
8,388,92.1720105731867
9,388,65.1105592094842
10,388,72.179760486773
11,388,63.8814843345568
12,388,79.6279460159529
13,388,111.797614549883
14,388,91.9967317229519
15,388,79.2246109014991
16,388,86.1448749428164
17,388,67.0419040376146
18,388,47.2693543210489
1,389,90.4581697744594
2,389,70.858552429022
3,389,68.4300700383166
4,389,104.697585588289
5,389,84.5222859548946
6,389,92.1620657532377
7,389,86.0057371138325
8,389,57.0605541505551
9,389,68.0257732071848
10,389,47.5901454432174
11,389,66.5730543993199
12,389,46.483983137908
13,389,70.2321776831677
14,389,72.0564755248984
15,389,66.7857919452865
16,389,74.1942822291027
17,389,52.156565144469
18,389,80.7415802548988
1,390,108.316346406086
2,390,88.2896262166054
3,390,103.152534324877
4,390,73.3322453555926
5,390,66.9805106088667
6,390,91.0886488418438
7,390,84.1414417853315
8,390,89.7824359693754
9,390,69.8385705482495
10,390,75.0340309205044
11,390,81.3588667348511
12,390,78.6071502154427
13,390,86.8401976660426
14,390,65.0856461441023
15,390,55.0077615564162
16,390,111.394273614298
17,390,64.6047919835185
18,390,82.8831477091685
1,391,45.6959139707802
2,391,64.6336820840672
3,391,127.188985783822
4,391,69.3374348482781
5,391,87.2860399634351
6,391,88.3996216535916
7,391,51.7022349038983
8,391,91.7709442759634
9,391,52.7599164887804
10,391,86.481427008325
11,391,56.2537124101801
12,391,71.6465163316642
13,391,85.8152333713745
14,391,67.7814096949521
15,391,72.5707121496102
16,391,86.2959575078132
17,391,84.5808932200987
18,391,108.008085205146
1,392,130.000894914511
2,392,74.5947335129058
3,392,94.2184845084644
4,392,84.4645247940873
5,392,75.4373329729851
6,392,66.8790350110602
7,392,54.6964922124528
8,392,94.2153425554882
9,392,98.9296667196469
10,392,64.3361288140442
11,392,51.8181099240169
12,392,75.9178691869426
13,392,88.7254455113895
14,392,112.762818300373
15,392,64.1541137267946
16,392,67.0757255594012
17,392,103.019326545388
18,392,61.5954823893986
1,393,54.2684134554698
2,393,76.2127185767001
3,393,134.641471383866
4,393,57.744354456068
5,393,69.2000604326248
6,393,70.8043943207249
7,393,72.6514005174474
8,393,66.2567942399072
9,393,85.5612440187171
10,393,58.0570123677162
11,393,66.1615639052012
12,393,90.9678039292073
13,393,80.0069008262548
14,393,84.6537468580544
15,393,51.8859471957276
16,393,58.6004695348032
17,393,67.1832581897073
18,393,51.4138614362397
1,394,77.8282400007545
2,394,91.1607099405733
3,394,67.4811683868358
4,394,50.5125350303972
5,394,68.6593105008062
6,394,50.5133814125224
7,394,68.5706135247445
8,394,50.8639637241103
9,394,46.7276113579185
10,394,94.1193847298096
11,394,75.0373622479751
12,394,53.2538846227754
13,394,50.5466842993276
14,394,53.6975433889569
15,394,64.2844575958951
16,394,96.9752107173955
17,394,83.3171669413934
18,394,55.0113817941309
1,395,98.3792290603164
2,395,52.9152388723754
3,395,116.120711578645
4,395,68.6200853741151
5,395,107.775066204139
6,395,60.6706175096696
7,395,67.2763152126406
8,395,61.2479519900566
9,395,82.6878130928826
10,395,58.4911688185367
11,395,56.1606966831909
12,395,59.9683348082576
13,395,107.406931485237
14,395,74.1691425007634
15,395,90.4138533519587
16,395,56.7592884439712
17,395,66.5490524181241
18,395,71.7810613857202
1,396,67.953932238074
2,396,68.0286856398121
3,396,78.5105133513222
4,396,60.1193299791644
5,396,81.8256266662882
6,396,111.158333736734
7,396,67.0809653636719
8,396,81.1213237839064
9,396,77.2673796863244
10,396,68.2608312713722
11,396,76.9863681177348
12,396,69.6436155190835
13,396,57.893413312534
14,396,68.0779296130836
15,396,102.456707144703
16,396,81.1956895920631
17,396,78.1154660143836
18,396,72.5864141181729
1,397,83.729733626063
2,397,42.0329873863222
3,397,73.8747685798027
4,397,49.8769007243686
5,397,62.396175777871
6,397,54.1087118885928
7,397,104.426911794269
8,397,65.3587931741335
9,397,67.5564726353811
10,397,97.4836393769779
11,397,93.6106639620484
12,397,65.1742352150626
13,397,43.5039697667847
14,397,91.6151115668504
15,397,62.3221605999324
16,397,61.4446449092154
17,397,65.5864632802517
18,397,57.1774343724249
1,398,53.2651440435716
2,398,60.5926461128539
3,398,101.24212177403
4,398,55.457524348456
5,398,71.6306707761691
6,398,83.5528932241799
7,398,78.909206256407
8,398,42.6943293533953
9,398,98.4991382888208
10,398,71.9225354199344
11,398,95.7300309868571
12,398,56.0450876654654
13,398,69.6881169598749
14,398,66.8652356610189
15,398,80.4782201253146
16,398,51.2349572901556
17,398,62.1024262492492
18,398,89.315585760656
1,399,101.040981413034
2,399,55.7103402015169
3,399,109.238826801312
4,399,67.8400446445346
5,399,70.1576132519725
6,399,80.8612846358137
7,399,84.1182985277184
8,399,60.0373276116017
9,399,86.9895018398953
10,399,56.9269294652061
11,399,93.9306404768712
12,399,65.93754738257
13,399,64.2613661586353
14,399,87.2452181612593
15,399,81.4035062314655
16,399,53.0368772362987
17,399,86.7236806355208
18,399,66.0467145297017
1,400,84.8773041689136
2,400,85.3656131950017
3,400,57.947422501922
4,400,67.3957351143626
5,400,68.9807761973018
6,400,62.2764339821307
7,400,46.2745691121307
8,400,68.5384838103115
9,400,86.7903456950565
10,400,90.8918424504701
11,400,96.027564847916
12,400,89.9410029877764
13,400,71.5645389419983
14,400,66.4758639785862
15,400,64.0596747329439
16,400,97.2778456284981
17,400,64.4149012495349
18,400,75.4163391780514
1,401,89.9344914938512
2,401,74.7897625250342
3,401,80.271511426465
4,401,70.2661624281628
5,401,55.5272861863679
6,401,71.9393497880522
7,401,57.4429897085481
8,401,77.1018095037733
9,401,75.7418034380686
10,401,66.1166373204437
11,401,87.6503594201712
12,401,104.974854829565
13,401,73.3714482475012
14,401,78.7751891175216
15,401,52.6505651175156
16,401,75.3151963845835
17,401,77.9773812143482
18,401,81.2743667889078
1,402,76.6652583268759
2,402,79.7795501715901
3,402,78.3682606396443
4,402,58.5611300497857
5,402,81.0392142209928
6,402,49.4104087955177
7,402,84.5020877041539
8,402,90.8482577330536
9,402,68.0574782471075
10,402,106.257283082055
11,402,61.1563375584642
12,402,94.0530690778346
13,402,81.1453412449097
14,402,124.793096412054
15,402,104.068090516551
16,402,81.5688016617438
17,402,88.5068094809261
18,402,86.8688632982779
1,403,92.0948972765983
2,403,89.462487942626
3,403,94.8744357982776
4,403,66.7464474790779
5,403,109.012454841727
6,403,72.6718572425439
7,403,51.3420827830878
8,403,98.028416386351
9,403,50.020446568808
10,403,72.5896602528009
11,403,60.7673213223472
12,403,92.8117590455123
13,403,89.3286553227026
14,403,58.1828092680622
15,403,91.7530282499404
16,403,78.3484695441606
17,403,87.6450328313237
18,403,94.9771832607722
1,404,59.7513994509944
2,404,81.9670529487084
3,404,41.521237685212
4,404,65.1085789126278
5,404,85.2733161227987
6,404,94.7664506288182
7,404,88.3622263679397
8,404,78.9305933665423
9,404,91.9505255747229
10,404,54.5696191040074
11,404,57.4260598581718
12,404,55.810747552428
13,404,82.8356130733342
14,404,71.9117664811467
15,404,77.5210273782647
16,404,75.8478158805378
17,404,95.4294847843065
18,404,116.926460586851
1,405,55.33744462242
2,405,81.2835700502982
3,405,65.035700569974
4,405,106.748923774633
5,405,82.4940666680556
6,405,93.894593530334
7,405,54.8515098485642
8,405,71.2910891467699
9,405,104.694505870306
10,405,56.1161221008807
11,405,60.3618696310784
12,405,73.0286178955716
13,405,57.9030665549051
14,405,90.5870036777804
15,405,68.4033449597339
16,405,68.8126373511239
17,405,55.5785741207496
18,405,78.5462724766171
1,406,79.5097856034881
2,406,55.3408424047943
3,406,106.887263399199
4,406,57.5494270501417
5,406,79.5380266423547
6,406,73.6445451473525
7,406,59.188840746247
8,406,61.4910069952235
9,406,90.1006331735453
10,406,69.6237104441905
11,406,72.4621028101716
12,406,85.1798637930813
13,406,83.4337346293164
14,406,72.7242790444854
15,406,78.5828911085956
16,406,49.9526447556173
17,406,76.9753104676542
18,406,119.627625755883
1,407,67.241293700179
2,407,60.5224515774663
3,407,100.634974282042
4,407,92.1448067677401
5,407,101.196385420789
6,407,85.5604577181374
7,407,81.2272182641976
8,407,88.1415347782904
9,407,56.5756078634172
10,407,81.310543240263
11,407,83.4527767097783
12,407,109.556806687195
13,407,85.1007612297201
14,407,108.75071789949
15,407,69.1727579473427
16,407,58.0457494100069
17,407,60.555723297684
18,407,50.6423002571821
1,408,48.1310571602851
2,408,66.0873242234948
3,408,67.9353088879409
4,408,99.4287432301697
5,408,50.8963119683633
6,408,80.3280271761372
7,408,66.3581517813877
8,408,91.0852040334815
9,408,90.8973648578649
10,408,63.3942993656025
11,408,66.3922731007457
12,408,71.8550484432478
13,408,53.3174668081288
14,408,72.2019224137294
15,408,62.8411932317927
16,408,64.3132360599767
17,408,56.9578685001204
18,408,76.7674878044142
1,409,76.7221469609325
2,409,65.5042794614982
3,409,112.026955307871
4,409,57.2694249025437
5,409,73.7435456483798
6,409,61.1528316295494
7,409,91.1209025736396
8,409,90.9646040321506
9,409,41.0385609901967
10,409,66.4647131883675
11,409,44.2166336801221
12,409,118.792931773073
13,409,76.2807140364622
14,409,77.013899710386
15,409,72.7263054313011
16,409,51.9486833113011
17,409,48.6102659735859
18,409,86.8618275189275
1,410,76.5069039636594
2,410,59.3411478920681
3,410,48.8911813533709
4,410,84.4499390061749
5,410,55.5432949676395
6,410,72.0535443024313
7,410,93.4335800375218
8,410,58.3423265273981
9,410,53.4936714822008
10,410,114.982260203976
11,410,62.5181188101254
12,410,114.992203657369
13,410,60.8009827570398
14,410,75.8113161510531
15,410,83.4361683107999
16,410,51.587850583495
17,410,59.1424842245172
18,410,106.805199464815
1,411,71.9297060931099
2,411,95.4145119356194
3,411,48.2870200541442
4,411,94.1564408743646
5,411,70.2850430023299
6,411,69.8666681095189
7,411,63.5751008258079
8,411,74.1560892709819
9,411,75.3862724124824
10,411,49.2082099795876
11,411,64.0912366155185
12,411,82.1399939415403
13,411,74.2522650932593
14,411,78.6947261320247
15,411,68.1236779814152
16,411,98.882331735814
17,411,69.9376864899887
18,411,71.7167849551072
1,412,90.6402791435949
2,412,125.705245039848
3,412,79.0901185743122
4,412,92.0820023077977
5,412,59.3521659950274
6,412,72.200393117921
7,412,67.3206641978295
8,412,84.7264963812965
9,412,73.5598700314242
10,412,83.6678489200233
11,412,126.60400168821
12,412,63.6599262955513
13,412,85.1660893830892
14,412,54.1125584657274
15,412,61.3867253846595
16,412,93.9690515144938
17,412,70.2416278215716
18,412,80.0789932015407
1,413,60.3865499809958
2,413,65.9125114819155
3,413,58.0390262368278
4,413,81.3684777921238
5,413,59.7422634884832
6,413,65.9661853916506
7,413,69.2709770308249
8,413,79.33022395203
9,413,64.3975106155798
10,413,56.4910318374382
11,413,82.3485603815641
12,413,81.5163423148534
13,413,102.270245536558
14,413,52.6334119488449
15,413,99.1399016660445
16,413,54.1355864257457
17,413,65.3689727073074
18,413,56.2500410523951
1,414,107.137694656194
2,414,73.7077401764586
3,414,73.6390968542084
4,414,83.4779600676344
5,414,121.573085717323
6,414,58.555484814936
7,414,81.2580204837703
8,414,79.1845200095155
9,414,72.2959108484167
10,414,96.1626285437403
11,414,78.4423817930584
12,414,66.2085841938869
13,414,73.5167764049964
14,414,62.3164541020781
15,414,119.565284467951
16,414,122.181069698752
17,414,59.7861451879354
18,414,48.9934651553887
1,415,110.802190083142
2,415,87.3055615996127
3,415,51.4556062375217
4,415,56.8385567510439
5,415,55.7948568091554
6,415,78.452288705033
7,415,66.6178629130142
8,415,108.470528842943
9,415,107.048967318461
10,415,92.9048684072387
11,415,70.0327934291885
12,415,92.3802636879989
13,415,60.0536249455738
14,415,64.6294304119743
15,415,68.6022058882836
16,415,72.9919136887363
17,415,61.2764373238102
18,415,76.5057436640941
1,416,66.2121508812938
2,416,99.5368044089604
3,416,69.4830502895695
4,416,64.0983324823572
5,416,68.6235864328016
6,416,106.869938891182
7,416,81.3446115843701
8,416,81.5757576032942
9,416,90.8015363909941
10,416,57.4011023663788
11,416,99.1339183036879
12,416,73.7290302642142
13,416,51.1243641023646
14,416,59.088419309084
15,416,63.4021853199607
16,416,110.17913345034
17,416,42.0037946492601
18,416,71.2894087670171
1,417,59.2959168327197
2,417,76.6586254177613
3,417,69.3304542038405
4,417,94.3083013802049
5,417,94.9677896461066
6,417,86.160189214596
7,417,112.810084585185
8,417,55.2557458870702
9,417,66.9768477873354
10,417,88.743204278604
11,417,66.4150556960217
12,417,56.7443489266999
13,417,74.3291183114872
14,417,91.1279036367216
15,417,67.3413935485741
16,417,42.3423776358413
17,417,57.7661527013895
18,417,55.7789312774201
1,418,61.2169055203353
2,418,64.7462227777592
3,418,92.4086819608317
4,418,48.2189691506932
5,418,64.3834942357848
6,418,64.7830900470286
7,418,106.417916772552
8,418,48.2006767025055
9,418,46.704980749263
10,418,93.64611030157
11,418,77.8119097328583
12,418,66.9219213446208
13,418,57.3518013252405
14,418,40.7619241832339
15,418,72.2694519612542
16,418,74.9628219843046
17,418,99.507707377309
18,418,60.1922035234798
1,419,87.0412280798195
2,419,77.2636320265212
3,419,85.8946765829651
4,419,49.3679909934976
5,419,86.9918637154286
6,419,90.4146969585318
7,419,93.2913560270667
8,419,72.388889110344
9,419,54.521500267815
10,419,73.4859449195477
11,419,90.3194910519114
12,419,92.484596246121
13,419,102.131208362437
14,419,72.1649926166977
15,419,102.910899415607
16,419,56.0525818557581
17,419,41.3042744125542
18,419,80.5341540497288
1,420,71.6715886274996
2,420,54.581923198211
3,420,75.0703113010215
4,420,53.5289009917087
5,420,57.9064556207531
6,420,95.2662795803625
7,420,42.1790888105378
8,420,79.6046990555297
9,420,61.7089073649362
10,420,61.1723415071329
11,420,76.6259996640386
12,420,66.0364794253196
13,420,62.6573478984444
14,420,50.8180690518712
15,420,105.094130179344
16,420,96.0008585991065
17,420,55.4560111276959
18,420,63.9345508493053
1,421,83.269390212553
2,421,61.0924569318808
3,421,69.9277899166859
4,421,79.8779358546336
5,421,101.953132126065
6,421,56.3971006045861
7,421,90.6762326571005
8,421,59.6541785780405
9,421,63.1991216086975
10,421,75.5074192844015
11,421,76.5928701091729
12,421,74.5113390052386
13,421,65.364703182501
14,421,68.4424309343849
15,421,72.6850283095619
16,421,84.6980410096168
17,421,52.5423977743584
18,421,68.8415821555296
1,422,116.522664180054
2,422,60.3709637265655
3,422,68.6923156703911
4,422,93.6810326766673
5,422,51.6635985787676
6,422,50.4729955142168
7,422,102.936103636874
8,422,80.5487238618528
9,422,53.6747595912795
10,422,105.313986936172
11,422,88.3746771115521
12,422,113.394220533272
13,422,51.8554547959947
14,422,94.0108983949724
15,422,72.6539461343129
16,422,46.2377871481015
17,422,59.86092711257
18,422,84.1742422360704
1,423,84.2943205092777
2,423,53.8070215316187
3,423,73.7628809736462
4,423,46.1768031577827
5,423,93.4485205658688
6,423,76.546663182579
7,423,113.12585006104
8,423,69.4500510657869
9,423,85.2857067175831
10,423,60.6293171537259
11,423,54.920980333447
12,423,94.0992393293428
13,423,90.2944755972508
14,423,79.4343782564832
15,423,84.0895014183099
16,423,74.4199763798469
17,423,80.5323583153357
18,423,72.0260599649031
1,424,53.4440756544482
2,424,42.8813013327541
3,424,52.9749408162966
4,424,103.382755415929
5,424,56.0004066989973
6,424,86.2126902497869
7,424,88.0927036953083
8,424,81.000691699085
9,424,74.5195896193696
10,424,84.0764508834372
11,424,107.75582911217
12,424,74.0161862309039
13,424,65.7563022799865
14,424,65.5942925450005
15,424,96.8284600000077
16,424,78.815737246228
17,424,91.8899877658933
18,424,52.7155666646359
1,425,65.6642696592188
2,425,71.6256019161781
3,425,76.5536597520282
4,425,86.0840023815237
5,425,66.5739573047779
6,425,78.9153472318992
7,425,52.581207455659
8,425,113.486919612505
9,425,72.1218610485101
10,425,70.6014995353755
11,425,66.1617536022351
12,425,57.868044899026
13,425,90.4854207674237
14,425,47.6413959752912
15,425,68.4366760621623
16,425,71.132637538745
17,425,49.4439077236443
18,425,97.7748592879258
1,426,65.7821383299291
2,426,87.1879953917677
3,426,49.7186071587898
4,426,69.0189068503677
5,426,76.3624314549538
6,426,49.8863810767922
7,426,94.2761859922882
8,426,80.8205799519118
9,426,68.0096378768753
10,426,74.9128571849285
11,426,72.4904031534976
12,426,85.3682147404063
13,426,77.2422356791199
14,426,102.075180656879
15,426,63.4172854098374
16,426,93.5206734480861
17,426,75.7335190084014
18,426,116.878556035502
1,427,78.1947546055822
2,427,74.8736899412956
3,427,63.5318117008247
4,427,42.0374526514151
5,427,46.4192832558929
6,427,66.311506946337
7,427,70.5124242966258
8,427,60.7023541156805
9,427,86.0690262686133
10,427,94.2094080850639
11,427,104.556238223561
12,427,41.3748225648486
13,427,91.2959840939059
14,427,90.5468546721201
15,427,81.0787727369141
16,427,93.9569948730903
17,427,70.2324662228314
18,427,67.99162309073
1,428,98.5597819708924
2,428,58.8014517435846
3,428,89.1213523908203
4,428,59.142613367335
5,428,62.6741616068318
6,428,57.2736216557785
7,428,95.478343087898
8,428,74.2577657764195
9,428,88.5332236289676
10,428,136.424839672815
11,428,61.1890963773664
12,428,98.4860526566068
13,428,82.7047719006016
14,428,75.890632623104
15,428,51.8223464881915
16,428,129.323331725838
17,428,50.3336440131984
18,428,57.8104203759678
1,429,97.8214597867802
2,429,49.4850062881607
3,429,85.5439165608492
4,429,48.2579171214863
5,429,81.8364904117385
6,429,114.859525017472
7,429,76.9810598247813
8,429,82.5357723901412
9,429,92.1183867064779
10,429,61.4456349650668
11,429,58.137436993406
12,429,60.8849490978265
13,429,82.1416689810438
14,429,54.4861006283557
15,429,73.2870469612578
16,429,83.4548242122143
17,429,63.4963542664153
18,429,67.4484357069105
1,430,73.6263480853404
2,430,46.5806455775096
3,430,68.5113724685733
4,430,54.0651319398782
5,430,63.6975755542779
6,430,81.4416400483858
7,430,89.4904142668209
8,430,56.2973412312864
9,430,50.8337567143955
10,430,108.864230535348
11,430,44.2077618805728
12,430,55.3428082806768
13,430,65.8023308707951
14,430,73.1831553260682
15,430,65.8840342341935
16,430,51.7378583387603
17,430,71.3008990920169
18,430,52.0170432979522
1,431,67.4700079054047
2,431,76.6503211197836
3,431,91.766793268182
4,431,97.3738037178642
5,431,96.5382314692128
6,431,65.3726476116274
7,431,48.7792998190686
8,431,46.8282924740025
9,431,88.4008546016567
10,431,44.3332158972163
11,431,90.8928219254323
12,431,69.6434662783986
13,431,108.452646995193
14,431,73.0684613344541
15,431,43.217878340293
16,431,92.9464829223563
17,431,95.9385558452756
18,431,67.4915855876941
1,432,64.976922483475
2,432,78.1290393186481
3,432,77.3980745745268
4,432,77.0664546175203
5,432,70.8784747394729
6,432,113.675817044679
7,432,96.0650433461225
8,432,112.056389814276
9,432,61.5306753444226
10,432,68.083718539579
11,432,68.5202577862547
12,432,89.7371921696203
13,432,108.182783274915
14,432,84.0777813598082
15,432,70.465946429781
16,432,74.7921334544452
17,432,62.4357333720035
18,432,67.8194652673479
1,433,57.6199007574903
2,433,80.6118694798952
3,433,64.8419123510243
4,433,56.0511425203944
5,433,76.3282180847925
6,433,85.6653988978089
7,433,65.514848224262
8,433,67.9678887008305
9,433,66.6109669967266
10,433,89.851218290308
11,433,89.927572443478
12,433,67.1969814147116
13,433,60.2630892405603
14,433,69.6863907545044
15,433,54.5314416328922
16,433,88.6411776281321
17,433,80.816097004499
18,433,98.5898955882727
1,434,88.5519859783836
2,434,83.8313009591292
3,434,67.7784808458596
4,434,73.3637371506429
5,434,55.1420923705524
6,434,69.0575382064889
7,434,89.9327999128205
8,434,72.8927211936069
9,434,74.8553142065226
10,434,67.1650527027431
11,434,104.976602847385
12,434,78.5415046507498
13,434,61.3663041634432
14,434,77.2072004518708
15,434,91.8593353680304
16,434,67.4781782911054
17,434,76.7685702579102
18,434,71.2259095275446
1,435,97.0785135470612
2,435,78.2563154293305
3,435,132.029881417172
4,435,43.1007946284796
5,435,75.2390433941509
6,435,93.2953321110156
7,435,69.7908523502438
8,435,115.194612216152
9,435,69.9726183128892
10,435,55.7462112500328
11,435,68.11298591149
12,435,71.088986286589
13,435,79.2141141346743
14,435,70.2615990902271
15,435,99.437177139675
16,435,62.6174926539255
17,435,64.3195784330695
18,435,70.3985223413209
1,436,57.6816220417003
2,436,73.7268537432472
3,436,74.4600817839925
4,436,50.7115469655488
5,436,50.202913262427
6,436,71.9953215773252
7,436,59.9764879300647
8,436,82.5457915907648
9,436,66.6611930640564
10,436,75.9681489649116
11,436,76.1165884644291
12,436,61.310612149847
13,436,89.6031239158215
14,436,74.5683862750755
15,436,131.581990132636
16,436,68.9528402883627
17,436,45.2094697224465
18,436,96.9508484011478
1,437,75.1222451671472
2,437,112.928299185084
3,437,61.2237852786513
4,437,136.613371898773
5,437,107.12983628304
6,437,65.7489912109508
7,437,98.3260549509836
8,437,72.8107467671397
9,437,120.866134915627
10,437,60.0763685973466
11,437,71.6583658580542
12,437,57.1602836274182
13,437,74.181316870678
14,437,61.2657671319413
15,437,114.069027297905
16,437,70.9680514914945
17,437,64.3140248324329
18,437,90.6722407514545
1,438,47.9447250702083
2,438,90.8646671808288
3,438,57.6885042499653
4,438,71.0125914170557
5,438,53.0305733831552
6,438,87.5931806380297
7,438,97.1420989539964
8,438,82.0672664040059
9,438,59.8432788286525
10,438,86.6998579503106
11,438,64.1774031739727
12,438,77.2406764679465
13,438,69.8218703289953
14,438,131.536104825716
15,438,45.977153482641
16,438,82.7266005902062
17,438,121.736593347564
18,438,56.9205085102314
1,439,49.6892390859593
2,439,53.0959786300815
3,439,79.5557076296091
4,439,109.70600788471
5,439,85.5140154721307
6,439,76.8952870299997
7,439,55.9286566880056
8,439,59.4562624296606
9,439,78.779869325126
10,439,75.1881350229726
11,439,74.8895981355424
12,439,45.3409315775423
13,439,78.6616887087977
14,439,72.6710127041615
15,439,50.0047352992111
16,439,49.7910021578568
17,439,78.6063541353418
18,439,54.441263953599
1,440,44.9738865092426
2,440,68.7482306805298
3,440,84.1602513160261
4,440,87.6090886329356
5,440,54.3723288154189
6,440,72.0986177675599
7,440,93.9923695615859
8,440,50.6274647662626
9,440,99.8349445168379
10,440,117.846698841917
11,440,58.3739335751325
12,440,66.5270278486385
13,440,43.1396368555361
14,440,42.398031912131
15,440,102.424404853824
16,440,40.7002219876085
17,440,78.9865561230535
18,440,52.3961205219731
1,441,73.4942656660255
2,441,65.3044057446909
3,441,67.2421714734957
4,441,68.4423126448285
5,441,82.5416049834721
6,441,63.6543998902973
7,441,100.940037078455
8,441,55.1464352397442
9,441,72.6433813306295
10,441,45.2791219533635
11,441,78.9889721673878
12,441,79.6261590144279
13,441,83.807124794368
14,441,54.9356322125132
15,441,67.5748253054859
16,441,55.4274138451537
17,441,76.4002705863038
18,441,60.9406295135788
1,442,64.1565181239833
2,442,98.3218334401537
3,442,114.401937625359
4,442,48.6602579991516
5,442,48.9989555451615
6,442,91.680423520025
7,442,74.3598983361325
8,442,58.7184046928027
9,442,84.5551972152984
10,442,53.7264490627161
11,442,70.148411421708
12,442,83.9673112525261
13,442,94.3725312342997
14,442,91.3462003182802
15,442,78.0106153151422
16,442,74.9132782730501
17,442,94.2075036062457
18,442,62.4375823012977
1,443,59.5503582412859
2,443,77.9438057353341
3,443,76.9618996221407
4,443,92.2171451271975
5,443,54.6029098914889
6,443,76.0788353489507
7,443,65.3917415695342
8,443,83.565719620065
9,443,101.386131062312
10,443,85.9348192516641
11,443,55.6629432894604
12,443,62.9501113180361
13,443,59.5496198098583
14,443,77.3379429156427
15,443,61.4270062980106
16,443,75.4974669663225
17,443,88.601586806428
18,443,82.0439223263153
1,444,92.30385939769
2,444,78.4285540245804
3,444,81.5276528383728
4,444,55.6062405059523
5,444,86.8649534904477
6,444,44.9924273749403
7,444,48.6953094800477
8,444,83.6406426630221
9,444,60.1088416930191
10,444,84.2800627045583
11,444,49.362627690002
12,444,68.3333358979484
13,444,47.0532904481127
14,444,80.2224126543616
15,444,48.2699075374043
16,444,77.1157062779305
17,444,68.4491316084857
18,444,90.9185193999931
1,445,136.563042882108
2,445,45.9578985668201
3,445,70.3150526474064
4,445,59.1722055475367
5,445,59.4226472247813
6,445,55.9294251067273
7,445,86.0909968883564
8,445,75.3624685957362
9,445,83.2072435742298
10,445,112.495814134389
11,445,49.79696308778
12,445,74.8721447408165
13,445,70.5477149811802
14,445,69.4092387431606
15,445,57.9044078658191
16,445,67.1351680444891
17,445,84.9561611861701
18,445,60.3928504782852
1,446,72.1490149308717
2,446,84.5104805100513
3,446,82.1974221172451
4,446,108.559738712992
5,446,69.0247693278067
6,446,65.0225913318853
7,446,44.6020675638265
8,446,100.153281577138
9,446,91.4204901672432
10,446,87.1844517239673
11,446,60.8925732543384
12,446,111.962589129323
13,446,65.3116833788938
14,446,108.676801818834
15,446,67.0628344926529
16,446,82.748289567977
17,446,71.5539347201086
18,446,58.6841169601534
1,447,70.3140282568507
2,447,66.1554286276203
3,447,58.8655387811262
4,447,74.4079023609151
5,447,56.8938800396623
6,447,72.9506942799167
7,447,72.6824154154685
8,447,89.9491313856644
9,447,59.9399322756578
10,447,86.1351773827251
11,447,69.3616180989071
12,447,70.5149065810611
13,447,101.892151506751
14,447,82.6218542444391
15,447,56.0318072360267
16,447,50.7520735717136
17,447,81.1799676774999
18,447,57.1134217163923
1,448,104.952219893843
2,448,77.1694247451287
3,448,40.2157882150409
4,448,57.678131036968
5,448,57.0867777430155
6,448,54.670517693352
7,448,51.348905939518
8,448,86.825468945571
9,448,74.8556041611156
10,448,75.0730266690199
11,448,89.5512327236004
12,448,72.89684290123
13,448,103.368592354672
14,448,56.5736252114591
15,448,58.6567225918456
16,448,56.5181448658734
17,448,67.8411657428112
18,448,54.3292145119326
1,449,80.8428520325541
2,449,71.5691205037702
3,449,89.0583067706732
4,449,47.0816815445051
5,449,48.9604214404216
6,449,58.4252755014703
7,449,55.5384386401017
8,449,48.8012846779384
9,449,84.1093674621907
10,449,88.3032504439637
11,449,98.1843645389853
12,449,77.3427092231316
13,449,80.5383297249588
14,449,95.070411231443
15,449,70.1171950806158
16,449,70.3064966675433
17,449,83.2325603464181
18,449,126.796307969415
1,450,80.4426428946773
2,450,57.5003667465737
3,450,82.9433702332447
4,450,58.4904992939598
5,450,58.712851374795
6,450,98.3173261841201
7,450,54.1691864689477
8,450,53.1084808772447
9,450,61.5918166033124
10,450,61.1090262752156
11,450,82.267761292974
12,450,71.2933407833057
13,450,121.158923603715
14,450,99.6521252113079
15,450,44.206483289613
16,450,76.1843773697615
17,450,64.3261958337725
18,450,93.1842511829488
1,451,55.2027862443811
2,451,67.8789815746406
3,451,68.6718784015623
4,451,77.9512300051548
5,451,47.1334385622261
6,451,62.2549932755654
7,451,46.8744793493168
8,451,83.7598131092021
9,451,60.2706145778906
10,451,108.31489128076
11,451,93.5835478378125
12,451,63.3030485912873
13,451,76.36380019712
14,451,89.8454908388965
15,451,77.7120816920256
16,451,51.692678572098
17,451,45.4288591245504
18,451,77.9305851242217
1,452,63.0372911208322
2,452,106.55692507305
3,452,63.2410569815807
4,452,84.3438833174192
5,452,85.4331830063379
6,452,85.3665937867599
7,452,49.3586561217806
8,452,54.1319750585695
9,452,63.9523851011275
10,452,99.9487900644413
11,452,99.8278602450642
12,452,114.908573717537
13,452,55.1294641763848
14,452,61.3708129950762
15,452,72.4609560240369
16,452,99.9656767182302
17,452,43.2522344333838
18,452,53.043154784119
1,453,114.995180665409
2,453,84.0015145014813
3,453,41.285721094757
4,453,88.2944404493953
5,453,80.1192040644716
6,453,59.8537678157556
7,453,67.5576393259666
8,453,87.8271672729628
9,453,80.6447871504095
10,453,94.1360723326162
11,453,111.064003951136
12,453,79.577211549204
13,453,52.8121430820523
14,453,76.5862349285986
15,453,43.4451144186581
16,453,71.1033852451077
17,453,56.3506680368441
18,453,59.628873356683
1,454,62.0252316337223
2,454,129.273455080562
3,454,56.8310407933143
4,454,58.4366102173586
5,454,68.8059614241303
6,454,67.7491992943122
7,454,128.028112872149
8,454,71.3789817892558
9,454,69.2969551983486
10,454,61.6044320271584
11,454,101.729653387131
12,454,66.4958294129328
13,454,85.7159037549377
14,454,78.5632828363339
15,454,46.5007781058477
16,454,58.235176102931
17,454,71.1563224243407
18,454,95.98909479592
1,455,74.58026604893
2,455,79.826581673639
3,455,64.0993463412214
4,455,93.6538107277352
5,455,88.966032648226
6,455,64.8924038298823
7,455,92.3870847640875
8,455,72.6297969626841
9,455,76.9703133762055
10,455,90.0524711458586
11,455,83.8492921591422
12,455,61.5955814755756
13,455,81.853229428355
14,455,66.7002854846616
15,455,68.8543636378537
16,455,58.400401574545
17,455,75.3699487652643
18,455,89.5703006282225
1,456,69.4550256336239
2,456,88.0851811584175
3,456,66.2842719857031
4,456,81.6443369681059
5,456,48.3729180361339
6,456,84.3865101327251
7,456,60.2999488396973
8,456,68.4542265772871
9,456,75.2621169578795
10,456,85.0115600897322
11,456,67.7842863105619
12,456,56.8191339392968
13,456,65.2604579863418
14,456,56.1250646578743
15,456,91.0330263792893
16,456,74.5659465582477
17,456,74.6320277369268
18,456,52.97264751533
1,457,84.6641296215353
2,457,75.5248143502626
3,457,46.3981803683804
4,457,65.4279053791586
5,457,68.4306906105612
6,457,70.527780739203
7,457,72.4440225002494
8,457,78.125855247248
9,457,93.6195129398299
10,457,66.3405522671255
11,457,58.8567467190568
12,457,55.2042620249662
13,457,77.474821853522
14,457,62.5374223927577
15,457,84.5681794051499
16,457,61.5878837740521
17,457,69.7567012728587
18,457,50.3047495341152
1,458,79.4598272587919
2,458,64.4325371143846
3,458,133.378108665813
4,458,64.6625265048026
5,458,56.4617332693383
6,458,112.489437457708
7,458,112.554309003985
8,458,112.621607250876
9,458,80.5250216438953
10,458,82.8583915921583
11,458,87.6663865872828
12,458,94.6721089648105
13,458,59.3633894698886
14,458,61.0737592998267
15,458,94.371086635931
16,458,56.8254920561648
17,458,80.048700710022
18,458,59.2429420162373
1,459,124.994687602874
2,459,97.7390402462841
3,459,81.5233108740933
4,459,72.4578332734638
5,459,55.8393346845712
6,459,67.6011979941353
7,459,71.8418708199998
8,459,78.5463889371176
9,459,76.0184360405061
10,459,39.18813250361
11,459,75.5170642380854
12,459,83.5078395950965
13,459,96.6909354911359
14,459,112.708034483574
15,459,96.3022177002982
16,459,89.7311026776867
17,459,68.3342201719671
18,459,61.4342205235159
1,460,58.4309992930823
2,460,113.565668716685
3,460,45.5096878777947
4,460,75.5488961824034
5,460,77.8983693591978
6,460,80.2206037605214
7,460,87.5765722451865
8,460,54.5738617598507
9,460,91.3667394125816
10,460,80.9237076165847
11,460,73.7630968287653
12,460,63.4576657995097
13,460,79.3790824813701
14,460,64.3199637506608
15,460,80.3583893680581
16,460,71.0773911017873
17,460,50.3632172478103
18,460,115.301118551818
1,461,120.503914530548
2,461,97.2739345748942
3,461,64.5139399224158
4,461,61.5262792990328
5,461,91.6312334589877
6,461,97.8043162472067
7,461,96.3953915989742
8,461,67.078038632333
9,461,95.777389363436
10,461,104.665795190372
11,461,74.1235747143461
12,461,75.2728367883731
13,461,74.0671890869186
14,461,55.6412311711106
15,461,52.6956317761811
16,461,66.2426426213717
17,461,77.9605375517988
18,461,80.3890307257489
1,462,103.503096702142
2,462,56.7919403483259
3,462,67.6371175869252
4,462,69.3207533065668
5,462,77.6617065105272
6,462,90.1610746652092
7,462,104.299483882856
8,462,105.643464015561
9,462,112.418139061567
10,462,79.0714997355603
11,462,115.007071195627
12,462,53.3947314825538
13,462,71.6372023501424
14,462,106.58827842431
15,462,69.8845137773878
16,462,78.8213437819556
17,462,88.5445387988414
18,462,71.9120246410842
1,463,96.7122912509115
2,463,78.8497896435342
3,463,60.8750028345147
4,463,91.26198428635
5,463,54.1578908758785
6,463,94.410192100088
7,463,57.2804378830802
8,463,84.7566330669112
9,463,76.0509524064654
10,463,94.8103495252266
11,463,80.9295898824847
12,463,88.6105278812645
13,463,58.164367424924
14,463,69.5629242579511
15,463,93.757202652388
16,463,55.2699301946308
17,463,53.1023385887249
18,463,65.7069468474109
1,464,67.3067098686577
2,464,75.4979466676791
3,464,129.463003454369
4,464,52.2303928329733
5,464,61.1457224064762
6,464,63.8017405803067
7,464,104.22598278135
8,464,92.3172333787855
9,464,55.1486522235114
10,464,54.8998303696162
11,464,65.5458854083998
12,464,44.7414224918588
13,464,86.1926761993126
14,464,73.5362377892901
15,464,49.3203530895399
16,464,65.1322361163629
17,464,74.8507165726511
18,464,90.14489589849
1,465,75.256402115338
2,465,58.6487718276601
3,465,63.5531518914075
4,465,100.899878603867
5,465,71.1075496781681
6,465,73.1667261944983
7,465,76.3583110443544
8,465,77.270625915081
9,465,51.3773929157642
10,465,82.454114355918
11,465,95.0968220519179
12,465,122.300252277476
13,465,53.4364335531154
14,465,58.1051045391696
15,465,85.6356087227044
16,465,61.4087678716472
17,465,101.180835279636
18,465,48.0880776113367
1,466,76.8652220159603
2,466,79.5905708094554
3,466,88.3090007907461
4,466,88.6538603436273
5,466,71.1664960113275
6,466,48.7936532574761
7,466,78.3518400392747
8,466,77.1235155624863
9,466,45.1820784160983
10,466,92.8488253810778
11,466,77.7012445057187
12,466,53.9093800332153
13,466,75.5689593146525
14,466,90.8178627641698
15,466,86.8921647389383
16,466,66.0224941749962
17,466,133.719284183428
18,466,71.8979081053461
1,467,76.8945285783919
2,467,82.5597441791546
3,467,96.9949497023089
4,467,91.4015531441334
5,467,72.4744929123556
6,467,67.0861486794923
7,467,54.006384657295
8,467,80.1171770187159
9,467,86.7946728882673
10,467,66.2149365530338
11,467,85.0406242569593
12,467,69.7093105216172
13,467,85.4295451587948
14,467,58.336648721956
15,467,89.9942139997347
16,467,51.7306810377009
17,467,127.870897400701
18,467,69.7266673595846
1,468,48.1489462722288
2,468,52.4861267684373
3,468,42.406544389477
4,468,73.2568003856678
5,468,74.6622370086072
6,468,63.3251367700892
7,468,67.1929797838884
8,468,54.750867306488
9,468,98.5208285074142
10,468,71.6837353577748
11,468,77.6379193637237
12,468,123.078453732335
13,468,93.9370788947571
14,468,50.649036322797
15,468,99.0542309984712
16,468,48.6438684277457
17,468,130.394787412385
18,468,103.639934911929
1,469,52.1948839622262
2,469,55.3377301377577
3,469,108.488536310743
4,469,57.1293925638474
5,469,134.050011538969
6,469,94.0496403505482
7,469,83.5080610390494
8,469,63.8789509916698
9,469,103.230659744731
10,469,71.119947499625
11,469,87.8894198678703
12,469,61.4833844722357
13,469,87.2618926520003
14,469,60.3015027869203
15,469,67.7351029788729
16,469,69.4315657096106
17,469,92.5995697606728
18,469,74.600833175241
1,470,66.3012906063751
2,470,59.7235193483217
3,470,62.2947928750698
4,470,83.1816815779855
5,470,80.3714183647309
6,470,66.6345914074873
7,470,60.7762456621485
8,470,42.2888457249532
9,470,77.0236407847935
10,470,68.2116231810643
11,470,69.4458464907641
12,470,72.1600561559887
13,470,44.3271345151241
14,470,75.0829319950562
15,470,119.068903325589
16,470,107.851704370987
17,470,48.4397633845516
18,470,73.1903964529893
1,471,43.6155666913508
2,471,64.600780199406
3,471,111.401644257706
4,471,85.1625656097081
5,471,69.645322900179
6,471,62.2322877580484
7,471,70.3360063016325
8,471,50.8838696139261
9,471,77.0393289827325
10,471,59.1351132462381
11,471,49.099504138804
12,471,59.4017687129671
13,471,97.2163503126707
14,471,54.9204367859499
15,471,57.9639605471714
16,471,41.208676479681
17,471,78.576016457253
18,471,69.5821172060813
1,472,61.5311170259503
2,472,94.2884652303724
3,472,71.5655076235397
4,472,84.3722864717577
5,472,67.9994335032906
6,472,60.301189972145
7,472,96.6837016895014
8,472,86.9105611377821
9,472,88.8698200755887
10,472,83.7355283276334
11,472,70.7816957898514
12,472,57.6642624530561
13,472,118.478131451943
14,472,80.7077782090276
15,472,64.2514250886096
16,472,117.206535207658
17,472,109.746797906143
18,472,59.4490282125823
1,473,73.1223183241419
2,473,64.3369665853021
3,473,88.1771533492448
4,473,69.7222744475779
5,473,78.5442103655037
6,473,73.4260077895061
7,473,73.8879569322371
8,473,59.4411470656091
9,473,77.4555343792364
10,473,77.3000021265792
11,473,76.1268759002648
12,473,66.8032506410283
13,473,85.2806287947969
14,473,74.5993895867951
15,473,90.4764764462734
16,473,59.4679531775291
17,473,115.905038428288
18,473,57.2546153769234
1,474,66.1466980048333
2,474,85.5185937639644
3,474,75.3330304191182
4,474,49.823010764053
5,474,64.5756789355424
6,474,87.6590779556597
7,474,118.814532349201
8,474,106.401526414499
9,474,124.966341340634
10,474,97.1492748281786
11,474,79.1465813158198
12,474,63.8690350842645
13,474,79.4659743574371
14,474,61.1904606942609
15,474,47.4101445802765
16,474,102.046061047792
17,474,62.0752003842119
18,474,86.370104658651
1,475,49.394604438138
2,475,43.6425396677624
3,475,71.6389155160995
4,475,51.2440706612599
5,475,69.95178981107
6,475,82.7747611104475
7,475,60.9353216919831
8,475,74.5615908753632
9,475,57.6319718263242
10,475,54.0161161054774
11,475,72.1629861041738
12,475,97.0113959567243
13,475,53.0182341431327
14,475,94.0286280463796
15,475,59.7240730873414
16,475,50.1916176920211
17,475,88.2282455736781
18,475,87.976228390908
1,476,96.0928949569026
2,476,89.1454414414421
3,476,77.0019169919435
4,476,106.107190412241
5,476,66.6532012094105
6,476,73.8089433368352
7,476,65.777457515519
8,476,92.2575560827961
9,476,64.1438109062452
10,476,86.1096246797726
11,476,54.6999969064767
12,476,56.2464654280503
13,476,73.7077619958389
14,476,75.3765687995089
15,476,63.4117132602568
16,476,106.179196283873
17,476,91.376519557239
18,476,70.5613384464043
1,477,75.6601285874436
2,477,66.908777796867
3,477,103.791641221541
4,477,77.5696326831693
5,477,43.0132564886021
6,477,68.1000856317175
7,477,71.7527094962795
8,477,59.187480930942
9,477,67.9208831625491
10,477,104.829276638812
11,477,138.368739955471
12,477,89.0771268565545
13,477,67.4417823027206
14,477,88.9651116909826
15,477,91.8356484340645
16,477,108.067115855187
17,477,59.7276660081754
18,477,91.5914325385178
1,478,120.72746965059
2,478,40.9157129799065
3,478,93.9834221747201
4,478,94.8544316406598
5,478,76.5704630070236
6,478,81.0655916218656
7,478,56.9822734537693
8,478,60.9676262037161
9,478,58.5775571183407
10,478,50.3628930523807
11,478,80.4836779250043
12,478,72.5204850174685
13,478,75.3118495868866
14,478,76.8473270352902
15,478,69.7727446566239
16,478,117.60606500214
17,478,82.9171018392167
18,478,67.1677884696084
1,479,57.4386441582695
2,479,56.562213508763
3,479,62.44989426736
4,479,84.8743279579132
5,479,91.5293739058334
6,479,62.7134410209921
7,479,63.1898096253422
8,479,63.2976970127408
9,479,56.0711694296224
10,479,73.8569682551171
11,479,101.897739643859
12,479,43.1477599654138
13,479,67.9756183082258
14,479,100.813221445388
15,479,60.1907425411173
16,479,69.4045302002487
17,479,82.0939465514809
18,479,79.8669880935011
1,480,79.3837415001791
2,480,40.7338979168605
3,480,61.7242750113571
4,480,73.6318275615531
5,480,93.2917076647264
6,480,82.9675879215614
7,480,86.1692326009486
8,480,91.7938414000195
9,480,53.6262892955838
10,480,81.1479431506333
11,480,79.3892303324474
12,480,51.5621772869489
13,480,42.2837487484099
14,480,73.6973233759004
15,480,75.6621432972565
16,480,59.4325743637685
17,480,96.3074825708842
18,480,51.449086326889
1,481,122.297274606781
2,481,86.1744122005371
3,481,102.983437077622
4,481,94.7351122690429
5,481,83.9345197123585
6,481,83.1281131894709
7,481,97.0162093079768
8,481,91.9449181560828
9,481,73.4804068648009
10,481,125.901250886986
11,481,57.0571262459209
12,481,49.8524428585595
13,481,133.980426442682
14,481,57.0161292070082
15,481,100.2691540499
16,481,83.8758425820149
17,481,61.2892073462559
18,481,72.860673818255
1,482,66.1209605344356
2,482,69.4653423841292
3,482,66.1788247110515
4,482,59.4455861310331
5,482,79.8316558681258
6,482,70.3079140393963
7,482,64.939875664881
8,482,70.2936795652447
9,482,80.4483284796855
10,482,57.2147471977934
11,482,82.3261240649325
12,482,67.3782855282442
13,482,67.3454510609494
14,482,65.7033557650164
15,482,77.8229847077856
16,482,84.9003118554463
17,482,57.0318806625462
18,482,60.9896681435911
1,483,69.7923613330126
2,483,47.6803652045999
3,483,74.7889368216315
4,483,111.46361534268
5,483,66.2836785969251
6,483,68.2562282634705
7,483,55.7623155358238
8,483,71.624873573193
9,483,78.6725636764599
10,483,89.1311213450473
11,483,75.8437180088805
12,483,71.2089652473302
13,483,52.781332908096
14,483,73.6911069786299
15,483,73.1395571010544
16,483,70.7038948659418
17,483,87.0668232789432
18,483,74.7645259311019
1,484,56.9189007497944
2,484,66.0635213936146
3,484,62.9642956776372
4,484,53.885649593897
5,484,58.0842016285659
6,484,66.0658002085161
7,484,60.8517526953362
8,484,75.6935574857059
9,484,45.4352235105083
10,484,50.918555140131
11,484,106.698566024427
12,484,69.6268949199282
13,484,82.872680988885
14,484,87.3979059169073
15,484,71.0943986353571
16,484,97.6435279326767
17,484,93.4785164386303
18,484,119.609237442337
1,485,92.814305418837
2,485,110.678186654039
3,485,72.9501589054108
4,485,56.3800909353485
5,485,87.9118921444243
6,485,66.0764069926112
7,485,77.7996302334073
8,485,112.309336960004
9,485,85.5600212602941
10,485,50.8356091373724
11,485,99.2961446067164
12,485,88.7061297288595
13,485,67.0680066121469
14,485,63.2132843221397
15,485,70.3804696083201
16,485,54.0177655292262
17,485,44.2472843813068
18,485,62.7602220372282
1,486,68.7565253629705
2,486,52.1817514095518
3,486,42.572550485053
4,486,81.8453905263342
5,486,59.4763318501983
6,486,75.2157675345507
7,486,43.0419660369936
8,486,84.0539543723159
9,486,58.3531123221323
10,486,102.635770190625
11,486,73.1644427790622
12,486,75.6279738221741
13,486,75.6560493836493
14,486,70.5292173675943
15,486,88.9553270459022
16,486,110.414998361214
17,486,82.568633003133
18,486,74.0444442604093
1,487,69.1348035901234
2,487,55.6362910354359
3,487,81.3036126288191
4,487,52.7121476382377
5,487,55.7753986398084
6,487,99.7000147675973
7,487,53.7101005383433
8,487,117.163410847328
9,487,85.5186976967179
10,487,107.740607320988
11,487,75.9781700996792
12,487,74.0148945243324
13,487,102.833960215049
14,487,72.7025263389247
15,487,62.7436771292101
16,487,67.5364365102004
17,487,67.6366017843969
18,487,81.2847523905673
1,488,85.2405007730274
2,488,76.0365203641059
3,488,47.7477021466579
4,488,53.2396158520147
5,488,42.7231610665602
6,488,57.0264514452209
7,488,110.456313183284
8,488,102.967309658501
9,488,58.7869120636953
10,488,101.126853848337
11,488,67.6611283560046
12,488,65.5717037310611
13,488,89.6879328743638
14,488,72.8739969726512
15,488,94.5676593745892
16,488,79.9444693277876
17,488,55.3733926788388
18,488,74.5914507104181
1,489,74.1442402559542
2,489,61.4676417472313
3,489,71.9284236614413
4,489,69.2281635593797
5,489,90.0684926719457
6,489,77.3376450507758
7,489,71.0579421910722
8,489,55.0174770496703
9,489,71.363807512782
10,489,67.8824125463723
11,489,65.4265673859111
12,489,65.1353137247494
13,489,71.7839773130023
14,489,75.6953217315068
15,489,76.3072706398721
16,489,96.4408910013618
17,489,68.8080270594742
18,489,68.2851193667723
1,490,116.360659652813
2,490,66.8904063387688
3,490,64.8298832015588
4,490,84.2537784581342
5,490,66.5994943275173
6,490,77.4909511020691
7,490,93.9876656912918
8,490,124.700624751699
9,490,93.9583584239168
10,490,93.6089452837755
11,490,77.0616259411174
12,490,66.6922583442957
13,490,69.4631565645413
14,490,59.0320195589653
15,490,86.9053884155687
16,490,88.7987810975605
17,490,106.168774302616
18,490,57.5116241732576
1,491,66.7606770428277
2,491,61.2423987063072
3,491,71.359111653009
4,491,77.2072628446619
5,491,84.736869822052
6,491,79.7700389572916
7,491,66.5009902509504
8,491,72.8502165802827
9,491,59.0838049088072
10,491,75.9410876480333
11,491,80.3243522606162
12,491,54.1026560787344
13,491,88.6577726095772
14,491,89.5415455857712
15,491,83.3011915010832
16,491,90.9646866052675
17,491,59.4710922974776
18,491,58.5017669757844
1,492,96.0566636585637
2,492,84.7618034424553
3,492,69.2467151697621
4,492,79.4664336404274
5,492,119.969549704109
6,492,72.4414797038417
7,492,69.6845228175422
8,492,58.7621604961294
9,492,55.9418355779697
10,492,77.6130607357231
11,492,83.8165964819071
12,492,75.120601463702
13,492,81.0459570402986
14,492,72.4953026750946
15,492,85.180117060252
16,492,60.4204483705824
17,492,70.3835614205242
18,492,69.4617046812587
1,493,103.445005329118
2,493,42.7397660157011
3,493,130.442676489506
4,493,57.794868826438
5,493,95.6581892035651
6,493,65.4291238301488
7,493,70.3994560314075
8,493,75.4346385062471
9,493,41.4786674767703
10,493,133.897675240179
11,493,81.2168390247299
12,493,80.7013643429587
13,493,61.4474005763836
14,493,56.7559188580804
15,493,102.04482854166
16,493,85.1380152826696
17,493,95.5086028588847
18,493,69.1596356831555
1,494,49.8919004328243
2,494,63.7592354066208
3,494,114.816457787362
4,494,48.0318580765883
5,494,105.564317094009
6,494,62.2088672299021
7,494,52.6139405182599
8,494,56.064118067903
9,494,75.0687286545331
10,494,69.8383853153452
11,494,39.3392370694789
12,494,71.2584880861976
13,494,111.054956705901
14,494,66.150266270803
15,494,105.353912592461
16,494,60.629878757071
17,494,81.1381181445619
18,494,68.3686197582784
1,495,96.2369903921552
2,495,44.8305158068481
3,495,70.9602253589521
4,495,105.683457489444
5,495,57.0689049783388
6,495,102.357005950717
7,495,61.7824720361241
8,495,63.9512050604841
9,495,53.8448787710029
10,495,77.7626985787987
11,495,55.8828014320395
12,495,53.2134160212774
13,495,67.0894107775655
14,495,47.0480905801395
15,495,56.7931423107807
16,495,123.956393258535
17,495,72.848631097501
18,495,84.8865042233725
1,496,49.820175171539
2,496,40.5205979899921
3,496,87.7276076454551
4,496,78.8161192258672
5,496,100.254655031065
6,496,94.2663451471562
7,496,40.4620521797216
8,496,90.8657669684682
9,496,52.9537110325824
10,496,73.8277319174204
11,496,80.0809128095168
12,496,58.9921220555584
13,496,64.4409112357289
14,496,74.547158262669
15,496,73.4417445195519
16,496,51.8702098988272
17,496,106.690328125232
18,496,100.606911080579
1,497,64.118512223482
2,497,49.8070001300236
3,497,97.011950389844
4,497,126.15929602602
5,497,55.5523792359499
6,497,73.2357419885035
7,497,52.4561913452888
8,497,61.522191703406
9,497,88.066992010532
10,497,52.8641667392875
11,497,56.5180817046396
12,497,67.4327368383845
13,497,65.3271724299181
14,497,73.9252997469393
15,497,66.8368866674988
16,497,46.252644000055
17,497,53.1260800764341
18,497,76.2481092407326
1,498,78.7285612302744
2,498,106.298966494568
3,498,78.9474546679992
4,498,68.221953779301
5,498,79.6151517201255
6,498,57.0589515441253
7,498,43.7425084639799
8,498,73.211823554606
9,498,63.777764349749
10,498,59.5505965028853
11,498,41.2464272460289
12,498,50.9983753803925
13,498,109.433205605613
14,498,57.1012751054238
15,498,73.6494077678393
16,498,70.791547787152
17,498,113.226849371655
18,498,75.1005839872458
1,499,121.04235099876
2,499,96.3804659665631
3,499,49.5397045744236
4,499,72.7509528100268
5,499,75.5617790557805
6,499,60.1953274451685
7,499,64.0358533482506
8,499,71.2738367147351
9,499,42.8409644304845
10,499,45.825637495484
11,499,59.7853616663896
12,499,85.9069963558083
13,499,102.170257607517
14,499,39.1363301986375
15,499,69.5329825453593
16,499,58.8932103255076
17,499,60.5568621192878
18,499,94.7074529738335
1,500,123.783777451172
2,500,63.0418900777809
3,500,75.5540155604871
4,500,48.2540575818773
5,500,128.67102887942
6,500,70.4565138554459
7,500,85.2482521917211
8,500,75.8789734465077
9,500,53.1335220313018
10,500,78.5313680233228
11,500,52.6273781969114
12,500,72.3271547044374
13,500,80.9747482800074
14,500,53.8900209789964
15,500,52.4790629904931
16,500,78.9014279662508
17,500,71.9746487432294
18,500,77.7014294119113
1,501,121.074665161404
2,501,66.0241409773797
3,501,61.0871512385353
4,501,57.6830737585223
5,501,136.7868062296
6,501,56.7214042094607
7,501,95.5790132156384
8,501,52.2250033987149
9,501,106.115979717231
10,501,73.9388865627337
11,501,63.0123602641066
12,501,76.2486467411277
13,501,101.041041455716
14,501,92.566472301698
15,501,76.2662129006585
16,501,67.6038779402452
17,501,50.525838767324
18,501,57.5696522475155
1,502,51.7184773506132
2,502,79.173458782013
3,502,67.1576998029779
4,502,84.5057014870341
5,502,87.0725406426959
6,502,86.5304551222635
7,502,117.172266293236
8,502,61.373757581262
9,502,67.6989869408787
10,502,57.8228761016327
11,502,105.925362813058
12,502,68.2970266947987
13,502,71.0100030093001
14,502,63.8045685972824
15,502,70.9554759838364
16,502,75.0050589075384
17,502,57.5585568875284
18,502,84.798566061148
1,503,56.6425840881275
2,503,92.2746202108827
3,503,58.1507149022577
4,503,60.1155695428424
5,503,99.3406503661046
6,503,71.7163526171574
7,503,74.912451393771
8,503,98.3746556700899
9,503,89.5974966154396
10,503,66.9419170819411
11,503,55.1719568003634
12,503,75.0852144062658
13,503,68.3544466785816
14,503,87.0438175729491
15,503,59.3379760670063
16,503,58.6639272476732
17,503,137.409427101654
18,503,95.4136303513804
1,504,58.8643152110078
2,504,67.5679387744159
3,504,68.4059751001689
4,504,58.9061594118353
5,504,91.6205771912462
6,504,78.7336467043349
7,504,105.881203257485
8,504,71.8638700402546
9,504,84.0468521822573
10,504,80.9368614259576
11,504,50.8996403079994
12,504,50.3815795524098
13,504,72.80181167025
14,504,48.7815540935696
15,504,57.6942107860911
16,504,86.406862149399
17,504,83.3725729189403
18,504,68.6742144729032
1,505,76.1693940972568
2,505,55.1631932523974
3,505,75.647204863598
4,505,87.0401286107573
5,505,104.211078515289
6,505,57.022531918087
7,505,69.0761315089537
8,505,69.0285722107948
9,505,75.7789409319754
10,505,54.0839137243747
11,505,75.929367525564
12,505,87.6555253875403
13,505,112.865639061255
14,505,56.0297761938353
15,505,88.1538730690304
16,505,69.8118494341898
17,505,46.5975234718331
18,505,108.820720971494
1,506,59.5797578062839
2,506,58.0721397060712
3,506,63.8205984047508
4,506,74.3392755416984
5,506,70.8685652404245
6,506,51.1037104955831
7,506,64.765212809288
8,506,87.7143452111217
9,506,58.4844656832135
10,506,71.9964266196105
11,506,74.6913502481808
12,506,94.9626517465348
13,506,88.6112869067627
14,506,84.9567064456818
15,506,92.1380948201036
16,506,82.642134710108
17,506,56.9719940885755
18,506,63.8773180683786
1,507,62.1213094443332
2,507,57.2191601629895
3,507,90.9731611760702
4,507,89.562879012723
5,507,77.1829043217306
6,507,77.4564609222204
7,507,71.8502327364423
8,507,63.7702417235234
9,507,76.8313685062155
10,507,51.3471181458117
11,507,55.3923535480839
12,507,89.7939764471157
13,507,57.1399269693245
14,507,93.3842526990975
15,507,78.3155963706673
16,507,73.759577106125
17,507,67.9122599783814
18,507,65.7522913265151
1,508,103.950299913252
2,508,63.9947552839886
3,508,131.022446221352
4,508,73.4359597549672
5,508,73.2201303612474
6,508,87.7573663944894
7,508,87.0077876418602
8,508,48.5001898157837
9,508,71.3655679290221
10,508,78.6843978676407
11,508,52.0437611863808
12,508,52.706544301142
13,508,62.1424763755821
14,508,84.022082324167
15,508,67.0002986906037
16,508,54.2296584546642
17,508,53.8961640968382
18,508,44.7800989023529
1,509,80.5647172658535
2,509,92.5501993389064
3,509,52.7938305935802
4,509,54.3939530221411
5,509,77.578572393756
6,509,118.656016164501
7,509,105.284533339836
8,509,63.0508123528026
9,509,64.1195193747123
10,509,106.457851173006
11,509,102.111837075448
12,509,48.1723964996522
13,509,56.7360046578987
14,509,89.1647871642353
15,509,74.2240411936623
16,509,39.3468075192418
17,509,78.2554942335471
18,509,107.976151709254
1,510,77.2164071413553
2,510,95.9381061178248
3,510,54.9222773509593
4,510,70.0710493670684
5,510,86.2474896583346
6,510,69.8100732100018
7,510,73.8279756491236
8,510,75.5833848520061
9,510,54.3001978852361
10,510,60.2439251165682
11,510,63.4123761953406
12,510,59.2574592082672
13,510,101.638778389955
14,510,56.7314581370505
15,510,71.1563547761429
16,510,104.777990798075
17,510,65.6569532632424
18,510,58.5119412069253
1,511,75.5494101529328
2,511,73.8528922982159
3,511,71.4363580931257
4,511,60.0838442994819
5,511,57.44332167833
6,511,79.6518713053362
7,511,40.8294319616489
8,511,99.2561816117826
9,511,79.3405257321477
10,511,51.4282823273369
11,511,43.1909003213777
12,511,57.3012700207159
13,511,88.1118247639813
14,511,77.501881658131
15,511,72.1413293739505
16,511,73.9700843059406
17,511,101.329330817988
18,511,74.7146349515428
1,512,71.1077057232728
2,512,63.0995715881775
3,512,72.3789577403683
4,512,46.382419855131
5,512,72.162118383125
6,512,125.990717600342
7,512,66.7940682189397
8,512,80.4978495142394
9,512,70.2884344921667
10,512,99.8621971223841
11,512,81.2127357680439
12,512,67.972114639046
13,512,65.0286866310749
14,512,66.7391332348826
15,512,60.9519396102817
16,512,81.6880353999272
17,512,78.2505286030433
18,512,99.8493366108611
1,513,65.2862203717367
2,513,50.2643319521945
3,513,47.2112858819793
4,513,40.1886662769562
5,513,83.6672312867656
6,513,70.3761481826877
7,513,81.113051291648
8,513,86.100345408391
9,513,59.1665027569369
10,513,107.600948403315
11,513,123.676904013198
12,513,72.2803440730506
13,513,66.8853574917848
14,513,83.950497758894
15,513,92.4805773692824
16,513,102.688876423414
17,513,91.4866198503479
18,513,65.8517447540146
1,514,76.4377170369224
2,514,64.3688569823912
3,514,60.8102524666738
4,514,51.7113917681264
5,514,49.7050005641908
6,514,65.9240665435088
7,514,85.6115059138331
8,514,87.2724017697044
9,514,75.1832333800805
10,514,70.1382299900152
11,514,45.0193038062502
12,514,68.3598013243926
13,514,61.5950873684652
14,514,55.4704609105396
15,514,57.8962450700943
16,514,67.075838851374
17,514,63.6759094815177
18,514,91.913770386772
1,515,124.512974718995
2,515,84.7123297850423
3,515,75.762679965926
4,515,109.233821434438
5,515,80.291585430795
6,515,79.4897876533042
7,515,96.6854361179067
8,515,52.5653932900282
9,515,84.8994477068747
10,515,71.3835374337218
11,515,86.0680483214768
12,515,61.7842855593506
13,515,67.9161387752561
14,515,87.6147962381592
15,515,76.3164572819944
16,515,55.903315727176
17,515,57.5716380448623
18,515,56.3236159431611
1,516,78.422571363112
2,516,88.0110213273693
3,516,56.0501669995782
4,516,78.487278201314
5,516,85.8118516671191
6,516,71.400259442279
7,516,78.399850223064
8,516,66.732893020797
9,516,45.5358717589511
10,516,63.0355288597397
11,516,48.1732740924239
12,516,75.0049453288098
13,516,47.9265024289845
14,516,76.7154026101107
15,516,119.100109226596
16,516,102.275957765062
17,516,91.1706267512836
18,516,68.16965671008
1,517,65.6527264651127
2,517,53.5049171288857
3,517,83.4250281999413
4,517,88.1954580262825
5,517,88.8260622499205
6,517,60.1671739645972
7,517,66.6340884917147
8,517,48.3967743871813
9,517,71.7948922835131
10,517,54.2141657411821
11,517,52.2505454955904
12,517,54.6610556869924
13,517,66.1506917971616
14,517,71.7757059469051
15,517,87.4237074940638
16,517,44.0185866361069
17,517,103.709509640164
18,517,55.2110686653938
1,518,81.292615073124
2,518,92.8061497988944
3,518,59.6014714119808
4,518,61.0409537790129
5,518,73.5939209197809
6,518,57.0002725475505
7,518,68.7166070345013
8,518,55.126050465654
9,518,81.988637950225
10,518,80.4104110685082
11,518,88.6350303664053
12,518,66.5506897318069
13,518,71.9134950068992
14,518,67.561500561783
15,518,69.0030838907075
16,518,67.0391289816431
17,518,58.4578926218513
18,518,77.48880289397
1,519,64.330712289949
2,519,71.7496278429111
3,519,74.2386999491843
4,519,57.179297636256
5,519,98.3039674865391
6,519,76.2414896493328
7,519,64.6946422456054
8,519,86.5296857419108
9,519,59.240636900575
10,519,108.99655868836
11,519,86.2566255084945
12,519,66.9407406286061
13,519,90.9925541080673
14,519,78.8263517465251
15,519,64.1643763623899
16,519,53.6222543835226
17,519,68.0867680705057
18,519,79.5196664197303
1,520,83.5372703392568
2,520,50.1019079410811
3,520,81.7093449152664
4,520,63.5346858526451
5,520,76.6035205769207
6,520,97.4185638477672
7,520,80.552698616203
8,520,80.1761630836668
9,520,59.0735571459823
10,520,72.5004952445518
11,520,53.1180544658979
12,520,95.0597410603703
13,520,57.2860653953149
14,520,56.4007416450068
15,520,55.4335680945096
16,520,89.5822666553899
17,520,73.4615343635586
18,520,44.3940552877355
1,521,43.545948352473
2,521,69.4750616311251
3,521,57.2794054965489
4,521,75.1851826225509
5,521,62.0278814440632
6,521,65.0376967068334
7,521,81.5312126059907
8,521,82.0856515465441
9,521,64.0104165068938
10,521,76.7484387454962
11,521,49.016019910217
12,521,61.8198805528274
13,521,74.6783535704219
14,521,69.5971622621514
15,521,83.5205999248922
16,521,54.2329677813054
17,521,84.2802819198747
18,521,83.8641602211817
1,522,74.1258347211113
2,522,74.5854766397207
3,522,85.3275999796986
4,522,65.3433236638781
5,522,79.9226143886417
6,522,54.688366306005
7,522,64.9020343829068
8,522,79.5073504516552
9,522,63.94767661395
10,522,70.3111640818131
11,522,100.748398812071
12,522,70.7587453461114
13,522,76.8565576140919
14,522,95.8674048748002
15,522,65.6052649959603
16,522,64.0873319091059
17,522,96.2655008190817
18,522,47.2687019367683
1,523,82.3502750363704
2,523,74.6392912975341
3,523,108.675597432186
4,523,69.5959509275997
5,523,81.3987461426711
6,523,52.9368736023524
7,523,71.2198660521039
8,523,52.962361868471
9,523,78.8229653356815
10,523,75.6445148729564
11,523,65.4594072411107
12,523,78.8273173113902
13,523,94.9745791898489
14,523,60.2553808590821
15,523,78.4132639502099
16,523,75.5736939730324
17,523,57.0134439645925
18,523,52.3108464537496
1,524,100.575793183232
2,524,107.670389272416
3,524,93.892637104641
4,524,59.7123571310318
5,524,67.7048678965367
6,524,119.244700120575
7,524,83.9144698021383
8,524,88.9302707810392
9,524,114.976809955397
10,524,56.7392210033311
11,524,65.1449038645885
12,524,62.9958614418035
13,524,64.6664208307172
14,524,56.9148638086748
15,524,70.8158364543198
16,524,71.8797914159767
17,524,56.5439167942005
18,524,109.060505517213
1,525,75.7848382907937
2,525,41.8714938641748
3,525,65.3986020094294
4,525,43.622336561857
5,525,67.2938932263033
6,525,76.8938710950126
7,525,60.3015667573879
8,525,72.0458009141647
9,525,76.9134339111812
10,525,65.7260658937241
11,525,101.387920496702
12,525,121.338254957105
13,525,85.1394778645713
14,525,87.9458652939537
15,525,125.346320305471
16,525,70.9114689098317
17,525,71.8629110756637
18,525,49.1413685701439
1,526,74.4087061581586
2,526,61.6378112994319
3,526,75.1724014358973
4,526,80.1804038035174
5,526,68.7256423597996
6,526,69.1348499937259
7,526,42.4090516888634
8,526,102.68310813794
9,526,90.0993085572179
10,526,48.3763852154708
11,526,71.7021396707034
12,526,107.692637624531
13,526,109.487028379338
14,526,138.179250136782
15,526,65.7557005172757
16,526,91.893494655017
17,526,97.5920280595674
18,526,63.1457840956539
1,527,82.9108814710379
2,527,82.8595158059037
3,527,96.1635446186467
4,527,81.9312272989628
5,527,65.2042621673199
6,527,87.6365317268446
7,527,57.4704190078908
8,527,86.7685968663785
9,527,66.0422797357843
10,527,81.4561122960427
11,527,82.2330906193463
12,527,78.9611769092354
13,527,56.6398296871758
14,527,74.4514198880506
15,527,67.6782693490263
16,527,88.1312165590342
17,527,113.492780678926
18,527,84.8003274975647
1,528,53.265854984069
2,528,56.1736044814708
3,528,69.3510739133347
4,528,97.1438650774635
5,528,105.720836533086
6,528,52.0676669716983
7,528,78.9792933761425
8,528,79.3990062428127
9,528,72.6894666647833
10,528,51.3315963708774
11,528,80.7164742333564
12,528,46.3108077990059
13,528,91.4200390717565
14,528,52.8538388537074
15,528,66.3595614201399
16,528,71.0835628665725
17,528,62.3802224957248
18,528,61.0608923229233
1,529,81.2591131987729
2,529,97.3688400921373
3,529,72.4502143528571
4,529,62.7500919585052
5,529,62.1627156983899
6,529,82.1999277522851
7,529,61.7174566450433
8,529,49.8951240661745
9,529,77.4462214392262
10,529,90.2203441916237
11,529,84.1186607020508
12,529,108.655535416432
13,529,129.849691980972
14,529,86.4250948184934
15,529,72.8960412076864
16,529,98.50131431831
17,529,82.2475660284928
18,529,118.369120593969
1,530,83.1763212507361
2,530,68.0232138842923
3,530,90.2346858835651
4,530,74.3818651541435
5,530,82.4194597951359
6,530,97.6635559774676
7,530,52.0878822845301
8,530,61.1161428301487
9,530,58.6066816845457
10,530,56.1348307174181
11,530,71.5197831104774
12,530,61.8664619901295
13,530,90.1239003729449
14,530,100.828378963232
15,530,64.8318282299924
16,530,80.6639115010888
17,530,83.4425254387645
18,530,61.4030656309583
1,531,77.0800213600561
2,531,57.1785853526317
3,531,53.9596908417427
4,531,48.3277097306829
5,531,116.931402531654
6,531,68.0727498186801
7,531,62.8160228387913
8,531,104.877577788252
9,531,120.793404839119
10,531,56.9226257079385
11,531,55.9203096499558
12,531,68.3368304387692
13,531,48.3537389015642
14,531,66.1196702669765
15,531,66.4302853783545
16,531,66.8997181642195
17,531,112.306219374388
18,531,77.2550354678476
1,532,79.7163802913964
2,532,108.459959772652
3,532,100.881360235923
4,532,65.3881058924118
5,532,70.2531166757394
6,532,57.2835489869289
7,532,58.6603278763919
8,532,49.303687223453
9,532,90.4625387002108
10,532,66.5646139663421
11,532,80.2059443825621
12,532,73.6433468864509
13,532,48.8121375703278
14,532,58.5875611780239
15,532,83.487573937091
16,532,64.7033514662168
17,532,49.8477523457531
18,532,51.34664626249
1,533,60.9158889932867
2,533,78.1903843391894
3,533,69.030245808846
4,533,65.2326465167885
5,533,72.755310847446
6,533,75.111881390218
7,533,93.7190202649621
8,533,78.0749399820233
9,533,68.0513139972356
10,533,65.2135682624798
11,533,59.1312571686878
12,533,75.3467420559325
13,533,48.6149229485835
14,533,99.7684265367112
15,533,80.4471471264911
16,533,45.2474467388087
17,533,53.997569987825
18,533,85.5657440616215
1,534,40.8389869295442
2,534,84.7746135414476
3,534,80.2775029994609
4,534,65.1664481258237
5,534,59.6449724686273
6,534,51.2027036397237
7,534,52.7181594251155
8,534,68.4364510802796
9,534,51.2658647043373
10,534,63.2952457917901
11,534,59.4067185910064
12,534,71.5165375594458
13,534,81.9547913253709
14,534,80.6771803550019
15,534,84.2041162285311
16,534,71.8114541041797
17,534,61.2661727526924
18,534,68.8020346806046
1,535,95.2169447156026
2,535,102.250993712187
3,535,85.6505820615128
4,535,55.2879743106448
5,535,73.8720730573415
6,535,92.8087093329441
7,535,52.2357627854642
8,535,94.9537304080774
9,535,48.5023030341793
10,535,69.6051231382971
11,535,106.986783494377
12,535,71.7690333325035
13,535,86.2784082809622
14,535,65.8432194900682
15,535,60.9717399850065
16,535,97.6687402744724
17,535,78.1750585684188
18,535,60.1223604930947
1,536,54.410102653498
2,536,75.2533911455116
3,536,68.3169192235368
4,536,88.5982616842711
5,536,96.1030911170959
6,536,110.295939810006
7,536,77.1576678879177
8,536,71.4407415082062
9,536,63.3776862313133
10,536,63.6452458696597
11,536,40.9683519982897
12,536,50.9646280039278
13,536,86.7966235180728
14,536,103.038869600343
15,536,54.1430805857619
16,536,88.7970519076873
17,536,64.2480723295465
18,536,82.1260975043095
1,537,114.793207238323
2,537,59.460220333118
3,537,42.5927317737372
4,537,68.7433220627261
5,537,84.3021184633659
6,537,95.0967672398927
7,537,85.8755042306351
8,537,73.8607806056935
9,537,120.530754141209
10,537,86.4101001784633
11,537,67.0803984156241
12,537,75.2398542390223
13,537,92.4775206122848
14,537,75.7339637466458
15,537,70.8617527276605
16,537,80.1955204624102
17,537,84.3986921947877
18,537,66.9689339515279
1,538,65.8106710459773
2,538,93.3660231366287
3,538,66.2757335838951
4,538,84.6337442660558
5,538,55.532118618339
6,538,89.7324991882797
7,538,98.7175628646371
8,538,64.1396366348405
9,538,46.683875696307
10,538,82.1001747245263
11,538,76.4284002548211
12,538,48.2120794975035
13,538,80.4996057530312
14,538,42.4725396636771
15,538,59.1635825024298
16,538,110.999138875883
17,538,92.2527826927717
18,538,71.3476840386426
1,539,40.0669711212702
2,539,73.4828987929214
3,539,56.0102256273681
4,539,76.1540247320342
5,539,75.4195017149306
6,539,86.6219604055474
7,539,66.8091603813151
8,539,66.7405356851131
9,539,67.292844924099
10,539,71.5508128284122
11,539,61.9314796625065
12,539,81.4012704687806
13,539,58.1806779638893
14,539,56.5266676839094
15,539,67.9887040296106
16,539,67.2027890908846
17,539,79.335338171543
18,539,51.3508041183438
1,540,74.7689265985632
2,540,88.2040144432356
3,540,60.0800659473257
4,540,82.5733334018772
5,540,93.6285825739579
6,540,86.4223315077974
7,540,54.2889208241659
8,540,71.973410860212
9,540,73.1454311662477
10,540,49.6288933369438
11,540,56.6562760340139
12,540,79.1070280239577
13,540,89.9033326699576
14,540,82.9990363990299
15,540,67.9847695682683
16,540,66.5311952612063
17,540,116.872471027698
18,540,62.2588117236394
1,541,91.4279512627053
2,541,55.319106075029
3,541,58.2508316594973
4,541,66.1272965839889
5,541,74.2862562798951
6,541,92.6330298041684
7,541,74.8365089898341
8,541,83.9501280257902
9,541,68.2010419440193
10,541,77.3923384145274
11,541,51.2905677779823
12,541,78.4913171214076
13,541,68.7495733064711
14,541,65.239121376331
15,541,62.0193549189578
16,541,109.856038461736
17,541,58.2070189472941
18,541,67.1215860424768
1,542,63.3814495716606
2,542,63.3108337522565
3,542,86.6091671185796
4,542,45.4378904434309
5,542,66.4082380766287
6,542,71.3344608188397
7,542,55.7216383284586
8,542,73.3963908417171
9,542,81.7591523512811
10,542,77.6817514555176
11,542,67.7237076077252
12,542,131.197347791606
13,542,64.1011637529537
14,542,47.3975889511114
15,542,67.461955939707
16,542,86.437282290704
17,542,58.3227661659229
18,542,75.7044166801911
1,543,66.4924837500688
2,543,63.8426550045719
3,543,101.054032422798
4,543,46.7674647324396
5,543,67.4214876992862
6,543,70.211654089068
7,543,102.117589441915
8,543,70.4932959412114
9,543,86.9426529776441
10,543,80.079689473269
11,543,55.3085197498488
12,543,80.3351772519956
13,543,56.6317470426839
14,543,53.7134538241067
15,543,99.4383497330813
16,543,78.9364630269963
17,543,51.9030817499392
18,543,61.1417863109447
1,544,86.0416447924806
2,544,78.8010547553519
3,544,62.9325792139825
4,544,59.8968532337488
5,544,65.3091509219928
6,544,91.5766943269487
7,544,66.0067086009136
8,544,85.9434238295712
9,544,90.396029713654
10,544,67.9849181731822
11,544,48.6976614667078
12,544,59.4663919048296
13,544,86.2154216908545
14,544,110.165030831094
15,544,88.5747873995479
16,544,58.2641904432068
17,544,81.9401838717206
18,544,68.6086640577518
1,545,58.9303851358894
2,545,58.6350274024313
3,545,63.3245041044502
4,545,87.5659546956215
5,545,113.581672052104
6,545,83.2745402924924
7,545,51.7766115317916
8,545,58.2685555342188
9,545,126.401420309361
10,545,68.0752148254652
11,545,57.1684908742473
12,545,66.094427769205
13,545,131.766505446287
14,545,75.8393679729098
15,545,68.4954859937223
16,545,98.7079988539392
17,545,52.2638130562215
18,545,67.8414345169121
1,546,80.3735613702278
2,546,56.9287405248067
3,546,65.2323002699792
4,546,85.5387633321336
5,546,50.4946416316186
6,546,44.2618866721171
7,546,65.2300826217121
8,546,124.456386779507
9,546,56.6543551696575
10,546,50.5206141475494
11,546,66.793274710564
12,546,102.464331906124
13,546,55.3693198228485
14,546,85.5746741403225
15,546,71.7372658740227
16,546,43.1480439139534
17,546,74.2892121296904
18,546,78.0793605778143
1,547,69.9983261424587
2,547,78.9876654488472
3,547,62.7865504684681
4,547,58.952681767016
5,547,74.850039513853
6,547,98.8918505508535
7,547,54.8046413310833
8,547,57.6773603205593
9,547,67.9913693235257
10,547,55.0242243863774
11,547,55.7638473855296
12,547,69.5802586088476
13,547,63.7003867627884
14,547,83.4516808173249
15,547,65.2454371647342
16,547,49.8242117175866
17,547,131.010323234256
18,547,60.2263710358007
1,548,129.732198345675
2,548,57.1750491594659
3,548,80.5949379138501
4,548,65.5152888635553
5,548,97.5746085415177
6,548,60.0882023145354
7,548,70.4898979760117
8,548,88.5357932344955
9,548,64.9802449264191
10,548,63.2093322195347
11,548,68.1883227750044
12,548,45.7153182626491
13,548,66.4502605145266
14,548,68.0897548416012
15,548,73.7312950643057
16,548,51.9874728098821
17,548,84.0411385901641
18,548,70.3894130489106
1,549,55.0929060321913
2,549,102.325169797008
3,549,72.0812902570861
4,549,50.4813045172593
5,549,98.7439716821497
6,549,60.4088822669301
7,549,77.2798118428595
8,549,109.617232490417
9,549,88.9804280684527
10,549,73.5317083442904
11,549,80.9651125085003
12,549,61.1862867898984
13,549,96.6321365687702
14,549,81.7140660447729
15,549,60.3208501353061
16,549,64.2487516355881
17,549,78.719163665842
18,549,56.5200675072535
1,550,88.0386124019846
2,550,92.3744231749032
3,550,53.6770644440138
4,550,102.810079361926
5,550,70.4816793337416
6,550,107.924746289596
7,550,76.581873304073
8,550,53.5241549986833
9,550,88.5916942139165
10,550,55.4986109949217
11,550,63.8776879150824
12,550,80.198894516446
13,550,87.0313726287623
14,550,63.9007330093586
15,550,76.0640674734258
16,550,47.9446308635088
17,550,41.2416871207076
18,550,48.3012419793063
1,551,62.5697514953353
2,551,90.8937236125965
3,551,53.8209598922487
4,551,55.1542225054789
5,551,67.237422719775
6,551,55.9623176567933
7,551,79.6299669008874
8,551,76.8921361319899
9,551,90.5565287723751
10,551,61.749959695478
11,551,68.3786584823561
12,551,69.8276332861651
13,551,84.0736417971161
14,551,79.0851307797346
15,551,59.3014207871886
16,551,88.497686315848
17,551,80.0040084544815
18,551,67.756272619128
1,552,69.5978811138042
2,552,91.0092218732954
3,552,106.970816374745
4,552,102.878329398742
5,552,69.3248854732438
6,552,73.3486469251428
7,552,67.9721636741823
8,552,80.147537636319
9,552,70.9197218837826
10,552,114.462501850783
11,552,62.1584081109896
12,552,68.4355450827527
13,552,70.0094684113137
14,552,65.8913982619008
15,552,80.5467402075227
16,552,77.488277153152
17,552,51.5491247588941
18,552,63.6616444180782
1,553,69.1434898358827
2,553,86.1546425143782
3,553,69.932264726114
4,553,80.7755606996196
5,553,69.3274288120744
6,553,67.9383946367243
7,553,79.9121370924458
8,553,136.3628080287
9,553,75.8138471494827
10,553,42.420603364296
11,553,61.1865556722053
12,553,67.9960126273212
13,553,46.5911865777678
14,553,82.4851329920007
15,553,58.8863021246366
16,553,80.7144506528095
17,553,96.3112430281055
18,553,45.4295414036608
1,554,88.2679959331335
2,554,87.7772062893725
3,554,62.9321496116537
4,554,58.4659748545638
5,554,46.1015467818016
6,554,89.1470246735901
7,554,116.431312808721
8,554,67.1545125581323
9,554,96.8785919266611
10,554,93.3152397071213
11,554,72.6401010833167
12,554,71.5550213717359
13,554,127.7837824985
14,554,64.5947044656697
15,554,53.2371875064037
16,554,102.270836063152
17,554,58.377367736651
18,554,49.9880373239795
1,555,68.8573129622496
2,555,61.6897080255423
3,555,53.8852292168399
4,555,133.925013916159
5,555,75.9679305085841
6,555,82.5577586560811
7,555,40.857988841886
8,555,76.946045320428
9,555,46.3079498593916
10,555,82.0817609090322
11,555,88.558640871582
12,555,67.2634269263954
13,555,63.1157488011776
14,555,104.974705473709
15,555,52.0015325214609
16,555,83.8377531536756
17,555,76.9273615987848
18,555,84.7981659288678
1,556,67.5813675715762
2,556,79.3985340533541
3,556,61.0960731887076
4,556,86.3059425787275
5,556,62.56414676377
6,556,56.4387955573113
7,556,70.3265350620332
8,556,57.1474712429957
9,556,95.4036354969538
10,556,65.7622015403685
11,556,125.624187503631
12,556,68.0597207438949
13,556,95.8569086089749
14,556,61.7895510126071
15,556,72.6465932942844
16,556,93.6729397548249
17,556,107.875873661419
18,556,72.4185543916528
1,557,51.596106744395
2,557,62.9810403210176
3,557,69.2864728749603
4,557,75.0829442659984
5,557,97.6224074651125
6,557,54.4063770029577
7,557,49.5135844121082
8,557,86.6047986649726
9,557,70.4148158601789
10,557,78.3551805272468
11,557,51.689686688677
12,557,64.5557407926165
13,557,66.6738722348784
14,557,118.8911949819
15,557,116.81429772348
16,557,76.7403525971292
17,557,97.1591835660294
18,557,62.8073442912186
1,558,65.9333508172727
2,558,70.9465187299239
3,558,48.8050978456204
4,558,70.3410046231508
5,558,78.3097235317492
6,558,56.9347533516655
7,558,48.4008427748794
8,558,134.841708023764
9,558,61.9528393338954
10,558,81.5622155987331
11,558,68.5514656640509
12,558,104.570246674274
13,558,62.3760628593277
14,558,77.5006607695828
15,558,83.2755147555997
16,558,59.5141383957849
17,558,60.38299243113
18,558,92.2782362593122
1,559,96.9443705915061
2,559,72.4571068959296
3,559,50.7527065730511
4,559,93.547083957219
5,559,60.0106418984139
6,559,65.8527736198943
7,559,96.0714426294976
8,559,51.5536472514556
9,559,92.2301682125969
10,559,81.8927262776018
11,559,78.1693591998624
12,559,74.8533468949827
13,559,70.5230824530853
14,559,70.7367051625662
15,559,62.9448210631781
16,559,74.7436876989828
17,559,62.5512329617426
18,559,82.470970499769
1,560,107.021635454029
2,560,57.1475470983298
3,560,65.1697086613546
4,560,60.1722783032155
5,560,96.6072956763577
6,560,63.3273734052823
7,560,87.6718662322467
8,560,75.839060569701
9,560,60.1208233951535
10,560,92.174653902383
11,560,60.7591619127696
12,560,66.0296601227344
13,560,62.1176419082481
14,560,94.5816422198985
15,560,126.131455155762
16,560,55.9178101512786
17,560,62.8880727514007
18,560,56.2737863611696
1,561,56.4456820018492
2,561,77.9078061702811
3,561,77.1301618685841
4,561,67.8573347199022
5,561,63.8494231263591
6,561,84.8606675172579
7,561,45.7230963584044
8,561,98.4300990973587
9,561,71.5873553802079
10,561,88.2836820815136
11,561,72.3624961781516
12,561,72.8389163655515
13,561,68.4706691803918
14,561,62.5785226691532
15,561,86.2692490953997
16,561,70.9961592238683
17,561,57.7800778767097
18,561,82.6903395343333
1,562,55.0907899513925
2,562,44.1808436717995
3,562,65.589720882279
4,562,68.5100103998247
5,562,81.1831620913483
6,562,98.2109563509171
7,562,91.2269061911771
8,562,61.5757436293711
9,562,83.3454060898096
10,562,76.7261742505681
11,562,82.7221666057061
12,562,69.6433897881753
13,562,58.3668282363447
14,562,97.4715307690959
15,562,77.0773521485111
16,562,91.3886707840502
17,562,65.9518971945489
18,562,39.0564599850452
1,563,62.1102850805955
2,563,76.9583694555828
3,563,120.358643808078
4,563,77.1675491302507
5,563,41.2043225477384
6,563,69.0446669845608
7,563,57.0104227482281
8,563,79.886614881678
9,563,71.6341117379648
10,563,86.1157417026707
11,563,91.8806650473499
12,563,59.2619025429447
13,563,100.313274360712
14,563,61.152723543756
15,563,68.2466033281901
16,563,63.5578820024796
17,563,46.3761394761841
18,563,65.0990384717741
1,564,42.88369102705
2,564,53.3292430913126
3,564,75.315263617671
4,564,84.2816037393681
5,564,84.2010598949029
6,564,62.9465426202228
7,564,83.3492137117732
8,564,90.5814386434525
9,564,66.7248198790078
10,564,77.3973465968028
11,564,48.9217447890643
12,564,66.6315942691865
13,564,74.9039439073479
14,564,80.3537090156873
15,564,55.6442618868996
16,564,65.406996419085
17,564,73.7920416069316
18,564,84.5947064555551
1,565,91.2320769965966
2,565,73.906235144342
3,565,81.9599997617654
4,565,75.6060139213907
5,565,61.2835130383898
6,565,123.257003865022
7,565,79.3512702417191
8,565,85.4925479887535
9,565,54.9188921533341
10,565,71.3168557344372
11,565,71.9133688285719
12,565,90.1084136261515
13,565,80.8456273699329
14,565,68.3201536504493
15,565,80.9455528991227
16,565,78.5667913730286
17,565,96.7511839873725
18,565,97.5672076841904
1,566,80.0979123585646
2,566,53.7301621151711
3,566,66.9401166830626
4,566,64.5655930465787
5,566,104.81467369103
6,566,73.3308236845462
7,566,58.1317916243952
8,566,111.340474550391
9,566,108.345623975466
10,566,67.2480028332279
11,566,84.8304340121611
12,566,52.3552383849593
13,566,83.4827690841128
14,566,61.418606888288
15,566,74.8806497852834
16,566,61.1920388630732
17,566,42.9686740469755
18,566,50.9126243109738
1,567,91.9674426510848
2,567,50.5344976475619
3,567,64.722919539185
4,567,56.5685762831178
5,567,73.0543056485684
6,567,86.0166803851315
7,567,68.5213018187056
8,567,55.8855274347722
9,567,83.0396712512409
10,567,78.6817863755605
11,567,106.069981566874
12,567,69.1845804604034
13,567,94.1509539098693
14,567,65.095286731158
15,567,92.4536824178769
16,567,75.9322032036895
17,567,66.287265383641
18,567,70.7685798857141
1,568,80.1616823317479
2,568,105.021212965432
3,568,93.136805375951
4,568,67.3612901902761
5,568,70.4846284849832
6,568,81.7234896614354
7,568,53.4967132232995
8,568,72.0948629014944
9,568,77.3782925479769
10,568,101.222829945504
11,568,82.9751354151736
12,568,88.3125044345133
13,568,76.412543984611
14,568,87.0413599262578
15,568,131.243222410726
16,568,76.4404499650678
17,568,93.3730555876355
18,568,101.889287376546
1,569,50.747066986057
2,569,74.3412766201711
3,569,62.4173899999079
4,569,60.6620424451411
5,569,60.6579721773065
6,569,63.6303542359419
7,569,59.659543754726
8,569,90.5272381292752
9,569,90.7948906148878
10,569,67.9185760085234
11,569,69.1052662884619
12,569,118.429416183995
13,569,49.2903559189963
14,569,75.4327546685178
15,569,84.7900667679804
16,569,72.7485509986811
17,569,66.9653575050944
18,569,78.5981005587551
1,570,70.0343555682962
2,570,61.3489040264919
3,570,72.0311292839863
4,570,78.8473424353978
5,570,74.7308459604125
6,570,101.971861255748
7,570,87.3402216707878
8,570,84.5346633913935
9,570,62.7149259983897
10,570,93.2754322205486
11,570,70.4875480522043
12,570,90.4738781200288
13,570,75.9385720272534
14,570,62.9260211132113
15,570,76.7194412120913
16,570,61.1926584722948
17,570,68.814874845835
18,570,103.614805121656
1,571,97.7935856515992
2,571,68.6264596857763
3,571,60.5118833408388
4,571,100.003921410464
5,571,68.8676481475199
6,571,74.8984973052004
7,571,66.6938206327366
8,571,94.8086254760248
9,571,78.5954632696379
10,571,65.1824647884361
11,571,92.4774099209859
12,571,91.954175877402
13,571,87.5815669215079
14,571,111.735642899137
15,571,62.8767430298909
16,571,69.2019472880019
17,571,63.6482384639997
18,571,94.9166206830089
1,572,71.6386400177892
2,572,73.2382440029619
3,572,41.8995984550184
4,572,80.3130537221544
5,572,67.090948832317
6,572,121.737326904427
7,572,57.9051012148718
8,572,85.9108898551342
9,572,81.7072906439162
10,572,74.0054512218288
11,572,84.1895943446401
12,572,92.4146869572908
13,572,64.7036564577214
14,572,62.4757920797793
15,572,62.0482604890155
16,572,45.2658534555763
17,572,70.0130325709684
18,572,70.0651547019428
1,573,98.2047832056868
2,573,82.235971014948
3,573,87.3973083183819
4,573,57.0025667402767
5,573,79.4076758523279
6,573,62.3586316871206
7,573,78.1788166554447
8,573,116.293903937227
9,573,55.8923418787207
10,573,72.1053401375001
11,573,67.811524663579
12,573,81.3954304875015
13,573,118.395318331274
14,573,43.1449116171331
15,573,93.8868331603785
16,573,58.7225622292408
17,573,78.7346269987806
18,573,99.1409975785822
1,574,112.484193087525
2,574,98.3479967771713
3,574,114.649800458971
4,574,46.9630809933338
5,574,63.8364930729848
6,574,70.421559361445
7,574,88.5308441541227
8,574,56.8346482420862
9,574,63.4328086497122
10,574,69.0388923949167
11,574,46.56710605783
12,574,83.4336377311525
13,574,75.4308775072451
14,574,97.9062370045808
15,574,56.7367936156993
16,574,66.3485082765999
17,574,93.0565145153142
18,574,49.6931326083184
1,575,88.162797700324
2,575,69.1720013081476
3,575,51.6411557723154
4,575,57.6446404560782
5,575,62.4450354070952
6,575,77.1974670292188
7,575,104.356701771134
8,575,75.3537585867611
9,575,66.79350369212
10,575,71.2885564169325
11,575,81.4277757183772
12,575,76.8149115870844
13,575,88.9212433779732
14,575,72.309003121648
15,575,76.8147322906102
16,575,57.0341387770723
17,575,52.8814355823489
18,575,56.4071081777441
1,576,72.9779311725339
2,576,70.9834351213553
3,576,120.823578345849
4,576,97.7375371970681
5,576,99.4656847682577
6,576,85.8190152843283
7,576,67.3452869078359
8,576,75.9727295323907
9,576,73.1143209976087
10,576,62.0118273176657
11,576,78.08840731182
12,576,57.2204509568857
13,576,135.242716274454
14,576,64.5511271774171
15,576,73.5079764248282
16,576,51.1447388957556
17,576,49.9756621073948
18,576,87.6110296974668
1,577,82.3780788042245
2,577,94.9655593101924
3,577,58.2088283517055
4,577,62.471904068386
5,577,134.863939212275
6,577,89.4497004875215
7,577,69.3198085339376
8,577,63.9275533925225
9,577,59.8562438896174
10,577,60.0636054944907
11,577,91.5686600788436
12,577,70.0293199927043
13,577,72.0082758261704
14,577,57.6900348106445
15,577,116.440820228885
16,577,85.8316011183405
17,577,65.0710122101157
18,577,66.7230697247126
1,578,62.3347079592736
2,578,69.0696726599978
3,578,56.832222689221
4,578,93.5145154649231
5,578,92.3443275865358
6,578,83.6995294267808
7,578,66.2107797452726
8,578,63.2475849699914
9,578,43.5131868318662
10,578,88.2740525569402
11,578,60.8849168255055
12,578,117.394873265766
13,578,68.5002262975266
14,578,70.3779304230401
15,578,96.2882562550667
16,578,61.1509077153857
17,578,79.7094587469198
18,578,90.1211884349754
1,579,80.4976466115139
2,579,116.177396252022
3,579,61.1670900034582
4,579,94.1831236907037
5,579,82.2428264998086
6,579,77.1965389012507
7,579,100.476554087252
8,579,72.8834324335307
9,579,67.9254220989014
10,579,71.5945737667312
11,579,79.6802521682907
12,579,61.6913524607063
13,579,51.3910172561379
14,579,56.8776216719169
15,579,68.3859801380666
16,579,90.6425986573314
17,579,75.4236322064304
18,579,74.2878920171356
1,580,89.2587852327643
2,580,96.8570912784667
3,580,48.3370448746278
4,580,72.4541572791254
5,580,69.1529938652688
6,580,103.798809585512
7,580,65.4093641391577
8,580,78.379701279382
9,580,95.0648415528369
10,580,109.508049052497
11,580,87.1634178748033
12,580,74.5675312926012
13,580,73.5707828964783
14,580,43.7177666130445
15,580,52.0205285241205
16,580,45.3402915448448
17,580,94.622977656764
18,580,88.6595376831623
1,581,97.2429161815506
2,581,81.5256882946955
3,581,73.516221518887
4,581,86.3468610476593
5,581,85.2551094239843
6,581,93.6405474551737
7,581,61.2479806978133
8,581,76.9827465831383
9,581,49.7566134484979
10,581,48.7119155291621
11,581,50.6344918391187
12,581,43.4372877728482
13,581,55.0834899382975
14,581,55.1306297487095
15,581,120.779850572793
16,581,82.6965513488808
17,581,67.1327468829852
18,581,62.032232002898
1,582,105.916980698496
2,582,80.2506501807756
3,582,61.7497369043994
4,582,72.5175539408748
5,582,69.184395221229
6,582,71.1381311430782
7,582,127.872743221744
8,582,87.9529846004515
9,582,79.5604292410993
10,582,65.3971975139251
11,582,108.475361214681
12,582,93.4616605906284
13,582,46.8863658708602
14,582,61.086239132239
15,582,103.747648678266
16,582,48.1112960037796
17,582,66.8445950889383
18,582,78.3727031880049
1,583,56.3726965638347
2,583,98.5409581572792
3,583,62.8132925595568
4,583,66.7997235960252
5,583,47.4097524936784
6,583,71.3371792499842
7,583,63.7700595510884
8,583,62.969785390613
9,583,68.7660374519628
10,583,94.0165297444674
11,583,64.7579893341742
12,583,57.9575160535532
13,583,71.5962362005419
14,583,79.8446525771582
15,583,46.35077466637
16,583,55.0863554258257
17,583,78.640481875464
18,583,92.4514480899285
1,584,72.0772318215082
2,584,66.5226436781407
3,584,70.3394484645588
4,584,91.9053915921157
5,584,89.4680885059443
6,584,51.2272894790332
7,584,90.0326765194421
8,584,60.1696870546198
9,584,80.4697230364129
10,584,68.1347081120327
11,584,65.5091169638968
12,584,87.6142679513759
13,584,121.427951242303
14,584,74.5518321571155
15,584,58.8558030951693
16,584,99.6007618049086
17,584,71.2993833005585
18,584,70.7473868314565
1,585,58.1330079776353
2,585,84.21993111819
3,585,54.5990424606616
4,585,53.5137195186124
5,585,78.7621397858922
6,585,98.2490807005246
7,585,93.066840248716
8,585,89.3109173142271
9,585,50.1731846016367
10,585,77.7031688119118
11,585,62.2726812364409
12,585,77.6357059157524
13,585,101.717843526291
14,585,51.0514092016817
15,585,93.7468080201029
16,585,46.3535440697948
17,585,52.0237975061084
18,585,73.8046593771764
1,586,113.198370363026
2,586,60.3192022304116
3,586,59.992507201282
4,586,67.2128098715293
5,586,92.5254789025968
6,586,92.2022598416913
7,586,70.6695671451572
8,586,90.9342887563096
9,586,71.6130749999513
10,586,69.0139385962762
11,586,70.9163067013193
12,586,100.522153091552
13,586,59.0222252657126
14,586,60.7926457194031
15,586,70.587916600083
16,586,70.6672255522335
17,586,86.9765447710327
18,586,80.9397142419492
1,587,107.259130431712
2,587,70.7859277287567
3,587,112.370327364247
4,587,108.727271228235
5,587,94.9256703207821
6,587,79.4057996983182
7,587,71.826493225643
8,587,46.2114064685556
9,587,50.9085783243115
10,587,60.3571158176597
11,587,75.3584651856546
12,587,99.6613218485462
13,587,56.0666132390843
14,587,79.8809647220228
15,587,40.4274120223764
16,587,124.418117193832
17,587,67.8276517938724
18,587,45.2904236328469
1,588,100.287017640618
2,588,91.5485632527347
3,588,87.1309558468138
4,588,90.108560351966
5,588,68.1356505356538
6,588,97.3425798871569
7,588,69.3962433593132
8,588,47.8220835310531
9,588,108.936470673627
10,588,96.7671722574151
11,588,90.2805806706639
12,588,50.903792756152
13,588,94.413764738418
14,588,68.2967317189249
15,588,94.6375208138779
16,588,114.770573124252
17,588,64.5517704022898
18,588,78.365875440669
1,589,98.421783335695
2,589,99.641590796192
3,589,76.2975113340167
4,589,64.1904267959369
5,589,79.183984064878
6,589,87.8921640110281
7,589,58.7265417548748
8,589,46.5344290516511
9,589,86.0436975490921
10,589,68.2714389924867
11,589,64.5578346636772
12,589,70.5966666522692
13,589,88.5460619391991
14,589,82.3418504355207
15,589,65.6007587266076
16,589,59.9607957081347
17,589,73.1802520096732
18,589,72.1836595417754
1,590,73.0754294218462
2,590,91.0922634864481
3,590,97.1265461431266
4,590,51.1550536766609
5,590,82.4388260586958
6,590,63.8522811243351
7,590,81.6920016720617
8,590,45.6998771066994
9,590,138.010198166009
10,590,74.3060907717148
11,590,67.8361182139811
12,590,77.5405383738954
13,590,61.1716397623548
14,590,73.8106836555343
15,590,83.909761138961
16,590,64.8001088850932
17,590,88.6333173806043
18,590,69.2881258339
1,591,89.1313358855714
2,591,70.3130730183434
3,591,44.6237783982787
4,591,81.9989529844321
5,591,71.2877089499213
6,591,82.8993497393122
7,591,113.363831527929
8,591,68.7023321596483
9,591,91.7663194630742
10,591,78.3966894483139
11,591,66.413411184588
12,591,65.0243585089389
13,591,93.0328640909102
14,591,71.1895522996186
15,591,90.9497245374068
16,591,74.3988542918067
17,591,60.2083725661237
18,591,72.8744996123895
1,592,56.2055364624437
2,592,46.7862455046866
3,592,56.4046761270144
4,592,52.7655912211802
5,592,56.6184957577793
6,592,65.2533917843198
7,592,92.0709246896374
8,592,61.8425645295478
9,592,61.4872027931307
10,592,54.3827144002878
11,592,66.1795478630039
12,592,94.1588207256139
13,592,83.2715344542608
14,592,92.9646261594314
15,592,81.0877636538873
16,592,51.7726003215202
17,592,77.4165511913465
18,592,62.8045785458387
1,593,74.4039818186793
2,593,94.3911420972471
3,593,76.3049407837082
4,593,74.8664227705501
5,593,80.515473573023
6,593,78.4540341845637
7,593,54.4255849606259
8,593,75.4387424897488
9,593,86.4734478167936
10,593,53.6354302292524
11,593,61.9772072642129
12,593,44.7846682131934
13,593,73.6619662584482
14,593,71.1239863115415
15,593,55.8456289092912
16,593,67.4975874760058
17,593,47.7165870690215
18,593,95.2907615351788
1,594,57.0915840358645
2,594,77.0386532069263
3,594,71.5071349972219
4,594,78.9523402206591
5,594,62.7443878625334
6,594,85.4907324284279
7,594,73.301804445048
8,594,82.0340801352203
9,594,78.9019946725034
10,594,91.344993813145
11,594,78.421126445721
12,594,82.3537240785617
13,594,62.4510023032064
14,594,42.7309625747083
15,594,94.1205892089643
16,594,72.4567135304293
17,594,59.8031536623552
18,594,58.3837969428427
1,595,73.5264145701339
2,595,48.0837741701714
3,595,96.4549441611708
4,595,71.8879108936717
5,595,78.4087376019312
6,595,82.4547899913006
7,595,47.2658089582496
8,595,113.687033856844
9,595,118.303590788054
10,595,49.7831984934898
11,595,52.9889920090975
12,595,83.1917438106178
13,595,87.4732256266984
14,595,39.3106400571712
15,595,124.947572448683
16,595,58.6274112876503
17,595,71.0916667065175
18,595,67.1748040041091
1,596,66.7193310702627
2,596,64.0120532707334
3,596,76.2133589338261
4,596,95.37656558154
5,596,104.311418675731
6,596,51.4797684029836
7,596,61.9823713574342
8,596,111.437741312905
9,596,110.390223998812
10,596,58.3508339858363
11,596,107.914949836052
12,596,55.4496691898922
13,596,62.9818481293389
14,596,73.9931579904287
15,596,72.5928062300244
16,596,46.2822902432909
17,596,50.5305976980901
18,596,85.91505228898
1,597,40.3282336518417
2,597,83.1468258781737
3,597,50.3554984714252
4,597,72.0542414309932
5,597,67.0628190037623
6,597,93.010125624775
7,597,64.0951441539978
8,597,62.563868572943
9,597,94.546364568054
10,597,69.7494712209587
11,597,76.9379201043806
12,597,90.6890634563481
13,597,57.5517261690276
14,597,84.2279086255472
15,597,65.0177625181244
16,597,85.4875012920715
17,597,65.3643504965056
18,597,102.063807489264
1,598,93.3251963434101
2,598,67.7928415202741
3,598,41.7870149877398
4,598,95.8967005170739
5,598,68.472949945734
6,598,49.3270559091285
7,598,80.0968482261072
8,598,72.004818399384
9,598,63.4246921206335
10,598,94.3995352206032
11,598,55.8214558940245
12,598,73.2667000767232
13,598,50.2325860360944
14,598,79.1792526224261
15,598,77.6208205571902
16,598,52.0227839328311
17,598,64.5302510712906
18,598,86.9884649164062
1,599,102.181051224342
2,599,80.5088847348904
3,599,66.0731032968838
4,599,118.658416135128
5,599,65.1985468707823
6,599,56.115779304621
7,599,57.8539542425702
8,599,105.481159733312
9,599,65.0553650344778
10,599,81.7327770632168
11,599,106.555401801089
12,599,63.5712824097098
13,599,58.3134329270103
14,599,60.0114369249123
15,599,123.332057177721
16,599,57.1117201276407
17,599,75.0708883365322
18,599,86.715911054559
1,600,57.5874621476428
2,600,85.0490551978437
3,600,94.4052822604462
4,600,73.1142748666691
5,600,62.1348569838505
6,600,70.5987470502521
7,600,84.2944789711408
8,600,64.506793777395
9,600,84.4439788490295
10,600,65.6668784766842
11,600,65.4136603963377
12,600,107.493954674771
13,600,50.3947142772492
14,600,75.1933358647788
15,600,71.8937377247265
16,600,73.3778641095484
17,600,66.9047088262337
18,600,56.8539901887117
1,601,60.2919615745243
2,601,66.8351290344338
3,601,95.5846490803261
4,601,97.7958818246108
5,601,93.3293620307651
6,601,85.8095992691751
7,601,123.656365057965
8,601,122.616699060167
9,601,64.0157265645141
10,601,50.0507710861692
11,601,85.7655496897272
12,601,64.9573736318976
13,601,78.9814069699971
14,601,53.5185991052501
15,601,82.1742163701914
16,601,51.5355787478608
17,601,118.040481219128
18,601,59.758180364908
1,602,100.440477022764
2,602,61.4307580088828
3,602,75.9633148228782
4,602,63.1447317857112
5,602,83.6122366881001
6,602,101.316776064758
7,602,114.351138398022
8,602,75.1608973598239
9,602,51.7542272755994
10,602,63.1880937958775
11,602,124.137980189821
12,602,75.2948894524112
13,602,63.1870624171311
14,602,85.9117017384214
15,602,48.9468511112747
16,602,65.710471591092
17,602,60.1027423960845
18,602,41.8862392119195
1,603,87.271477911173
2,603,66.7171776036535
3,603,74.0267822501768
4,603,86.1219896585332
5,603,67.4612796647721
6,603,96.1216965370587
7,603,57.7047689318088
8,603,68.3767784219801
9,603,60.0633744303172
10,603,102.357851220651
11,603,86.699790025292
12,603,56.3361197200571
13,603,87.7718736734198
14,603,80.5343624073466
15,603,89.7595287244761
16,603,126.54368342046
17,603,55.9154324697354
18,603,80.1295901518819
1,604,91.3985643329329
2,604,65.927752411356
3,604,64.3508629107006
4,604,79.7791227766001
5,604,88.4630401446064
6,604,56.518087519274
7,604,74.6972481929531
8,604,70.719894826961
9,604,74.6586311538191
10,604,104.751661527724
11,604,61.8701049369051
12,604,68.3646243225902
13,604,47.6252768474988
14,604,60.1030396611887
15,604,71.6675064359955
16,604,61.8721958214023
17,604,62.4913117839011
18,604,78.3050772082916
1,605,70.663662952028
2,605,63.1741235662721
3,605,56.8762281550528
4,605,92.1327733090973
5,605,52.0008692631517
6,605,85.5634552028993
7,605,75.2763087970727
8,605,75.4210750902633
9,605,53.1383067845406
10,605,77.2042549136189
11,605,74.3460421188175
12,605,118.671674176532
13,605,95.7047142910905
14,605,65.5519289908867
15,605,131.132099573068
16,605,54.8662296234001
17,605,76.5079950016472
18,605,81.6947565680808
1,606,94.1766871492211
2,606,83.331880767982
3,606,76.5828652204762
4,606,68.94927924198
5,606,50.2543910820468
6,606,96.4444169587705
7,606,75.7579541726683
8,606,64.2828317685699
9,606,93.3312726839335
10,606,93.5493291272182
11,606,76.208010015379
12,606,45.5603059137464
13,606,83.2781318886981
14,606,120.829724507986
15,606,49.7712776785552
16,606,66.7475217808207
17,606,99.6006483789162
18,606,79.34478395295
1,607,78.7732600206245
2,607,80.1639386948783
3,607,62.0922456192559
4,607,82.7276872469207
5,607,80.3135700405322
6,607,58.326417422847
7,607,50.3621588613156
8,607,67.4990849764758
9,607,42.902506623228
10,607,62.2893645939087
11,607,67.9874379571817
12,607,123.370317890152
13,607,40.2404747761096
14,607,98.8095272502253
15,607,57.5987720510955
16,607,42.8170192189016
17,607,50.418785117769
18,607,80.1950854102153
1,608,72.8964018551521
2,608,69.8085073412458
3,608,61.4275713949822
4,608,65.7128685361381
5,608,52.21158021201
6,608,90.4571633998117
7,608,95.0529375614434
8,608,89.7424411948272
9,608,50.6491831570447
10,608,66.7056414375976
11,608,82.8960664166559
12,608,88.1198965984849
13,608,41.7327803707072
14,608,47.0197791505216
15,608,63.8769581991455
16,608,46.7409882756918
17,608,95.5520352318345
18,608,65.5454436892797
1,609,97.5330561435408
2,609,74.251723092748
3,609,106.363355873013
4,609,41.6523930014387
5,609,64.7664718739888
6,609,86.1820887751859
7,609,81.998684097806
8,609,69.3809096862108
9,609,101.847863192321
10,609,65.8187102164076
11,609,130.528628194805
12,609,73.1566639999619
13,609,55.78410796577
14,609,65.7340089362496
15,609,82.7597912675908
16,609,102.583320368329
17,609,87.9771153147659
18,609,62.5015351889063
1,610,43.1072940465077
2,610,82.0266099180985
3,610,79.2935813428132
4,610,116.357970677942
5,610,81.3218686797486
6,610,108.613240973694
7,610,69.80197406909
8,610,75.4752716243937
9,610,69.4368373715069
10,610,101.732220908664
11,610,91.1614778905064
12,610,57.5790714244758
13,610,77.806306577888
14,610,61.9071344690046
15,610,39.4565381933854
16,610,60.3232563235329
17,610,60.6371346631055
18,610,63.0999361735277
1,611,84.3600651616792
2,611,49.6543487264479
3,611,65.4558747002256
4,611,78.5710395470963
5,611,74.9100160478579
6,611,59.1113072272094
7,611,103.675787107982
8,611,129.809166627533
9,611,75.6940525337643
10,611,73.9216261886095
11,611,104.760056959856
12,611,89.5579973751994
13,611,86.5575163955854
14,611,50.081130162993
15,611,65.1444494685748
16,611,50.0323499756544
17,611,54.5112635312509
18,611,56.5590847789452
1,612,86.2452260030412
2,612,49.1954403101006
3,612,72.9746736148347
4,612,65.1708677885988
5,612,73.2552861513719
6,612,57.1384538188292
7,612,81.8067055216357
8,612,76.7470861641672
9,612,89.3771639437665
10,612,59.2461646860714
11,612,53.745807547516
12,612,46.5074297731565
13,612,65.0015359536287
14,612,57.6130203347731
15,612,79.8612317271406
16,612,72.6369416308839
17,612,80.9927553775408
18,612,89.8324364288726
1,613,72.0684945005182
2,613,92.3744219260263
3,613,104.33854819319
4,613,81.3499415489219
5,613,92.4369558767788
6,613,109.376261685522
7,613,75.7870236409356
8,613,67.6923931052812
9,613,77.6049174305008
10,613,77.9555585975604
11,613,75.3744037486104
12,613,63.9087656141503
13,613,82.018080502354
14,613,63.5195515553718
15,613,64.3168487602366
16,613,68.3724646936805
17,613,61.899609185768
18,613,71.8172000974338
1,614,136.473381017211
2,614,91.2009303958837
3,614,62.4020579046463
4,614,129.316324549229
5,614,66.0380370764642
6,614,78.4738051824876
7,614,99.0307747030372
8,614,102.608770530524
9,614,97.5287059541709
10,614,56.7552199913667
11,614,51.7195317777656
12,614,100.89747570449
13,614,71.0933367355583
14,614,78.7100111756029
15,614,81.5747561330766
16,614,47.776306693614
17,614,66.8451473504748
18,614,85.2256576546005
1,615,78.1747223320193
2,615,97.8072980874295
3,615,64.2913102470262
4,615,73.9751795579572
5,615,68.9639029907918
6,615,67.5987518141611
7,615,65.3166384642929
8,615,57.9013599855449
9,615,71.2189159784119
10,615,49.6317333915043
11,615,48.5874017742196
12,615,62.2066501578779
13,615,52.9986963585584
14,615,121.414221882353
15,615,74.0993444751984
16,615,92.0371971834509
17,615,67.1656564785318
18,615,49.364537399406
1,616,63.4498050894418
2,616,93.9478405521724
3,616,100.295107150489
4,616,62.1005601204485
5,616,45.2726772724563
6,616,66.6978920008715
7,616,72.2244857623139
8,616,95.0486002593728
9,616,63.6922906286583
10,616,46.3492465975821
11,616,84.7859147481195
12,616,63.7492386354197
13,616,82.3897409461096
14,616,70.320283432206
15,616,67.1710934865655
16,616,73.9337036258788
17,616,79.5582809773032
18,616,58.6289681689096
1,617,70.2146039985427
2,617,95.6505104281435
3,617,70.4377381321052
4,617,49.932604423209
5,617,55.7647095415024
6,617,87.4040773010457
7,617,63.8118640751276
8,617,80.4333369880803
9,617,104.275952522472
10,617,98.3654367077229
11,617,78.2669941697499
12,617,64.3035883526278
13,617,82.601725875718
14,617,60.1928945909527
15,617,77.091695061002
16,617,87.0116879634996
17,617,59.9061606869999
18,617,94.6133193734965
1,618,93.5963452399072
2,618,84.9346517458906
3,618,85.8802993553114
4,618,66.2901789909524
5,618,95.7876557206108
6,618,83.3434226142039
7,618,38.695159613506
8,618,76.0005037789714
9,618,79.5511961451533
10,618,78.1641499357201
11,618,73.585555129065
12,618,88.2530635187479
13,618,59.9526015061631
14,618,97.3995507777423
15,618,86.7363197196095
16,618,66.1088536369386
17,618,85.6497061004191
18,618,100.591389955033
1,619,61.6204808694347
2,619,54.3641911092678
3,619,56.1015799145489
4,619,43.1157876400672
5,619,73.5093530929815
6,619,46.3648412002616
7,619,101.175553067742
8,619,84.9145401145901
9,619,64.9434338983072
10,619,54.652635649422
11,619,86.9526644849188
12,619,79.825400157508
13,619,65.6063519779048
14,619,110.67693784826
15,619,44.2254346600277
16,619,74.2312147041809
17,619,72.4367125711731
18,619,81.0663138253009
1,620,53.8245910106903
2,620,84.6938170549236
3,620,68.7723990384969
4,620,91.3642732436052
5,620,66.3420015360501
6,620,51.7455187235518
7,620,52.3714990269941
8,620,100.452354038604
9,620,72.2063687665993
10,620,53.6855629916436
11,620,74.102423758462
12,620,60.8728946575543
13,620,49.8265153922943
14,620,78.3007623989384
15,620,64.6968004571542
16,620,61.5341839628932
17,620,92.5929226948576
18,620,81.4015324875135
1,621,83.2007858208965
2,621,108.663974716322
3,621,80.9075448123798
4,621,53.8806532074139
5,621,78.9670237753653
6,621,110.241125746279
7,621,65.75083771054
8,621,127.931103049254
9,621,71.728968774731
10,621,74.1165311240129
11,621,82.0457587675
12,621,95.2957895243542
13,621,57.9605938995325
14,621,108.677838106673
15,621,108.155222537404
16,621,101.264689023869
17,621,83.9760043397699
18,621,41.2610699764459
1,622,69.2197526411983
2,622,81.7461356067634
3,622,93.5903753129944
4,622,75.7702405194815
5,622,97.6359600199818
6,622,85.505394007602
7,622,68.0229261833235
8,622,60.4504991671216
9,622,62.7500969335538
10,622,104.106961480288
11,622,81.1223727781296
12,622,94.09001991389
13,622,47.2381186831199
14,622,66.0955762333823
15,622,45.608092673203
16,622,83.7543700528439
17,622,87.1889335858716
18,622,61.6854934668346
1,623,96.4163197365095
2,623,99.1260219485273
3,623,103.250287435728
4,623,61.1663692278375
5,623,63.565095776675
6,623,99.9507247592199
7,623,69.4713097125346
8,623,114.719409545792
9,623,94.192165519288
10,623,91.0438668187273
11,623,58.1535995233206
12,623,94.2546257915366
13,623,69.1030461956251
14,623,103.061945396486
15,623,57.4717107443419
16,623,72.1927187924372
17,623,74.6567688213562
18,623,86.7580530719059
1,624,65.5670074603242
2,624,118.177564730175
3,624,76.2774328367925
4,624,52.4281917494192
5,624,43.5943072198645
6,624,69.1902775826975
7,624,86.7821362510263
8,624,85.8130009935995
9,624,72.3510872434634
10,624,69.5622406084184
11,624,71.4061824991729
12,624,83.479185598672
13,624,63.9968040857928
14,624,99.1704021810734
15,624,59.9025315919203
16,624,122.156549620013
17,624,76.7922652293742
18,624,72.0846407030011
1,625,49.9862129072676
2,625,89.183435235265
3,625,72.0385046020352
4,625,61.0423845083904
5,625,54.6375558368859
6,625,70.0705323304358
7,625,61.0669326556199
8,625,89.2769663164365
9,625,78.9500940485852
10,625,53.0580841619955
11,625,66.9006747267944
12,625,76.2774234625008
13,625,73.1812265754699
14,625,60.5596508480859
15,625,103.493866629915
16,625,66.2501640068824
17,625,72.9773832526038
18,625,83.3571988902065
1,626,80.9433676728494
2,626,56.8677045763044
3,626,72.2884677147029
4,626,91.8695733012788
5,626,53.3096766968359
6,626,63.9886013442941
7,626,96.9053639571547
8,626,104.564031731211
9,626,80.2574174673246
10,626,43.5992730117512
11,626,79.688138195364
12,626,73.6227304468692
13,626,93.0344533982273
14,626,64.8874351472399
15,626,51.3116527814209
16,626,60.3646481742856
17,626,71.3029434432879
18,626,56.506906504659
1,627,86.090578431875
2,627,72.3197787896279
3,627,70.4352509405602
4,627,60.7004416141215
5,627,90.4043412611101
6,627,65.7841036854519
7,627,93.117326271423
8,627,70.0758771303792
9,627,67.599435723152
10,627,71.0807454585138
11,627,55.8445772525576
12,627,96.2811147546075
13,627,113.645759231295
14,627,60.1335445906252
15,627,84.095231863999
16,627,80.0411012347068
17,627,70.3190691535002
18,627,76.89033269043
1,628,82.9228697988899
2,628,68.4214142893627
3,628,65.0581091041399
4,628,79.2991675087421
5,628,84.383632324326
6,628,59.0686161201732
7,628,106.810983882206
8,628,78.5269533239454
9,628,93.739652098423
10,628,59.6817446944941
11,628,65.8340513758728
12,628,77.1047037062576
13,628,77.0728450107378
14,628,78.9040754334775
15,628,80.0787356913659
16,628,62.7627780108632
17,628,93.1637148453595
18,628,70.6225254883699
1,629,77.95321641094
2,629,46.0965592728826
3,629,78.1333691023993
4,629,74.5211897885423
5,629,64.5617382693922
6,629,87.0972138992316
7,629,62.0981918730625
8,629,104.135537436274
9,629,70.2447927242238
10,629,78.1951278575695
11,629,62.7391929761843
12,629,83.0579112587061
13,629,90.799290812778
14,629,84.0038602074058
15,629,57.0466051841505
16,629,55.2139162854396
17,629,74.4163782942516
18,629,57.8065338389422
1,630,62.648334853836
2,630,91.2246256436982
3,630,89.5303883216272
4,630,106.434711001529
5,630,89.5072434539914
6,630,69.4867178211317
7,630,54.903609450026
8,630,85.8301852184617
9,630,57.754719187101
10,630,98.0636551993396
11,630,125.647287325872
12,630,54.6722814074838
13,630,60.833362884451
14,630,95.0411112759195
15,630,66.3601622672957
16,630,90.053386373105
17,630,93.1895823665676
18,630,69.9346641323568
1,631,62.0476466586016
2,631,98.3682998936472
3,631,61.0838200478599
4,631,97.3361496067898
5,631,94.0734246150497
6,631,45.4077310223391
7,631,47.8299907137431
8,631,61.0457845940654
9,631,104.79432063799
10,631,60.0506223039679
11,631,71.5682868064028
12,631,65.6194853703187
13,631,42.2855047318378
14,631,94.2562166116577
15,631,88.6373197572184
16,631,81.7633850186393
17,631,49.5035301101003
18,631,105.945524913462
1,632,82.9110947588804
2,632,86.6495388689084
3,632,88.485994731762
4,632,77.0752309012808
5,632,88.5370023398023
6,632,70.9998612103735
7,632,96.7049772284097
8,632,81.3134650217067
9,632,86.4959082772861
10,632,91.9506273561618
11,632,71.2260150430706
12,632,79.9820744747771
13,632,93.7381270200225
14,632,81.1534342268353
15,632,55.00081669976
16,632,62.0137136750338
17,632,60.5012096458173
18,632,90.5469346540101
1,633,79.4414651192925
2,633,67.3236633432743
3,633,93.1457830683494
4,633,81.0897684901695
5,633,71.2826992674878
6,633,76.3809367960879
7,633,50.3270066331989
8,633,135.006123590393
9,633,64.4806270511473
10,633,69.7674586429667
11,633,59.4017786463797
12,633,80.051381011065
13,633,84.2322553850626
14,633,66.0759134776467
15,633,66.4417351631431
16,633,49.1337058745323
17,633,99.2800501067928
18,633,61.685494315116
1,634,69.1350473420627
2,634,89.5463603295967
3,634,64.8250393620429
4,634,65.5499003127348
5,634,44.660465448296
6,634,66.8953578052724
7,634,50.2569299775798
8,634,83.8829440097159
9,634,72.9580709743906
10,634,68.5707166852385
11,634,103.538616677991
12,634,38.9386706830412
13,634,65.4993078134495
14,634,73.1896718975449
15,634,93.160103883975
16,634,60.0471906258539
17,634,66.1729224908107
18,634,64.8375674580927
1,635,76.4655110546778
2,635,69.6084945479811
3,635,76.847642207545
4,635,65.0121338398532
5,635,70.2569652957758
6,635,68.3207847385312
7,635,66.5521947884254
8,635,57.2252995720824
9,635,111.574972877896
10,635,104.872861911466
11,635,74.1836021538462
12,635,72.7183499078781
13,635,60.3139131697392
14,635,73.8415476763189
15,635,53.8932012556295
16,635,88.0760883560588
17,635,42.2464252410774
18,635,57.6257995705211
1,636,109.014179015517
2,636,73.3433292834628
3,636,69.5479349151137
4,636,69.2683932038254
5,636,67.6280402931279
6,636,94.7062327542505
7,636,66.6553040664714
8,636,88.8715087582294
9,636,111.496821582916
10,636,109.663038452775
11,636,67.9213725064905
12,636,72.6548714215383
13,636,86.0007323375557
14,636,56.8947715699762
15,636,54.2996023081497
16,636,73.1581367776741
17,636,97.6209693354484
18,636,69.4818548203794
1,637,74.8895364989743
2,637,45.9310777842193
3,637,87.8742702065763
4,637,66.5751996965314
5,637,84.3000595640896
6,637,54.9604946041838
7,637,64.2804810873744
8,637,116.391137706863
9,637,121.649090651002
10,637,60.1167454434577
11,637,92.8267479968059
12,637,62.0410795529457
13,637,69.0873645273995
14,637,93.795499194474
15,637,74.6129795492829
16,637,107.707285583271
17,637,93.1347289581454
18,637,51.1102913203608
1,638,63.4143350884876
2,638,57.6372369201782
3,638,82.8849475094621
4,638,60.1555754742914
5,638,59.2678733785236
6,638,72.4895187261974
7,638,63.2244574617299
8,638,59.7295775879798
9,638,104.039216682813
10,638,55.2883114679077
11,638,49.0096582969235
12,638,98.0570076973905
13,638,109.746852226085
14,638,95.075234923279
15,638,61.0946101588587
16,638,93.1846503639514
17,638,63.6284019641959
18,638,80.9879650344785
1,639,56.1739709408435
2,639,82.2994138258439
3,639,51.7893019760023
4,639,51.8343634932124
5,639,51.0982762104555
6,639,102.715385444045
7,639,45.4779472903175
8,639,86.5826948271243
9,639,85.9762225079228
10,639,96.7500676680749
11,639,122.949649470153
12,639,53.5625743856356
13,639,97.8954113300337
14,639,53.3401657105357
15,639,71.1112843647371
16,639,91.4991274070414
17,639,67.6418039821747
18,639,73.9095786033867
1,640,112.970169032567
2,640,74.0667247136505
3,640,63.9536842181212
4,640,89.3249302428478
5,640,57.6089156097059
6,640,73.1562226687706
7,640,91.9458739332278
8,640,61.8103041148684
9,640,106.088408459169
10,640,94.0079773739561
11,640,71.720368434217
12,640,90.4724826265093
13,640,105.527035612665
14,640,53.9170955281607
15,640,83.9740061940959
16,640,53.8163548731925
17,640,60.9693277651849
18,640,99.9857121019798
1,641,84.4208903686045
2,641,108.663318306366
3,641,87.7409490891575
4,641,85.3672074832236
5,641,38.5514545756423
6,641,48.9180137137815
7,641,72.6561914921353
8,641,45.3761931130118
9,641,67.017053218172
10,641,63.2481232088959
11,641,81.8041798912924
12,641,71.891209351187
13,641,96.5163597504167
14,641,63.0498125635655
15,641,74.0144582015874
16,641,50.1729463800941
17,641,87.2051614570666
18,641,51.6938884109954
1,642,88.0291299215862
2,642,138.293248394653
3,642,74.8121820521376
4,642,84.3396037435608
5,642,101.619936642286
6,642,82.632416603781
7,642,93.7880696367199
8,642,60.870347237055
9,642,44.8957173394742
10,642,77.6390209589429
11,642,73.5887693932196
12,642,68.2736296725322
13,642,70.6495102409022
14,642,57.2196703162565
15,642,51.2598833025515
16,642,89.2565033499304
17,642,96.5768011960542
18,642,65.8103761926845
1,643,99.1897985853326
2,643,81.0573519666603
3,643,75.8031179316625
4,643,45.9803556196356
5,643,99.9809225372623
6,643,112.305196707774
7,643,80.557633442932
8,643,71.5055302817862
9,643,78.8226858885814
10,643,69.4929247431186
11,643,51.3341029354531
12,643,63.7545339960789
13,643,97.5257886584481
14,643,69.6689666364691
15,643,68.7908729162854
16,643,82.9432980971002
17,643,91.4982769568576
18,643,58.3129271734915
1,644,70.1859316103668
2,644,66.8235619922629
3,644,80.9117778742056
4,644,105.289678136792
5,644,99.3869309820054
6,644,72.3831813595793
7,644,66.5371927216981
8,644,64.1687665189062
9,644,47.7609478773196
10,644,60.5876441567378
11,644,78.2720615062067
12,644,54.1769962969011
13,644,78.5546056047847
14,644,79.8495686883391
15,644,60.0860138218325
16,644,74.2713424845242
17,644,84.7428179916258
18,644,55.9768045627525
1,645,44.6484248953256
2,645,85.5223143114948
3,645,96.3346556154821
4,645,117.707048844757
5,645,80.4795834325705
6,645,46.8122325192657
7,645,57.7153419972533
8,645,67.6006441496877
9,645,92.9503044368746
10,645,79.2027767014125
11,645,71.6180073209316
12,645,59.8999856121541
13,645,92.3956903143166
14,645,88.8164969889539
15,645,95.2508948696901
16,645,53.4731464492581
17,645,91.6924100162084
18,645,54.508165401345
1,646,83.9716245553811
2,646,95.7857720232978
3,646,61.5383781699313
4,646,90.7071873691809
5,646,68.3950868467222
6,646,82.6282255118432
7,646,134.26105510841
8,646,69.5784891612504
9,646,59.6192725756396
10,646,70.2679682720277
11,646,69.2026384661728
12,646,91.9117742675821
13,646,54.5712560225801
14,646,61.0476972548723
15,646,85.0060780679856
16,646,79.9064693001685
17,646,136.169274259881
18,646,81.3970458051974
1,647,63.2488264604266
2,647,61.2257175958024
3,647,96.9470797471891
4,647,58.4020753136881
5,647,80.4313732475879
6,647,64.2057276855504
7,647,90.3317459503526
8,647,85.5067210266627
9,647,74.1922453033549
10,647,100.922100551438
11,647,49.2604822869435
12,647,73.7963970259691
13,647,52.4779113629652
14,647,73.6896806874519
15,647,90.4826594858543
16,647,81.7758408945593
17,647,63.0310432408382
18,647,63.3458265387143
1,648,59.1757682052685
2,648,63.7899936902192
3,648,72.634476988764
4,648,91.9669737399113
5,648,54.4848010701454
6,648,60.7176114086187
7,648,107.378968385978
8,648,87.1742250367815
9,648,86.6850239369
10,648,94.5145192180808
11,648,81.1624921210129
12,648,89.4563210777829
13,648,63.0378634094674
14,648,52.8756383328621
15,648,55.8310134416976
16,648,62.0768719235514
17,648,46.8805525874929
18,648,93.9279765961141
1,649,58.5047274147686
2,649,44.9863446863933
3,649,54.7777151526614
4,649,57.3190057685449
5,649,45.6232636132872
6,649,78.8186959810291
7,649,79.0638058262506
8,649,44.8108394639131
9,649,106.915931741829
10,649,62.1474757648067
11,649,68.0932634211395
12,649,61.1629554308361
13,649,39.0093368032788
14,649,77.300843472547
15,649,71.3193535223335
16,649,66.2593919920182
17,649,90.1666223275427
18,649,73.6659890992946
1,650,63.8968319835973
2,650,68.7220230434424
3,650,49.0281356100114
4,650,129.499409449363
5,650,54.645153637675
6,650,61.2819808126147
7,650,101.58239873794
8,650,83.6358986787708
9,650,49.333094328791
10,650,86.0852242475426
11,650,64.6281306484544
12,650,64.0037228131977
13,650,88.9564496179398
14,650,53.1064035440093
15,650,54.9603695185409
16,650,68.8573634317902
17,650,54.6478823520038
18,650,71.7171842794669
1,651,51.8977991810595
2,651,60.7780792876551
3,651,108.687413284034
4,651,79.6330587222768
5,651,74.7614192300195
6,651,51.9380474820335
7,651,93.1012481006447
8,651,55.7956038550336
9,651,60.5314402782661
10,651,56.4038922740678
11,651,59.620791128803
12,651,82.3135045911792
13,651,63.1609855346813
14,651,109.289392133618
15,651,78.5133146109891
16,651,77.4262317932383
17,651,49.951621218521
18,651,80.3974674621627
1,652,68.6468738832539
2,652,78.9699861754119
3,652,61.602966870622
4,652,108.113616316971
5,652,82.9891695739912
6,652,55.9746101122325
7,652,78.1877804708594
8,652,70.7088607860562
9,652,75.4125209177971
10,652,54.6208801609138
11,652,87.786106846469
12,652,54.2529305677832
13,652,60.3183875920294
14,652,79.8768781293603
15,652,66.9555137379243
16,652,72.0750456559269
17,652,59.0169028016043
18,652,55.3642003386331
1,653,90.096168586047
2,653,90.8645487269176
3,653,53.9554450021122
4,653,60.3019463881108
5,653,62.1404006916942
6,653,45.9104320256508
7,653,65.7439462582751
8,653,75.8730933516032
9,653,72.8382199702954
10,653,69.5815955088062
11,653,81.4591472983279
12,653,127.353898480698
13,653,39.3244378146929
14,653,47.0977849786192
15,653,77.0842147214549
16,653,105.409927681022
17,653,47.5559594331073
18,653,74.5097754257271
1,654,93.7582413108786
2,654,90.8772335307803
3,654,76.7438073850347
4,654,69.2269495579155
5,654,88.7435343051284
6,654,73.7926000730149
7,654,113.334698650773
8,654,64.8016747188467
9,654,61.7030744617328
10,654,95.2578592644665
11,654,80.723539291223
12,654,100.768614386462
13,654,41.7787728679715
14,654,72.2079510235705
15,654,67.002527155277
16,654,63.5945238970586
17,654,97.9125228802065
18,654,48.8458325594918
1,655,71.3791601598729
2,655,101.228424350134
3,655,90.4136381539482
4,655,45.4465165844835
5,655,61.9598851281314
6,655,57.5753607576291
7,655,59.4839489031474
8,655,61.7405348166691
9,655,81.2812888279296
10,655,54.0512831698039
11,655,89.1089465025175
12,655,75.6606746863083
13,655,57.556453387469
14,655,74.8750743831445
15,655,95.3738531312019
16,655,76.8419164260258
17,655,86.025513021061
18,655,76.974830105835
1,656,79.8301532171426
2,656,45.7154271150734
3,656,88.8845706538032
4,656,52.7569278089806
5,656,49.5795146629276
6,656,86.6442166551087
7,656,77.8048869571844
8,656,81.2316999637116
9,656,103.961758608363
10,656,85.2453216486737
11,656,63.5599417220689
12,656,57.5617537538164
13,656,107.316643200419
14,656,72.7575555237237
15,656,70.8649531198934
16,656,98.6555630383313
17,656,68.8570436142259
18,656,61.1561817224921
1,657,61.827868818118
2,657,92.0281756389082
3,657,55.6780306231822
4,657,44.1921128107152
5,657,58.0802505907422
6,657,68.4751190038604
7,657,54.5099598486773
8,657,73.2583704422236
9,657,78.0546117307329
10,657,48.3977652983493
11,657,67.2330669672481
12,657,92.9953197342055
13,657,76.5331045390308
14,657,70.0921786591253
15,657,49.6546044801436
16,657,74.1848611956074
17,657,101.979094606288
18,657,101.694407186456
1,658,66.7660223509262
2,658,86.5420339991099
3,658,89.8114772720522
4,658,106.308073262055
5,658,84.661582100475
6,658,52.359127334057
7,658,90.1447592222685
8,658,45.2104801134914
9,658,91.4609944665317
10,658,100.062364126489
11,658,80.5080173944888
12,658,42.4124300308302
13,658,100.837245603495
14,658,96.7214490030454
15,658,101.444224153911
16,658,69.6588630662021
17,658,74.3902217739063
18,658,107.758800909935
1,659,85.810181848202
2,659,54.5809621475718
3,659,89.5271963914307
4,659,79.6871534359027
5,659,81.120038889751
6,659,87.0541778814899
7,659,78.5529803167325
8,659,92.6514878108596
9,659,68.0093444846936
10,659,99.2927544526833
11,659,58.289291242094
12,659,80.8093410781449
13,659,42.2254836433179
14,659,72.3453902490003
15,659,67.1627154257273
16,659,66.7934547661263
17,659,48.3933160460893
18,659,46.7565500677341
1,660,74.7967814835096
2,660,45.7452167789933
3,660,75.7505059890587
4,660,54.1043540565705
5,660,96.9338208205492
6,660,88.2138798690902
7,660,59.3508903531
8,660,91.1980476092125
9,660,123.782040716349
10,660,90.733219610272
11,660,78.8137658974922
12,660,58.3133855437179
13,660,59.5815585427669
14,660,72.969974538698
15,660,90.5791637728305
16,660,61.0240151734923
17,660,63.4419119874963
18,660,65.9772326327698
1,661,62.011424944645
2,661,66.9719257467007
3,661,52.6389027020216
4,661,47.5220496455778
5,661,107.502321659229
6,661,88.008375823117
7,661,82.4734408831571
8,661,52.4759205123839
9,661,43.2251127280565
10,661,86.4993428388828
11,661,90.5033372516553
12,661,84.9099741490149
13,661,88.0921509259902
14,661,85.6664635332373
15,661,70.1443420833331
16,661,47.2872730694414
17,661,70.6553995900678
18,661,111.291173388363
1,662,58.9388656737612
2,662,53.2091600548339
3,662,48.4375226707674
4,662,74.6213700311195
5,662,88.9150765888493
6,662,94.6551348360467
7,662,87.2175059966076
8,662,90.2990243034022
9,662,100.929249253321
10,662,64.0499338813724
11,662,55.7008563694728
12,662,87.8440024350424
13,662,108.937662237097
14,662,71.8582105910557
15,662,94.524068917894
16,662,95.5164181970904
17,662,63.9837875896671
18,662,75.104896997707
1,663,84.2985172280717
2,663,86.0097233262869
3,663,62.3597955897449
4,663,56.3957287194193
5,663,86.7810859383169
6,663,50.8901225933712
7,663,62.8931550856693
8,663,95.2039840023405
9,663,62.4187256719023
10,663,71.6745523870703
11,663,58.4766344779978
12,663,77.6114645122009
13,663,92.5490358512951
14,663,94.2444047214302
15,663,84.658448384626
16,663,72.2493872950574
17,663,59.5023234243906
18,663,68.6566501367919
1,664,92.0705255902582
2,664,111.312450887124
3,664,76.1566976590782
4,664,63.6848377171768
5,664,56.5859053923835
6,664,62.5940620731717
7,664,102.532397111981
8,664,53.0835480093091
9,664,59.4450913015448
10,664,77.0295127238722
11,664,38.8992895424368
12,664,100.076613374165
13,664,67.9896136207
14,664,65.6955704904606
15,664,87.8491677620323
16,664,131.375366967353
17,664,60.4083710348951
18,664,65.4882593084381
1,665,82.8826178849063
2,665,49.2281554207747
3,665,66.9167660039638
4,665,78.3278058266523
5,665,82.2028755225423
6,665,69.162209122989
7,665,83.2594045918957
8,665,63.2649381708426
9,665,79.8768632171151
10,665,88.7222523542862
11,665,78.2893849453255
12,665,80.1507188324658
13,665,72.6462043076374
14,665,130.262849581303
15,665,72.6224870577924
16,665,68.4859841988355
17,665,78.5387506968162
18,665,89.6598459342077
1,666,73.954126445833
2,666,68.8312180605428
3,666,63.0835087853197
4,666,104.234587396257
5,666,61.9732701605795
6,666,82.3321277157813
7,666,97.4012741851952
8,666,47.9934486643725
9,666,103.597124388058
10,666,80.9245802907001
11,666,72.0313890593738
12,666,81.6943090808633
13,666,60.5796178214161
14,666,69.2376086396672
15,666,60.4417840520343
16,666,84.7248148287603
17,666,70.6197119477052
18,666,73.5911824588584
1,667,109.500882415889
2,667,97.2681472280832
3,667,65.2936177410052
4,667,94.300062277445
5,667,76.0907625684569
6,667,86.4113114558303
7,667,84.7573196691372
8,667,61.8106585735575
9,667,73.530288156172
10,667,62.4624957935476
11,667,70.3563399666795
12,667,63.9435344116473
13,667,67.4978022597751
14,667,88.0222823551616
15,667,57.1992688163143
16,667,86.4064647418049
17,667,73.8053203824042
18,667,93.396677182746
1,668,49.560214305986
2,668,87.1177498003748
3,668,81.2803609511553
4,668,61.7140383376648
5,668,72.4604376226472
6,668,63.2761407540696
7,668,109.490928246109
8,668,76.3984795526936
9,668,74.9354842582681
10,668,76.4015681032445
11,668,61.1871139593675
12,668,79.5659798929536
13,668,54.3781245110229
14,668,78.4358203135174
15,668,48.0181545454826
16,668,66.1081900737809
17,668,91.158846584728
18,668,65.3701494240813
1,669,84.210565798603
2,669,121.215871618629
3,669,95.8410837695651
4,669,79.5022119530912
5,669,90.0713885857582
6,669,54.6101557814078
7,669,61.3619134972212
8,669,112.075629308205
9,669,61.6735452825746
10,669,100.526121264423
11,669,80.3094592085353
12,669,53.6506563855082
13,669,83.7684022633594
14,669,59.6365358102735
15,669,64.6467234546677
16,669,67.2585818514728
17,669,99.3103493235304
18,669,86.8360773519077
1,670,82.0894409538861
2,670,89.4081434040708
3,670,46.1285812284223
4,670,75.200233930967
5,670,64.9378374893821
6,670,64.1797790870019
7,670,56.1960127487675
8,670,68.72937610591
9,670,62.5082338587069
10,670,56.8241461253429
11,670,50.3989884985763
12,670,108.304417662344
13,670,78.4697470824876
14,670,77.8397656576261
15,670,103.919664236849
16,670,57.4794738932552
17,670,72.4994078341812
18,670,97.3145643939139
1,671,64.6811446930321
2,671,52.2378955147141
3,671,62.7475448900708
4,671,60.2587055424518
5,671,86.3576276271071
6,671,88.0795063895759
7,671,70.850316451726
8,671,65.1257644698642
9,671,44.0259185112777
10,671,65.0491289864352
11,671,86.4826304807044
12,671,56.8848286951316
13,671,76.1963646259529
14,671,74.5483599901046
15,671,52.3792569113655
16,671,110.770268060354
17,671,81.0277403899094
18,671,84.0191599332605
1,672,63.5995740996408
2,672,103.603190574351
3,672,66.4676135005679
4,672,76.2411845579763
5,672,50.9579849570702
6,672,59.0402077150787
7,672,75.0356104111641
8,672,82.972544545776
9,672,63.92667027917
10,672,62.7100386452157
11,672,69.8141401072963
12,672,46.9139737748735
13,672,53.9444106544628
14,672,50.0439023309193
15,672,96.5363087113861
16,672,73.7563557779153
17,672,78.5047047951333
18,672,74.5037554988825
1,673,51.3144864169769
2,673,62.2133206063473
3,673,86.2815979969841
4,673,78.0079301263335
5,673,90.4958974676044
6,673,78.3674499265526
7,673,71.0713140268708
8,673,62.9945698226343
9,673,109.880844849683
10,673,68.5436494238054
11,673,71.9045952132848
12,673,75.2994036790262
13,673,72.2841288498519
14,673,50.5352233315409
15,673,65.9743562340403
16,673,88.1491509790184
17,673,52.603433881022
18,673,96.6885644626292
1,674,55.3986079985824
2,674,44.6697341887638
3,674,55.3190619307135
4,674,94.288682128268
5,674,89.7406912535188
6,674,123.957969072145
7,674,69.9395188582383
8,674,68.4842040128367
9,674,91.1704693491405
10,674,94.6100715444817
11,674,50.5295148247105
12,674,73.2726791190374
13,674,74.933536815487
14,674,49.5121540911893
15,674,64.7289816864949
16,674,57.8780456060673
17,674,78.8312599330492
18,674,88.3765163478911
1,675,57.4608329794542
2,675,75.118286258871
3,675,64.9099700178327
4,675,72.3782239277861
5,675,105.615081247402
6,675,61.7399305500031
7,675,73.0291259690906
8,675,67.2975766599582
9,675,80.2527409623488
10,675,131.92403466342
11,675,57.9040048288014
12,675,55.6102552738464
13,675,67.9727923916076
14,675,61.3597950402729
15,675,72.4969027060219
16,675,50.1333718841832
17,675,78.0080687615967
18,675,46.856352997614
1,676,55.4714655153394
2,676,69.0926349948409
3,676,54.1507713953986
4,676,77.9902752152797
5,676,57.6321335260942
6,676,72.4361447018061
7,676,81.8680300430123
8,676,61.8692414684809
9,676,57.839840136122
10,676,93.175815107478
11,676,64.3657912554291
12,676,89.7534275683032
13,676,61.0254715949525
14,676,49.3167233381585
15,676,85.4089791026917
16,676,70.6171174664035
17,676,79.1366865536881
18,676,54.9143910818098
1,677,94.7075305296353
2,677,74.7193913757915
3,677,78.3563533362282
4,677,56.7093108177747
5,677,38.4226058564101
6,677,58.621719668622
7,677,67.3258124502332
8,677,78.6926479526852
9,677,66.7990660824212
10,677,102.603360166848
11,677,70.0222095378838
12,677,85.3949311546998
13,677,80.8191582350071
14,677,82.5331429084983
15,677,78.2889209828263
16,677,96.1313531467409
17,677,78.8593082848615
18,677,68.7817297081725
1,678,128.334519986031
2,678,89.6340443039818
3,678,73.0027472889676
4,678,85.5902706072439
5,678,100.052987402299
6,678,67.8002961131795
7,678,88.7517895789447
8,678,82.3196843504608
9,678,61.8201803880702
10,678,44.9187222153034
11,678,92.525532302414
12,678,134.367759217939
13,678,109.29830616442
14,678,71.1391796106323
15,678,76.6987236608909
16,678,125.194099617129
17,678,111.431155025143
18,678,81.8321706118697
1,679,71.2742206818792
2,679,98.1934856671032
3,679,92.8213212691357
4,679,77.3691219185549
5,679,50.5190677799356
6,679,66.6606290178027
7,679,41.3990758629592
8,679,64.75653359233
9,679,58.127427302961
10,679,70.5756463921094
11,679,48.4276525998241
12,679,49.2204957946765
13,679,88.2290587127775
14,679,66.7892481323651
15,679,83.9264083007062
16,679,92.2026871939983
17,679,122.984371602192
18,679,59.8424126511835
1,680,76.2128367564085
2,680,121.213080202334
3,680,83.2598251309364
4,680,114.701315448715
5,680,90.6898282485428
6,680,56.2129871962682
7,680,78.2300833093876
8,680,50.016954832935
9,680,114.1347139952
10,680,72.1472795346616
11,680,61.765953668681
12,680,65.9506659874612
13,680,114.227161422876
14,680,77.169840804789
15,680,116.978749415476
16,680,56.7524191203508
17,680,90.2692447128384
18,680,52.700017647657
1,681,62.9353054405267
2,681,97.6726358893162
3,681,80.2512313039311
4,681,81.1678798439462
5,681,95.7948206896824
6,681,107.66366186417
7,681,77.8919197442541
8,681,70.7482043584214
9,681,64.9030731688664
10,681,73.9202612125406
11,681,67.7931002789195
12,681,49.3679946601271
13,681,67.1155072602158
14,681,59.273760307322
15,681,69.9536274296198
16,681,57.5989584133703
17,681,53.118986086718
18,681,63.996268260023
1,682,77.0366722503605
2,682,62.3730803840636
3,682,53.803815966843
4,682,89.6357905726024
5,682,58.9201205065895
6,682,44.8142979207514
7,682,69.1859513003682
8,682,71.7336269321091
9,682,67.4906753411051
10,682,40.349345507855
11,682,58.4752384449664
12,682,42.9782341838875
13,682,53.5408018153514
14,682,84.7722713563412
15,682,102.850428367636
16,682,81.1665369432287
17,682,59.9919741764697
18,682,84.0621308492315
1,683,80.5605075310076
2,683,76.188417991542
3,683,52.1860823281231
4,683,61.7881981591366
5,683,73.3022160933377
6,683,80.8269481438995
7,683,85.8172968175145
8,683,38.8349648286089
9,683,83.1687191118085
10,683,64.6647603175012
11,683,63.0794167008272
12,683,64.7166466497195
13,683,74.5043996086618
14,683,66.9920346680445
15,683,69.0148911042804
16,683,108.563786789578
17,683,75.3108561560378
18,683,79.745693447554
1,684,62.7101500431862
2,684,99.4788251556095
3,684,58.9211044628814
4,684,77.2249377646969
5,684,58.1794004160557
6,684,88.748621722312
7,684,72.6056125603286
8,684,124.679970486737
9,684,58.3723414654933
10,684,99.0037693926233
11,684,58.467336060624
12,684,57.0494146047559
13,684,61.759030932967
14,684,62.7137971840819
15,684,66.9947864479784
16,684,79.7669072898169
17,684,57.8924419218333
18,684,83.3008567870633
1,685,55.7361834828178
2,685,92.1808478567554
3,685,67.7999988680506
4,685,73.0453032246197
5,685,116.313341200524
6,685,93.6688719030784
7,685,93.0224793772044
8,685,53.518023361972
9,685,107.404651861502
10,685,89.3847565789924
11,685,55.0908460659294
12,685,57.3059735163371
13,685,96.7100214457255
14,685,107.410635825036
15,685,82.396845430639
16,685,83.0208675477426
17,685,108.639382594185
18,685,49.2560102476812
1,686,67.9894220755232
2,686,71.0099764410284
3,686,80.4235602182919
4,686,69.1049958283092
5,686,79.9758851746017
6,686,73.3772803071091
7,686,63.8933761340583
8,686,108.256227375454
9,686,50.1407514425058
10,686,76.8939629760427
11,686,55.8763224503858
12,686,66.6215980631451
13,686,92.6359367974284
14,686,110.836229840319
15,686,50.6887453742111
16,686,86.1029742705005
17,686,43.4473975053262
18,686,39.184426746734
1,687,59.3029221285163
2,687,74.9777976688807
3,687,57.0992469419434
4,687,68.8448254614016
5,687,49.6029333969927
6,687,111.065232913093
7,687,43.1880710974878
8,687,60.2385527225826
9,687,65.3890004801545
10,687,55.5641475370149
11,687,61.4041654808076
12,687,58.8560952663619
13,687,69.8944379016665
14,687,46.8245864635884
15,687,83.3076095145805
16,687,51.6040644989814
17,687,59.8738967183853
18,687,90.3599358539641
1,688,64.6856108691813
2,688,75.7794466650829
3,688,73.3264943097534
4,688,67.5501120190259
5,688,99.7011218870754
6,688,111.968629399276
7,688,52.2711924235925
8,688,75.1274866163756
9,688,66.5148329786866
10,688,67.7717639288706
11,688,69.4288360196752
12,688,56.0417063286288
13,688,69.9191352653936
14,688,76.9632943824971
15,688,87.7850973492773
16,688,55.0887921626469
17,688,86.1770704818163
18,688,51.6830505346275
1,689,47.7772429032112
2,689,98.1958465386654
3,689,84.6097965329932
4,689,58.2244118318515
5,689,65.7369820798293
6,689,65.5707534820882
7,689,56.1984440702714
8,689,63.6458839736758
9,689,66.2328935171715
10,689,61.8652206448979
11,689,67.1792393644331
12,689,55.4771009936726
13,689,66.2485390227715
14,689,57.6068914829946
15,689,94.3718757987477
16,689,116.885331363801
17,689,64.3146909084409
18,689,104.541909932314
1,690,69.0780517607943
2,690,47.7002750534927
3,690,59.5937231769115
4,690,83.9689308973618
5,690,65.621380946537
6,690,89.1065851146079
7,690,65.8035783322221
8,690,45.8611014499265
9,690,48.4755796533315
10,690,120.569566087425
11,690,95.8071143575152
12,690,74.0926739977138
13,690,56.1042618189293
14,690,78.7927151396588
15,690,46.8662282729896
16,690,98.410388946595
17,690,75.6886592464129
18,690,67.4259021265548
1,691,65.8762570163348
2,691,56.897349704382
3,691,85.8492242724088
4,691,61.1622519428782
5,691,50.4898215889176
6,691,84.1923470951292
7,691,68.9482476779131
8,691,74.6716361104894
9,691,51.8284914182803
10,691,80.6135694070923
11,691,82.0933786552011
12,691,80.2899320003113
13,691,56.6834753954518
14,691,99.9559065045887
15,691,65.0546349792628
16,691,97.3081777202876
17,691,112.524391804107
18,691,77.5368457955638
1,692,77.0797760683693
2,692,108.395069393194
3,692,61.9095293030362
4,692,88.7101065077237
5,692,74.7355294538383
6,692,65.9619381192564
7,692,45.7926778779826
8,692,97.2123013006372
9,692,87.577658230963
10,692,71.2592417229183
11,692,79.0417017467851
12,692,61.6006616236536
13,692,76.6142728880726
14,692,67.1055433632566
15,692,72.4290681656995
16,692,72.7009550625115
17,692,62.7247391839393
18,692,83.7818496629425
1,693,63.3937694310369
2,693,84.3499345224024
3,693,113.487727571923
4,693,72.4181339676575
5,693,71.5568759600232
6,693,63.7413044006055
7,693,87.4620537689161
8,693,71.6842776852543
9,693,79.1676739383569
10,693,58.5665405851185
11,693,77.4929541051203
12,693,72.8477927412645
13,693,59.8070846812737
14,693,57.7457046018075
15,693,87.1854573464422
16,693,52.015860653941
17,693,58.0719255671026
18,693,88.5180502908726
1,694,61.8836369490286
2,694,46.271410231432
3,694,96.0492250008749
4,694,61.3055505569659
5,694,56.0558638992313
6,694,104.448543575894
7,694,47.8294536308171
8,694,56.4325845538172
9,694,87.1384698263148
10,694,44.8150216761123
11,694,94.8843666380816
12,694,70.5655937272852
13,694,71.6890173497065
14,694,76.5072838363321
15,694,55.84952332311
16,694,63.1877129531675
17,694,56.0648002824746
18,694,66.8942758948077
1,695,61.5229780334945
2,695,71.6091361100649
3,695,74.4827676010492
4,695,57.3042506089812
5,695,42.9993521399998
6,695,90.9967921120168
7,695,125.622758899241
8,695,82.2260080223149
9,695,71.971633564654
10,695,104.292027850289
11,695,79.0995595319993
12,695,58.1846413732567
13,695,80.8565427670248
14,695,79.2327703009492
15,695,55.613121554581
16,695,43.489513604928
17,695,68.3899592527235
18,695,58.84811495465
1,696,81.2645708919341
2,696,72.5491100289292
3,696,103.843976308907
4,696,102.036414262862
5,696,87.1155920746533
6,696,64.2736053667501
7,696,53.4741206771054
8,696,61.5717316329367
9,696,57.7672823921834
10,696,88.1178775086817
11,696,58.5831538142053
12,696,74.3249406330043
13,696,88.3706539877788
14,696,97.6961024521565
15,696,91.7271533407715
16,696,73.9791371446278
17,696,76.2790744987612
18,696,65.0733428926666
1,697,72.8679402458372
2,697,51.1041172556025
3,697,52.2568425297539
4,697,79.4665071671909
5,697,69.8851149618086
6,697,74.6203581352598
7,697,52.4020073826995
8,697,79.7597263194318
9,697,134.729803462276
10,697,103.186042456761
11,697,59.3258635714108
12,697,54.3267473138726
13,697,102.71884067273
14,697,80.9586763562435
15,697,62.0846285316162
16,697,46.8529613999367
17,697,67.4609377850862
18,697,55.3801593629371
1,698,50.475069001638
2,698,85.0985029079961
3,698,81.9366390371616
4,698,77.826753440814
5,698,81.730414041064
6,698,60.9586813888437
7,698,84.2603068443244
8,698,86.6147432347354
9,698,80.9268168717562
10,698,122.238370774892
11,698,58.5615392029399
12,698,83.1316255454842
13,698,50.8904662207769
14,698,132.711840251257
15,698,63.0534461665465
16,698,54.5695438335529
17,698,61.0574150567645
18,698,81.0131649008983
1,699,53.4843031631973
2,699,61.6464829895858
3,699,76.7619448747416
4,699,72.5004347613873
5,699,74.5333847858876
6,699,58.1858003877561
7,699,60.1177377735195
8,699,60.5686551009378
9,699,106.829738486361
10,699,64.3796902503344
11,699,64.6488909672472
12,699,88.5012771261319
13,699,90.6619438874963
14,699,69.4690073030016
15,699,92.9824444056173
16,699,57.0321670944492
17,699,107.11982820323
18,699,58.7436379692871
1,700,84.1316171429603
2,700,62.9235406263793
3,700,104.01590599108
4,700,75.8001900008167
5,700,59.2876476567783
6,700,61.2493466507276
7,700,73.2353099517905
8,700,75.7236713840535
9,700,45.1177440031541
10,700,96.7673029248313
11,700,74.3517776657495
12,700,45.4876126593856
13,700,83.6510417639822
14,700,62.8735730324877
15,700,91.6499591002425
16,700,84.4428504611979
17,700,48.8986283012567
18,700,84.1199027967444
1,701,63.7202355893156
2,701,65.4251306682233
3,701,68.1352977421759
4,701,73.7242470819953
5,701,67.7747804377746
6,701,88.1705371445383
7,701,49.0066885672804
8,701,64.6158339447747
9,701,83.0665316159237
10,701,74.4245864777797
11,701,97.1959461510048
12,701,71.9649969243373
13,701,99.9894992146869
14,701,48.9414840177376
15,701,75.9924571410788
16,701,69.4248037581329
17,701,55.2692312857832
18,701,102.65677531871
1,702,63.1410968886064
2,702,77.1145453886768
3,702,88.0187035026961
4,702,109.38760142853
5,702,82.0171994251651
6,702,64.4146917510419
7,702,40.5040417688485
8,702,79.0642576328357
9,702,63.7934020440004
10,702,89.5607638057765
11,702,108.212265500167
12,702,48.4751410609532
13,702,71.998007170147
14,702,55.5012476772045
15,702,88.9526936054155
16,702,69.7577799839822
17,702,85.3115509359267
18,702,65.3203557744599
1,703,104.086875923885
2,703,54.7344574300616
3,703,89.0242358694594
4,703,127.114649423877
5,703,84.3734453643959
6,703,68.3533191840463
7,703,69.2005981906768
8,703,70.2355652031739
9,703,70.4869666643486
10,703,80.7198626103935
11,703,110.945744548885
12,703,78.4537744368209
13,703,76.6735058938243
14,703,80.1621829801985
15,703,92.3492216606222
16,703,95.9425741760001
17,703,64.9977022815279
18,703,78.6967427908966
1,704,63.13314297695
2,704,60.6926463147342
3,704,62.8577624666999
4,704,76.8910528142562
5,704,47.2276964899403
6,704,79.6232040124552
7,704,48.3121622699434
8,704,70.5270068797503
9,704,61.9623470982389
10,704,64.888894485951
11,704,60.7819679473311
12,704,57.1616632919814
13,704,97.1400598868675
14,704,60.5631093218305
15,704,78.4467767150067
16,704,86.8843388075042
17,704,80.7914858794195
18,704,74.4122461343424
1,705,52.9943454584951
2,705,91.299082914659
3,705,97.1870812109139
4,705,82.8108488772588
5,705,62.1899947849507
6,705,88.9306378537091
7,705,40.3778448729214
8,705,66.3859867710031
9,705,75.382991890116
10,705,112.380525847518
11,705,55.527305758992
12,705,64.8980675832284
13,705,63.4427143121434
14,705,67.1113070040382
15,705,76.0758270397323
16,705,82.6300218206112
17,705,62.6418400559678
18,705,73.8209452291559
1,706,71.4616445735802
2,706,58.781175123647
3,706,49.3522431078733
4,706,81.5804075439454
5,706,67.7993076372645
6,706,71.5179178663449
7,706,104.237082956201
8,706,98.9770588949835
9,706,76.9265583532862
10,706,53.0598086306162
11,706,60.9271280048712
12,706,102.369229931853
13,706,105.44273116912
14,706,50.4068946571088
15,706,83.6780182162778
16,706,62.8500568241613
17,706,111.222074219809
18,706,66.0514171470752
1,707,82.9781552957558
2,707,101.973593188568
3,707,96.0905419899862
4,707,72.780478604098
5,707,96.9982718600162
6,707,65.226637102928
7,707,80.3827182000129
8,707,59.8365398019439
9,707,80.6469118250321
10,707,51.7368393083194
11,707,80.3574333799528
12,707,101.479220925305
13,707,99.8807891115782
14,707,66.1595842212745
15,707,134.522899173615
16,707,67.355538477925
17,707,77.9457014129034
18,707,50.2751377056092
1,708,74.9524627326539
2,708,76.3377535970049
3,708,47.5858512456601
4,708,77.4272468606244
5,708,81.1834186872292
6,708,86.1910267839909
7,708,75.976258184778
8,708,56.9931776429326
9,708,50.4698385224957
10,708,109.36720050078
11,708,68.1723734488397
12,708,93.8973082511163
13,708,43.1976832179469
14,708,114.673333397853
15,708,55.721521050514
16,708,69.4613586696813
17,708,89.7157184231909
18,708,73.4568838996117
1,709,56.8490212382857
2,709,39.3499303175073
3,709,69.8583080820411
4,709,55.7416076206658
5,709,38.923958655479
6,709,69.870892448982
7,709,75.7359586843716
8,709,60.179946130491
9,709,76.7690059713921
10,709,75.3312393329102
11,709,50.1167396114775
12,709,91.9933123046476
13,709,74.2271028366776
14,709,123.981056023365
15,709,96.0031211919473
16,709,109.272793646325
17,709,71.4097963480018
18,709,60.29995192459
1,710,76.3777870248064
2,710,81.0502307490373
3,710,47.8019060100856
4,710,96.9766732858926
5,710,77.978261973311
6,710,82.8204600385511
7,710,73.0818215256425
8,710,64.262168210231
9,710,58.0126586415749
10,710,58.0096470819288
11,710,39.6465018785947
12,710,123.227189360211
13,710,96.5733263765563
14,710,59.9636468309788
15,710,70.6822613905113
16,710,71.8861977076877
17,710,67.0798627887548
18,710,68.5719342699196
1,711,90.8089686204866
2,711,70.662300666984
3,711,82.5298038499814
4,711,85.837988227208
5,711,85.5359869047973
6,711,74.1293729167166
7,711,82.8091747251262
8,711,39.9725196745949
9,711,61.1623676204815
10,711,107.181753808521
11,711,77.2631965289307
12,711,100.680558101331
13,711,67.0052590285091
14,711,53.9623489867089
15,711,58.3698854920132
16,711,72.3028242791383
17,711,55.6140384099645
18,711,100.626647636523
1,712,72.9335420948562
2,712,65.533359050488
3,712,92.689572961363
4,712,73.5234831549237
5,712,67.4106292489729
6,712,47.7855329711993
7,712,48.7804864246298
8,712,64.6096953278275
9,712,68.8156185670079
10,712,75.2715802773624
11,712,53.0147228234765
12,712,46.8840931379186
13,712,56.8596923621706
14,712,101.8995868044
15,712,60.5381194705979
16,712,78.5141109709258
17,712,71.9160439147917
18,712,65.555940930039
1,713,54.5335302612841
2,713,59.7151250092757
3,713,51.9328610918686
4,713,86.5738881725588
5,713,72.4421206502627
6,713,72.0523732073519
7,713,75.3819261679891
8,713,71.2800856183922
9,713,74.1423425307017
10,713,75.9659751038493
11,713,69.219687338147
12,713,97.8226431073806
13,713,98.7227642455146
14,713,72.1724366666686
15,713,68.9111730688755
16,713,70.8487371406683
17,713,84.9261682613405
18,713,89.9546215323673
1,714,55.3305809888115
2,714,64.672251605361
3,714,51.7530134709766
4,714,63.1909320087015
5,714,83.2886848237246
6,714,66.9011674811442
7,714,60.5176041630818
8,714,68.6028344064006
9,714,62.4893268703252
10,714,70.8541778512486
11,714,62.2603297879951
12,714,59.9598539007014
13,714,99.7102377225419
14,714,44.3895035646064
15,714,74.3581868349822
16,714,78.3540935463229
17,714,69.1711698117555
18,714,69.4834602696332
1,715,77.758896669085
2,715,76.8301879464677
3,715,73.2984075699596
4,715,52.1501844547986
5,715,113.76487680104
6,715,73.5105226922581
7,715,68.4308171129007
8,715,60.225698638865
9,715,95.8289165825966
10,715,72.7554838744816
11,715,82.6634149176351
12,715,78.741995792145
13,715,91.0285735174707
14,715,76.060055867398
15,715,68.5995033151398
16,715,75.7674946130551
17,715,87.8457079845458
18,715,79.6781840554211
1,716,65.362989475505
2,716,90.1467334057192
3,716,66.5754003866914
4,716,53.0990593605615
5,716,121.852510515502
6,716,66.736735652353
7,716,64.8004146300826
8,716,119.5362475288
9,716,111.493976524417
10,716,45.9474972325106
11,716,67.9142098028563
12,716,43.1702377053999
13,716,67.2200415439154
14,716,72.2566211364461
15,716,66.2869323535119
16,716,51.5366520549417
17,716,60.9165421066508
18,716,66.5123667955258
1,717,57.1209871511437
2,717,65.1155324141747
3,717,57.3546978608161
4,717,38.6315743163506
5,717,69.7650568587277
6,717,74.1790069466751
7,717,46.4814610513587
8,717,77.8026473541954
9,717,89.7098370560181
10,717,81.4615463654224
11,717,78.7828135306083
12,717,73.3468542404075
13,717,71.7294594795143
14,717,76.0465862328767
15,717,66.7491132799481
16,717,85.447017914806
17,717,70.1516643538432
18,717,91.2044923519303
1,718,123.967631859078
2,718,71.4884260752556
3,718,59.219055736973
4,718,86.3607266804154
5,718,66.9149989973949
6,718,86.7008001021394
7,718,67.4083976952743
8,718,76.2905303366542
9,718,79.064585632856
10,718,68.8291463107318
11,718,116.901601510109
12,718,65.6452154394904
13,718,73.9019966363952
14,718,88.480668649852
15,718,90.6224193978816
16,718,79.493299282313
17,718,74.5041626765361
18,718,87.6985899493754
1,719,75.3320860498535
2,719,92.959219160813
3,719,69.0663168561615
4,719,118.671093707173
5,719,112.486312250425
6,719,55.1333447079631
7,719,69.956934540001
8,719,57.1862666736567
9,719,99.5520430438803
10,719,74.1036020962136
11,719,72.424055274779
12,719,59.3356003195479
13,719,105.20852645237
14,719,91.8638937713176
15,719,81.8519893841229
16,719,102.855367496325
17,719,75.0129856735587
18,719,67.8115867913406
1,720,43.4604759870863
2,720,56.9665087270895
3,720,47.4213552404954
4,720,42.1803621996323
5,720,40.4816924394744
6,720,66.1109976450569
7,720,84.0561667190557
8,720,56.158396974179
9,720,75.5365474741871
10,720,57.0385748807836
11,720,95.3736689030853
12,720,51.005460143474
13,720,98.1908997266482
14,720,66.4323705333472
15,720,56.3686125775859
16,720,76.889419265316
17,720,97.6100563672169
18,720,71.6871337806827
1,721,82.3131809732315
2,721,68.1076080931888
3,721,75.2823278742118
4,721,64.4886153841128
5,721,64.8501216791145
6,721,57.346997740778
7,721,75.0494853859283
8,721,61.0609318149565
9,721,84.6500761845126
10,721,69.8824992865654
11,721,45.0850544489068
12,721,40.1669779138546
13,721,45.1604147717947
14,721,57.4267018650942
15,721,63.4388958530676
16,721,75.7055764147709
17,721,55.3187247299032
18,721,44.6221534650218
1,722,75.6673828508809
2,722,75.0130991546812
3,722,61.8430790701379
4,722,82.2809077465244
5,722,71.2416926443245
6,722,109.102628047552
7,722,65.3918628821816
8,722,59.2851751218844
9,722,92.6618307457905
10,722,88.4717520434904
11,722,89.6222221911258
12,722,83.1292434878316
13,722,49.4456017568518
14,722,76.2017965097311
15,722,55.0736367493125
16,722,71.9233175200148
17,722,72.7966343453625
18,722,73.6892695097973
1,723,57.6463660475099
2,723,58.6988359344249
3,723,60.9783184947105
4,723,94.4036917359364
5,723,53.2948516639793
6,723,45.7303332441445
7,723,84.4626903912322
8,723,66.8126116092585
9,723,71.6049172676145
10,723,107.295652726599
11,723,43.9619073956641
12,723,54.4399410386208
13,723,68.9722804444356
14,723,81.2950388301599
15,723,98.8732119845483
16,723,97.1425024466109
17,723,81.7155976154332
18,723,83.3045845201916
1,724,80.5333515184432
2,724,99.0390074030004
3,724,80.135245935486
4,724,87.4205979837902
5,724,77.7947350832249
6,724,88.2158552119823
7,724,95.4131824478186
8,724,71.2332458241021
9,724,65.9954286697531
10,724,55.4505853424327
11,724,50.9379866965354
12,724,54.3352219280574
13,724,77.1272433058397
14,724,53.1362062541911
15,724,40.0127366574332
16,724,107.604680344693
17,724,92.5997729427399
18,724,75.8750524054656
1,725,80.8809604223367
2,725,73.2171476837937
3,725,78.6560104392871
4,725,66.6272682177967
5,725,91.7995810662992
6,725,89.2713951135833
7,725,113.962676554561
8,725,84.7504621387147
9,725,124.621801764963
10,725,88.6852859099506
11,725,111.883032618483
12,725,82.1100149021657
13,725,76.8528571035007
14,725,84.1861665561001
15,725,111.933186312262
16,725,82.5291584193836
17,725,83.8617062998269
18,725,43.6262197764371
1,726,71.3040738332881
2,726,81.2142229082815
3,726,70.5663243852184
4,726,75.0590568435925
5,726,98.3959826498646
6,726,87.4635943585304
7,726,69.2949201131503
8,726,90.9284270073482
9,726,75.3797514109557
10,726,102.893984525232
11,726,54.0140166217123
12,726,118.495259953953
13,726,46.6515805524081
14,726,59.0098313310246
15,726,77.5780035268646
16,726,118.466489609609
17,726,64.6762536335345
18,726,86.9291597694556
1,727,66.9356759409493
2,727,102.314037158698
3,727,49.7201943895891
4,727,87.9250179983299
5,727,107.550190032536
6,727,96.0020271775349
7,727,94.7002428298642
8,727,72.2373690370318
9,727,55.4511880155366
10,727,104.219266854833
11,727,62.0206853549203
12,727,89.2361786417921
13,727,62.6048199734522
14,727,69.2153633960829
15,727,58.2327327088197
16,727,49.9181829044587
17,727,80.4691108218911
18,727,94.2235847971953
1,728,80.4047103850379
2,728,76.8524256596637
3,728,60.6573156831811
4,728,108.209892882212
5,728,57.2629770933566
6,728,95.1450946418387
7,728,107.078980476621
8,728,94.2528842400855
9,728,46.8434968810913
10,728,67.7348350956339
11,728,71.8307704664632
12,728,102.486392177344
13,728,61.6549177661392
14,728,82.5841629632464
15,728,71.2857113724034
16,728,70.3380926957804
17,728,80.8837993647596
18,728,71.0645738425695
1,729,86.2459700912307
2,729,61.2405036439441
3,729,116.162203739159
4,729,101.101765910456
5,729,76.0894436328565
6,729,54.393728148181
7,729,76.4430063865437
8,729,77.2457330264062
9,729,81.4430420984148
10,729,66.7907920642423
11,729,53.711134230466
12,729,104.055734587138
13,729,65.2540905422093
14,729,54.8619969157465
15,729,45.8766596700885
16,729,51.2022759488657
17,729,55.9286233402624
18,729,67.0338400471823
1,730,101.912085780489
2,730,72.3118254979716
3,730,79.2157139151372
4,730,76.1849719515631
5,730,113.727011175763
6,730,77.759039480828
7,730,85.5307035128931
8,730,78.9210002654039
9,730,56.2214493357621
10,730,74.1650399588428
11,730,64.2543239205498
12,730,94.2006214966611
13,730,60.2834501401347
14,730,75.1971432950465
15,730,83.7019297244451
16,730,83.3022216540377
17,730,68.030763986587
18,730,68.9911278256792
1,731,91.5004702767305
2,731,60.2278709654535
3,731,85.8839721063181
4,731,87.6390320962003
5,731,79.0374889829824
6,731,45.8144622947189
7,731,82.6150285091893
8,731,105.427692635873
9,731,77.1380086812018
10,731,72.0017849949442
11,731,87.4118555682109
12,731,57.3676958349001
13,731,65.6358113996536
14,731,66.0481625599516
15,731,114.966038870224
16,731,108.380308393585
17,731,84.3887438389653
18,731,65.1597201304682
1,732,83.4200482166234
2,732,47.3936447746842
3,732,96.5359766355903
4,732,86.2702616513945
5,732,81.0638000297853
6,732,69.050309264748
7,732,96.3791662850982
8,732,110.292440561656
9,732,50.5767043171645
10,732,72.9992212349032
11,732,88.2853657597412
12,732,52.6309247895586
13,732,98.1550765727143
14,732,102.510782978942
15,732,109.649473819023
16,732,84.1460006121148
17,732,112.609510304492
18,732,85.9305225947914
1,733,68.4645407718005
2,733,67.4368624765553
3,733,87.7627384637189
4,733,98.9058163103172
5,733,57.4752146183562
6,733,74.9587310764182
7,733,61.7946985878684
8,733,75.4966757584713
9,733,56.253682661728
10,733,59.0419843201962
11,733,71.5707689078448
12,733,50.2868148781341
13,733,60.4808003437251
14,733,42.3602688111433
15,733,69.847857356463
16,733,109.525970466933
17,733,56.6109929490475
18,733,70.5699821278949
1,734,57.3483383865115
2,734,85.541654659702
3,734,75.2140514614238
4,734,80.3632944925248
5,734,81.8352101567675
6,734,85.6239122713751
7,734,47.6568861274195
8,734,68.0684924465605
9,734,74.6104528940158
10,734,48.6008549356073
11,734,74.6185116603654
12,734,86.7299549112793
13,734,69.5310562602856
14,734,69.5136472162354
15,734,109.149216238867
16,734,86.4654856654848
17,734,49.6275564412752
18,734,71.6657857733022
1,735,63.5432829052258
2,735,73.4979950603309
3,735,73.5036093637797
4,735,78.4353997896853
5,735,71.4392543985123
6,735,89.9000296785203
7,735,100.882439534311
8,735,42.4213072530866
9,735,104.967651851366
10,735,62.8092662596178
11,735,41.5184074978265
12,735,93.3422266701439
13,735,66.0550714666707
14,735,108.347737607689
15,735,67.3199832781629
16,735,97.4361613686979
17,735,49.096826700382
18,735,88.9618614815439
1,736,53.7455257713356
2,736,95.7318787694275
3,736,67.5009133624929
4,736,84.1256675905668
5,736,75.7858691063676
6,736,56.7472104572884
7,736,71.8824884261322
8,736,79.3825319298118
9,736,57.4994017082862
10,736,67.4595610034132
11,736,77.7555060621577
12,736,121.308849209071
13,736,69.2790523659029
14,736,50.4244956552468
15,736,72.2383668580501
16,736,64.2583920148301
17,736,63.3946599945021
18,736,89.7878734671184
1,737,81.2103499905483
2,737,79.5417118999774
3,737,82.1100892548573
4,737,64.1058935489223
5,737,73.6923284879638
6,737,105.22015442037
7,737,76.3530227204914
8,737,42.6119478957203
9,737,86.1943111593169
10,737,48.5472284440972
11,737,46.2093287830894
12,737,62.1584604932216
13,737,96.6187259738891
14,737,72.8464852128979
15,737,73.7520812270802
16,737,59.790968163347
17,737,56.3382026904362
18,737,99.5586623835936
1,738,58.4545397199643
2,738,69.8537275278704
3,738,52.6434899899965
4,738,75.3137902315081
5,738,71.1940049949292
6,738,86.5806455129887
7,738,53.934815467989
8,738,63.1047539559805
9,738,87.9763580607389
10,738,60.14387800903
11,738,83.8962230631355
12,738,90.2692280315174
13,738,88.3202854133034
14,738,40.7692452218248
15,738,99.1982851223834
16,738,51.5556530397184
17,738,95.991173547786
18,738,97.169549596925
1,739,51.0701848556371
2,739,64.3830564992167
3,739,90.7886470822897
4,739,49.5690954800445
5,739,66.971602157699
6,739,52.9414227704766
7,739,107.76421526131
8,739,87.241503072352
9,739,108.874798727974
10,739,58.5921607249866
11,739,122.725296571002
12,739,62.5400135253349
13,739,86.1558297157856
14,739,63.5689737016595
15,739,51.3562796355996
16,739,96.1221274478906
17,739,65.18652116323
18,739,61.3128107579732
1,740,70.0736172127787
2,740,61.3159794042594
3,740,84.831639288205
4,740,115.958295463335
5,740,56.9243254785535
6,740,48.3156100849334
7,740,71.9788997053621
8,740,76.8215021307587
9,740,68.6696540114112
10,740,63.8378550496797
11,740,79.4175293348193
12,740,85.4902877186111
13,740,65.2861148841203
14,740,59.9726235740228
15,740,87.9550896744042
16,740,58.9135772494316
17,740,75.6594323108644
18,740,81.0164128017968
1,741,78.7003148414212
2,741,62.4362731066175
3,741,66.6770438669826
4,741,60.1617386446525
5,741,48.9243680552428
6,741,64.7972701648635
7,741,88.7614017396062
8,741,78.4606911571364
9,741,64.3436390873456
10,741,68.4562599468536
11,741,98.9235753326787
12,741,109.520791294386
13,741,73.8372654582767
14,741,66.8243616011346
15,741,111.145482665303
16,741,65.9093435278141
17,741,79.1900615558069
18,741,62.2006081102967
1,742,58.490120836961
2,742,53.7879339558837
3,742,83.4044803491403
4,742,86.934862540328
5,742,63.4678486192131
6,742,63.890574116886
7,742,82.2851916260611
8,742,71.3697114525043
9,742,67.387236938317
10,742,84.3868469461361
11,742,68.7142156687873
12,742,82.8183920840602
13,742,54.0490301138402
14,742,82.6783077173506
15,742,79.1492343885064
16,742,83.0746821034469
17,742,64.4820439164653
18,742,110.452314246121
1,743,104.39343102378
2,743,69.0664158898591
3,743,65.6552395354405
4,743,95.6922147929817
5,743,65.7572212349936
6,743,74.3402217097777
7,743,64.4437348690187
8,743,66.0519248720325
9,743,70.5948736321697
10,743,96.0515306979867
11,743,47.2158365577718
12,743,50.6288762029597
13,743,77.9010880070258
14,743,85.4756448378252
15,743,75.5673201309724
16,743,77.7676853257739
17,743,103.557298940212
18,743,82.4095107275013
1,744,106.819383101551
2,744,62.2044337590035
3,744,80.6028932635407
4,744,52.4683039491987
5,744,78.0657655786196
6,744,65.8550073922327
7,744,67.3078783985308
8,744,90.5904670780392
9,744,70.1157070689633
10,744,60.4583476749277
11,744,119.443340359533
12,744,125.66797902279
13,744,57.1284976938796
14,744,87.3112275630062
15,744,91.467025531514
16,744,74.6729460439362
17,744,75.4931819206523
18,744,92.9976597740209
1,745,111.03740825402
2,745,54.2889870385601
3,745,69.3332350538704
4,745,73.0455870912841
5,745,109.900690627846
6,745,88.549622319627
7,745,54.5247565795815
8,745,85.2921423635761
9,745,49.9938680749777
10,745,82.0071204683791
11,745,78.0892796472956
12,745,118.630670284288
13,745,73.0791181617707
14,745,90.7604860922146
15,745,75.168072176569
16,745,61.26065406994
17,745,61.4108710057887
18,745,54.2135993684466
1,746,82.9074315843249
2,746,79.1707273861444
3,746,60.4524381788722
4,746,57.3701563668546
5,746,57.7786658074371
6,746,65.4493699944667
7,746,39.7213217484177
8,746,77.1314456587483
9,746,94.0047724317992
10,746,74.417991070001
11,746,98.8494013654949
12,746,70.5069040532017
13,746,80.1983557910358
14,746,66.7685654913601
15,746,45.4978196716287
16,746,76.4155853703614
17,746,78.3488527554905
18,746,79.1903855387246
1,747,50.0564099315505
2,747,60.98723871299
3,747,53.3571216387603
4,747,58.5209747134603
5,747,73.5045745708783
6,747,58.7797139344618
7,747,81.2131843486797
8,747,67.3258636520822
9,747,57.4438768546849
10,747,57.8245824374216
11,747,84.3793882952831
12,747,56.7695951843435
13,747,73.6508888747858
14,747,77.6952779407068
15,747,56.6760764584035
16,747,95.2901855516792
17,747,68.4190099231248
18,747,78.9755917786589
1,748,49.253415508654
2,748,58.1181906469821
3,748,97.8250248135984
4,748,56.6661617877053
5,748,104.406226769162
6,748,75.815133560675
7,748,60.4938463851392
8,748,67.9421425075473
9,748,58.2379306495523
10,748,67.5100897820436
11,748,88.0720387463688
12,748,54.8056033212268
13,748,84.1359099544935
14,748,69.1661983668163
15,748,69.4355989471307
16,748,61.7293785403488
17,748,88.6932643570653
18,748,93.4534280160359
1,749,74.8199047735126
2,749,79.4546099191347
3,749,51.003590381467
4,749,111.445459960193
5,749,76.2296908789341
6,749,88.930794554363
7,749,120.393660161927
8,749,50.9693643061311
9,749,55.3748366821413
10,749,93.9012460614512
11,749,88.5266673302621
12,749,50.8169610520911
13,749,68.7041721407408
14,749,83.156278995004
15,749,77.7526996923588
16,749,64.1986063163727
17,749,57.2645301071123
18,749,109.686564397904
1,750,39.5094400048845
2,750,52.3707104687434
3,750,91.7426820082192
4,750,107.976924575707
5,750,89.3610136109603
6,750,88.8761547895307
7,750,69.1449766002476
8,750,70.7708130727169
9,750,119.698330183822
10,750,104.091004161989
11,750,92.2535852585024
12,750,62.5890641384865
13,750,41.2817991147074
14,750,51.1569154606901
15,750,120.976575973806
16,750,62.8238815576977
17,750,67.757911663919
18,750,71.0544771378986
1,751,56.5606591571935
2,751,65.412726664174
3,751,65.4108348599643
4,751,83.5412855263089
5,751,75.7234676567118
6,751,50.4779967562574
7,751,61.4478358585638
8,751,53.2302352669141
9,751,94.0650955483051
10,751,71.1197325891954
11,751,84.3151512815261
12,751,77.4711999752722
13,751,67.2824411091215
14,751,41.6694932037618
15,751,89.0877963844907
16,751,68.9201090110133
17,751,66.6877149601972
18,751,70.9951396062345
1,752,78.4128678997323
2,752,88.8212446068047
3,752,79.5222688673001
4,752,54.2251160957829
5,752,74.9415771348178
6,752,87.7042347094886
7,752,86.5051433056685
8,752,91.4364419487844
9,752,47.4958894549192
10,752,69.7029664858668
11,752,83.8896121099633
12,752,79.2500613365704
13,752,78.4572840900745
14,752,83.1007982166171
15,752,86.1999507794396
16,752,55.4430358418216
17,752,61.4559481496817
18,752,65.1341339588784
1,753,88.3461510776177
2,753,76.5537451356898
3,753,80.1078142786506
4,753,65.1357844681236
5,753,58.0562882622907
6,753,115.740870428562
7,753,112.669818173947
8,753,72.093918796928
9,753,54.4374099714708
10,753,105.328663936217
11,753,75.0661783676631
12,753,80.6749615422879
13,753,51.3351575086637
14,753,102.669869959619
15,753,104.931179371789
16,753,80.6609113506687
17,753,62.6349520329359
18,753,44.752057663816
1,754,63.0174496277149
2,754,88.2081146513707
3,754,83.2658459840031
4,754,64.4212513993711
5,754,100.42070522403
6,754,77.5811447688497
7,754,72.2698132317698
8,754,67.1965523196568
9,754,65.439960133063
10,754,63.4696367170037
11,754,78.3700194533098
12,754,71.2659955631336
13,754,100.099983165232
14,754,73.2799334892431
15,754,59.3300560323118
16,754,43.6778412163371
17,754,102.052624262709
18,754,70.8160456831978
1,755,53.7322672723259
2,755,59.9207368439479
3,755,133.079191449122
4,755,54.0843268797463
5,755,76.6234134494292
6,755,49.2150694851519
7,755,68.3691796447593
8,755,77.7536706094202
9,755,64.937448127401
10,755,72.4643645134433
11,755,68.8242305884196
12,755,85.7753824698676
13,755,72.9726705111757
14,755,104.15096043961
15,755,87.249040055977
16,755,70.4447488659247
17,755,96.1362310204284
18,755,74.7403714259139
1,756,73.1433103148649
2,756,64.4603476695532
3,756,42.0115412334232
4,756,66.9171839374627
5,756,49.7499103010119
6,756,75.4060793660393
7,756,70.8139349923987
8,756,76.1267145777756
9,756,76.2780762724985
10,756,122.577677289055
11,756,73.8961389442032
12,756,88.7858693660275
13,756,70.3972896874327
14,756,111.135674623623
15,756,86.9849068961648
16,756,97.3800460289117
17,756,42.1113199376799
18,756,82.712845009919
1,757,56.7163941206907
2,757,85.7041834612681
3,757,74.8453793351586
4,757,82.6878243505863
5,757,84.1049292056231
6,757,47.1081354496316
7,757,54.1650600309627
8,757,67.4599030649557
9,757,87.3984924632321
10,757,61.9109574319384
11,757,69.920795064697
12,757,84.2300999954919
13,757,70.0160991559716
14,757,56.0018283911286
15,757,118.054785560206
16,757,61.9398970055741
17,757,76.8388289957828
18,757,68.2224377223807
1,758,59.1083829955309
2,758,64.6178132465343
3,758,72.0073044495855
4,758,56.8750236183009
5,758,120.324037080129
6,758,70.6043999172047
7,758,53.0428275960496
8,758,91.9924616153747
9,758,72.2571939440545
10,758,62.5539465997153
11,758,66.7684672574305
12,758,74.0288542628658
13,758,48.9943845059111
14,758,70.5087645764903
15,758,107.655358047282
16,758,42.309366701286
17,758,87.221841812164
18,758,79.0054949665294
1,759,121.813668684937
2,759,64.1281819871342
3,759,62.7001721066528
4,759,69.613750519869
5,759,69.799154490591
6,759,58.5249697568531
7,759,69.6035200002647
8,759,117.995606295206
9,759,78.2227330026314
10,759,87.7825980123782
11,759,75.8150972544135
12,759,93.7060954187928
13,759,66.7696031779567
14,759,73.5585072675679
15,759,54.3944165385445
16,759,73.9142469585395
17,759,64.2969837981332
18,759,72.5831281665925
1,760,81.9221717158967
2,760,96.5624368272221
3,760,77.9409941669528
4,760,110.294183346554
5,760,72.5360815962499
6,760,70.6450870560022
7,760,83.873406778646
8,760,62.3523161359817
9,760,77.3489551444101
10,760,65.9400933460228
11,760,56.2838021992477
12,760,84.1290463063185
13,760,68.0301813982251
14,760,62.8451654989716
15,760,67.5549804092375
16,760,72.1670658526619
17,760,43.5501343409181
18,760,40.8380619705221
1,761,92.1449372244663
2,761,96.8852745063825
3,761,74.7546792849942
4,761,80.8195113946281
5,761,91.4738620060505
6,761,55.6537737713363
7,761,54.1577391879513
8,761,66.6677640325257
9,761,111.231381982541
10,761,84.1611615149562
11,761,84.8612640923121
12,761,123.636101933216
13,761,52.5220459580523
14,761,68.4987166701973
15,761,46.2035168199966
16,761,63.8931912596514
17,761,55.2166733584925
18,761,91.6902250111911
1,762,65.4598773781765
2,762,68.4946485959543
3,762,74.5108948888539
4,762,92.1534744335082
5,762,110.64012676579
6,762,69.0416767601265
7,762,77.2369413496589
8,762,51.9336161605514
9,762,47.1427600230602
10,762,79.5797503659
11,762,40.51325711519
12,762,92.0868070565258
13,762,82.4687516208057
14,762,83.4622860019567
15,762,71.3705756042286
16,762,75.5260483892539
17,762,61.0222500236969
18,762,60.5286980774832
1,763,90.5637156402101
2,763,74.2851697812832
3,763,40.1654090220737
4,763,52.2848619806992
5,763,95.4870351833542
6,763,72.4580676693347
7,763,104.036591525225
8,763,63.5210873056378
9,763,102.902876907344
10,763,72.4766024087193
11,763,53.4298076826146
12,763,67.1529309335137
13,763,64.7127955889502
14,763,49.7983859442865
15,763,71.4395464276628
16,763,96.9676002142469
17,763,82.7738135312326
18,763,71.839319480206
1,764,69.2687223966005
2,764,91.1870281676022
3,764,82.2443822890864
4,764,58.0132440341572
5,764,91.1215426448181
6,764,85.2870740234927
7,764,59.7791883432306
8,764,66.6599296291987
9,764,92.3917061852622
10,764,51.6903811472407
11,764,75.0593941097497
12,764,54.8986024896829
13,764,53.415866392868
14,764,84.31912153702
15,764,68.2636513214921
16,764,77.9719412865202
17,764,95.1688507343601
18,764,98.1538744634379
1,765,54.4224457958454
2,765,62.2060029879231
3,765,61.7169492562076
4,765,71.1329038946802
5,765,107.035393681291
6,765,75.2785817018697
7,765,48.6878716370213
8,765,62.9841172644827
9,765,79.8708311106225
10,765,59.9528912741545
11,765,63.1382718310383
12,765,98.054344667622
13,765,54.9149617226662
14,765,59.2387363198627
15,765,83.3924573917854
16,765,90.5097771135966
17,765,65.509286680803
18,765,77.7455885018287
1,766,104.554905152608
2,766,68.0254015499072
3,766,62.3405965182897
4,766,80.1629015515481
5,766,101.944763239077
6,766,55.0562604828224
7,766,106.240542911137
8,766,71.8733883218173
9,766,64.9572564493343
10,766,92.6609974417464
11,766,105.919576471808
12,766,60.1230859775429
13,766,58.0130475378433
14,766,63.8697104922317
15,766,57.3673748157443
16,766,54.104027630996
17,766,82.5042824686987
18,766,75.995799879042
1,767,78.6170591401575
2,767,73.2675584137194
3,767,105.233863923723
4,767,69.9180945989147
5,767,87.0578885924567
6,767,70.2893401112695
7,767,65.1924990847535
8,767,76.1218189157024
9,767,99.4528125277411
10,767,60.4598627662057
11,767,80.1292258732972
12,767,56.2691698249317
13,767,57.5604346863228
14,767,80.4251673897327
15,767,81.148294396408
16,767,111.983860008631
17,767,65.1880128204243
18,767,51.99246647715
1,768,81.3559958755791
2,768,49.1005240842308
3,768,64.2543960930847
4,768,86.7199427701677
5,768,60.9756381848533
6,768,90.1092899003654
7,768,51.8795977697885
8,768,42.4582153544373
9,768,109.598991187742
10,768,90.8963168395065
11,768,117.928636781763
12,768,84.0247624762426
13,768,71.6203296938518
14,768,76.6771989562423
15,768,62.7172036864893
16,768,106.64691383198
17,768,69.082609756549
18,768,62.509749303122
1,769,60.4934141334609
2,769,80.9540313329898
3,769,51.8566547142613
4,769,74.329376166949
5,769,38.631656683598
6,769,80.0086164835997
7,769,80.5415587197118
8,769,94.7487425493183
9,769,63.9719202907499
10,769,47.8251786952519
11,769,106.272269720577
12,769,47.5295005684514
13,769,110.963208070986
14,769,60.0130811252624
15,769,80.8936442771818
16,769,77.8147176827576
17,769,66.533657795713
18,769,61.4615187917393
1,770,57.798478335539
2,770,65.2779826151809
3,770,80.1365336170518
4,770,76.3807008806136
5,770,66.5732414801496
6,770,76.2678449628486
7,770,78.7119476786701
8,770,63.6788249498502
9,770,63.3107694350058
10,770,99.3810916494029
11,770,42.8779880103532
12,770,75.0306852311034
13,770,103.540676082765
14,770,66.3779630974959
15,770,63.2260045010495
16,770,86.4097733874358
17,770,91.5072157307958
18,770,57.7069081700098
1,771,93.2731632890431
2,771,53.4292007176608
3,771,60.0690611133917
4,771,81.3314781800121
5,771,88.4038471682531
6,771,79.2702062468026
7,771,58.6482215538524
8,771,96.3002412444062
9,771,77.4619504153628
10,771,106.686321580459
11,771,58.8364988897802
12,771,116.301551522413
13,771,75.58643255616
14,771,115.552415907101
15,771,59.9921841573894
16,771,62.8158523477456
17,771,77.3833245461397
18,771,61.5100546067579
1,772,67.0311505194883
2,772,104.132947989852
3,772,55.9667617147303
4,772,117.540107842775
5,772,71.0852319361199
6,772,68.3501884173842
7,772,51.1476092423284
8,772,75.2153233030406
9,772,62.3774123051284
10,772,120.398272159833
11,772,61.7857971647774
12,772,80.9106910365104
13,772,71.3796106384678
14,772,85.4431067520816
15,772,55.5273956521243
16,772,51.8383181070116
17,772,94.2705738257544
18,772,87.4811211620272
1,773,107.06499183768
2,773,89.7300669099753
3,773,97.2489294170533
4,773,109.678025149302
5,773,85.7859282555483
6,773,81.6503221669267
7,773,61.0846173675537
8,773,73.456455428634
9,773,87.1937979192324
10,773,80.7782995738345
11,773,66.2113858746757
12,773,56.8046267229329
13,773,86.6387617261098
14,773,73.9308783919833
15,773,75.0168361574294
16,773,84.1977686100149
17,773,65.8817138899532
18,773,88.5484687290101
1,774,59.3302992662558
2,774,69.9739387988335
3,774,106.904540106335
4,774,80.202133259402
5,774,70.5587613942564
6,774,56.7991296462338
7,774,52.3420181008265
8,774,77.8777180573241
9,774,78.2556577898389
10,774,98.8676670053423
11,774,64.469462343544
12,774,76.553664544077
13,774,65.8686529552618
14,774,97.341969045333
15,774,63.1250661672242
16,774,80.3380976608885
17,774,102.644794199667
18,774,90.4373295647374
1,775,87.3390527939042
2,775,64.2589091320188
3,775,82.7764962368821
4,775,58.6071891815165
5,775,79.9148553825985
6,775,83.3613300142964
7,775,88.1990623732296
8,775,96.121464326798
9,775,88.2341762790534
10,775,93.820124359857
11,775,61.730868463098
12,775,62.1012272713255
13,775,87.8936508611442
14,775,94.5218119787587
15,775,58.2476296662026
16,775,69.8171719279997
17,775,52.1883305058147
18,775,71.0908873377241
1,776,93.5413233868824
2,776,69.7131030284926
3,776,53.454418359208
4,776,48.4771676083598
5,776,118.87192188477
6,776,43.9025894858202
7,776,65.5103642567798
8,776,60.6571652313535
9,776,71.4516187898136
10,776,72.995234532559
11,776,67.328740026927
12,776,90.1497679527652
13,776,103.260746732925
14,776,63.4592270781265
15,776,85.400830146417
16,776,75.5008472115513
17,776,50.3829004434986
18,776,48.10640541602
1,777,59.2460029023159
2,777,58.7813775789056
3,777,113.079531837817
4,777,63.0405186644202
5,777,60.4467734779178
6,777,102.858920493774
7,777,59.0574328523867
8,777,79.9818465213626
9,777,50.9261284504616
10,777,47.5450922053355
11,777,50.978245024532
12,777,76.8577470097789
13,777,68.7433624586018
14,777,72.2107803079916
15,777,72.4068786097163
16,777,81.6591528274933
17,777,63.3814093484611
18,777,125.866156060298
1,778,96.8726193800396
2,778,62.2658766773916
3,778,62.3274356569844
4,778,59.5002766762436
5,778,120.676400312351
6,778,45.0197084185954
7,778,79.4912014608741
8,778,51.0355190112238
9,778,56.9630474080141
10,778,82.5001826794444
11,778,89.188935259017
12,778,70.1491987513473
13,778,78.0540312939315
14,778,66.3821095643979
15,778,54.5639656408088
16,778,73.2727369430497
17,778,57.7646901091864
18,778,75.1601821398503
1,779,88.4340807028527
2,779,85.6152181745768
3,779,118.313100506358
4,779,62.8133312982232
5,779,81.5039843693472
6,779,66.477904713181
7,779,79.8500971619946
8,779,72.6678424184696
9,779,66.1412140013806
10,779,120.842971919013
11,779,56.1719844991092
12,779,62.6200892369811
13,779,57.9754541913114
14,779,112.270615731423
15,779,81.1341770959721
16,779,92.2396244885773
17,779,89.8447077769024
18,779,64.6344209212589
1,780,64.7407164765982
2,780,77.2902734141985
3,780,100.506931035827
4,780,41.8455699362792
5,780,98.1812702064559
6,780,68.116953608942
7,780,66.1511255442578
8,780,76.2200370480841
9,780,84.1748629733118
10,780,104.294813030654
11,780,79.5784243942005
12,780,92.6748073618338
13,780,82.4791862268001
14,780,79.4759726289966
15,780,77.4846496714487
16,780,61.5908345944238
17,780,64.2176353688863
18,780,73.3810177995777
1,781,51.0351097239075
2,781,85.7659248371824
3,781,80.3577332122984
4,781,81.4047464214881
5,781,90.4264862662405
6,781,88.4046722553274
7,781,55.1657634700796
8,781,71.4417582576515
9,781,90.1329082593485
10,781,68.7343156711199
11,781,88.5073884243623
12,781,79.4371322462082
13,781,46.5640562351121
14,781,82.5162205951366
15,781,90.633845867746
16,781,98.5291275198222
17,781,57.189455537065
18,781,76.8203009602588
1,782,55.0575872831722
2,782,86.7759519186585
3,782,73.5705899613459
4,782,67.59901148454
5,782,57.1237829909602
6,782,70.730765760777
7,782,82.0974296280766
8,782,44.2480335174624
9,782,90.2070005442901
10,782,79.6947207634429
11,782,69.1958254306107
12,782,71.9016770470951
13,782,133.2916278898
14,782,60.562363926186
15,782,48.2063888022329
16,782,54.0479216848862
17,782,77.2928876472403
18,782,73.2130470438393
1,783,61.8104420994392
2,783,84.1640775837672
3,783,63.147250237776
4,783,73.2086065053292
5,783,89.9659697304315
6,783,73.3337072664027
7,783,64.5068653625072
8,783,64.1389527702825
9,783,109.308465867625
10,783,63.011377084344
11,783,114.564436600355
12,783,77.571814092251
13,783,75.6904204837898
14,783,90.345007630742
15,783,77.2687021797017
16,783,65.9673304440217
17,783,101.984035665211
18,783,53.4153963397484
1,784,107.04293834899
2,784,104.139683987719
3,784,90.8986829091973
4,784,93.1412905438028
5,784,129.490459119254
6,784,63.1383387334774
7,784,113.456609098325
8,784,73.2161316400865
9,784,62.8347162609976
10,784,67.9150030735429
11,784,47.2310802888008
12,784,99.5183033376851
13,784,97.7534339392093
14,784,94.2149442519253
15,784,124.867380278868
16,784,74.304620601359
17,784,87.2760736289441
18,784,69.8691714491735
1,785,63.6788620464137
2,785,66.9599402150491
3,785,55.1283436808142
4,785,75.048138594172
5,785,60.340196349704
6,785,77.7839823214085
7,785,68.5690335777917
8,785,98.619357726591
9,785,78.7129980307713
10,785,59.8368128732968
11,785,73.3150763500296
12,785,47.6629229476723
13,785,52.8419274376052
14,785,91.5864136782993
15,785,97.2490191546494
16,785,69.2349209990143
17,785,67.3117270014377
18,785,61.6619022306461
1,786,75.2282446996992
2,786,114.524144431551
3,786,57.0312046685266
4,786,110.172279229272
5,786,95.9535819957697
6,786,69.6194644369243
7,786,49.2131960970896
8,786,79.7755564468049
9,786,101.887513887352
10,786,87.0350115708563
11,786,82.2582341553291
12,786,57.5187115148237
13,786,55.0511986501221
14,786,98.5187098402506
15,786,76.1491341730852
16,786,56.0106841088088
17,786,88.6519163893395
18,786,46.350018572707
1,787,89.6439559991876
2,787,46.6640363050908
3,787,72.5107306823812
4,787,53.103203834015
5,787,73.8853241984022
6,787,63.9261141689031
7,787,47.8015482625909
8,787,79.6311726549008
9,787,113.797698915331
10,787,48.7096933345967
11,787,58.763854485725
12,787,57.339899369841
13,787,90.3075451439941
14,787,62.9154359876483
15,787,46.0504739518376
16,787,63.3300794023577
17,787,47.9658809513851
18,787,65.6505692895379
1,788,60.6845113767536
2,788,57.6905656559938
3,788,67.7094120557091
4,788,59.7096567024029
5,788,51.1062586016682
6,788,68.3467899594233
7,788,59.2750173179704
8,788,80.6040474164706
9,788,61.1364853467636
10,788,82.768472538431
11,788,64.4238094603608
12,788,67.5009410815181
13,788,95.6087546017392
14,788,90.0099348278281
15,788,101.540216450686
16,788,61.7606004706125
17,788,63.7385746341903
18,788,78.6843041438563
1,789,72.1069799226921
2,789,71.7882368264349
3,789,75.4847413723554
4,789,96.6339820449853
5,789,109.002596875391
6,789,51.3029253737356
7,789,97.478841304793
8,789,84.6029146787232
9,789,104.044532290385
10,789,80.8263611416978
11,789,39.5135669321984
12,789,54.2023292271301
13,789,91.6931274396536
14,789,61.5368652362146
15,789,95.8715151583364
16,789,71.4069253282413
17,789,55.5978106711401
18,789,70.7872612964379
1,790,56.9673437717531
2,790,81.0508146073362
3,790,50.0476972013139
4,790,78.1538990579349
5,790,68.4180373220938
6,790,97.4201161323782
7,790,132.654922943946
8,790,64.319569951302
9,790,89.5355207287485
10,790,79.4225850651017
11,790,46.8438497191968
12,790,49.5794504476215
13,790,61.050448735082
14,790,70.2279301843032
15,790,79.7611558597001
16,790,73.2558361356628
17,790,71.3421522632077
18,790,79.5299745715492
1,791,85.2329750100432
2,791,67.0818145208814
3,791,56.4978358130425
4,791,66.8751595002337
5,791,63.0888011513231
6,791,59.5581100229122
7,791,67.1043386321735
8,791,71.8990448142203
9,791,80.0698431392461
10,791,79.0520808622242
11,791,119.095292899215
12,791,109.058827706617
13,791,88.2977421755732
14,791,89.6273197400227
15,791,61.3239041147582
16,791,44.8004825497134
17,791,101.482761251445
18,791,57.3685499661818
1,792,70.4815474626847
2,792,59.8503810813471
3,792,85.584818207019
4,792,63.5700548923
5,792,72.9553590656183
6,792,64.4179777452569
7,792,50.519581903071
8,792,65.7905331025273
9,792,128.607804398412
10,792,76.7448213928257
11,792,65.5134418740738
12,792,72.2910843441936
13,792,78.7270146931264
14,792,77.38916427255
15,792,89.3535619659235
16,792,50.9796266147525
17,792,90.8396760533311
18,792,68.1478039111162
1,793,72.6777498225591
2,793,71.1321147136521
3,793,60.7266193920252
4,793,82.8252626732045
5,793,68.9776163070781
6,793,93.5506923440264
7,793,60.7884053963026
8,793,71.4343573538652
9,793,71.3096534114216
10,793,75.4309985122764
11,793,72.8102523656937
12,793,84.6236141698925
13,793,89.9320615786712
14,793,65.7353339230884
15,793,39.8293183826023
16,793,80.4544211238552
17,793,86.8951144741877
18,793,92.4753391231631
1,794,84.0799430796083
2,794,71.0370747764818
3,794,76.5568242677301
4,794,63.2231387962613
5,794,47.152974184996
6,794,50.5354785109227
7,794,75.2103156476942
8,794,77.8499289953442
9,794,93.2051741777692
10,794,67.1227727640267
11,794,73.2749175944682
12,794,63.4513341053701
13,794,51.5968008121909
14,794,121.76591217334
15,794,63.9112015238674
16,794,79.5217241213224
17,794,75.0717015827068
18,794,105.120406950903
1,795,62.1087950566727
2,795,64.1338263272429
3,795,63.6576538262701
4,795,86.4538863006972
5,795,66.0302675516704
6,795,60.4336124839426
7,795,63.1384848366922
8,795,80.5351170206949
9,795,73.3478117287663
10,795,96.8467495184788
11,795,75.8913031916742
12,795,59.4829241615853
13,795,97.3006099062286
14,795,87.4879620071578
15,795,50.6133825255996
16,795,83.4239428771664
17,795,70.1049987501901
18,795,134.757590834616
1,796,54.2980822801945
2,796,39.7170717268457
3,796,79.7666899569781
4,796,75.853119032074
5,796,73.9290103040343
6,796,55.2452672901569
7,796,60.7811008812492
8,796,68.9302341653398
9,796,59.4025342404272
10,796,73.5140980597984
11,796,60.2560730856228
12,796,68.9157166637774
13,796,69.3399220497035
14,796,57.8358438637755
15,796,80.6447848323778
16,796,60.0519264875289
17,796,105.589388319321
18,796,126.469409748758
1,797,112.587353793702
2,797,109.846902843174
3,797,55.2245826408038
4,797,64.9188321049721
5,797,46.2820310119574
6,797,81.2083512160132
7,797,54.8834234927473
8,797,76.6673380175755
9,797,73.2732343497701
10,797,94.6460799164429
11,797,121.491497014125
12,797,87.4815818855939
13,797,79.1442941674313
14,797,61.5015135353544
15,797,69.4350666533508
16,797,124.132716142634
17,797,64.4851596686324
18,797,70.4635632672471
1,798,62.5398427600642
2,798,50.7747888608004
3,798,134.824178946937
4,798,54.9207433878692
5,798,90.7657357013063
6,798,72.6091330693332
7,798,62.2686637721273
8,798,75.532220596458
9,798,69.4159304381293
10,798,83.710826397696
11,798,76.0250112202278
12,798,49.4504704121829
13,798,61.7023168119884
14,798,69.2436172347411
15,798,85.8054621892969
16,798,87.3447349994131
17,798,101.349783817219
18,798,74.345898429567
1,799,61.6386053876754
2,799,76.7137750605339
3,799,64.5080435586417
4,799,118.494076903321
5,799,40.7116250125487
6,799,69.1569331069582
7,799,56.7704124523663
8,799,86.5221262242407
9,799,48.5940311008207
10,799,74.2778526589009
11,799,67.5796993461756
12,799,53.1098700932339
13,799,58.3492393206753
14,799,89.9706546827539
15,799,64.304473016448
16,799,70.6876055832868
17,799,75.5840228125246
18,799,55.2787231920598
1,800,85.4835693141584
2,800,65.8505910582691
3,800,125.118750684
4,800,66.9104645202887
5,800,109.015201575198
6,800,91.4026994571738
7,800,71.4283235383489
8,800,61.0570989236586
9,800,102.55353855702
10,800,58.014432282333
11,800,95.3977417993089
12,800,70.3059741982471
13,800,53.9182693407497
14,800,73.4773642540105
15,800,125.050066178644
16,800,129.265270732925
17,800,93.5684727791437
18,800,68.4220533430324
1,801,68.9498032092285
2,801,60.6918726568129
3,801,67.6650647080377
4,801,86.1528859406434
5,801,77.2541139405393
6,801,50.1925830539455
7,801,112.210533322138
8,801,61.5838672041656
9,801,92.3802613043676
10,801,72.8358998449685
11,801,61.9379693974188
12,801,63.4727310094766
13,801,106.659080728833
14,801,79.9129414928931
15,801,95.8506385850722
16,801,85.6463449819841
17,801,56.1258471189722
18,801,64.5421988338119
1,802,67.5347503877492
2,802,52.4280606429831
3,802,61.8725727229147
4,802,106.90101901171
5,802,84.4748918662233
6,802,78.5969922283635
7,802,104.200187310803
8,802,102.010802855286
9,802,68.843340523731
10,802,71.7419332756118
11,802,45.8768223949656
12,802,48.0019846796877
13,802,94.4649267054809
14,802,77.8822983017008
15,802,77.0321909697374
16,802,56.6707660373695
17,802,61.3294959675688
18,802,66.5952887333907
1,803,71.3976928984991
2,803,87.8077808453179
3,803,96.2480430641165
4,803,102.119633346325
5,803,69.3690965253297
6,803,86.4137694718583
7,803,78.6318199108424
8,803,66.5660108718226
9,803,91.2253319346981
10,803,78.5245824398255
11,803,86.6825504530534
12,803,88.2395034931619
13,803,90.2959571522201
14,803,44.980317630403
15,803,84.3627724959717
16,803,68.3076267861555
17,803,59.6888391641683
18,803,107.661687074489
1,804,57.0199176653837
2,804,94.89835718921
3,804,72.0962893350411
4,804,45.0730920626534
5,804,83.3953946262269
6,804,43.8230129076208
7,804,86.9168890180815
8,804,100.762247654074
9,804,76.4251040405552
10,804,84.1106458487307
11,804,115.397866766245
12,804,58.4199513693299
13,804,80.5532540372035
14,804,95.9010054271997
15,804,87.0768338386464
16,804,79.0209748083304
17,804,60.8422285404235
18,804,50.1685272631526
1,805,64.7628795311439
2,805,86.1132315582203
3,805,85.5672325131817
4,805,92.8438244497607
5,805,64.0897236013087
6,805,61.6709726447375
7,805,86.4509062629279
8,805,88.6362405461893
9,805,60.6695358991941
10,805,81.8027482281429
11,805,49.7944689312084
12,805,72.6298049440375
13,805,49.3756636746997
14,805,51.9735348894911
15,805,63.7580668016826
16,805,71.7206330276697
17,805,95.7356482083739
18,805,74.1057111107864
1,806,59.4441174016608
2,806,61.0950031851345
3,806,96.0055505658279
4,806,51.8647520142446
5,806,73.617958221171
6,806,40.9219403562412
7,806,73.0024544608876
8,806,87.8561060041128
9,806,64.0112064256303
10,806,67.3038132977264
11,806,72.3084157265654
12,806,81.9154869339612
13,806,75.9275961103063
14,806,81.786631944409
15,806,75.9725059893715
16,806,101.033748143321
17,806,70.1380743789951
18,806,93.4371801946336
1,807,75.2237021119631
2,807,69.3789052370666
3,807,118.310635120217
4,807,92.4640526856347
5,807,92.3438837812926
6,807,61.7336086567603
7,807,76.6901008305337
8,807,83.5491297926605
9,807,78.0749410075802
10,807,80.0827460814082
11,807,59.3716241861367
12,807,71.8337038593197
13,807,87.186597895638
14,807,65.9250205244901
15,807,78.7734360572914
16,807,63.0109285152114
17,807,49.5550828353869
18,807,58.5675155286948
1,808,59.5941009496131
2,808,80.5845659934008
3,808,57.3188092882639
4,808,112.745931304674
5,808,68.3441642544567
6,808,92.9251686527327
7,808,78.0634730554739
8,808,81.7864094600686
9,808,70.0473445813315
10,808,88.9813050371148
11,808,50.5773977290771
12,808,64.8710023878378
13,808,82.7659851438383
14,808,75.5574026825658
15,808,70.6499971450464
16,808,57.3683865781085
17,808,46.6201026024325
18,808,72.1332127005465
1,809,56.0562109258118
2,809,58.7838239225195
3,809,115.559534204907
4,809,63.0928815346581
5,809,65.7416527571327
6,809,63.8804376752148
7,809,111.338685299796
8,809,75.9792757587087
9,809,64.799054440616
10,809,94.2416288232589
11,809,78.6547649679307
12,809,55.0033437030842
13,809,63.4220750064105
14,809,84.3942556296715
15,809,87.0261292271349
16,809,78.3343174990941
17,809,86.620210864796
18,809,97.3932454894255
1,810,78.6774329146033
2,810,82.7060130750498
3,810,73.7448536207519
4,810,52.5288428860614
5,810,64.1759467546309
6,810,79.3999398124972
7,810,61.2338733751263
8,810,87.1326918065902
9,810,91.2331708958941
10,810,91.1553313744519
11,810,92.5361317379904
12,810,55.573737567055
13,810,56.5241850809685
14,810,51.8502927511743
15,810,75.4304861338454
16,810,52.1428906240426
17,810,48.1136561487954
18,810,112.870514194728
1,811,75.101649599709
2,811,118.970755830727
3,811,71.0040135159024
4,811,73.1392443831781
5,811,57.563130554442
6,811,93.9844357470338
7,811,74.3863297111617
8,811,85.5833729449216
9,811,84.0914969420307
10,811,92.3999113226527
11,811,77.9291666458335
12,811,51.762231471127
13,811,71.6992837837342
14,811,59.5356496587625
15,811,69.3377151074177
16,811,63.9659638581384
17,811,43.2948091414699
18,811,53.4297404246598
1,812,110.631277458816
2,812,83.5715360873556
3,812,66.4880170327535
4,812,60.2534758453895
5,812,79.6604926308877
6,812,58.9470725316751
7,812,74.1706118584296
8,812,74.8715766334701
9,812,80.0171735181929
10,812,90.9558389211502
11,812,67.310688272188
12,812,78.3359254357318
13,812,77.2735847151984
14,812,70.962348519737
15,812,67.2252691297055
16,812,69.4115906260723
17,812,62.8869882543407
18,812,81.2077270157167
1,813,93.0727958962515
2,813,76.6847932086972
3,813,71.1015211507066
4,813,62.396113509927
5,813,76.0873245748788
6,813,63.0968198139832
7,813,81.905045262447
8,813,90.2351603290327
9,813,71.8130678857224
10,813,59.5024883920981
11,813,71.1708246595981
12,813,91.6510696919321
13,813,73.0968094217769
14,813,42.302113272053
15,813,67.3908373480732
16,813,83.9729571137469
17,813,77.6257103413246
18,813,58.1744946906133
1,814,45.524358311332
2,814,66.2771832471263
3,814,98.750948787092
4,814,107.891123573572
5,814,118.106099347511
6,814,76.9787749282013
7,814,62.4537831358779
8,814,69.3564269559912
9,814,53.3086386730819
10,814,58.4808456144769
11,814,43.2156961058938
12,814,45.1514081984597
13,814,88.0764164293371
14,814,46.2085337597017
15,814,61.5260132474572
16,814,92.869592534578
17,814,73.0537790228097
18,814,91.4435111169743
1,815,64.4245580790531
2,815,73.6210532174672
3,815,50.942234883399
4,815,71.3200939543676
5,815,85.8433828715108
6,815,77.8512929870381
7,815,119.389118014992
8,815,67.0405876681962
9,815,79.8784146410842
10,815,54.1970950587278
11,815,59.2219669243772
12,815,49.3738350359509
13,815,89.5148678513757
14,815,51.3926549213783
15,815,57.1781178144523
16,815,69.8097644027745
17,815,43.0067863924968
18,815,67.6559714146446
1,816,46.0311339385487
2,816,111.607164814759
3,816,71.4160084629483
4,816,71.564035994695
5,816,98.4812429508872
6,816,64.0834989817523
7,816,80.3338373423476
8,816,71.4294341729359
9,816,81.0449041612687
10,816,47.4342374939041
11,816,91.4562204355603
12,816,90.8292889075594
13,816,117.699405481175
14,816,67.0441626513679
15,816,74.2025105838593
16,816,73.473936678136
17,816,110.133330767063
18,816,47.8118242818209
1,817,59.6126678685869
2,817,71.2226054748564
3,817,44.3415420486609
4,817,68.8941891424347
5,817,80.7121937411627
6,817,88.8073688816719
7,817,92.8624815620439
8,817,46.5529333157933
9,817,106.114701747147
10,817,68.3634405152252
11,817,91.685003080222
12,817,57.6476040364328
13,817,88.1432451561093
14,817,66.7380366427312
15,817,82.7785746125911
16,817,59.3627030560498
17,817,63.3180922979586
18,817,93.4637179010339
1,818,68.3936093289092
2,818,62.4547075953796
3,818,63.1040755987021
4,818,73.902082730115
5,818,60.5764025561205
6,818,92.1891070751968
7,818,67.1587555552924
8,818,63.2943582848146
9,818,69.8753984491227
10,818,57.1571361350923
11,818,87.373569317762
12,818,55.6288592356807
13,818,88.2345463244606
14,818,52.4795847225172
15,818,43.1035905448177
16,818,68.9920503613653
17,818,69.5825360399324
18,818,71.5747256447398
1,819,70.816491610088
2,819,48.5738106062943
3,819,110.263129217613
4,819,61.3258207067381
5,819,84.6169122477492
6,819,91.5387594574049
7,819,59.0315631250403
8,819,66.8956095759825
9,819,81.6930704768629
10,819,82.2783722191022
11,819,55.23343950692
12,819,53.4148468228535
13,819,85.4595140820047
14,819,73.2688513986158
15,819,83.6822687338107
16,819,86.4480102391503
17,819,63.4241342702694
18,819,86.475358234065
1,820,84.1834511899401
2,820,49.1486240426715
3,820,91.2913057142983
4,820,59.4407530322162
5,820,102.457246113078
6,820,47.8834523099532
7,820,74.1328317302933
8,820,86.9059270520407
9,820,60.0791115488562
10,820,50.3215936646264
11,820,65.4675683697213
12,820,116.949058062248
13,820,63.0973019905958
14,820,84.9317302727262
15,820,48.6312944124627
16,820,81.7921347442037
17,820,87.1612444900211
18,820,87.7975824554173
1,821,60.2225145956913
2,821,50.9362578376907
3,821,81.7033120926616
4,821,90.9971257384103
5,821,80.3794732562708
6,821,84.8140817080331
7,821,109.020197380696
8,821,85.9251718290213
9,821,64.5583325959728
10,821,69.0413097653534
11,821,44.089725491796
12,821,61.2437761780798
13,821,84.8082267937084
14,821,71.624108621828
15,821,86.9954099219102
16,821,97.2476743018476
17,821,91.8794683157921
18,821,123.539624984131
1,822,82.9647841355355
2,822,63.45389639416
3,822,59.3710304466526
4,822,102.1182526308
5,822,74.3168924329319
6,822,88.3243846245566
7,822,67.1739018348357
8,822,63.8896549244556
9,822,88.9990035455997
10,822,46.5134023034896
11,822,70.6304996507111
12,822,44.1236461069748
13,822,99.9199473742938
14,822,63.6903618302275
15,822,65.2576496843198
16,822,90.429899725904
17,822,50.6670631102387
18,822,53.537297397139
1,823,77.3395741372461
2,823,64.2679780243014
3,823,91.8193242414799
4,823,76.6143226869322
5,823,83.7171435410392
6,823,51.662325260721
7,823,115.744434629012
8,823,43.4710386752647
9,823,83.1854747981578
10,823,57.6283950501079
11,823,53.9119632533911
12,823,82.2915551312768
13,823,67.6163224682739
14,823,58.7812015085756
15,823,56.4648136647605
16,823,83.5237784780279
17,823,88.2391833579812
18,823,78.6124738357262
1,824,80.5911440024005
2,824,81.9036286132224
3,824,78.8784124082732
4,824,65.1434499402976
5,824,58.0921134824662
6,824,97.2467284093203
7,824,109.177784803802
8,824,87.1227364305376
9,824,47.9731475823604
10,824,78.6666299159551
11,824,87.7247695669579
12,824,68.8350219465334
13,824,47.7871990302685
14,824,95.0097964009254
15,824,67.1960505810123
16,824,71.9982023082579
17,824,80.6201313675627
18,824,57.579913705457
1,825,89.9967157172548
2,825,129.472102357229
3,825,103.436146935599
4,825,77.2378701333831
5,825,43.6723255710808
6,825,40.1039076053475
7,825,82.2174631410407
8,825,71.3673644801051
9,825,63.3094169543453
10,825,80.3862474538723
11,825,77.9460056139036
12,825,78.8354268693961
13,825,78.6238623730271
14,825,119.05400738101
15,825,58.3914240050369
16,825,56.6000064415818
17,825,49.6961321084227
18,825,64.5734648932472
1,826,73.6382455257588
2,826,75.5002038600049
3,826,78.4268326390304
4,826,43.7558931200028
5,826,78.7566521073817
6,826,56.0777650447465
7,826,51.753382988116
8,826,92.5552634198676
9,826,84.904613676325
10,826,85.5561251338459
11,826,80.6995933891421
12,826,64.9939603675668
13,826,90.6079437089616
14,826,120.922454567885
15,826,82.3951300465424
16,826,57.2522810006146
17,826,78.4142394048053
18,826,64.1747032394327
1,827,66.9152906458026
2,827,63.682851573931
3,827,60.0555869732873
4,827,83.2144439137703
5,827,92.5132620871294
6,827,80.4830187615883
7,827,87.1714429145934
8,827,73.4895405610485
9,827,77.4492280022207
10,827,87.6531679972065
11,827,52.9110542993269
12,827,103.910283424453
13,827,65.8253348025185
14,827,66.4102731757807
15,827,74.7967103386398
16,827,66.3502374420726
17,827,63.659567200149
18,827,61.9045857767665
1,828,82.9191813864975
2,828,97.6949837928677
3,828,64.1570597400643
4,828,47.3711758803404
5,828,65.6999276161438
6,828,83.9762277192636
7,828,65.1297537084109
8,828,60.7952039411167
9,828,98.2477662624096
10,828,64.3826596588233
11,828,85.3801948675292
12,828,65.5471097177647
13,828,110.957485900552
14,828,73.7470675531654
15,828,72.3150214480672
16,828,50.080591211184
17,828,56.6342742552082
18,828,107.239316783943
1,829,97.7883061561486
2,829,104.994748244834
3,829,75.3201429150097
4,829,65.7396069488023
5,829,63.6808127937587
6,829,101.5009632231
7,829,82.9734924319576
8,829,58.831720879358
9,829,77.1104672226222
10,829,75.2899731676256
11,829,72.6931109173049
12,829,65.3802548324521
13,829,74.2682708084858
14,829,89.2203732957145
15,829,101.408477690836
16,829,69.0523323919942
17,829,96.5288824273438
18,829,64.8605059055519
1,830,52.095743744542
2,830,58.9932446677971
3,830,50.1539273501273
4,830,90.5646448692042
5,830,91.5919981173948
6,830,63.8818993852847
7,830,91.6131884602627
8,830,82.3202656922399
9,830,82.900318728953
10,830,83.3476808902833
11,830,64.8668541022405
12,830,92.3404054129748
13,830,74.7657403750349
14,830,59.4342455621773
15,830,93.9532148417372
16,830,130.333119921348
17,830,106.661607662551
18,830,53.7646001986779
1,831,67.6483406542203
2,831,81.5925943041842
3,831,131.27482522788
4,831,50.2605052592971
5,831,81.0598104472787
6,831,89.5958617643918
7,831,94.8400993406314
8,831,125.243150801425
9,831,71.4298116405814
10,831,60.8048757072429
11,831,69.2067289206547
12,831,65.7554538311611
13,831,52.9969856971485
14,831,48.0994524764811
15,831,63.4386443101254
16,831,60.5838812901619
17,831,59.5495229572824
18,831,74.3490419731488
1,832,49.864396726961
2,832,53.5408404947851
3,832,67.2207495852796
4,832,116.436424218567
5,832,73.6277220570591
6,832,99.6017043945901
7,832,53.5510780926918
8,832,76.2044423573852
9,832,45.3319466514276
10,832,118.087044187819
11,832,82.6108371143689
12,832,45.2550896245102
13,832,112.635158974485
14,832,97.9919865312296
15,832,68.2668812640035
16,832,52.976386949818
17,832,75.1486630946622
18,832,77.2425076411188
1,833,113.042130950094
2,833,70.6054625482523
3,833,50.4776353399072
4,833,84.3740864481545
5,833,87.5397584597793
6,833,91.9039627579515
7,833,100.43653636072
8,833,69.5580614996678
9,833,85.8434479721436
10,833,86.4244403637879
11,833,61.9794176834366
12,833,66.3220438478192
13,833,56.5138011788376
14,833,64.8623415009451
15,833,82.0185866729766
16,833,63.0747653145577
17,833,54.4700786694854
18,833,63.0192908511079
1,834,92.0672416144706
2,834,58.6193772616153
3,834,90.2190959544392
4,834,62.7323501059585
5,834,86.8612640269199
6,834,46.9497684261201
7,834,53.3958932855805
8,834,59.4737255914618
9,834,61.4880666622346
10,834,97.8784387911094
11,834,82.075271992547
12,834,102.630311872028
13,834,47.0819673820101
14,834,86.0714506440502
15,834,75.4511863492012
16,834,82.9974726055913
17,834,79.9148740682372
18,834,49.8510272160429
1,835,80.6819062744105
2,835,72.3668624161619
3,835,73.9296760886181
4,835,65.3563962183412
5,835,90.867980723783
6,835,95.1460860755031
7,835,64.9634244062346
8,835,72.5913149682916
9,835,104.577882346884
10,835,41.4691181232594
11,835,71.3824533295869
12,835,109.902531111942
13,835,70.0149024845133
14,835,59.3924307086359
15,835,71.7163805935263
16,835,56.1686419620215
17,835,45.7231675649997
18,835,64.6940330917096
1,836,43.5303075689026
2,836,59.1156119349223
3,836,79.6849259542933
4,836,86.7060830995809
5,836,70.3521819256688
6,836,66.1220910920154
7,836,68.4101445050962
8,836,85.0154702157618
9,836,46.5516048339572
10,836,66.6595743813029
11,836,90.7172884321282
12,836,63.3070999193855
13,836,55.191663914258
14,836,71.2920711915341
15,836,85.2721028645498
16,836,78.3936960066805
17,836,82.3309154333535
18,836,59.4538542324159
1,837,94.2226794758772
2,837,81.8382271458879
3,837,78.877072384821
4,837,78.1895986825719
5,837,52.9039882600571
6,837,115.393660564873
7,837,58.2318647646651
8,837,97.9544989648582
9,837,102.571981301926
10,837,51.7831491175287
11,837,67.6032639563504
12,837,76.4806282371587
13,837,61.7161659672606
14,837,75.850306739512
15,837,70.2659071465331
16,837,66.5491265396479
17,837,57.2752569613714
18,837,86.8252967319337
1,838,78.3055901342556
2,838,52.5101807381489
3,838,113.095978235054
4,838,93.7286531663335
5,838,75.7295000719988
6,838,117.513868362632
7,838,58.3315034499226
8,838,48.3222000128585
9,838,41.1844173679197
10,838,58.9222024705771
11,838,67.2458477164814
12,838,87.9361238647415
13,838,94.6563151822734
14,838,74.5443139977098
15,838,63.6272116651947
16,838,64.4691419605881
17,838,91.750894400906
18,838,62.4364519608048
1,839,69.7252115203904
2,839,66.0376891206866
3,839,60.4118542691612
4,839,69.0685799219867
5,839,76.536603759759
6,839,80.8478891091432
7,839,58.3587052524784
8,839,48.7554144502569
9,839,108.162555596546
10,839,80.7407269607568
11,839,97.680549396232
12,839,61.4118307556262
13,839,50.9009893749489
14,839,75.9145621895969
15,839,58.6851371310892
16,839,82.7286031854585
17,839,82.2550043342594
18,839,98.515890799806
1,840,68.9192701302868
2,840,67.6712412565845
3,840,52.6069229943401
4,840,77.7695939720455
5,840,120.102757031447
6,840,72.4429004818765
7,840,61.9661788420245
8,840,51.8972754262751
9,840,65.6186649874532
10,840,45.0711119166316
11,840,92.1252463315477
12,840,73.7547333513954
13,840,135.162780265316
14,840,78.2916800611564
15,840,83.4044520534736
16,840,129.608456707008
17,840,58.476909068834
18,840,63.8293682243018
1,841,57.0287261531426
2,841,63.1784857333454
3,841,69.2036487531734
4,841,60.1399155210852
5,841,71.4669969256663
6,841,83.6163186943724
7,841,100.353303525073
8,841,39.4617136189306
9,841,57.2861181580401
10,841,78.2958148067083
11,841,123.993427179749
12,841,56.6844110738463
13,841,59.3948788773281
14,841,103.92210257777
15,841,49.5005781950343
16,841,105.927630015789
17,841,52.9832748324202
18,841,43.1742183049136
1,842,62.8776573734473
2,842,101.914166103347
3,842,75.166731464683
4,842,75.804887594132
5,842,79.3794260402775
6,842,68.3584565727586
7,842,123.418953650853
8,842,87.8618428414061
9,842,78.1530352207462
10,842,58.1150345461203
11,842,67.513946901443
12,842,51.120134272961
13,842,61.742953454389
14,842,64.6743974671991
15,842,54.3523805304295
16,842,61.2643150180344
17,842,69.0187639175208
18,842,99.7914405329208
1,843,110.114904082744
2,843,62.6342869339068
3,843,102.112155893584
4,843,95.5204346015925
5,843,104.042578595962
6,843,95.4920621253959
7,843,79.7900232444906
8,843,40.3935365177203
9,843,74.4557061571268
10,843,59.1535430033297
11,843,67.7326007286734
12,843,92.5674881174424
13,843,79.8806637797446
14,843,79.7680962676267
15,843,98.3387196047019
16,843,64.0233159289469
17,843,108.627230703801
18,843,61.2845063781515
1,844,70.8008284555931
2,844,64.5223143010069
3,844,94.9669083291825
4,844,89.1436478654566
5,844,72.3816960388655
6,844,84.1278947317096
7,844,87.0524057645153
8,844,65.7532537899956
9,844,76.6737839058762
10,844,63.6095052580283
11,844,82.066618796077
12,844,62.3933346914876
13,844,97.2923457874386
14,844,65.6418608477579
15,844,67.0290304860133
16,844,96.8659059313922
17,844,124.207000512177
18,844,85.2728393450897
1,845,125.203110021399
2,845,63.4474577344271
3,845,76.854759938289
4,845,68.3813029390733
5,845,124.651747539395
6,845,69.9073201271942
7,845,120.554729325095
8,845,80.8101586456166
9,845,76.8238081503661
10,845,60.7403214551285
11,845,62.8630376686676
12,845,71.4603687045201
13,845,68.15225328115
14,845,80.7524104193799
15,845,92.9283877886754
16,845,75.1521148755539
17,845,78.4780069813303
18,845,84.8660025324482
1,846,51.0608723803545
2,846,74.9595988388016
3,846,72.648471619093
4,846,89.2761700419137
5,846,86.7089814748642
6,846,67.6699914848462
7,846,97.0552452987482
8,846,65.146511992294
9,846,66.7223539324124
10,846,53.2511762198643
11,846,104.512824866453
12,846,83.0776623557553
13,846,93.9228197316065
14,846,76.0055552449315
15,846,65.3989769481985
16,846,128.115311018593
17,846,57.442882984826
18,846,56.53838722323
1,847,93.2949275166425
2,847,65.5517924069445
3,847,82.7030025642553
4,847,49.4059142761277
5,847,75.2190473307393
6,847,46.9596755711216
7,847,69.5820283557795
8,847,58.6025426937809
9,847,74.7552360387057
10,847,66.741708087626
11,847,72.5450229281397
12,847,66.4069769550944
13,847,79.9511182404591
14,847,92.5861654319685
15,847,89.5197072438717
16,847,67.936899395338
17,847,100.085753289345
18,847,61.6544147441675
1,848,93.5301538704892
2,848,78.4279469579529
3,848,70.1826857077462
4,848,72.350005222286
5,848,84.6643970192249
6,848,99.9877927917204
7,848,67.2007931492899
8,848,72.9747682072572
9,848,79.4096077095456
10,848,77.3422543144791
11,848,91.9635007454147
12,848,62.6138338284156
13,848,64.4439023454905
14,848,95.0073937991597
15,848,77.5249644686884
16,848,49.4568586166193
17,848,67.5588705812897
18,848,123.332631726551
1,849,48.4434274008153
2,849,39.6984083169197
3,849,65.6677615447409
4,849,74.46071644525
5,849,90.1367869042759
6,849,50.6252207147299
7,849,54.4779621882205
8,849,69.6045152906822
9,849,82.2555549283375
10,849,86.1712666336052
11,849,50.3230422111592
12,849,67.4776980730014
13,849,75.5003078355327
14,849,57.3085657577731
15,849,58.0370593329264
16,849,94.1003750630907
17,849,59.8878653758006
18,849,111.425156333659
1,850,101.482798280528
2,850,70.173002038539
3,850,55.6387096986928
4,850,40.9351604765867
5,850,84.0047672224872
6,850,72.4207675347099
7,850,123.268613821613
8,850,113.800005369501
9,850,53.6816525290737
10,850,74.5985447610887
11,850,70.2421399953987
12,850,137.903228568008
13,850,112.689613874642
14,850,71.0727718487253
15,850,56.3734083588968
16,850,99.4029672064175
17,850,57.6230065463843
18,850,92.2528090977123
1,851,103.043117094829
2,851,74.2454090576224
3,851,68.4095995599805
4,851,70.5709441993015
5,851,68.6833522144884
6,851,75.521006556406
7,851,76.6048596195627
8,851,93.6018680917009
9,851,72.8580592139037
10,851,79.0102128847001
11,851,55.593493945364
12,851,111.773014457771
13,851,80.2599054302772
14,851,106.812738330082
15,851,83.3588691892981
16,851,87.2166047106784
17,851,99.4004319710595
18,851,74.7438869336687
1,852,61.6440410549587
2,852,83.9449067339912
3,852,83.5954436479625
4,852,83.7530911433361
5,852,76.6976777320273
6,852,60.8355156719212
7,852,61.2619052076137
8,852,51.5054984889714
9,852,61.9143941447164
10,852,65.9729723856901
11,852,86.1786779622272
12,852,85.5219249774395
13,852,98.6716780951627
14,852,72.8522658262169
15,852,70.1686467242102
16,852,49.3894860206825
17,852,103.638263619795
18,852,90.939454539761
1,853,56.0807597967102
2,853,71.4386891594688
3,853,55.719666074601
4,853,96.0109221641445
5,853,68.9652902304308
6,853,59.0670720196206
7,853,80.5820325389185
8,853,66.0965566304462
9,853,71.95847023599
10,853,50.2730671299303
11,853,77.124885092252
12,853,66.5819925128836
13,853,73.984376439421
14,853,60.4062263967821
15,853,67.7445416643909
16,853,62.7835986350691
17,853,74.2016585250292
18,853,79.3221813928099
1,854,118.643923112579
2,854,85.2939367239785
3,854,75.3379793835896
4,854,53.3332032608517
5,854,44.9309150014316
6,854,83.0084051236079
7,854,95.5776377307147
8,854,137.008313572263
9,854,92.5232940773152
10,854,79.6690873277224
11,854,75.796754257122
12,854,66.4345722396166
13,854,78.1378216010372
14,854,64.1102030904771
15,854,80.2045049576442
16,854,47.1767780593305
17,854,60.1994028433548
18,854,68.7457700190764
1,855,78.7898156257485
2,855,95.9457890027118
3,855,55.7599662678752
4,855,85.5467340233071
5,855,84.6168934501611
6,855,93.4298902871808
7,855,69.2328813315406
8,855,98.3569480572166
9,855,67.0272211355442
10,855,84.626154518879
11,855,87.2140857871277
12,855,58.3664007165981
13,855,49.5327245859568
14,855,70.3625851042691
15,855,77.5877035754874
16,855,74.3255018956566
17,855,68.3860029565346
18,855,45.884888983501
1,856,51.5945942452221
2,856,49.6600244148701
3,856,52.6719391844481
4,856,54.6584522027191
5,856,74.9038239271321
6,856,74.7182055851433
7,856,71.5821630185634
8,856,92.3241094649638
9,856,108.458125404368
10,856,72.8029241250109
11,856,75.0749757813084
12,856,122.395842890424
13,856,73.1301857412942
14,856,56.4807713943565
15,856,64.2604659550018
16,856,95.3169591277325
17,856,64.7860004229585
18,856,127.573877244301
1,857,51.6909157228055
2,857,74.8765902480734
3,857,51.6604463390562
4,857,65.8220291015547
5,857,60.7569739269392
6,857,93.3832936840188
7,857,65.0487562864151
8,857,48.4043178440223
9,857,109.347229160827
10,857,67.2356934010463
11,857,75.0129310944003
12,857,64.9343334022028
13,857,48.6422655430979
14,857,61.1673183583477
15,857,73.4852161985188
16,857,65.1896299939031
17,857,66.1511020636642
18,857,50.2300161797354
1,858,94.5630126664132
2,858,75.6255253961957
3,858,76.3115206726632
4,858,112.394126758217
5,858,49.001583444867
6,858,50.1080851375059
7,858,87.3494899910895
8,858,106.744763807031
9,858,70.1241321005096
10,858,99.8332381234523
11,858,86.7512341743077
12,858,70.0153280093823
13,858,82.3905017953017
14,858,52.2866209049583
15,858,56.1326050385175
16,858,68.6608062850894
17,858,79.3873792709883
18,858,66.1668737991991
1,859,55.9644179490218
2,859,67.6008119737539
3,859,81.9048141128912
4,859,78.3057795848685
5,859,59.328080955278
6,859,52.6800292117476
7,859,61.9934568047664
8,859,96.3897445094492
9,859,61.6493040074775
10,859,77.4244202512429
11,859,82.8991549799041
12,859,73.5094177891204
13,859,133.626045142161
14,859,78.8040632775161
15,859,63.4812918187843
16,859,83.1348060787302
17,859,71.7383602064476
18,859,79.7606172546461
1,860,54.3549141160285
2,860,64.3229792953878
3,860,59.989430292672
4,860,90.0031222538291
5,860,67.0153222779555
6,860,103.813951762317
7,860,95.7905398350033
8,860,77.798365591743
9,860,85.2163615810973
10,860,88.2867482266431
11,860,80.4571531304403
12,860,79.8710754708714
13,860,54.6616654459615
14,860,71.6295700208483
15,860,72.6242602056867
16,860,77.3831746738869
17,860,74.4253994893161
18,860,71.858847311358
1,861,66.1422020096768
2,861,56.5154004598021
3,861,59.2168905570536
4,861,66.1955429117196
5,861,92.3210942953086
6,861,82.2118594666483
7,861,116.931213945394
8,861,119.185147725678
9,861,57.9405209810993
10,861,67.4451000413553
11,861,79.2435343820443
12,861,116.925155472097
13,861,43.9863425178103
14,861,92.1724351379636
15,861,67.4190283710774
16,861,68.3143684596897
17,861,90.3873029665704
18,861,115.881710757272
1,862,67.2568497544591
2,862,55.6928762746389
3,862,66.6286192451677
4,862,94.5410626833891
5,862,81.3703681460909
6,862,69.7831042418758
7,862,75.8030805792151
8,862,65.2833815384307
9,862,94.8423995012398
10,862,90.2518188401634
11,862,66.0409268935811
12,862,59.85401992867
13,862,102.661306982872
14,862,76.4563108980083
15,862,74.4850033279012
16,862,80.8503729173725
17,862,75.5907739531743
18,862,85.0364014405529
1,863,105.535012934709
2,863,38.7633133839655
3,863,77.2739933745349
4,863,70.0250100668918
5,863,95.1778729831383
6,863,78.7552810240809
7,863,79.0655996714588
8,863,75.1721727530135
9,863,67.8948532499415
10,863,127.105624363297
11,863,55.3045419774285
12,863,58.6636683700993
13,863,83.6983533541311
14,863,62.1449238737566
15,863,81.1036398498237
16,863,55.9854371856467
17,863,78.823466118701
18,863,72.9621526133138
1,864,44.587262513585
2,864,66.7575276940912
3,864,46.1433371053536
4,864,71.21413811144
5,864,74.1331791001816
6,864,48.0181982085631
7,864,100.063642119573
8,864,79.903190124642
9,864,71.0763040227674
10,864,94.8380374408942
11,864,70.4799737648777
12,864,57.8307085636199
13,864,95.8610327889056
14,864,88.6375934373454
15,864,55.6060552764628
16,864,86.7220604978081
17,864,81.9075196747512
18,864,72.4287242392767
1,865,83.2619443321148
2,865,128.915733223219
3,865,92.6689089046227
4,865,130.063879150052
5,865,105.146923966161
6,865,64.2561626397199
7,865,71.5287288504217
8,865,56.6084433895856
9,865,77.2263306433538
10,865,72.8693575503506
11,865,82.9783065676088
12,865,69.6480733307426
13,865,64.6366432432825
14,865,67.4107336849719
15,865,83.0175394207786
16,865,56.8710232180843
17,865,57.773901897338
18,865,50.5199036472158
1,866,49.9019633728192
2,866,86.1682474007491
3,866,97.6077985774122
4,866,72.6042411496165
5,866,70.891753078922
6,866,91.1215105737658
7,866,60.6802381079687
8,866,90.5399385650437
9,866,82.8284343493127
10,866,48.9711271040498
11,866,75.3613455309984
12,866,63.6580456544859
13,866,62.1902056215558
14,866,85.1282181489468
15,866,83.7881182765549
16,866,98.4110609902152
17,866,116.751040979249
18,866,86.183192710716
1,867,58.7366694073113
2,867,84.9752563434829
3,867,74.7140820057634
4,867,57.9243788515199
5,867,69.3423506580202
6,867,60.1657724499706
7,867,57.6160491866444
8,867,54.242576135909
9,867,67.5529958044451
10,867,46.9268186640791
11,867,44.2417835353346
12,867,89.760471743515
13,867,75.4519048749342
14,867,73.6689326275081
15,867,113.960250967689
16,867,53.7491142125532
17,867,120.146958146296
18,867,84.1023986570735
1,868,70.4109055715797
2,868,95.0172795317981
3,868,73.8745768512608
4,868,60.4587601466212
5,868,60.4626567495665
6,868,66.4907573103279
7,868,47.313065702048
8,868,58.0281325607262
9,868,80.4908002958942
10,868,54.0259202048899
11,868,88.1723341069138
12,868,76.154316496106
13,868,63.5918361300638
14,868,55.5113969735123
15,868,68.1655716017743
16,868,69.521343384599
17,868,93.3234802969625
18,868,63.5163329091179
1,869,94.0347044175872
2,869,120.567628087731
3,869,56.8356140522508
4,869,72.1972348115064
5,869,94.0380888086813
6,869,98.6996134107873
7,869,70.6731585886443
8,869,47.1953176405312
9,869,65.718775183829
10,869,60.3281017202882
11,869,70.9085514875991
12,869,77.2201091215288
13,869,65.3820960487944
14,869,123.860221702227
15,869,80.5693019252561
16,869,60.4573710166397
17,869,71.3959007238981
18,869,59.5374968674769
1,870,88.5700505913813
2,870,81.7000785950173
3,870,53.0329501018096
4,870,72.761236393675
5,870,67.6510548633614
6,870,66.7358334059442
7,870,85.4913895869503
8,870,77.0355892362058
9,870,86.8486657713064
10,870,62.5571002077268
11,870,87.0192390474055
12,870,71.5006566486766
13,870,39.8343450122193
14,870,69.1589194394364
15,870,63.2430792514193
16,870,73.6368283417914
17,870,76.4673245128281
18,870,52.4900555324333
1,871,54.2972682031944
2,871,81.987196780295
3,871,65.6072458267516
4,871,60.7158134609895
5,871,76.5941527276889
6,871,65.7960801555181
7,871,63.0053476755533
8,871,60.1260040397098
9,871,72.8491629124877
10,871,85.005047787777
11,871,81.8921066007163
12,871,61.1078377473742
13,871,46.4947902112719
14,871,56.7256859005955
15,871,56.6394332178509
16,871,87.2845654597364
17,871,84.4589070797034
18,871,86.3024369531917
1,872,72.6885757971339
2,872,47.0448152479857
3,872,132.439956013975
4,872,59.1154165803622
5,872,70.0302458491012
6,872,66.7026453760344
7,872,65.8722758964724
8,872,110.666997341762
9,872,108.061325950648
10,872,48.1996713069823
11,872,56.0478891978706
12,872,50.2652566400139
13,872,70.4698366794572
14,872,74.9312721080369
15,872,76.9883536956596
16,872,71.2664200736311
17,872,88.3277591271849
18,872,50.8706963723097
1,873,44.345828903439
2,873,62.3529937012559
3,873,56.804412280563
4,873,82.1382300697769
5,873,43.5394328698385
6,873,71.7615648279163
7,873,62.1728156823601
8,873,78.128071632949
9,873,78.6753623310497
10,873,54.0558359709965
11,873,76.4460127679589
12,873,72.1365887906463
13,873,97.5763795139667
14,873,81.7770387621253
15,873,66.053008735871
16,873,71.9109912332929
17,873,73.7827681132043
18,873,64.1569803632874
1,874,40.0084450309446
2,874,101.526199530905
3,874,68.7725025386389
4,874,103.089497366662
5,874,104.892085837247
6,874,57.2011293383737
7,874,84.6058229661444
8,874,66.5497286536954
9,874,97.8829083844814
10,874,67.3319814045174
11,874,82.0776893672028
12,874,69.794297606561
13,874,83.189432775822
14,874,39.426133891013
15,874,70.9017337337967
16,874,72.2675723211659
17,874,113.96118533416
18,874,76.1065354740726
1,875,64.5851371048177
2,875,73.812744530353
3,875,72.3079119570346
4,875,75.0869537411035
5,875,65.9994367159267
6,875,60.2360940683648
7,875,87.2500851945313
8,875,57.3689994574419
9,875,55.829113548586
10,875,64.034591493081
11,875,82.7055122487179
12,875,74.7848529337164
13,875,75.9021846083143
14,875,66.5492783391733
15,875,65.6677787319186
16,875,82.459352174326
17,875,60.9490737639695
18,875,63.3813052594646
1,876,65.5312948295831
2,876,66.1148550103325
3,876,64.8389048918515
4,876,76.8156554056409
5,876,88.9813537932471
6,876,56.833072096011
7,876,59.3481884275047
8,876,67.802531571839
9,876,84.2499982572982
10,876,73.5665676525841
11,876,69.426619133665
12,876,66.9351995439227
13,876,43.7162585922452
14,876,103.542375039141
15,876,100.760538923583
16,876,62.509178108342
17,876,79.3000124437434
18,876,104.370831781284
1,877,71.134217298022
2,877,86.9142925717001
3,877,75.3703815833875
4,877,56.6634902965557
5,877,94.0239584273019
6,877,58.2248389117357
7,877,94.6368171290524
8,877,92.651649798968
9,877,67.9874659478912
10,877,99.2371302035599
11,877,68.6791703702483
12,877,88.7308041105239
13,877,58.1168982723926
14,877,74.7986108552714
15,877,59.2975690046434
16,877,77.0380972090812
17,877,53.9776743685256
18,877,62.8439396616469
1,878,73.5119405382088
2,878,55.1432576814584
3,878,94.2647712328678
4,878,83.1641435599844
5,878,46.856554617543
6,878,72.0262110012174
7,878,70.7463076170067
8,878,41.9793523668819
9,878,76.3329356816411
10,878,52.7690251115507
11,878,43.2776553124575
12,878,70.2622600346541
13,878,61.7837290051243
14,878,52.2752087283661
15,878,78.9923624067446
16,878,75.6630363585248
17,878,79.8453053531616
18,878,82.1434722804959
1,879,59.8944741283068
2,879,53.1137834334749
3,879,93.1120103579832
4,879,58.1237855630531
5,879,65.0551701038303
6,879,56.2631906587213
7,879,106.030548655994
8,879,50.2301490488307
9,879,89.1687203811227
10,879,94.7292095529325
11,879,80.1406978104364
12,879,77.403741014444
13,879,61.429081887643
14,879,67.2684028972609
15,879,82.1057604599016
16,879,71.274417166635
17,879,115.059129331931
18,879,124.905256022191
1,880,83.8811942561144
2,880,62.590459757124
3,880,74.3317001356153
4,880,92.7311616602442
5,880,103.596122651227
6,880,65.819257241613
7,880,64.7083273701459
8,880,79.8459729593137
9,880,71.3908118565194
10,880,61.5498519395152
11,880,79.2829406955268
12,880,67.6623346446938
13,880,92.0238036889817
14,880,68.3751608209315
15,880,51.3528777682985
16,880,108.633741390931
17,880,49.4121732732295
18,880,53.8853607638266
1,881,76.9919363606216
2,881,67.9143799839502
3,881,55.1550710017951
4,881,72.7799044451935
5,881,66.9736231680728
6,881,48.663839568024
7,881,76.9848985010364
8,881,103.639888857286
9,881,90.1829448322471
10,881,86.375357741443
11,881,81.6559828608032
12,881,80.239065055301
13,881,73.7875471221559
14,881,50.4924906935053
15,881,54.5438511761921
16,881,77.4904358421245
17,881,47.0322254460641
18,881,74.6014195227189
1,882,59.3136108576636
2,882,112.915704761314
3,882,100.962399268866
4,882,62.6206809557434
5,882,81.6705840065535
6,882,46.2120504143629
7,882,55.3318637732696
8,882,93.263526734953
9,882,70.5557208117795
10,882,59.1244721618561
11,882,78.4556718980197
12,882,75.3387911136322
13,882,68.3023132813297
14,882,84.0709316892948
15,882,59.3259218061307
16,882,59.5720129756214
17,882,59.2063652740171
18,882,67.8315031423516
1,883,78.4119585431379
2,883,72.6614974706347
3,883,43.8687071635447
4,883,68.70883167324
5,883,84.7342573794704
6,883,79.7883776808345
7,883,108.019336647579
8,883,76.3498642102951
9,883,43.0696325156628
10,883,75.4643199388693
11,883,51.643292288592
12,883,114.42915891926
13,883,117.437968248059
14,883,83.1035049399343
15,883,55.2654217600585
16,883,59.5483863991995
17,883,99.4184279536661
18,883,55.752668929001
1,884,73.9531027142957
2,884,73.3545090205348
3,884,99.8888890217113
4,884,55.8102933150884
5,884,65.8226889942329
6,884,94.6916161885113
7,884,59.9558980126075
8,884,73.3301742928466
9,884,79.1048592906939
10,884,56.5071499533546
11,884,56.2065115218003
12,884,102.407282994599
13,884,71.5166262035563
14,884,70.8306910955154
15,884,117.516286831723
16,884,66.6282114747252
17,884,97.1781035280883
18,884,49.479356649951
1,885,71.6854839316322
2,885,54.6919485135563
3,885,53.6959431164481
4,885,72.7853830085208
5,885,97.7994754515374
6,885,77.806663393047
7,885,62.8609979644494
8,885,53.7509924363413
9,885,47.3930751104854
10,885,83.9783937333546
11,885,68.7138919881465
12,885,76.8856361856606
13,885,106.368697270122
14,885,90.3095703725277
15,885,42.7901065759023
16,885,60.89955940309
17,885,82.9793742413101
18,885,70.4091409259149
1,886,72.3317426751938
2,886,48.6226163504686
3,886,93.5518320727853
4,886,62.7038821846067
5,886,68.0078354741887
6,886,103.337065275388
7,886,48.3173750029125
8,886,63.0207946537362
9,886,71.6588898332708
10,886,54.4392698774375
11,886,50.2240656600344
12,886,62.9787782548358
13,886,63.7910914350462
14,886,73.6036559524042
15,886,70.3890179072904
16,886,79.6945923378171
17,886,106.437737169745
18,886,116.29608194369
1,887,62.0454001923685
2,887,61.9616635909373
3,887,72.1275143129251
4,887,104.086196128586
5,887,85.8093743183417
6,887,76.122603348715
7,887,56.4708170864195
8,887,109.468653185688
9,887,60.2976120418219
10,887,63.6892581100496
11,887,50.4393791171543
12,887,76.5246441483561
13,887,113.231612930445
14,887,99.1719626079853
15,887,78.2107682440213
16,887,69.7772093844559
17,887,49.3270872495622
18,887,80.3631899583658
1,888,101.369633817526
2,888,80.5343880393674
3,888,64.5164070536845
4,888,85.7206249358073
5,888,70.9003470058432
6,888,74.4958722110147
7,888,77.5030481146037
8,888,59.0023374641135
9,888,78.5034581168863
10,888,52.7155765971445
11,888,120.705555224396
12,888,77.2674524716004
13,888,52.6531989361708
14,888,55.6794366837116
15,888,86.9797170980019
16,888,45.370862740392
17,888,60.9324833337259
18,888,62.8627053352978
1,889,62.8523778704923
2,889,98.0809478193458
3,889,59.3190253602181
4,889,60.0004540378382
5,889,84.3831265404046
6,889,102.053246060316
7,889,102.10771987426
8,889,81.7961999791642
9,889,88.0026906168103
10,889,96.3589121809747
11,889,54.4459308820078
12,889,64.6634608194747
13,889,70.4973371401095
14,889,69.9523130480735
15,889,65.33375835148
16,889,100.338854760018
17,889,57.360815704403
18,889,51.653892755649
1,890,101.477619474955
2,890,88.8326045033354
3,890,54.9445879592982
4,890,78.3402059808891
5,890,68.7673213586134
6,890,87.8702387593848
7,890,61.443791866566
8,890,58.6416971685966
9,890,106.100052186226
10,890,80.4988280162646
11,890,72.3353727667573
12,890,107.786318457886
13,890,64.5103132538217
14,890,87.9771634640727
15,890,62.3429875706607
16,890,67.51368163984
17,890,97.9891249675235
18,890,56.048120538668
1,891,82.0857270176391
2,891,53.7349581955751
3,891,94.11292691609
4,891,88.617078160401
5,891,48.8016420042842
6,891,45.6804683367347
7,891,93.5554065760583
8,891,53.7331272179778
9,891,90.3567566359343
10,891,45.6176430552128
11,891,127.964201783388
12,891,69.3433862032354
13,891,80.989227744231
14,891,57.8647184921968
15,891,108.62156760317
16,891,81.7891809687316
17,891,68.2176629378104
18,891,39.6781967035276
1,892,63.386919258928
2,892,69.4356145054431
3,892,55.1691375460695
4,892,80.3368666034184
5,892,43.9337252883209
6,892,72.0849225445151
7,892,58.3166948729154
8,892,69.1368056808858
9,892,63.6099710586543
10,892,78.199889608253
11,892,100.138196132312
12,892,85.6754028414494
13,892,54.7141657775085
14,892,77.5266008978219
15,892,78.6258177389929
16,892,74.31720284668
17,892,96.1759027876826
18,892,58.2100982707983
1,893,65.6088079008985
2,893,63.5088708538676
3,893,73.9300496540508
4,893,57.5322248182109
5,893,62.4467602438147
6,893,122.215959019848
7,893,106.409564181439
8,893,79.3141304491368
9,893,63.8511014865791
10,893,72.2226794015158
11,893,57.9501159722601
12,893,63.3257685085365
13,893,97.3296156565285
14,893,91.9222418011823
15,893,46.9939006362519
16,893,82.3859504433161
17,893,116.33466985485
18,893,64.5328485401572
1,894,78.228563476114
2,894,80.8064824610277
3,894,71.2639086568306
4,894,63.768348139363
5,894,59.0759721151851
6,894,82.3829383032992
7,894,58.8227127000817
8,894,99.0877474183771
9,894,84.3751141694489
10,894,88.6457366455044
11,894,73.6703398319444
12,894,83.2861744323743
13,894,121.878825737878
14,894,78.4407367663111
15,894,67.3026574587211
16,894,61.8292016488796
17,894,109.798196761039
18,894,72.25454403767
1,895,84.0263847320362
2,895,59.6263511629575
3,895,59.2801258677164
4,895,59.8155524449657
5,895,73.3573324670311
6,895,44.3969042308499
7,895,58.6034352989138
8,895,76.6172142003011
9,895,55.6818414318815
10,895,84.0793768197407
11,895,67.3210778937341
12,895,54.5608832185678
13,895,81.2590209263431
14,895,74.1719709315754
15,895,77.3032684813699
16,895,96.5195844289113
17,895,52.3922803319684
18,895,42.971778816726
1,896,116.600582763717
2,896,77.9733306417136
3,896,78.9885255144867
4,896,72.4196262516756
5,896,89.5235010874173
6,896,90.8288484038635
7,896,54.0514398737577
8,896,61.8842565794866
9,896,108.054909637483
10,896,54.5442925682674
11,896,61.5918118532474
12,896,93.1758251536562
13,896,60.2321624867304
14,896,108.803141956484
15,896,63.585992815085
16,896,63.0614998538892
17,896,82.218362343139
18,896,44.3298042036598
1,897,74.6112358333382
2,897,62.5940559409556
3,897,93.0231598809001
4,897,55.3349577199243
5,897,67.5808638195123
6,897,75.208126695164
7,897,68.8481497047601
8,897,64.7646144274287
9,897,48.7189781986814
10,897,61.0453523949951
11,897,85.8407346381592
12,897,116.777864085346
13,897,72.2447383094358
14,897,51.8299980536467
15,897,48.3708532140866
16,897,67.8312823165145
17,897,74.0609337960526
18,897,64.8267295427373
1,898,74.0964854414874
2,898,129.2343353705
3,898,58.5572153330072
4,898,60.2573676569897
5,898,90.7995920355697
6,898,83.0295029208417
7,898,79.4423749346923
8,898,134.907470778312
9,898,69.5980114978238
10,898,60.4581816540554
11,898,101.282706309295
12,898,48.6405626714529
13,898,62.6550973701063
14,898,94.8118572766748
15,898,73.9554155747316
16,898,89.9038421953122
17,898,93.0170658960866
18,898,78.3146239475579
1,899,88.0932021847547
2,899,62.9226651581177
3,899,65.8371949209166
4,899,85.4587653198248
5,899,91.0484331238217
6,899,129.910288716675
7,899,78.7346963479153
8,899,64.4220751747687
9,899,71.3025831316468
10,899,49.4255332342179
11,899,91.9135730294441
12,899,76.5066190192228
13,899,76.7381712972915
14,899,96.438574413789
15,899,73.6028064458089
16,899,65.1408741717095
17,899,92.877779137225
18,899,67.0365333763284
1,900,51.4855602188664
2,900,78.68508672546
3,900,61.9289104433448
4,900,83.1629965908482
5,900,107.822264488464
6,900,60.3796738238354
7,900,67.8314729284935
8,900,53.5424407561853
9,900,55.5781614296942
10,900,63.9994181176826
11,900,40.2538100978534
12,900,75.4513327019223
13,900,80.5777689741496
14,900,76.1081106064675
15,900,78.2045613852155
16,900,84.3996177975965
17,900,63.4821082586073
18,900,90.9598575755831
1,901,77.0540886142544
2,901,73.8767272970939
3,901,91.7791688279557
4,901,96.1110092582784
5,901,55.9250077685159
6,901,87.6494134163178
7,901,42.28625722865
8,901,59.1616357390135
9,901,51.9579361432305
10,901,84.8641696299353
11,901,93.8093294262419
12,901,70.8902230963933
13,901,54.4829648594626
14,901,85.8829538042441
15,901,74.2577407072385
16,901,51.582871724271
17,901,88.9470830024387
18,901,94.3018605952012
1,902,82.0116080055144
2,902,98.8178810305552
3,902,111.713194959039
4,902,123.82277594224
5,902,90.0160115980025
6,902,111.199371740031
7,902,68.7882500248006
8,902,104.185923908251
9,902,60.319798830923
10,902,109.223123036029
11,902,68.0310932700502
12,902,56.8591255753573
13,902,55.4199130685245
14,902,73.5715439976907
15,902,43.4161789094629
16,902,81.4576624938878
17,902,99.596518194555
18,902,48.9164684622725
1,903,108.239487097608
2,903,112.395958076548
3,903,70.8822445111059
4,903,77.5716327941901
5,903,55.9104439827646
6,903,61.3814443008727
7,903,80.8285523137612
8,903,89.6885953015939
9,903,64.4005465007747
10,903,72.9243259982225
11,903,87.3455939447237
12,903,75.5836499546002
13,903,65.1248854798211
14,903,63.2838288934593
15,903,54.9151350780297
16,903,55.9011556947668
17,903,81.8286447794606
18,903,75.7560316262603
1,904,60.6672314301129
2,904,104.134149487892
3,904,43.6766323518197
4,904,65.2253091834253
5,904,80.7322532614062
6,904,44.6815301501963
7,904,95.0638191676259
8,904,59.8188545672977
9,904,92.4235691206037
10,904,68.5034833897114
11,904,49.8403356958615
12,904,81.7872138283959
13,904,71.3874890247414
14,904,69.1597424585985
15,904,63.1032471098705
16,904,68.2696085173659
17,904,58.7856608576853
18,904,67.601301041176
1,905,70.5369067117841
2,905,99.162632180506
3,905,54.5281317236916
4,905,82.5596760772682
5,905,66.351934582017
6,905,90.7118661155446
7,905,76.3976833911581
8,905,46.6257847211632
9,905,50.2087508298277
10,905,56.3562138984503
11,905,69.6954075581619
12,905,69.0802499074186
13,905,66.5050977736201
14,905,63.3489667915381
15,905,79.1196817488728
16,905,54.8812490068518
17,905,64.7830689396396
18,905,54.50495606797
1,906,105.902950603069
2,906,46.5161094240064
3,906,47.5913184245324
4,906,46.5521883948458
5,906,72.7758377659214
6,906,72.2683706872268
7,906,60.4738574512598
8,906,66.9708779793837
9,906,84.4912752580164
10,906,49.3908004158534
11,906,66.381714248471
12,906,67.0569098289929
13,906,60.4663322160632
14,906,75.5284908885981
15,906,84.5422773400126
16,906,65.3744760442187
17,906,58.2865747476002
18,906,114.165926575579
1,907,67.6045823426243
2,907,43.4821812046687
3,907,89.2020087131828
4,907,91.3958687227219
5,907,66.5219331608929
6,907,107.923748894498
7,907,60.7112567019521
8,907,70.0919705140972
9,907,55.9275138746768
10,907,69.9791921965415
11,907,57.1027295076172
12,907,47.2199744716071
13,907,77.0465732141737
14,907,49.4034950011639
15,907,70.5612608971211
16,907,89.987737671633
17,907,64.3981661209105
18,907,40.5830333955089
1,908,66.8351116200132
2,908,71.2635275473421
3,908,62.992333790179
4,908,120.800642534107
5,908,61.0447259522959
6,908,104.513727676614
7,908,66.439691696389
8,908,74.0498807910875
9,908,70.2115833952145
10,908,59.2552091192639
11,908,55.2108316862159
12,908,60.1205941184807
13,908,57.3054353376546
14,908,76.3924583208262
15,908,66.6580625667603
16,908,73.4417807260857
17,908,76.4774733657692
18,908,73.8121854017389
1,909,55.7206188548547
2,909,74.8953980194437
3,909,61.7269991836997
4,909,71.870556332625
5,909,57.2335627233674
6,909,69.2840394037911
7,909,72.6598294417497
8,909,134.595955810058
9,909,49.2826117818026
10,909,70.0354014256936
11,909,70.1377917168082
12,909,65.7651941460608
13,909,63.2908215292133
14,909,74.8187248067237
15,909,78.6828436350316
16,909,71.5082330143456
17,909,52.7103678396876
18,909,88.1740469346621
1,910,83.7247797918627
2,910,61.6336325158138
3,910,88.1717129808361
4,910,74.227521388977
5,910,64.008129968498
6,910,73.3655073035341
7,910,67.5989588296776
8,910,50.4225084686664
9,910,69.4181637991209
10,910,125.556635091714
11,910,74.9560353755871
12,910,61.3637777214349
13,910,79.5797702222771
14,910,61.6836595431318
15,910,53.7638194902727
16,910,60.5823690923233
17,910,97.5349535513486
18,910,97.3647741052422
1,911,63.9765979133191
2,911,102.079539491064
3,911,64.0251454350495
4,911,87.2167511348592
5,911,41.0982854711893
6,911,76.8379760121775
7,911,116.802721102517
8,911,44.276514721033
9,911,55.4785310490673
10,911,113.579220241843
11,911,76.0255185408344
12,911,99.6621499953927
13,911,77.2483203481037
14,911,115.62667920968
15,911,69.988051829007
16,911,65.3044839087583
17,911,44.4867555112234
18,911,53.9542176307433
1,912,65.5931804826856
2,912,97.542833315478
3,912,67.570459855256
4,912,96.9289417624167
5,912,111.385304166697
6,912,83.6405774857926
7,912,74.1906405983764
8,912,53.9212217281414
9,912,87.65711743087
10,912,109.11749202832
11,912,71.0181558309748
12,912,64.3670673389311
13,912,92.9929699484372
14,912,72.027548283813
15,912,49.3656711272363
16,912,56.4918532853094
17,912,92.0615216737795
18,912,100.560996549655
1,913,70.6892342896775
2,913,84.2251531587166
3,913,50.3227954139143
4,913,67.0716251477377
5,913,61.9404769131819
6,913,74.1307805390965
7,913,62.190084379189
8,913,70.0686908517884
9,913,73.0437372971692
10,913,59.5826918634275
11,913,55.6947668118912
12,913,82.7205355352294
13,913,57.2949424289032
14,913,93.0083861760151
15,913,51.8822927274229
16,913,67.6806035338444
17,913,45.4393865092549
18,913,75.2734778940933
1,914,76.4452614076494
2,914,90.1999081712441
3,914,55.2754406883071
4,914,43.2305238838959
5,914,63.1867806711416
6,914,53.9575455052916
7,914,69.1148715258793
8,914,91.0078029276614
9,914,83.0412777052879
10,914,91.3320379943416
11,914,83.0052934331045
12,914,76.9197654905628
13,914,103.700793492841
14,914,80.1407685242562
15,914,81.6870286005365
16,914,91.2352462604297
17,914,62.5927997447091
18,914,64.1218443178638
1,915,54.0760613984263
2,915,67.6412718315033
3,915,83.8660424556102
4,915,62.3081029159009
5,915,86.0430536783092
6,915,68.4422105709456
7,915,78.2115225810727
8,915,65.9304340485734
9,915,63.9549938910748
10,915,63.8415981773216
11,915,77.3259075281567
12,915,84.722905058222
13,915,71.7311376649499
14,915,48.2557276448886
15,915,66.8933794613465
16,915,51.9110407361973
17,915,61.8051869238555
18,915,74.5024736566456
1,916,80.7328309517443
2,916,104.627504867688
3,916,71.6524656693038
4,916,64.3132860953566
5,916,76.5723869080651
6,916,61.9228061511179
7,916,81.1346589698659
8,916,75.5670538371782
9,916,73.6462814509341
10,916,93.5897848026186
11,916,111.74858485105
12,916,61.2168042889
13,916,91.4814076865888
14,916,72.7185759650097
15,916,109.570416274297
16,916,103.622256907722
17,916,86.3549421111097
18,916,112.805255235581
1,917,76.235567239026
2,917,56.6725153967202
3,917,73.4088346105691
4,917,54.2902867336439
5,917,79.3360431437859
6,917,74.3842782225266
7,917,73.8435002394198
8,917,60.3643105568247
9,917,73.3527061339745
10,917,91.6604948816522
11,917,67.5160897971848
12,917,72.0440381114188
13,917,64.4790760382024
14,917,72.1820542109244
15,917,60.2663659911187
16,917,58.0731486618916
17,917,76.3775214500847
18,917,56.9054696865435
1,918,49.276328621784
2,918,72.6557953313096
3,918,85.0308669494418
4,918,83.26414875956
5,918,56.8008930805756
6,918,110.707104714077
7,918,72.9329876772039
8,918,85.1039900263622
9,918,53.3123286509655
10,918,80.4461615991251
11,918,83.4976525593218
12,918,81.0490244555276
13,918,117.842089846605
14,918,80.6947797045179
15,918,84.5724541681214
16,918,70.9247297143216
17,918,72.6346493748306
18,918,76.3700041745127
1,919,79.1503439278598
2,919,57.193060141681
3,919,83.8694222984191
4,919,66.4347452077322
5,919,49.0035759861977
6,919,67.3554430725884
7,919,51.6087511866421
8,919,68.5835841108194
9,919,76.9462810194311
10,919,59.7425018055665
11,919,54.2397084860366
12,919,98.8992150762833
13,919,82.0650510008801
14,919,66.6713329669538
15,919,92.8341021473694
16,919,56.4498625512635
17,919,85.9389389143121
18,919,71.8416222032098
1,920,85.26060568066
2,920,84.7313953328509
3,920,87.2620872315292
4,920,79.798752195716
5,920,82.8562186496061
6,920,56.0476933540353
7,920,96.754981162572
8,920,48.8696366707449
9,920,43.7725710953072
10,920,63.3351331247442
11,920,75.437384181108
12,920,72.1309602052378
13,920,93.8509581176446
14,920,95.0314237936661
15,920,59.2918157168591
16,920,82.0146805109201
17,920,87.3659913712113
18,920,100.665789890344
1,921,78.0644388644957
2,921,83.8192912244762
3,921,68.4494680611778
4,921,71.3034785326691
5,921,59.4346689282113
6,921,46.9305328091759
7,921,92.581877472328
8,921,87.6730406409809
9,921,71.1275339599944
10,921,55.1504175082989
11,921,53.3355666952354
12,921,61.1735395676005
13,921,85.9791714380577
14,921,85.3356999642921
15,921,70.7624020445581
16,921,64.3155086653777
17,921,109.842975551929
18,921,73.2232119764259
1,922,79.1649392592604
2,922,59.5899564008213
3,922,80.1768788573689
4,922,89.9674904670036
5,922,84.0199247348538
6,922,81.8102926179703
7,922,100.419091336676
8,922,88.1605994017615
9,922,56.8307663841435
10,922,62.7148071957868
11,922,58.9459300193066
12,922,64.4642431604497
13,922,109.373753462058
14,922,58.8356752869247
15,922,74.8312098990373
16,922,78.177746324836
17,922,68.3327302277405
18,922,102.457317377089
1,923,55.861974496719
2,923,100.165596866787
3,923,84.6977214684186
4,923,129.050533540317
5,923,70.0061886557974
6,923,79.1148764368118
7,923,101.744631338623
8,923,51.0042533408756
9,923,71.4588338086559
10,923,68.2012830418977
11,923,68.6902377943096
12,923,87.4227138044226
13,923,71.5646148031312
14,923,62.1669687659217
15,923,85.5841826901083
16,923,71.6760328455387
17,923,84.1823466333206
18,923,52.350094173276
1,924,77.5447949356327
2,924,93.8545110153271
3,924,63.4786121647899
4,924,42.5328478430998
5,924,79.2773398375823
6,924,42.8444780506846
7,924,68.849114434236
8,924,105.867343794142
9,924,62.318917542985
10,924,50.7164761442158
11,924,74.9637605094892
12,924,76.0728144162065
13,924,71.31309328417
14,924,74.4887119724914
15,924,80.8866305917522
16,924,105.937563325681
17,924,91.9050228120437
18,924,85.5281475798729
1,925,65.9636993700225
2,925,46.0332586330451
3,925,72.3171627918449
4,925,53.494791337717
5,925,90.4018132419925
6,925,59.2242556428972
7,925,72.9635678061801
8,925,123.33754764299
9,925,69.9840089140753
10,925,59.4988850657708
11,925,97.1631392265013
12,925,44.6996257840637
13,925,93.6330363410647
14,925,117.701001130905
15,925,42.7010110050812
16,925,60.3008226146128
17,925,73.3453457773113
18,925,71.9703406025101
1,926,86.6760551548632
2,926,69.5109731247378
3,926,68.6598505272368
4,926,74.6123415092845
5,926,87.2194429589968
6,926,61.2906854293472
7,926,57.7872623798819
8,926,90.2596199235717
9,926,80.8626680500314
10,926,56.8248750674504
11,926,105.102042560757
12,926,62.6466307895457
13,926,64.8004478200463
14,926,82.2704240304368
15,926,72.0173120783406
16,926,59.3013920318613
17,926,63.2886891880679
18,926,107.616037303726
1,927,57.1218890076864
2,927,68.8996961458589
3,927,76.2978841879666
4,927,73.201352433948
5,927,67.7235924068819
6,927,60.5883249972422
7,927,52.6052341184694
8,927,72.0300004105791
9,927,87.9599990943322
10,927,114.45134598547
11,927,89.921699521324
12,927,63.5415390810642
13,927,101.343859366314
14,927,81.0638579590406
15,927,73.1452981384601
16,927,55.3294768629978
17,927,67.5680439350716
18,927,63.6553199566072
1,928,88.9794254142643
2,928,83.6860609534019
3,928,94.6936546763131
4,928,59.8439592905443
5,928,47.2625969676034
6,928,60.6118086370504
7,928,68.6760672551554
8,928,58.5755941423028
9,928,71.7175883736646
10,928,127.223698807266
11,928,38.6651761644804
12,928,76.4714048123186
13,928,75.8851666774365
14,928,75.2346560773851
15,928,64.0574349156419
16,928,58.6993694128367
17,928,98.6232651012158
18,928,80.3672902224947
1,929,84.9555746352175
2,929,50.7371820210526
3,929,71.7798535715687
4,929,45.5555016591506
5,929,72.1062429306443
6,929,62.5122520454872
7,929,101.085128293074
8,929,73.8600396591538
9,929,93.2099728388003
10,929,101.338249898194
11,929,87.9830566004819
12,929,81.6842017922935
13,929,71.2306478671854
14,929,47.1241015231853
15,929,75.2663870011458
16,929,77.4173194836095
17,929,67.8062590847552
18,929,44.0280695725032
1,930,68.5805429973824
2,930,74.519160512846
3,930,72.6359786414578
4,930,70.4036012358607
5,930,126.195427955909
6,930,44.5280431904143
7,930,52.5239255356637
8,930,93.873206014123
9,930,73.9109114229948
10,930,62.1228059538332
11,930,55.4307383753428
12,930,69.1322551526455
13,930,67.7606587185559
14,930,46.6087281033115
15,930,62.1737152377965
16,930,78.5953109187734
17,930,52.9374976951949
18,930,80.9676163663133
1,931,87.1803350619726
2,931,74.4025018643413
3,931,75.1329265156587
4,931,73.5877022602395
5,931,86.2631990628873
6,931,52.6063363335613
7,931,58.7880512369548
8,931,59.2006222830941
9,931,92.0737049732309
10,931,126.425696540851
11,931,81.6278934811798
12,931,84.7860246482747
13,931,44.663019535549
14,931,51.3242073248299
15,931,65.2290413994359
16,931,68.572991563506
17,931,60.2334600784849
18,931,91.8086723948317
1,932,79.6140339187658
2,932,47.9150892824176
3,932,68.9840593459707
4,932,57.8985794039541
5,932,66.7404559309466
6,932,100.782964459988
7,932,60.1972916814986
8,932,87.6174462147952
9,932,60.7309292273971
10,932,65.3827029162406
11,932,79.2507368352178
12,932,72.1064240014143
13,932,126.341674053685
14,932,46.9058817037729
15,932,80.0230917973281
16,932,108.528852259022
17,932,70.3030769061545
18,932,76.4917505241731
1,933,91.5306212566676
2,933,65.8207343677792
3,933,82.1973100578164
4,933,112.842469951944
5,933,82.1087347939755
6,933,76.7257099168654
7,933,56.9531810096973
8,933,70.1474453058469
9,933,59.9966972563248
10,933,63.2967135546003
11,933,79.7326086317084
12,933,95.8488971995891
13,933,51.5496270787148
14,933,59.0411866843218
15,933,46.7625480501088
16,933,73.4226371977951
17,933,100.242248865108
18,933,70.8604430128072
1,934,76.2727834304325
2,934,63.4532025927552
3,934,53.7555571878967
4,934,78.6145344378422
5,934,52.0818665747163
6,934,52.080009533124
7,934,80.8863878616395
8,934,74.2665575019352
9,934,71.0400352958632
10,934,87.3743994316417
11,934,72.6844697200807
12,934,77.4086701448647
13,934,55.5185052670238
14,934,56.0368745235478
15,934,80.5309697441697
16,934,53.4472646014442
17,934,85.5204553056055
18,934,48.5260785449364
1,935,85.5483642488689
2,935,63.1793274937212
3,935,93.4564334082707
4,935,59.4599336873639
5,935,67.1202668031636
6,935,56.0522756643465
7,935,66.8946030098677
8,935,108.353058522279
9,935,118.744389666996
10,935,50.9775186938241
11,935,70.6938478136403
12,935,84.2280003347751
13,935,108.024595477659
14,935,78.4873973869522
15,935,99.3833071561444
16,935,84.7114474395934
17,935,66.5067040415629
18,935,80.6011200937876
1,936,55.3473259340335
2,936,81.2960282099758
3,936,78.9110638010544
4,936,76.0527880242241
5,936,112.798235437434
6,936,58.3039121163241
7,936,124.607786903681
8,936,89.5062398680449
9,936,70.5324730347102
10,936,57.8933328562811
11,936,48.5278318877188
12,936,57.729440281795
13,936,70.4945919223865
14,936,60.208478351577
15,936,58.4817856071287
16,936,105.259122633904
17,936,61.1095975567383
18,936,57.4799265098858
1,937,57.4845182785284
2,937,84.552749009668
3,937,63.6370886361923
4,937,99.4363389292469
5,937,83.4719793086975
6,937,95.2488809568045
7,937,62.1931837716076
8,937,53.1479090786324
9,937,47.2437930112671
10,937,65.2864478757061
11,937,52.8867141439337
12,937,77.7965273025188
13,937,68.1323413632628
14,937,62.693790119409
15,937,54.0035525212872
16,937,65.4769478899945
17,937,50.5828557399342
18,937,100.818197183774
1,938,59.8844634209959
2,938,60.3602341461916
3,938,79.4046992724118
4,938,64.0283074758788
5,938,66.7452237760694
6,938,93.2732840173175
7,938,48.4872996563775
8,938,74.292496269768
9,938,61.0030561357019
10,938,77.9727051993939
11,938,75.8095793564658
12,938,44.9436065371446
13,938,50.6004631451252
14,938,62.8790843461483
15,938,118.239846770495
16,938,62.760095092059
17,938,72.0727092913957
18,938,92.0995392301283
1,939,126.020022261615
2,939,128.232369248181
3,939,99.9044135721692
4,939,78.0042150679882
5,939,54.7816081979646
6,939,67.0354230061408
7,939,95.4573963474753
8,939,101.992777090268
9,939,70.9346401780416
10,939,58.964045333399
11,939,63.0789121002357
12,939,56.4142452694743
13,939,124.633414005536
14,939,92.3498760874413
15,939,52.8869335665286
16,939,58.9485455236259
17,939,97.6969898073239
18,939,66.7046693453108
1,940,74.5234258546531
2,940,49.334338798334
3,940,66.9541166439078
4,940,87.6391761027023
5,940,99.3991069992217
6,940,70.1326775075522
7,940,43.6478765875867
8,940,69.3953078725195
9,940,76.9506275886493
10,940,62.2708162091187
11,940,64.721489589992
12,940,64.7786038950159
13,940,124.113436900607
14,940,108.852768293336
15,940,63.0264155634558
16,940,40.92265483564
17,940,59.3775609919675
18,940,63.671577097433
1,941,52.5542355715615
2,941,93.4243082785865
3,941,64.4352786217419
4,941,83.3818305756447
5,941,76.3789446708963
6,941,50.4340407199599
7,941,82.0870143614204
8,941,69.482168286639
9,941,56.3097820087114
10,941,55.2761030951988
11,941,72.6726288763792
12,941,42.1988922930307
13,941,52.4855555415027
14,941,71.8575854691355
15,941,60.2384457245324
16,941,65.2390414814977
17,941,92.3800069786668
18,941,73.8456823818365
1,942,78.491926381491
2,942,51.5088867919598
3,942,84.4976784773104
4,942,63.9069879480184
5,942,61.5355038453164
6,942,66.2102428517888
7,942,88.9206915604573
8,942,48.5731135003212
9,942,39.2389657049888
10,942,48.546778006571
11,942,92.133996525546
12,942,76.2118617685979
13,942,85.5621525704065
14,942,82.2423497751046
15,942,131.169856427887
16,942,89.4489248778766
17,942,73.2296146712522
18,942,67.3168534475771
1,943,72.9761497849102
2,943,107.202135539457
3,943,117.362741202406
4,943,110.474898555091
5,943,73.0804186278208
6,943,49.2656305187811
7,943,51.5218975322265
8,943,59.9475738919966
9,943,66.5586088450772
10,943,57.1876706062114
11,943,51.7206437778861
12,943,71.8178315596864
13,943,60.1239943873281
14,943,64.8245545253325
15,943,134.797519804802
16,943,54.9616980805432
17,943,57.9444124730043
18,943,121.189919980365
1,944,65.8076666217723
2,944,63.9180319028405
3,944,66.7578424106145
4,944,43.2165826411098
5,944,117.17037697515
6,944,59.6825355761031
7,944,78.1176416580966
8,944,62.3449340772382
9,944,89.5445298295127
10,944,77.3029503548015
11,944,97.6321564176849
12,944,129.835191317005
13,944,59.1789101960087
14,944,78.679921563537
15,944,68.7502061611826
16,944,72.942230812142
17,944,66.699055945586
18,944,115.542979771561
1,945,114.421656560243
2,945,86.0180477180777
3,945,78.0955212416501
4,945,57.1116896592052
5,945,87.3971223383405
6,945,63.8709320501132
7,945,58.2480432517591
8,945,60.613494504576
9,945,87.8268117749821
10,945,64.0384628336288
11,945,55.3432939154039
12,945,63.9176060302414
13,945,100.839362262172
14,945,45.9933113646982
15,945,81.7920690152646
16,945,96.51543274626
17,945,97.0966435762882
18,945,84.9066873993814
1,946,50.628891392755
2,946,65.1024584817359
3,946,51.3546276440984
4,946,58.1842320490637
5,946,73.974998093145
6,946,82.5102504449005
7,946,99.7617835243957
8,946,69.8362415951792
9,946,72.2312469491288
10,946,67.9546592654952
11,946,74.9943842601544
12,946,53.547004588154
13,946,40.4596197138099
14,946,52.9916924640817
15,946,95.8864359689794
16,946,120.659624357425
17,946,59.1992946115973
18,946,60.7823399680757
1,947,66.8541070555713
2,947,88.9141982099355
3,947,59.7489007237016
4,947,58.1486095970248
5,947,68.4864147370729
6,947,81.1305061744221
7,947,93.8393054891359
8,947,68.501675623299
9,947,79.0583534986233
10,947,54.0186949848166
11,947,62.704561915365
12,947,51.1454583202604
13,947,58.80723150004
14,947,47.8350117838241
15,947,98.7823576227387
16,947,67.9682063676219
17,947,84.896756348834
18,947,82.3053654884026
1,948,56.0090533204669
2,948,77.0388653839997
3,948,99.2529901082749
4,948,70.4346578750668
5,948,70.1505544227521
6,948,69.7180835391049
7,948,68.6767732599323
8,948,66.8306285678206
9,948,76.5170182207213
10,948,72.3002033180989
11,948,57.2721002739279
12,948,69.6995516171106
13,948,136.462097018376
14,948,49.3912825399524
15,948,88.9985774205471
16,948,91.4612441691692
17,948,50.8092643449624
18,948,65.2929234351764
1,949,49.9228671960059
2,949,59.1929202022141
3,949,72.4457621274996
4,949,80.4654221111056
5,949,66.2136334517373
6,949,73.0925357181484
7,949,66.6582159476708
8,949,75.8409343746745
9,949,41.7155686300733
10,949,115.418450822795
11,949,68.6630280756355
12,949,65.1496073380717
13,949,112.99393475078
14,949,58.2288996001255
15,949,80.7019179065557
16,949,70.2936683816176
17,949,67.9860012463871
18,949,57.4295309827208
1,950,80.5190531196648
2,950,104.418401158289
3,950,81.4604086754346
4,950,52.1069701841093
5,950,58.1422497366148
6,950,92.7499563806854
7,950,64.6638436549232
8,950,78.7767130633951
9,950,76.3032401944567
10,950,69.0795255017349
11,950,75.6614559645462
12,950,90.9018867036313
13,950,46.8545985077281
14,950,57.9423123516034
15,950,73.4475190945215
16,950,67.4001752605159
17,950,119.266533923275
18,950,64.9714855603429
1,951,63.4442215340724
2,951,63.0026192831265
3,951,56.4331091812987
4,951,101.510710378089
5,951,73.5353921441048
6,951,80.9990799885682
7,951,64.377224155377
8,951,68.4994829225549
9,951,77.1174126265889
10,951,84.9081267177315
11,951,77.6656056366399
12,951,64.6741987771708
13,951,73.0511437449661
14,951,60.45016774169
15,951,90.2614681915366
16,951,95.4317232024607
17,951,43.3837132197165
18,951,44.1561892107632
1,952,79.3727916348573
2,952,103.578338716068
3,952,69.7443721577446
4,952,84.661761956654
5,952,78.3440349063906
6,952,55.9811355532759
7,952,79.3053939648728
8,952,95.7916389772966
9,952,59.4695989894251
10,952,110.745366483212
11,952,72.8977596244136
12,952,56.2163981197543
13,952,84.9687021925019
14,952,94.3981418240389
15,952,75.2410351188467
16,952,76.1262916921449
17,952,71.3506284744797
18,952,79.5762020483045
1,953,60.7183753325263
2,953,74.1190033159661
3,953,59.9037881074902
4,953,74.7528658256356
5,953,57.3612287967905
6,953,71.8123901024448
7,953,94.8481244435564
8,953,83.0296305633189
9,953,65.3695628027611
10,953,128.287903885692
11,953,78.359767232646
12,953,43.6060030699449
13,953,82.6543839040901
14,953,101.670796856247
15,953,97.1814808452608
16,953,82.1644851064568
17,953,89.5074675741235
18,953,92.5204130706623
1,954,106.000272742564
2,954,46.1394181274372
3,954,63.9336570902203
4,954,56.9008261352264
5,954,71.1328837303339
6,954,68.2092407497782
7,954,64.3078867143831
8,954,71.5439466218156
9,954,63.3518946775502
10,954,125.542459125404
11,954,81.2527021466607
12,954,66.2421036240754
13,954,67.8536234793369
14,954,71.5887152585234
15,954,64.7785136050008
16,954,79.16323355355
17,954,79.463835167344
18,954,67.5672216973638
1,955,104.424540041152
2,955,134.310172312761
3,955,48.4261344929939
4,955,84.99469185314
5,955,66.9503783146342
6,955,88.3362031703365
7,955,65.4477645881987
8,955,74.974814263723
9,955,61.1346249851071
10,955,67.7314965878496
11,955,49.9377189428626
12,955,63.2181179581902
13,955,115.546750751248
14,955,75.4247506075294
15,955,62.401549481627
16,955,122.555969557399
17,955,86.6762546163373
18,955,75.7550848274242
1,956,53.6592113172588
2,956,55.1814011308418
3,956,86.7723632792989
4,956,69.3696028347498
5,956,127.407198760258
6,956,68.026590199151
7,956,69.0482204898281
8,956,60.8486205597353
9,956,54.5087011809684
10,956,77.0951894205447
11,956,45.1886678776847
12,956,63.8801946519836
13,956,52.9255371788736
14,956,59.1649627298395
15,956,110.510728765077
16,956,72.0561083769326
17,956,57.4926842928209
18,956,54.8735699996425
1,957,51.773617610819
2,957,83.9669662355335
3,957,111.354414419643
4,957,72.9178773721267
5,957,66.1664158049898
6,957,64.7638123490702
7,957,120.321595184639
8,957,47.5267707012966
9,957,93.7720365180744
10,957,57.8907944678888
11,957,92.3031660056459
12,957,87.4466097193475
13,957,82.059800399595
14,957,53.2674561954803
15,957,58.6090727295932
16,957,39.9497704795115
17,957,56.2339629262597
18,957,56.9910281539233
1,958,70.1696722913737
2,958,65.3822609876382
3,958,63.6125827075514
4,958,62.7987207111369
5,958,44.1662958596495
6,958,90.5953999076158
7,958,77.477893094401
8,958,81.9350367159578
9,958,97.2648673888286
10,958,66.5692303511171
11,958,109.116084635896
12,958,56.0439173934662
13,958,73.9957234461987
14,958,99.9345703570762
15,958,85.5531107645327
16,958,60.7267988220376
17,958,60.1993026914627
18,958,92.8553011729272
1,959,67.5915084297859
2,959,61.6076635051697
3,959,54.4655381473065
4,959,83.3778927537454
5,959,102.780608879494
6,959,107.211514446418
7,959,93.0945657715599
8,959,46.3467933099426
9,959,108.459875468602
10,959,93.8505031474365
11,959,111.026359106079
12,959,55.3644385472454
13,959,58.0210993728482
14,959,67.761113753296
15,959,70.3328039309412
16,959,78.9305944990498
17,959,63.3783573145889
18,959,70.7404100116031
1,960,57.7719667680239
2,960,84.2674218118308
3,960,105.442633260496
4,960,69.4907816740423
5,960,62.9669611119715
6,960,88.6655706865647
7,960,58.4225079630432
8,960,68.7858277399677
9,960,55.496554052294
10,960,68.2985147577574
11,960,109.339095134859
12,960,62.1618671778429
13,960,86.3041176875746
14,960,54.1680082893105
15,960,101.307358891807
16,960,64.6395313989419
17,960,42.7868297285487
18,960,67.1771997091728
1,961,60.5040721902336
2,961,81.0768760364613
3,961,74.4400303791771
4,961,130.072500228895
5,961,88.687443210851
6,961,106.177666637688
7,961,103.613005001704
8,961,70.4559597187725
9,961,72.872458193873
10,961,46.6138031111663
11,961,86.9417102481328
12,961,92.578167855817
13,961,62.3521068893149
14,961,58.0743602050454
15,961,95.7150662026336
16,961,88.0684425938875
17,961,64.2061394150264
18,961,59.7724895747289
1,962,69.0577114309898
2,962,105.702963802795
3,962,69.5203204659013
4,962,86.0343749778656
5,962,72.2958927908388
6,962,110.265539292856
7,962,51.9056136608028
8,962,76.4074130248456
9,962,72.9588283304614
10,962,97.8265991082247
11,962,84.3115439823562
12,962,51.5955536537109
13,962,58.430123268393
14,962,68.0821539742814
15,962,63.6645302081792
16,962,89.1846924923387
17,962,92.5925448626089
18,962,68.4371898848389
1,963,56.9350699470714
2,963,98.5098222834164
3,963,108.627647949536
4,963,75.9476612538466
5,963,60.4284924932876
6,963,63.979361842651
7,963,75.3444984377525
8,963,85.4247088668201
9,963,133.988882969291
10,963,77.0955495858505
11,963,80.9007580997009
12,963,52.3136822787992
13,963,79.8386230401221
14,963,73.3579003356894
15,963,99.4484798940268
16,963,63.8820586750395
17,963,50.8366848459446
18,963,66.7978397444848
1,964,56.0572744553683
2,964,79.9601534270876
3,964,75.8282983640228
4,964,78.1729422833624
5,964,99.9170362334802
6,964,85.9768514091558
7,964,62.5905304434084
8,964,69.7774059877518
9,964,66.2941543906012
10,964,110.731252975034
11,964,105.833186674996
12,964,57.2613665407245
13,964,53.061807524868
14,964,98.4290098179251
15,964,67.5293018598071
16,964,48.6726584420135
17,964,74.9101552461297
18,964,58.1230093569192
1,965,59.7131247907375
2,965,71.5076061812314
3,965,47.4147217080735
4,965,75.4932828074057
5,965,58.9130569300466
6,965,75.195414924555
7,965,110.182696220403
8,965,65.9131050155903
9,965,91.9722479698096
10,965,55.6046405278594
11,965,57.951849467949
12,965,77.1894002296257
13,965,62.8883918595458
14,965,51.9687178011359
15,965,57.2455794820232
16,965,102.802587896815
17,965,67.3248775906079
18,965,43.6071211898426
1,966,82.6176071453291
2,966,56.2183268699879
3,966,49.9497982950768
4,966,71.9969409924598
5,966,42.0928426653159
6,966,39.5334980745102
7,966,50.3471626641213
8,966,98.8614383537253
9,966,57.1018378034814
10,966,69.9264636032068
11,966,76.5263678582536
12,966,60.4146394755708
13,966,73.58188488715
14,966,48.0086900896064
15,966,77.8566338993383
16,966,64.4761015175236
17,966,85.8552344650014
18,966,58.5765216456025
1,967,66.0354584165342
2,967,93.4408776585211
3,967,53.1354757047007
4,967,65.4138364855774
5,967,61.2173767903041
6,967,47.0540445122692
7,967,82.0045263093027
8,967,53.4374071926944
9,967,88.9025701778526
10,967,56.2210106644841
11,967,115.376034801673
12,967,89.050595760232
13,967,80.0065031883499
14,967,84.6565075452419
15,967,97.2423379164344
16,967,63.9856141159959
17,967,51.0277271280017
18,967,60.9175924133055
1,968,38.8819685264675
2,968,62.1644581721082
3,968,67.4870886822304
4,968,69.3552507961833
5,968,75.2198605752377
6,968,70.2733813629306
7,968,60.734270217268
8,968,85.0890668114796
9,968,98.9442565352592
10,968,96.5739282251851
11,968,80.7997423451468
12,968,102.080293014143
13,968,67.6325731288828
14,968,96.3083417262944
15,968,69.5984375243651
16,968,73.7597864997973
17,968,68.9779217615261
18,968,56.632152794727
1,969,77.0695282161199
2,969,88.0247061585163
3,969,64.4607663356791
4,969,87.6654634719731
5,969,63.0152490222323
6,969,55.5370302376129
7,969,66.5860625508159
8,969,59.6030919508196
9,969,69.6472132445587
10,969,51.4004584629633
11,969,57.9485685061475
12,969,91.0467365475001
13,969,72.7211947381323
14,969,65.5361154134697
15,969,86.3106671896328
16,969,87.254173959214
17,969,85.7404909018563
18,969,49.5707138033285
1,970,76.753974748153
2,970,63.0038100749923
3,970,94.0769044283552
4,970,72.0099967714622
5,970,67.6936618347917
6,970,70.4184489473406
7,970,128.505600662177
8,970,78.8652675912811
9,970,109.62334561209
10,970,61.5702714623264
11,970,51.1982387778549
12,970,60.0200396215331
13,970,69.0399951219404
14,970,73.4700922432614
15,970,83.3375237924655
16,970,54.1327937653724
17,970,61.5826012445728
18,970,61.054251633095
1,971,102.261215005857
2,971,68.599318531638
3,971,57.1689730743616
4,971,99.4391104432891
5,971,64.4008036941697
6,971,97.7701306592354
7,971,55.4877559394691
8,971,109.521281702
9,971,70.4752576717315
10,971,57.6574647905949
11,971,52.7642851061745
12,971,131.157935006871
13,971,53.4696206671022
14,971,62.7691132539517
15,971,63.0731742449177
16,971,88.8117744131384
17,971,74.8226291479719
18,971,60.8584205995418
1,972,75.1039320200302
2,972,99.9864739251002
3,972,67.6706642922418
4,972,90.8973596836559
5,972,60.0955447848675
6,972,83.8137527740112
7,972,79.8775361893247
8,972,101.276075681263
9,972,103.058306459975
10,972,69.4963720016523
11,972,69.4297158736085
12,972,96.1725938110469
13,972,94.3661091416613
14,972,54.3119187531354
15,972,86.3629864371782
16,972,64.6781716065941
17,972,58.1744055375237
18,972,89.6756769589242
1,973,40.8424374363618
2,973,60.8386287237489
3,973,78.3762488093148
4,973,97.8245718480093
5,973,60.6162771285468
6,973,64.0468787748175
7,973,78.118243182147
8,973,95.6195213624712
9,973,59.0900873604352
10,973,72.3164404646951
11,973,85.069064290805
12,973,58.644186636499
13,973,73.7146901330952
14,973,56.4898162782005
15,973,77.6785979033435
16,973,93.7843793652604
17,973,62.4862188747258
18,973,80.2808375524786
1,974,87.3772445877861
2,974,59.774597070604
3,974,89.0581269889466
4,974,59.5662594890461
5,974,85.443727477988
6,974,86.5451958373923
7,974,66.5837612024793
8,974,60.0235039739889
9,974,78.0500899215978
10,974,59.0396908212588
11,974,55.4737445411588
12,974,96.9615848911397
13,974,92.4708357687478
14,974,67.2959831627444
15,974,86.5183885668077
16,974,72.653042821037
17,974,78.9381697036347
18,974,70.1327116861177
1,975,105.135293326177
2,975,45.8612314791601
3,975,101.491200102261
4,975,81.9932920161178
5,975,73.2488672600579
6,975,82.8763974919471
7,975,53.4588016079816
8,975,75.6993450562557
9,975,60.433428949784
10,975,78.4973963676587
11,975,100.529696408445
12,975,48.6620879837484
13,975,102.195823165551
14,975,73.9348240980301
15,975,84.058464263677
16,975,62.1389059348089
17,975,56.6728249760113
18,975,54.2108170373219
1,976,136.585308549171
2,976,109.455074411406
3,976,69.8720111154112
4,976,110.598820526431
5,976,48.9454251357758
6,976,96.7272400113689
7,976,68.9392239559059
8,976,122.779679342077
9,976,92.0823737429249
10,976,47.8030763956701
11,976,99.287604284736
12,976,45.7631631668149
13,976,119.309573199974
14,976,46.4238993698098
15,976,51.9606827247845
16,976,79.6982836248902
17,976,62.8773733397934
18,976,74.8015107177782
1,977,53.285774650947
2,977,52.149446842702
3,977,82.5875844387082
4,977,67.711285954275
5,977,66.1538983783055
6,977,84.955623110808
7,977,55.255549550737
8,977,72.3519454611675
9,977,55.1291236983346
10,977,102.85563044479
11,977,81.8063350277166
12,977,76.4017010777205
13,977,90.009609375578
14,977,104.327317089575
15,977,60.6495382430587
16,977,65.2569831869043
17,977,75.5647404142413
18,977,95.9580273957614
1,978,77.5027754904566
2,978,75.0192231375885
3,978,68.0442768770356
4,978,63.5843814498569
5,978,61.568748985344
6,978,65.118658466258
7,978,59.8315555446907
8,978,66.3659188191245
9,978,41.3470382690468
10,978,78.6408616051257
11,978,58.7956208736218
12,978,75.1325169841031
13,978,76.9145239227549
14,978,135.390870907673
15,978,78.5923442616749
16,978,90.087282874779
17,978,101.657736078863
18,978,79.7951324641112
1,979,70.5101852221078
2,979,66.7565205903616
3,979,56.5948856791199
4,979,62.2826934362602
5,979,81.5905411393359
6,979,44.0197431400148
7,979,120.964897475162
8,979,72.1737274453365
9,979,63.7856299325655
10,979,52.7000403731714
11,979,86.6572258000835
12,979,49.569026644977
13,979,84.5461958656596
14,979,59.7815423629742
15,979,90.4853348080358
16,979,74.0472048371772
17,979,73.9367219580562
18,979,68.4065742243916
1,980,67.0611422705817
2,980,87.8260431846346
3,980,56.1448824961417
4,980,73.013148863494
5,980,59.5918680462399
6,980,56.6019254538994
7,980,61.0686235517184
8,980,60.2902616802026
9,980,94.8855338938088
10,980,58.1124135783979
11,980,90.8724416706915
12,980,104.408667007769
13,980,48.540512403032
14,980,43.2263690592873
15,980,91.635976396863
16,980,88.7131760651128
17,980,122.91949244355
18,980,60.0731697283167
1,981,72.1207866277686
2,981,50.1994409492335
3,981,72.2151915418762
4,981,70.6046153678142
5,981,98.080894398287
6,981,96.4461108995621
7,981,78.3290436839273
8,981,87.1431929799854
9,981,69.8769304062596
10,981,95.1262908824938
11,981,60.3576226923074
12,981,94.2154192097776
13,981,57.9863788517383
14,981,51.1234371245421
15,981,75.6361197691204
16,981,69.6279603843029
17,981,87.1805944962339
18,981,86.0383193160366
1,982,100.446385321531
2,982,78.6807064456624
3,982,95.9037678478376
4,982,58.110755528702
5,982,76.429642080275
6,982,73.5777928855233
7,982,75.9003481226166
8,982,60.6610299193356
9,982,53.1201187608446
10,982,81.7763470358345
11,982,91.596412324148
12,982,79.4634127792899
13,982,96.4897665236311
14,982,126.619927311799
15,982,123.1889966376
16,982,78.4193495622538
17,982,59.7372196688393
18,982,73.185931178343
1,983,58.4882978949671
2,983,75.0394880538861
3,983,82.9513336189331
4,983,51.3016532602168
5,983,73.2919819587371
6,983,93.0224860514751
7,983,76.4653431362281
8,983,59.9789160815193
9,983,97.5566414889418
10,983,52.9859789228156
11,983,80.0490559495868
12,983,72.2067159343043
13,983,72.550283635186
14,983,43.1090374839048
15,983,81.876635670044
16,983,71.4984174060018
17,983,75.2549672937717
18,983,64.8383186397192
1,984,45.6367558380951
2,984,84.2807249299495
3,984,64.3681541203222
4,984,48.5132899729892
5,984,116.491777206155
6,984,85.5830905938429
7,984,77.7025153740538
8,984,94.9316054942222
9,984,48.2465968973105
10,984,80.2044362170028
11,984,75.6887119376753
12,984,75.7948650619327
13,984,78.9669962322813
14,984,81.3187414222379
15,984,78.70706108998
16,984,61.7093435994345
17,984,72.3682474877051
18,984,56.3197954026135
1,985,80.4172765700058
2,985,72.0551871111314
3,985,57.3971584951404
4,985,64.4744613802717
5,985,81.3486268041399
6,985,72.0241788595585
7,985,70.3934128140604
8,985,67.0581886392977
9,985,89.08012994837
10,985,74.8552367334189
11,985,85.8968382800693
12,985,52.0130135959404
13,985,65.4788292878111
14,985,130.70267832861
15,985,72.2577599264731
16,985,86.7364125151272
17,985,120.11320892465
18,985,71.3312351193302
1,986,84.5636055280642
2,986,66.6798110069962
3,986,97.6067821093067
4,986,44.2938575499164
5,986,68.7220471682687
6,986,61.5714745505567
7,986,88.3351379463164
8,986,66.1175517514707
9,986,113.36778905166
10,986,62.8467217081017
11,986,80.4000620627845
12,986,72.2725072729258
13,986,61.2994130784141
14,986,75.0314112596169
15,986,104.183425232521
16,986,86.9831448210713
17,986,85.6799641003338
18,986,84.1197797440655
1,987,61.0989418228433
2,987,79.753013608195
3,987,55.3933543798725
4,987,73.9491545212786
5,987,69.9694603760003
6,987,125.104765621083
7,987,76.5959353325845
8,987,106.533761592509
9,987,65.7943386137712
10,987,75.3740861158614
11,987,77.2922965271961
12,987,85.2226428020519
13,987,72.5567803398029
14,987,96.2428522056727
15,987,74.8126451015925
16,987,50.9261917745056
17,987,104.857423378977
18,987,63.6487031866241
1,988,58.2649247369899
2,988,78.4647891632552
3,988,76.8749764553173
4,988,70.615885877979
5,988,64.8640055559977
6,988,96.0931048930386
7,988,113.70480896154
8,988,79.2401245752913
9,988,84.884820873235
10,988,74.228059078027
11,988,48.5970095569508
12,988,60.9394321551846
13,988,47.0558631880347
14,988,93.1799059675769
15,988,77.1885857272509
16,988,74.3469877525609
17,988,53.5561531518661
18,988,90.4389500238272
1,989,120.586770187309
2,989,65.3777384425938
3,989,76.7759377870595
4,989,60.1910668507684
5,989,75.2160230009683
6,989,56.3030170671712
7,989,69.7490992940344
8,989,104.318132443098
9,989,69.0547549922386
10,989,72.4779919413051
11,989,45.6674473384212
12,989,64.7348310065831
13,989,58.7237235397446
14,989,58.1137541530077
15,989,82.6156712051877
16,989,93.8021028224165
17,989,46.2165163588531
18,989,77.8088698666789
1,990,45.8254127482792
2,990,57.6497007693897
3,990,80.6494484426982
4,990,68.2993913654801
5,990,50.9889975788279
6,990,40.4987660631547
7,990,83.6860425324767
8,990,85.1640336425659
9,990,108.944248197077
10,990,97.6906533615925
11,990,65.1855242291857
12,990,69.7678240194799
13,990,74.1750270952242
14,990,66.1375904232637
15,990,45.3352899834677
16,990,78.1123228123504
17,990,92.6885737802364
18,990,60.1900115225659
1,991,59.6528162532528
2,991,74.9490921294078
3,991,47.84448563497
4,991,64.3966052354693
5,991,60.8227099807821
6,991,62.7617749330328
7,991,82.8832950078028
8,991,81.0850811494186
9,991,78.5696631144237
10,991,62.7537502744041
11,991,72.9156051955151
12,991,126.92081506715
13,991,65.1927485291957
14,991,69.3686547452851
15,991,73.4630801144601
16,991,66.9546982985388
17,991,72.6743701339411
18,991,94.3256088443033
1,992,75.3189265345057
2,992,66.8995354647161
3,992,79.3936877501808
4,992,63.5452145374912
5,992,56.6370648018566
6,992,80.0091736736494
7,992,84.829312633552
8,992,66.4275733892686
9,992,58.3268798221266
10,992,95.3828429973483
11,992,88.6883505216195
12,992,108.754727237569
13,992,72.5866688322916
14,992,92.1777479208135
15,992,54.3600530473428
16,992,96.6720176556256
17,992,57.3746806228625
18,992,67.7191278064242
1,993,80.4473642988828
2,993,78.9161820748409
3,993,52.6835528591759
4,993,64.1528828011928
5,993,78.7917584509901
6,993,64.2702795144148
7,993,80.3430303804217
8,993,57.2475952620297
9,993,75.8362147043942
10,993,87.3322764846403
11,993,89.49318274412
12,993,62.4355471995933
13,993,72.3074541782019
14,993,65.4795700546713
15,993,58.1348346766972
16,993,61.6246375541083
17,993,71.1443446435291
18,993,81.7756906770193
1,994,50.8139198586081
2,994,77.7652725844374
3,994,46.169200005744
4,994,75.3888817899972
5,994,67.0221160362994
6,994,54.8022754518201
7,994,76.3653694651048
8,994,56.7078328553487
9,994,86.7011285253613
10,994,57.7631035874513
11,994,41.0652739034304
12,994,69.7778849030727
13,994,70.4836748778861
14,994,75.8332148583271
15,994,89.275627252484
16,994,131.347850220926
17,994,117.414189185822
18,994,84.9156441150974
1,995,71.842089728173
2,995,121.522745235153
3,995,88.9677843227108
4,995,65.4674298852548
5,995,88.2881615578578
6,995,76.209067379671
7,995,68.622606214861
8,995,58.2802830042141
9,995,55.9219709468754
10,995,82.7548424397501
11,995,59.1774734050116
12,995,49.267828919462
13,995,48.3507549144804
14,995,63.9953598529022
15,995,101.840502008888
16,995,56.7879412235854
17,995,76.268074455961
18,995,61.305028468081
1,996,44.4687668222615
2,996,60.1116907329283
3,996,59.1384735036997
4,996,75.5019465895576
5,996,72.0652060127383
6,996,87.059191183429
7,996,69.6968209866483
8,996,107.772838938839
9,996,75.6560251015995
10,996,60.0850641183533
11,996,72.4787247805334
12,996,65.1433531203826
13,996,95.478000021867
14,996,61.7803219302599
15,996,82.8173851612942
16,996,68.9027025183363
17,996,79.4716664677693
18,996,94.6501957484274
1,997,94.887379967105
2,997,108.188205541779
3,997,56.9192313080835
4,997,52.5303655843642
5,997,72.5532568420363
6,997,69.7337835479982
7,997,101.03748773396
8,997,58.1347818043602
9,997,76.4556949402716
10,997,79.4547574298134
11,997,63.2627158020731
12,997,46.9006254798067
13,997,61.7201106305533
14,997,77.832580772912
15,997,93.0748404928489
16,997,55.3497105176288
17,997,78.9823208676511
18,997,78.6781221902525
1,998,83.3465490811823
2,998,70.0555790328731
3,998,124.363317386586
4,998,77.1801283387635
5,998,99.4207395274536
6,998,54.0889382712836
7,998,90.2884109598563
8,998,68.7354177868904
9,998,70.5928981774146
10,998,68.6693837411318
11,998,60.1383617984195
12,998,77.5755785934791
13,998,54.8838266152411
14,998,64.0966438963227
15,998,72.9634330354759
16,998,76.1091787021053
17,998,53.5401281090243
18,998,50.7955349567596
1,999,54.4860639460473
2,999,100.546189233531
3,999,50.121884802508
4,999,87.1861221928141
5,999,76.8902822202765
6,999,108.255931755966
7,999,65.789161868124
8,999,49.7527938365236
9,999,87.7357722852471
10,999,109.033764468098
11,999,71.8407916952368
12,999,76.2455468423305
13,999,64.0495433040057
14,999,47.8644004759181
15,999,43.6104355226423
16,999,85.7563293247616
17,999,95.5924070460248
18,999,63.5304841387979
1,1000,69.0353598308951
2,1000,70.1400808952185
3,1000,77.0758333901903
4,1000,127.197554580157
5,1000,109.804484812239
6,1000,111.695617131166
7,1000,71.7235599342159
8,1000,111.254886060363
9,1000,55.153943702138
10,1000,63.5973083919478
11,1000,58.6771078683785
12,1000,72.2528122332117
13,1000,103.372322822395
14,1000,60.7167796362322
15,1000,92.071780950631
16,1000,95.3606330484352
17,1000,59.9920833190109
18,1000,50.1580011120186
