"year","iteration","costs_m3"
1,1,24.4403447888776
2,1,29.7388376235395
3,1,25.8331174270333
4,1,31.1552572099173
5,1,32.3312562091593
6,1,20.0857033552749
7,1,27.0093219680647
8,1,31.3235807356072
9,1,27.2235049342543
10,1,26.3216944303033
11,1,32.7658342964336
12,1,26.2888912583985
13,1,28.4465794973246
14,1,27.4160868707234
15,1,21.5341677031306
16,1,31.4614245287393
17,1,23.8982082007353
18,1,19.9729941858958
1,2,24.9310985658001
2,2,32.6994628687039
3,2,31.2712680674269
4,2,28.6094284525213
5,2,28.0657252333758
6,2,34.3500961724477
7,2,28.2194114013171
8,2,28.7818566677893
9,2,27.1563501232604
10,2,27.6159732795711
11,2,24.4602172024435
12,2,22.3804191105117
13,2,32.9514701826537
14,2,31.5086026189277
15,2,28.5867619415962
16,2,29.8330087471113
17,2,19.3228561002185
18,2,26.5307122970056
1,3,29.3625934409538
2,3,23.4817186198669
3,3,24.8155189876938
4,3,23.6986057138618
5,3,22.3040015495505
6,3,25.8916566791822
7,3,25.883041508624
8,3,25.3989446017187
9,3,22.4733299600524
10,3,22.232211109295
11,3,23.7183120349509
12,3,26.4145232433672
13,3,24.1633132430998
14,3,30.7350404025469
15,3,20.0943697157345
16,3,26.1766649104223
17,3,29.8790576800403
18,3,21.9162101938243
1,4,27.3095976006735
2,4,23.3368518438377
3,4,22.0237869411277
4,4,29.3000536295392
5,4,31.3719038400774
6,4,25.4610917633081
7,4,28.316260508137
8,4,21.3607408821177
9,4,25.5652180526939
10,4,24.2724557739044
11,4,30.0935377149472
12,4,26.2405010497175
13,4,30.0301809302238
14,4,30.062279436996
15,4,29.8181078251178
16,4,26.1526110939031
17,4,29.314166585667
18,4,27.9537004675912
1,5,28.8002352990333
2,5,17.543730334194
3,5,26.5064882074375
4,5,23.5352929315731
5,5,25.5198906093637
6,5,27.7934225810167
7,5,25.2073844947627
8,5,21.7034718336501
9,5,23.8645649894375
10,5,28.3468037197431
11,5,25.9240746394563
12,5,29.7374129505937
13,5,21.532905320908
14,5,26.1022409131834
15,5,33.7868705640184
16,5,31.3351561726978
17,5,31.2162399823178
18,5,22.8503710041342
1,6,22.0831781690005
2,6,28.1928447440898
3,6,25.1126526672278
4,6,28.2301765358625
5,6,24.8416864698704
6,6,23.0505569272945
7,6,29.6610286512566
8,6,21.3333693925423
9,6,26.422588111488
10,6,26.8540259344449
11,6,27.6712210528755
12,6,24.9886300329331
13,6,26.6356686614034
14,6,32.698624427134
15,6,26.5804056356152
16,6,31.2859291669379
17,6,31.7492632479453
18,6,27.7546215885155
1,7,25.8511631896079
2,7,22.3800857602003
3,7,32.2068705978781
4,7,24.610048988081
5,7,20.5305219389217
6,7,32.5155152248896
7,7,28.9173214237522
8,7,22.2949672400555
9,7,27.2039549770071
10,7,32.6878921250086
11,7,27.5348834114343
12,7,25.7858806400063
13,7,28.1400018320231
14,7,24.8350985509441
15,7,24.6893918546913
16,7,23.5302413894383
17,7,25.4060868962312
18,7,33.7512231253794
1,8,22.5036035523537
2,8,21.2767415527781
3,8,22.2880360753239
4,8,28.5792364486238
5,8,27.8561978768266
6,8,31.3048827321721
7,8,28.3984606935738
8,8,29.1071804933418
9,8,26.9444203074907
10,8,28.2617828758149
11,8,30.1943454039774
12,8,29.7125208602514
13,8,33.5541562424063
14,8,26.1485406856332
15,8,24.7376537178679
16,8,25.8383683151844
17,8,18.5866313781018
18,8,22.9904413024867
1,9,30.5009263317318
2,9,23.6920998735153
3,9,23.8025177420732
4,9,20.9421636005676
5,9,23.8932566364059
6,9,29.0496352180431
7,9,30.5729161356228
8,9,26.721292008961
9,9,25.6079870646504
10,9,23.9031181100097
11,9,21.7026834768562
12,9,25.6305399000531
13,9,27.4096846118937
14,9,23.4887439262187
15,9,26.2026726370548
16,9,23.5046239869493
17,9,26.7668158974784
18,9,25.2313043070533
1,10,28.1611759402478
2,10,25.4638597710127
3,10,25.2487541648562
4,10,27.0609969127366
5,10,29.1453929931674
6,10,23.5494236172851
7,10,25.8727781241063
8,10,24.1595725519073
9,10,27.9611107746629
10,10,22.9901104418578
11,10,30.8285290094515
12,10,29.2192115562081
13,10,28.3491887640071
14,10,27.8441678609942
15,10,25.4365347925079
16,10,27.0253669141369
17,10,31.0116051935406
18,10,27.500182369112
1,11,30.4563436553405
2,11,24.7466600047135
3,11,28.7791892572608
4,11,24.1508147417137
5,11,27.6178675342046
6,11,26.5647411107785
7,11,24.1510102835764
8,11,27.3426375899278
9,11,31.7237256198504
10,11,31.5004627590272
11,11,24.2696608446419
12,11,24.8548959958739
13,11,33.8207043762316
14,11,27.8633635999954
15,11,32.2547434445357
16,11,26.4201559446476
17,11,25.8104725253702
18,11,28.2555317647873
1,12,22.4716345390022
2,12,27.4182309316023
3,12,23.7973580094605
4,12,32.93081084011
5,12,27.6842887525892
6,12,26.887204353241
7,12,25.7653155682182
8,12,31.1069506784857
9,12,25.3459827264843
10,12,24.4486630377625
11,12,22.7788691104623
12,12,22.8037372358397
13,12,26.5720570077632
14,12,23.9910666712185
15,12,23.4794978443412
16,12,28.4129221245759
17,12,20.1515353389859
18,12,28.6971173263277
1,13,25.2084161406148
2,13,25.832770188024
3,13,30.182223773501
4,13,31.8410795912953
5,13,24.3765593800395
6,13,32.8923566651231
7,13,29.006433972776
8,13,28.540223717117
9,13,20.3074454527258
10,13,25.6867903204154
11,13,26.531194388634
12,13,27.3033115081559
13,13,28.6687596402724
14,13,31.7748928315263
15,13,27.8474036461608
16,13,26.0358086979794
17,13,27.1381768374069
18,13,20.4685767486554
1,14,24.0960844465703
2,14,25.7074905525547
3,14,23.205031271729
4,14,30.3402695656318
5,14,22.4809678941994
6,14,29.9395043188607
7,14,27.1815566135558
8,14,28.2873252757226
9,14,22.7960393965414
10,14,27.9915663621632
11,14,24.7396774849504
12,14,28.9623942311871
13,14,25.726603518668
14,14,33.1582512970245
15,14,33.0922008925344
16,14,28.9869925321118
17,14,24.0478458519702
18,14,23.5592414007218
1,15,27.6056580899679
2,15,24.1835388615184
3,15,27.0368009815088
4,15,29.6996928198401
5,15,22.7365117716956
6,15,25.7847023828861
7,15,26.4698250744611
8,15,30.9016191431963
9,15,31.9885063255744
10,15,31.137062440149
11,15,28.4109301073093
12,15,32.5802917473309
13,15,26.9004951691201
14,15,27.451818358827
15,15,25.0295306171922
16,15,25.1563546129988
17,15,19.1153879890333
18,15,26.7717011983109
1,16,30.9503914211494
2,16,18.2773034117731
3,16,20.8275437759016
4,16,22.6728105906304
5,16,29.5093377192315
6,16,29.0850721157167
7,16,33.2464195070701
8,16,26.4195602386642
9,16,20.885556542986
10,16,28.1493542518028
11,16,29.3642245243015
12,16,22.2013412814258
13,16,25.70141630251
14,16,23.6048690969112
15,16,20.4540431936058
16,16,25.6940027384479
17,16,20.6437626089869
18,16,23.6176694396776
1,17,20.35938725258
2,17,28.3700210006491
3,17,24.5670717265204
4,17,21.4876009958938
5,17,20.823696814322
6,17,31.1103149884472
7,17,29.3114103070965
8,17,30.1209976071382
9,17,33.6550372249535
10,17,21.548334367526
11,17,21.4517530399127
12,17,29.8778107342561
13,17,29.6904272357791
14,17,18.5164709659238
15,17,29.6196806663649
16,17,29.017909876643
17,17,27.9626767295334
18,17,26.561056040801
1,18,22.5452547398724
2,18,18.4292198219859
3,18,26.280114283079
4,18,26.6711126630707
5,18,25.6261396024894
6,18,26.4017040589195
7,18,28.8348282805491
8,18,20.3787430959047
9,18,25.2412583662142
10,18,29.9313091046751
11,18,30.3959053317272
12,18,23.7838628028748
13,18,25.2322286041302
14,18,30.7200759002186
15,18,30.6708437707035
16,18,24.5442145939512
17,18,22.3792703111085
18,18,28.7316308912534
1,19,21.5526707067472
2,19,19.6838790937289
3,19,34.9654340039263
4,19,19.7256518632125
5,19,25.0534524617982
6,19,31.7621142152633
7,19,27.836576866664
8,19,24.4240747172958
9,19,29.1156044252495
10,19,30.3714834975921
11,19,24.7686199992469
12,19,26.6737386763664
13,19,28.6590725053204
14,19,28.0752904128685
15,19,28.0999800324679
16,19,33.4729714872886
17,19,25.8936362943817
18,19,21.8677732593312
1,20,26.9900371063112
2,20,23.6061205884888
3,20,26.6144049630032
4,20,25.414137725512
5,20,33.7102868705054
6,20,25.6124267547344
7,20,23.6651527639105
8,20,27.8955834280584
9,20,22.1910230338471
10,20,33.0945648104935
11,20,26.887599825026
12,20,22.6537884677699
13,20,27.8819610734554
14,20,33.8364717381057
15,20,28.3542608692787
16,20,25.9373096942046
17,20,24.8770160715628
18,20,30.3891989581472
1,21,22.3221213247786
2,21,23.1298035687602
3,21,31.4033814768104
4,21,24.6942481305729
5,21,25.337132759639
6,21,29.6823075287123
7,21,23.1384407599877
8,21,19.0045225700281
9,21,25.8080958742164
10,21,26.5829799429134
11,21,25.9677791577804
12,21,25.1045048867009
13,21,30.8748885064415
14,21,26.3066434724571
15,21,27.0617071185292
16,21,32.9771625418471
17,21,29.5628718224469
18,21,23.3715553058612
1,22,24.7023515931414
2,22,33.2274396188215
3,22,27.5294516731498
4,22,29.3915159429229
5,22,25.4417436116603
6,22,29.4950855399762
7,22,27.0977585648979
8,22,31.7401966167181
9,22,23.0131566180699
10,22,24.3726258210374
11,22,21.3634065041698
12,22,23.3952800499669
13,22,33.442820495638
14,22,24.5492558100697
15,22,28.9787428853018
16,22,29.7048232113453
17,22,21.5862662204355
18,22,23.8093373979752
1,23,24.2228538656508
2,23,21.4947550184064
3,23,21.8385809034982
4,23,34.1351903692571
5,23,33.8415483755525
6,23,22.200637956963
7,23,31.5668236647183
8,23,27.4498168603772
9,23,25.6892438333226
10,23,26.2534444132719
11,23,28.7593588861287
12,23,21.0811193535748
13,23,25.0641270866876
14,23,28.4806446489932
15,23,24.8007765988557
16,23,30.3350206149213
17,23,23.4637750115907
18,23,26.7253231636679
1,24,24.2938749898518
2,24,23.1176163907369
3,24,32.5925256014309
4,24,24.8577834337436
5,24,26.5371540239283
6,24,19.4634454584784
7,24,27.1873312564911
8,24,28.1031701233546
9,24,27.6359732892229
10,24,24.8603019665621
11,24,31.2997935327427
12,24,27.9245609136581
13,24,24.6306166511406
14,24,25.6111879101339
15,24,22.6102687604208
16,24,30.8108236690878
17,24,32.6603259701745
18,24,27.3340456162399
1,25,24.9502341617191
2,25,34.5604618686562
3,25,23.743211915523
4,25,27.7924680483544
5,25,21.6432455940681
6,25,26.6204066509358
7,25,21.4604023507837
8,25,22.6218848110136
9,25,24.3824515118725
10,25,27.5198897249922
11,25,29.0446823913911
12,25,22.6945656642954
13,25,30.8746332414386
14,25,28.78234183753
15,25,29.3863171055427
16,25,22.3798996582111
17,25,25.2782445141179
18,25,28.401958436367
1,26,26.9694913039604
2,26,25.1846536937226
3,26,23.8222230241191
4,26,20.4605708640152
5,26,23.7682182175365
6,26,31.2809998216171
7,26,30.0545016571998
8,26,29.2305207264416
9,26,22.5157743912228
10,26,21.9708108760393
11,26,33.3510785753496
12,26,26.1148858759827
13,26,26.3952772559955
14,26,22.6908703504315
15,26,27.5297911391051
16,26,24.2258764252754
17,26,23.6771446016562
18,26,28.5921841075082
1,27,24.3806703170727
2,27,30.0347756766879
3,27,21.3404537876175
4,27,30.1975378340609
5,27,26.0255681453262
6,27,29.3312842485794
7,27,28.2880257806267
8,27,26.2002390050178
9,27,27.933290429171
10,27,17.4975496472036
11,27,23.4938215357504
12,27,28.7413414847399
13,27,23.4636936675496
14,27,30.0837071260051
15,27,24.6899251495188
16,27,28.5548869524536
17,27,32.1457330069472
18,27,21.7964709613181
1,28,22.027072764713
2,28,28.4534829161858
3,28,26.0412383423636
4,28,30.3765904207018
5,28,33.2308302215422
6,28,20.7879261369651
7,28,26.3532846929196
8,28,28.7051498814969
9,28,21.1839516184147
10,28,34.2505107407862
11,28,23.9928642482616
12,28,20.2088957725771
13,28,28.5396867834563
14,28,29.7209059311165
15,28,25.2279194138934
16,28,25.3722034057173
17,28,24.4343381184508
18,28,21.0212528268362
1,29,25.3611970654779
2,29,22.8979057541069
3,29,27.0828145340073
4,29,26.7824971418747
5,29,32.4457844905904
6,29,25.0873508560576
7,29,26.4021773163501
8,29,21.0817870092654
9,29,30.7714414137259
10,29,25.6915149612307
11,29,29.0934119095507
12,29,22.7967703838582
13,29,26.303179407488
14,29,29.5077194917914
15,29,20.5829192401638
16,29,30.0996914541305
17,29,24.6089874597853
18,29,25.3524538693237
1,30,24.7426122536611
2,30,19.8142109721204
3,30,26.9226194002202
4,30,28.4618365327167
5,30,31.5265780702616
6,30,19.3617493922887
7,30,34.0045100047614
8,30,24.6304047546389
9,30,32.2987694642611
10,30,28.5534369613519
11,30,26.2255903694115
12,30,30.1192086942483
13,30,19.8874701248199
14,30,29.1300790956622
15,30,25.172301880903
16,30,30.3012628376449
17,30,27.0780938313143
18,30,24.274537752187
1,31,29.9061903542851
2,31,21.2901467072429
3,31,30.3429068140425
4,31,24.3042064003569
5,31,29.297665902076
6,31,32.9869378655482
7,31,21.0567113851808
8,31,30.6802857577594
9,31,29.9235609361835
10,31,25.5783124087593
11,31,24.9272895417089
12,31,23.313168930256
13,31,27.3863182340448
14,31,31.2445739278691
15,31,27.0242401681101
16,31,27.5486395955042
17,31,28.322689001761
18,31,27.0258929503348
1,32,26.8383344592486
2,32,18.921367037276
3,32,20.152967128375
4,32,32.0696734797384
5,32,29.4962295920479
6,32,23.2554156474338
7,32,28.1639780770817
8,32,28.1996175870158
9,32,25.6871510775051
10,32,30.0611069477319
11,32,27.1833556326962
12,32,31.1925202103141
13,32,27.2405564122502
14,32,31.58124697677
15,32,27.5533326302596
16,32,25.9845723111958
17,32,32.564708904164
18,32,28.7874965994307
1,33,25.8786476932186
2,33,19.0345455098883
3,33,27.36214684205
4,33,26.6496531718879
5,33,31.0797841586529
6,33,30.0686972731269
7,33,30.6761262958539
8,33,25.3883931531986
9,33,30.9992135923443
10,33,22.45417975068
11,33,24.3674599078899
12,33,28.3327594603281
13,33,33.4541349608547
14,33,27.5093660265924
15,33,26.9952472600815
16,33,20.5322090220244
17,33,33.1473990745179
18,33,21.883991272193
1,34,21.216372659226
2,34,31.1159311422716
3,34,26.8244176023857
4,34,25.0430536616743
5,34,31.3587675324891
6,34,19.6185221758348
7,34,23.7766700527655
8,34,28.5414583792363
9,34,23.6167042427088
10,34,24.8192675357363
11,34,22.833114679983
12,34,29.9126656705211
13,34,22.365775249772
14,34,30.207319357465
15,34,24.967256313134
16,34,25.4578574560193
17,34,27.95886665492
18,34,21.399827013999
1,35,19.2070547523314
2,35,34.2577315688937
3,35,27.5205081537463
4,35,29.6549742735219
5,35,31.3140298672343
6,35,29.3188928553639
7,35,33.5282507441055
8,35,20.0408158339861
9,35,31.529805713074
10,35,30.8587906183021
11,35,29.5731905345451
12,35,25.4869925638182
13,35,19.9745892499419
14,35,25.3495500566201
15,35,24.264308656032
16,35,30.6194371536102
17,35,25.3270687270051
18,35,24.6498669096575
1,36,29.3708467698603
2,36,30.5328749886139
3,36,26.3347288124874
4,36,29.0206893696597
5,36,21.558359850146
6,36,23.5333417392991
7,36,32.68397631439
8,36,29.2847329115474
9,36,30.1540102461485
10,36,25.9254346354367
11,36,27.6131161482611
12,36,29.8777030395057
13,36,31.2509152830471
14,36,25.5785078990783
15,36,21.2605725817563
16,36,27.9195265453253
17,36,29.208120119282
18,36,21.1480666945981
1,37,24.6013029300295
2,37,27.8107069167106
3,37,29.2955171206526
4,37,31.803382190163
5,37,26.5107323388849
6,37,27.3656593144926
7,37,29.1018325526622
8,37,30.7289950874286
9,37,31.6423848091102
10,37,20.40957685034
11,37,26.7726072184939
12,37,25.1931219494555
13,37,30.543873766692
14,37,29.9804705461997
15,37,21.8271232920303
16,37,28.8281955057591
17,37,23.7494608491107
18,37,20.8996806373521
1,38,32.2150484226126
2,38,22.5542957434396
3,38,28.1315552808397
4,38,22.8255733742637
5,38,19.1177557730512
6,38,26.9460843317603
7,38,21.1687735864402
8,38,24.3825716438433
9,38,25.9531243772971
10,38,27.5516216417832
11,38,29.9840062677251
12,38,23.2691563134165
13,38,26.3496979773019
14,38,26.2367415243181
15,38,29.0683511643954
16,38,28.8513806887178
17,38,30.3299574929859
18,38,31.2179681151522
1,39,32.6477094306637
2,39,27.2160699374426
3,39,26.9556257430071
4,39,22.7797347132007
5,39,26.5450992005388
6,39,24.002534147956
7,39,19.8970041647147
8,39,28.0088665321136
9,39,27.1150701293002
10,39,22.255645053591
11,39,24.3915604334139
12,39,27.5120672135369
13,39,22.686353104521
14,39,21.3926037681009
15,39,26.0377826200638
16,39,25.2523303197633
17,39,30.5343813769454
18,39,24.0865119042102
1,40,19.2587234339772
2,40,30.8083594700957
3,40,25.0092305843361
4,40,27.979037051014
5,40,27.1779085539529
6,40,25.4829050970407
7,40,23.0221835793469
8,40,26.0411559089028
9,40,27.9690085507456
10,40,26.9416789464574
11,40,28.2595504681809
12,40,29.0175672076262
13,40,26.6183798213105
14,40,25.5705168982833
15,40,18.3216501953934
16,40,18.0253289072204
17,40,34.404551808143
18,40,21.6372609067815
1,41,25.9347381400723
2,41,28.8866255141743
3,41,29.1713994893813
4,41,30.9663787274438
5,41,27.7463124795789
6,41,29.3351227257769
7,41,30.5696636777252
8,41,27.7935059144489
9,41,29.8033391889547
10,41,19.2458346570499
11,41,25.916429391702
12,41,31.0149959353073
13,41,28.1344803389203
14,41,31.9615732854644
15,41,22.8046043476682
16,41,24.7871493923443
17,41,29.950849216319
18,41,33.9979351728768
1,42,24.8656275858273
2,42,17.6722088547141
3,42,34.1967227976994
4,42,22.4021562312623
5,42,20.2036141927749
6,42,27.6462687743418
7,42,24.8530601605155
8,42,27.0076838372853
9,42,29.8324067069523
10,42,20.7481675646519
11,42,28.6334665961694
12,42,32.5393490456921
13,42,24.3159158460533
14,42,23.9431803821924
15,42,22.5927367862767
16,42,20.8167974106623
17,42,27.2778763972697
18,42,26.647471640761
1,43,26.6903093345073
2,43,31.2502498319967
3,43,19.7908838978488
4,43,23.2953406985043
5,43,26.8754628253365
6,43,23.7643367920345
7,43,27.4418396229594
8,43,26.5741483395917
9,43,27.3860442717378
10,43,22.3280806440286
11,43,22.3556555602764
12,43,25.8679160146509
13,43,28.50428237244
14,43,28.1961642993266
15,43,31.7811529565674
16,43,30.0723095025464
17,43,28.4288501934054
18,43,29.9949951655679
1,44,22.0338385484391
2,44,23.9616835476027
3,44,24.9736915830982
4,44,25.815089034031
5,44,28.0144969252987
6,44,30.0102315999588
7,44,24.0688846590157
8,44,30.1612292704858
9,44,18.8847490909665
10,44,28.2060839800674
11,44,30.0530108996092
12,44,26.3690241323115
13,44,23.2904569297802
14,44,19.0545500434607
15,44,24.3842240927002
16,44,31.7664153683119
17,44,32.1692961927533
18,44,27.1423096887583
1,45,23.5252746282346
2,45,26.6435269844412
3,45,29.9088868133599
4,45,25.8189073377391
5,45,21.5506790114894
6,45,24.3516054940515
7,45,25.3165809472245
8,45,24.074763874538
9,45,26.4610360350591
10,45,25.3655604988883
11,45,21.9040783360405
12,45,20.1307652124707
13,45,24.1216485133957
14,45,33.1338859714341
15,45,26.6345343581799
16,45,26.5309665597198
17,45,29.2457779258542
18,45,28.3424810430336
1,46,20.2051710637749
2,46,28.6343849165089
3,46,25.3366966027706
4,46,31.1748782942248
5,46,29.571793946865
6,46,22.239403370762
7,46,24.5332184986835
8,46,21.9963449403702
9,46,27.5761543035272
10,46,27.3161867649365
11,46,28.5653972894488
12,46,24.732440430519
13,46,27.7244951159774
14,46,34.1223067026955
15,46,29.1792746369242
16,46,20.9217952748219
17,46,26.2671754294206
18,46,20.3277116244143
1,47,25.0669394309655
2,47,29.0707274480797
3,47,18.0710248132726
4,47,29.5290888547583
5,47,26.3849601161618
6,47,28.9200915880197
7,47,28.3306877215322
8,47,27.41095354271
9,47,28.7296566231458
10,47,28.2349174781019
11,47,24.4626301036886
12,47,21.4129484510424
13,47,32.9327402629272
14,47,29.0984872255255
15,47,27.7929644242162
16,47,21.8779917405126
17,47,27.2128183682595
18,47,24.1211218764008
1,48,31.4337789955409
2,48,18.4989934076549
3,48,23.7628805519737
4,48,22.071015901073
5,48,24.9111965997101
6,48,28.9835096676929
7,48,34.1682693004665
8,48,28.8556352099624
9,48,26.7871618900658
10,48,26.1140450648205
11,48,32.544481072248
12,48,21.8829088828649
13,48,20.9043195858673
14,48,31.2619340154089
15,48,25.9948111085498
16,48,19.9828803224998
17,48,28.1354412094034
18,48,26.4407358041844
1,49,27.8432775150088
2,49,24.2263613340031
3,49,22.5564637835851
4,49,21.7661347206064
5,49,26.8179094767123
6,49,27.1925514471791
7,49,22.2654134901948
8,49,22.7645450741443
9,49,29.4057806527028
10,49,27.0027251119265
11,49,30.7856159644594
12,49,28.4042938523002
13,49,18.7469974153458
14,49,28.6137097310721
15,49,31.3107040453515
16,49,27.9796430282035
17,49,21.625083412462
18,49,31.8878888257325
1,50,28.4232937222043
2,50,22.4063802819273
3,50,29.2046202784433
4,50,32.3841329472249
5,50,25.956748391605
6,50,24.5668405253721
7,50,24.0771720620306
8,50,23.5748810466335
9,50,27.3523141615275
10,50,29.3405524909171
11,50,28.3629374364665
12,50,27.1787893196745
13,50,30.0494744636253
14,50,29.3712312937918
15,50,19.1174918873516
16,50,25.5317798788991
17,50,20.2492811483027
18,50,29.8654061098631
1,51,31.944597945545
2,51,27.1429209506688
3,51,30.6489568257736
4,51,27.5170127976767
5,51,28.3495948573732
6,51,26.8522258365384
7,51,29.4151965288129
8,51,31.529060943423
9,51,30.1754695849994
10,51,20.8117990350265
11,51,18.0485689555475
12,51,20.2884533827545
13,51,30.876150404957
14,51,27.4492947039082
15,51,24.7634664159922
16,51,32.8430245654526
17,51,27.5882660389469
18,51,27.0399373832006
1,52,25.5648592227688
2,52,24.8319089455373
3,52,30.0071368951631
4,52,19.9683849958275
5,52,25.3420788704291
6,52,30.7155048569192
7,52,28.6653208544891
8,52,28.5200268020144
9,52,25.1642520989101
10,52,27.2529512266375
11,52,22.2038458851772
12,52,29.6950333624948
13,52,31.22325093376
14,52,23.3005991407194
15,52,29.512954458728
16,52,27.6369117911848
17,52,32.7900980551088
18,52,22.5801026993438
1,53,26.9895220385929
2,53,30.985744374016
3,53,30.9281121921154
4,53,19.2827075275121
5,53,33.3955069586332
6,53,26.6512017536162
7,53,25.6216346754182
8,53,25.9231163124545
9,53,21.3185904221422
10,53,22.6326842705587
11,53,25.7954852735047
12,53,25.093042106299
13,53,25.8991027431137
14,53,24.6446663580676
15,53,27.3035581980647
16,53,22.5322412137073
17,53,32.7585244700136
18,53,20.0350176674717
1,54,25.4356468572553
2,54,32.9387511526773
3,54,28.1151194570877
4,54,20.545325212541
5,54,25.8433310182348
6,54,26.0098407924091
7,54,26.8224068237022
8,54,26.2514070031688
9,54,27.8952300391734
10,54,22.2533810043673
11,54,31.6185823720096
12,54,27.3868722592003
13,54,27.1948132711987
14,54,21.8171965230821
15,54,29.4063094381176
16,54,26.5363062855953
17,54,29.6568474290819
18,54,20.1005186512768
1,55,30.1665613762557
2,55,24.2081023714762
3,55,24.3806451423662
4,55,28.092933862566
5,55,32.5258155443833
6,55,18.3350278409893
7,55,25.2053346940958
8,55,25.9386624811756
9,55,26.3342826405353
10,55,28.8170827119988
11,55,31.8620040427563
12,55,27.9329418898497
13,55,31.5063530673504
14,55,29.3488142961769
15,55,22.2150254198467
16,55,22.4873058960922
17,55,23.1066608477541
18,55,26.0847593462464
1,56,21.1903314954058
2,56,23.5877070469293
3,56,27.4116408616595
4,56,25.7397208984764
5,56,27.3505946229391
6,56,30.3066807482222
7,56,28.081819042855
8,56,25.6467710739113
9,56,28.7935255956318
10,56,21.6564636249698
11,56,24.2626515346881
12,56,27.613383807211
13,56,22.6053792371551
14,56,30.6656216646964
15,56,30.5773101102363
16,56,26.531598636768
17,56,29.5515205305193
18,56,24.5380698349316
1,57,20.6622364357565
2,57,26.1597417687593
3,57,26.3762692278702
4,57,25.0828828499929
5,57,23.0107099023665
6,57,26.8114218560982
7,57,19.0752500205094
8,57,29.5514438366036
9,57,27.2979932711887
10,57,28.0752932698638
11,57,26.4388927642022
12,57,24.3345050282853
13,57,26.3675111610685
14,57,29.7969348156018
15,57,27.5356494410928
16,57,25.6818414462551
17,57,30.046349298658
18,57,24.8200862094227
1,58,27.4973749655704
2,58,26.3104508763009
3,58,24.2002364391031
4,58,27.257436342082
5,58,23.693069177461
6,58,27.1487291623603
7,58,26.2309669155065
8,58,22.0755687354014
9,58,27.880241460038
10,58,27.1922051932461
11,58,22.4177495215833
12,58,27.2969158331757
13,58,26.0199676345505
14,58,26.2325793890581
15,58,30.3603130447621
16,58,28.9058826331359
17,58,26.3244091169092
18,58,26.9456211462599
1,59,23.8486621428182
2,59,20.9218859868617
3,59,25.6445754591852
4,59,18.7509604208712
5,59,30.8916002219215
6,59,34.2273323958415
7,59,28.7854674527285
8,59,30.2645977183398
9,59,31.3140325473257
10,59,27.113691066268
11,59,27.2586708356562
12,59,24.2988823721687
13,59,28.2551988882684
14,59,23.8620470501873
15,59,24.4490012677485
16,59,28.8629150233338
17,59,28.9965350625906
18,59,22.8178819004654
1,60,24.672243884382
2,60,25.4107281733955
3,60,20.967174839688
4,60,28.8333855735107
5,60,27.2188509616425
6,60,22.1786908220327
7,60,33.32998783465
8,60,27.3187922432066
9,60,29.7401967476984
10,60,30.5954050626847
11,60,31.0689112574901
12,60,29.8998508779216
13,60,28.0621415718922
14,60,27.950811290757
15,60,24.2340501091674
16,60,19.5406239375526
17,60,25.9471861958827
18,60,25.248633006313
1,61,25.6557401490316
2,61,22.7999174913163
3,61,24.8329694402114
4,61,25.8812664747982
5,61,29.3732958869506
6,61,24.2402771198191
7,61,21.7925602920279
8,61,19.5169916091311
9,61,29.9862012914569
10,61,26.5534240652308
11,61,29.9779187683915
12,61,20.9981142921915
13,61,21.7876963005207
14,61,22.0592504500374
15,61,29.1267555968124
16,61,29.3460069470128
17,61,34.2161992936117
18,61,27.9078623427542
1,62,24.4543244214122
2,62,23.2378096261457
3,62,29.9057821771196
4,62,28.9991678591168
5,62,23.4909913393156
6,62,29.1915206096848
7,62,30.8776863586861
8,62,27.0213824230636
9,62,27.6584253263214
10,62,32.2623770020349
11,62,32.595302723364
12,62,28.2689220213016
13,62,20.8333044791802
14,62,30.2590691627037
15,62,26.5477538109913
16,62,25.6438604869197
17,62,24.5841218295608
18,62,23.8739703189513
1,63,25.9674175816211
2,63,32.2656894627937
3,63,24.1438322065248
4,63,27.378882472754
5,63,23.2719973145847
6,63,23.1296450533303
7,63,28.894842647036
8,63,24.7595565179667
9,63,22.2246757105138
10,63,20.4560635298498
11,63,32.1093870784251
12,63,27.376775721544
13,63,21.8357618621214
14,63,27.3444925396166
15,63,27.1214520413963
16,63,30.1642705377723
17,63,28.720477738207
18,63,27.3713946807004
1,64,28.9254169859441
2,64,29.2896332982059
3,64,25.5374485796693
4,64,24.4457856247908
5,64,27.042472070892
6,64,24.0800767402326
7,64,30.3382620431751
8,64,25.7949279681592
9,64,20.8419574301212
10,64,32.6785979945193
11,64,23.4929571355183
12,64,25.797696447099
13,64,27.9187881074703
14,64,27.9456639327167
15,64,24.9348424321747
16,64,22.2340831411102
17,64,31.7537563901846
18,64,27.6629466224404
1,65,29.2555295279362
2,65,31.8431309992749
3,65,27.0154447039248
4,65,25.4336676473234
5,65,20.666977681989
6,65,30.6803671284516
7,65,26.8437019899505
8,65,23.3880868038244
9,65,25.4762951739993
10,65,23.349218454456
11,65,26.347868324653
12,65,23.8355705096217
13,65,21.8538071694258
14,65,20.8378814892668
15,65,28.5898317097829
16,65,24.4325440249335
17,65,22.4206866588984
18,65,33.2664176499612
1,66,25.8493171416816
2,66,25.7572383560117
3,66,28.1467052457533
4,66,31.787768764988
5,66,23.4854030887433
6,66,27.1922470005239
7,66,28.9111310270681
8,66,25.7084970711695
9,66,21.3423193534763
10,66,28.0098183660186
11,66,17.878158564777
12,66,23.3958116236982
13,66,28.4619359818412
14,66,30.8700622175483
15,66,29.8893973841946
16,66,22.1627643867949
17,66,25.603537585271
18,66,29.7410123786535
1,67,28.610621756579
2,67,27.6172062629217
3,67,21.9538912605441
4,67,27.2565392350442
5,67,26.2495104945336
6,67,29.4574128079057
7,67,19.385721483805
8,67,23.1658736119199
9,67,31.124110882766
10,67,21.6764047402909
11,67,33.1308316986679
12,67,25.5785839650126
13,67,30.7472049440497
14,67,31.2325732147272
15,67,26.6402841680504
16,67,28.8889664384482
17,67,26.61724585622
18,67,33.9834849707629
1,68,20.639069844078
2,68,22.5627096667597
3,68,29.7004300051831
4,68,27.139165429271
5,68,25.912592865558
6,68,34.8571775076826
7,68,24.0272867278691
8,68,26.8197344044074
9,68,20.9972862601488
10,68,30.0800186894653
11,68,25.5457067727467
12,68,29.9228123125136
13,68,23.2077440731239
14,68,32.4809167123094
15,68,25.1374242441595
16,68,26.9529608649449
17,68,21.7146376332315
18,68,31.2074521291512
1,69,32.6924796789274
2,69,19.9172220642501
3,69,26.6838204094455
4,69,23.6201846120729
5,69,30.7505386563778
6,69,27.0355545612048
7,69,18.1252321467721
8,69,24.3132376847694
9,69,24.899024204482
10,69,27.5649667657724
11,69,23.9469353683843
12,69,20.0075644513373
13,69,21.6942237969237
14,69,28.7290049003519
15,69,32.2959223426744
16,69,24.7312097826649
17,69,20.9857905590982
18,69,24.8580040495922
1,70,27.911314165541
2,70,26.1567814100442
3,70,29.9115313453593
4,70,24.3352707470815
5,70,27.3984889358775
6,70,19.9752453315235
7,70,23.0974828995386
8,70,28.9913989873074
9,70,30.2642311777885
10,70,26.8466259874671
11,70,27.3711920835785
12,70,17.6651590716735
13,70,22.3214287232985
14,70,30.8664228962635
15,70,21.0824884237606
16,70,23.8775503771735
17,70,33.628453854151
18,70,27.4616152057681
1,71,23.9339875257151
2,71,27.8144930364737
3,71,19.6104248354979
4,71,22.3682696835652
5,71,28.7215064986314
6,71,20.6604614048232
7,71,27.8810321968043
8,71,32.2550615078637
9,71,21.2057243323268
10,71,33.279883308739
11,71,19.3820857328647
12,71,28.9700971281748
13,71,26.2926192719751
14,71,27.3571214419037
15,71,30.9786717636767
16,71,27.2518766772539
17,71,29.1139039281117
18,71,27.8939380927606
1,72,24.7295094567884
2,72,25.6542888391926
3,72,23.2705404796091
4,72,30.6554519116565
5,72,27.736378681596
6,72,29.3338432775144
7,72,27.3238112498082
8,72,24.2919407015032
9,72,29.0894339323926
10,72,27.2039107290346
11,72,25.1426371934429
12,72,26.8866019845445
13,72,30.1092749621621
14,72,26.9922957452507
15,72,23.2848157913227
16,72,30.5829781615559
17,72,25.4172344420837
18,72,24.6357649991677
1,73,29.5126299275137
2,73,29.064874215907
3,73,30.4434483237571
4,73,27.3832676473873
5,73,19.3933532459639
6,73,26.6116529115789
7,73,27.1436778009499
8,73,30.4100024988939
9,73,29.0095433951207
10,73,27.2568624506674
11,73,20.861487243143
12,73,22.1903312466833
13,73,28.5213320337361
14,73,21.4641673403928
15,73,23.2959696089422
16,73,25.3670619950491
17,73,30.5536460852467
18,73,23.7717231965434
1,74,28.7414033672604
2,74,21.631547754143
3,74,29.6197187671853
4,74,24.0197136600451
5,74,27.1926520159067
6,74,19.6902518204662
7,74,29.9760323534988
8,74,25.0460462094458
9,74,31.7873565922954
10,74,25.2675233113944
11,74,33.3753488232349
12,74,25.5696673877492
13,74,26.63625241337
14,74,26.6565179820755
15,74,18.699829225922
16,74,28.0753990634534
17,74,26.8641066580116
18,74,24.84143474934
1,75,27.4972434991136
2,75,27.8376350093855
3,75,26.1367610601765
4,75,22.7743568282057
5,75,28.8550392862522
6,75,29.2337472002525
7,75,30.5188884838286
8,75,27.0708807894322
9,75,24.622405661515
10,75,26.3207306612799
11,75,25.5692758727034
12,75,23.9383203607546
13,75,28.2083899401467
14,75,32.7226274457818
15,75,24.4842994957367
16,75,28.1632436851812
17,75,27.0856349403163
18,75,27.6471987885297
1,76,19.3350553125332
2,76,18.1451778920553
3,76,22.0958957406473
4,76,19.3315831470412
5,76,21.3009325849211
6,76,26.5088519398878
7,76,23.188506961034
8,76,30.0940101436703
9,76,23.8705714334875
10,76,26.6375461821274
11,76,28.1500056385488
12,76,22.5805779751725
13,76,30.4147210821749
14,76,26.1196492761797
15,76,23.7247557343878
16,76,24.5808311208694
17,76,22.5924978808906
18,76,27.5356636758301
1,77,22.4096033167804
2,77,22.9145982273469
3,77,25.0630724875468
4,77,22.9912657255533
5,77,25.7968095474823
6,77,27.8010276478491
7,77,28.5326907020498
8,77,30.2188455737192
9,77,25.4557922851414
10,77,32.6531291392855
11,77,19.0576953438878
12,77,27.7896063487174
13,77,26.3908912988354
14,77,25.2406528021055
15,77,31.1448472262614
16,77,20.9204660067425
17,77,31.1600612670158
18,77,23.0588133547374
1,78,23.462243238291
2,78,30.9252255667935
3,78,20.5337360555779
4,78,23.7443242521643
5,78,34.2556288810563
6,78,28.4532066367948
7,78,26.1083145440117
8,78,25.4924133252375
9,78,26.3671879316101
10,78,29.9183526690678
11,78,28.2940306492781
12,78,26.4149304509963
13,78,20.3196121813778
14,78,23.7762299753196
15,78,23.7211845097714
16,78,23.6849671128072
17,78,20.5579359431506
18,78,26.7173836116507
1,79,23.8714705308056
2,79,29.3592504832607
3,79,27.1859019250924
4,79,32.5244481257326
5,79,21.1663457456443
6,79,32.5196014316674
7,79,28.9378087249777
8,79,31.9080036041007
9,79,27.8037425064777
10,79,22.6185360889391
11,79,22.9761277277075
12,79,29.0270588348578
13,79,27.5726337247099
14,79,24.747072628384
15,79,29.5402131163165
16,79,25.0291467788103
17,79,30.7009521291256
18,79,27.4888610465087
1,80,25.9039703538087
2,80,32.1432305837145
3,80,26.3822202170568
4,80,21.4582738790434
5,80,26.4094522470131
6,80,33.7447747119327
7,80,31.9789459707726
8,80,26.1074147196077
9,80,30.9283555555414
10,80,24.5992918050842
11,80,29.8663360452784
12,80,29.900311981337
13,80,25.597331668936
14,80,25.5392732295671
15,80,28.1160069060379
16,80,30.7965378792347
17,80,28.2288922670837
18,80,26.8993799423178
1,81,22.4096663761585
2,81,27.7933734202711
3,81,19.9699433884964
4,81,26.7292416647591
5,81,29.1356766835654
6,81,29.3072058866607
7,81,20.5948553270359
8,81,26.1795232361969
9,81,26.7513117761496
10,81,24.2189397053462
11,81,27.6599743787467
12,81,29.0926915567023
13,81,28.8381762447769
14,81,21.8105875521467
15,81,27.4389400776867
16,81,29.8684629581944
17,81,23.7013800675552
18,81,28.9658405764084
1,82,30.4302739587984
2,82,21.8567085514248
3,82,32.8277190011312
4,82,29.233484884348
5,82,30.0415490837734
6,82,23.0851187742353
7,82,19.3803313942665
8,82,30.8307740356547
9,82,31.8478772778112
10,82,22.2108387984653
11,82,26.5292744318731
12,82,26.3848242067882
13,82,28.6897250107664
14,82,20.6608352368657
15,82,29.0601295965277
16,82,25.6944197337052
17,82,26.3702048705603
18,82,28.9709142921417
1,83,26.4543565923112
2,83,34.9964355275683
3,83,30.5496718880042
4,83,30.2861390724557
5,83,29.4015901057057
6,83,21.7230754267051
7,83,30.4445097645118
8,83,30.0825504103006
9,83,34.1465006959239
10,83,20.1715755344455
11,83,29.2218321865556
12,83,25.9414522180335
13,83,27.5038354374751
14,83,30.322839218137
15,83,18.7756472143097
16,83,18.6544900745841
17,83,34.5429934453328
18,83,29.4515010263925
1,84,24.7733326878783
2,84,30.0570509565268
3,84,34.1340800231647
4,84,23.2505852503678
5,84,28.1212635012174
6,84,26.1293839161466
7,84,32.271901219421
8,84,33.9442627557996
9,84,26.3187477574825
10,84,23.6844241991661
11,84,28.6385576527778
12,84,27.2705995803254
13,84,27.5276830416341
14,84,26.0893296802547
15,84,26.0126299038597
16,84,27.6415527014893
17,84,26.2763753724037
18,84,32.7593563146194
1,85,30.5267232659364
2,85,23.5732705678192
3,85,25.9503703358887
4,85,25.948421855905
5,85,19.1515807000483
6,85,25.5267980515628
7,85,25.9730059129224
8,85,23.1084165725392
9,85,28.7463894260328
10,85,18.7750584558635
11,85,29.0388425736633
12,85,26.0800335169764
13,85,29.0392704865692
14,85,18.7992955950058
15,85,20.0780083124948
16,85,25.9320819611582
17,85,28.0991466868019
18,85,23.5306176658267
1,86,30.3624859228584
2,86,28.6307151942569
3,86,31.4481731033797
4,86,25.8884500784253
5,86,25.8544769985394
6,86,23.9513920567581
7,86,25.4534199033764
8,86,23.7023456583326
9,86,32.1209137853915
10,86,26.5165413436779
11,86,20.1515778344002
12,86,29.5494901449521
13,86,24.9686571163969
14,86,27.2365885822362
15,86,28.4334929428241
16,86,24.3103475548684
17,86,20.3077897563118
18,86,26.0083260948176
1,87,27.7678994639122
2,87,33.4015559018648
3,87,33.1735097261898
4,87,21.2191229441309
5,87,26.72944272384
6,87,25.6918229900263
7,87,25.6341840885908
8,87,24.8193261282401
9,87,28.4996474115347
10,87,24.4029872395081
11,87,25.6316228564477
12,87,34.0687292553657
13,87,29.7872914011301
14,87,24.7461409806321
15,87,30.1281713834683
16,87,23.546652304329
17,87,26.7551440037285
18,87,22.7185741880684
1,88,21.872736416057
2,88,31.4196786049626
3,88,21.3360116968675
4,88,30.8515635975977
5,88,24.3008265682169
6,88,19.4346857195028
7,88,29.7268552369488
8,88,25.2850421630991
9,88,19.3437869098211
10,88,29.2135619638215
11,88,19.5283424641749
12,88,26.0917217983133
13,88,24.0399962790946
14,88,26.7259566906864
15,88,28.1954247674964
16,88,21.1081260474982
17,88,22.9370741338805
18,88,21.5663776752074
1,89,30.0623275476466
2,89,27.9367906764781
3,89,27.9670236702476
4,89,25.6402049521262
5,89,26.0752079023007
6,89,25.171325387456
7,89,29.807741088998
8,89,31.2245625130906
9,89,28.1727623989191
10,89,27.6039434458915
11,89,24.9299368623908
12,89,20.9176847729515
13,89,27.5900813066247
14,89,22.9030659744993
15,89,29.1573607128229
16,89,24.5191349533169
17,89,28.0525225963956
18,89,21.9723442356742
1,90,24.0218512399561
2,90,30.1768878525015
3,90,29.9444016451258
4,90,20.0944788482465
5,90,31.0260208278114
6,90,22.0327956340736
7,90,27.7555462110835
8,90,26.450068444613
9,90,27.2765529130487
10,90,29.029475180757
11,90,26.4529402187741
12,90,33.9779201633933
13,90,33.7728245066298
14,90,25.6660003419431
15,90,27.7556971016286
16,90,25.1352587423878
17,90,26.1249151036485
18,90,23.6635625071749
1,91,18.257705585259
2,91,19.2909403960083
3,91,20.4763751535276
4,91,29.4377135953358
5,91,26.4449206380191
6,91,30.6250927107883
7,91,27.4998975670163
8,91,23.0380445577603
9,91,27.7577481582297
10,91,31.340489907624
11,91,29.8178280335497
12,91,26.7838663327317
13,91,25.9800586657258
14,91,28.2058852464719
15,91,31.2389010042037
16,91,31.316225914485
17,91,22.9039247506505
18,91,24.0516439417994
1,92,21.7498280797068
2,92,29.8554890727258
3,92,21.6710462460184
4,92,30.2986634403408
5,92,29.5182585478557
6,92,32.4115651453426
7,92,26.424350597344
8,92,32.316259183031
9,92,29.6982855864973
10,92,31.010343659978
11,92,25.6786597934628
12,92,21.4658172189876
13,92,24.305569474038
14,92,28.9357961839908
15,92,25.258475055075
16,92,25.5515167578782
17,92,19.618409871981
18,92,26.9473120835935
1,93,21.9003167103424
2,93,31.1934321553088
3,93,20.8920247090881
4,93,29.6859407389131
5,93,30.676633912769
6,93,19.8075107276085
7,93,24.2822329861265
8,93,28.081379211102
9,93,29.6969323493122
10,93,25.7385856836852
11,93,32.2069301725893
12,93,25.6361814617205
13,93,25.9897080571569
14,93,24.4257932965735
15,93,27.7835726363915
16,93,27.2902928903253
17,93,19.9033034085237
18,93,29.2039084257908
1,94,23.336199263727
2,94,28.2274931151278
3,94,26.9563620724026
4,94,27.9953420368709
5,94,27.8397560946391
6,94,24.4065343247811
7,94,23.5880951478307
8,94,27.1100962819583
9,94,34.5356138354622
10,94,24.9428184723782
11,94,24.8769104496081
12,94,19.7418059114864
13,94,26.9861509916728
14,94,27.641104191911
15,94,29.1660532668565
16,94,32.6530221152894
17,94,26.645391660275
18,94,21.0994992551148
1,95,24.0838074121547
2,95,31.0143895755161
3,95,30.6441909729931
4,95,30.5035790609209
5,95,32.494002196017
6,95,28.1885659881069
7,95,26.631253582933
8,95,23.051577817553
9,95,28.8320740086212
10,95,21.1409395897618
11,95,26.3673406914622
12,95,32.2212294439325
13,95,30.5398698423922
14,95,28.8674816615792
15,95,21.9529079628539
16,95,27.6224293315901
17,95,34.0497795799789
18,95,27.8188878347338
1,96,24.2556200252703
2,96,20.6112780999245
3,96,20.8337232550716
4,96,30.9918087111731
5,96,25.3318097094689
6,96,32.4608434191539
7,96,27.2858350625053
8,96,26.8649184856059
9,96,32.5166887446769
10,96,21.6764047829426
11,96,30.1533360220693
12,96,25.4927664932313
13,96,27.2706782580226
14,96,24.7638109092948
15,96,21.0773636686875
16,96,29.6308145087384
17,96,23.1362324965801
18,96,28.218181480197
1,97,26.1048414926601
2,97,23.1959785639596
3,97,34.3815951347099
4,97,26.2226228412336
5,97,19.5978775954025
6,97,32.2476242072489
7,97,30.9493984217023
8,97,27.6831541599671
9,97,24.5827982493045
10,97,30.0203077056698
11,97,32.6339044429859
12,97,30.6441104290783
13,97,22.0195939530833
14,97,33.1420706698749
15,97,27.2748354657752
16,97,18.1945455917208
17,97,22.1768336547049
18,97,18.2380343570629
1,98,30.1247549805041
2,98,29.6593486066445
3,98,32.1086249952107
4,98,25.3972167613469
5,98,33.3408840564057
6,98,30.2219602528475
7,98,29.7276864961399
8,98,27.8909751140392
9,98,33.090758299257
10,98,26.7441295304373
11,98,31.3469942508625
12,98,25.7490350834546
13,98,26.2306792686762
14,98,32.218193104779
15,98,28.5077126511539
16,98,19.0245164041844
17,98,22.6946619245602
18,98,26.7050919332246
1,99,26.0163502750102
2,99,34.1887877492403
3,99,31.2606492606561
4,99,25.1383751524155
5,99,28.7520805359605
6,99,31.6340008128567
7,99,28.4330961108238
8,99,28.0516685148258
9,99,22.4240362951866
10,99,27.6820059594341
11,99,24.2514056186663
12,99,26.3340491399832
13,99,23.5658996904518
14,99,24.0172539323007
15,99,28.1988128163194
16,99,26.4739186320378
17,99,22.6184778274361
18,99,24.2427359863188
1,100,28.8312122921676
2,100,27.7990406499512
3,100,22.1097150949448
4,100,20.7756675571049
5,100,33.0548740058166
6,100,25.3925545589579
7,100,28.4453484934015
8,100,30.5499154517344
9,100,23.83760328469
10,100,19.7356070204325
11,100,27.6263198287404
12,100,30.4030473626083
13,100,25.3253599522039
14,100,24.9812026319856
15,100,28.1081607123648
16,100,32.8178142492001
17,100,27.6354077280719
18,100,26.8424625205927
1,101,22.5218099513236
2,101,30.5483764542451
3,101,23.4522536915792
4,101,28.365752257334
5,101,27.8416312904074
6,101,20.2228434452264
7,101,32.5597302710243
8,101,27.5076233203526
9,101,30.7850526228192
10,101,26.9194569445428
11,101,24.1653379784625
12,101,27.6464973431069
13,101,29.8344501077878
14,101,28.571473152109
15,101,26.5583403424336
16,101,26.4141965707506
17,101,27.847996957569
18,101,26.2480930718683
1,102,27.697046358206
2,102,18.1223380932163
3,102,34.4094608065273
4,102,25.8065576244775
5,102,21.8393232133214
6,102,30.92533854764
7,102,27.1208718531885
8,102,31.1304352615116
9,102,19.8201311044323
10,102,31.1275827036088
11,102,28.9372486828981
12,102,29.5027860508728
13,102,30.8277104025016
14,102,26.7519828399978
15,102,31.9919424818301
16,102,23.3597131460394
17,102,19.4274015794899
18,102,24.7869127504977
1,103,28.2645991753194
2,103,24.7736776390052
3,103,32.4311450076974
4,103,29.6184646800942
5,103,25.0655009604445
6,103,26.5682060075219
7,103,25.9068167106114
8,103,29.5849261812005
9,103,26.6048768775555
10,103,18.8750404314607
11,103,28.0852033754463
12,103,23.7433553998413
13,103,29.2246693463122
14,103,24.5406417901468
15,103,31.5845766204133
16,103,30.6639578327826
17,103,26.3749288837142
18,103,20.8096886946278
1,104,27.463668299893
2,104,27.480076019474
3,104,34.296753393307
4,104,25.0172306087203
5,104,28.3337633092225
6,104,32.2846436334853
7,104,27.4365132003994
8,104,28.5976218068724
9,104,21.2479068042624
10,104,30.8744934219996
11,104,26.7557688042864
12,104,23.580235708615
13,104,25.8693458102853
14,104,31.2133433578943
15,104,26.7027826845042
16,104,28.3958875914386
17,104,24.3762562063407
18,104,30.1273379581309
1,105,23.8983675477977
2,105,25.4078323867312
3,105,23.7530131667208
4,105,32.2176687569559
5,105,25.8972120360994
6,105,22.2075910335059
7,105,31.7477571911945
8,105,25.159978717106
9,105,30.6578049297499
10,105,22.3010585408832
11,105,25.2937381983797
12,105,23.8902815314942
13,105,20.0967246847435
14,105,29.6900736260455
15,105,23.2266359384812
16,105,25.6505590881848
17,105,24.8795924808915
18,105,27.691323553955
1,106,27.1307659680942
2,106,34.1090446442554
3,106,24.0021358978648
4,106,29.0860697550731
5,106,33.4631144188606
6,106,27.283373265112
7,106,25.6597976621297
8,106,30.2354874864453
9,106,21.7286713303932
10,106,27.0802733849622
11,106,26.1931974131579
12,106,24.2669629266965
13,106,22.5575222830134
14,106,30.9636846608771
15,106,27.3195326564723
16,106,27.2167337698503
17,106,27.5992638490263
18,106,28.9997444113884
1,107,28.0499216486125
2,107,27.8096250326771
3,107,20.2948891341559
4,107,27.3477960473803
5,107,27.5522122386036
6,107,27.9472607482206
7,107,27.881847434655
8,107,21.0756512860857
9,107,20.9652645170846
10,107,28.5479352466465
11,107,30.316567555084
12,107,22.3592078204521
13,107,29.6769368613934
14,107,26.6147754877589
15,107,34.0152791651567
16,107,26.7363659483207
17,107,27.3214876554835
18,107,25.5028058911844
1,108,26.9210487055789
2,108,20.8830649070924
3,108,27.1050698206338
4,108,32.8910251873918
5,108,27.0065804366092
6,108,26.1253934339256
7,108,19.6296379652544
8,108,19.826887526879
9,108,20.1417774751066
10,108,22.6184105822747
11,108,26.4454463904242
12,108,29.9735061669284
13,108,24.3520172944307
14,108,29.317906004987
15,108,26.9508656224784
16,108,24.4575508465781
17,108,18.9847494734122
18,108,28.3498644590171
1,109,20.6975419692377
2,109,30.4059424454394
3,109,22.1691256627993
4,109,28.2211729673573
5,109,30.429149373601
6,109,24.0535785003267
7,109,22.1810669592681
8,109,29.4242891566354
9,109,23.4174264251518
10,109,24.189380531516
11,109,27.043839718108
12,109,26.4947442079358
13,109,25.4498516411516
14,109,29.5724607894202
15,109,27.2847972390338
16,109,22.5213389658231
17,109,34.0241880809577
18,109,23.8758555967325
1,110,22.0772571542435
2,110,23.4274511435387
3,110,25.5219446375334
4,110,25.2958562554647
5,110,24.6276397845399
6,110,20.0489142311948
7,110,32.1947167882375
8,110,27.3802365785561
9,110,23.5451162834227
10,110,31.0675271959642
11,110,26.4276191047811
12,110,27.1406448445218
13,110,29.6881391934635
14,110,28.1397672611505
15,110,22.3412241159655
16,110,24.856735051233
17,110,32.6042744998351
18,110,23.0584504220518
1,111,29.2650921521138
2,111,26.3470487688712
3,111,22.2783252153931
4,111,23.316957563396
5,111,28.4225686503427
6,111,22.2181460535611
7,111,25.9020982229843
8,111,26.2679598734208
9,111,27.8921543417721
10,111,23.9670117088898
11,111,26.3966320165855
12,111,22.6943719961408
13,111,30.7347021989807
14,111,22.5438067874429
15,111,21.2156540843143
16,111,31.3418866483965
17,111,24.602568800988
18,111,29.2853247107634
1,112,25.7550333768694
2,112,26.2409216486753
3,112,22.5967638807693
4,112,22.3345345316145
5,112,22.4166351654846
6,112,26.8816064479499
7,112,26.6762442466132
8,112,27.8279293688425
9,112,26.2294822794104
10,112,20.3894741093128
11,112,18.1974753217636
12,112,23.5599039725011
13,112,30.6271328864132
14,112,24.1812535334908
15,112,27.6580629814624
16,112,27.7533244765503
17,112,34.1958975651279
18,112,23.1047758099885
1,113,29.3010526433325
2,113,23.8477068055138
3,113,24.9255785819967
4,113,18.0086317320937
5,113,34.6493364765868
6,113,26.134570051966
7,113,34.6814539070544
8,113,23.1894560544854
9,113,21.7103730537705
10,113,23.9611167312137
11,113,28.4773444289027
12,113,27.458598244177
13,113,25.9105020558059
14,113,29.0154958658898
15,113,27.4303790426586
16,113,27.4621123544632
17,113,27.5770675821285
18,113,23.5755528007487
1,114,21.5460843870235
2,114,29.1004966298929
3,114,27.7898836505363
4,114,32.6085283490883
5,114,32.8552724998629
6,114,29.1986116069656
7,114,26.1016006950022
8,114,22.8458956311153
9,114,26.1062831823642
10,114,29.4115970143777
11,114,31.8447023635024
12,114,31.5939779121791
13,114,30.1057111907173
14,114,23.2354132089114
15,114,20.2115355168962
16,114,26.5419515304609
17,114,27.5807613950893
18,114,21.3995339419772
1,115,32.5997955017658
2,115,22.648320958873
3,115,31.8973179371377
4,115,22.0283821250152
5,115,28.2916818146085
6,115,29.6835393221155
7,115,29.438177380492
8,115,28.3939647541439
9,115,21.7942154363814
10,115,30.6323913122519
11,115,27.8436217196792
12,115,30.4063150823823
13,115,22.7671500341289
14,115,18.5743217195529
15,115,24.8784954600956
16,115,24.2116655001624
17,115,30.2436895021844
18,115,32.1684860738035
1,116,22.0286917612586
2,116,31.7267679057099
3,116,27.7211255673465
4,116,25.7409574669998
5,116,28.3233131517205
6,116,29.4752113331862
7,116,26.951518101454
8,116,25.6791415611135
9,116,33.0393136204518
10,116,20.1920943313912
11,116,22.488225715975
12,116,28.6532452189859
13,116,28.9994341335162
14,116,21.6473631155804
15,116,26.4007403342014
16,116,28.0819365159354
17,116,25.7070515789335
18,116,34.0846663706336
1,117,28.4586125526138
2,117,24.7812142427003
3,117,22.4961605746429
4,117,24.6103296075126
5,117,21.3536141412644
6,117,19.4179556378634
7,117,24.722914288854
8,117,29.1702144135908
9,117,32.861759361728
10,117,25.9048072793347
11,117,26.954689130832
12,117,20.7116846045852
13,117,27.9598167629162
14,117,25.2257381347433
15,117,25.9975288012052
16,117,32.9748124810561
17,117,28.4828843114929
18,117,28.893171004449
1,118,22.7786165276952
2,118,23.2933272799963
3,118,31.0433630812063
4,118,30.4228181886083
5,118,28.9176705723829
6,118,24.357946367859
7,118,23.3879813941058
8,118,26.6889465880949
9,118,26.9501839547851
10,118,23.5311646991753
11,118,29.4195833406953
12,118,19.3188097980187
13,118,28.8147749180114
14,118,30.4731525923589
15,118,32.1030281427266
16,118,28.2849930418593
17,118,24.2150349260455
18,118,23.5081303102556
1,119,30.8968548104165
2,119,19.3210440254866
3,119,30.6126057230543
4,119,26.9705207615982
5,119,26.1080682410081
6,119,32.1138484332509
7,119,22.6784528263624
8,119,25.5086310852209
9,119,22.2184133912142
10,119,22.4260682495909
11,119,28.4347235755766
12,119,27.3201788906463
13,119,26.47053382452
14,119,30.0444558317485
15,119,32.9317259751011
16,119,26.890776461487
17,119,28.7286628281124
18,119,22.9435329643425
1,120,25.2433398981913
2,120,20.219916588196
3,120,22.4752117507807
4,120,21.4566770138608
5,120,24.3462924733427
6,120,25.603016894082
7,120,28.0025001494687
8,120,28.7655806889103
9,120,24.9086593899805
10,120,33.0198290052582
11,120,28.649056743475
12,120,22.6204134175472
13,120,25.4013518050073
14,120,24.6221909338078
15,120,26.3351694050343
16,120,30.2153793606
17,120,23.7113958971235
18,120,25.7626457644052
1,121,33.2370411324445
2,121,21.9646704303521
3,121,27.9642373430819
4,121,28.7302523948693
5,121,27.5883272695851
6,121,34.5501281968718
7,121,20.0787304024126
8,121,34.062934862089
9,121,29.2041979616732
10,121,26.1212115756777
11,121,22.4830257866124
12,121,26.2440134458047
13,121,23.0292456820533
14,121,26.0164881875751
15,121,30.1797939910452
16,121,20.2342577525336
17,121,24.9011410777133
18,121,30.4961284431166
1,122,19.9111412004162
2,122,29.7855455528727
3,122,32.9083359627813
4,122,28.2729193114055
5,122,18.4660133329213
6,122,26.4128115100486
7,122,28.8722923764565
8,122,19.4710732611156
9,122,30.5427511530997
10,122,29.2173937602416
11,122,24.1378709637477
12,122,29.2114206983654
13,122,28.3836180832536
14,122,22.8018023885177
15,122,28.364115856494
16,122,32.0923955996507
17,122,30.6273120948389
18,122,29.6453540250593
1,123,28.5345203008583
2,123,27.5899111930445
3,123,25.772752045986
4,123,22.0391823721864
5,123,30.1710824726295
6,123,28.8734938262016
7,123,29.7390946613766
8,123,19.0321508403997
9,123,22.841295875634
10,123,27.6585239919325
11,123,21.0371018063998
12,123,28.7683776186288
13,123,27.3342643605944
14,123,24.3801060795012
15,123,25.6527839655419
16,123,28.3956196041594
17,123,22.6388921893467
18,123,21.6498718555251
1,124,27.0587465780066
2,124,21.5399329945648
3,124,21.3294675601387
4,124,28.059908788043
5,124,27.3376579982055
6,124,24.662796597472
7,124,24.1637891459917
8,124,27.9860773665221
9,124,30.3231857827271
10,124,20.2634660054087
11,124,34.2079270128127
12,124,19.2113014896226
13,124,22.9270064222753
14,124,24.9401783003197
15,124,30.6886385937015
16,124,22.9984704096418
17,124,29.8315406063599
18,124,30.7513655410996
1,125,26.4741775363244
2,125,28.1431295178813
3,125,24.8971143705863
4,125,26.4162522609996
5,125,32.3793408626852
6,125,23.8897265548752
7,125,19.2280172401632
8,125,33.0813807236709
9,125,24.0854060731773
10,125,28.2030896185549
11,125,20.9101230996385
12,125,33.1544750208517
13,125,31.8343898178478
14,125,30.9023744474868
15,125,25.9940541012993
16,125,29.6448251516571
17,125,24.5937729130425
18,125,24.4638919085504
1,126,34.9349023446997
2,126,33.8923827403555
3,126,26.5526444041717
4,126,29.4093438840461
5,126,24.9392353415244
6,126,23.7629348279733
7,126,27.842636212117
8,126,25.0772773698754
9,126,20.466136484677
10,126,33.6463291751772
11,126,28.5580802642101
12,126,30.8048469685763
13,126,26.3722661540559
14,126,21.9952889725006
15,126,28.4754224666107
16,126,19.1117853166518
17,126,22.651922699928
18,126,31.3861946917991
1,127,22.4856321536765
2,127,24.0667682681162
3,127,23.8700997537353
4,127,24.7396190377989
5,127,23.5514852124478
6,127,19.5641662931335
7,127,31.5227825085308
8,127,32.8409900945443
9,127,32.3903933937712
10,127,26.2885495010734
11,127,26.1305490106142
12,127,20.227857513961
13,127,25.2981064558651
14,127,31.4016158217814
15,127,25.4235364150281
16,127,26.7761893069466
17,127,27.0046229344161
18,127,22.772740273424
1,128,27.1062318312405
2,128,21.6904647055197
3,128,27.8062919471038
4,128,27.1646712873643
5,128,23.6423463565547
6,128,31.4934663679604
7,128,23.2168757847618
8,128,25.9674382039334
9,128,31.1789022008347
10,128,23.7901043748729
11,128,24.4911424167503
12,128,31.0407274460757
13,128,27.8544094569038
14,128,30.726633927484
15,128,26.5257186656153
16,128,31.3568552057868
17,128,22.7530797912957
18,128,27.8738483752183
1,129,28.9419271766946
2,129,23.089735795525
3,129,27.3802226267882
4,129,28.3830828246852
5,129,31.8485320804901
6,129,24.9032400820607
7,129,27.1808808639886
8,129,18.1595529186772
9,129,25.4130440499778
10,129,28.0369187107271
11,129,27.7629879692247
12,129,30.144669869733
13,129,21.8381478924254
14,129,28.2980683034204
15,129,23.2633315801216
16,129,27.5477146449456
17,129,28.6340018576616
18,129,27.0110170991333
1,130,25.4064491013546
2,130,28.6710618972871
3,130,26.4907036697947
4,130,23.6871329355594
5,130,26.2969069421049
6,130,21.0025805151144
7,130,24.0540113638043
8,130,27.2475041207339
9,130,19.1963878189517
10,130,23.4043143146061
11,130,28.0246933493806
12,130,28.8763489387476
13,130,29.5916328556392
14,130,20.8563599840061
15,130,21.4454591864166
16,130,32.4808076508421
17,130,32.1044499761988
18,130,31.8961466547057
1,131,28.1607044271186
2,131,22.5403703287838
3,131,31.6622820604665
4,131,31.9092340777729
5,131,22.7558882272872
6,131,20.8603150729995
7,131,27.357545138669
8,131,25.3606506664719
9,131,26.3570778477059
10,131,26.4024062398272
11,131,29.6176549790199
12,131,30.2208559414123
13,131,24.3743603206872
14,131,29.0246893030239
15,131,26.706405865286
16,131,20.6790502521235
17,131,19.8238876575067
18,131,23.7815893141841
1,132,23.5104781602926
2,132,25.9733986917586
3,132,27.2082037410755
4,132,28.8399673255093
5,132,23.8148395593177
6,132,31.3837087681588
7,132,26.5777011392474
8,132,24.122315498109
9,132,24.8362689446121
10,132,28.3078369082752
11,132,29.0024869196144
12,132,27.4051080882365
13,132,31.0801467354581
14,132,25.8355043731151
15,132,23.3199750982403
16,132,26.4623983397625
17,132,25.515415960232
18,132,23.9182626335008
1,133,31.9736768402643
2,133,26.4166202213209
3,133,18.7993030694342
4,133,32.3998444428351
5,133,25.4620051973725
6,133,18.4162040921419
7,133,33.584085156286
8,133,25.494939630291
9,133,33.8320952161511
10,133,22.2468592293006
11,133,27.3211029967418
12,133,29.8183442215777
13,133,23.146452074682
14,133,28.8059879365243
15,133,27.3528026798137
16,133,18.5632692896
17,133,24.0443091033008
18,133,26.4639813964175
1,134,32.0140175057841
2,134,34.4350653022801
3,134,23.3878548692282
4,134,27.1665941165639
5,134,28.1147705119094
6,134,31.4858165780323
7,134,29.0517974118395
8,134,27.7639834272701
9,134,23.5961438793921
10,134,31.7849766683875
11,134,29.9306169384745
12,134,24.746182744708
13,134,23.6370076331966
14,134,28.2387514619082
15,134,29.0914491938249
16,134,26.4059409626707
17,134,30.8278991197783
18,134,28.4194861668014
1,135,22.6269582994354
2,135,18.6897841098305
3,135,30.8680769857357
4,135,21.4874140928167
5,135,24.7440542242004
6,135,26.0981726469337
7,135,27.822250232712
8,135,25.0631020381472
9,135,27.4837656491443
10,135,30.3074207817143
11,135,25.0095825300515
12,135,25.5439592012789
13,135,27.725479769378
14,135,26.7041473978469
15,135,21.6655282780402
16,135,30.5495574078684
17,135,26.2136745323031
18,135,29.2647518808454
1,136,29.8339531318858
2,136,25.6381443146239
3,136,18.850252110646
4,136,29.1817596704262
5,136,20.734076954961
6,136,27.0455915618703
7,136,21.9303133595285
8,136,28.4275860307347
9,136,20.399273376165
10,136,29.8668265322677
11,136,28.2902915312286
12,136,23.8730580161872
13,136,22.6085401186732
14,136,20.4552011442756
15,136,18.870239889565
16,136,30.3611945324758
17,136,24.1095457359254
18,136,20.381979477514
1,137,25.1644622354788
2,137,27.4859899402838
3,137,29.9503340354088
4,137,25.0751554996196
5,137,22.160082329457
6,137,29.5505220256183
7,137,31.0551265808193
8,137,33.9423327406547
9,137,28.2103481377546
10,137,24.0052981642084
11,137,28.0752223584085
12,137,26.2615854808437
13,137,23.1931353674394
14,137,27.7302337355094
15,137,33.3474579245994
16,137,23.2266759391295
17,137,26.1008727038924
18,137,25.0667452151131
1,138,19.6941580672714
2,138,21.4551107255654
3,138,25.94061174624
4,138,20.141468925245
5,138,19.4036650576534
6,138,22.8254810871017
7,138,25.500936057398
8,138,27.5613810154811
9,138,25.0306756596943
10,138,26.6927641704847
11,138,29.2882165472488
12,138,22.7529609535991
13,138,30.5145929311726
14,138,24.840847703974
15,138,23.7302206148055
16,138,24.7169840165716
17,138,29.7597980115401
18,138,24.0117244068893
1,139,31.9256376771976
2,139,22.4021755933572
3,139,23.4827315536041
4,139,27.9229409443611
5,139,24.0458963445871
6,139,28.7668013511983
7,139,29.1698167320941
8,139,24.1158582960477
9,139,27.41596214796
10,139,31.7741717952484
11,139,28.7806300701236
12,139,30.5255786467174
13,139,31.8640036430224
14,139,24.5285653998119
15,139,28.1679464190911
16,139,22.2855160081123
17,139,30.6672112223845
18,139,28.325505898743
1,140,29.0634584956338
2,140,24.7742673309191
3,140,28.3432895658683
4,140,26.3939908380808
5,140,28.1641954352058
6,140,29.7059553591659
7,140,31.4972055021399
8,140,27.0028422014734
9,140,22.5702847022425
10,140,24.2108346110697
11,140,22.1543832223823
12,140,23.7812085208465
13,140,28.9453009529558
14,140,27.9330865892178
15,140,26.2791726883924
16,140,28.003969782302
17,140,27.0222270674215
18,140,24.9567987192147
1,141,29.5143873160189
2,141,28.0107392356224
3,141,29.5599939587469
4,141,22.9112437564893
5,141,25.6994634186681
6,141,32.9418716054553
7,141,25.4924537028105
8,141,20.9631420357347
9,141,27.020727524445
10,141,32.5684157598652
11,141,30.707846727519
12,141,27.2053334777596
13,141,28.3145852411376
14,141,26.7491805515757
15,141,31.9527059812061
16,141,21.2964526869926
17,141,26.7158026899568
18,141,29.6601262225851
1,142,30.9304524863978
2,142,31.4943012008354
3,142,30.0483533457984
4,142,22.4954788568617
5,142,29.0221552350128
6,142,29.3753409237242
7,142,28.2718790579434
8,142,31.6203359985428
9,142,25.6282654232109
10,142,32.7700237559819
11,142,26.3214112990231
12,142,23.1633870769007
13,142,27.5838158951789
14,142,22.5241126459402
15,142,26.9290891462901
16,142,25.8737604132601
17,142,30.2718282712236
18,142,27.3290641102987
1,143,26.3203044065264
2,143,23.1226212299255
3,143,26.4734638234424
4,143,23.7108489104522
5,143,24.7663208672443
6,143,30.8809452921218
7,143,26.2048902535971
8,143,26.0923728860959
9,143,26.4797572769126
10,143,30.3618842715082
11,143,18.5782995187111
12,143,24.7065092491494
13,143,21.1659041022199
14,143,30.2114478894141
15,143,26.4652169715654
16,143,27.0485066145578
17,143,25.6886707568117
18,143,26.2999337153157
1,144,21.7790200641783
2,144,19.5850666184897
3,144,19.2616644893869
4,144,20.9622796379305
5,144,25.3173086944929
6,144,29.398696153415
7,144,29.1801828449493
8,144,21.4227295707055
9,144,32.9168322681316
10,144,22.3112143602789
11,144,26.5974658382148
12,144,27.3455518928203
13,144,32.1370648975499
14,144,30.1691070708233
15,144,27.0554105986514
16,144,25.5706513959314
17,144,27.1739118638989
18,144,29.8497519600079
1,145,27.9352275051255
2,145,21.555816160027
3,145,23.1171421735215
4,145,30.4915752846808
5,145,26.5461226109658
6,145,29.5966909895522
7,145,30.1430796543472
8,145,24.5570795540292
9,145,23.6293451883043
10,145,27.8669117795146
11,145,25.4546171703226
12,145,31.2074089121734
13,145,21.9858640726082
14,145,22.5683768441348
15,145,28.0453040339521
16,145,23.026211266341
17,145,28.3099770618326
18,145,26.8589322490009
1,146,29.1605424554098
2,146,25.0316449163276
3,146,21.7061623520946
4,146,25.7622990993075
5,146,27.1438399217528
6,146,29.1445329486504
7,146,22.8102082777581
8,146,27.5442243822041
9,146,26.7434431810457
10,146,32.2319394541364
11,146,31.6654737482294
12,146,22.481302286422
13,146,24.6842530520899
14,146,28.6691153216211
15,146,29.4209210426565
16,146,26.8385871815324
17,146,23.6295892887671
18,146,22.7002077819368
1,147,24.79104128707
2,147,20.0661903641595
3,147,28.3625708464759
4,147,29.2157474929313
5,147,23.9313769088017
6,147,26.4243074513478
7,147,20.04531459373
8,147,21.4350911625156
9,147,31.410029049801
10,147,27.8163735833638
11,147,28.0677581113755
12,147,26.3653811546013
13,147,24.3409815589562
14,147,32.4436143874154
15,147,19.2554948294074
16,147,22.886687317867
17,147,33.2304774972914
18,147,29.889942064301
1,148,35.0340637772383
2,148,24.0945867151606
3,148,27.5041950992557
4,148,20.8334947544931
5,148,29.9241744236918
6,148,31.112480316714
7,148,31.2728966241833
8,148,18.6422004901757
9,148,23.8341747988757
10,148,27.7405767125597
11,148,25.3306402817641
12,148,28.7893955857796
13,148,19.9734357297027
14,148,28.2344049640907
15,148,23.6854704329241
16,148,24.2543254377199
17,148,29.0615667191022
18,148,22.901779146368
1,149,25.58331718174
2,149,28.5186183842051
3,149,25.8984076841412
4,149,27.1389231424683
5,149,26.3074615415231
6,149,22.0149548941442
7,149,19.58863670019
8,149,22.6967583730635
9,149,29.8784673829231
10,149,22.2966430555157
11,149,20.8869492595221
12,149,19.4867639544062
13,149,25.9214142235886
14,149,30.6749967863039
15,149,24.9612882292903
16,149,26.199319603218
17,149,25.8805131094935
18,149,25.2068486008406
1,150,32.035993882362
2,150,32.0855965642699
3,150,24.3477588102292
4,150,29.0169794480031
5,150,23.4871816314647
6,150,32.3258651862519
7,150,20.6270642597814
8,150,33.9812321215067
9,150,23.3911830258856
10,150,24.8197198107566
11,150,21.9137103191967
12,150,27.5230694427057
13,150,28.2464249040269
14,150,34.5152918804222
15,150,23.1489971525211
16,150,30.1194688429178
17,150,27.8580992044919
18,150,33.8190147627397
1,151,26.1725246736968
2,151,28.9581771779206
3,151,20.9215869423325
4,151,27.9647569717843
5,151,23.4552541169234
6,151,31.8467737462023
7,151,30.0562245878618
8,151,30.7078921543225
9,151,30.1231179389093
10,151,25.9183839742514
11,151,33.4607488099773
12,151,26.7388354613211
13,151,26.7312733238023
14,151,25.1121437838071
15,151,20.7072605539475
16,151,31.6071135471947
17,151,23.549664555125
18,151,24.566108905111
1,152,28.2484677403609
2,152,27.3611065416524
3,152,33.2256667186658
4,152,21.5761689743875
5,152,27.1539074931061
6,152,31.7684664350003
7,152,30.9821426103339
8,152,31.5518324631413
9,152,29.6160410115878
10,152,22.7218541278609
11,152,21.9062635656572
12,152,21.8460443609648
13,152,26.0732997731693
14,152,29.5982973317308
15,152,31.5432848992748
16,152,26.015638210569
17,152,30.0225724068152
18,152,26.4383308938212
1,153,28.4574940369293
2,153,29.3658448575086
3,153,28.5080048929301
4,153,30.574858370616
5,153,24.7360553765457
6,153,22.9733850187498
7,153,21.3317196475672
8,153,18.8472995159382
9,153,31.5107957451682
10,153,29.8407794030036
11,153,20.9683926149077
12,153,21.5092551737425
13,153,22.8316313085654
14,153,27.0146342388159
15,153,29.0865841141244
16,153,21.8445642493978
17,153,21.5449750353337
18,153,27.2310265999619
1,154,24.4772405596852
2,154,26.158800738107
3,154,21.8489883298894
4,154,31.8997239333533
5,154,29.0549022082658
6,154,26.3706279906031
7,154,28.3912831212456
8,154,24.4518674456156
9,154,28.298975377653
10,154,25.4677668314979
11,154,28.3767250754766
12,154,25.8725518242393
13,154,28.812924772401
14,154,24.3581064869856
15,154,29.1262385401511
16,154,27.4371076416929
17,154,19.3177901328295
18,154,25.3303509069614
1,155,26.1629538064755
2,155,25.7741192177239
3,155,27.1628049450631
4,155,30.8212645533342
5,155,29.4513150308768
6,155,20.6568032933431
7,155,21.830798956772
8,155,24.7144959248401
9,155,24.7010342491801
10,155,29.0519718578407
11,155,22.2805905251661
12,155,33.461715142792
13,155,30.6871162298813
14,155,27.5203676191648
15,155,31.456487028335
16,155,18.5105286568818
17,155,29.6901923017909
18,155,31.6157185434218
1,156,21.6962257986
2,156,26.4131255587253
3,156,28.4126264854396
4,156,26.4094828697183
5,156,31.0173392228095
6,156,25.7494854656169
7,156,27.3617009304158
8,156,28.1989964713841
9,156,24.4161841888762
10,156,31.3149188825302
11,156,22.2305323242003
12,156,27.2756770047122
13,156,23.9905771592099
14,156,20.8662578351623
15,156,29.4139410823493
16,156,27.7319666654842
17,156,24.9906210444272
18,156,31.6526895155932
1,157,27.5773305170184
2,157,32.4815893195018
3,157,31.5092069968171
4,157,25.5977907715645
5,157,28.8933644250028
6,157,30.2737059636962
7,157,31.7366518890461
8,157,22.081743416559
9,157,20.0494699475272
10,157,33.956949791444
11,157,25.624975116231
12,157,28.8099468572231
13,157,26.9892040043346
14,157,25.5970668719788
15,157,28.8943348195926
16,157,31.1058099566611
17,157,21.9019114075711
18,157,25.3790059001988
1,158,29.7600846001491
2,158,23.4699972186911
3,158,27.8705033935122
4,158,25.4969404747545
5,158,27.7096917040243
6,158,27.3419816416287
7,158,28.6271985141754
8,158,30.0866274888855
9,158,26.2923974069722
10,158,25.4113648892345
11,158,30.2064881717583
12,158,26.8645710813963
13,158,29.160093904005
14,158,30.601958408198
15,158,26.1573696041147
16,158,25.8006933143184
17,158,30.6264242707493
18,158,28.9906888144001
1,159,27.8156172488215
2,159,28.6877804553858
3,159,29.2383639593814
4,159,24.1091559308875
5,159,24.2957615123783
6,159,23.2310478140732
7,159,32.39409231318
8,159,24.2306402137424
9,159,26.7297160729409
10,159,19.7903037353503
11,159,29.9168082166329
12,159,25.7934519800284
13,159,26.356673038184
14,159,32.1105871561828
15,159,25.6293117322838
16,159,29.2102629528431
17,159,29.6779479566258
18,159,23.3505624734087
1,160,20.4136787932796
2,160,24.9733031795769
3,160,28.5127559098876
4,160,29.4773889405396
5,160,28.1923097854569
6,160,32.1718006332508
7,160,18.0064118596606
8,160,25.5042541211628
9,160,28.0977804721797
10,160,21.4524126839534
11,160,18.862141301511
12,160,22.4058791130373
13,160,29.2042455484235
14,160,30.6549260980502
15,160,24.8959759075725
16,160,24.1724208907419
17,160,23.8635806357799
18,160,32.7490587798737
1,161,26.7188196405727
2,161,28.6272883065881
3,161,31.7635170997207
4,161,27.756413038542
5,161,24.1191818892576
6,161,31.8426252330922
7,161,28.8161947102328
8,161,20.0305742595036
9,161,27.9960458577943
10,161,30.6547016036873
11,161,21.8617396755562
12,161,32.6310413927653
13,161,19.9325875324424
14,161,22.7781302008236
15,161,19.2591187381321
16,161,25.6296269297777
17,161,28.7901573296995
18,161,28.2199199292366
1,162,26.6118027391206
2,162,21.0391044582967
3,162,33.1084067417629
4,162,27.3034888023291
5,162,28.8755867348612
6,162,24.3879251128808
7,162,29.9237590229838
8,162,27.953683000939
9,162,31.6386935992401
10,162,25.6964946345942
11,162,24.6962510104484
12,162,29.0445261163968
13,162,28.6333348674073
14,162,26.1064068437788
15,162,29.9952792606928
16,162,24.6637302920903
17,162,31.7516657516394
18,162,27.9596943626322
1,163,29.5954668907511
2,163,28.8782672142529
3,163,28.2961924859294
4,163,28.7217159320008
5,163,23.1270366320891
6,163,27.6531222613088
7,163,29.4698793201563
8,163,23.7648368180058
9,163,28.595943844443
10,163,21.3033678279542
11,163,29.1067535835018
12,163,32.4367416930136
13,163,28.3056185861245
14,163,28.3401441313294
15,163,25.9488250171369
16,163,22.2169969944164
17,163,26.4480823939599
18,163,21.3368788728372
1,164,29.3093048277382
2,164,25.3709382730832
3,164,27.3749352291807
4,164,25.5548896144668
5,164,23.2877884840983
6,164,27.0755497217088
7,164,25.5856300455909
8,164,30.8065136384781
9,164,21.3326761626105
10,164,20.6043687154374
11,164,22.7151356378554
12,164,32.2152632113655
13,164,26.1797974192652
14,164,28.4131312400888
15,164,19.7687382381537
16,164,26.4387840626178
17,164,20.0887691317548
18,164,27.8637565352078
1,165,30.8488447385885
2,165,23.1765162419652
3,165,24.3711025997496
4,165,30.8536627446096
5,165,19.6209131818869
6,165,29.6618138015719
7,165,26.3062579824234
8,165,21.0248042425127
9,165,31.5952208316093
10,165,23.0710015807459
11,165,29.2135889880961
12,165,26.0681318248032
13,165,28.3726345187902
14,165,23.0468208375508
15,165,31.1329723273115
16,165,20.1884934630217
17,165,23.5365291451701
18,165,24.1085340888378
1,166,29.470368872677
2,166,25.5868813939879
3,166,24.3261947226319
4,166,20.9646084976804
5,166,26.7478144712138
6,166,26.2700120753763
7,166,33.8696249233046
8,166,22.2921064590279
9,166,30.3682665741878
10,166,19.5245741906175
11,166,29.6157622558368
12,166,23.6571056703855
13,166,22.141861843661
14,166,23.0958373829763
15,166,23.4738367192625
16,166,32.1803774325815
17,166,33.9896407786476
18,166,24.7173639302934
1,167,22.201792963125
2,167,28.2735921515102
3,167,27.5295753336962
4,167,25.1189662049165
5,167,30.0840244053982
6,167,24.384873835885
7,167,30.5482245312666
8,167,22.1998074224589
9,167,30.8010604441897
10,167,20.7013098342261
11,167,26.1054690686804
12,167,28.473720276171
13,167,23.32638783662
14,167,32.3826359079577
15,167,25.5144963102892
16,167,27.9243960297746
17,167,22.9849785156801
18,167,28.2552984720685
1,168,29.0793473428638
2,168,26.7036065448039
3,168,30.9117372831174
4,168,30.3389585992627
5,168,33.707901543514
6,168,28.3342667713852
7,168,28.0893055855229
8,168,20.0726796433383
9,168,23.0994746524959
10,168,19.6416326963659
11,168,30.5689452267749
12,168,25.9948645366741
13,168,30.1293736151505
14,168,22.459756339292
15,168,25.8000136369482
16,168,28.9390617975924
17,168,20.5006424308055
18,168,24.9596488645934
1,169,29.5903835258534
2,169,30.466717450836
3,169,30.9426837564002
4,169,32.658683767863
5,169,25.565066916134
6,169,32.5928144967163
7,169,28.7328719459007
8,169,25.9691959295627
9,169,25.644801910923
10,169,23.3964511123611
11,169,29.2900668983591
12,169,26.205805670828
13,169,26.2886977853271
14,169,21.0986464599731
15,169,25.3580140551529
16,169,31.370192537919
17,169,27.1597494453269
18,169,19.574955437248
1,170,25.6136601859917
2,170,21.7489617295765
3,170,24.3093240285333
4,170,28.9051186763933
5,170,25.4782944488213
6,170,28.0054872691241
7,170,26.7138357349706
8,170,29.9948222154408
9,170,27.5042484521565
10,170,22.8011530790562
11,170,32.2541913189286
12,170,20.335686658984
13,170,21.1906257550922
14,170,30.4832438431058
15,170,25.9578492647616
16,170,28.8821271408537
17,170,29.096346525194
18,170,33.9154052774262
1,171,32.8881733441364
2,171,22.2860093855075
3,171,28.3145621765657
4,171,19.6627257427
5,171,26.692429098916
6,171,29.778706153797
7,171,25.5132473844132
8,171,32.5305733648212
9,171,28.270399209697
10,171,26.0804538537589
11,171,30.4401110353603
12,171,29.956850722657
13,171,26.0217918012737
14,171,24.9483904860152
15,171,27.3467297427187
16,171,30.7894755374773
17,171,27.5384958063423
18,171,28.1120238907729
1,172,29.4688047912641
2,172,28.6100087102301
3,172,30.8800518052906
4,172,21.3576054986514
5,172,27.7661784159537
6,172,23.8269533083794
7,172,26.4508044999809
8,172,24.3942229886524
9,172,31.832330030475
10,172,25.7351869912622
11,172,27.3494962779416
12,172,21.0427549269697
13,172,32.3866706467569
14,172,29.0920028299086
15,172,26.5064455746218
16,172,22.9587961566961
17,172,29.0291759598732
18,172,27.8113338148752
1,173,20.5392969443884
2,173,20.3206625600184
3,173,26.3081256532699
4,173,22.94484315805
5,173,26.6616162569435
6,173,33.6430126259548
7,173,23.5925828096199
8,173,28.8264288812667
9,173,22.4331226340453
10,173,26.9872113604666
11,173,30.2900263369403
12,173,22.0110954491682
13,173,30.1642813180819
14,173,23.8970617099283
15,173,21.4081551045915
16,173,22.6643193780622
17,173,28.3083879668782
18,173,28.4450742527543
1,174,22.1250903091306
2,174,33.5416223934458
3,174,22.3715987056957
4,174,32.3646194460977
5,174,28.69162177724
6,174,27.373352055793
7,174,23.9017592986888
8,174,25.0821569726572
9,174,30.4562564591283
10,174,31.8976434369939
11,174,26.8903537214872
12,174,31.2455960171909
13,174,28.732514452987
14,174,25.987672199173
15,174,24.5982448204437
16,174,32.9627332597838
17,174,21.9723098505951
18,174,28.4759007652502
1,175,30.1664833144884
2,175,23.479788377457
3,175,27.6154569733158
4,175,22.6307845746781
5,175,25.7966506514013
6,175,23.7995534933805
7,175,27.0046186580731
8,175,28.3770519212123
9,175,31.6110497430406
10,175,24.9883218778854
11,175,23.8497499321863
12,175,24.7169255112758
13,175,23.6306991768661
14,175,21.937486558164
15,175,24.1865920841219
16,175,31.943608461651
17,175,20.4124709315913
18,175,26.7587766381164
1,176,29.810754055047
2,176,30.4288456763964
3,176,27.4495572988307
4,176,23.8403427315661
5,176,27.5030776612552
6,176,22.2087945224456
7,176,26.5785606542933
8,176,21.335366860751
9,176,24.6558750255195
10,176,28.4374457429179
11,176,23.3160926112363
12,176,25.6835536833446
13,176,29.9318606686901
14,176,23.652121480698
15,176,20.9474291226637
16,176,29.6089595603438
17,176,28.3685343183333
18,176,26.8502927648355
1,177,23.446739666742
2,177,23.050590858351
3,177,27.7777874337509
4,177,19.8616318283533
5,177,23.6679091203732
6,177,30.2247355822025
7,177,24.5994650579368
8,177,18.9177197510651
9,177,32.9069632165814
10,177,21.2023577406837
11,177,29.2365765645939
12,177,30.400337413306
13,177,18.9117931639315
14,177,30.6567199861754
15,177,27.213165858586
16,177,25.0684658958342
17,177,24.9049204941813
18,177,28.0528651115687
1,178,22.0297446805977
2,178,24.7306304044308
3,178,27.5125503391782
4,178,29.3715910783677
5,178,27.2259399356228
6,178,28.5553658979684
7,178,25.4257635127877
8,178,31.5949455857459
9,178,33.3895535193892
10,178,29.4565155121704
11,178,18.7005290796141
12,178,26.9581284039788
13,178,29.8806818312254
14,178,23.3505523611676
15,178,25.5903469037284
16,178,27.1409467380625
17,178,29.1916934926666
18,178,24.9945772024166
1,179,24.8956183513382
2,179,25.987467539473
3,179,24.2971050311855
4,179,27.922924640324
5,179,20.0231305099667
6,179,27.7335538886741
7,179,25.9178347088877
8,179,20.023814499013
9,179,34.2841851386869
10,179,27.927544988183
11,179,30.4424644261326
12,179,25.7067700019033
13,179,32.6599873225107
14,179,25.5043493759104
15,179,30.1672739138215
16,179,18.3532701730095
17,179,30.9957136312151
18,179,20.8746464943177
1,180,30.1223754480765
2,180,27.5400991850326
3,180,28.5014712933579
4,180,28.8446787270486
5,180,24.345747092836
6,180,28.4038589486113
7,180,24.5583844892657
8,180,27.4015340870582
9,180,20.3616105177966
10,180,25.1596016832846
11,180,26.7227435776402
12,180,27.0425244018861
13,180,30.1092809682281
14,180,26.8429010675595
15,180,30.5958945127194
16,180,27.6164519717115
17,180,27.0997645396711
18,180,27.9322515449849
1,181,24.4954276586566
2,181,27.3667503520818
3,181,34.989920197024
4,181,31.874865061242
5,181,29.4969495853654
6,181,30.5161262776069
7,181,31.913920567819
8,181,27.6788227570265
9,181,25.387347610791
10,181,29.2244024414084
11,181,26.5993935537218
12,181,18.1421763022258
13,181,28.3999644618093
14,181,25.7767271547653
15,181,32.6625653644237
16,181,22.1512784632029
17,181,25.4969140112971
18,181,31.4620321763228
1,182,29.9384555777878
2,182,26.8060175016025
3,182,19.0210402292544
4,182,23.9548732065253
5,182,24.6683052977886
6,182,28.2812010501103
7,182,21.4331779514948
8,182,33.023275488923
9,182,30.8870579084781
10,182,24.4061176191352
11,182,26.1001388891781
12,182,25.0830523236244
13,182,25.165565895073
14,182,24.6461431668963
15,182,31.7508585185579
16,182,24.3898770661893
17,182,30.8973356995672
18,182,30.1221939421444
1,183,23.0020320801781
2,183,23.6366578790359
3,183,28.3215551370126
4,183,26.4354148100377
5,183,21.6731157278975
6,183,22.3545870859901
7,183,24.8034726821517
8,183,27.7399460239015
9,183,32.4969083095943
10,183,25.9754729032097
11,183,32.0057296105821
12,183,21.464576694785
13,183,30.8716993783768
14,183,24.0912148035962
15,183,24.3956191688248
16,183,22.7001512040504
17,183,19.5412788019193
18,183,21.4319215881758
1,184,21.8766062366913
2,184,23.1502607649758
3,184,30.3062262135185
4,184,18.8758666571643
5,184,25.5839323118592
6,184,31.7475786074428
7,184,18.8743074093273
8,184,24.7128330993593
9,184,26.0366451752519
10,184,27.3203140343936
11,184,31.8814959713745
12,184,26.9049758274584
13,184,29.1419288625429
14,184,27.8425014643889
15,184,23.3252369082039
16,184,26.8274291381401
17,184,20.5398635609407
18,184,29.5617423416277
1,185,23.3028527676552
2,185,30.7230603349811
3,185,26.8753750930498
4,185,23.9730252942256
5,185,30.0672660695845
6,185,20.6982349522915
7,185,19.3897156891512
8,185,27.6359050187027
9,185,30.5643334573163
10,185,26.2795203392454
11,185,26.7656524110549
12,185,23.3831034504865
13,185,28.8607241480269
14,185,27.0858202552578
15,185,20.196780180384
16,185,30.2072835835431
17,185,23.984781680736
18,185,26.9473461476058
1,186,24.9201534837405
2,186,21.6879357368921
3,186,30.6390950992555
4,186,27.9087144966194
5,186,30.5823371182226
6,186,21.9949966276738
7,186,28.3488447246586
8,186,27.74693575406
9,186,32.4619807353695
10,186,27.4897495367625
11,186,24.6334094487104
12,186,32.1946177841739
13,186,30.525643891939
14,186,25.996066357068
15,186,26.6071813134563
16,186,29.4866800095308
17,186,23.9818328464231
18,186,30.0574413168192
1,187,30.198466855883
2,187,25.9208414680976
3,187,31.7892246127975
4,187,20.7977362066756
5,187,30.0306176572564
6,187,26.6094978273212
7,187,24.6591132304799
8,187,27.8427701377184
9,187,24.8283304128964
10,187,28.1850574781895
11,187,31.7782979286904
12,187,27.3835434766512
13,187,28.0396022385615
14,187,25.9076028654894
15,187,29.8481852669115
16,187,30.8063655085937
17,187,25.3830669894999
18,187,26.6291586110656
1,188,31.3961683422718
2,188,26.3933584149934
3,188,23.3782169492084
4,188,28.4327103760049
5,188,29.0727937608541
6,188,28.1886934884908
7,188,23.3425307898197
8,188,32.8822432057505
9,188,18.3268318516378
10,188,31.5060610837183
11,188,21.2453006850909
12,188,30.4164574579406
13,188,27.2486415706406
14,188,27.7037998609475
15,188,30.0480564984594
16,188,24.1239942370212
17,188,19.9026222145588
18,188,22.2228122072985
1,189,21.5856863397836
2,189,22.8560613557045
3,189,32.8946436206343
4,189,23.1484011670502
5,189,24.9811117572034
6,189,28.6039900220716
7,189,28.6166071691726
8,189,24.4218210092885
9,189,24.5840783929119
10,189,26.0515851106408
11,189,25.550614833839
12,189,31.596314038935
13,189,27.0709015529193
14,189,27.7419021478525
15,189,26.7865279174716
16,189,26.7868854704105
17,189,25.9865212345211
18,189,23.4980337689179
1,190,24.8282927815072
2,190,23.8371881257018
3,190,17.6644771615867
4,190,23.5882368386951
5,190,33.1516901945981
6,190,26.0767392941726
7,190,32.9603111922525
8,190,24.029247228292
9,190,22.1707274242954
10,190,27.3244933673623
11,190,26.0854172215607
12,190,30.81636378076
13,190,31.7706280567054
14,190,27.8469930110448
15,190,30.4737996893958
16,190,24.4488619974585
17,190,31.4482495752561
18,190,22.2736266265576
1,191,22.2882143199375
2,191,27.4799672830004
3,191,34.4116896019767
4,191,27.0590755276454
5,191,22.0422399608933
6,191,22.8835899987489
7,191,29.5623504871787
8,191,28.1665100221471
9,191,27.2664555956292
10,191,29.206585414516
11,191,25.1091582340492
12,191,25.6439839086294
13,191,25.2118368689552
14,191,27.89064571181
15,191,22.6148268228643
16,191,23.9029352142105
17,191,32.5139935909348
18,191,33.9629218933009
1,192,27.0792143646195
2,192,20.0778301796347
3,192,27.6928503102663
4,192,28.9296227526209
5,192,27.5119955172983
6,192,26.9941631434183
7,192,25.2297415585529
8,192,21.0233718474644
9,192,22.040023901398
10,192,25.3658940864646
11,192,27.6727151810577
12,192,23.7851624204842
13,192,19.0236616407647
14,192,24.7155225084237
15,192,20.9742109370398
16,192,23.963486571521
17,192,22.2695257340658
18,192,25.4130286037925
1,193,22.2603621331733
2,193,27.3736601500949
3,193,27.1436720709406
4,193,22.664179837458
5,193,32.4457240913708
6,193,27.9209868122765
7,193,20.6415615590575
8,193,22.9441477049972
9,193,28.3434997032415
10,193,31.5945531768644
11,193,30.1099844487036
12,193,26.1794472550507
13,193,22.6224837440647
14,193,22.6987434752284
15,193,26.5419256490583
16,193,25.6936810763377
17,193,29.8257490640705
18,193,29.5031210620885
1,194,25.7290071831718
2,194,27.9633172340945
3,194,25.8719696788645
4,194,25.3604883627874
5,194,27.8717513063829
6,194,32.7406920099558
7,194,26.5138807896145
8,194,27.8679425167167
9,194,24.4610242735537
10,194,25.8182424668931
11,194,26.203776776621
12,194,24.3893050524225
13,194,33.1852373361821
14,194,31.1479236525807
15,194,30.0135038152705
16,194,28.7784800284634
17,194,22.9327722492501
18,194,20.6184551229697
1,195,21.6103645344541
2,195,30.5841577505803
3,195,25.2937082463445
4,195,29.6959263384828
5,195,31.6204103286114
6,195,27.9952244766858
7,195,27.816062319484
8,195,20.712208240068
9,195,23.8354556658572
10,195,25.852093781313
11,195,30.045488786772
12,195,25.5124967926241
13,195,26.2247150859403
14,195,27.3966087606401
15,195,22.0928079996522
16,195,18.7456584375689
17,195,28.447626277235
18,195,30.3877257514812
1,196,32.2296795826659
2,196,20.4677992094641
3,196,28.3464935667743
4,196,25.5857309330124
5,196,27.4482248137744
6,196,22.2323580029166
7,196,24.029430414097
8,196,24.7540495527117
9,196,28.8554585439737
10,196,23.0659244047369
11,196,22.292946310529
12,196,27.4296610572108
13,196,20.1971101030205
14,196,26.1034160716993
15,196,26.5785396611844
16,196,26.4031975780626
17,196,26.6123755789108
18,196,29.1131156256775
1,197,34.1192697754051
2,197,30.4659518811447
3,197,21.7194446535988
4,197,30.7925793352694
5,197,27.3723336109264
6,197,28.507144813753
7,197,29.755815052827
8,197,25.764807340935
9,197,30.6632245069958
10,197,23.0802851343199
11,197,26.7040108057519
12,197,21.8802400437172
13,197,23.6569556830775
14,197,31.5704960494743
15,197,26.4913936855374
16,197,27.1234760492571
17,197,33.3162905076167
18,197,33.2663097252811
1,198,28.5293551536367
2,198,29.6310908276646
3,198,19.1357230473541
4,198,29.0072547479761
5,198,31.9229382616832
6,198,26.1589762813146
7,198,28.749102571482
8,198,30.1226632136553
9,198,26.6163152015458
10,198,30.5050131541707
11,198,26.6766911775947
12,198,18.999628106447
13,198,26.1590520954753
14,198,26.5319679176781
15,198,27.68309992958
16,198,26.1872743659517
17,198,24.682792126884
18,198,28.3983571046854
1,199,27.7582593347831
2,199,33.3119684698019
3,199,22.8629640488769
4,199,33.2953268755389
5,199,27.4776509974302
6,199,29.119445944224
7,199,30.8639793240083
8,199,28.1358852876251
9,199,28.6299423121765
10,199,34.4905611508398
11,199,30.6024980694676
12,199,29.4531439430714
13,199,22.2115175256231
14,199,21.3683613692668
15,199,26.9510748757046
16,199,23.1243487019951
17,199,29.0418751763386
18,199,26.693135249831
1,200,22.3032720600828
2,200,30.4781077496021
3,200,32.3518963939598
4,200,24.3184512879721
5,200,22.4375287871882
6,200,28.7612583478924
7,200,27.3494410925082
8,200,21.2646181237617
9,200,27.3040997423086
10,200,27.8174524613704
11,200,27.1960825954378
12,200,25.6682184305264
13,200,25.9138552179171
14,200,31.5590613017856
15,200,28.4049971979622
16,200,32.7075342536458
17,200,22.4523360337565
18,200,27.2986852991473
1,201,21.4430413047007
2,201,27.8970730932079
3,201,24.0366127224938
4,201,26.5450505332581
5,201,26.5243437213734
6,201,30.3193030481659
7,201,31.3817686399559
8,201,27.4551067085843
9,201,32.414237726092
10,201,24.4936986304307
11,201,27.9153671707758
12,201,27.8652178821127
13,201,28.1473275374664
14,201,23.7444774321213
15,201,25.7778455146315
16,201,22.7838399225027
17,201,26.9259720796379
18,201,27.5244381716886
1,202,21.0237626351875
2,202,29.0122843133777
3,202,27.8059201781759
4,202,28.3764346062995
5,202,24.547166267808
6,202,25.3065038721436
7,202,27.9718982205248
8,202,32.8621714626632
9,202,25.3525358713353
10,202,23.2087488509227
11,202,24.0063881697653
12,202,26.6036732628987
13,202,25.8783984285715
14,202,24.9349209055865
15,202,25.2645719450556
16,202,28.513332659312
17,202,30.820498546884
18,202,26.4441793510203
1,203,27.5104558389515
2,203,26.7311615983652
3,203,28.3390239207096
4,203,28.5562886543428
5,203,21.6258095857917
6,203,21.7251452741283
7,203,32.1480246769016
8,203,25.9681002900058
9,203,27.3310207921733
10,203,32.7488264127458
11,203,23.177307312775
12,203,23.5872286028633
13,203,27.8766437574618
14,203,30.3790327108017
15,203,30.0014141715437
16,203,22.4495882095305
17,203,21.0981276234416
18,203,29.6179549310968
1,204,32.6992548937608
2,204,27.8478910805443
3,204,26.1259733455893
4,204,28.309074139542
5,204,30.9146131162885
6,204,26.7698786714794
7,204,27.0157937356236
8,204,29.5144646992774
9,204,25.4093720035292
10,204,32.3321268854339
11,204,19.6665946614284
12,204,25.0521330484953
13,204,22.17435508802
14,204,25.0387542070471
15,204,26.5863233418242
16,204,29.3467155640007
17,204,29.8417101825749
18,204,25.9116656241393
1,205,19.5406238558725
2,205,32.2797116238622
3,205,31.771158152743
4,205,27.7870883117453
5,205,31.8460256979858
6,205,27.9245812782696
7,205,22.0033843158805
8,205,22.3011738909327
9,205,28.489741327641
10,205,31.9299864510757
11,205,22.4422772651449
12,205,31.1874654064236
13,205,26.2572664566806
14,205,20.1206769898578
15,205,30.218023877687
16,205,33.055548648496
17,205,29.9935829195878
18,205,24.5486430835652
1,206,23.2072655056752
2,206,23.264317951684
3,206,25.1813561209582
4,206,23.5920521841828
5,206,22.6774769807464
6,206,21.3142544576529
7,206,27.9900271725906
8,206,29.6931814421061
9,206,20.4966481911152
10,206,21.1230860064939
11,206,18.0888157326106
12,206,22.2936514552772
13,206,32.0661331256416
14,206,22.6339519275617
15,206,33.9718139841016
16,206,28.7341801758865
17,206,24.8912073446568
18,206,24.9330359803429
1,207,29.5895974529978
2,207,26.73157385908
3,207,26.7163144666436
4,207,24.1685712046017
5,207,32.079861248666
6,207,28.446316989484
7,207,28.8010980417588
8,207,24.3672363577352
9,207,27.4903748695855
10,207,32.6925310326432
11,207,19.7659154796524
12,207,26.842046357897
13,207,30.779131112827
14,207,24.3123707638602
15,207,25.332079368004
16,207,31.7921619419814
17,207,21.0275073949097
18,207,26.8655164979582
1,208,25.9489933133136
2,208,22.569273973774
3,208,26.2509853319801
4,208,22.7621167610617
5,208,30.6941764156598
6,208,28.5590795669021
7,208,21.9089793317443
8,208,21.862133505439
9,208,24.452488574874
10,208,32.3255663319524
11,208,32.1217671650347
12,208,22.9759356061192
13,208,31.717329533446
14,208,20.6840124486269
15,208,31.0618239192309
16,208,20.4778243655511
17,208,32.6216907099746
18,208,22.6034340905728
1,209,27.4917033699382
2,209,28.8140016282691
3,209,24.3485150049616
4,209,19.4079013134005
5,209,28.8051399292396
6,209,24.7502627509208
7,209,30.6924402205131
8,209,26.4722117010046
9,209,34.1921374717868
10,209,20.9706181288515
11,209,19.3269127732441
12,209,27.4393807399714
13,209,27.7443589798031
14,209,18.0977917516743
15,209,29.1851372468712
16,209,20.1240071747288
17,209,26.5349376297247
18,209,32.2846204955809
1,210,20.5007490935434
2,210,32.675316512468
3,210,29.5152359784846
4,210,30.6362490013318
5,210,23.5042474121072
6,210,34.3663234935527
7,210,28.6172208448267
8,210,24.4347534374931
9,210,30.1397512290107
10,210,32.8417937634326
11,210,31.4727460000401
12,210,22.0106944562515
13,210,20.5006130878188
14,210,30.1463693215306
15,210,30.7748027355272
16,210,20.0744042357076
17,210,23.5983985978768
18,210,28.7407418847809
1,211,21.4443277272066
2,211,18.9070134757308
3,211,31.5730909069059
4,211,20.1935545413803
5,211,31.0027000910827
6,211,21.8904670639409
7,211,25.7822089984531
8,211,23.6746984829374
9,211,29.5836772297816
10,211,27.4500318237564
11,211,23.1602729798749
12,211,25.9979707901983
13,211,26.1540724687672
14,211,31.6364190601991
15,211,26.3818797242754
16,211,32.1207917686272
17,211,25.6247107534845
18,211,29.9645207825355
1,212,29.4871234333428
2,212,25.0825700369786
3,212,32.2686545994633
4,212,26.7813813657706
5,212,24.8880663941977
6,212,26.1811809806406
7,212,26.6198355353017
8,212,30.4839164663762
9,212,32.5533554730436
10,212,26.4579680690251
11,212,25.4235233113024
12,212,23.617982802778
13,212,18.1221048095766
14,212,28.7919398273543
15,212,28.6481194299533
16,212,18.8417649569654
17,212,23.0504257284972
18,212,27.090184267928
1,213,22.5855311532053
2,213,23.8971510699682
3,213,31.9146763308491
4,213,25.3349399671467
5,213,34.2415085592256
6,213,28.9757829977472
7,213,22.4173349425419
8,213,27.5949130678347
9,213,30.592650007076
10,213,29.0712194469785
11,213,26.3802073478801
12,213,26.8500777992131
13,213,27.2683538578278
14,213,23.2511279684038
15,213,31.2649860222449
16,213,22.5067233275354
17,213,27.5266543859531
18,213,26.5613103188647
1,214,23.198027181849
2,214,33.4961380143941
3,214,24.8256810760462
4,214,20.0613379031226
5,214,29.3046228419325
6,214,27.3632847295629
7,214,18.5383121981425
8,214,24.6042116009989
9,214,30.822865424784
10,214,23.7059250995936
11,214,20.4702864349036
12,214,28.8099077866661
13,214,26.827991685092
14,214,25.7905110209131
15,214,25.9954511062747
16,214,31.7395899509253
17,214,31.5029930194884
18,214,23.5057017419445
1,215,27.4368601151119
2,215,19.926348574408
3,215,27.1245836126412
4,215,21.7375953626464
5,215,29.3503328973349
6,215,21.7036489611308
7,215,23.3008755920288
8,215,29.4765120923072
9,215,25.972966866768
10,215,27.1827224063799
11,215,31.111672886746
12,215,28.9976361742651
13,215,29.294481044651
14,215,27.6783368616307
15,215,21.494929948976
16,215,30.2575024459639
17,215,29.1208959192602
18,215,31.1545251308441
1,216,21.1199569487482
2,216,30.3044815982396
3,216,24.2780242792329
4,216,25.0048906318632
5,216,31.2263633145972
6,216,23.1068749818491
7,216,18.6959683994712
8,216,28.7465544989991
9,216,19.8228755179744
10,216,30.204586917469
11,216,31.5304552368802
12,216,22.7100723692393
13,216,23.3526235992528
14,216,29.8384856195848
15,216,31.3378198298473
16,216,23.8654323545562
17,216,26.0848422266326
18,216,25.7182006529759
1,217,28.321212207348
2,217,24.6586514155949
3,217,29.7868335306491
4,217,25.0862599279441
5,217,24.051011870129
6,217,18.0555825474461
7,217,25.5256049292277
8,217,27.6658895449549
9,217,25.0609169190596
10,217,22.8621521867008
11,217,34.66674625579
12,217,24.1558151242068
13,217,27.2122109954219
14,217,22.167319700213
15,217,28.4916375614272
16,217,26.2589595449587
17,217,25.3744662280541
18,217,25.5887141458566
1,218,25.7854661249186
2,218,30.2768489424965
3,218,31.7817418947437
4,218,29.3961696463266
5,218,25.3823054204257
6,218,28.5941300791535
7,218,26.8212202354366
8,218,19.0866520358183
9,218,28.1299581740866
10,218,27.8927511306478
11,218,24.9903550686269
12,218,19.3936027821026
13,218,33.3594556035575
14,218,34.1376470562169
15,218,20.939450541857
16,218,27.1002204894668
17,218,33.4729448182052
18,218,21.6738215750031
1,219,25.3289783541762
2,219,26.7431838437208
3,219,31.7123477128617
4,219,27.4108353933464
5,219,19.243151204914
6,219,30.6938992376253
7,219,30.3191985274267
8,219,31.0707886987378
9,219,30.0238242662692
10,219,17.3155951995012
11,219,21.5110022873383
12,219,30.3828570817588
13,219,23.5500612814523
14,219,19.55912621365
15,219,27.4537264887473
16,219,29.3433451093972
17,219,30.9942184129046
18,219,20.5208003986962
1,220,23.5599635099843
2,220,25.8861955519795
3,220,25.857894700163
4,220,27.4783278589644
5,220,32.3679085062717
6,220,33.922284438221
7,220,22.0663988033994
8,220,24.2787793699305
9,220,30.2886796406001
10,220,34.1366112888636
11,220,28.4005741526989
12,220,20.9591223350149
13,220,22.1518669535119
14,220,25.0500371059599
15,220,23.9795786997893
16,220,23.9622909689908
17,220,29.6735583289662
18,220,22.8299204633276
1,221,27.6552578841627
2,221,28.5962352468231
3,221,31.928058253683
4,221,28.5788904642877
5,221,24.2631188258924
6,221,18.6177944310138
7,221,20.0108858550514
8,221,22.733829240834
9,221,30.6532707616969
10,221,20.0969576085319
11,221,24.2337734635418
12,221,31.2605201529119
13,221,27.1912850345495
14,221,29.9584642281964
15,221,32.7763436623158
16,221,28.5764036009646
17,221,25.7499970466093
18,221,33.2167814428338
1,222,32.3045482815427
2,222,26.9177238743258
3,222,22.1864573853016
4,222,27.929262367746
5,222,30.2063592209875
6,222,22.186003895624
7,222,27.6473530931875
8,222,33.6924419813388
9,222,23.6846447701668
10,222,25.9211896072119
11,222,21.4780145389976
12,222,24.325406159839
13,222,27.0319509593099
14,222,24.7667992039603
15,222,27.6779868183255
16,222,33.8955900430902
17,222,27.7598637432472
18,222,22.3561601690628
1,223,28.7352081259803
2,223,28.4636035453002
3,223,24.8679829379566
4,223,25.9830381217524
5,223,24.6497006044753
6,223,30.3533256733088
7,223,27.6113189386413
8,223,29.9908619018598
9,223,24.5213065551705
10,223,22.2733030360211
11,223,31.2547316779505
12,223,18.4343793763985
13,223,27.3839237820411
14,223,33.0972499983768
15,223,24.2052471507218
16,223,33.7389009726493
17,223,19.7441722042786
18,223,24.0579411971739
1,224,24.083319536207
2,224,32.5276502315526
3,224,33.5457667485712
4,224,29.075761285605
5,224,24.4391151027501
6,224,25.8329296613256
7,224,23.2628868275409
8,224,29.4626225503664
9,224,29.17809143719
10,224,26.7302198353557
11,224,28.3722938574205
12,224,29.2898572841082
13,224,29.5536743607777
14,224,27.7205084563919
15,224,25.6361682161197
16,224,28.3781266061839
17,224,30.9198407956855
18,224,26.1176723130288
1,225,21.8886419132177
2,225,27.8532519766045
3,225,26.5571446789192
4,225,31.9488104201142
5,225,23.8241753262468
6,225,29.5867993737679
7,225,29.2841348699836
8,225,28.43509451605
9,225,27.2260881461059
10,225,27.6510630718244
11,225,30.8741378764439
12,225,26.7003611074884
13,225,33.5714309939498
14,225,20.7595062388033
15,225,27.2642389288842
16,225,23.0766903995726
17,225,24.5511798875867
18,225,30.4749050135714
1,226,23.3156773171912
2,226,27.5091743152772
3,226,25.6979627292223
4,226,24.6632206826199
5,226,26.4764916552856
6,226,29.1797976079268
7,226,33.4311503858248
8,226,22.5388944221254
9,226,22.0594289658257
10,226,27.4891463712208
11,226,22.2021261766664
12,226,23.2691748562521
13,226,25.0911340226511
14,226,24.1623755736515
15,226,28.9285616937362
16,226,28.6385817374256
17,226,29.8163411988384
18,226,24.2735675767096
1,227,22.9605849318332
2,227,26.3812764790055
3,227,27.2154187087394
4,227,27.8899192535231
5,227,26.5803185428044
6,227,22.0670188955631
7,227,31.1724684946966
8,227,34.1404161328901
9,227,30.8013458541936
10,227,30.6471794548414
11,227,25.4935515093177
12,227,27.8350377999215
13,227,26.9182873484486
14,227,19.7987875689724
15,227,29.1772334871645
16,227,30.4963788794207
17,227,20.1960464776335
18,227,31.3395253692892
1,228,25.5019332721384
2,228,28.6393732542306
3,228,28.8801561606795
4,228,28.4991139961646
5,228,24.5999339936286
6,228,24.6271632822294
7,228,26.5142508531319
8,228,20.1767248078095
9,228,26.6646361984667
10,228,27.5642040857019
11,228,23.7407012776704
12,228,33.0023761766518
13,228,22.6021738564308
14,228,27.4400201137017
15,228,25.9568402698739
16,228,21.9264461667262
17,228,25.3481435657785
18,228,34.8300177225796
1,229,29.8651840486042
2,229,25.1852206545916
3,229,32.2466802457362
4,229,28.8339140727422
5,229,26.6994320362515
6,229,30.0602837308001
7,229,28.21151163105
8,229,25.3084959834313
9,229,26.4733137799401
10,229,27.655766942251
11,229,28.9812275369978
12,229,25.2550229973345
13,229,27.5441593059904
14,229,26.9019844351864
15,229,27.6100693310226
16,229,31.2484191347109
17,229,30.8854763175217
18,229,30.3296566143713
1,230,22.6311565954536
2,230,24.9719431941739
3,230,31.9987438484404
4,230,31.9738213224951
5,230,28.0257293446493
6,230,29.7991947158982
7,230,27.4079525685442
8,230,19.88327532345
9,230,24.4413474135895
10,230,26.5603825867411
11,230,26.1024557980515
12,230,32.1408547021927
13,230,28.1176690222623
14,230,17.5949391211707
15,230,19.0913147244166
16,230,24.5575824219052
17,230,24.264243273787
18,230,30.3044646894392
1,231,28.9225790027137
2,231,28.4781857643403
3,231,25.5676694858359
4,231,23.0127966286651
5,231,23.4131237183917
6,231,28.728325484018
7,231,24.1175880773229
8,231,23.6242252615913
9,231,27.6069805589746
10,231,22.3849374247838
11,231,20.2541207997667
12,231,18.7960636078629
13,231,30.0043868498059
14,231,29.9279638770337
15,231,18.861061766275
16,231,27.6268334805672
17,231,24.6850473180372
18,231,27.7295014991695
1,232,23.4698126027172
2,232,32.5192534856669
3,232,21.5963901463346
4,232,21.8694532631976
5,232,22.2634594810571
6,232,24.5064230089503
7,232,27.6593502520806
8,232,23.3738891063845
9,232,26.2788375696947
10,232,26.2838339741874
11,232,25.541169907273
12,232,33.920917863909
13,232,18.5655514030691
14,232,30.8585637328446
15,232,21.3135528383371
16,232,22.9627366140969
17,232,26.232943102895
18,232,29.0144450452926
1,233,23.0858089950369
2,233,22.2413515150867
3,233,23.4290814460598
4,233,22.7474813613934
5,233,30.6594390032114
6,233,29.1416421510267
7,233,27.3891399236791
8,233,30.6955794406076
9,233,22.400864642273
10,233,25.4940291028634
11,233,24.8329856084756
12,233,19.5403164916459
13,233,25.6074457686144
14,233,28.7919583743614
15,233,23.9263073793718
16,233,28.1400714236768
17,233,22.7274343825112
18,233,29.5351604206792
1,234,26.545789384384
2,234,20.5209195595639
3,234,29.5140734537721
4,234,31.0512563161359
5,234,27.5745525297301
6,234,27.7645308510945
7,234,25.9557026330635
8,234,20.1777102599718
9,234,28.1707153029475
10,234,26.7629898089862
11,234,29.7137791506635
12,234,27.1833842727898
13,234,26.1961872709083
14,234,30.4269100247243
15,234,28.4272171018613
16,234,20.2725679090625
17,234,21.9945053073133
18,234,30.259651809415
1,235,25.7531397673287
2,235,26.793220311239
3,235,25.0388589203177
4,235,27.9008871133845
5,235,27.4614522353577
6,235,23.5658275539532
7,235,28.0563967364905
8,235,25.2634421839728
9,235,26.2635595458453
10,235,25.7452914455995
11,235,23.5590478907034
12,235,23.9224640126394
13,235,22.8697929238851
14,235,26.0757554584872
15,235,27.7638194676633
16,235,25.8339379052826
17,235,31.7114361815841
18,235,24.3577617393053
1,236,23.4700119980152
2,236,27.2324486319481
3,236,25.1891169683719
4,236,32.2723388123816
5,236,27.9570106109132
6,236,26.1235593364773
7,236,24.4654507749953
8,236,19.7894327551822
9,236,27.1957292030022
10,236,24.8416962607457
11,236,26.5621086190313
12,236,30.01976649629
13,236,23.5163077964912
14,236,21.239291819872
15,236,29.8552072740589
16,236,22.8399544323471
17,236,29.9110493771047
18,236,19.7992439518091
1,237,30.5677305940361
2,237,30.191983771051
3,237,31.4194996041174
4,237,25.459263139072
5,237,24.6721230991769
6,237,31.8433272220509
7,237,24.8509516617576
8,237,31.9799244027055
9,237,27.7001897496478
10,237,27.494753389601
11,237,29.09084302812
12,237,25.7344898372387
13,237,25.3791929131605
14,237,26.0645098926102
15,237,25.0259320001705
16,237,28.6668512374435
17,237,24.1923580686557
18,237,30.6665956624994
1,238,32.1038408826904
2,238,26.4019621998426
3,238,18.2573353635642
4,238,32.3397148990648
5,238,26.08755124037
6,238,30.3589393925354
7,238,26.8891899712047
8,238,26.5525651124251
9,238,22.3371113551766
10,238,20.4536844283718
11,238,28.1617223144431
12,238,25.4510669055249
13,238,19.3216892980046
14,238,20.8966422088658
15,238,30.3151071768893
16,238,29.0747074678443
17,238,20.1656047861877
18,238,28.9683610035844
1,239,18.7915748510829
2,239,27.7759537533734
3,239,23.5703404619397
4,239,27.8682106347187
5,239,27.3407134840069
6,239,26.815890282063
7,239,24.04948765644
8,239,25.2878266575544
9,239,24.4454419655619
10,239,23.0865915402487
11,239,27.9664092741295
12,239,18.6065535202658
13,239,22.3399713605805
14,239,26.8338491624265
15,239,26.412848923106
16,239,26.9435674670143
17,239,28.5870755885289
18,239,35.1662970019999
1,240,32.545654172745
2,240,32.6423356420779
3,240,28.5168767934098
4,240,29.0963035425476
5,240,32.7650351905079
6,240,23.3476589559416
7,240,28.4171999717904
8,240,21.4224931043697
9,240,26.7325657149951
10,240,29.3576052422266
11,240,18.6853780624031
12,240,22.6001767687699
13,240,21.6875927220958
14,240,29.9337126221651
15,240,25.4656607113355
16,240,27.9676762755534
17,240,29.4041337440297
18,240,23.932546112463
1,241,25.4508246748058
2,241,25.0660097050954
3,241,28.7610912253668
4,241,27.4071882122223
5,241,22.3201653727517
6,241,24.5536562582524
7,241,25.6520913739716
8,241,26.9543865582162
9,241,27.5387489161348
10,241,24.7058627642128
11,241,25.2962173786747
12,241,32.0687234005984
13,241,27.164137527475
14,241,27.5679530759873
15,241,23.9672302323358
16,241,25.617275108548
17,241,28.1201449110056
18,241,25.3590968961918
1,242,26.4316668945415
2,242,22.8819661023832
3,242,26.5642272741512
4,242,32.1203882890114
5,242,19.3673874109105
6,242,25.5566613069701
7,242,23.954709932668
8,242,27.462220094105
9,242,20.7282365720696
10,242,28.165024723115
11,242,20.3460511818737
12,242,24.4840590575853
13,242,24.7254686638297
14,242,26.1715186359482
15,242,26.1148460772845
16,242,34.1973071336649
17,242,27.7825447723838
18,242,24.7774062439563
1,243,30.8087119694995
2,243,25.0453857410605
3,243,28.3840463985879
4,243,31.4555566375826
5,243,30.5239479428781
6,243,21.2443222648955
7,243,24.5867547447737
8,243,27.0349325526187
9,243,25.51206682765
10,243,30.5392172140002
11,243,30.7870191176394
12,243,28.4864937485277
13,243,26.7494995572822
14,243,29.9062023707383
15,243,20.1139527335958
16,243,24.1082413075454
17,243,23.2183139015242
18,243,30.1145859900993
1,244,30.5076690682488
2,244,30.3531434491653
3,244,24.2246936015285
4,244,19.0899390622932
5,244,27.9672998526758
6,244,29.2369932619925
7,244,26.7988734829774
8,244,25.3519919028189
9,244,24.7148941220948
10,244,25.2956673394022
11,244,25.3323617912862
12,244,27.1066951089452
13,244,28.1853711700928
14,244,25.7742256688249
15,244,27.5117997357942
16,244,28.6416473350172
17,244,31.3072355268886
18,244,32.5216130987783
1,245,25.9570331643773
2,245,28.0267877508082
3,245,22.896875933016
4,245,21.029440418379
5,245,27.3543989750774
6,245,30.1263711951366
7,245,29.3777390043174
8,245,27.4086637600445
9,245,33.9860553340589
10,245,34.424601481814
11,245,24.8543569266897
12,245,22.8012362753538
13,245,25.4347699683209
14,245,27.1094491689179
15,245,30.0464538664241
16,245,28.6733803966809
17,245,31.4638592791737
18,245,28.9476043439021
1,246,24.0189706567859
2,246,24.7009536235365
3,246,29.2224216458183
4,246,23.3177486767051
5,246,24.4202664543636
6,246,31.4433853935581
7,246,22.7351826826611
8,246,22.3181992404127
9,246,29.0651966422341
10,246,27.1450931697915
11,246,27.1411620411058
12,246,28.7223739612399
13,246,28.1763907245124
14,246,29.396220929112
15,246,24.3544366141072
16,246,33.7451140474702
17,246,32.9717455359325
18,246,19.4673790111126
1,247,29.225157919129
2,247,25.3759376684906
3,247,25.2329809825204
4,247,19.0852367317994
5,247,29.3678966415195
6,247,22.5619548557357
7,247,21.7264821434904
8,247,28.8408203787702
9,247,26.2072320616717
10,247,19.3875202058834
11,247,31.8598198845849
12,247,29.6950179055713
13,247,26.0016130142831
14,247,22.0540405939407
15,247,30.1506653268596
16,247,28.8744659133213
17,247,25.8669095593208
18,247,22.8480984343161
1,248,18.6071157718128
2,248,25.0825174156973
3,248,23.0766681705605
4,248,27.3222310201055
5,248,27.5595733289347
6,248,24.3667510017988
7,248,31.9946939645567
8,248,28.7319656904112
9,248,24.2990894908373
10,248,28.8561740188733
11,248,27.7544578290044
12,248,25.8250728952063
13,248,22.7242718854686
14,248,19.3163690066424
15,248,22.5122493213241
16,248,27.5451289975635
17,248,23.5117752807631
18,248,20.0486561208164
1,249,31.750737334513
2,249,30.9353852850524
3,249,30.2610723766799
4,249,27.763600005825
5,249,28.9518616032494
6,249,29.8518238455834
7,249,30.8944749075664
8,249,28.6914905860026
9,249,25.0213474984687
10,249,26.7223745032643
11,249,29.5838146325115
12,249,25.9398390120161
13,249,27.5119826258002
14,249,24.6017509105405
15,249,22.379578276566
16,249,24.2875078682001
17,249,23.2837558573076
18,249,23.6078554451791
1,250,26.933428415132
2,250,31.8784652373804
3,250,27.497492850169
4,250,24.1045801673608
5,250,25.4556520269508
6,250,27.3330852031801
7,250,22.5939238015151
8,250,28.3754579421537
9,250,19.0298010446729
10,250,18.7079479132254
11,250,28.3116218177741
12,250,23.3224738046372
13,250,25.5643856766892
14,250,22.5938878356757
15,250,28.7821011558709
16,250,27.8125301957537
17,250,20.5399455132501
18,250,25.8043671932442
1,251,21.5784484699906
2,251,25.7645954431859
3,251,26.3123257641431
4,251,27.908765497928
5,251,20.9945036181481
6,251,25.0949831848928
7,251,19.2826044337741
8,251,25.0896035014944
9,251,29.6747605768006
10,251,29.1557111089298
11,251,30.1149117928263
12,251,20.3862310660364
13,251,22.457219263364
14,251,28.1928857087532
15,251,25.660667614848
16,251,22.9892489221692
17,251,22.0402147668944
18,251,22.0494923478151
1,252,27.9040238825017
2,252,26.7639907299226
3,252,26.6313138229315
4,252,30.9801068435563
5,252,23.1218374385665
6,252,29.3777921319464
7,252,23.5249655214059
8,252,22.5455179502183
9,252,22.3271407567574
10,252,31.2142179807669
11,252,28.3536968567949
12,252,26.323545574374
13,252,28.8654156066765
14,252,28.7666122281304
15,252,28.1281305946477
16,252,31.7808834583624
17,252,23.2337850316955
18,252,26.1032637492817
1,253,19.8025293773403
2,253,22.558535179353
3,253,28.7124270005461
4,253,29.1423813436151
5,253,26.0492923868816
6,253,25.1975541978649
7,253,26.5938519897461
8,253,19.2791775308342
9,253,30.5966371053674
10,253,28.1882092997158
11,253,23.020892525773
12,253,27.1865767488623
13,253,30.9948478651658
14,253,23.6688208242896
15,253,25.068995301746
16,253,29.5829799700315
17,253,23.7854584456066
18,253,20.9354548723774
1,254,25.9329184675268
2,254,23.2307533652545
3,254,28.1789791034314
4,254,27.8799875972705
5,254,25.926933247802
6,254,22.408015209377
7,254,22.9916314414361
8,254,26.0042101767255
9,254,25.6210453411158
10,254,20.4342135475391
11,254,18.2080494611184
12,254,31.1549338403465
13,254,24.6629277752816
14,254,32.9344660087947
15,254,28.4278268733246
16,254,30.6792297240065
17,254,26.0807722596663
18,254,31.9860575530609
1,255,29.3129759375284
2,255,24.3066231378759
3,255,28.5416708781209
4,255,31.8939155470419
5,255,29.1502391618386
6,255,28.3932912168888
7,255,29.1899066018691
8,255,21.7481764743663
9,255,19.9397339347596
10,255,25.4462853300009
11,255,26.7607224770227
12,255,32.5861342157357
13,255,32.5347179879947
14,255,28.1069732686907
15,255,24.7826884017722
16,255,27.0487862003132
17,255,28.4158459163608
18,255,30.7250177975972
1,256,27.2740165113763
2,256,21.3509285022742
3,256,28.8120343158217
4,256,30.3887009213782
5,256,25.6607799795093
6,256,23.1590853423943
7,256,24.0635064183204
8,256,19.8063965836716
9,256,27.0146847378615
10,256,27.5842196667638
11,256,27.5054066927203
12,256,31.4090911566264
13,256,26.0158233659899
14,256,23.78155314376
15,256,26.86378609259
16,256,20.6853376971521
17,256,28.2592565779406
18,256,29.0784774301328
1,257,23.516595943219
2,257,23.0835522682849
3,257,30.9796578492567
4,257,24.4940926290486
5,257,33.8450675775661
6,257,29.0150879337607
7,257,32.0886629025082
8,257,29.2813896829499
9,257,24.8938292377564
10,257,25.4714939832053
11,257,19.6997106524987
12,257,31.3678639904811
13,257,26.9488623256629
14,257,25.1274400893658
15,257,30.0381690752169
16,257,29.7849028192964
17,257,29.6539968716909
18,257,27.0457594991795
1,258,21.6681409766624
2,258,31.2496740502222
3,258,22.1226934031204
4,258,30.308871330322
5,258,27.2395023560698
6,258,27.2763700647747
7,258,29.0755791044952
8,258,25.613914457628
9,258,30.0107497020826
10,258,30.6449007526004
11,258,29.7985643673217
12,258,25.9171473677658
13,258,22.7112408361033
14,258,28.9656693994187
15,258,21.3567393205103
16,258,20.4235165870623
17,258,19.2110925382822
18,258,28.1845573867001
1,259,28.6136885855584
2,259,23.0100656683762
3,259,29.8426845191234
4,259,29.7714466064295
5,259,27.9762639699334
6,259,32.7228859169068
7,259,22.3390692316107
8,259,20.5396169483395
9,259,32.357407831941
10,259,30.5620005869207
11,259,25.2509174034095
12,259,25.751540207929
13,259,32.9315630699605
14,259,21.4160761928837
15,259,28.7906445493277
16,259,27.2443666973662
17,259,31.1556155625029
18,259,29.059459992029
1,260,27.9567190553701
2,260,22.5258587091374
3,260,26.4958077343044
4,260,26.1052541946847
5,260,22.5282061206823
6,260,30.3579997956744
7,260,24.4487557558488
8,260,28.0196542116651
9,260,26.5640006207562
10,260,27.3560996299552
11,260,27.7769166921275
12,260,21.599384934018
13,260,26.6176742848003
14,260,22.6418768982209
15,260,26.0456025417971
16,260,28.3720421657121
17,260,27.4175371977979
18,260,24.1751149120777
1,261,24.5950537440776
2,261,18.60142131157
3,261,24.5455217012421
4,261,28.7295781705421
5,261,20.8445893667689
6,261,33.3479791302315
7,261,29.9109128170965
8,261,31.297764103519
9,261,26.9217907604814
10,261,25.1113941979543
11,261,26.4215866832105
12,261,21.6527194942423
13,261,23.6669352053356
14,261,25.4656257658527
15,261,25.7608640777502
16,261,28.324788779631
17,261,22.2278704123176
18,261,26.3990367266844
1,262,22.3787834053109
2,262,27.236147499645
3,262,19.4433061595274
4,262,29.9606918970311
5,262,30.4132054448989
6,262,23.260585849283
7,262,27.2115523762159
8,262,27.795169898551
9,262,22.1082863122024
10,262,28.6582562487884
11,262,31.0638129139794
12,262,32.5864436444428
13,262,29.0698939634866
14,262,17.7649051458127
15,262,29.5185822502732
16,262,25.1205287481961
17,262,25.8511649147065
18,262,17.9616138726833
1,263,25.0279385844732
2,263,24.8893464793755
3,263,26.3648150818199
4,263,30.244598777862
5,263,28.2341644048052
6,263,25.3741671319099
7,263,29.7364229677403
8,263,25.5398384304266
9,263,32.4200030138347
10,263,29.5279197775939
11,263,24.6605378913465
12,263,23.8281459091996
13,263,22.5158878133484
14,263,31.24625395269
15,263,27.1206489880511
16,263,31.5896635967845
17,263,34.8331751460311
18,263,27.2577083753809
1,264,25.0035552552854
2,264,28.3534821438068
3,264,31.0006758759738
4,264,33.4762640699049
5,264,25.7800925320761
6,264,29.0756593220498
7,264,24.7909771219596
8,264,26.3218991803012
9,264,23.7973128202052
10,264,28.6044444018095
11,264,25.9105114572563
12,264,28.5769889639157
13,264,32.5673104123308
14,264,20.2512731636643
15,264,27.8499703124806
16,264,29.2202141851382
17,264,28.5467853677196
18,264,31.0080746102299
1,265,29.8826216350863
2,265,31.1471696153691
3,265,33.5983601584924
4,265,27.1976267443087
5,265,29.6445814515836
6,265,27.4791960034531
7,265,20.9441779985458
8,265,26.4424489583961
9,265,22.4427968645555
10,265,27.2673541450104
11,265,20.3980982732912
12,265,29.1009117631953
13,265,17.838682589516
14,265,21.1925050918854
15,265,31.4952511123932
16,265,33.3297731459175
17,265,24.7261489917037
18,265,28.080616314395
1,266,28.1975899260797
2,266,27.7887102833312
3,266,31.1256209400026
4,266,29.6507815258501
5,266,24.6487210912803
6,266,20.3415647695889
7,266,26.2183418633365
8,266,26.0110021746456
9,266,28.0300007794751
10,266,29.1970248917644
11,266,27.5710112319814
12,266,26.383755955228
13,266,23.5245495868985
14,266,26.2903458619014
15,266,29.4746494144238
16,266,24.061439602621
17,266,28.7686637018849
18,266,29.615339503403
1,267,25.592730058313
2,267,24.6996054229519
3,267,21.6963119041344
4,267,26.5511282092055
5,267,29.1032555508573
6,267,26.9124757026546
7,267,31.9356143079988
8,267,18.8285604825651
9,267,31.7873661393237
10,267,27.4803563200675
11,267,30.0096394606047
12,267,26.0885875901717
13,267,24.771376305885
14,267,25.8315232075917
15,267,24.565185493282
16,267,21.8822032672591
17,267,24.3236238020849
18,267,24.2875747048968
1,268,25.0753256673167
2,268,19.0333929264557
3,268,29.3923957273395
4,268,26.2268827164201
5,268,27.6825032661512
6,268,21.575360147565
7,268,19.6082958032767
8,268,23.0026618574243
9,268,19.5969091101939
10,268,32.2910034564811
11,268,26.6576257857061
12,268,29.9268580270874
13,268,27.2973465863412
14,268,21.6775966113784
15,268,18.5897320338311
16,268,26.075794899991
17,268,23.3456137747588
18,268,29.9784910125125
1,269,26.8492006549249
2,269,27.1070384054064
3,269,32.0415762671068
4,269,20.9293939810696
5,269,19.210258682265
6,269,27.2813859428367
7,269,21.5704713752645
8,269,24.1254789160969
9,269,22.2538289859126
10,269,22.4826267836287
11,269,27.3884494035666
12,269,20.4705502791776
13,269,27.9576012191072
14,269,29.0945902608114
15,269,25.4584480535055
16,269,28.7452162615006
17,269,20.3250370163589
18,269,27.5188272990879
1,270,24.1396538728668
2,270,22.9299506346683
3,270,24.4403004361762
4,270,27.7078111499698
5,270,25.9458010823984
6,270,28.0216604960435
7,270,32.5146256661232
8,270,26.988224567268
9,270,23.9414135340416
10,270,29.1773728081996
11,270,27.0305539083156
12,270,22.1873103432811
13,270,23.8187907570512
14,270,21.8454477098184
15,270,21.6281895599024
16,270,28.1692184697539
17,270,29.1132317843838
18,270,26.2272356160579
1,271,22.3733968626671
2,271,30.4676674118462
3,271,34.5884282097487
4,271,19.0880465389575
5,271,27.0903736060796
6,271,29.8452133778529
7,271,26.971360130281
8,271,23.905170478472
9,271,26.4884242620069
10,271,24.4979553720703
11,271,33.0916768873941
12,271,28.6778658839998
13,271,29.2199683653633
14,271,18.7815105081906
15,271,25.7476230240633
16,271,26.2942266545865
17,271,21.913690374429
18,271,24.0476401187598
1,272,22.4216146504226
2,272,25.9170940757778
3,272,23.4791371664993
4,272,26.9589429654735
5,272,31.2401293322739
6,272,26.9022687704072
7,272,26.0010362350132
8,272,24.5360999070239
9,272,23.5974722836784
10,272,20.3172182404441
11,272,29.7067561880981
12,272,32.8042937440744
13,272,31.6737611265759
14,272,24.4946093763946
15,272,23.8653166992525
16,272,24.6899597119354
17,272,24.9342017983912
18,272,27.8112050436709
1,273,28.0114388652017
2,273,21.6411456022632
3,273,26.72645496017
4,273,20.1486094851247
5,273,28.240474894975
6,273,32.7019893003559
7,273,32.7635408179675
8,273,31.6666686640369
9,273,26.5124275902078
10,273,25.403167575221
11,273,25.6248673767067
12,273,32.3388922398823
13,273,28.5395139970381
14,273,25.9169485559105
15,273,26.5553309778257
16,273,29.2253817798743
17,273,29.0820047323553
18,273,26.4659434450793
1,274,25.8585282456329
2,274,25.7600598099362
3,274,28.3807267091881
4,274,28.5872021247223
5,274,20.4814021737073
6,274,26.3574201267785
7,274,26.7976663166305
8,274,22.5543250278143
9,274,24.62996552015
10,274,23.242378442696
11,274,21.8189519760022
12,274,30.6325818464481
13,274,25.0695137208337
14,274,20.5594049118997
15,274,28.1113348823748
16,274,29.4267492105934
17,274,27.0895692191405
18,274,26.7682136661882
1,275,29.3326165086421
2,275,31.2082973681004
3,275,30.263247216015
4,275,26.7533238521023
5,275,29.8440104343732
6,275,23.1307020776694
7,275,25.4425662068312
8,275,25.8143310506305
9,275,21.2994614400792
10,275,17.8112918189671
11,275,25.626389748657
12,275,22.5777362469815
13,275,31.0841973288934
14,275,27.5815638721615
15,275,26.272073881402
16,275,27.0519171745442
17,275,20.2464288531676
18,275,29.3012981560726
1,276,28.5621855047244
2,276,22.031393790053
3,276,27.7759773786627
4,276,28.1582028306687
5,276,25.1223087229062
6,276,28.5673547417868
7,276,27.3811438005931
8,276,24.3022971002489
9,276,31.7517812393883
10,276,20.1009299020921
11,276,31.5232654246849
12,276,30.1333499426857
13,276,24.8858268074852
14,276,25.9232596102584
15,276,26.7854027434868
16,276,27.2294464139766
17,276,20.8501785664045
18,276,24.8280257267115
1,277,23.7231752214928
2,277,21.4207852280618
3,277,33.4664428634338
4,277,25.0981132881052
5,277,32.1515999080307
6,277,30.0307823634559
7,277,25.8368980357764
8,277,29.8605822822137
9,277,23.8741665457042
10,277,29.6113392048866
11,277,21.1594357189154
12,277,23.4171347858474
13,277,33.7056617368873
14,277,20.0729787781697
15,277,27.1706470432997
16,277,28.4066291009436
17,277,24.2967430574101
18,277,26.6774801214023
1,278,30.761690781833
2,278,26.5986891530907
3,278,22.1766943005021
4,278,24.803362594012
5,278,29.4584919216341
6,278,20.0736996375722
7,278,31.977113712453
8,278,28.5033151407716
9,278,25.9148925939038
10,278,22.1689646121604
11,278,32.0092843275626
12,278,23.6983152792012
13,278,29.1346137612371
14,278,18.4208614214997
15,278,23.9326825848417
16,278,34.0267987712203
17,278,28.8780192248679
18,278,28.1788700510495
1,279,23.8225737743878
2,279,21.1805782128564
3,279,24.553889716564
4,279,27.1380708902938
5,279,29.6399096250448
6,279,24.2396475196212
7,279,24.8034454565309
8,279,32.5136202436171
9,279,26.6515066870418
10,279,33.2855511455889
11,279,30.549131660256
12,279,33.5477950068092
13,279,21.7608518199017
14,279,24.7651389840207
15,279,32.4366310141857
16,279,28.0761171791241
17,279,33.5373537098981
18,279,33.2513027875587
1,280,29.0313067773807
2,280,25.650479360747
3,280,28.2991507302661
4,280,24.0480529134761
5,280,24.7146202745253
6,280,30.4666729609971
7,280,28.560582950041
8,280,29.5671760382995
9,280,24.6908509935014
10,280,28.0762980254991
11,280,27.7994069663832
12,280,23.6271442208842
13,280,23.8991800138384
14,280,31.0640403938567
15,280,29.6929407387732
16,280,19.3674181436131
17,280,29.324560856425
18,280,31.4216646010614
1,281,31.3354274663596
2,281,21.8683779494389
3,281,33.4103379910538
4,281,31.6604516921548
5,281,24.0714750534666
6,281,31.2608993037889
7,281,30.3563556115879
8,281,26.1470519815077
9,281,20.9436305403758
10,281,30.8694859710755
11,281,24.880771543586
12,281,23.7051558750254
13,281,30.2800990637104
14,281,34.1558869707444
15,281,23.6777363307588
16,281,21.2265954789155
17,281,28.0127692383816
18,281,30.7147759466207
1,282,22.9918929510624
2,282,26.7969858660589
3,282,25.2500574902
4,282,30.2327181397888
5,282,26.588423997553
6,282,23.7026285008055
7,282,24.217906010491
8,282,30.2112541117633
9,282,19.374777711235
10,282,25.8008753833284
11,282,27.6338125929527
12,282,27.0152059241385
13,282,28.4996032763278
14,282,26.8191403862792
15,282,27.2501431677595
16,282,30.478456004071
17,282,24.7474080135108
18,282,19.7641222317752
1,283,30.1124356156454
2,283,29.6134430189088
3,283,30.7597925046327
4,283,20.6646378657848
5,283,18.4724045603804
6,283,27.5928369828663
7,283,30.9266055097275
8,283,26.2180708980863
9,283,19.8213549538504
10,283,25.8469608615888
11,283,25.3585406510156
12,283,26.518887140436
13,283,22.1384989230518
14,283,26.546898421227
15,283,24.1415705424241
16,283,26.648395666214
17,283,31.5815031903202
18,283,26.7544153031598
1,284,28.7262835504148
2,284,20.4526832338443
3,284,28.5717408717033
4,284,29.8773248530682
5,284,19.0588191959971
6,284,19.7947609584548
7,284,27.4638391443138
8,284,29.7614457016134
9,284,29.0859664731435
10,284,24.1967787182184
11,284,29.9659206137006
12,284,25.9997869861356
13,284,22.6894951295257
14,284,27.7098086544384
15,284,30.2508545174456
16,284,29.6437863910234
17,284,21.0569556979838
18,284,20.7947631384549
1,285,32.8280038359276
2,285,21.2599143698314
3,285,23.4211609549881
4,285,26.1462211787578
5,285,29.6044600892331
6,285,30.6340476913705
7,285,27.9095355889064
8,285,25.6094150894638
9,285,22.3210151087582
10,285,31.13174516489
11,285,30.9956994236389
12,285,25.0561466355507
13,285,26.8710564974421
14,285,26.6868845219711
15,285,29.8061578493557
16,285,31.831780667663
17,285,27.5430570852794
18,285,30.2182001760892
1,286,29.9941722757605
2,286,24.3644267397718
3,286,26.8270466939935
4,286,24.535951976855
5,286,30.893648871665
6,286,28.8358184474941
7,286,25.326503969384
8,286,34.6044428232493
9,286,28.6987649044846
10,286,23.7801199137916
11,286,28.1359950154891
12,286,25.1176660882556
13,286,29.9018619887789
14,286,24.8969508835434
15,286,24.1804659681245
16,286,20.7698986242236
17,286,27.3966965137277
18,286,18.0777241076065
1,287,24.3558886704118
2,287,24.3455166820209
3,287,30.1437858479941
4,287,21.8271840132606
5,287,24.113331987972
6,287,26.146518537737
7,287,32.8110226329954
8,287,24.8088702280218
9,287,29.7003781549377
10,287,22.0987103403325
11,287,26.6926029847846
12,287,26.982417113533
13,287,31.2101933626817
14,287,25.3190223769067
15,287,26.4177916688224
16,287,26.1551133814046
17,287,28.8358684328898
18,287,20.2584112670336
1,288,28.7022153913079
2,288,28.2992947608377
3,288,28.3033291626645
4,288,26.7439881071809
5,288,24.284661338259
6,288,25.4470286987218
7,288,21.5878841847914
8,288,24.017796425025
9,288,20.1098281501755
10,288,26.4504734883291
11,288,24.8858291770016
12,288,23.3879289318825
13,288,29.2918882934796
14,288,23.8680630020456
15,288,25.7967749553584
16,288,28.7250794076727
17,288,21.7694459760337
18,288,22.1583501772315
1,289,33.763573014833
2,289,33.4299365328602
3,289,29.3650814157158
4,289,19.5452832557168
5,289,33.3317063449597
6,289,29.3847343124289
7,289,31.2335972013452
8,289,23.5616064570435
9,289,24.2219388352033
10,289,27.7404439389918
11,289,25.0743791709978
12,289,29.3444342969283
13,289,20.8967396067816
14,289,31.2909805735045
15,289,29.5113348368242
16,289,31.1496674084582
17,289,32.5167954265386
18,289,24.8848411521492
1,290,22.9082216212939
2,290,22.4283159872004
3,290,21.7738942319027
4,290,26.4668987576981
5,290,30.0471435480868
6,290,30.8791438373769
7,290,20.6376912756857
8,290,29.0475643535111
9,290,33.2751305314219
10,290,24.7305831991861
11,290,28.8697144477331
12,290,27.625958123557
13,290,20.0096734558458
14,290,26.2467481835385
15,290,28.0474220760374
16,290,29.9025199410392
17,290,27.1363800604751
18,290,31.1343066423083
1,291,18.3177406187829
2,291,26.2234496843187
3,291,26.5843214360016
4,291,29.8039445013134
5,291,24.3254430722499
6,291,27.5822322604816
7,291,23.0469501116119
8,291,29.9920245758868
9,291,27.617813076548
10,291,24.2460943380659
11,291,29.9282382168844
12,291,27.7180018039301
13,291,32.797315714225
14,291,22.9074166427364
15,291,18.084695071996
16,291,25.4312598241861
17,291,29.523248130578
18,291,27.4206248121633
1,292,22.7758353415255
2,292,21.2397230426399
3,292,31.037856602691
4,292,22.3536895517474
5,292,28.0135939591248
6,292,26.2175238043007
7,292,31.989762790826
8,292,27.7850299512282
9,292,20.7516677545655
10,292,26.903905140584
11,292,28.5745271506871
12,292,26.5998257304616
13,292,27.8252296652304
14,292,26.5436788418389
15,292,30.6533978975524
16,292,24.185325517045
17,292,25.8290562773791
18,292,29.8883221284436
1,293,30.9948531619756
2,293,27.1089575669534
3,293,24.9340813385283
4,293,27.4681504131563
5,293,25.0009156404447
6,293,22.576838042038
7,293,26.8409873838956
8,293,19.7827282888187
9,293,22.2982512891658
10,293,22.7997634426231
11,293,24.8846566790996
12,293,25.2275419978533
13,293,30.8751839105511
14,293,25.2599905719716
15,293,32.5950640514492
16,293,26.5757471879279
17,293,30.8902090360286
18,293,24.8088512833811
1,294,25.0194791784538
2,294,22.6258643343684
3,294,27.9116470393031
4,294,22.9835101947547
5,294,27.1120151825175
6,294,23.1811127668295
7,294,21.5569289603498
8,294,24.9586532709551
9,294,27.6862121041691
10,294,28.5835663325291
11,294,23.3123905109889
12,294,25.8966744492922
13,294,22.3330175503098
14,294,23.3520628069654
15,294,29.454467350916
16,294,26.568020456688
17,294,23.8079475868605
18,294,29.8454086345592
1,295,26.1820481285071
2,295,22.7675033329667
3,295,22.6875648895888
4,295,33.1341690214587
5,295,26.9553569399697
6,295,26.9574687378372
7,295,28.5658454893553
8,295,29.7359059856878
9,295,28.6046099664967
10,295,31.0928258913805
11,295,22.2741002985464
12,295,24.1537942391952
13,295,31.3861189609296
14,295,25.2313710279255
15,295,32.1364221687109
16,295,24.9217183944724
17,295,28.1147662156316
18,295,26.9463553720287
1,296,27.3242622404695
2,296,26.7335774387912
3,296,27.0345259776566
4,296,25.5561506185588
5,296,27.6867172806143
6,296,24.1267046222977
7,296,28.1279382463508
8,296,28.3260145151014
9,296,27.2505335466182
10,296,24.6953666058359
11,296,29.1814316823874
12,296,30.5667253843582
13,296,25.3953595811853
14,296,26.1669574832727
15,296,30.9433889272845
16,296,25.8317538724326
17,296,26.6004546287115
18,296,26.7802470218692
1,297,19.8898832092746
2,297,25.6874769236896
3,297,26.3582365178256
4,297,27.2732815367436
5,297,28.393959958531
6,297,28.4964991521952
7,297,31.2914966497054
8,297,28.3258221206481
9,297,26.9712001049631
10,297,24.7295055513049
11,297,19.3893891911754
12,297,22.0709587286884
13,297,26.7632753138855
14,297,26.8485395823835
15,297,21.7854191464766
16,297,24.0334290207207
17,297,22.6777154044451
18,297,24.3367065400748
1,298,22.4748664132976
2,298,26.040820410209
3,298,23.418644881625
4,298,20.9737996586027
5,298,30.9707232215079
6,298,23.4492969879915
7,298,23.2817826375393
8,298,24.7960384934505
9,298,24.9591654177555
10,298,29.4955302065209
11,298,27.4200138773442
12,298,22.6378605972212
13,298,30.0758600860298
14,298,31.9072157759574
15,298,23.9845645700927
16,298,29.277452756941
17,298,23.3042209716358
18,298,30.3011539896525
1,299,24.6196952093306
2,299,29.4628986604617
3,299,21.8921122848504
4,299,30.5300855987716
5,299,30.1860667105438
6,299,30.6728272551005
7,299,18.8340330220504
8,299,19.8335420676491
9,299,24.5808378598636
10,299,24.9165954019336
11,299,20.8951403642775
12,299,28.7768783751565
13,299,19.3473349874759
14,299,30.226488038234
15,299,26.8533274919289
16,299,29.4641287271704
17,299,32.2713287931648
18,299,27.1370833200183
1,300,32.5474659548378
2,300,24.8007217153581
3,300,24.4304790915649
4,300,33.1250795204004
5,300,23.8549350440756
6,300,29.8898997800356
7,300,24.5357157101283
8,300,28.6526628471482
9,300,29.3959141564306
10,300,24.2640382870382
11,300,18.1800426137902
12,300,25.9704266517653
13,300,27.6506505842631
14,300,26.1763332214781
15,300,25.1014097675025
16,300,26.9023860899563
17,300,23.6540429101378
18,300,24.4634806769764
1,301,19.2264261984776
2,301,27.0117443237528
3,301,25.9325915617104
4,301,33.3538028758706
5,301,20.2097915801999
6,301,28.0456900767618
7,301,26.6864801407116
8,301,18.1319520304772
9,301,23.0150894666711
10,301,28.0034137100058
11,301,26.9195041611134
12,301,31.3100766336469
13,301,28.4469125407317
14,301,26.8753390994685
15,301,24.6833401857776
16,301,25.7100305601764
17,301,22.4880173221635
18,301,25.5198075469687
1,302,24.2203804242079
2,302,32.4523070138861
3,302,23.9816123989888
4,302,29.0914525188834
5,302,20.7159070477853
6,302,25.4207216709818
7,302,23.4977276503669
8,302,31.0850859913346
9,302,25.983092104264
10,302,24.849574528281
11,302,25.8713606857021
12,302,22.5411484294784
13,302,27.9527720339414
14,302,29.4976166655751
15,302,31.4990368752684
16,302,27.7682047450785
17,302,27.9681448678743
18,302,28.2847096319197
1,303,32.0843470513702
2,303,34.2018681787553
3,303,24.0651080570138
4,303,24.4813016256031
5,303,31.6915239969978
6,303,25.4483456556973
7,303,28.9508837205083
8,303,30.4594084983634
9,303,21.8144347444682
10,303,30.5284743197901
11,303,28.2246789380244
12,303,18.5060651327499
13,303,21.6378381016202
14,303,26.0228739807521
15,303,30.2866031868627
16,303,25.0171477496602
17,303,24.5292038195093
18,303,31.5954131903756
1,304,25.8087909733982
2,304,27.3705312778522
3,304,23.9295588710291
4,304,22.1493386295873
5,304,23.1945998592736
6,304,27.0279477049125
7,304,32.7314881044602
8,304,25.9482696145846
9,304,30.4501411874819
10,304,21.0147143372991
11,304,29.2629981780558
12,304,24.1645930232988
13,304,27.0208063361236
14,304,20.0703373883958
15,304,29.4956136797981
16,304,31.6699676029987
17,304,29.2115238236533
18,304,21.4166808637756
1,305,32.4600196324616
2,305,22.9061213455961
3,305,29.9250487046228
4,305,28.3803294702994
5,305,25.931114877097
6,305,29.3024702087738
7,305,25.8956265802077
8,305,27.61493323458
9,305,24.8356439066188
10,305,28.1257410678893
11,305,25.2779024592397
12,305,30.9638154277577
13,305,25.8064364743766
14,305,26.313857576757
15,305,31.2671791683056
16,305,28.1824750959219
17,305,18.5518734303956
18,305,28.2179097375939
1,306,23.8339975723831
2,306,33.0316080366248
3,306,26.226668297046
4,306,28.3527974195403
5,306,21.4658518286674
6,306,23.3397302461729
7,306,32.5040031024193
8,306,27.3739832276573
9,306,25.8176596585139
10,306,27.4820759867837
11,306,22.1077237163831
12,306,26.7255011597095
13,306,23.0288593861011
14,306,23.8217640134978
15,306,30.0087446863588
16,306,28.4569932339295
17,306,33.152531451003
18,306,22.2256279358818
1,307,26.2609721880012
2,307,26.6448973525506
3,307,27.1430909481264
4,307,26.3188850940626
5,307,22.7916440600231
6,307,28.852340554784
7,307,31.5807190784177
8,307,24.4743726684044
9,307,29.4436379483921
10,307,32.0745128023431
11,307,18.55027023653
12,307,26.7494970778203
13,307,24.0766633062025
14,307,26.3766483005427
15,307,25.8169656762872
16,307,30.390034760157
17,307,22.1425271988188
18,307,30.9252099471971
1,308,25.6558391764283
2,308,27.863523049711
3,308,22.0423141274481
4,308,31.1317732462224
5,308,28.0638330614734
6,308,26.8586178915932
7,308,27.9754967532105
8,308,33.0016993168259
9,308,29.7781841525353
10,308,32.5490867700764
11,308,28.2784979427138
12,308,26.3132289605473
13,308,32.4332674713717
14,308,28.3610857166247
15,308,25.1834617526615
16,308,25.1493261934368
17,308,18.8939268725749
18,308,26.2683981581817
1,309,26.8420414751817
2,309,20.5170470417607
3,309,29.166270676791
4,309,22.4852083992571
5,309,25.119633137661
6,309,25.5295921925448
7,309,31.8519859564584
8,309,28.0321572502668
9,309,30.8211753544134
10,309,25.8740927028664
11,309,28.7376362109551
12,309,23.1979498383332
13,309,27.0066119061383
14,309,31.4608447139267
15,309,24.4788258155307
16,309,24.6639089731302
17,309,26.0497593884614
18,309,31.2203188898044
1,310,28.4778976886904
2,310,26.1318423125769
3,310,30.3622569322871
4,310,23.8424678952061
5,310,25.5608808144414
6,310,21.8845588630264
7,310,23.7210385406032
8,310,28.5530910715546
9,310,34.2798910921273
10,310,30.3437898258258
11,310,28.6655241577769
12,310,26.9789848126095
13,310,22.9786852355636
14,310,33.6551023280168
15,310,30.2265928438305
16,310,33.1219305431475
17,310,26.9766749422841
18,310,29.1896243205831
1,311,29.837709872725
2,311,26.7585082721003
3,311,26.9399256279268
4,311,28.7395767293734
5,311,26.5200458613095
6,311,24.5218445545436
7,311,27.0832353526011
8,311,27.5700155819884
9,311,28.2646417412111
10,311,32.7477802627601
11,311,24.2274897741042
12,311,24.1472159029353
13,311,24.0332044337649
14,311,26.1037022926941
15,311,26.0180632293207
16,311,25.6453805269315
17,311,27.3737509942028
18,311,25.44525971257
1,312,25.4722846868844
2,312,24.6755401016637
3,312,27.9060943078596
4,312,22.6799608027002
5,312,22.1681210651946
6,312,21.0697815350219
7,312,20.9306966051776
8,312,28.5795631893257
9,312,33.206738917426
10,312,29.7941986125387
11,312,28.2085212898779
12,312,28.5806365634594
13,312,25.1374343777397
14,312,28.1013056738614
15,312,25.627952737924
16,312,21.9622082388487
17,312,29.6805203618486
18,312,30.9012162134698
1,313,25.9142783194316
2,313,28.1512033340858
3,313,27.4486382423616
4,313,31.354001121445
5,313,25.6909764725236
6,313,25.700398964168
7,313,24.6933782303732
8,313,21.4105930707447
9,313,28.9843950875208
10,313,31.2750926581164
11,313,27.2672363608524
12,313,22.0996502815307
13,313,31.5319079204871
14,313,25.7006641883188
15,313,22.074116921949
16,313,31.457182186518
17,313,26.2169858318516
18,313,26.0877246570817
1,314,25.9197075063881
2,314,24.7672695311362
3,314,22.275689992809
4,314,29.7671191915094
5,314,30.4722274657214
6,314,23.1321695700289
7,314,26.3278926183332
8,314,23.9886108744422
9,314,21.0913954456559
10,314,29.4933490679471
11,314,24.3045030089883
12,314,26.7932217187715
13,314,22.1537823915763
14,314,26.5252364020917
15,314,30.6217757201572
16,314,18.8065485514328
17,314,34.3687861777101
18,314,29.7479992721006
1,315,23.954507440476
2,315,29.1476181961142
3,315,26.387759390583
4,315,19.7465614870594
5,315,27.7682944608999
6,315,25.7407547839607
7,315,34.5612928676572
8,315,26.1805984521209
9,315,18.5507186307799
10,315,19.3582110155768
11,315,24.6396374595893
12,315,21.9630629634034
13,315,21.7715909128138
14,315,26.276005730105
15,315,25.8435737508027
16,315,24.2331322860285
17,315,25.6447656965255
18,315,27.2679513255394
1,316,23.7143908352281
2,316,20.1440773407633
3,316,33.0686176151783
4,316,22.5983234549073
5,316,27.6849547089501
6,316,32.2837919764079
7,316,34.162505764397
8,316,27.5904828912735
9,316,29.8257706441742
10,316,21.2023428916978
11,316,21.5332224895336
12,316,22.0775945251217
13,316,23.613282393496
14,316,25.0164317057499
15,316,27.7436329444689
16,316,23.1843659777803
17,316,24.3656111983511
18,316,21.0428387866024
1,317,28.0450703758035
2,317,30.7285614722007
3,317,29.4813254720349
4,317,27.7123515872104
5,317,28.2960985276154
6,317,29.2233177763611
7,317,26.2197579199494
8,317,23.3471749966033
9,317,24.0839295050978
10,317,26.0908842692731
11,317,21.4432037657298
12,317,19.6619270023482
13,317,27.995065249422
14,317,27.0980580903417
15,317,30.194598098256
16,317,28.2789709187332
17,317,26.4370987948801
18,317,30.7460978652323
1,318,29.5612176192783
2,318,25.5474217015986
3,318,33.8927436442085
4,318,23.4411727398179
5,318,33.3028916616202
6,318,26.2646482142408
7,318,24.7210998568296
8,318,30.7571739395722
9,318,28.7727660544397
10,318,27.2736270599692
11,318,23.8324358988414
12,318,26.9748549492178
13,318,29.3186358298956
14,318,26.7435118257595
15,318,26.520302293849
16,318,26.778854628462
17,318,27.7603821869355
18,318,26.6830379036695
1,319,23.1657941732996
2,319,26.8598164110042
3,319,31.2073887388941
4,319,20.9254211704117
5,319,26.4194051095817
6,319,30.8652727493494
7,319,24.9300009207507
8,319,27.6252141781078
9,319,26.449039843789
10,319,29.377417542404
11,319,27.0310474412054
12,319,33.135855208631
13,319,32.5536519097313
14,319,27.4377825793268
15,319,22.1323306187267
16,319,23.9952956813878
17,319,34.256927579063
18,319,25.8204256170768
1,320,23.5288187617234
2,320,25.1668893070409
3,320,27.3857461367922
4,320,19.5561652411826
5,320,19.1041052636544
6,320,25.0193368109897
7,320,24.0370764763433
8,320,19.2396345781876
9,320,29.478288578275
10,320,29.643645094847
11,320,28.6148308623833
12,320,20.2551275592757
13,320,28.2563183659542
14,320,29.4142159845506
15,320,24.8412176639593
16,320,25.780272170093
17,320,19.6429585049081
18,320,26.6704713216535
1,321,22.2838805314175
2,321,29.8821829612144
3,321,25.8345462720781
4,321,32.233750993182
5,321,29.0586180269546
6,321,26.1029563250566
7,321,29.8777744579872
8,321,25.3706416371528
9,321,25.5326965410939
10,321,28.4042168019526
11,321,26.1519830458225
12,321,28.8272862472915
13,321,26.1065858004984
14,321,28.3189215524678
15,321,26.9624209212406
16,321,31.5333762057263
17,321,32.268116539344
18,321,32.8922117575269
1,322,23.7276236881483
2,322,26.0669111333579
3,322,25.9369227333535
4,322,22.5952530912481
5,322,27.0396181445407
6,322,32.1647441142468
7,322,21.2624304809706
8,322,28.2265144983581
9,322,22.9059532081887
10,322,23.9320365361003
11,322,27.478067191195
12,322,21.4541397257593
13,322,28.3185443341546
14,322,27.8661028006494
15,322,30.9811034866305
16,322,23.221646282079
17,322,24.845733878098
18,322,25.840830057863
1,323,32.0173531867702
2,323,20.0193501022852
3,323,23.1424659099527
4,323,28.9112777884925
5,323,20.3761857942589
6,323,33.6148684761362
7,323,19.3743708704093
8,323,26.832384129264
9,323,30.8541078782735
10,323,24.6147874174208
11,323,27.8611738544163
12,323,27.3485074636685
13,323,26.2364715733314
14,323,32.3836691506303
15,323,25.5712789116015
16,323,25.1295971861514
17,323,32.410804670897
18,323,21.3093261926151
1,324,31.1928736183959
2,324,24.5747638059201
3,324,22.5642257544478
4,324,21.7189351931634
5,324,21.0718893949642
6,324,23.7018129767172
7,324,30.7874716299893
8,324,25.8776508261591
9,324,28.8257603739636
10,324,32.0818946731804
11,324,24.6523648055207
12,324,29.1244089663595
13,324,28.2031606730939
14,324,24.6497847820681
15,324,19.1856079928937
16,324,25.5453318513016
17,324,23.9912688684373
18,324,27.0518144087072
1,325,28.3485301257281
2,325,24.4955317320368
3,325,26.4635561772857
4,325,25.517252546126
5,325,21.4709806952634
6,325,22.9008952751855
7,325,30.5355538931494
8,325,26.4803331177455
9,325,31.0612840827232
10,325,30.4867000927744
11,325,22.8268817360871
12,325,28.9628597693277
13,325,26.0152792698369
14,325,27.5323051135096
15,325,29.4738829765099
16,325,31.9866436677684
17,325,29.976318308531
18,325,32.367618188515
1,326,24.5763176936845
2,326,17.7522198802608
3,326,23.0836899686228
4,326,29.1811739458118
5,326,28.010659691514
6,326,26.7985212530699
7,326,19.4508659207801
8,326,20.539853844222
9,326,22.7852523098232
10,326,34.339107241567
11,326,29.6368905504521
12,326,26.9555978244269
13,326,20.042815428474
14,326,24.218176460482
15,326,21.7793758342985
16,326,28.9415308141572
17,326,25.7895974993949
18,326,31.2055914911498
1,327,25.5360879539244
2,327,26.0290639109303
3,327,19.8946626039735
4,327,26.2515282472107
5,327,28.6305993862468
6,327,30.0076286950943
7,327,22.4918568191108
8,327,27.2332204277312
9,327,26.1258598495275
10,327,29.0098016985249
11,327,25.9702317001932
12,327,26.2506675362419
13,327,29.3445940442294
14,327,23.9026155631951
15,327,26.4906237121365
16,327,23.6461716103387
17,327,26.2208147141235
18,327,31.5311678098995
1,328,32.6030785526791
2,328,27.5401982133253
3,328,28.1109598446816
4,328,32.3996178769204
5,328,29.0658819005889
6,328,32.5827542951051
7,328,28.4995977414769
8,328,24.0636778890999
9,328,28.8678027714512
10,328,26.6489103493198
11,328,31.6430968679946
12,328,32.1845310145582
13,328,26.5251990356285
14,328,26.1552106109339
15,328,27.6328900837978
16,328,28.7596525250182
17,328,33.3828087308439
18,328,26.4132362497596
1,329,24.5707900325948
2,329,30.2608006059119
3,329,31.4961633329416
4,329,27.8057652540789
5,329,24.2403974634867
6,329,26.0829705404059
7,329,32.7527803806023
8,329,26.8332059529607
9,329,23.9865267794487
10,329,25.8474289752181
11,329,23.3544054576891
12,329,26.7791080314772
13,329,30.6120807958863
14,329,19.2115099014858
15,329,30.3517368003216
16,329,24.0218271455354
17,329,28.7918218987528
18,329,28.2980170657182
1,330,27.7441853555974
2,330,27.8364915124614
3,330,27.6292935060571
4,330,28.4392052263514
5,330,33.5637688753286
6,330,30.4237052898013
7,330,20.9251810954921
8,330,27.0102711110258
9,330,22.6356150716377
10,330,26.0694750429782
11,330,21.4812691648041
12,330,21.5892893809664
13,330,30.3363921626387
14,330,32.6860375563663
15,330,25.7696341882588
16,330,25.3967609406134
17,330,26.2381192096815
18,330,26.0905689249142
1,331,32.9423670084923
2,331,29.1571623467908
3,331,24.3607738446302
4,331,26.658627913656
5,331,33.4972965059885
6,331,27.3688203540661
7,331,21.006425623405
8,331,20.4914464769779
9,331,31.5846249357776
10,331,30.2283611410702
11,331,27.9288913142444
12,331,23.4451975650065
13,331,25.1730596131561
14,331,22.2784095327379
15,331,26.0663424950654
16,331,29.5476749602781
17,331,31.6536259223904
18,331,30.2651847277007
1,332,32.7359317903685
2,332,25.4833150401856
3,332,20.1193626911265
4,332,24.4653463783025
5,332,35.0463219982013
6,332,26.2428676950652
7,332,34.4125151153629
8,332,28.7698703331455
9,332,24.5909870926166
10,332,31.6262135818267
11,332,26.4968616741755
12,332,30.1029209840788
13,332,23.9981045944789
14,332,32.8025808909073
15,332,26.3847235982135
16,332,22.0720649248833
17,332,29.5090034005763
18,332,22.2908076285667
1,333,27.1297648883205
2,333,28.237789702168
3,333,27.4482487067798
4,333,26.7923962107634
5,333,32.0935343707655
6,333,23.6278904158488
7,333,18.789281780303
8,333,24.3184545703061
9,333,24.7358940697927
10,333,31.4731495832491
11,333,27.2776680027735
12,333,22.1621152949624
13,333,23.487168740813
14,333,21.1295482054075
15,333,30.7004894356329
16,333,20.4743438506633
17,333,24.9317637022322
18,333,26.7467831946993
1,334,25.0011587918714
2,334,31.0520209229451
3,334,31.1511395956204
4,334,31.4859134772887
5,334,29.8659320344644
6,334,31.4929622112721
7,334,26.1569762885794
8,334,25.7100608642843
9,334,25.4288990008283
10,334,27.0158451767115
11,334,20.8707110602709
12,334,28.8749510544842
13,334,23.8535267321767
14,334,30.5277805470021
15,334,34.4373665603849
16,334,21.5777999465048
17,334,26.6014885227344
18,334,28.5115971309633
1,335,30.161806815938
2,335,29.4499885542846
3,335,26.0190864346058
4,335,32.2227524446415
5,335,29.013532835715
6,335,25.0409744116521
7,335,26.5422074543238
8,335,33.0301082389957
9,335,31.7342396504279
10,335,23.6487111014107
11,335,24.68379068783
12,335,25.1490334397929
13,335,20.0270703613088
14,335,32.9704656104398
15,335,30.1062821644454
16,335,28.4165644114
17,335,25.8021264649021
18,335,24.1655719806538
1,336,32.046545882513
2,336,25.3736755158009
3,336,27.2058427186928
4,336,26.9435918261575
5,336,32.0168612771562
6,336,26.7614428529187
7,336,28.0298916849374
8,336,23.7450378625583
9,336,25.339756892957
10,336,31.3434346733524
11,336,29.4548214477897
12,336,29.8326857836896
13,336,24.8732966127046
14,336,21.3093986610918
15,336,32.6848494204588
16,336,26.2556358440386
17,336,27.2853916668307
18,336,22.7839568641131
1,337,19.169955804503
2,337,23.4162132115436
3,337,24.818169253963
4,337,27.5079613654794
5,337,20.2618275620878
6,337,23.9492495097477
7,337,18.8414782918892
8,337,23.5115450605613
9,337,26.9674822897088
10,337,24.9539685841305
11,337,29.1586856103097
12,337,32.7292550931053
13,337,23.5794474173991
14,337,33.4342894097111
15,337,21.2969430634505
16,337,29.1021317783452
17,337,24.2620597579989
18,337,24.2991454097801
1,338,20.5246916525505
2,338,23.6482227685711
3,338,29.368859318871
4,338,25.1250820548708
5,338,28.8787451184498
6,338,23.2860949406554
7,338,20.3793626409035
8,338,28.9889452932464
9,338,24.1674778863343
10,338,24.95873543816
11,338,30.6510714307819
12,338,18.2145704988811
13,338,26.0856119105148
14,338,21.8477259682281
15,338,26.7810483047439
16,338,33.3941317418757
17,338,28.2814547952067
18,338,31.1750969577739
1,339,29.0784522274298
2,339,26.7950971573432
3,339,31.2103532329497
4,339,26.7010165249425
5,339,29.6330221732345
6,339,26.8092191011229
7,339,21.1200380444371
8,339,27.1895765835909
9,339,25.2834226482847
10,339,27.102766979315
11,339,27.8516428814708
12,339,23.912957836901
13,339,26.3212435973835
14,339,21.5175754282096
15,339,18.839802224929
16,339,21.3938839076955
17,339,23.5935664437154
18,339,22.3336275747133
1,340,30.5329580964195
2,340,25.9005094673461
3,340,27.3262906461324
4,340,27.5369573872105
5,340,20.786549440977
6,340,29.5117026207171
7,340,27.5348275802645
8,340,29.5363997889573
9,340,26.1232532201575
10,340,27.9775435397806
11,340,29.250192442984
12,340,28.6308541963677
13,340,33.6677305170966
14,340,24.3508371170135
15,340,20.6396310875917
16,340,25.9996757422988
17,340,24.6776752241618
18,340,26.0440015762204
1,341,26.2031857137838
2,341,28.1563809399955
3,341,18.9304090621934
4,341,23.7180405831739
5,341,26.6253774986454
6,341,31.2587480698418
7,341,24.3000898067486
8,341,24.5926483226713
9,341,33.9068884251554
10,341,26.3956523840742
11,341,17.7727165832817
12,341,20.51126729961
13,341,32.1220732321731
14,341,26.4810728900359
15,341,30.5092424640003
16,341,30.3387615832915
17,341,29.490895252778
18,341,27.7048053633664
1,342,27.2862037790346
2,342,26.9845318648079
3,342,23.7956733173979
4,342,27.8271936488901
5,342,30.8597088080833
6,342,29.4350895661258
7,342,23.0534487512434
8,342,25.4379617500276
9,342,29.3374841699982
10,342,21.20184991751
11,342,28.2264410994312
12,342,28.8607947950147
13,342,30.7551586739967
14,342,23.3855275914641
15,342,24.2855960033423
16,342,30.3906888897222
17,342,24.3523594823284
18,342,30.5808095977017
1,343,27.8508212634972
2,343,23.9460741456779
3,343,27.8641858821324
4,343,20.3723358379583
5,343,31.7665447106453
6,343,31.2021118394835
7,343,28.5394569012258
8,343,32.6837528474664
9,343,27.2791756364151
10,343,29.6730214608369
11,343,29.8972073361921
12,343,24.1519193265912
13,343,24.5126560077582
14,343,23.6164038213163
15,343,30.8147895653711
16,343,28.9531791607669
17,343,22.487433969084
18,343,30.6590066387897
1,344,27.9848223863172
2,344,27.2599318276324
3,344,20.0336900935572
4,344,24.338114936981
5,344,27.6460728778677
6,344,32.7630030992024
7,344,20.4676388608824
8,344,26.3302136162407
9,344,25.8277593775822
10,344,26.8330850771179
11,344,19.8847844839601
12,344,30.8181653257284
13,344,24.1007449099433
14,344,26.3623893321322
15,344,23.5166681322664
16,344,32.2206789043123
17,344,28.8035026936195
18,344,25.731193249991
1,345,24.3474918618589
2,345,28.7256660864458
3,345,23.5489061206885
4,345,24.5160743157809
5,345,31.2625299023729
6,345,26.738306226041
7,345,32.6425773978096
8,345,29.5776862966087
9,345,30.8165970911259
10,345,27.4380323244214
11,345,20.7228071475691
12,345,26.9143481601281
13,345,31.448421242445
14,345,19.5727934171987
15,345,21.6727602866951
16,345,27.9761121875075
17,345,26.4673120089921
18,345,34.071435119328
1,346,29.4884889716869
2,346,29.5562181617407
3,346,25.8997317892491
4,346,34.6109853447744
5,346,26.1566340714718
6,346,33.0915955978754
7,346,27.2094586452239
8,346,29.2899268721468
9,346,28.3215231498773
10,346,30.3133999740492
11,346,28.2592519201063
12,346,18.2354815004602
13,346,19.9756793256662
14,346,31.9845478767481
15,346,26.0549915896845
16,346,28.0079272378577
17,346,27.7944926424175
18,346,32.6651252830367
1,347,28.9406988119406
2,347,23.4114512024775
3,347,25.4723522046956
4,347,28.297613266712
5,347,23.8305479209211
6,347,27.4561909171677
7,347,21.1559555461612
8,347,32.2873721489683
9,347,23.7186709257298
10,347,24.4133698246472
11,347,26.2718808485641
12,347,26.3940636846213
13,347,24.1196841546412
14,347,23.2794287569501
15,347,28.955821170556
16,347,25.9766114874054
17,347,28.0944990329083
18,347,27.9531335130386
1,348,20.336439605552
2,348,26.5382689448443
3,348,27.9073837394326
4,348,24.9285831418791
5,348,28.753682969928
6,348,31.4587667948977
7,348,25.7050096200311
8,348,25.6605946528135
9,348,26.6435574289522
10,348,20.3121906594158
11,348,24.9881690806549
12,348,23.1082120240443
13,348,25.5722208742135
14,348,26.1256336985771
15,348,22.5507205495752
16,348,20.8239012042475
17,348,28.3115165528035
18,348,25.9351675947957
1,349,21.6869879860819
2,349,26.3838215429399
3,349,24.3116950176752
4,349,21.3127512882331
5,349,22.9367735436611
6,349,26.972662377718
7,349,23.1157109661217
8,349,26.8905863138924
9,349,25.2576196299551
10,349,30.2596130468561
11,349,24.7623351838316
12,349,26.9468407271211
13,349,23.8420631954993
14,349,24.8998672971865
15,349,25.7375593470208
16,349,28.163784716717
17,349,20.412772891773
18,349,28.7471134293436
1,350,27.1576394697003
2,350,25.0625518448976
3,350,29.0975792977799
4,350,24.170606426212
5,350,21.4664491904922
6,350,25.4498707367147
7,350,20.993489677689
8,350,23.6212735004511
9,350,33.900584154687
10,350,21.847611073625
11,350,27.6206994419046
12,350,28.6037886793237
13,350,26.9451226946512
14,350,25.7452470043028
15,350,25.9623679843846
16,350,27.0193267384367
17,350,28.5669899211363
18,350,33.7297936800763
1,351,26.8855489730658
2,351,26.6726582399258
3,351,24.5027811798269
4,351,22.6013245187576
5,351,24.987158939015
6,351,24.511990048353
7,351,25.3588161864291
8,351,26.5110420989907
9,351,25.4627085572756
10,351,26.0183540208525
11,351,23.6209276603609
12,351,20.3892785933417
13,351,30.7475239183873
14,351,27.3122156045392
15,351,27.0949766608214
16,351,27.8336410328101
17,351,23.5298642464639
18,351,26.9299774817377
1,352,28.9426402006979
2,352,19.472537811942
3,352,28.0298972911959
4,352,29.1440823934364
5,352,26.2079132121273
6,352,29.858494464829
7,352,28.2198269558021
8,352,27.7525411299126
9,352,22.9670842100617
10,352,29.1727016520978
11,352,25.9610152939167
12,352,21.6291226623229
13,352,22.5830052274221
14,352,29.7103073418995
15,352,21.8450623320213
16,352,26.4186061680387
17,352,25.4136598887237
18,352,26.6817497450975
1,353,27.3620013228559
2,353,32.6841878644663
3,353,22.9394131012657
4,353,25.5923737621166
5,353,26.0573749234584
6,353,30.6053343774949
7,353,19.6788741725618
8,353,19.2236017131481
9,353,24.9265234613445
10,353,25.0987640402777
11,353,31.0877076797298
12,353,27.3433050431121
13,353,21.9715461231956
14,353,20.5572412925535
15,353,21.8096993339469
16,353,30.3983130715155
17,353,25.8753330955077
18,353,33.1267751793384
1,354,28.7268829028649
2,354,24.2004997066827
3,354,31.3121127729601
4,354,28.1479647811138
5,354,34.5013522822942
6,354,21.7802495397312
7,354,29.7401170488954
8,354,33.5298008544874
9,354,29.2486661447245
10,354,29.580240271122
11,354,33.5080828404631
12,354,24.9201418042112
13,354,25.5408716951175
14,354,22.9007479685836
15,354,25.9019257840021
16,354,25.9779108667306
17,354,27.6710437943859
18,354,25.8627556672591
1,355,20.968855101397
2,355,28.2160164539163
3,355,19.6651791844038
4,355,22.5063810026145
5,355,33.0012342674135
6,355,26.8261769647551
7,355,24.3780662304391
8,355,17.9077893074512
9,355,24.8790799203446
10,355,31.1830815352078
11,355,22.6084276302288
12,355,25.5581737028509
13,355,27.2764385412342
14,355,26.6925289807348
15,355,28.9422271073426
16,355,30.0699623575836
17,355,25.8395339183167
18,355,23.60296345971
1,356,26.8006968937664
2,356,24.6157614902596
3,356,30.3019407040533
4,356,24.1458123006052
5,356,26.7038442058794
6,356,21.4009250045072
7,356,24.4366233202027
8,356,30.5307969816214
9,356,26.5115572813048
10,356,26.2903867572405
11,356,23.2361633147224
12,356,24.0799253995925
13,356,27.1243976764124
14,356,28.9718966952056
15,356,23.0024314320428
16,356,23.0147261067929
17,356,31.8299925260523
18,356,22.1386006632553
1,357,18.2898990336725
2,357,24.2489785258244
3,357,28.2213784890678
4,357,26.8202776502827
5,357,24.7504854497188
6,357,23.1218530985089
7,357,33.4210743301758
8,357,29.1882770848677
9,357,25.8155468559299
10,357,21.5749809249508
11,357,28.5259319949744
12,357,27.6955829559729
13,357,28.1672359260974
14,357,29.3082380180937
15,357,27.6505478765456
16,357,21.2432224991146
17,357,28.6638596661789
18,357,19.130254434082
1,358,33.4432513802625
2,358,32.6189810514592
3,358,30.2137537433162
4,358,23.9420191100855
5,358,27.464196102815
6,358,25.1146539351348
7,358,32.9599138355351
8,358,30.6420175245281
9,358,28.9119183139303
10,358,29.7743886693702
11,358,29.1681199896272
12,358,24.9018811449321
13,358,31.3422889072031
14,358,20.3867632614552
15,358,27.3372297543192
16,358,24.8187281335031
17,358,29.4544112353382
18,358,27.8890751541585
1,359,25.6506404780818
2,359,30.8427341611554
3,359,27.2074914291059
4,359,30.6636882897661
5,359,26.8945438728291
6,359,28.154259127001
7,359,24.1002591760335
8,359,24.4554576397774
9,359,33.5221631191249
10,359,34.2213082267057
11,359,24.4471116859547
12,359,27.7177476336456
13,359,25.3113814427668
14,359,33.9694620961455
15,359,31.6061761630164
16,359,26.9203049911608
17,359,26.6661144001913
18,359,25.6208904568223
1,360,31.0788903824907
2,360,31.9182182477839
3,360,24.2392003559192
4,360,30.5724248063537
5,360,26.6959168611205
6,360,27.9273002595599
7,360,25.7478443901604
8,360,20.9679168257464
9,360,22.7065440728637
10,360,19.8245768449523
11,360,25.5309314460657
12,360,28.8366100847063
13,360,24.0336165933704
14,360,25.7934847625118
15,360,29.9528133840972
16,360,29.8258707870925
17,360,25.5822057056642
18,360,29.217927705726
1,361,26.4248950583326
2,361,23.6114266866697
3,361,23.2973638224211
4,361,20.2993914335317
5,361,27.532187437126
6,361,33.0952987852594
7,361,20.3262818602218
8,361,28.8882023934374
9,361,17.7443619126871
10,361,34.0400861637928
11,361,33.1787999905683
12,361,28.6836912652919
13,361,29.5750368697422
14,361,26.2313275561211
15,361,29.1085791004923
16,361,28.4477885485865
17,361,18.7242816109738
18,361,27.0856580764632
1,362,29.2703016970786
2,362,19.1306184870601
3,362,28.6703090698212
4,362,30.6393745884735
5,362,26.4449917576647
6,362,24.0853898476248
7,362,29.8311230295299
8,362,26.0021479972664
9,362,30.9124919019878
10,362,27.9500285248499
11,362,26.2693422443364
12,362,26.9340293387903
13,362,33.3288349537505
14,362,28.5097148052008
15,362,30.4375711744929
16,362,25.6821614383036
17,362,31.2723012846406
18,362,19.3623494558848
1,363,25.4817142753337
2,363,28.5180393705955
3,363,26.2336776437085
4,363,23.4405803337757
5,363,22.8994694053439
6,363,28.4777873938416
7,363,28.2442511357856
8,363,25.9596814256599
9,363,27.7104461533832
10,363,25.74490117345
11,363,27.0856940928391
12,363,30.5681463213694
13,363,23.9246263336491
14,363,28.4911207100917
15,363,25.8257731871786
16,363,27.1215959449515
17,363,33.4166516034912
18,363,27.629253747308
1,364,22.8721012622835
2,364,31.1666507611476
3,364,25.0990813136027
4,364,30.5561724629132
5,364,21.0277115213663
6,364,20.5792936446232
7,364,21.626282964653
8,364,30.6757653474753
9,364,25.5997206237729
10,364,31.0574711064104
11,364,25.161706634481
12,364,25.4452835059735
13,364,24.1982377374399
14,364,26.5037119992762
15,364,23.5265543362988
16,364,29.9983599628105
17,364,25.9700094518028
18,364,29.1329131885638
1,365,30.959815459676
2,365,31.1653017922009
3,365,25.3028812132969
4,365,27.430530472835
5,365,21.4660558554438
6,365,22.1578311287277
7,365,22.2990577529127
8,365,22.9830379790411
9,365,19.2306869951235
10,365,24.1478669331453
11,365,20.0227227161065
12,365,20.3338731727303
13,365,23.6391831294683
14,365,22.7607642990104
15,365,22.6764392545259
16,365,27.5285314416803
17,365,21.9809311428944
18,365,28.7593274636274
1,366,33.4256151486009
2,366,28.6653971677643
3,366,32.8601420823511
4,366,31.4498345885651
5,366,34.3958290600979
6,366,23.7943829341916
7,366,29.6479010015044
8,366,28.6668525717605
9,366,26.1130353373526
10,366,28.5487173357072
11,366,22.4032311851556
12,366,19.2143522095711
13,366,22.1719856362401
14,366,28.6016796128132
15,366,24.7126872807001
16,366,25.1724339969637
17,366,31.4613115192298
18,366,26.5258152085194
1,367,29.2296672110843
2,367,28.021184487225
3,367,30.0725829567685
4,367,27.0494378202569
5,367,26.0085755281941
6,367,26.6806164760786
7,367,20.5144717628744
8,367,27.7760970511236
9,367,27.9410934119338
10,367,22.5405834085634
11,367,25.8967734003076
12,367,24.3762761078997
13,367,25.528239766838
14,367,29.7188377524563
15,367,33.8149273945629
16,367,26.8244005002684
17,367,29.9986371719135
18,367,32.9537023256786
1,368,25.840373618356
2,368,31.198997381408
3,368,19.4834557962476
4,368,28.5393344082971
5,368,25.6002341376813
6,368,24.3798746815771
7,368,30.4449723600916
8,368,27.4454263907875
9,368,28.114431003711
10,368,25.327440022921
11,368,27.7402069476895
12,368,31.8361674311516
13,368,30.6434271803063
14,368,34.2475708231349
15,368,26.0817793232427
16,368,31.0261611685777
17,368,25.3532884185093
18,368,20.7021705266254
1,369,25.7353663158693
2,369,26.7366509638561
3,369,29.4886969378856
4,369,23.6939644576321
5,369,25.6718727735197
6,369,25.9164079165635
7,369,29.5865599421437
8,369,27.0096603768223
9,369,21.6741128554625
10,369,26.5786990498708
11,369,21.5115734412773
12,369,31.3730492117518
13,369,27.2166596665234
14,369,32.0067777750539
15,369,29.5868707769169
16,369,28.0832678080259
17,369,25.0924630894497
18,369,29.574804303385
1,370,24.3676601711903
2,370,23.8108127939886
3,370,17.8478449664616
4,370,25.5783764652919
5,370,28.1200535797774
6,370,30.05828611014
7,370,22.9818133481177
8,370,33.6382962741558
9,370,28.2261991402161
10,370,30.2323352082027
11,370,31.9346537496115
12,370,27.6548587456107
13,370,24.7167683121736
14,370,29.6187287493606
15,370,29.3449620301381
16,370,30.9327517112737
17,370,26.1479984656002
18,370,30.4905191526883
1,371,28.0986318861864
2,371,25.536291214991
3,371,21.954350417064
4,371,27.1239527403769
5,371,28.2836549978337
6,371,20.490988645458
7,371,31.5422959426108
8,371,23.0876817966934
9,371,32.976089720674
10,371,21.3094262365703
11,371,21.8312077063111
12,371,26.2663329717547
13,371,28.7231278980304
14,371,25.5049380787303
15,371,24.6650130061672
16,371,28.7298635773962
17,371,28.6813729696135
18,371,29.1465906232574
1,372,26.04361436368
2,372,23.319418407742
3,372,25.7597967049417
4,372,24.3729097547469
5,372,29.2892447158966
6,372,27.253750719775
7,372,29.5330798079235
8,372,26.8594192633037
9,372,27.7658696890658
10,372,28.2704775247056
11,372,28.4584539278571
12,372,21.9760148428593
13,372,28.1355781592636
14,372,23.9479336942208
15,372,27.76327934215
16,372,28.7991607512798
17,372,27.0854987404307
18,372,29.2277593377226
1,373,30.1696662149734
2,373,26.1407398712627
3,373,29.3951114035285
4,373,32.1099327413819
5,373,29.7138337549385
6,373,32.7282327092827
7,373,30.8644433617796
8,373,23.6910486986329
9,373,28.7827737785275
10,373,29.9251612725858
11,373,26.1461825408418
12,373,30.508539529553
13,373,22.2171117599928
14,373,26.9356451848869
15,373,24.7504630029529
16,373,27.2219478358739
17,373,23.1197585166368
18,373,33.0974310471292
1,374,25.5509239310755
2,374,30.0600534056644
3,374,24.5911038378625
4,374,26.9856944932483
5,374,25.9697701730387
6,374,28.8635175779816
7,374,22.4819001910034
8,374,25.4119356375152
9,374,24.1750600314843
10,374,30.071086547261
11,374,28.0499199776333
12,374,29.4627353515447
13,374,27.5264054984346
14,374,34.6330710463285
15,374,25.1076368586475
16,374,25.5354817142993
17,374,30.5266796989094
18,374,25.5134212514818
1,375,20.2344488878084
2,375,19.5585084452892
3,375,28.529429571339
4,375,30.6026530985422
5,375,32.3635250478706
6,375,26.7390236315744
7,375,25.0916377929955
8,375,22.2237786220209
9,375,28.1698313654941
10,375,23.3727392012754
11,375,24.4497255932789
12,375,26.3879980267343
13,375,26.660770010749
14,375,24.7520366082524
15,375,29.7955934347813
16,375,24.0953515746221
17,375,22.9352029431505
18,375,21.263104530054
1,376,24.4645918491265
2,376,23.5109778481223
3,376,28.7175602112492
4,376,26.9641688212933
5,376,28.2756833044052
6,376,22.6542352637162
7,376,29.76262829801
8,376,23.2418082593892
9,376,31.3683131559941
10,376,21.2712169044905
11,376,29.6227503456954
12,376,21.2689479202615
13,376,22.2645625086254
14,376,23.247502866678
15,376,27.3110546787962
16,376,28.2400531815823
17,376,25.1287230293192
18,376,26.9982273286678
1,377,26.7225917949511
2,377,24.7918980294815
3,377,30.1761645261431
4,377,31.2313300226155
5,377,27.7551075813274
6,377,24.4000884112749
7,377,27.3160778276292
8,377,28.2611719669231
9,377,26.2774841388638
10,377,27.9630594171507
11,377,28.2052914877667
12,377,30.9001934261067
13,377,21.8652145412498
14,377,30.6978281729615
15,377,25.0335565874785
16,377,30.2451995092684
17,377,32.4969036805693
18,377,23.4346481131994
1,378,29.0375720807836
2,378,27.2519486081782
3,378,22.7367705407688
4,378,24.2253485184373
5,378,21.6726874439361
6,378,20.8074430530445
7,378,22.7469554941468
8,378,27.9090440157653
9,378,28.9003157193696
10,378,28.0406181707638
11,378,28.3415460993171
12,378,21.3057269941567
13,378,24.4055773299124
14,378,32.5929696886529
15,378,25.2570775811846
16,378,22.555837076729
17,378,30.400500626454
18,378,30.5358232953833
1,379,25.5152614906511
2,379,28.4914134211386
3,379,26.5201227938597
4,379,22.4526506646798
5,379,28.0385087772156
6,379,30.2382093483478
7,379,26.027987300627
8,379,26.2110094997263
9,379,23.6920988512006
10,379,20.9761916552064
11,379,25.0700559084901
12,379,23.6062501165519
13,379,22.2510464044831
14,379,27.378878141877
15,379,28.4784087581669
16,379,24.9253571751609
17,379,31.6310600011885
18,379,23.8746166470404
1,380,27.6380761616184
2,380,28.3533709030938
3,380,29.7847617427349
4,380,26.1749004683706
5,380,24.0513414234426
6,380,27.3136892097027
7,380,26.1970075187957
8,380,27.3358558991681
9,380,26.2137731968976
10,380,32.4512047466224
11,380,20.9318094982131
12,380,24.9257606638398
13,380,27.0769427282493
14,380,28.4111918016
15,380,28.5160622029811
16,380,18.1979124949593
17,380,29.2942251920325
18,380,24.1700115180239
1,381,31.5774682714447
2,381,26.5790424748071
3,381,20.7862444044811
4,381,25.2287791757641
5,381,29.0434062866581
6,381,26.6322191678637
7,381,29.4224073193313
8,381,24.2356308732201
9,381,25.9154810545788
10,381,29.116800078762
11,381,28.9854237713155
12,381,23.3790794692736
13,381,20.9884349193756
14,381,26.9869709449108
15,381,27.5292679341085
16,381,21.1436541968733
17,381,17.6059769489165
18,381,22.8021051905877
1,382,27.8878120388796
2,382,28.9017000324677
3,382,32.4544657767511
4,382,26.5208119424262
5,382,32.2823610030876
6,382,25.672935913776
7,382,18.0501375818793
8,382,19.0654780065198
9,382,28.7282395075469
10,382,32.8587896060437
11,382,25.3368362920295
12,382,25.5119536370155
13,382,26.6492755965619
14,382,32.049632662081
15,382,18.7646242021357
16,382,21.6628407587126
17,382,28.1602750882954
18,382,23.6232457198584
1,383,24.5849973933246
2,383,30.7922903029844
3,383,28.1184363755622
4,383,25.181466112309
5,383,25.9919660678138
6,383,26.6234148773023
7,383,22.4756379936396
8,383,27.1507208269684
9,383,27.9663770874107
10,383,25.9010949180603
11,383,28.9572193079254
12,383,31.9870709803977
13,383,26.9493136923581
14,383,26.1152507544877
15,383,28.8505116542364
16,383,24.1712718307873
17,383,24.8529605267444
18,383,22.0280023581228
1,384,31.4755515170888
2,384,33.0763628292977
3,384,25.302161774623
4,384,26.9134173176392
5,384,24.3580904654596
6,384,22.6636139107907
7,384,30.6308090310612
8,384,25.9773555670919
9,384,30.892425340667
10,384,27.8778114934151
11,384,29.2837423664147
12,384,19.4435805862698
13,384,27.5514683713466
14,384,20.0601681402646
15,384,32.435468463033
16,384,26.24790399729
17,384,22.5359985073752
18,384,27.3511252361168
1,385,30.9729708357231
2,385,20.5944188919851
3,385,32.7640578576185
4,385,30.7921220929978
5,385,26.9503933965692
6,385,30.4263527384747
7,385,28.9215502344354
8,385,34.6876421255261
9,385,29.0130668625084
10,385,26.7491341082858
11,385,31.166879905267
12,385,23.1043181991449
13,385,23.1666540930174
14,385,20.6311580003888
15,385,30.0956990613561
16,385,28.6950204174679
17,385,20.0274082080238
18,385,31.8551872145998
1,386,33.6087766638066
2,386,30.1124774626988
3,386,24.3937494141459
4,386,26.2646174526773
5,386,25.4772341162617
6,386,20.5221379770842
7,386,27.6916294982737
8,386,24.9293550084507
9,386,21.589900883229
10,386,17.6028296162185
11,386,25.6985371966923
12,386,24.9632596024441
13,386,26.9759368675911
14,386,25.5575099819244
15,386,25.3777620155328
16,386,19.0433718135545
17,386,33.5046601537856
18,386,27.2062863772484
1,387,19.8008533727439
2,387,26.8773667539707
3,387,26.3358474348745
4,387,26.8416566430391
5,387,31.1160422027202
6,387,20.1868899684511
7,387,23.2621875393129
8,387,20.2876529453687
9,387,26.2024338624914
10,387,21.9470912351184
11,387,33.324228890907
12,387,21.9339975937297
13,387,19.5787785622425
14,387,26.6857201209351
15,387,23.4000934997828
16,387,26.0474830591672
17,387,21.7885221838335
18,387,24.367418354772
1,388,29.0887074457309
2,388,24.3448511540785
3,388,23.1358506843434
4,388,21.2891408206536
5,388,28.472694161558
6,388,24.0093852212257
7,388,24.074201422102
8,388,22.4132944742071
9,388,26.1480795871311
10,388,28.3189039535278
11,388,29.9481961763049
12,388,32.0117454236916
13,388,27.251178390594
14,388,28.2856936079723
15,388,19.3877779066455
16,388,31.5615057566997
17,388,24.5457359243753
18,388,24.7936614210348
1,389,29.4091733749633
2,389,21.2466687686918
3,389,33.1313999220847
4,389,30.3750437458217
5,389,22.1160291500812
6,389,21.8957293595219
7,389,25.8394937875455
8,389,21.699803590317
9,389,26.4295686568792
10,389,29.61321290328
11,389,23.7026076082674
12,389,25.5987043630718
13,389,21.1018683025638
14,389,23.0104411271106
15,389,33.0799140950988
16,389,28.5040500839217
17,389,32.0920962904868
18,389,27.5868696482965
1,390,21.0158208516585
2,390,30.5356766502625
3,390,19.5345566060512
4,390,30.0938119007099
5,390,25.6386903324062
6,390,22.3147795857079
7,390,28.3312283027685
8,390,27.849684979657
9,390,26.2429870869204
10,390,29.9827129313995
11,390,30.9431064793926
12,390,33.8480866024588
13,390,25.765987722976
14,390,25.2111818685135
15,390,21.916198432128
16,390,34.0959307947394
17,390,32.2170249235558
18,390,32.2961315206164
1,391,25.8173378702642
2,391,29.5324913781511
3,391,25.6113031894981
4,391,19.6431515296354
5,391,25.6974493952435
6,391,32.8269237055924
7,391,26.9555794922905
8,391,28.4067892985637
9,391,18.5693549199869
10,391,26.7981405184903
11,391,29.2938086052986
12,391,26.2725765419629
13,391,29.4382195893578
14,391,27.3244062080777
15,391,29.0876534015626
16,391,29.0287395459898
17,391,25.0777506854165
18,391,28.6603642333734
1,392,27.1150002233695
2,392,31.0839976181206
3,392,20.9168664868162
4,392,25.4850205938699
5,392,28.065600094483
6,392,19.3531408368034
7,392,23.3430375049588
8,392,27.9989934647047
9,392,31.5815332442088
10,392,26.7056791614321
11,392,22.885984262419
12,392,29.3166813904974
13,392,19.1019345157883
14,392,27.8619186508177
15,392,27.3786230240388
16,392,22.4546924361134
17,392,20.2675227479439
18,392,19.9678547471146
1,393,22.8775637071998
2,393,23.8816898267359
3,393,29.7519636225253
4,393,22.8273143996987
5,393,33.1604189578336
6,393,26.6609365406502
7,393,25.6994321239611
8,393,26.8384919614332
9,393,30.3763988383911
10,393,20.4015417509264
11,393,21.1207677001467
12,393,32.1449792996816
13,393,32.8064743013097
14,393,25.7024294150221
15,393,26.7255294260247
16,393,25.7428123673115
17,393,23.5008671964196
18,393,29.2440351234152
1,394,28.2072679222838
2,394,26.9380377719728
3,394,23.3761231172171
4,394,29.0987280828183
5,394,26.9344350141681
6,394,22.7191723455813
7,394,27.1239752360619
8,394,25.4974208853961
9,394,31.082351432796
10,394,30.9284300816041
11,394,24.4141179483267
12,394,24.5968876885681
13,394,25.2290266243616
14,394,26.3863792851
15,394,27.2044568471409
16,394,26.5399259133579
17,394,30.1019088209696
18,394,22.9603752530891
1,395,33.2151070416007
2,395,28.0311777132244
3,395,32.3991335447425
4,395,26.9377030132883
5,395,30.3345535969179
6,395,33.2176258988406
7,395,19.4844183864191
8,395,22.8608235588457
9,395,30.2869500323584
10,395,27.9030586449401
11,395,29.5604692409549
12,395,29.4637806416852
13,395,23.8513321472438
14,395,23.80340558298
15,395,24.4212413164735
16,395,20.9370268496818
17,395,21.1503207738237
18,395,27.364172693042
1,396,26.6970438390664
2,396,24.2853316722437
3,396,27.0833026458808
4,396,26.877586959069
5,396,19.8960958932845
6,396,26.0270272734602
7,396,20.4242624835708
8,396,25.595887616552
9,396,27.3851777154037
10,396,22.1380856398791
11,396,22.4697496823028
12,396,24.6031197311907
13,396,25.5479794149886
14,396,23.2311199578164
15,396,30.5081223958259
16,396,24.7229452810581
17,396,25.0150388599251
18,396,28.5075957694012
1,397,27.2155112572334
2,397,21.8950977003657
3,397,29.036229358328
4,397,25.7841785409177
5,397,22.0770430105936
6,397,30.0693679863346
7,397,31.3343390400039
8,397,32.1638712103484
9,397,30.1748777334538
10,397,26.3360233164095
11,397,31.4361124833762
12,397,24.8323456012375
13,397,25.0138081330705
14,397,28.6915788901088
15,397,20.8148632455166
16,397,26.9327454229752
17,397,28.6373866073741
18,397,28.9083055678346
1,398,29.0467678675961
2,398,32.6679653484692
3,398,34.3655546236925
4,398,25.5206621163667
5,398,32.7775340278669
6,398,27.5226211890524
7,398,24.8492430500392
8,398,21.3673068324111
9,398,22.5517956696217
10,398,22.1626000178479
11,398,29.056144127164
12,398,24.2650958786633
13,398,33.4342620662868
14,398,25.4388681063786
15,398,21.847689441245
16,398,22.1484919769524
17,398,23.4982237349303
18,398,31.2488674202716
1,399,32.8512548055487
2,399,22.9597065420356
3,399,33.0760004196899
4,399,23.9082982014634
5,399,27.4574506839142
6,399,21.7998452775131
7,399,20.3000271446547
8,399,26.2278912868343
9,399,24.5171011950758
10,399,25.7281626840412
11,399,31.0764336553038
12,399,28.8912104635665
13,399,33.758414654392
14,399,17.7961984158396
15,399,26.6843028083722
16,399,25.3100911225003
17,399,24.1358229632618
18,399,24.4252862865002
1,400,27.8627119226303
2,400,30.6936577753472
3,400,27.2793131984455
4,400,22.8379270206241
5,400,22.9547351220962
6,400,22.6625882741189
7,400,28.9450650310832
8,400,32.8687205488338
9,400,31.8189508466222
10,400,26.001742070776
11,400,26.7947021098198
12,400,29.6648175585957
13,400,29.0743153161335
14,400,26.3580577902219
15,400,27.6667022675321
16,400,32.7889097196523
17,400,28.4490422048048
18,400,25.8702805052589
1,401,25.9008090488807
2,401,21.5432435377347
3,401,31.1816458517358
4,401,33.8988961234077
5,401,27.5925897534469
6,401,31.5535476779131
7,401,24.6871769603996
8,401,28.4297140365474
9,401,29.0922785010351
10,401,25.817655875097
11,401,30.3236758796423
12,401,27.7093884496571
13,401,26.457410221812
14,401,22.5154149138937
15,401,18.0272283776551
16,401,32.0158904438094
17,401,32.5517064944
18,401,26.7699189692624
1,402,23.6254850675036
2,402,30.8051432827234
3,402,25.3392596179668
4,402,26.6489028272044
5,402,32.5026826449957
6,402,27.2792760363572
7,402,19.4975673510703
8,402,31.6292024216759
9,402,22.1489609263977
10,402,24.5622168770042
11,402,23.6305188165287
12,402,22.5185294469469
13,402,21.3557181188661
14,402,27.3683208604308
15,402,30.8514078406039
16,402,19.665115288874
17,402,31.4077761431759
18,402,30.5612951387829
1,403,28.5982638371488
2,403,28.2439918127874
3,403,24.9577068944582
4,403,22.4520109408082
5,403,25.0245096250923
6,403,27.1241757299114
7,403,24.4077615645071
8,403,26.0499948286046
9,403,24.5936223698171
10,403,26.0015244819368
11,403,28.5296838988231
12,403,18.705709757019
13,403,30.1461090590049
14,403,21.7300565294265
15,403,24.8846308476633
16,403,28.2092389196612
17,403,27.9135431445105
18,403,30.3124301267379
1,404,18.4517560683261
2,404,31.3623426588955
3,404,27.0289791339159
4,404,24.9199753147585
5,404,23.0841013635854
6,404,27.9354580380855
7,404,30.834543273223
8,404,28.2377137466628
9,404,31.1401471098085
10,404,21.0642562580109
11,404,18.8042405902293
12,404,23.3225983224762
13,404,30.1945308889882
14,404,24.8436946876357
15,404,24.4178180579943
16,404,22.3444108802316
17,404,26.1022004554501
18,404,31.0826831832379
1,405,30.1061003215451
2,405,27.1505325249556
3,405,29.3161744661681
4,405,29.8939906667271
5,405,23.334702253501
6,405,24.2722251076492
7,405,27.9175414842446
8,405,23.6804455946108
9,405,24.8398963486889
10,405,22.7024188488665
11,405,31.3653064037716
12,405,29.6120138867286
13,405,20.4562247364086
14,405,27.9271047416738
15,405,29.8112297598507
16,405,26.4486208499303
17,405,31.8210195382738
18,405,26.1692104596867
1,406,18.1147991490488
2,406,29.52101167365
3,406,29.1582505754043
4,406,26.1555036945001
5,406,25.2810969412833
6,406,24.5928807005634
7,406,27.1546786514245
8,406,24.213369189703
9,406,25.6688705821086
10,406,24.7502762743832
11,406,29.3273357510094
12,406,20.2671234243711
13,406,30.2166088311806
14,406,31.7042984536071
15,406,28.9498198025429
16,406,22.3293953595823
17,406,26.332271388851
18,406,24.2800891869579
1,407,25.0226033134756
2,407,22.8261509752835
3,407,26.1969876798935
4,407,29.2141913661771
5,407,25.844939927162
6,407,28.0163977683759
7,407,27.4954356397555
8,407,28.4798113123397
9,407,23.3111115729086
10,407,30.3497149940719
11,407,28.9171948571016
12,407,23.4171335818395
13,407,22.5865137463817
14,407,27.1397067452996
15,407,20.7464853207298
16,407,25.2297074283846
17,407,27.6875664776097
18,407,22.7037510118182
1,408,28.2741008922044
2,408,26.4776166040336
3,408,30.5723664853842
4,408,24.4946851957873
5,408,29.4566364096769
6,408,32.3039473288267
7,408,27.5488539441248
8,408,33.3917159521917
9,408,29.3254399142464
10,408,33.506096174982
11,408,22.6596295969781
12,408,29.7410730398727
13,408,22.0140419009614
14,408,24.0557944932102
15,408,21.7227434533235
16,408,29.2220247876131
17,408,26.9135624481694
18,408,29.7123900134958
1,409,29.2105993632324
2,409,30.9385818784285
3,409,30.135443551958
4,409,29.9474974780708
5,409,32.1083883326504
6,409,26.9599299299793
7,409,27.9515025362818
8,409,23.0130913534969
9,409,26.245357880952
10,409,30.8260720206796
11,409,24.007841042552
12,409,30.2661230566985
13,409,27.6739681217708
14,409,22.7542866234582
15,409,26.4969655419077
16,409,29.7960877730868
17,409,25.4398896573601
18,409,24.0362895207784
1,410,23.9403312187091
2,410,24.8401960490095
3,410,22.5555282737508
4,410,25.4766837985802
5,410,22.6495517150775
6,410,32.7421247056835
7,410,32.0631342503822
8,410,26.3468728723743
9,410,27.6613291507537
10,410,26.063082445917
11,410,24.9973720903013
12,410,28.366691544876
13,410,20.4312019576489
14,410,21.1198363522048
15,410,27.4513403499036
16,410,21.6672906494641
17,410,24.7108661756519
18,410,20.0612864140755
1,411,26.4126838949449
2,411,27.7102311042729
3,411,25.9272056635311
4,411,29.0202269331288
5,411,29.6462337735604
6,411,26.9345159011523
7,411,26.4802663898188
8,411,29.4464036835936
9,411,26.0454835585453
10,411,28.7992014686263
11,411,34.1311899306928
12,411,27.5584605666026
13,411,30.7942686852679
14,411,31.2014039111429
15,411,27.2261292982648
16,411,27.5428599770839
17,411,23.7084547533375
18,411,27.1100785908725
1,412,31.1170189236196
2,412,26.1373132627414
3,412,22.8575853883161
4,412,23.1754349578015
5,412,26.5602947141566
6,412,24.9518152326796
7,412,29.9345949424959
8,412,20.7824207579472
9,412,25.0769604125978
10,412,25.6932473638969
11,412,25.2632879025529
12,412,28.5559409152165
13,412,28.3685729405158
14,412,23.0496829598089
15,412,27.26000555722
16,412,25.9424034899298
17,412,25.7547783790026
18,412,27.4628099691964
1,413,25.9181379377439
2,413,20.2935303766251
3,413,27.6623595390555
4,413,24.4249189053244
5,413,28.4686108914781
6,413,25.3375710606418
7,413,31.5069421759388
8,413,30.6765491128647
9,413,25.0433809129159
10,413,32.3691948365052
11,413,31.5807674387642
12,413,19.413727604239
13,413,20.811776184741
14,413,28.7455694871553
15,413,24.0772896236145
16,413,22.9722792116318
17,413,21.2091097857309
18,413,29.4041108937906
1,414,27.8781079376759
2,414,25.3181628128308
3,414,28.2951142191781
4,414,29.0110452652163
5,414,21.161593891568
6,414,21.7336797135477
7,414,26.9252685133137
8,414,32.4250022357233
9,414,22.9358213025337
10,414,27.3564096910478
11,414,28.5715311025371
12,414,17.5942699151043
13,414,20.510280279185
14,414,27.9843449674267
15,414,29.980032296743
16,414,34.2414977333677
17,414,26.574456262817
18,414,32.6303731042308
1,415,22.4329202465478
2,415,32.7958010230315
3,415,26.424342145111
4,415,22.6547255581159
5,415,25.6870874604185
6,415,30.0983632796817
7,415,25.2748599536843
8,415,33.6339935548323
9,415,20.7021064489682
10,415,28.4149890699429
11,415,24.3342420533083
12,415,24.4148235302255
13,415,26.0643618418724
14,415,29.6600449046681
15,415,20.7499937901066
16,415,30.5968164099926
17,415,27.8518757187531
18,415,23.7344839467752
1,416,31.7637229845169
2,416,29.6160653733459
3,416,29.6690562484279
4,416,23.7796223620714
5,416,23.4215910650473
6,416,31.3674023990728
7,416,24.0267578733674
8,416,28.5763708676652
9,416,24.8457922953356
10,416,28.5430656202133
11,416,28.9985301516991
12,416,27.5155117288163
13,416,26.5933606118908
14,416,20.6076288044516
15,416,22.8060654735897
16,416,30.4330875111372
17,416,20.6527658580984
18,416,32.9584361509618
1,417,28.820747160793
2,417,25.8936386035876
3,417,22.4003830848518
4,417,27.032587415107
5,417,28.5835752826344
6,417,26.5532026390097
7,417,27.0187810006215
8,417,25.9000428327736
9,417,29.4402695142892
10,417,24.1490566797181
11,417,30.8190533188875
12,417,31.3337730285353
13,417,20.957578778721
14,417,28.70235086523
15,417,30.5610791995379
16,417,28.3504992978566
17,417,29.3110228764896
18,417,29.6169210440222
1,418,25.5136726116266
2,418,25.237268238207
3,418,26.6694634659705
4,418,20.4366553821905
5,418,28.5508466680909
6,418,32.795611599078
7,418,29.206901679786
8,418,22.6689504886375
9,418,20.0122087341869
10,418,26.8262826519101
11,418,32.0325900210943
12,418,31.8210852143179
13,418,21.0118944623808
14,418,25.7639525472333
15,418,19.0516539364429
16,418,33.097966002136
17,418,30.3124221939199
18,418,18.3676423688475
1,419,20.6540835603973
2,419,26.723842477452
3,419,25.8578246184031
4,419,30.5125545938321
5,419,21.2322849360803
6,419,28.6839602497411
7,419,19.7787314770205
8,419,27.3405156962141
9,419,24.9461907625242
10,419,30.1866259176809
11,419,29.1558295306628
12,419,28.5864071855743
13,419,27.9020655183908
14,419,27.3068856708488
15,419,24.088499447371
16,419,19.7714317886239
17,419,26.6847603529035
18,419,30.3684396012398
1,420,26.3622817281753
2,420,28.7691154549529
3,420,26.6549747578285
4,420,26.2998276738643
5,420,24.9294974657557
6,420,19.8188841148225
7,420,28.0699753813878
8,420,27.6001741282047
9,420,22.2442205735551
10,420,25.1800080731
11,420,28.1320407191362
12,420,28.1252852559032
13,420,25.3801087485841
14,420,25.1803660800511
15,420,25.3960715697276
16,420,31.8597178598719
17,420,29.3795262324063
18,420,22.3292081851878
1,421,25.0079884792793
2,421,23.8748573949424
3,421,22.6396685630581
4,421,33.2845193342537
5,421,21.7706515247184
6,421,20.7919887150771
7,421,29.2394366927914
8,421,22.1519404611532
9,421,18.54305454831
10,421,30.7101061810617
11,421,25.0532066168559
12,421,26.6558870269361
13,421,27.410234723833
14,421,21.7341714345234
15,421,21.1294041334517
16,421,30.8849997893543
17,421,26.7713659000143
18,421,26.6768402401183
1,422,29.244039655381
2,422,22.8170142884013
3,422,19.6954528237947
4,422,27.5357636234281
5,422,23.047298221891
6,422,23.1246484269815
7,422,32.888792722035
8,422,22.6402241070613
9,422,24.0363734365891
10,422,27.5514964254125
11,422,22.7190059993257
12,422,28.1030140404041
13,422,23.1712529689198
14,422,27.0458843049449
15,422,24.9793268099745
16,422,27.4529634641113
17,422,27.4263034102536
18,422,24.312704731681
1,423,23.8262003717281
2,423,31.5347823327598
3,423,27.4833392388424
4,423,26.6024490661388
5,423,29.3648656511609
6,423,20.0347888624909
7,423,27.9774965319559
8,423,27.9078319280151
9,423,29.5468326763749
10,423,25.7269987633687
11,423,23.4116177717914
12,423,28.0889514405151
13,423,26.2670452206584
14,423,27.2911494163858
15,423,29.2213468244011
16,423,22.2165585983527
17,423,26.9516888880649
18,423,21.9997249985968
1,424,27.523100488624
2,424,23.3529481592882
3,424,26.9364382160798
4,424,30.7150477094457
5,424,27.4154902312616
6,424,28.4330196189352
7,424,26.6505632746578
8,424,32.75263110261
9,424,22.1774717266077
10,424,25.8975122285188
11,424,27.3834335713806
12,424,27.9533595979165
13,424,24.8897883900142
14,424,30.5069229736684
15,424,31.9613194910035
16,424,31.4601956310869
17,424,24.5727093134654
18,424,27.1369963824085
1,425,27.3052379987939
2,425,30.2637102630868
3,425,19.3064221972465
4,425,27.421155327345
5,425,24.0181261392692
6,425,28.5886387948769
7,425,23.2947921795745
8,425,22.9055459434354
9,425,31.2971727152291
10,425,26.3727836221973
11,425,26.1538544389069
12,425,27.5526813671171
13,425,27.2795900770289
14,425,27.8936490478597
15,425,27.844233679304
16,425,22.3789589158631
17,425,24.5661937999085
18,425,29.4408172873735
1,426,27.8457815665893
2,426,28.1989543108153
3,426,32.1774585387953
4,426,27.7564801949765
5,426,29.0408921002827
6,426,22.6942287497216
7,426,29.4122356968776
8,426,29.6658861765017
9,426,23.2691263484655
10,426,25.8277078574471
11,426,27.4015710857041
12,426,26.6230180779123
13,426,27.8185283433847
14,426,24.2237447447563
15,426,24.034326525257
16,426,29.6760363985096
17,426,27.1807397399165
18,426,22.7104493915322
1,427,33.3913628105072
2,427,26.6342317585536
3,427,22.6841948133685
4,427,23.439827558808
5,427,28.7965371671739
6,427,21.4983057738891
7,427,22.2798745421118
8,427,25.8387044555073
9,427,28.0365026278594
10,427,19.2959548228349
11,427,22.4090523157237
12,427,24.0516486549069
13,427,28.9392148757834
14,427,26.0665179622483
15,427,21.5214461168993
16,427,25.5625473631422
17,427,26.8225085474278
18,427,26.9298814791203
1,428,31.6612304108782
2,428,22.8093148001168
3,428,25.8646518655393
4,428,25.9088091546115
5,428,26.3318568318851
6,428,19.7671695765878
7,428,31.8624458036358
8,428,29.2943979399416
9,428,33.5255897128544
10,428,31.1953479110331
11,428,34.2901222211756
12,428,25.4704830164297
13,428,25.1518237685563
14,428,29.6077152404682
15,428,22.3551725926793
16,428,26.7743027895169
17,428,29.1712510330151
18,428,23.260180131853
1,429,28.3507532652509
2,429,26.192737040846
3,429,31.4769058593586
4,429,24.5133654854291
5,429,27.2983257535462
6,429,19.4861498162785
7,429,27.3362021636784
8,429,27.4075730345553
9,429,32.1987853772657
10,429,28.4071207084454
11,429,27.3403927689781
12,429,22.765942793702
13,429,29.2897616271413
14,429,24.6451235764258
15,429,28.5361081090928
16,429,21.9222956199286
17,429,26.5742086460624
18,429,21.1810754350238
1,430,24.5503467233946
2,430,22.0607782334423
3,430,25.3879041499813
4,430,26.465388606476
5,430,19.3680417417016
6,430,26.120986559091
7,430,31.4544289962637
8,430,23.6213203161884
9,430,20.3799416735908
10,430,24.7768114688128
11,430,24.3106830043299
12,430,26.4872005002294
13,430,25.2501403623011
14,430,28.373671345091
15,430,31.2079042642824
16,430,25.9038688688674
17,430,26.9624401676667
18,430,25.0509515612313
1,431,30.2755204530285
2,431,22.6684400473303
3,431,25.5687083247037
4,431,28.4577530175255
5,431,32.6485630588126
6,431,23.6834153556296
7,431,28.5455271778337
8,431,21.1614615010858
9,431,28.774985809708
10,431,32.0031206551781
11,431,30.0279312874732
12,431,22.8503835964601
13,431,20.7534723441689
14,431,27.239672777719
15,431,26.7047768219901
16,431,30.2637603476459
17,431,27.5293752595467
18,431,28.4360565838919
1,432,23.5568538379956
2,432,24.8632491523364
3,432,26.7911058226286
4,432,32.4047607376541
5,432,23.7505900759324
6,432,24.2162741525222
7,432,27.5487087859722
8,432,20.8112022830811
9,432,19.8063358411178
10,432,29.1612767103879
11,432,27.7855301552074
12,432,29.2968374278292
13,432,24.115103694376
14,432,29.9648234712527
15,432,30.2574904462943
16,432,23.0068695445341
17,432,19.3067944537533
18,432,25.0678905873446
1,433,26.9052837637186
2,433,34.4104825021217
3,433,25.8710486687574
4,433,25.7874508670758
5,433,30.2618606055629
6,433,30.4307179502344
7,433,20.4285498208243
8,433,26.3420464734054
9,433,24.4906981988263
10,433,24.7184546081515
11,433,29.4025778393185
12,433,18.8278398935657
13,433,29.0251710750688
14,433,22.0342903514282
15,433,28.0527123758241
16,433,20.0649766335128
17,433,27.8008855513597
18,433,21.9028463712134
1,434,20.1496963573444
2,434,28.9135138969981
3,434,29.9288827905331
4,434,29.457069407951
5,434,27.5342825187637
6,434,26.5402776914556
7,434,19.7223870957355
8,434,23.8175971831365
9,434,26.0638624318782
10,434,28.5093958000788
11,434,30.3106858869959
12,434,22.5702982364694
13,434,29.3718505840358
14,434,26.0757532970094
15,434,24.1365102681629
16,434,25.9577792887568
17,434,30.1399000937339
18,434,32.7780493578358
1,435,25.1377084843031
2,435,30.1569252652417
3,435,28.1487063084198
4,435,23.2833144889204
5,435,30.217542773736
6,435,29.1146134750606
7,435,28.1810698576507
8,435,23.5765583154805
9,435,24.0446173291434
10,435,25.7076287936523
11,435,29.8120879855821
12,435,29.0105185138293
13,435,32.0893466000884
14,435,18.4560342474567
15,435,22.8719471086806
16,435,27.8525158175485
17,435,26.028526730337
18,435,24.5635002534747
1,436,30.4933558083385
2,436,23.9660332863348
3,436,23.1953857294226
4,436,19.7264718305648
5,436,19.9963587060564
6,436,27.2024266420396
7,436,24.7219820393074
8,436,22.8551340595525
9,436,30.7202887551059
10,436,32.642882749787
11,436,21.1766896252199
12,436,27.8117695677
13,436,25.7586833338659
14,436,22.7628726610611
15,436,30.3407095629669
16,436,28.3451642218124
17,436,26.9217724517684
18,436,26.9963103610091
1,437,28.8498153220785
2,437,30.87369963463
3,437,32.5176943821337
4,437,31.3792032413026
5,437,30.114546803054
6,437,22.4672544631093
7,437,28.9424184627033
8,437,28.1027741360872
9,437,28.5606779299203
10,437,23.0073159998692
11,437,21.9440954582741
12,437,27.3661806964574
13,437,29.8843535732732
14,437,30.493529953462
15,437,28.7552147162918
16,437,31.2249525719289
17,437,28.2301361475873
18,437,22.4180278294959
1,438,26.9600242511993
2,438,24.2969423275146
3,438,21.5116379883032
4,438,19.5781914581306
5,438,27.3103849891357
6,438,29.3199087545332
7,438,31.3757435568029
8,438,29.4047129737232
9,438,24.2205060350734
10,438,29.03548289156
11,438,19.761103848796
12,438,27.7984688138189
13,438,33.0780454167048
14,438,27.8846593265908
15,438,24.4240388199991
16,438,25.0153434459715
17,438,30.9820368531588
18,438,23.6563582278632
1,439,29.0678398601568
2,439,25.4220543808561
3,439,32.6113068057218
4,439,34.04127041971
5,439,26.5834221451031
6,439,27.7910465366992
7,439,25.5428684903402
8,439,25.4246730263531
9,439,32.8110730173013
10,439,27.8672870606397
11,439,33.7636713284201
12,439,24.9527888329039
13,439,27.9117918186259
14,439,31.504483425711
15,439,27.3685343358871
16,439,29.9379867569589
17,439,29.5184578619083
18,439,19.3243141240672
1,440,23.959562108068
2,440,24.3207018986079
3,440,28.5866695759578
4,440,20.9288353399081
5,440,22.6221559531524
6,440,26.7514265636071
7,440,25.5552042445828
8,440,26.6766192301147
9,440,29.717424934083
10,440,29.7935374150264
11,440,23.5729417179705
12,440,21.90548215673
13,440,29.9281270077068
14,440,21.542179933075
15,440,28.6032176988168
16,440,25.6528362993641
17,440,31.9549915563163
18,440,20.3352566039067
1,441,33.7807482685592
2,441,29.9322517644069
3,441,24.3764359033615
4,441,24.9944946572114
5,441,28.1813057028604
6,441,21.1522217347616
7,441,32.3311266545199
8,441,25.2562136577004
9,441,27.4736686969336
10,441,29.3050082464163
11,441,24.039853890054
12,441,31.3696492069514
13,441,22.5894973817364
14,441,31.6993834016145
15,441,31.8506205791247
16,441,28.1923768978652
17,441,34.4385624218059
18,441,28.2874365415071
1,442,22.3868669537288
2,442,28.9292829924086
3,442,27.1558228386526
4,442,33.509953847142
5,442,20.4672939281676
6,442,22.2840251333742
7,442,27.0062293128994
8,442,28.5205398985238
9,442,25.514818754912
10,442,25.2907856095587
11,442,26.6989315426936
12,442,31.2807242926892
13,442,34.7357308789244
14,442,32.8935587880295
15,442,21.0445901764599
16,442,19.7087051920412
17,442,28.337595754296
18,442,20.196718640383
1,443,33.0649629993307
2,443,24.5059316839174
3,443,24.2234692233894
4,443,26.6096301086072
5,443,23.3333493859475
6,443,23.6601837596992
7,443,26.9269283261452
8,443,25.3667938663366
9,443,31.5277431215152
10,443,23.8375350335915
11,443,25.3645211390656
12,443,33.5994126862916
13,443,22.474197824004
14,443,23.1663881280108
15,443,27.009470303033
16,443,25.8293176817804
17,443,19.1984557734651
18,443,26.0047217727513
1,444,20.7766324710435
2,444,31.2656937404047
3,444,30.7916285353034
4,444,24.5402571177461
5,444,28.4386203927934
6,444,21.5075241009514
7,444,18.8505181627407
8,444,30.9496221703355
9,444,29.0432718502426
10,444,31.7016832681417
11,444,18.5946450126839
12,444,19.9048644227747
13,444,24.9255385459727
14,444,25.5921950829128
15,444,27.8412501316905
16,444,26.3591933819967
17,444,20.9393979031851
18,444,26.5873878574976
1,445,31.417829083255
2,445,25.0117689691503
3,445,31.2386175667297
4,445,23.0829021993939
5,445,23.9496202009194
6,445,30.7412327472554
7,445,30.9140883998371
8,445,25.461780118066
9,445,27.464649944458
10,445,26.6379107644299
11,445,29.167279126751
12,445,23.6137309784468
13,445,29.2469530289355
14,445,30.2380559499342
15,445,21.4624883323452
16,445,24.2915857082181
17,445,19.1787975376893
18,445,27.6357790463299
1,446,33.8532832744778
2,446,30.5410721657757
3,446,27.5910836219965
4,446,25.1107672197439
5,446,28.1250082031133
6,446,19.8073368570849
7,446,21.8095581010696
8,446,26.9017379690423
9,446,30.954651314261
10,446,21.5267279014022
11,446,33.081566571142
12,446,32.5489092162391
13,446,32.2407262592032
14,446,29.3643128258941
15,446,19.1846701563408
16,446,26.0168128363434
17,446,22.4143922297427
18,446,26.0587490254842
1,447,27.109469293243
2,447,29.1528796778793
3,447,29.3454015378053
4,447,31.710992485235
5,447,24.5114530689013
6,447,27.2624564738148
7,447,23.1677538063056
8,447,29.5858218882036
9,447,27.5852383748535
10,447,27.1487654786474
11,447,22.8160768254234
12,447,31.5845455520772
13,447,33.5405639153971
14,447,34.0321405049818
15,447,19.6925083896192
16,447,22.3705993309759
17,447,28.6283678711965
18,447,21.6901558396301
1,448,19.2500455429369
2,448,18.8143634525045
3,448,24.7235892880102
4,448,27.8106347568272
5,448,32.1103156637755
6,448,23.7625712357869
7,448,30.9167199824707
8,448,30.8642171604531
9,448,21.0403948354795
10,448,19.2689162002901
11,448,20.7744318074306
12,448,27.4723131640288
13,448,26.9633877075602
14,448,28.2492055886052
15,448,22.773245119783
16,448,20.8628154800957
17,448,28.2382291200947
18,448,18.8683033840294
1,449,22.6454736216755
2,449,27.7440336840598
3,449,20.3320393048702
4,449,20.6323725855917
5,449,24.9969601262747
6,449,22.1476474471216
7,449,21.6893069665536
8,449,24.5258419956053
9,449,30.7922665957321
10,449,28.9877426277411
11,449,25.3993935294192
12,449,21.0326663632722
13,449,26.5998450094676
14,449,22.8539830016239
15,449,31.7876016860549
16,449,20.6694017182768
17,449,33.1258275575448
18,449,25.4161713398283
1,450,26.5413400898097
2,450,23.2262837538148
3,450,27.9668978979179
4,450,32.1297688973917
5,450,31.5559203153573
6,450,27.2916676988021
7,450,26.0597811620439
8,450,33.248122508954
9,450,22.4017512456439
10,450,25.2969948329067
11,450,30.4588850735797
12,450,29.5499516895436
13,450,20.6104308428982
14,450,26.2132207454464
15,450,25.7712331854631
16,450,24.4749578869245
17,450,25.1157415494222
18,450,32.1357143428131
1,451,24.602022335315
2,451,31.6776237724879
3,451,17.9388553128551
4,451,24.5630481122972
5,451,24.3269901267637
6,451,21.3654197703518
7,451,31.4138628774102
8,451,27.4277071536341
9,451,24.8322408078164
10,451,32.8799539740692
11,451,24.1890463473461
12,451,30.8370234946891
13,451,23.9869895289563
14,451,18.9936759689222
15,451,23.0996513519
16,451,18.9596528616234
17,451,27.2833879990524
18,451,27.39354795834
1,452,28.9484863739845
2,452,30.6728511741523
3,452,32.0013421478965
4,452,26.1240356989728
5,452,20.4737361832414
6,452,24.3261521967474
7,452,28.1990288430691
8,452,32.4550163529183
9,452,26.145236883485
10,452,33.2714398734517
11,452,27.7887635647624
12,452,27.2340526954925
13,452,22.4500886507803
14,452,25.9803513952812
15,452,26.9164863186758
16,452,27.8092339319147
17,452,21.9629210692551
18,452,25.4087103425612
1,453,29.2038599590207
2,453,23.0930143780081
3,453,22.8013659497628
4,453,20.4355539628997
5,453,26.9835718058415
6,453,24.9301212604967
7,453,18.9497762042113
8,453,29.2256473729408
9,453,27.9431918877583
10,453,33.2277959077245
11,453,30.8671137028034
12,453,26.4644097741993
13,453,29.6087734959587
14,453,29.4208802158739
15,453,30.6743002211663
16,453,29.3722296634166
17,453,21.1980746458004
18,453,28.5122838784863
1,454,26.0806045363123
2,454,26.7487427720821
3,454,26.4761043620294
4,454,26.9114744021507
5,454,29.4342790949236
6,454,28.2471663842388
7,454,26.0867297607098
8,454,25.9148174587757
9,454,25.9429623374768
10,454,22.3726407732445
11,454,32.6669193514381
12,454,23.8380216247758
13,454,30.8075469367532
14,454,30.8537873123842
15,454,19.8877098742221
16,454,24.9137952515562
17,454,25.1899102707586
18,454,25.7950822296364
1,455,22.6117010994954
2,455,32.4161092888225
3,455,34.7964621954889
4,455,28.7247025234927
5,455,24.7235396967802
6,455,24.0370626076651
7,455,31.0089219950873
8,455,31.7052652622387
9,455,27.103921613136
10,455,27.6500735875535
11,455,27.1496306917389
12,455,27.8266531349384
13,455,28.5768287924116
14,455,29.7871046150105
15,455,26.187670977502
16,455,26.7176817261253
17,455,29.8608307970181
18,455,26.5603759808131
1,456,28.8227552828739
2,456,27.8758689487896
3,456,20.0992131787946
4,456,25.366154459109
5,456,24.4611981859399
6,456,25.0931081274536
7,456,24.5994160696109
8,456,30.2732827419621
9,456,24.6732241757408
10,456,29.4361049516686
11,456,30.7159724361657
12,456,26.9804432159018
13,456,32.1184606545511
14,456,30.5153467278787
15,456,22.9027377477764
16,456,20.2013813322818
17,456,28.7526572095353
18,456,20.4615716498381
1,457,21.8997212312206
2,457,26.2047046593435
3,457,24.4549036748284
4,457,25.9561576101495
5,457,27.8374571145934
6,457,30.5179656128803
7,457,26.0012746293978
8,457,25.0839449536581
9,457,23.9256430344322
10,457,20.736574061498
11,457,21.5628940014165
12,457,27.5517349173552
13,457,25.4956961690453
14,457,22.9407100174595
15,457,26.9425360666864
16,457,30.1766460806293
17,457,28.8319461726015
18,457,20.8374876376469
1,458,23.0951250343588
2,458,19.2012727603638
3,458,28.9254956690598
4,458,25.9806192770971
5,458,21.9228751069569
6,458,23.7084580699452
7,458,24.5019235770579
8,458,33.3128212208215
9,458,28.4066642947577
10,458,22.8819580926241
11,458,23.873951053064
12,458,26.121897316686
13,458,23.5020760715036
14,458,27.8843790558201
15,458,26.5631295441342
16,458,29.4959970869233
17,458,26.8787767679603
18,458,24.7974945176921
1,459,30.2395440870199
2,459,32.047026777426
3,459,25.8199655878175
4,459,22.5126698662698
5,459,20.0518472412414
6,459,29.9854226397395
7,459,24.03116758462
8,459,28.308056415361
9,459,24.1400055272699
10,459,22.2103453625764
11,459,22.858923996495
12,459,26.5221002210776
13,459,27.9243668713289
14,459,31.9749275589597
15,459,34.3152234079016
16,459,24.0557008689445
17,459,29.7147201736913
18,459,24.0140351163076
1,460,26.138791910266
2,460,30.7234948575458
3,460,28.6088761401452
4,460,25.0302867738034
5,460,31.9829911329856
6,460,26.119843412296
7,460,25.5061184805579
8,460,29.978625750821
9,460,29.2220784957604
10,460,27.375259355687
11,460,28.8306697297626
12,460,24.8172537129924
13,460,26.2674689288282
14,460,32.1391784598373
15,460,26.9575928597197
16,460,24.9581205811816
17,460,29.17406117749
18,460,29.782340058209
1,461,26.6445458581127
2,461,29.0920906726434
3,461,25.3796841429688
4,461,25.0030793210268
5,461,24.2965668140669
6,461,34.3889783147934
7,461,27.809718483835
8,461,25.6493792805635
9,461,26.5332927685895
10,461,19.9984966836047
11,461,25.2442105922994
12,461,26.0436257425151
13,461,27.3927327543318
14,461,27.9427541300065
15,461,23.5298637607167
16,461,30.5500348508103
17,461,23.4050933764655
18,461,29.3940064414953
1,462,31.7651620527689
2,462,24.4349254763445
3,462,23.0718688431287
4,462,33.7001892208852
5,462,27.9016522192095
6,462,32.6808479741904
7,462,22.7095443822324
8,462,24.5741337934922
9,462,25.8313466681947
10,462,20.2185600668735
11,462,28.1802664361153
12,462,23.575371467414
13,462,22.5405113768427
14,462,28.9218468739593
15,462,28.9571033719646
16,462,24.1347867155062
17,462,27.5456844805412
18,462,29.7102875334953
1,463,25.4755002375463
2,463,22.5493972285883
3,463,27.6424785168586
4,463,21.6056570019915
5,463,27.0260599043117
6,463,29.0480294650397
7,463,23.2474643083879
8,463,27.1245378956677
9,463,21.0503404487177
10,463,25.3823751892272
11,463,27.1398322856798
12,463,26.2177637657639
13,463,22.5602085168536
14,463,25.174608233537
15,463,26.609959315779
16,463,19.4315278665923
17,463,20.2128353435589
18,463,21.0508705286071
1,464,22.8726290932203
2,464,29.4261753497291
3,464,27.7402196734651
4,464,29.1192900227767
5,464,30.6442526417397
6,464,34.5784383024953
7,464,27.3664959107559
8,464,20.7243435218768
9,464,22.6023579178495
10,464,25.1712614348899
11,464,25.0598984267812
12,464,26.5971022843142
13,464,30.8171507035201
14,464,28.8384924677323
15,464,28.6660078912794
16,464,22.3540423974282
17,464,29.687786507885
18,464,27.5427551434054
1,465,30.4680062586671
2,465,23.4422890046606
3,465,28.1318553457639
4,465,26.7543855160841
5,465,30.8729773856816
6,465,20.4052344346272
7,465,22.6896327818788
8,465,22.9741680347778
9,465,27.8418221492998
10,465,23.5738817776248
11,465,25.3797959542228
12,465,28.2117033459823
13,465,27.4834090591135
14,465,31.0574056844314
15,465,31.6093818607042
16,465,23.0380047125827
17,465,28.60935636196
18,465,22.9654300585635
1,466,24.1435835526723
2,466,26.5330362934811
3,466,25.3350173663984
4,466,25.2911556162834
5,466,22.7800284903791
6,466,26.9000184657964
7,466,26.3972651017694
8,466,24.299029969517
9,466,24.7010484408994
10,466,24.7091977628647
11,466,29.7049169197129
12,466,24.6505561617095
13,466,24.7304058875944
14,466,26.1134732355484
15,466,29.3966921773286
16,466,26.8683669981527
17,466,29.4363115645662
18,466,29.1573280449464
1,467,24.9750313023841
2,467,27.4848869702264
3,467,31.9324077547602
4,467,28.339382585223
5,467,26.8468040993456
6,467,22.7926872819311
7,467,24.0441201944132
8,467,26.49130809401
9,467,27.0236804083134
10,467,27.2996204673697
11,467,22.6166099956755
12,467,21.7531231540937
13,467,29.170636604562
14,467,23.6092768420493
15,467,23.0139745847179
16,467,24.7252303652059
17,467,31.5027393341461
18,467,26.8435319185111
1,468,19.0673968524065
2,468,18.6999395859522
3,468,22.1254288349333
4,468,31.6369698913843
5,468,25.3845595107566
6,468,27.9214838847377
7,468,23.8389136142976
8,468,28.984819227742
9,468,31.6794785491504
10,468,28.5187472915459
11,468,26.5122740525028
12,468,27.5314788472677
13,468,28.0469942479058
14,468,18.2180016197382
15,468,29.3854844431044
16,468,26.9196742544529
17,468,27.3078304617403
18,468,26.5491294615066
1,469,30.3373279809215
2,469,19.7342018222323
3,469,28.3663309170968
4,469,29.6932128184119
5,469,29.3506298790647
6,469,20.7765115447116
7,469,20.7406063197155
8,469,25.3460210249636
9,469,22.0704563718773
10,469,20.3856492409286
11,469,18.7441846409824
12,469,24.65848301531
13,469,25.7382227415755
14,469,30.5643235569718
15,469,31.9488137155276
16,469,26.5896515954074
17,469,22.6682539116988
18,469,25.4415935581192
1,470,27.8989618103493
2,470,31.5674139103822
3,470,28.3710195465545
4,470,31.8500280847214
5,470,27.6171178497083
6,470,25.4720481933675
7,470,25.6102702764833
8,470,23.6584655148245
9,470,24.1929052416661
10,470,28.5482950715914
11,470,24.1129819229513
12,470,28.4975337390468
13,470,26.8110880150439
14,470,31.1555371626716
15,470,31.5247270264594
16,470,22.1732894335146
17,470,23.4429338495512
18,470,26.6990270893633
1,471,26.2678682626841
2,471,28.4528995166705
3,471,27.1148535110255
4,471,23.2990962028535
5,471,29.7043153572377
6,471,21.4055290192012
7,471,25.8284022304955
8,471,19.5074565252786
9,471,29.1199836916998
10,471,26.5664686386946
11,471,20.7041925023708
12,471,26.5926190463631
13,471,29.4274490025693
14,471,24.913498284112
15,471,27.1042857548927
16,471,26.4507646717838
17,471,22.1924250778227
18,471,20.5696715478756
1,472,18.5482906621588
2,472,29.6950085796439
3,472,25.2711753752218
4,472,27.3594627106558
5,472,29.238780836175
6,472,24.2538967623065
7,472,27.9137841803271
8,472,25.0562649793556
9,472,25.2761017002899
10,472,29.7177908632101
11,472,26.9334747493976
12,472,25.2336898618158
13,472,27.3189428595747
14,472,33.6777851612689
15,472,23.6178918678328
16,472,30.5494484093698
17,472,26.9501908008084
18,472,23.6544765237025
1,473,27.1620976171264
2,473,22.2798119655103
3,473,23.7442145612254
4,473,29.1510757803338
5,473,27.4705968061736
6,473,26.7365336467369
7,473,27.8822561605137
8,473,29.2523365474358
9,473,28.695091297236
10,473,22.6886611752205
11,473,29.3994768141006
12,473,27.0911079019473
13,473,28.2553326589498
14,473,26.4965220404276
15,473,27.8483125923905
16,473,30.4035525787705
17,473,26.3751554309026
18,473,27.6663894457048
1,474,28.400544330225
2,474,25.3593319815247
3,474,21.5184170150879
4,474,25.5027148828023
5,474,29.1831369188557
6,474,27.4480209529332
7,474,24.5499259418775
8,474,24.1595982619944
9,474,34.0763505345902
10,474,27.6008660183529
11,474,24.2864903300661
12,474,21.0442803423351
13,474,17.8008201293539
14,474,25.0431568226922
15,474,31.7604227769916
16,474,30.2000650387606
17,474,24.2765582952966
18,474,26.4857213258222
1,475,28.9491359397787
2,475,31.2294012565885
3,475,27.5705119679115
4,475,26.8084013530269
5,475,30.8266576747979
6,475,30.4335198413697
7,475,22.9800949502462
8,475,27.9215563927933
9,475,21.8246907332598
10,475,24.4272499575778
11,475,30.7148404723656
12,475,29.9700265044294
13,475,22.750109800335
14,475,30.1890063501146
15,475,20.5802900978082
16,475,22.6855016179738
17,475,29.6534776829396
18,475,27.6362139651018
1,476,26.4934443883429
2,476,32.1332691120739
3,476,33.979760976541
4,476,27.3577061777263
5,476,28.0051906468155
6,476,29.3008673125647
7,476,25.3226727840717
8,476,31.7005397931652
9,476,24.1541067455636
10,476,27.475445853086
11,476,32.6844434320254
12,476,20.0365691510118
13,476,21.7248941987689
14,476,25.9993879852705
15,476,29.0407749758986
16,476,29.8271497591482
17,476,28.8298341207186
18,476,22.528146850331
1,477,24.3874600700904
2,477,25.4620071962367
3,477,32.2639114041793
4,477,24.9351204678591
5,477,23.6381790760329
6,477,18.5363801494221
7,477,26.6705263833461
8,477,29.7640308082267
9,477,28.1699946911994
10,477,22.6267382234489
11,477,34.0534176658097
12,477,21.2250482020848
13,477,29.0338677039089
14,477,23.7642602874727
15,477,32.8092152070694
16,477,24.5623730737485
17,477,23.719716416464
18,477,27.7899766011907
1,478,19.9196833982021
2,478,20.4819726616324
3,478,30.0720484731588
4,478,22.1000415349284
5,478,20.2740764286698
6,478,24.5036791079688
7,478,21.2480263152208
8,478,26.8919608620491
9,478,29.0171429972666
10,478,30.6658350051109
11,478,26.5303600966728
12,478,24.5803966007304
13,478,29.9137187700211
14,478,27.8838493912375
15,478,31.9532259424159
16,478,30.9581423267396
17,478,30.15903460891
18,478,17.9281859599998
1,479,28.1500988865407
2,479,25.8414173592873
3,479,28.7929951690523
4,479,29.7706144637121
5,479,27.2791279313183
6,479,26.0156745402841
7,479,32.7481390444709
8,479,29.545822166492
9,479,26.9421315665691
10,479,26.0034927398402
11,479,29.7637019049445
12,479,29.9466120619697
13,479,22.8265644232432
14,479,27.3394304077706
15,479,26.8930449143852
16,479,25.3047348514199
17,479,19.2468985571924
18,479,27.0997188065008
1,480,27.2573538092186
2,480,24.9273938160054
3,480,20.7328847072657
4,480,31.8322016077939
5,480,26.2266935612463
6,480,31.3215520950047
7,480,25.7923421837316
8,480,28.511957736833
9,480,30.3777482590862
10,480,25.2186162972158
11,480,24.0895393307548
12,480,24.4426995894914
13,480,23.9953983917922
14,480,23.0877038832257
15,480,19.3070331756052
16,480,24.1941755095806
17,480,29.0538264770907
18,480,25.7552038354206
1,481,30.7994929582212
2,481,28.129394422033
3,481,25.8499095718394
4,481,33.6219826550406
5,481,32.0978796834916
6,481,29.5793274764193
7,481,25.0835537279906
8,481,24.0589507427687
9,481,22.5700300296688
10,481,30.9490375548956
11,481,27.582904836527
12,481,21.1511064296815
13,481,29.3051916743294
14,481,22.5306840496842
15,481,20.7150777336233
16,481,21.8863985427017
17,481,20.2516142117011
18,481,26.6600346472951
1,482,26.919878045002
2,482,19.6683667266956
3,482,28.5206095071482
4,482,31.9309554398092
5,482,18.523173167758
6,482,29.4770063357492
7,482,20.0356597055027
8,482,30.8206125571813
9,482,27.8719112252059
10,482,26.6056611419026
11,482,30.0697289875001
12,482,30.6791438406833
13,482,25.2054240013406
14,482,27.9553422005693
15,482,31.1903913875841
16,482,30.5395575350227
17,482,24.2116072711293
18,482,23.889369471179
1,483,26.0911061118625
2,483,24.1209657726215
3,483,31.6885310456199
4,483,28.5803956332852
5,483,26.4296962841073
6,483,22.1991570878032
7,483,26.8428468369375
8,483,33.286174925961
9,483,22.994293900578
10,483,27.6046392577006
11,483,26.9963930909397
12,483,29.3219851434063
13,483,24.0808118754361
14,483,27.8396974383333
15,483,19.765063701429
16,483,32.831689267627
17,483,22.7008579828607
18,483,24.7035923974426
1,484,25.7983697101508
2,484,26.251773500882
3,484,27.3462656057824
4,484,27.242891283707
5,484,30.7258256001544
6,484,26.0178040274932
7,484,26.8903935660558
8,484,27.0262253971854
9,484,26.2484828245157
10,484,24.9144996469739
11,484,30.8614865101788
12,484,30.0304585993715
13,484,34.1942172298895
14,484,26.0816579322093
15,484,26.4144663632554
16,484,26.5469111894913
17,484,31.1130611162398
18,484,26.8899606044135
1,485,28.5424320972745
2,485,22.8800528372553
3,485,26.4512925985764
4,485,28.5393297806972
5,485,19.438333628765
6,485,25.2181980423687
7,485,22.7129857353652
8,485,27.5452245067019
9,485,24.4563462237991
10,485,27.0965065345956
11,485,22.1343857411107
12,485,28.0886654920819
13,485,21.9330036184004
14,485,28.2696593395623
15,485,25.0701228122485
16,485,27.8361877426196
17,485,30.3037694630655
18,485,29.8826645757559
1,486,22.9094899763859
2,486,24.1537599334678
3,486,27.1834662816472
4,486,25.019413763327
5,486,25.9441266669928
6,486,28.2701417019825
7,486,29.7106867076243
8,486,22.8455685507031
9,486,26.8900287945588
10,486,31.094559121021
11,486,26.0851936884218
12,486,25.9181584043752
13,486,24.3386219008122
14,486,26.4379536495858
15,486,30.0815197197315
16,486,23.0527662684372
17,486,30.9784502657897
18,486,30.6606414964556
1,487,26.8186011751843
2,487,28.1831403931077
3,487,34.980861088774
4,487,28.0666043903519
5,487,26.7335103500816
6,487,24.7763729417042
7,487,34.7593874720822
8,487,23.7055896245753
9,487,26.222683992967
10,487,24.149769888578
11,487,20.4587126524957
12,487,32.737819603366
13,487,20.9524072160737
14,487,26.4157297068257
15,487,23.1133896727574
16,487,33.612408021349
17,487,32.0923197180124
18,487,26.9274567452613
1,488,32.7346452463462
2,488,28.7588451640505
3,488,28.2075111634999
4,488,23.5550559850674
5,488,27.8745998000693
6,488,31.0613371112444
7,488,24.5411612131781
8,488,25.2643527890684
9,488,23.9418205073729
10,488,28.6331048838093
11,488,23.7652888670959
12,488,21.4327653402625
13,488,23.1172567354204
14,488,29.1232168733817
15,488,24.5284483777916
16,488,28.3485149946364
17,488,24.1733964586242
18,488,18.6428698150218
1,489,28.7035218193037
2,489,23.3658152392891
3,489,29.6264083765995
4,489,22.4718062665156
5,489,32.4590556445404
6,489,30.1275986691984
7,489,18.3487910260927
8,489,28.8358049124038
9,489,28.5763831401265
10,489,23.3784419869551
11,489,25.4677245306602
12,489,25.9068516784154
13,489,25.6840977184345
14,489,29.6638292978145
15,489,20.2326573746764
16,489,20.3512152711482
17,489,26.6189891785722
18,489,26.8580589843117
1,490,23.5173482680442
2,490,27.7757949943491
3,490,28.0505639491855
4,490,28.3199093977328
5,490,22.1240418450083
6,490,22.3001815506069
7,490,35.0558303100665
8,490,24.0088233886745
9,490,23.4914294108481
10,490,28.3780088579526
11,490,25.6186445810259
12,490,27.4008077744429
13,490,21.6718867830228
14,490,29.8351164263545
15,490,25.439706956194
16,490,30.3818975575132
17,490,33.7214293650596
18,490,27.2766029400542
1,491,25.1802763619794
2,491,32.9658290129732
3,491,29.014981511384
4,491,27.3101217778406
5,491,22.827961486226
6,491,28.0788820121973
7,491,32.2717052266186
8,491,28.334111471922
9,491,28.4747645146885
10,491,22.0168316991394
11,491,23.7707209511821
12,491,27.2634714682025
13,491,27.5876177545494
14,491,25.4591971440986
15,491,25.1803962851561
16,491,27.4754356460058
17,491,28.62804929444
18,491,26.6841012677507
1,492,23.3754969528481
2,492,25.0924114931557
3,492,28.4552946229952
4,492,21.8939897579101
5,492,32.4019812838755
6,492,22.7056753468612
7,492,31.4019612109959
8,492,18.9600709504155
9,492,27.8616198136867
10,492,27.7618946428158
11,492,27.9681657196147
12,492,26.1331068986645
13,492,28.2975350820091
14,492,29.1334140667489
15,492,30.1056499007389
16,492,27.7631013816413
17,492,28.1636047783618
18,492,24.0009251944602
1,493,28.9992809314762
2,493,24.3440438212031
3,493,29.1203432906405
4,493,21.4018052460734
5,493,27.5779820512176
6,493,23.5298482268362
7,493,29.4352440960379
8,493,34.2384495919325
9,493,26.9623979770367
10,493,29.251603586015
11,493,30.5210995563014
12,493,21.6394145347314
13,493,25.005103022607
14,493,18.7719186133223
15,493,27.4546148750092
16,493,24.2211713748422
17,493,26.8676299150457
18,493,28.5440285331749
1,494,22.2785343731276
2,494,27.7873850689841
3,494,31.1849094762766
4,494,24.1765577573256
5,494,21.9283746253242
6,494,23.9158797935014
7,494,31.5428486951631
8,494,27.7708438328777
9,494,22.3014138216467
10,494,28.7629845704203
11,494,22.653104151358
12,494,34.7498046121972
13,494,29.9657009505098
14,494,25.9595501687005
15,494,26.4289605653305
16,494,25.6297941093568
17,494,19.6385537729333
18,494,28.2671286402675
1,495,32.1678557612986
2,495,24.0591232363702
3,495,18.286852046234
4,495,30.1987996892741
5,495,23.8739058777714
6,495,21.4370898977312
7,495,20.6247729686965
8,495,27.2615159992682
9,495,24.4082144190527
10,495,19.3975042202597
11,495,27.0761668653897
12,495,28.8491320458975
13,495,25.40469083106
14,495,25.8583971728391
15,495,24.3615129993167
16,495,32.2692941803037
17,495,26.102784874423
18,495,22.3020081862945
1,496,27.7293862276287
2,496,21.7498191183902
3,496,23.1795059016152
4,496,31.6222088368998
5,496,19.0659228375926
6,496,27.1914367719675
7,496,22.8858915060086
8,496,19.8855788578111
9,496,19.4810828914828
10,496,29.371028310879
11,496,29.1109072777515
12,496,23.2935651236609
13,496,33.1552612684871
14,496,28.2261087804807
15,496,21.9949417947189
16,496,30.6568080467864
17,496,23.0547555602888
18,496,26.6404500019861
1,497,23.0963132903846
2,497,28.9765333229443
3,497,29.6928902646993
4,497,32.4732505924803
5,497,26.8634255674331
6,497,24.353356862264
7,497,28.5529336894707
8,497,23.0627303827559
9,497,29.6288742757011
10,497,29.036785148723
11,497,27.6511413794701
12,497,27.4115384301412
13,497,28.3970296921187
14,497,27.5439822222462
15,497,21.9278579990852
16,497,28.3288597345034
17,497,26.5069689787282
18,497,27.5238113432147
1,498,24.2016629405337
2,498,28.7106439821649
3,498,21.3855207617483
4,498,21.6790630375106
5,498,21.9027788654788
6,498,28.3504213803395
7,498,30.2511000733022
8,498,33.3897623543419
9,498,21.4014113386887
10,498,26.7128714209267
11,498,25.1065430902311
12,498,25.0501221373124
13,498,30.4163749520269
14,498,28.722611651311
15,498,27.951721731275
16,498,31.4804299945229
17,498,29.1758016259068
18,498,26.5814261408132
1,499,27.9596118860227
2,499,28.7144064666944
3,499,26.1627174356205
4,499,24.8895126730711
5,499,18.7976905733653
6,499,24.0309411570601
7,499,24.2328426435851
8,499,24.8119618434899
9,499,21.1173777954076
10,499,31.6308400093452
11,499,25.2174540778776
12,499,32.2914683794971
13,499,33.5624279293083
14,499,22.0492481766839
15,499,27.2555502168339
16,499,27.4268099027466
17,499,23.7599721467803
18,499,28.3775221376222
1,500,30.0695724662023
2,500,20.9793283400614
3,500,28.5621463312068
4,500,27.6643656391586
5,500,26.4344305624818
6,500,25.0343197510439
7,500,25.8435473119752
8,500,19.7620855303293
9,500,26.1762964112643
10,500,29.4473122007215
11,500,26.4693875800771
12,500,24.5865928957783
13,500,29.050576799511
14,500,20.6903099759863
15,500,27.2176416698861
16,500,33.7081720102836
17,500,24.1532823768573
18,500,29.7471386945335
1,501,29.8662229717677
2,501,31.0877464829108
3,501,23.8487337430084
4,501,27.2967617660464
5,501,31.5563903487296
6,501,18.4279578543062
7,501,22.6609472193595
8,501,24.0824886862467
9,501,29.5398486108126
10,501,20.8030850582238
11,501,31.3852936752734
12,501,24.7768843443328
13,501,31.2648041600864
14,501,27.7548712789189
15,501,26.3090414654221
16,501,28.7050320627329
17,501,29.3277273997793
18,501,27.0065560243642
1,502,18.9273225464015
2,502,20.9429722363043
3,502,28.3834248467433
4,502,28.8968105301372
5,502,26.3204241808361
6,502,23.583059242051
7,502,28.9753685171626
8,502,18.9942905674024
9,502,27.1493725365065
10,502,21.0534720805397
11,502,31.5087138994625
12,502,29.7027736156631
13,502,26.0751629573975
14,502,27.8057846624059
15,502,29.4857587375137
16,502,23.4626566719454
17,502,26.3336028930294
18,502,17.3371636514202
1,503,29.1888294568807
2,503,28.9785051601642
3,503,21.6623399489616
4,503,28.8523685055711
5,503,29.0011105407643
6,503,26.0208871526661
7,503,25.1688771505032
8,503,23.6095019569706
9,503,28.197004663123
10,503,20.9544665183183
11,503,23.0972179612431
12,503,24.3775820299175
13,503,28.7534400882358
14,503,25.2380379159207
15,503,34.8112549175295
16,503,22.8487699096599
17,503,32.2780508840719
18,503,22.343792252478
1,504,30.4083746188837
2,504,30.7224016505789
3,504,24.1891675254258
4,504,24.5852673358052
5,504,27.9353581255474
6,504,28.0075878621414
7,504,26.1247370135378
8,504,27.693173972011
9,504,19.2772850065979
10,504,28.3639282499204
11,504,25.7921325791575
12,504,24.735077143865
13,504,25.4757850734778
14,504,28.8739644561858
15,504,26.3979885433514
16,504,27.2747675527895
17,504,24.5623582343508
18,504,31.2022492196234
1,505,29.1738245297221
2,505,27.2726625196056
3,505,33.2681984440847
4,505,23.8177779348142
5,505,31.0355105501864
6,505,32.5254017840277
7,505,29.2056978561285
8,505,25.6498804313702
9,505,26.9521023749457
10,505,27.4237351865049
11,505,27.0285937434316
12,505,32.5046681041948
13,505,31.0420118146272
14,505,27.8938075450427
15,505,31.4650667910151
16,505,29.3167547241201
17,505,24.3053345871235
18,505,18.3918067885186
1,506,30.2960848777126
2,506,21.673187975603
3,506,21.8477832935148
4,506,22.5485998326295
5,506,21.8107577707192
6,506,27.7254597184195
7,506,32.4380256318022
8,506,29.0984567301174
9,506,26.884417963068
10,506,21.0547338653579
11,506,26.8725774627212
12,506,29.7632898889183
13,506,30.4034114128785
14,506,35.0592666479968
15,506,25.969888915238
16,506,30.5724812367746
17,506,23.2178547216482
18,506,22.992656446131
1,507,27.2560221860438
2,507,21.7914204007324
3,507,20.0283456039292
4,507,24.1114802608536
5,507,24.8169065507266
6,507,32.4352613333683
7,507,26.1311588049393
8,507,26.2944920486462
9,507,20.8901864694379
10,507,25.4506754648899
11,507,27.4221414503146
12,507,30.7422786410722
13,507,23.7018957902954
14,507,32.7783901648424
15,507,30.8895833484279
16,507,23.5821762972505
17,507,25.623459019296
18,507,27.8194919200223
1,508,22.210991445392
2,508,24.2338989163999
3,508,27.6196605429969
4,508,22.6156589866762
5,508,26.5403014554435
6,508,30.6029801863807
7,508,26.8970713826374
8,508,25.4416975554044
9,508,27.5331158718676
10,508,28.9824465343917
11,508,25.1501509470523
12,508,22.6207957834124
13,508,25.4337773937791
14,508,27.6761167196327
15,508,29.1592319594734
16,508,18.9531649210392
17,508,32.5254121807587
18,508,22.0823643855061
1,509,19.4259965606567
2,509,30.5237692077143
3,509,26.2154968742932
4,509,23.9722081327394
5,509,30.4058251695886
6,509,26.505765151939
7,509,21.8629324474829
8,509,21.8993444000758
9,509,31.0743310027255
10,509,20.259426089939
11,509,25.2126316639741
12,509,25.8918365925592
13,509,29.3869403409698
14,509,28.6364907410322
15,509,32.0781917339766
16,509,22.6743436507531
17,509,30.1063832304344
18,509,27.2481333441572
1,510,31.2379659438932
2,510,32.2894943378365
3,510,18.7812926179823
4,510,25.9048634082269
5,510,21.5029404250411
6,510,26.402494455552
7,510,28.9053131779614
8,510,26.3754972153368
9,510,22.9486993642172
10,510,27.4644431541761
11,510,24.4772230467652
12,510,29.0562781241036
13,510,31.7991708204626
14,510,24.0700929730113
15,510,27.1773909371276
16,510,29.4426578859323
17,510,26.9157636336657
18,510,23.5146882773141
1,511,25.7698657236411
2,511,27.3013980510919
3,511,20.3710240642506
4,511,29.4556317424198
5,511,19.5435503519109
6,511,22.0916235397535
7,511,25.8838939182999
8,511,27.7852854661755
9,511,28.0467489129636
10,511,28.098118196496
11,511,21.3333429523319
12,511,25.9581204809403
13,511,19.7416928439422
14,511,24.7957602023345
15,511,31.4446050919903
16,511,23.8044469381716
17,511,28.6215445739808
18,511,31.3245818606321
1,512,28.5269096589507
2,512,21.6621482715378
3,512,30.1751786387111
4,512,28.6879056699822
5,512,28.8033841878252
6,512,26.2718995000946
7,512,22.3536935561151
8,512,21.7545837421155
9,512,31.3595780330496
10,512,23.1558827004995
11,512,21.487941074038
12,512,22.8393631590941
13,512,24.7907846959897
14,512,28.4108590888419
15,512,27.9678640324081
16,512,25.6448953155365
17,512,27.7729512441633
18,512,31.2069150265553
1,513,28.9353390608254
2,513,26.6828144295329
3,513,30.0244248762035
4,513,24.668143480276
5,513,23.3743278878865
6,513,24.5310670868542
7,513,21.4502750136683
8,513,23.0804875791715
9,513,21.9076631921273
10,513,26.5069621936479
11,513,28.8786693148958
12,513,23.2454886240653
13,513,24.8583151025083
14,513,26.5386818571565
15,513,28.2651368013214
16,513,28.2524622311562
17,513,31.1303327543563
18,513,19.7864911720028
1,514,23.9630033163441
2,514,24.9558104598084
3,514,30.203351396346
4,514,27.8840481421915
5,514,24.0781221194909
6,514,26.6334268475433
7,514,29.0402095690232
8,514,21.7414837617181
9,514,26.8736751028422
10,514,28.2283328893487
11,514,23.2019312937983
12,514,26.6193127135929
13,514,30.2888874948365
14,514,30.7574303479614
15,514,29.4434382805309
16,514,28.139341368848
17,514,23.1254293229898
18,514,23.1327920159715
1,515,26.887275302377
2,515,29.3246947460927
3,515,34.3423906220229
4,515,25.2076397162498
5,515,23.6202283509609
6,515,28.846471564131
7,515,26.091037359468
8,515,31.9113468962853
9,515,31.8583531813183
10,515,25.4959575958611
11,515,22.1205112551477
12,515,29.3649573337153
13,515,34.142701394227
14,515,20.0071125631549
15,515,23.9820042081765
16,515,18.0382443889703
17,515,24.6076396019759
18,515,19.7884373094711
1,516,26.5970913370336
2,516,27.1904033704042
3,516,30.7495787423325
4,516,18.1547230012175
5,516,34.9626016340954
6,516,18.0861279704748
7,516,28.5315406223792
8,516,33.8811736191236
9,516,29.0509048982412
10,516,27.9336448447241
11,516,21.1345533069337
12,516,27.731482983701
13,516,27.2663332420934
14,516,26.5122450177714
15,516,18.4963770506513
16,516,31.4833092093896
17,516,25.7176096575435
18,516,25.7986608415871
1,517,32.0404699204139
2,517,29.5698620651637
3,517,25.9641457153434
4,517,27.1309303552834
5,517,26.5231049853184
6,517,24.3394398465585
7,517,26.8923050049763
8,517,23.0514457827396
9,517,26.2631160987307
10,517,19.8387064317159
11,517,27.1177014203278
12,517,26.4568015285418
13,517,20.6552890212857
14,517,20.4197076189176
15,517,24.7810398614265
16,517,24.7979849759911
17,517,25.3709685151865
18,517,21.8519459918324
1,518,28.8607027621416
2,518,27.1155864674197
3,518,27.5038190964826
4,518,31.5084644599845
5,518,23.5915296096626
6,518,30.3719671557755
7,518,29.9212010382774
8,518,23.1285060808357
9,518,31.279785444921
10,518,18.9519100154259
11,518,21.4802292391685
12,518,25.9342754204351
13,518,27.4194293298991
14,518,22.14848687617
15,518,23.6323319828866
16,518,24.4898709856887
17,518,24.2358037835542
18,518,27.9132594132369
1,519,28.291349949633
2,519,26.4160301680579
3,519,29.8943162189102
4,519,33.961718573453
5,519,28.1419434520732
6,519,26.8314012040759
7,519,24.5502045319729
8,519,30.7253543805158
9,519,30.9446794521586
10,519,22.5009018058876
11,519,30.5957754411176
12,519,25.870547345452
13,519,22.6230982814492
14,519,29.7051400053246
15,519,27.8919307721825
16,519,29.2695157148459
17,519,21.9392079380045
18,519,21.2436937463076
1,520,32.0567254834193
2,520,24.2027529785097
3,520,27.7326742520731
4,520,26.7168070937406
5,520,30.7226009079393
6,520,26.0881414386814
7,520,28.1719308603411
8,520,24.5103201799275
9,520,26.324447533916
10,520,21.7773207755387
11,520,29.5493474441788
12,520,32.1187687472233
13,520,22.1618134700832
14,520,29.6339600348609
15,520,20.9246636222626
16,520,30.8539452949949
17,520,24.1370738012685
18,520,26.8807088404472
1,521,27.7090010462109
2,521,30.7918379925662
3,521,25.066890399778
4,521,28.319457571414
5,521,24.8482371249247
6,521,26.3206286851144
7,521,30.189098850331
8,521,23.8851532041004
9,521,24.6899508548006
10,521,21.6218850731306
11,521,30.3866845719726
12,521,27.8564990118399
13,521,23.5304215179886
14,521,30.4234426513326
15,521,25.7249907751994
16,521,25.7639618076898
17,521,23.3038423970061
18,521,22.9675074802646
1,522,25.0138156677375
2,522,29.8823909910654
3,522,21.9312549918948
4,522,22.3027404088515
5,522,28.3938332750272
6,522,25.9563459803899
7,522,31.1280274256401
8,522,26.470874737978
9,522,27.7816538732911
10,522,30.1366828137656
11,522,32.7584260753997
12,522,19.898037358137
13,522,20.2376596538635
14,522,28.8876123719036
15,522,23.6215538052782
16,522,22.6780681095167
17,522,28.688697399677
18,522,25.3794788376516
1,523,29.1034299093531
2,523,26.7972088134702
3,523,27.943303032877
4,523,26.7156841198689
5,523,32.8460462084982
6,523,26.1965570895312
7,523,32.6594918850461
8,523,22.6573896506061
9,523,20.8321527611203
10,523,28.0508637846603
11,523,25.0511342866549
12,523,27.9056323814761
13,523,20.9199396334667
14,523,24.7477103024268
15,523,22.4539237827743
16,523,28.8967307929532
17,523,27.6526848315805
18,523,32.121387613831
1,524,28.0343022456671
2,524,27.9683816192922
3,524,23.4984361108284
4,524,29.7862444174238
5,524,27.8490585785276
6,524,28.41093646593
7,524,23.7228242278853
8,524,29.8350563194944
9,524,27.6569212906414
10,524,28.462320027961
11,524,27.1652731193666
12,524,25.7103076201507
13,524,25.6111414037542
14,524,28.0085753867283
15,524,22.7438040200032
16,524,29.4914823605229
17,524,24.8473576621321
18,524,23.2919241772639
1,525,28.5612849745343
2,525,27.5692879016917
3,525,24.724192072308
4,525,31.1691334846727
5,525,25.4383070535163
6,525,24.0711108438093
7,525,22.2962048855783
8,525,26.6848984560701
9,525,24.9801962829476
10,525,26.2260082159675
11,525,26.6498573947814
12,525,31.5907484693673
13,525,23.7173820889505
14,525,23.2735750500574
15,525,25.1979250064129
16,525,27.2178791253111
17,525,22.1722733073414
18,525,25.7036841943882
1,526,29.5443248673621
2,526,24.117052048319
3,526,33.8612555315138
4,526,33.7974637530824
5,526,25.0179295980648
6,526,27.9729481506638
7,526,28.468374323805
8,526,30.7379632047289
9,526,32.3985044842776
10,526,28.741908022347
11,526,25.1906137783287
12,526,30.2101771977078
13,526,25.1706748218042
14,526,33.5496644774669
15,526,29.156451885103
16,526,26.9761169259599
17,526,22.7758572840893
18,526,30.198740294641
1,527,26.0651332071678
2,527,31.6178945881271
3,527,24.4716903280647
4,527,31.6837806917625
5,527,22.7118122866024
6,527,34.6409623075955
7,527,28.2944900851708
8,527,27.7960297021886
9,527,26.2029821870935
10,527,26.9695038298166
11,527,33.7879284012658
12,527,27.6804067012096
13,527,17.8441929510434
14,527,30.7328707155224
15,527,29.1488472779235
16,527,30.425504318619
17,527,23.3249694963771
18,527,27.8829058874044
1,528,25.6019451949232
2,528,28.4713032032637
3,528,22.2197907846567
4,528,30.3938519287753
5,528,28.8936145152353
6,528,20.5049753337666
7,528,31.7068600996978
8,528,31.5599438642982
9,528,28.5535580853392
10,528,22.8816850598234
11,528,22.9442087290869
12,528,27.5620554805884
13,528,32.490993982191
14,528,32.8369722989731
15,528,26.1030633963906
16,528,27.5969930500156
17,528,27.4004607671925
18,528,23.9434303736812
1,529,26.5557416593114
2,529,25.07513639116
3,529,25.8919206846755
4,529,26.5421618669527
5,529,27.0478963654801
6,529,22.528026894514
7,529,22.4548235248701
8,529,26.650452599655
9,529,31.0269805651338
10,529,26.4288509197827
11,529,29.1528417136195
12,529,25.8804459823249
13,529,27.0399944431757
14,529,28.1706619841165
15,529,30.2798742934843
16,529,26.473328645188
17,529,21.6972008413536
18,529,24.8258082929759
1,530,30.7868769650228
2,530,24.8017869745766
3,530,27.5205859650003
4,530,24.4614242161722
5,530,28.6071796314097
6,530,24.4503809244006
7,530,24.8883179764867
8,530,24.6211536393198
9,530,23.4906011886436
10,530,23.9164502607944
11,530,24.5015335091452
12,530,23.0254776347156
13,530,30.61154065259
14,530,27.7138178646283
15,530,30.8069832206639
16,530,26.996777310525
17,530,32.3200798378408
18,530,31.6606784401471
1,531,26.5061551870354
2,531,22.6214816244078
3,531,23.6023424997244
4,531,29.2867874322978
5,531,32.0742304325191
6,531,24.0820789294884
7,531,20.5200257997451
8,531,28.0205597022761
9,531,26.1225381776973
10,531,19.6280082361003
11,531,28.988468167176
12,531,23.3479614620372
13,531,21.9289551561642
14,531,31.4233003994778
15,531,20.4933094417945
16,531,30.064591412071
17,531,28.553836815994
18,531,27.016362481419
1,532,32.5094791355189
2,532,26.3948464919774
3,532,23.7788331389725
4,532,24.5913935415736
5,532,23.8989168827273
6,532,26.3838959220464
7,532,22.8203901198913
8,532,23.8346532506213
9,532,32.1114934056213
10,532,24.2690615630175
11,532,23.8079334614315
12,532,32.8851521980573
13,532,23.2567835116521
14,532,29.7997127510206
15,532,23.3982598317213
16,532,34.4701447824217
17,532,24.322682971904
18,532,30.1459926089319
1,533,24.280568475028
2,533,26.0013039612758
3,533,29.0006447537106
4,533,28.0845077562539
5,533,27.8495311731739
6,533,27.6103524136519
7,533,28.4990271110237
8,533,31.4267512322209
9,533,24.1411649151634
10,533,25.397313496235
11,533,29.4506994513162
12,533,33.4073101021321
13,533,17.668089461118
14,533,23.7607067840739
15,533,30.9376118172697
16,533,26.137370086419
17,533,27.4765644963222
18,533,26.2556189123209
1,534,25.103265253846
2,534,25.878340083805
3,534,28.5019837840422
4,534,32.9289451337095
5,534,21.6934738263047
6,534,24.0532542400593
7,534,24.1303797353293
8,534,28.8691482319747
9,534,27.150869498172
10,534,20.2021937479681
11,534,20.4852677807314
12,534,22.2012242492208
13,534,26.5905555015411
14,534,29.819896409576
15,534,26.6056768277842
16,534,22.4886850485209
17,534,25.6322302940764
18,534,26.8485567756988
1,535,21.429003218773
2,535,23.0508375041342
3,535,31.0742872749329
4,535,25.2406432390352
5,535,20.742763428534
6,535,22.4634400692957
7,535,20.7709340746118
8,535,26.531605263082
9,535,24.3452683381142
10,535,27.1203287779707
11,535,32.3038123544402
12,535,25.2150601080758
13,535,27.1425611669192
14,535,19.3091334241126
15,535,27.6941300334088
16,535,25.0031854969637
17,535,25.8911532819161
18,535,19.087722240161
1,536,27.7355719465021
2,536,23.507931105926
3,536,29.1027047427383
4,536,28.2541876100531
5,536,29.3858641372979
6,536,24.3493699440801
7,536,31.7559271330572
8,536,21.8600120763457
9,536,23.508628355715
10,536,29.5813245375176
11,536,26.1256404744965
12,536,20.8502499464541
13,536,28.2674984304278
14,536,22.5788188423934
15,536,29.8312620916744
16,536,27.9984453123526
17,536,25.4068622208313
18,536,19.5685098788601
1,537,29.1697999010874
2,537,28.9387382014096
3,537,24.4918911809341
4,537,27.7984420227428
5,537,25.3714347394914
6,537,29.5228594287694
7,537,30.5242146321661
8,537,30.4965118494665
9,537,19.5377768211511
10,537,21.3990368553384
11,537,27.5552496677024
12,537,26.1834062166057
13,537,30.2079465599896
14,537,19.5862627033922
15,537,25.357589800685
16,537,30.9296147624917
17,537,29.0709015695151
18,537,32.2435440794013
1,538,23.8140915194023
2,538,31.6705841292956
3,538,27.373413727231
4,538,26.6375904594111
5,538,26.7820447364808
6,538,26.0633953798747
7,538,26.6354957317719
8,538,25.7063630703306
9,538,21.4938397533304
10,538,30.4745963137307
11,538,26.1076461121219
12,538,24.191453026913
13,538,23.3561836824756
14,538,23.1833255220234
15,538,25.2952854322458
16,538,28.3284088040806
17,538,30.5681090953518
18,538,23.1730523178839
1,539,24.4141115119339
2,539,26.0830410902037
3,539,26.6195630257747
4,539,29.3503040594463
5,539,27.1285307398764
6,539,33.0475454410943
7,539,25.9990721444266
8,539,22.7725698955678
9,539,29.7597287012705
10,539,23.001275325698
11,539,26.5820404665491
12,539,24.2177699567694
13,539,27.3150418546368
14,539,33.2945728777097
15,539,23.0344425345876
16,539,28.9899580041918
17,539,25.1998382117749
18,539,28.2668994246157
1,540,24.0690614497314
2,540,23.250648661924
3,540,28.4972441576052
4,540,21.2365135271176
5,540,31.0211091528085
6,540,28.8108490037446
7,540,24.8673610598582
8,540,33.3132878363338
9,540,18.7663660998055
10,540,24.2643250765328
11,540,23.2227139932575
12,540,24.2822530024533
13,540,22.8508246929738
14,540,31.1057786459139
15,540,31.1226379554907
16,540,33.1253484652842
17,540,27.2725888932472
18,540,18.7197568369403
1,541,32.3487737389396
2,541,26.773290016382
3,541,28.2199107441816
4,541,26.8951226857725
5,541,20.5344581966194
6,541,29.0452471321693
7,541,28.5755886080702
8,541,28.7929515757733
9,541,23.6373323340042
10,541,25.2677257289795
11,541,26.7472026179984
12,541,32.6549978581105
13,541,26.3506058289453
14,541,20.7869132909674
15,541,26.1820105038964
16,541,26.3422806854376
17,541,25.4137837937431
18,541,25.928009034756
1,542,33.2742088402786
2,542,19.049109933622
3,542,32.1871262101294
4,542,35.0902360802345
5,542,23.0386196798056
6,542,30.9932319185087
7,542,27.4723484657312
8,542,30.5995152435652
9,542,31.0205357417394
10,542,27.0090018252671
11,542,30.8487041868242
12,542,28.7895351567543
13,542,23.0130742620104
14,542,23.6492354525749
15,542,31.8801175802558
16,542,21.4243806218364
17,542,23.8222258258147
18,542,31.6042700364547
1,543,27.2139938186817
2,543,29.3364301767888
3,543,27.3646216963778
4,543,27.265285401868
5,543,19.4406319962854
6,543,27.1747391785894
7,543,26.2249663114408
8,543,25.5902929644991
9,543,19.0086475619739
10,543,29.6226828487866
11,543,19.3235469593778
12,543,27.248840533187
13,543,27.9192084001208
14,543,25.7011089731997
15,543,27.9963649032428
16,543,28.9044677073167
17,543,30.3862368498795
18,543,24.9483794510428
1,544,28.1396517589048
2,544,27.5923286618566
3,544,23.9542781956327
4,544,29.2937866608261
5,544,23.4122767985345
6,544,27.4588366962926
7,544,29.7539340233084
8,544,20.4782826601465
9,544,32.008528316189
10,544,26.4723292144796
11,544,29.7321912130274
12,544,26.6846581878054
13,544,27.5384538330406
14,544,24.9736566741584
15,544,26.4788530876873
16,544,27.9120083396248
17,544,32.5301087066105
18,544,29.3942870227427
1,545,18.2820608798848
2,545,30.8125848752111
3,545,30.4541730682193
4,545,25.4894402650972
5,545,26.0870787052214
6,545,25.3180420668789
7,545,22.0673723081686
8,545,22.6205781957522
9,545,29.8748308923591
10,545,30.3089967239253
11,545,22.6605314079771
12,545,27.7837961227952
13,545,28.006669460334
14,545,23.2491643843725
15,545,27.4249153762167
16,545,29.8627068369276
17,545,27.266182823916
18,545,23.5760379517924
1,546,19.6198152036812
2,546,28.5891195564348
3,546,27.3419286713181
4,546,32.1231129404375
5,546,24.7284773953352
6,546,26.3429690335788
7,546,23.8256960973956
8,546,30.0920503110455
9,546,21.8457990159059
10,546,24.6112218115895
11,546,22.0215743770626
12,546,30.1104433291827
13,546,23.2223312365783
14,546,27.6192590143815
15,546,31.3489059662015
16,546,23.1509827916149
17,546,29.33901968965
18,546,25.9502640475498
1,547,27.7502363840869
2,547,30.982760998395
3,547,32.7695907317663
4,547,23.5360071137224
5,547,32.4842372506632
6,547,25.8636288078207
7,547,30.1226891795354
8,547,23.5453341494572
9,547,21.8464930749919
10,547,28.1225865348175
11,547,31.9529313647269
12,547,28.5107187305129
13,547,25.947650951101
14,547,26.9784828949515
15,547,25.7818472110002
16,547,25.2875865588042
17,547,27.6135171986407
18,547,19.5011096334807
1,548,26.981313133977
2,548,25.7991765133789
3,548,24.7254816205357
4,548,31.0174854190688
5,548,29.2997999780516
6,548,23.7239231039514
7,548,24.7760407177148
8,548,33.3217343878555
9,548,24.4218204632198
10,548,29.0923753707097
11,548,25.7340176924396
12,548,25.8018243951533
13,548,23.5868811630807
14,548,32.253493282994
15,548,27.3106999760595
16,548,31.5040705077427
17,548,26.3679676988549
18,548,25.5551323704077
1,549,25.5617709592343
2,549,29.036634540796
3,549,28.4574759808565
4,549,30.9898201524447
5,549,19.6943420531867
6,549,23.1358283913164
7,549,27.6680095848551
8,549,27.8991073735951
9,549,30.116320967454
10,549,26.5157601773671
11,549,30.0387942075505
12,549,22.9541465644918
13,549,33.9001864402969
14,549,33.3988348289209
15,549,24.0998223854321
16,549,27.1464315791189
17,549,22.6612517009009
18,549,25.1547673445267
1,550,27.9399601564269
2,550,29.3644359790804
3,550,20.0987081321664
4,550,31.3380271170263
5,550,31.2255806686116
6,550,29.8182182355982
7,550,22.3876227864756
8,550,30.9695874030355
9,550,28.3619094167433
10,550,17.7320134475408
11,550,25.3868256945111
12,550,27.1334774943456
13,550,18.4624836122572
14,550,25.8267087634575
15,550,27.6933160670864
16,550,23.6929830181135
17,550,22.1630610551629
18,550,30.3403192069895
1,551,30.1944698671203
2,551,24.9495001113108
3,551,18.3442481449242
4,551,23.5628041402418
5,551,26.2341521094552
6,551,26.9858273220445
7,551,22.3622026734729
8,551,27.2186558059832
9,551,30.9357251958994
10,551,32.6150964682761
11,551,23.7228276477058
12,551,23.3858427684045
13,551,30.2427173228135
14,551,31.3816178625561
15,551,24.8347078197987
16,551,27.9913768748201
17,551,27.2254210812365
18,551,23.4733495816631
1,552,32.0433140379839
2,552,29.1884109849386
3,552,23.918275734547
4,552,26.129993920652
5,552,33.0305215232656
6,552,29.254511712189
7,552,30.4295153709867
8,552,31.3368325458193
9,552,31.4748883053407
10,552,30.7138031090045
11,552,18.7049719484374
12,552,30.3485898048482
13,552,26.0837682433132
14,552,22.2823815391658
15,552,20.8069592147915
16,552,20.4262241555788
17,552,29.5826700980742
18,552,28.5947310553487
1,553,31.2668261355823
2,553,21.5141252393367
3,553,24.1955174888224
4,553,25.643838679552
5,553,24.6489723850128
6,553,29.5636452159015
7,553,20.2957663688656
8,553,32.7448153642871
9,553,29.7025171214735
10,553,28.4890054904673
11,553,32.0407668844434
12,553,25.9160626873246
13,553,20.0544184123759
14,553,30.6541293889099
15,553,19.7284872493598
16,553,20.6832819568499
17,553,30.9952880179257
18,553,24.4892952959272
1,554,31.6846466434422
2,554,22.9056246868528
3,554,28.1096915266354
4,554,27.1765224432415
5,554,27.6307158685484
6,554,24.5603633169751
7,554,24.1795387497508
8,554,22.4851456965564
9,554,27.9881423977917
10,554,22.841573981758
11,554,24.9035275596964
12,554,24.8844475421168
13,554,33.5400026965728
14,554,26.0715346648252
15,554,24.9154569993582
16,554,29.7824964733163
17,554,17.6003715206592
18,554,25.5561229296485
1,555,28.5947893966029
2,555,29.6657137437975
3,555,21.5640540592622
4,555,32.185185571865
5,555,29.8225514842431
6,555,26.1907267245214
7,555,20.5392721748815
8,555,28.9585224746961
9,555,25.715516163303
10,555,27.1749908798883
11,555,28.180435813328
12,555,28.4847226960703
13,555,25.9673959268111
14,555,30.3317273537068
15,555,19.3720122022825
16,555,33.8474688877259
17,555,20.94233042458
18,555,24.9195933901678
1,556,23.2020215809418
2,556,30.6796591611284
3,556,32.5190642760125
4,556,21.8512405112645
5,556,26.2515426455646
6,556,26.4183744599836
7,556,31.444915020952
8,556,21.7517568365921
9,556,27.4031841397573
10,556,31.4758574223654
11,556,24.7242261362342
12,556,24.8909409849934
13,556,30.937229397869
14,556,24.9399630664283
15,556,21.989092074953
16,556,25.2575287073608
17,556,32.1002498626271
18,556,31.02002082906
1,557,30.1718212707
2,557,19.1969468163537
3,557,27.9735828432895
4,557,29.6433426425737
5,557,28.8794025624042
6,557,23.0208194894956
7,557,27.49021456086
8,557,25.8837158298422
9,557,24.9252302048236
10,557,25.9572027333431
11,557,25.3628386322151
12,557,30.9447756325795
13,557,24.2543129763836
14,557,25.6664058697611
15,557,31.3207939467629
16,557,30.2122011695523
17,557,28.9740991063419
18,557,26.152601428316
1,558,26.3226136614854
2,558,26.5564254071814
3,558,22.0209485460567
4,558,24.4215261232349
5,558,27.9167559973631
6,558,28.560799917747
7,558,22.552732977707
8,558,29.8946337201059
9,558,23.1969870726533
10,558,27.1126828701357
11,558,33.530772164284
12,558,25.9175764081894
13,558,21.0541908128602
14,558,22.7653419827472
15,558,23.0649920460275
16,558,19.5035338286272
17,558,24.3531382952028
18,558,25.3446154026788
1,559,24.2889894893333
2,559,21.8665690167252
3,559,22.0736081754894
4,559,30.9683670690395
5,559,26.0061276665139
6,559,21.4773510274325
7,559,22.4243974114521
8,559,31.2940002725638
9,559,31.6649437371107
10,559,30.4948683631139
11,559,27.2027252160051
12,559,24.1489357260396
13,559,29.9554374014899
14,559,20.683256951938
15,559,21.0206356565974
16,559,24.3227329811939
17,559,26.6897364824837
18,559,30.7066310819446
1,560,28.7684356520393
2,560,25.9046058255495
3,560,27.1106382735143
4,560,22.3122507584953
5,560,26.8116298180203
6,560,21.7316792602783
7,560,22.4396732400928
8,560,31.4137968984861
9,560,24.1475297095488
10,560,29.2648309547717
11,560,25.1041153634876
12,560,28.017349898219
13,560,23.4052987458987
14,560,28.9345933824733
15,560,29.5998476970516
16,560,32.8500577797273
17,560,32.8819929004425
18,560,26.4156980720988
1,561,31.5759124786249
2,561,28.4118406245264
3,561,28.3025811847803
4,561,28.1725418486874
5,561,26.2846607139479
6,561,26.8787396941829
7,561,28.8844780643738
8,561,25.7736067826064
9,561,23.4637267158097
10,561,25.8680894853375
11,561,27.7137727709331
12,561,26.4373011686435
13,561,27.356416199633
14,561,25.7598232491003
15,561,18.5222262167095
16,561,23.197220693333
17,561,33.2175296669623
18,561,28.7270969230053
1,562,21.2869701877108
2,562,28.4499219979205
3,562,18.0932972667925
4,562,24.0725595758708
5,562,26.7436037473763
6,562,24.4195159611297
7,562,27.1444835740575
8,562,28.0618902267067
9,562,26.7143958593745
10,562,29.2687531148772
11,562,27.2639139746914
12,562,30.90348344839
13,562,21.8407261307919
14,562,30.0973798939965
15,562,28.9474040474016
16,562,33.1004607032175
17,562,31.7879086206757
18,562,21.7897817638317
1,563,23.2513562411155
2,563,28.2186270227502
3,563,27.8648863193121
4,563,33.6982065806015
5,563,25.6654535877961
6,563,33.0934151469624
7,563,26.5108726608667
8,563,24.714452404503
9,563,30.3912711363969
10,563,27.6321658696203
11,563,27.7610475846166
12,563,28.083993265875
13,563,33.2984069797489
14,563,26.8728974188389
15,563,25.4099257264239
16,563,22.9039923848491
17,563,32.1030563416203
18,563,25.0285528956561
1,564,24.888558228337
2,564,31.0743207844512
3,564,25.8284255906058
4,564,33.5364112913209
5,564,25.4315741098954
6,564,27.8257139684795
7,564,27.7984183936774
8,564,21.6155734500695
9,564,28.4678736607776
10,564,17.6428169597174
11,564,27.2803203059211
12,564,27.1140548425424
13,564,28.9734628870891
14,564,25.0483190618114
15,564,23.4921377858566
16,564,23.3130675520987
17,564,25.7974277460083
18,564,20.0801905648362
1,565,29.1749932624016
2,565,31.5269860215337
3,565,30.6181310624261
4,565,24.4647652528508
5,565,27.9855444921555
6,565,22.8751731514254
7,565,29.3931727473709
8,565,30.2249115165993
9,565,29.8875995965705
10,565,29.5005589300043
11,565,29.0115660886277
12,565,28.0016997407889
13,565,25.8595652653918
14,565,25.8833943185688
15,565,26.1005784440848
16,565,25.7313871974992
17,565,29.0599792186738
18,565,28.000568281288
1,566,24.889715601129
2,566,25.0604421170309
3,566,26.2302453398565
4,566,24.5359534190332
5,566,26.3894243339763
6,566,32.0708316523482
7,566,20.4066138774369
8,566,22.3092018789348
9,566,27.9700735914235
10,566,22.5699587725789
11,566,28.8615933914529
12,566,22.4020126787908
13,566,26.5096365029023
14,566,24.3442002902209
15,566,32.9694614883679
16,566,28.8677324428281
17,566,26.0544497896364
18,566,25.5373218531013
1,567,28.8951359247487
2,567,23.9463890923564
3,567,28.7189877883056
4,567,25.381508382064
5,567,29.6788585613935
6,567,28.3824167782358
7,567,28.2832343820496
8,567,24.4815328751267
9,567,25.9917129728066
10,567,30.8775486521652
11,567,28.8362153912445
12,567,24.6618864456041
13,567,27.6719677964227
14,567,25.4754300555812
15,567,27.6353690538354
16,567,27.9410252250641
17,567,29.4319769007045
18,567,23.2372656357966
1,568,29.6336568226682
2,568,23.4758226972931
3,568,26.7124204840535
4,568,28.464042670323
5,568,25.1710797473318
6,568,19.9042664493321
7,568,31.6186433731836
8,568,21.3260947385133
9,568,26.9444512905016
10,568,30.2487581541885
11,568,25.2251266249258
12,568,27.197619898217
13,568,22.8011647106341
14,568,24.1640674995962
15,568,27.7324164676459
16,568,27.9855902390192
17,568,28.1681998204784
18,568,31.7555806537614
1,569,22.0241195130695
2,569,29.7319201214227
3,569,21.2256395748996
4,569,27.7273875988993
5,569,27.4200990541533
6,569,28.0020012971891
7,569,23.3352257191584
8,569,26.5016108042102
9,569,31.6848842984311
10,569,22.6539160136116
11,569,22.1463531129048
12,569,29.2714433675766
13,569,20.5300274110397
14,569,26.2462920217614
15,569,26.4755303450174
16,569,21.0205784400199
17,569,28.4734505528574
18,569,24.2678106703645
1,570,27.322124114951
2,570,25.1883595582643
3,570,26.2745246531873
4,570,29.4246110304405
5,570,28.1368551974117
6,570,30.9355412544154
7,570,23.5497982214851
8,570,22.2679040035441
9,570,27.5750619618873
10,570,28.9723513226891
11,570,23.2726579922126
12,570,27.6345933513576
13,570,23.3967118670297
14,570,23.9239113387896
15,570,27.1419528635069
16,570,23.7233871315369
17,570,28.2596823592141
18,570,21.7021009994674
1,571,23.1232623307575
2,571,30.0388916621503
3,571,20.5232046904543
4,571,28.4948815766804
5,571,22.4719232829504
6,571,22.4247133981303
7,571,19.2406750097857
8,571,25.2972019904348
9,571,27.2225327267891
10,571,22.4398554597531
11,571,28.9179129179673
12,571,27.1416760040447
13,571,32.9891294896595
14,571,32.4748433809831
15,571,23.0158150498457
16,571,26.6050368766545
17,571,24.8166006500339
18,571,30.2582493597991
1,572,26.323503935561
2,572,33.1692881990387
3,572,27.6136737511519
4,572,33.9899213070427
5,572,23.4223751079097
6,572,21.3599602353582
7,572,30.220500970137
8,572,24.3801032860332
9,572,25.2106834572972
10,572,28.3127091764774
11,572,30.4259042565438
12,572,28.6270835936868
13,572,20.2717224389487
14,572,26.6821757579692
15,572,26.109068052817
16,572,31.5437663542724
17,572,28.0132694887818
18,572,24.21489054995
1,573,24.7326988672057
2,573,26.3966798494391
3,573,24.7903645292496
4,573,29.0876379430593
5,573,24.1088356012408
6,573,30.0629843370777
7,573,27.1299754794658
8,573,32.9511815335231
9,573,31.4004072225914
10,573,26.4735891089
11,573,22.4802741587088
12,573,23.9432874686339
13,573,26.3610653955477
14,573,27.5203289635095
15,573,24.7738021554925
16,573,23.4632161782364
17,573,31.890810612311
18,573,30.419898365083
1,574,33.2890707924649
2,574,22.1860685359323
3,574,28.5977201344488
4,574,33.8826668109361
5,574,26.9938042436057
6,574,30.1154441153329
7,574,31.7417158852635
8,574,25.1175460924206
9,574,24.8631697589895
10,574,23.1405368900315
11,574,26.5263025061393
12,574,30.1323453601215
13,574,30.6619138930342
14,574,31.6741524435505
15,574,27.1383132959985
16,574,18.7179944810735
17,574,24.8043353023611
18,574,33.2315031043806
1,575,27.4229410317105
2,575,24.5588928198083
3,575,24.9227083628547
4,575,22.1998595136183
5,575,33.1546915210497
6,575,27.1118081359192
7,575,25.1957668648047
8,575,25.1629286662807
9,575,30.2627427421917
10,575,31.4932544071128
11,575,26.7492454545958
12,575,29.2108524506479
13,575,31.62555327702
14,575,23.921903872745
15,575,30.2256508237997
16,575,29.4728518305259
17,575,24.0615431575208
18,575,25.7176666227457
1,576,27.7768559153532
2,576,26.5706240614894
3,576,26.1749717617753
4,576,27.1806204338311
5,576,28.6055134730523
6,576,26.4413252812884
7,576,26.5668942768783
8,576,22.2930695697632
9,576,28.4822847110157
10,576,32.7423928642902
11,576,26.2899345453389
12,576,23.8172470500153
13,576,30.3175860949224
14,576,23.0342982583239
15,576,27.8919249548152
16,576,20.9984789971451
17,576,21.3446992408966
18,576,28.4549344325916
1,577,26.6657022515224
2,577,22.988822316152
3,577,25.3916124892127
4,577,24.8649793670488
5,577,30.897914270401
6,577,27.2437580278223
7,577,21.9705511914469
8,577,25.2058448757518
9,577,19.1345181012054
10,577,25.8531603880672
11,577,28.4722001414146
12,577,27.234893191339
13,577,30.2671699451649
14,577,29.5805499662059
15,577,28.416254543525
16,577,33.3945385597122
17,577,31.6983550693152
18,577,22.6628177901455
1,578,30.1189518379858
2,578,30.7644273744824
3,578,22.8673140523366
4,578,29.8594794918816
5,578,30.2249135169103
6,578,17.8148194250294
7,578,24.3189384745964
8,578,26.5171397473075
9,578,30.8577826562803
10,578,28.7533595048306
11,578,30.4540738077721
12,578,32.611255660814
13,578,26.5536110910812
14,578,21.0366446848208
15,578,30.7254721586577
16,578,25.9289026879426
17,578,25.6778699560743
18,578,19.0260910698035
1,579,30.5200791259285
2,579,28.5438231776665
3,579,18.591636996077
4,579,31.2310486197102
5,579,22.3703083999466
6,579,27.1260502094081
7,579,27.2888593552036
8,579,29.3959381835059
9,579,24.6537394583297
10,579,22.9043420279505
11,579,18.0398078939852
12,579,30.8282202173938
13,579,23.2661350688729
14,579,26.5758892402143
15,579,32.4895318340743
16,579,27.4611906234907
17,579,21.7485341894012
18,579,26.9934921361388
1,580,27.3581067710011
2,580,28.4650909180553
3,580,24.7254022459225
4,580,28.5094483199185
5,580,26.8143472973032
6,580,29.8689928864316
7,580,26.0480558261561
8,580,29.7856143636095
9,580,26.2145633801031
10,580,32.3294486285051
11,580,26.2679725274492
12,580,29.4784388315005
13,580,18.8442985924273
14,580,26.6463726918923
15,580,26.7470361662114
16,580,19.4622934651288
17,580,27.2201416296914
18,580,27.1329510796768
1,581,28.262967894402
2,581,20.6153729079827
3,581,31.7448908651368
4,581,30.7105197506143
5,581,26.8837466156847
6,581,22.3194219196767
7,581,27.7352941615298
8,581,24.6907247176594
9,581,20.9422667975784
10,581,30.2963516902119
11,581,27.1159707597966
12,581,22.7724714394579
13,581,20.5085159925129
14,581,28.8619972017912
15,581,33.4455648921082
16,581,21.6548632426905
17,581,25.3061551621489
18,581,21.045140078028
1,582,28.0371156638487
2,582,29.3349429159241
3,582,28.3724552463288
4,582,28.6630809008102
5,582,21.3756506705908
6,582,27.0643858725491
7,582,28.4691878535103
8,582,23.0737868919638
9,582,22.2835776299546
10,582,28.0129534608404
11,582,28.4374462193963
12,582,30.947372526229
13,582,24.1900682558092
14,582,26.1315732686857
15,582,23.9278406710234
16,582,29.6600343681981
17,582,28.2700147484061
18,582,29.9155230953607
1,583,28.0904772267028
2,583,26.6496111809367
3,583,25.7562023509576
4,583,27.5523904593338
5,583,23.6865331173108
6,583,25.0390231234421
7,583,27.4554625998846
8,583,23.9724355146006
9,583,26.5576214933982
10,583,25.6125638149494
11,583,30.331778167174
12,583,18.9782057872995
13,583,24.1330816216695
14,583,27.5488213038367
15,583,26.265748660691
16,583,31.2383636794721
17,583,33.9672799819252
18,583,28.7014725077784
1,584,21.4633906673216
2,584,32.0458389719549
3,584,27.907085082246
4,584,26.7022526801719
5,584,28.2566134464223
6,584,19.3473148312866
7,584,24.9173603231201
8,584,24.6486072822116
9,584,23.8004838204424
10,584,24.40136920454
11,584,20.839406340427
12,584,30.3766036259786
13,584,20.9776298434935
14,584,29.0589160801301
15,584,25.6938879783612
16,584,32.6884800151764
17,584,31.3684430981877
18,584,25.5798170081503
1,585,26.9470381971237
2,585,29.8276409422736
3,585,32.293315477246
4,585,25.3717113289251
5,585,24.2611775939324
6,585,24.4017844599859
7,585,28.8943856068312
8,585,28.2530194965826
9,585,27.2059159721908
10,585,23.2637817660771
11,585,28.0763372524001
12,585,30.7346929145627
13,585,27.4966653084208
14,585,28.0493470637641
15,585,29.6525621759922
16,585,26.1863318423293
17,585,26.7154402943831
18,585,23.7108849790354
1,586,30.3648464619222
2,586,22.5419830922713
3,586,28.5576330712465
4,586,18.3005017113831
5,586,26.7085463651147
6,586,28.8909345549725
7,586,26.3064689993922
8,586,25.3561528980319
9,586,21.4905241319897
10,586,24.2330390410056
11,586,24.0622137559069
12,586,30.4627687919033
13,586,25.696833001211
14,586,34.0843572330868
15,586,30.2438026953492
16,586,26.6300845356087
17,586,29.7039583026199
18,586,27.4540007856262
1,587,23.3887356062961
2,587,29.9705056365392
3,587,24.8004529908123
4,587,32.4985802774154
5,587,32.8238237978833
6,587,27.6070845451274
7,587,20.99555065246
8,587,26.4828637648311
9,587,27.4026660234264
10,587,27.105623244812
11,587,27.7606341136244
12,587,27.4053220880172
13,587,24.6920435646734
14,587,28.0487098488444
15,587,21.1382893721393
16,587,23.8023272136155
17,587,25.1522798388991
18,587,25.7283176097296
1,588,34.5395676442556
2,588,19.9882736172378
3,588,26.318524176039
4,588,25.9045750400017
5,588,25.8620061655172
6,588,24.6557246766532
7,588,27.4027194438158
8,588,29.7917442989273
9,588,21.9034362089884
10,588,26.5512300683096
11,588,29.5520335191381
12,588,22.7926864097565
13,588,29.4312386124374
14,588,24.5601054894518
15,588,25.3434530220435
16,588,25.377124449237
17,588,26.9679470549919
18,588,22.2357881693244
1,589,24.6777822847971
2,589,30.4474012761747
3,589,29.3189340923924
4,589,27.6136817563657
5,589,20.1797162143985
6,589,28.3918797716341
7,589,25.8655642427922
8,589,20.4491122678867
9,589,29.0654285708379
10,589,21.679509133268
11,589,32.6917980483725
12,589,24.5059745785981
13,589,22.9582173803479
14,589,31.3806914125175
15,589,22.100962748635
16,589,25.2443191015676
17,589,26.3246824628435
18,589,31.0003694163755
1,590,26.5235848809719
2,590,28.5919985210952
3,590,29.5779964540897
4,590,26.0418718938449
5,590,26.3002128704366
6,590,23.825408640731
7,590,24.3822592717388
8,590,31.7135116042538
9,590,33.2018955190547
10,590,28.9742093230052
11,590,25.4230585705365
12,590,26.6521633392745
13,590,30.0404258417838
14,590,27.2925919841377
15,590,29.5263040052043
16,590,24.1832815364728
17,590,24.9562745011966
18,590,33.1440809624049
1,591,32.6241879871259
2,591,28.9275907946631
3,591,21.9543532145134
4,591,30.1365484965572
5,591,22.8364370796904
6,591,22.5958835944551
7,591,31.0754021540388
8,591,20.5156488392922
9,591,20.5019411765213
10,591,33.3776417435895
11,591,29.1186096221101
12,591,27.0094562616021
13,591,27.467900717506
14,591,24.5004292804212
15,591,29.5075371283937
16,591,26.4727392677254
17,591,29.6665925941061
18,591,24.7811327254428
1,592,23.9895130787633
2,592,30.5803025631721
3,592,23.9086218483424
4,592,29.3920119493229
5,592,29.7906651579603
6,592,33.9932414055366
7,592,30.0684228906383
8,592,21.2305309902451
9,592,22.1206146092443
10,592,25.3850258745899
11,592,21.659952287781
12,592,28.5713125590676
13,592,22.2765037597009
14,592,32.6190973147752
15,592,26.688504289537
16,592,22.5063367765388
17,592,26.6644335534106
18,592,26.8219866955405
1,593,34.0605635202323
2,593,25.1499989026601
3,593,28.7379612494799
4,593,20.4494828720748
5,593,26.1544648158538
6,593,22.2792471837551
7,593,24.5797753322386
8,593,21.8821491321417
9,593,24.5492958754586
10,593,19.7784317227206
11,593,24.1854925226524
12,593,27.604988152642
13,593,22.1984103460109
14,593,27.3434076054046
15,593,27.3861807760742
16,593,29.4719739935324
17,593,17.5668439475281
18,593,31.3808710974231
1,594,21.9009842400939
2,594,19.3808902738612
3,594,30.4492612906868
4,594,25.0536770678461
5,594,27.2947020360883
6,594,22.1378921620228
7,594,28.8029552846441
8,594,27.3201068657113
9,594,24.3150161176132
10,594,30.4198437731325
11,594,31.879373959928
12,594,28.1309212977479
13,594,25.5553536821225
14,594,26.4270354896441
15,594,28.9277808660674
16,594,25.2917519876067
17,594,26.7967945303349
18,594,26.9216440194389
1,595,28.5155203907634
2,595,29.9374702585912
3,595,24.9489982224771
4,595,30.1430662037051
5,595,31.3388359101998
6,595,28.1938165955823
7,595,24.6238980346931
8,595,30.8995935517559
9,595,34.7060090354207
10,595,26.935334556037
11,595,26.1111036463758
12,595,32.0620247078503
13,595,27.2121369157605
14,595,22.572114364511
15,595,24.1843236696459
16,595,27.7456696982381
17,595,29.4830579835876
18,595,19.7246842347423
1,596,27.4369687641884
2,596,28.4731750282194
3,596,29.1108790370958
4,596,18.4702318464386
5,596,29.4075588259721
6,596,25.6064593349646
7,596,23.5476596659081
8,596,27.0393442440206
9,596,29.8342373750684
10,596,28.6146218230399
11,596,21.8214904615642
12,596,24.2923026635075
13,596,27.3095615844294
14,596,24.4280353955922
15,596,30.1585791546107
16,596,26.9266489422878
17,596,20.3916410120063
18,596,24.3928295350325
1,597,24.9492289693122
2,597,28.5053422275596
3,597,25.1123304832316
4,597,28.76204369697
5,597,19.0945488553872
6,597,21.6817505750606
7,597,25.9458679208711
8,597,25.4479008005193
9,597,31.8731551670662
10,597,31.3256640464086
11,597,21.0136698581435
12,597,24.6497429210669
13,597,22.1772294399083
14,597,24.1618347854085
15,597,25.1541481831189
16,597,30.3648476704122
17,597,26.5160223983084
18,597,21.6107666443792
1,598,27.1354477944319
2,598,25.1074277363025
3,598,27.4373860788336
4,598,24.0257455436504
5,598,25.635226370644
6,598,20.6769401740071
7,598,34.1102348959791
8,598,25.7128316283018
9,598,24.92270527442
10,598,27.5053886975654
11,598,21.2730699874322
12,598,23.9625173646058
13,598,20.4780066641427
14,598,26.3580090078472
15,598,25.958416400979
16,598,28.3769643375554
17,598,24.529471323446
18,598,27.5172416183784
1,599,30.6595397457061
2,599,24.4743620183576
3,599,26.008291879123
4,599,23.3137162530434
5,599,27.0413686596358
6,599,28.1723968364661
7,599,20.3081717352767
8,599,30.260539522779
9,599,25.7930769349734
10,599,26.0406743219517
11,599,25.6613724118676
12,599,22.4006222378233
13,599,21.0291168545576
14,599,18.5289392482845
15,599,22.9396380785917
16,599,22.2430826153905
17,599,23.1061543324586
18,599,23.892800965697
1,600,29.8392296017896
2,600,31.2197971999177
3,600,28.8159032658017
4,600,27.4060056071825
5,600,29.3362011988433
6,600,27.9026804341336
7,600,31.867588496653
8,600,26.9242444481799
9,600,25.4555009270252
10,600,23.523248023808
11,600,31.1305927812291
12,600,28.6116933563995
13,600,25.6868079457288
14,600,23.2228605887815
15,600,31.037332643247
16,600,29.2546214179401
17,600,21.57954587141
18,600,22.8385729705669
1,601,24.2527372212556
2,601,29.6610574708699
3,601,30.1615249884843
4,601,32.3460383732955
5,601,32.6105391600627
6,601,21.6914800141562
7,601,26.5958405763944
8,601,22.292085228329
9,601,25.4141086387044
10,601,30.2245743573952
11,601,29.0755236505361
12,601,32.9864507432806
13,601,26.2753831115854
14,601,24.5709437521341
15,601,26.7966145045058
16,601,22.7369792364548
17,601,27.667172802211
18,601,28.5551468043895
1,602,30.8024628891167
2,602,31.661499285414
3,602,22.3130949669739
4,602,24.3977401298517
5,602,24.949844767597
6,602,27.2029590207385
7,602,28.9772576368807
8,602,25.0862133611849
9,602,18.9142248378101
10,602,29.695484224889
11,602,31.5108532527091
12,602,26.9988055681454
13,602,24.062217562602
14,602,29.9326501364135
15,602,22.3987661326151
16,602,26.7805330675312
17,602,27.3603940413694
18,602,27.5925433230135
1,603,33.903699623313
2,603,30.1083154675831
3,603,23.9606542413893
4,603,23.7568401266873
5,603,20.7113619556127
6,603,29.1869725141357
7,603,26.2255539434352
8,603,20.0601383433238
9,603,31.0862038324923
10,603,28.6547903688922
11,603,25.6397503413271
12,603,29.82186583441
13,603,28.9750288214858
14,603,26.7613173136057
15,603,31.0388285649704
16,603,28.8561952483271
17,603,20.0128236229849
18,603,28.928965200398
1,604,28.9763201035947
2,604,21.1754939122709
3,604,24.6263010021352
4,604,27.2828190544446
5,604,26.515518629208
6,604,29.2803932266332
7,604,33.9232359782776
8,604,29.3506085373737
9,604,27.6673737033769
10,604,25.5918549569539
11,604,29.777409660062
12,604,24.5957974943371
13,604,22.6219680858501
14,604,23.9633534331421
15,604,28.3302837399554
16,604,21.1955033375837
17,604,26.263757889693
18,604,25.9594300205252
1,605,25.825937783773
2,605,28.7311532895477
3,605,28.8156011189689
4,605,34.0103354833621
5,605,20.6786407081511
6,605,23.5685184281281
7,605,31.8192158749222
8,605,21.0574694541722
9,605,33.9871722020988
10,605,33.8956706854108
11,605,24.950075349692
12,605,30.9980267805714
13,605,28.6664658801934
14,605,26.5005560285287
15,605,33.5619226035327
16,605,29.4190275555474
17,605,23.0689187776932
18,605,29.2867773440326
1,606,26.922515127264
2,606,27.4419838273039
3,606,34.030010025967
4,606,31.1926077250495
5,606,22.888328752116
6,606,26.4746128504234
7,606,30.3169840183197
8,606,28.3903026770983
9,606,28.4942952181801
10,606,31.6501442243645
11,606,25.2804661690539
12,606,20.6801154246918
13,606,28.0733570146775
14,606,20.0983478349643
15,606,25.410338097602
16,606,31.565787393518
17,606,29.5868764660493
18,606,30.4424415922449
1,607,24.6584030379127
2,607,27.867853350221
3,607,19.8856617533004
4,607,25.7956136932734
5,607,29.7865274711606
6,607,29.4028530920809
7,607,30.953869742954
8,607,20.1808609173989
9,607,27.1594539324311
10,607,25.034401367543
11,607,23.2877121463656
12,607,22.9722236723073
13,607,24.7737032445391
14,607,33.8841772316869
15,607,21.3398335526238
16,607,22.1424492336259
17,607,21.0848938007131
18,607,23.3881056821177
1,608,30.9541019209596
2,608,22.2799001370431
3,608,19.1032470774479
4,608,19.8403372848031
5,608,28.8184452568146
6,608,27.0362711479558
7,608,25.1917501082133
8,608,29.9920914783337
9,608,21.3086460593252
10,608,26.1716848852732
11,608,25.8235675515304
12,608,33.7616286178582
13,608,26.0007536483072
14,608,19.8057801784636
15,608,31.1968407940501
16,608,27.3814825640452
17,608,34.1703219982356
18,608,26.1250276854138
1,609,33.0410839218302
2,609,32.2272628628101
3,609,32.5261237274654
4,609,27.2313306507348
5,609,32.4949624915977
6,609,22.5339113625653
7,609,30.2182927633894
8,609,27.8292596554458
9,609,24.8934095144231
10,609,26.2527116554712
11,609,27.3732899790391
12,609,27.6157493479281
13,609,20.590582891132
14,609,21.0405763029322
15,609,23.5095792743598
16,609,29.0714243368952
17,609,23.1068141610025
18,609,32.8784563612595
1,610,22.2143075159388
2,610,25.6896848695963
3,610,31.889091675602
4,610,30.8543249709033
5,610,28.5951153914705
6,610,31.8454211257171
7,610,27.7122664970626
8,610,30.3107397315674
9,610,26.7017095105905
10,610,23.8119544297674
11,610,30.4287000734954
12,610,18.3049302497667
13,610,30.0544541693998
14,610,30.3174783724225
15,610,22.9734242010946
16,610,25.4858782140347
17,610,19.2319462922043
18,610,26.4598253854919
1,611,21.8658011231217
2,611,26.198765608901
3,611,24.7212466877171
4,611,26.8718260056597
5,611,26.7325589349417
6,611,21.6278477693924
7,611,32.167811966288
8,611,27.0197940044804
9,611,29.1087344752165
10,611,25.428014917323
11,611,29.3019915508664
12,611,28.6050082208391
13,611,29.7762763661719
14,611,19.4120024888861
15,611,26.2364561821028
16,611,21.5353672474584
17,611,22.2788213302373
18,611,26.8330509696643
1,612,23.004032207277
2,612,26.1966136730518
3,612,21.1934058729592
4,612,25.8770308837704
5,612,21.4306112428665
6,612,31.7846425170835
7,612,20.6352521849471
8,612,25.6300596277788
9,612,29.9592885121208
10,612,25.5661789250457
11,612,21.7260861716194
12,612,22.5993936530407
13,612,29.0487644444224
14,612,24.3042906493916
15,612,34.0887134805038
16,612,30.9315498900968
17,612,25.964316900199
18,612,33.0364989796507
1,613,26.0211871080093
2,613,32.4888046517591
3,613,29.8826281545418
4,613,23.9112438150785
5,613,26.6895434295736
6,613,30.8227947611466
7,613,23.5691925685724
8,613,21.2634966250006
9,613,20.9707902308885
10,613,23.2356503297294
11,613,27.0931116351346
12,613,27.8965413865927
13,613,25.0097772972372
14,613,33.3180738282344
15,613,28.1878027494992
16,613,26.9981532482922
17,613,27.7766945800663
18,613,30.6410358420798
1,614,31.519405567038
2,614,26.4669550183824
3,614,28.9768728626225
4,614,26.7707159834521
5,614,30.9682054076933
6,614,28.2806243796776
7,614,27.0062411541268
8,614,32.5090689368847
9,614,29.7967812046688
10,614,23.4852659293815
11,614,25.7627529895669
12,614,25.7576837084088
13,614,26.1436197533072
14,614,27.9043080843631
15,614,27.0247185532296
16,614,27.0173049839705
17,614,22.1341614501867
18,614,21.6684166476937
1,615,21.7608360429855
2,615,26.2696996774273
3,615,25.58354462187
4,615,29.3044220820916
5,615,21.0340542369834
6,615,26.0375536330771
7,615,27.1017725225296
8,615,27.0760283971181
9,615,29.7303898640131
10,615,21.2956364968684
11,615,23.0672949117108
12,615,24.8977380072819
13,615,26.9406410046895
14,615,23.4286933133231
15,615,20.5561512055339
16,615,27.8430690510889
17,615,30.2409994960028
18,615,25.0824169057868
1,616,25.3055163345739
2,616,24.5683009983573
3,616,32.2485621026032
4,616,30.0404838548643
5,616,26.9026516687833
6,616,26.7150589421108
7,616,33.1307094702957
8,616,33.4124564298668
9,616,27.9726727704472
10,616,19.2904548466247
11,616,25.9982658315248
12,616,30.7438503964717
13,616,30.5239284526611
14,616,27.5246140107596
15,616,28.7088988477621
16,616,21.6764955164253
17,616,24.4615941130639
18,616,27.4593823833881
1,617,29.3659973382478
2,617,27.5434188361498
3,617,29.0938682049148
4,617,25.8985073099922
5,617,28.1147933371009
6,617,26.8691042705679
7,617,25.3085052363316
8,617,31.3404213202708
9,617,26.5519100549057
10,617,28.170996189522
11,617,30.0329041392484
12,617,22.281531332528
13,617,30.9270021490932
14,617,23.3338071256965
15,617,27.8353326262099
16,617,18.7911633845985
17,617,23.3861912962059
18,617,28.9944238805847
1,618,29.561958123035
2,618,25.4303062825924
3,618,27.2971847102782
4,618,28.0010247639989
5,618,30.9715738251643
6,618,27.581030199745
7,618,20.3597389509607
8,618,24.0475569232896
9,618,23.6530967991003
10,618,26.3615700281143
11,618,28.7192098531734
12,618,30.311957963315
13,618,21.2089896367001
14,618,24.928204819811
15,618,34.6020318614289
16,618,27.8695372794247
17,618,23.19620710299
18,618,26.9321876435737
1,619,28.394679921252
2,619,18.8842587865701
3,619,19.9709179952606
4,619,21.1751726432419
5,619,33.8527903266662
6,619,22.5001846284194
7,619,29.4556456175915
8,619,30.8096614536962
9,619,24.6398456133653
10,619,23.3716778772037
11,619,27.6998730727734
12,619,24.7442117563514
13,619,23.7970559330074
14,619,29.7938447316851
15,619,19.996143071655
16,619,28.4357275056098
17,619,22.2171582894854
18,619,23.8225947203265
1,620,22.9460339498118
2,620,18.3088370843036
3,620,30.9854988121951
4,620,29.8302445755938
5,620,28.4666398504104
6,620,17.9843225009364
7,620,25.2498990095449
8,620,29.7394401564016
9,620,25.7259205511063
10,620,27.1069793611542
11,620,30.7409597354425
12,620,27.4193057934549
13,620,22.5623282916954
14,620,26.8918625863683
15,620,28.9737603856118
16,620,29.6945210273564
17,620,22.8504526266786
18,620,34.0943266617462
1,621,29.4208087510375
2,621,28.1049742412644
3,621,31.3824155757054
4,621,32.9069544600232
5,621,24.9663353196952
6,621,30.4999694736438
7,621,28.431097390026
8,621,26.0330758550327
9,621,18.7858709055697
10,621,23.4851172554379
11,621,27.9315839220125
12,621,27.2514248318929
13,621,27.8964985824738
14,621,31.5839204334568
15,621,28.3131238296637
16,621,25.3467694148892
17,621,31.2448603322488
18,621,26.6147116902369
1,622,22.7708198611524
2,622,24.4080565994437
3,622,31.8472432529685
4,622,25.0144147929335
5,622,22.7413879017384
6,622,23.5136723178928
7,622,20.2537069426432
8,622,24.0080831697824
9,622,33.8543356547979
10,622,27.9489319802382
11,622,29.798738743765
12,622,19.3220975987825
13,622,29.5985887188115
14,622,33.596251236056
15,622,29.0951781890135
16,622,27.0098341998601
17,622,25.9208375690436
18,622,28.9675509833627
1,623,30.5116174923063
2,623,28.3202498025381
3,623,31.9619061163707
4,623,28.4950464952979
5,623,20.4881014347132
6,623,28.0639218254488
7,623,22.004525341175
8,623,31.593337160564
9,623,23.745218789632
10,623,24.0866808958167
11,623,28.6932179078444
12,623,33.355622264842
13,623,18.5237785368889
14,623,27.57734706239
15,623,26.1283893488606
16,623,25.0344749569685
17,623,20.8613952580615
18,623,31.7289571647752
1,624,25.3558496232127
2,624,27.4648855014058
3,624,20.341999945238
4,624,22.2464153398905
5,624,31.0869611623537
6,624,18.2058075215719
7,624,25.6442030906916
8,624,26.5511644020254
9,624,25.9778116066237
10,624,30.4047733765527
11,624,32.1337772955955
12,624,22.0051411214813
13,624,23.1413774654864
14,624,18.1466815824623
15,624,20.5377412501822
16,624,30.4517195633765
17,624,24.1876663421693
18,624,24.8617357065181
1,625,24.0445342239074
2,625,20.3883599860251
3,625,28.0303758948995
4,625,26.6989341424791
5,625,25.4789417354138
6,625,24.09935929442
7,625,21.0002291788636
8,625,24.3936287380641
9,625,26.0212990103787
10,625,20.1886460124175
11,625,28.9628579571451
12,625,31.6474141391119
13,625,21.2436138700364
14,625,24.9244633299493
15,625,30.4835841181631
16,625,28.5786905026234
17,625,29.386095319991
18,625,31.8286107487405
1,626,32.1590294304022
2,626,21.5084751480979
3,626,25.4284731559268
4,626,25.7749388781008
5,626,28.3017064344803
6,626,30.5190335631441
7,626,23.1061500345365
8,626,20.047883579924
9,626,25.7244923673479
10,626,31.101400741567
11,626,22.3602825132161
12,626,28.8409007186562
13,626,30.7524480369549
14,626,22.0029381165568
15,626,20.870382440119
16,626,18.4253343057284
17,626,29.0320948358939
18,626,20.6192718913185
1,627,23.9119496788115
2,627,26.732588690201
3,627,22.3842734487272
4,627,26.5503543665556
5,627,32.0389138077938
6,627,18.4954967120754
7,627,27.142834607765
8,627,32.7422853790159
9,627,27.966801699323
10,627,27.2975897475195
11,627,27.4572804797662
12,627,21.0689375402487
13,627,29.1766850717705
14,627,22.0901440150702
15,627,32.0817027253663
16,627,29.8396255372844
17,627,26.9779351816485
18,627,24.8549953025482
1,628,31.260470156158
2,628,31.9164399396459
3,628,18.5180686688752
4,628,22.5831046118431
5,628,29.0909752038848
6,628,28.434569910494
7,628,28.302611215838
8,628,30.7808494779988
9,628,27.4081884002774
10,628,23.3654206912708
11,628,27.2156375420392
12,628,28.026659910493
13,628,24.8801682310482
14,628,23.7612119248832
15,628,24.171738531428
16,628,32.1456772193593
17,628,30.8242975380278
18,628,28.683453726127
1,629,26.0104581895694
2,629,28.0570643598178
3,629,31.1251473338649
4,629,28.0786556985794
5,629,25.1800791125638
6,629,22.2645186851366
7,629,22.524394851866
8,629,28.1628728286266
9,629,31.9947230445361
10,629,32.9373043161198
11,629,26.3630905604189
12,629,25.5561991157911
13,629,31.2480907507778
14,629,31.0857691692298
15,629,21.6595257394608
16,629,23.44999107219
17,629,28.0586348299718
18,629,19.3852211609299
1,630,25.4792833311485
2,630,23.5437329185369
3,630,33.3483138469546
4,630,19.4981162186869
5,630,31.5512860943118
6,630,23.9041110940628
7,630,28.8245135766264
8,630,23.5312019029995
9,630,24.6697754364894
10,630,25.4847892518492
11,630,30.4197979554257
12,630,21.4825471133922
13,630,29.4399874814269
14,630,32.3522603084265
15,630,20.8756394344056
16,630,25.5738406505592
17,630,31.1475522406694
18,630,24.160913840201
1,631,29.9511598343756
2,631,26.5989542437886
3,631,26.0067567242064
4,631,32.1092232410379
5,631,34.0354460172541
6,631,28.7437448338178
7,631,30.307301132927
8,631,28.5215775707236
9,631,24.639748254139
10,631,20.7215385132482
11,631,30.2271911355135
12,631,27.3364530372236
13,631,28.2515190483305
14,631,21.1516091705404
15,631,26.0578293434907
16,631,31.8969700756036
17,631,17.5237309176185
18,631,30.7782316030217
1,632,24.9909113252947
2,632,28.3708582715555
3,632,26.8368828133735
4,632,28.8780141835726
5,632,29.446444188124
6,632,23.0102629525809
7,632,28.0388756955781
8,632,23.6783593622808
9,632,27.5741657566827
10,632,32.3868028242055
11,632,32.1971498541261
12,632,21.5464791960818
13,632,26.5415685528039
14,632,27.6372252824655
15,632,22.3529733536093
16,632,24.597053347782
17,632,24.6842441966941
18,632,26.6149686766706
1,633,26.0201293976313
2,633,29.793708902611
3,633,24.3793990434324
4,633,28.2995936691134
5,633,19.5860877733943
6,633,33.3790040099205
7,633,28.9587030788406
8,633,30.0146825927995
9,633,29.7047621406698
10,633,26.5873878100772
11,633,23.6872677935321
12,633,18.3548980966941
13,633,28.3531281716473
14,633,26.4397257104816
15,633,25.4794004434395
16,633,29.4486785517329
17,633,25.5639072423209
18,633,25.5365379281545
1,634,28.9917569309914
2,634,31.8574244997164
3,634,28.2847536202078
4,634,27.8223645377453
5,634,24.3409764015946
6,634,26.3816266101279
7,634,23.7054815810365
8,634,22.5094832973214
9,634,28.7598122686409
10,634,19.4702022078285
11,634,22.5833523931399
12,634,21.3777820878595
13,634,23.8235466275655
14,634,31.2331293819215
15,634,31.7956351167674
16,634,30.1631097687161
17,634,27.3343597276577
18,634,29.2090482800795
1,635,24.9390670880402
2,635,23.8821596055075
3,635,21.8680694885791
4,635,28.1488568061072
5,635,29.4233062632396
6,635,24.9491308193024
7,635,24.4689887437984
8,635,31.7572175999477
9,635,27.1061491654494
10,635,30.8053289142005
11,635,31.1549735568998
12,635,25.9252179386988
13,635,25.87674661305
14,635,21.3426331143056
15,635,30.5930986687112
16,635,34.8749228824169
17,635,21.992451911611
18,635,27.9826141482211
1,636,19.8690426805401
2,636,28.6381910465145
3,636,27.9442450654214
4,636,25.3231750604805
5,636,31.1558489333682
6,636,29.1904078363762
7,636,24.5865915122911
8,636,28.6213027872745
9,636,25.7305533218747
10,636,29.2118444422456
11,636,30.2085755887595
12,636,27.4111482000411
13,636,24.8930066149011
14,636,22.3643250538789
15,636,22.0946197802518
16,636,19.1188505643997
17,636,23.3061631888806
18,636,28.6434266212756
1,637,26.065709930815
2,637,22.0821825907327
3,637,20.5303123308989
4,637,30.8473235186245
5,637,29.7697709796804
6,637,23.2215722321744
7,637,28.8768036869529
8,637,20.4817127127167
9,637,29.8972479375402
10,637,26.6528439559474
11,637,32.2927861165397
12,637,28.9358256271972
13,637,30.4342940195843
14,637,29.8583609805598
15,637,31.9991603595179
16,637,28.2470574301042
17,637,25.3345999854627
18,637,27.2962367094673
1,638,31.0522692813059
2,638,26.1148861042594
3,638,21.21924266833
4,638,25.2093687486146
5,638,29.0275282043948
6,638,32.8515482313019
7,638,32.6118666858857
8,638,25.9766327909707
9,638,33.5692191325633
10,638,24.9873043291515
11,638,27.8096958895582
12,638,27.4024656500877
13,638,29.602516045135
14,638,22.6707240855692
15,638,22.2606024673337
16,638,23.7764244719703
17,638,20.5800712246047
18,638,28.9894859854258
1,639,26.6978320418594
2,639,21.5042028010337
3,639,27.8168814976253
4,639,22.1898237376176
5,639,26.2283820512615
6,639,29.6673304039324
7,639,23.4052196793357
8,639,31.3528660977779
9,639,21.6969458919853
10,639,20.7321023593108
11,639,30.2645204790468
12,639,29.2098495483619
13,639,30.501804512123
14,639,28.9442959354118
15,639,26.121522858863
16,639,26.6359027533106
17,639,32.6749498750547
18,639,25.7791598348285
1,640,26.8030355025701
2,640,25.2559254862814
3,640,30.3964379124508
4,640,33.118815713948
5,640,23.9644197832468
6,640,30.3035820625599
7,640,28.9980443499987
8,640,29.663701805761
9,640,29.2055734988474
10,640,26.6339749534378
11,640,27.8049804820302
12,640,29.5275322585511
13,640,30.8076046131499
14,640,29.4928784386085
15,640,26.2245890771156
16,640,28.9479882998023
17,640,19.2265265280042
18,640,23.1633052794131
1,641,25.3913093455392
2,641,24.5658934990563
3,641,29.5826459564062
4,641,19.660964397523
5,641,19.5607357198212
6,641,21.3515943949038
7,641,20.0090223275795
8,641,34.5208681464786
9,641,26.8312472415462
10,641,27.5167591239798
11,641,27.1922894376594
12,641,25.4781743655695
13,641,31.2541297427893
14,641,27.8864401686521
15,641,26.5082302753829
16,641,20.2363293248589
17,641,28.625231596855
18,641,22.8695858945806
1,642,27.7445342980374
2,642,33.8312514573598
3,642,29.526616955965
4,642,27.2734681782034
5,642,30.1716789281633
6,642,27.2704269376647
7,642,21.2791237320011
8,642,31.1644999484613
9,642,23.9125933098779
10,642,20.1483942169126
11,642,30.1810152666813
12,642,30.0344254547483
13,642,18.8651211550989
14,642,28.0354644100535
15,642,18.170038748448
16,642,21.2414970110479
17,642,27.2483526458394
18,642,22.657590663842
1,643,26.8716576170022
2,643,21.489712435852
3,643,25.3464800305514
4,643,24.6092184691753
5,643,29.9184647288063
6,643,29.273851945806
7,643,31.1623408007916
8,643,27.2060359170414
9,643,30.4564712359438
10,643,19.7809705074418
11,643,26.0511125268525
12,643,32.3618358283391
13,643,26.6411693454053
14,643,25.1492795990463
15,643,27.8615119116757
16,643,24.5033465361655
17,643,18.9519963544154
18,643,25.2106764308253
1,644,22.562419825295
2,644,32.2478982499729
3,644,29.7249013908144
4,644,27.0834251971409
5,644,27.6485251196408
6,644,20.2191485886546
7,644,21.3935138634504
8,644,27.4033402345749
9,644,31.4894275840711
10,644,34.5953240245822
11,644,28.5560971506341
12,644,31.4520120342342
13,644,24.2606747277478
14,644,24.9168312340523
15,644,26.7877787991435
16,644,23.9284649440017
17,644,26.9957313812283
18,644,27.9191649365117
1,645,25.5535834479149
2,645,26.5451294351436
3,645,26.0259411601642
4,645,26.0889718739501
5,645,26.1650625641842
6,645,19.2947696824518
7,645,29.2053480790729
8,645,29.6786400484527
9,645,30.4787722998695
10,645,27.2436328840295
11,645,28.7933415833454
12,645,29.0498909881656
13,645,32.8465646822434
14,645,25.7950421378027
15,645,29.0542169421643
16,645,28.0454787285906
17,645,27.9270430648503
18,645,28.0399630414279
1,646,29.8890425953198
2,646,26.1476940531109
3,646,26.2153725071038
4,646,26.9954880696272
5,646,29.480312667194
6,646,30.9497441973196
7,646,33.459891223264
8,646,24.9177166074908
9,646,25.9233764392638
10,646,33.2263653142347
11,646,30.6050899722142
12,646,30.5810140515674
13,646,26.8389454168132
14,646,25.1761020351912
15,646,23.6371637977166
16,646,32.6773221551176
17,646,30.9586560239162
18,646,31.1234050338152
1,647,28.4399395587039
2,647,32.9256844297437
3,647,25.474648243137
4,647,24.5614121314347
5,647,32.8870726571956
6,647,28.8479644788694
7,647,19.6076986605525
8,647,26.4652435570075
9,647,26.5028117464318
10,647,24.5827520594212
11,647,25.9220053331021
12,647,30.3418133626236
13,647,26.2348265785418
14,647,23.3462349375567
15,647,27.1944659737425
16,647,28.850495128611
17,647,33.1351973017866
18,647,21.8313116262914
1,648,19.0644695899279
2,648,25.081957483587
3,648,30.6149623050522
4,648,31.7885292343273
5,648,23.5840771549162
6,648,19.5487532209915
7,648,30.2679436110199
8,648,25.6702701291599
9,648,24.9236658607516
10,648,21.7319879649223
11,648,29.9687697270782
12,648,25.3740950184466
13,648,25.8668989022272
14,648,23.4045003415528
15,648,24.2259188706118
16,648,28.9859002117587
17,648,21.6739440402899
18,648,27.0102427560273
1,649,22.5893598485989
2,649,22.4448812573874
3,649,25.281496476493
4,649,30.139287021307
5,649,26.5901542718658
6,649,25.0559832844906
7,649,28.6494430703867
8,649,22.1889589952112
9,649,26.4504929092472
10,649,27.2951727354284
11,649,31.2996073884482
12,649,21.5763577141687
13,649,21.6295637375133
14,649,25.6922947390966
15,649,28.8038865826209
16,649,25.9561256090546
17,649,30.1735852041604
18,649,20.906903411278
1,650,28.6339710677379
2,650,28.112577094
3,650,26.2419893190605
4,650,26.8639954581305
5,650,24.6763651098289
6,650,26.8481393139553
7,650,21.0058237803891
8,650,31.8539171801551
9,650,20.5473111434346
10,650,30.6500615429425
11,650,29.3521774876174
12,650,20.0028088773915
13,650,25.4691544773452
14,650,19.6343339020423
15,650,20.6450132356246
16,650,19.9541422029218
17,650,28.6534300381708
18,650,26.2571093392696
1,651,29.6974876464615
2,651,27.2467646693173
3,651,18.8988022466413
4,651,23.0017310321945
5,651,33.0785098229625
6,651,21.9905073331209
7,651,31.3086435687386
8,651,26.3148785125838
9,651,21.5296536182603
10,651,27.0396431748358
11,651,23.3974494540591
12,651,18.0876710823555
13,651,27.5073440415636
14,651,30.3060334732781
15,651,28.0829317329217
16,651,33.0519472685422
17,651,21.81898833101
18,651,28.0197013150658
1,652,24.1115358799289
2,652,18.0395977789062
3,652,34.8746529228354
4,652,26.0169073028174
5,652,30.2506887917804
6,652,24.2168956718747
7,652,31.8192482547062
8,652,22.4220858889094
9,652,23.4432849100023
10,652,31.6051967645132
11,652,25.5129315118763
12,652,20.6261754215406
13,652,21.214645965675
14,652,24.2676041161943
15,652,28.0755408952178
16,652,29.1059099493295
17,652,26.5518233062749
18,652,19.3799925707287
1,653,34.0351835788679
2,653,25.8175701450827
3,653,25.468998866001
4,653,25.7723058498027
5,653,26.78555249598
6,653,22.8753457479721
7,653,22.8221248571414
8,653,25.671137756796
9,653,27.5872641528819
10,653,29.174426038056
11,653,23.4839778279313
12,653,25.7068379199579
13,653,22.4227445603843
14,653,26.157982214294
15,653,26.3405659657425
16,653,27.5385729308717
17,653,22.9799419666994
18,653,30.6921022592352
1,654,23.1511651188274
2,654,27.3010667035486
3,654,28.6320649557292
4,654,21.603777224697
5,654,30.8002345254895
6,654,33.6943299410067
7,654,29.9959906097999
8,654,28.0720073030361
9,654,26.7252012071416
10,654,29.7241155266346
11,654,27.0848049214731
12,654,27.4232379713264
13,654,23.5959925339872
14,654,28.6193638824819
15,654,27.8251840579035
16,654,23.3001297638349
17,654,30.475310767066
18,654,21.7089986750416
1,655,22.6950863311781
2,655,31.3017588593238
3,655,30.4772850379911
4,655,24.6666339143561
5,655,24.0575111947115
6,655,26.9944398600032
7,655,28.3303777169743
8,655,30.3570386812414
9,655,21.0810844126147
10,655,23.3067803646998
11,655,27.3731935972318
12,655,29.0726421515909
13,655,31.561196829057
14,655,24.4823248209535
15,655,26.4426748585607
16,655,24.3882612333561
17,655,20.4196578379272
18,655,24.1355640496016
1,656,32.5383430698758
2,656,31.4563458281565
3,656,23.3224329758389
4,656,31.5802389260214
5,656,22.6596065341106
6,656,31.7902314393149
7,656,24.2042339127857
8,656,28.9156145097461
9,656,22.5977249103935
10,656,18.792849606744
11,656,27.4671212856354
12,656,28.9006964214044
13,656,27.9662762664775
14,656,33.306111094687
15,656,25.288987485088
16,656,27.379755421634
17,656,29.8209087879588
18,656,19.4537995181908
1,657,28.3893176634474
2,657,31.092272346187
3,657,21.4812659487402
4,657,28.3551153977623
5,657,29.2035336706576
6,657,24.414985915256
7,657,21.4071722219581
8,657,21.2980546126165
9,657,26.4209778258189
10,657,25.5819785832603
11,657,25.6548032737235
12,657,28.5989761961093
13,657,23.4201887493287
14,657,21.0258223155596
15,657,30.9323194667149
16,657,25.8477228810161
17,657,26.8425836525156
18,657,28.9755262822996
1,658,28.6655619813315
2,658,22.9939339859924
3,658,26.5714082402327
4,658,29.599073820043
5,658,23.059494828409
6,658,27.6723189179102
7,658,28.9042759894353
8,658,28.2288912399227
9,658,23.4287226391933
10,658,27.2855944876953
11,658,29.9232155344643
12,658,19.9637334281659
13,658,34.1971559433312
14,658,32.4481520659715
15,658,28.0035517698161
16,658,26.5289740121527
17,658,29.2612233639245
18,658,33.6167091675273
1,659,28.3568696885869
2,659,25.0189315393089
3,659,31.3622568782904
4,659,26.0194448332906
5,659,21.594182532298
6,659,31.1103698716181
7,659,22.7583026899809
8,659,32.4911500685609
9,659,27.0219122704304
10,659,23.9314273679231
11,659,26.5149656350612
12,659,25.2738923293832
13,659,21.9736982487372
14,659,25.0728473637765
15,659,19.8953800846787
16,659,29.6868069849616
17,659,24.8204622584016
18,659,28.8327709731595
1,660,32.5766991863332
2,660,24.6180157389552
3,660,33.9217710773366
4,660,22.5453995035975
5,660,29.8693569372827
6,660,27.2948242769454
7,660,20.2997210057964
8,660,26.5050125090535
9,660,29.5460329239252
10,660,30.2529876984112
11,660,24.5273293863038
12,660,21.0124932972207
13,660,27.2188852612197
14,660,28.7113241121368
15,660,29.2717528088968
16,660,30.4284867814092
17,660,32.6173315985307
18,660,28.3757916136992
1,661,27.2417966341078
2,661,22.6742823266833
3,661,23.8272534928136
4,661,21.4771028883729
5,661,29.6041496533601
6,661,30.598028730904
7,661,29.8112650239562
8,661,33.5497441663769
9,661,30.1259716031694
10,661,21.7736472233304
11,661,30.9940630394902
12,661,28.2010219086611
13,661,27.8015623569373
14,661,22.4417186445321
15,661,22.8135016464079
16,661,23.1042788160811
17,661,27.2376148289697
18,661,29.647023708431
1,662,19.8712636747851
2,662,22.4520638590299
3,662,31.018580579819
4,662,22.3526933962804
5,662,28.6164819796034
6,662,30.4487684417108
7,662,29.3676945641349
8,662,24.7872508048236
9,662,27.3371640353847
10,662,25.7622755140827
11,662,18.4425878988246
12,662,26.6883269505867
13,662,24.2292027127554
14,662,24.1118836500501
15,662,30.2758829352544
16,662,29.0426996074908
17,662,25.6538932843776
18,662,26.5669832982309
1,663,29.8762353284481
2,663,26.6483612707467
3,663,22.8369136749402
4,663,29.8194143870522
5,663,27.6888256921286
6,663,27.2987902372875
7,663,24.4937170339597
8,663,28.3705033747791
9,663,24.0598338611258
10,663,21.003092752422
11,663,26.0137850063784
12,663,26.4732718745793
13,663,32.7650303458606
14,663,25.4549034387752
15,663,27.3770294808381
16,663,28.3253849219013
17,663,27.5584923361342
18,663,27.2880738263834
1,664,32.4267810339707
2,664,27.0779287766862
3,664,25.5958618161906
4,664,26.322255345008
5,664,28.662357854393
6,664,19.9502872472909
7,664,23.7431055017049
8,664,29.6190909505495
9,664,29.9187319009581
10,664,25.4653342647518
11,664,21.230637930839
12,664,25.6155525423238
13,664,26.5301679627907
14,664,23.2040676967059
15,664,30.9376673370795
16,664,27.8007215621584
17,664,31.6518868782921
18,664,31.7550208033354
1,665,26.4104065116315
2,665,26.1957796957123
3,665,18.4450818464142
4,665,28.0683862289231
5,665,32.5769024597136
6,665,20.9095747540846
7,665,24.1740319025629
8,665,22.880458097665
9,665,29.4266027366985
10,665,24.5480396891785
11,665,20.0643129776944
12,665,30.2163876589871
13,665,24.9290052243952
14,665,27.2436189295884
15,665,32.5374903616159
16,665,26.6419290271448
17,665,28.0026785144113
18,665,24.8633009261931
1,666,28.0049843981924
2,666,20.6683398332977
3,666,30.1041781295557
4,666,28.2681466174473
5,666,21.1662582907511
6,666,30.5249972068128
7,666,26.8650490276293
8,666,25.6405478375082
9,666,28.4995066984158
10,666,24.6839650593873
11,666,30.9556688213969
12,666,23.7945048926235
13,666,23.3754877536688
14,666,22.9881491609353
15,666,27.6014751820363
16,666,29.3619119864272
17,666,29.2288413870802
18,666,34.0142496178313
1,667,35.1374195758853
2,667,20.1281117695804
3,667,32.4211428651156
4,667,30.8926014792005
5,667,18.4776994287539
6,667,26.2916037249886
7,667,26.8102347024286
8,667,25.4672455163174
9,667,27.4449118518843
10,667,27.2153634001876
11,667,29.8052330000893
12,667,26.318887827848
13,667,23.8452049517912
14,667,26.552503621421
15,667,30.467096541997
16,667,34.1903936437774
17,667,23.8729664457174
18,667,27.8930545244468
1,668,26.3433784193903
2,668,30.587052945247
3,668,28.990792632481
4,668,23.1065438289689
5,668,24.2362483187079
6,668,22.8080616317471
7,668,27.0621799194096
8,668,25.0007054457269
9,668,32.3870685043478
10,668,32.9732090412936
11,668,24.8544815532897
12,668,28.429262616069
13,668,21.943662965361
14,668,28.7964994091602
15,668,29.4475491725205
16,668,24.9738874793398
17,668,23.4810448074723
18,668,26.2472478191192
1,669,25.6757926182638
2,669,27.4361939929998
3,669,28.6245909794085
4,669,20.5216966461654
5,669,28.4481512957371
6,669,30.1459911736397
7,669,31.118125292543
8,669,21.1838865947165
9,669,23.9301595224708
10,669,30.4124805533868
11,669,25.4671268982431
12,669,27.4297766574338
13,669,24.0218123910796
14,669,19.0081278130061
15,669,26.1075336413087
16,669,31.5902873649069
17,669,33.4258438005362
18,669,26.2948496789962
1,670,26.5098367522922
2,670,29.3466896399456
3,670,26.6385031994239
4,670,30.0826727416667
5,670,28.6387673746183
6,670,32.2214531046837
7,670,21.7178862129156
8,670,29.5757086476015
9,670,30.310072021749
10,670,27.2522178316238
11,670,26.5202987890358
12,670,21.9108920535508
13,670,23.8207261085639
14,670,30.0293198369214
15,670,28.1200346382457
16,670,27.5482657339171
17,670,26.0245888819802
18,670,30.780886336378
1,671,26.1517334671682
2,671,25.4740910250343
3,671,26.2982835067632
4,671,26.161219198976
5,671,32.2976686259615
6,671,25.0674148483832
7,671,24.4727844644788
8,671,25.3216480725137
9,671,30.3124968753685
10,671,22.2757909143197
11,671,27.3490879809371
12,671,25.8697282340351
13,671,25.6372024763396
14,671,24.653407742578
15,671,24.0801509593222
16,671,32.3699916790402
17,671,25.2637251149586
18,671,21.5931410382369
1,672,25.6447072977834
2,672,26.1661248356751
3,672,30.8064314108065
4,672,26.7524343755916
5,672,23.4945172710066
6,672,25.5291476357403
7,672,32.5715747545229
8,672,23.1199951131418
9,672,26.074620557616
10,672,27.1480198506576
11,672,24.0405878439831
12,672,26.3892377450009
13,672,23.8080432904989
14,672,27.2158878529896
15,672,27.4341787265221
16,672,30.1806589268782
17,672,32.8521343964261
18,672,31.0459935646722
1,673,25.8573429751979
2,673,29.1077564012343
3,673,26.3740304582675
4,673,28.6621312068806
5,673,27.4954735499349
6,673,26.3324367662658
7,673,26.9830694649933
8,673,24.1546885158068
9,673,23.6637509627015
10,673,27.9302864371986
11,673,30.4373099489794
12,673,23.0811039334703
13,673,21.665172193957
14,673,25.582850048059
15,673,22.6613474655954
16,673,31.0002181462788
17,673,25.059500149667
18,673,26.5709312613702
1,674,25.6342383224969
2,674,24.4370399581716
3,674,30.6758327311216
4,674,24.2605291326399
5,674,24.1718119501958
6,674,28.8860165049706
7,674,26.0447139751677
8,674,30.6379192761494
9,674,25.4095275116385
10,674,28.512008940645
11,674,32.4610497121745
12,674,30.4869720839327
13,674,32.0016990957868
14,674,29.1045622656164
15,674,22.3419946562946
16,674,26.2874957492199
17,674,28.3542262871572
18,674,26.3968510517663
1,675,21.4138455964364
2,675,24.8936562895969
3,675,23.292166367628
4,675,32.1979908978829
5,675,24.3496839116219
6,675,22.1953006867876
7,675,23.215165346192
8,675,28.8472414485973
9,675,27.5808936676504
10,675,28.0912855540195
11,675,25.4897761188551
12,675,25.3232648405821
13,675,27.8661011961512
14,675,29.353445327297
15,675,31.2901581415129
16,675,25.7612616791395
17,675,31.0892186474442
18,675,29.0375420536601
1,676,19.0740267112885
2,676,27.2231753933684
3,676,25.7335301813972
4,676,26.7094627042845
5,676,28.5052813646491
6,676,28.0332162317229
7,676,31.0674604177572
8,676,29.9767628632555
9,676,24.3972853754493
10,676,27.0801859964834
11,676,27.2182575404681
12,676,23.2760314926815
13,676,32.5402735266423
14,676,22.450777630272
15,676,27.4734823364628
16,676,23.3472351684806
17,676,33.1688754725109
18,676,29.3266174687563
1,677,18.7633815370096
2,677,28.1968547643478
3,677,33.5205449400595
4,677,22.6330583002781
5,677,18.4701519849239
6,677,24.9461108487796
7,677,30.9565226480443
8,677,26.3663208922213
9,677,30.7085830518016
10,677,31.502778799051
11,677,25.2097631063448
12,677,33.1672020267656
13,677,25.415326121232
14,677,32.2963532188715
15,677,28.0497738881381
16,677,28.1665727186407
17,677,27.3686833389785
18,677,31.8805897827616
1,678,27.6197184285449
2,678,23.6216761733088
3,678,31.572059236361
4,678,32.5033947667731
5,678,27.5833768081155
6,678,26.2023779395898
7,678,19.0900759258273
8,678,22.6474170266845
9,678,28.2778118958222
10,678,18.806686394508
11,678,25.4499174976586
12,678,29.5627203212311
13,678,29.8983099471557
14,678,21.5215918068861
15,678,23.0988142932555
16,678,24.3552288373545
17,678,25.7493541901898
18,678,27.1651189157457
1,679,20.566401865059
2,679,29.2298832026018
3,679,20.749033711178
4,679,29.5016614711758
5,679,19.9217316871773
6,679,25.1171625348172
7,679,26.8366793451715
8,679,26.1216156027695
9,679,17.9523717483167
10,679,24.2128556208356
11,679,31.3742384024487
12,679,27.8197923640333
13,679,24.0535456291798
14,679,27.2022165113494
15,679,26.8005646724392
16,679,29.624104414223
17,679,31.1824207310733
18,679,23.2555251252145
1,680,27.8476468100198
2,680,20.6874652010879
3,680,28.2982360609151
4,680,32.7861910776632
5,680,24.1136588653355
6,680,20.952929943574
7,680,21.4247982162639
8,680,26.4675041019696
9,680,29.1346969872434
10,680,20.7208204571588
11,680,25.9440737916917
12,680,27.6096322674817
13,680,26.744760575764
14,680,25.3885206201198
15,680,23.3111153378847
16,680,21.5655158647538
17,680,24.4564943962542
18,680,21.5642803356946
1,681,18.6193533125646
2,681,24.121742825438
3,681,20.1995224368058
4,681,27.4722606238076
5,681,20.4569458243821
6,681,25.7155258498965
7,681,26.0361694335433
8,681,22.8495100165057
9,681,22.3097361902078
10,681,26.250219252556
11,681,28.1754877292359
12,681,22.7423171429579
13,681,26.8780230810425
14,681,23.7182208452801
15,681,24.7059316996136
16,681,20.4484605359482
17,681,20.3469632107732
18,681,24.7847821801364
1,682,23.9664397081404
2,682,22.2094155741778
3,682,30.0846011779229
4,682,28.8033156043791
5,682,28.5068102208834
6,682,33.7447614287796
7,682,25.4952752305503
8,682,30.1094678332592
9,682,18.708942642793
10,682,24.9908640303154
11,682,24.7582859553533
12,682,29.573285497285
13,682,17.7670073609917
14,682,29.5434100000541
15,682,32.9183690350488
16,682,30.456306978594
17,682,26.872316023611
18,682,32.2150168573866
1,683,31.3962723575004
2,683,24.9886103145984
3,683,26.0618053912113
4,683,29.0039810068105
5,683,33.6060482387426
6,683,27.1127252161681
7,683,22.9994351338244
8,683,20.9779675808594
9,683,29.8798212535149
10,683,25.8237514700906
11,683,26.7031733160055
12,683,27.0936631855378
13,683,29.460642204394
14,683,23.2295698269647
15,683,21.3102053105228
16,683,30.1935866690919
17,683,33.9113522097517
18,683,30.4619667273069
1,684,27.8521529521607
2,684,32.4002602599021
3,684,24.7133752402046
4,684,33.6614902272293
5,684,21.8356904220053
6,684,25.8131564546005
7,684,20.6080728734041
8,684,26.7233435236274
9,684,19.7178578585678
10,684,29.1797954361715
11,684,20.001809590589
12,684,23.7144072794343
13,684,26.8948037107184
14,684,32.729112396838
15,684,30.9159725107098
16,684,26.292125770937
17,684,28.0436725820254
18,684,27.0095271038514
1,685,19.4096453128984
2,685,23.7307699287449
3,685,27.0654344448933
4,685,31.8405409096434
5,685,32.1577892099672
6,685,25.4571071397846
7,685,30.5334546678322
8,685,27.1807504182683
9,685,33.0923153941583
10,685,28.2935576872291
11,685,28.2902892881062
12,685,32.582662139233
13,685,17.5088064907049
14,685,31.56132444273
15,685,29.1377868454125
16,685,30.1190575146787
17,685,27.5245466518099
18,685,25.2458089746697
1,686,19.9995852631278
2,686,27.6950919414316
3,686,26.2323645253236
4,686,31.7898039960805
5,686,23.9623795822493
6,686,27.5967148865894
7,686,24.9404450704949
8,686,24.830165762615
9,686,28.4858352429313
10,686,32.4563934311114
11,686,24.3056905399948
12,686,29.6119717760913
13,686,24.0479916725472
14,686,30.5175200016897
15,686,20.8409277249885
16,686,28.8351359613065
17,686,27.3772787184915
18,686,22.1989936666979
1,687,28.7889805059155
2,687,25.9918207464983
3,687,28.8681361613613
4,687,26.318119857601
5,687,31.1517171083859
6,687,33.2799137093348
7,687,18.4867551424459
8,687,25.6401310293983
9,687,26.8704829373254
10,687,24.0352849043264
11,687,21.2769463885123
12,687,21.1268485350334
13,687,29.0095692877149
14,687,23.6453084532386
15,687,27.0443953099108
16,687,26.8844458921834
17,687,22.3003609671129
18,687,24.538713447845
1,688,25.2196922487138
2,688,32.3022477072412
3,688,31.8583140186333
4,688,24.6002581411298
5,688,24.5219374830972
6,688,23.8597938816402
7,688,19.9799345248269
8,688,22.5133108359652
9,688,30.8013550782474
10,688,30.0347999035601
11,688,31.0845725514009
12,688,30.3084990235287
13,688,24.2400604177237
14,688,21.0781425559542
15,688,32.6013790075269
16,688,21.490385237867
17,688,26.0935845955852
18,688,30.1755010546152
1,689,21.500476393409
2,689,32.8505525971781
3,689,25.5195648449944
4,689,23.4075586417798
5,689,27.6749656126686
6,689,20.1962894403423
7,689,28.8328510559654
8,689,27.2073094998292
9,689,28.1606431349076
10,689,31.7274171197624
11,689,31.3123499483882
12,689,23.5224979612921
13,689,27.5894146589685
14,689,21.812819240655
15,689,28.6587418204535
16,689,31.8970363784487
17,689,30.5729443215272
18,689,24.8453529613558
1,690,26.0926459631542
2,690,24.1715691005487
3,690,23.4511777739564
4,690,26.8063286982534
5,690,25.6188562017321
6,690,25.9541064465903
7,690,21.280358383398
8,690,28.4494274845878
9,690,26.9321018496293
10,690,31.1871425153471
11,690,28.6093717969137
12,690,23.0089178297237
13,690,22.3875652277865
14,690,20.2474364804695
15,690,23.121795156873
16,690,31.3373957346372
17,690,22.1415004375492
18,690,33.7647087061736
1,691,26.5897805331356
2,691,25.4088108286772
3,691,31.9013899445648
4,691,30.2588144930893
5,691,24.1304642852407
6,691,26.461634727046
7,691,24.1482118211692
8,691,21.9055459496247
9,691,26.6480532225771
10,691,26.5639553183945
11,691,22.6803084095977
12,691,30.4841195778921
13,691,30.5344870133054
14,691,29.8627781158983
15,691,25.5367798075813
16,691,28.291560006392
17,691,30.9493973991758
18,691,27.3739824839826
1,692,29.1266013309371
2,692,28.4927653545414
3,692,29.7177091948142
4,692,27.2317676897371
5,692,20.7640384394401
6,692,24.9106467432792
7,692,20.1126258594795
8,692,29.7623037674038
9,692,26.966616701547
10,692,28.2842848424753
11,692,25.3007666510662
12,692,33.6966752673343
13,692,25.3807704805223
14,692,27.6441788161414
15,692,26.3484552281405
16,692,27.4005923455271
17,692,32.4516841749356
18,692,31.6140616672137
1,693,24.8623689764047
2,693,21.5006709463663
3,693,24.1951391565486
4,693,30.3549493600261
5,693,32.5270958819017
6,693,21.7370351413845
7,693,27.5629190752383
8,693,30.6633110844413
9,693,27.6313414387096
10,693,28.6833794938723
11,693,21.4219153480176
12,693,28.5953172314318
13,693,29.5446166215427
14,693,19.876127840343
15,693,31.0807267369296
16,693,21.9560070038792
17,693,29.4118300026212
18,693,33.3846058843455
1,694,21.9788047882756
2,694,26.7009966571029
3,694,32.0064907155902
4,694,20.1620245461075
5,694,25.5539411612797
6,694,25.9422504502105
7,694,33.0745992245322
8,694,25.4097094956891
9,694,28.4610733055518
10,694,33.0473927256285
11,694,28.2778309151045
12,694,26.8394657144643
13,694,33.4652344551756
14,694,33.2293289371145
15,694,31.2175146051534
16,694,28.0046381992572
17,694,28.4457224862186
18,694,22.0197763294207
1,695,23.474569539544
2,695,27.7904978959462
3,695,30.1177557263156
4,695,24.9644144946734
5,695,29.6184434150032
6,695,29.5605296235499
7,695,24.6430508137857
8,695,27.4951160725235
9,695,25.8781970379247
10,695,25.4960877708239
11,695,25.6478948467955
12,695,33.1824864565203
13,695,20.2262176871393
14,695,21.9313823964545
15,695,29.2746358687006
16,695,21.5940487591589
17,695,20.7317533909056
18,695,23.6561643867124
1,696,28.0120874484001
2,696,25.4644569139307
3,696,20.5377845991322
4,696,21.9070665166082
5,696,30.3204238672852
6,696,29.5330185707449
7,696,29.8211108746187
8,696,23.896570151379
9,696,33.1607186471025
10,696,25.8744325972058
11,696,21.83722748194
12,696,23.4267593255459
13,696,30.3148529346109
14,696,29.1779793018253
15,696,25.8934552161003
16,696,30.503296600188
17,696,27.534944529025
18,696,27.2959860910552
1,697,25.0648715471289
2,697,29.8565872988331
3,697,28.273181945988
4,697,24.4269769238673
5,697,22.1298621924144
6,697,25.2883897329125
7,697,22.9848400906678
8,697,28.3048808638711
9,697,29.8144399535619
10,697,29.0019628836934
11,697,17.8022200422346
12,697,20.6012774360507
13,697,25.6577058735378
14,697,31.0086087477604
15,697,24.938039141616
16,697,24.1955370836703
17,697,29.534254770983
18,697,25.8113097734947
1,698,28.3319592485694
2,698,26.6567163048153
3,698,21.2041873432747
4,698,21.5712376423812
5,698,32.1058988631345
6,698,29.5036899618804
7,698,30.6816857321657
8,698,25.9466223930017
9,698,31.9673928588663
10,698,27.0013165349369
11,698,22.6909278699317
12,698,25.0346360318861
13,698,33.2360552985559
14,698,28.5304021709328
15,698,31.2082250754644
16,698,28.2036087458623
17,698,31.0394855604926
18,698,30.5510839223477
1,699,21.7431692330367
2,699,24.0207501976961
3,699,26.4826324378579
4,699,31.5212798278813
5,699,27.4348027759081
6,699,26.8947707126242
7,699,21.1526369149436
8,699,20.6617649224217
9,699,25.9503202892212
10,699,23.8388079343278
11,699,29.6517057628423
12,699,28.8484793402868
13,699,27.8983680300023
14,699,22.1695478468663
15,699,27.6271194703565
16,699,19.5765237952848
17,699,31.9954762626497
18,699,25.6954504576376
1,700,23.6084491249819
2,700,28.6254302919787
3,700,29.7106511165443
4,700,30.3411134380697
5,700,30.7243695774388
6,700,20.5990548972905
7,700,21.3770294483625
8,700,29.1860764145765
9,700,19.2637323147701
10,700,24.5265018938524
11,700,30.3357280280619
12,700,22.9479731541032
13,700,25.7487542951776
14,700,24.5815544705068
15,700,34.164916951759
16,700,26.2479356287007
17,700,27.9122207758446
18,700,26.7943664051645
1,701,26.6395608340298
2,701,26.1307660717306
3,701,19.9622408151363
4,701,23.2560061217943
5,701,23.3754933370469
6,701,27.6860579700151
7,701,21.1159711859886
8,701,27.7181755183989
9,701,34.6961946955513
10,701,27.4972391021868
11,701,21.47943277023
12,701,25.5492168113537
13,701,29.0576864582776
14,701,27.3182652487245
15,701,31.6618081789673
16,701,20.7777328726428
17,701,25.4453984893147
18,701,23.8605284906719
1,702,27.2775474513225
2,702,20.4955002664642
3,702,22.2476278348691
4,702,22.9275498669853
5,702,26.7221347071033
6,702,25.3954326300568
7,702,25.2894026822532
8,702,33.4193910158265
9,702,23.6139080094
10,702,26.8033018155403
11,702,28.9645009507201
12,702,25.9099031432602
13,702,23.2766649477096
14,702,24.1966876307731
15,702,20.5428045756733
16,702,23.3806960166736
17,702,29.8234128571866
18,702,24.9216102654338
1,703,27.4843460632637
2,703,31.0839170638702
3,703,20.2917669229319
4,703,30.971581957818
5,703,23.8255342967465
6,703,25.4840109720737
7,703,29.9295723295858
8,703,27.0809477989943
9,703,22.5897372230303
10,703,27.595528015223
11,703,29.641840829566
12,703,25.0932662590329
13,703,25.430080879195
14,703,26.1913199555516
15,703,20.9763593558896
16,703,26.8194557437912
17,703,28.4840510431976
18,703,30.8496732625136
1,704,18.2862813262602
2,704,27.1710555748021
3,704,24.0697675577855
4,704,29.7607069651642
5,704,26.4123199260864
6,704,32.7506493616888
7,704,27.6624425748127
8,704,24.610727756473
9,704,27.6847286912087
10,704,29.460878065299
11,704,27.1704485135189
12,704,24.3400535420129
13,704,31.8015199576906
14,704,19.4571365009772
15,704,32.7646853854812
16,704,21.0811361487419
17,704,33.0632228033632
18,704,26.7440835822679
1,705,21.3615156772842
2,705,29.8922872810916
3,705,23.3879455077862
4,705,27.2654852755711
5,705,21.5582344241438
6,705,28.8293606941408
7,705,25.0467174431176
8,705,33.4557528993767
9,705,27.8629093353154
10,705,20.3564700614346
11,705,27.4304173675407
12,705,32.703966047723
13,705,25.8289583303718
14,705,29.7323631523716
15,705,26.1369373924165
16,705,28.6800439917037
17,705,25.0482525230978
18,705,26.1539050682944
1,706,23.158909254291
2,706,28.4362668481203
3,706,23.6979910442874
4,706,32.2390181104502
5,706,23.2922599872481
6,706,27.6596049624463
7,706,24.6684907618922
8,706,32.2599205781285
9,706,21.0593237060926
10,706,28.4518857658822
11,706,31.3011506213861
12,706,26.0049346719713
13,706,33.3417684944467
14,706,26.7069608579763
15,706,21.3704994174783
16,706,30.7382312618378
17,706,31.3776434772066
18,706,21.4370267819884
1,707,27.1656312360729
2,707,27.4548292234764
3,707,26.8461651010871
4,707,28.1656816494348
5,707,26.9646915486125
6,707,30.2171603236389
7,707,28.4323245746319
8,707,20.8724563793017
9,707,27.1274028139531
10,707,25.2542155666217
11,707,23.157784087008
12,707,29.103577532749
13,707,27.2551013614616
14,707,21.0981870528722
15,707,30.0167579537879
16,707,32.1997091448065
17,707,25.8096143306086
18,707,22.8098648203639
1,708,21.6885031918468
2,708,25.9108692159065
3,708,20.2028275781949
4,708,31.1535735722358
5,708,29.0626957962286
6,708,30.8184284223057
7,708,26.4986573776966
8,708,20.2306621609442
9,708,24.2997718760888
10,708,30.7368609120486
11,708,27.5700071733756
12,708,23.1885444014522
13,708,23.8590576503313
14,708,24.1780566624249
15,708,26.4265139762599
16,708,28.18228856463
17,708,27.7909408479828
18,708,22.4967541691698
1,709,19.1487490628971
2,709,22.6830809125146
3,709,22.6439025563624
4,709,22.4552101526493
5,709,21.323427314324
6,709,31.993339314637
7,709,21.6392964676859
8,709,24.1384466891791
9,709,32.3131618574391
10,709,21.3781307836144
11,709,31.1324824271614
12,709,19.4104048155386
13,709,29.601849968503
14,709,23.4694614531014
15,709,25.2482346068325
16,709,23.7978466121569
17,709,31.1356747959952
18,709,22.663073865944
1,710,21.7010503383907
2,710,32.1808829053355
3,710,19.2509005247073
4,710,32.9066662314256
5,710,17.6805658478135
6,710,29.5230009388594
7,710,27.5762329968144
8,710,30.2518227256373
9,710,26.8826612873785
10,710,27.22365195848
11,710,23.4574482283594
12,710,32.5767573878204
13,710,28.5537339197763
14,710,29.5362119530533
15,710,26.9047378181895
16,710,32.2782910370189
17,710,25.5340684885831
18,710,26.5268969761885
1,711,31.4403076439495
2,711,27.4312567290874
3,711,31.9742580925661
4,711,25.8131507322028
5,711,30.6338109228501
6,711,30.515153539037
7,711,28.9630263326866
8,711,24.2106016613775
9,711,22.5735386436475
10,711,28.6362093509677
11,711,25.758589965762
12,711,25.0057995951844
13,711,26.5744654207849
14,711,22.3379269030627
15,711,27.2960881953031
16,711,25.5122529537717
17,711,30.9031255976303
18,711,29.2179414314622
1,712,20.971029040241
2,712,25.1287155718526
3,712,21.1992487571295
4,712,22.9221252027828
5,712,26.5137534815045
6,712,26.6508934504417
7,712,20.7922187559428
8,712,27.2425624068278
9,712,30.898864630117
10,712,25.0796362451747
11,712,26.0852597089771
12,712,24.3751562490802
13,712,18.0094512208976
14,712,26.2903977033643
15,712,25.7990676891642
16,712,29.03455224215
17,712,27.5184433562228
18,712,32.7322893642056
1,713,23.53759725637
2,713,24.6568518836928
3,713,21.5313483359293
4,713,24.2267520147171
5,713,26.7943454206097
6,713,23.2289279149939
7,713,31.2705997534081
8,713,29.4179043146377
9,713,24.7870549365713
10,713,28.3669973924793
11,713,30.8762631412243
12,713,27.1164061337724
13,713,31.8530190393347
14,713,33.6095266477153
15,713,21.5379311922142
16,713,25.4879638195846
17,713,29.9833842811005
18,713,23.5319606216947
1,714,26.3255944913769
2,714,23.3478849685624
3,714,27.6435587451585
4,714,24.9385675712173
5,714,32.8706304991912
6,714,24.8544268031453
7,714,30.408800341402
8,714,21.8813751384634
9,714,24.7742706142902
10,714,27.0682815660349
11,714,20.6903305523425
12,714,24.2615690849652
13,714,28.0780730934202
14,714,27.5210150754308
15,714,28.6998476880316
16,714,25.9236303908372
17,714,31.2354357661594
18,714,25.9031424599916
1,715,31.9414703589081
2,715,29.1253275856915
3,715,27.5331308045495
4,715,28.3303283198788
5,715,27.360310416301
6,715,24.7198474549733
7,715,28.3701413970566
8,715,31.2592871533253
9,715,30.7808800691974
10,715,23.0547159050334
11,715,27.3597802338191
12,715,27.326484427449
13,715,25.1711496749121
14,715,19.8089505442872
15,715,22.359030909425
16,715,31.3023351331155
17,715,26.7966656236764
18,715,29.9316513829598
1,716,26.6865982649479
2,716,30.355544600876
3,716,26.7465002604543
4,716,28.0433293655209
5,716,25.1495506859721
6,716,24.0951553199847
7,716,24.3093870513291
8,716,29.9289053415081
9,716,30.2080676497088
10,716,26.5162868235106
11,716,26.1843626686608
12,716,29.998101268727
13,716,32.3307587462589
14,716,29.7076071665786
15,716,23.4878336204183
16,716,24.5889131498376
17,716,19.6419378243645
18,716,23.0687532968751
1,717,26.11816718859
2,717,23.0075589534269
3,717,30.156061916594
4,717,20.0341899499039
5,717,26.1442491901569
6,717,31.9682893191357
7,717,20.4322675696232
8,717,21.6044363577708
9,717,24.3451394625774
10,717,32.0973224062732
11,717,26.5952185461339
12,717,29.4581324912814
13,717,31.5401360866323
14,717,20.4107150981872
15,717,30.9221244451243
16,717,23.8591644192065
17,717,29.7786809466479
18,717,33.5480373792429
1,718,28.486257634707
2,718,25.497601356685
3,718,23.3576767354683
4,718,20.9642913416839
5,718,29.7788169993696
6,718,28.1056168762668
7,718,31.2519127553031
8,718,30.15791152963
9,718,29.5178905890615
10,718,29.4727302351154
11,718,31.1080688909645
12,718,24.7374700526793
13,718,27.8583409472102
14,718,28.9641742313963
15,718,30.5474753953252
16,718,31.6193843845797
17,718,31.8604847296961
18,718,21.5831053201073
1,719,22.7099692423678
2,719,26.996029114263
3,719,32.2147931632301
4,719,25.299274640413
5,719,29.6038686633249
6,719,22.2975526982907
7,719,29.3778807141975
8,719,20.7055337789854
9,719,27.0205400587175
10,719,21.9261311240863
11,719,22.7648173098558
12,719,25.6123948058684
13,719,21.5907431685225
14,719,22.6748344703498
15,719,27.8531185084397
16,719,20.6827112468396
17,719,26.1808999286219
18,719,28.5165267510565
1,720,30.7150583180497
2,720,25.4114659185685
3,720,26.68260258103
4,720,28.0721206479962
5,720,25.2469571709852
6,720,29.9588333127696
7,720,32.1916577582061
8,720,23.3491468804581
9,720,25.6884271675902
10,720,28.6374270003326
11,720,23.9513169421582
12,720,22.536522514695
13,720,29.2490693427664
14,720,23.9735952138491
15,720,32.1672550664854
16,720,20.6099224011329
17,720,22.6745518119584
18,720,29.7114211771848
1,721,25.6558691032876
2,721,20.5413849869203
3,721,25.3552542957766
4,721,22.9082326777881
5,721,26.868871448239
6,721,24.8367236627115
7,721,27.9588635520247
8,721,30.3974998989798
9,721,29.4718108164272
10,721,25.2127133148053
11,721,30.6505272693253
12,721,24.6235073729203
13,721,23.7151028586479
14,721,31.8241278856825
15,721,26.6916374433654
16,721,22.432905318969
17,721,29.689925132238
18,721,27.5396493889247
1,722,24.2944747646232
2,722,25.6949664987158
3,722,28.4291623818683
4,722,34.2935192408668
5,722,32.8421524445238
6,722,27.6234719073689
7,722,21.2469306981141
8,722,33.5490761280868
9,722,29.449539457446
10,722,25.5812888877586
11,722,26.4662339796359
12,722,22.0495750811652
13,722,22.574693639884
14,722,23.7057189563396
15,722,27.7078807740173
16,722,26.02225738824
17,722,26.554854690053
18,722,27.7844119300411
1,723,22.4824573234923
2,723,22.649642050413
3,723,26.820236957649
4,723,24.5382769689634
5,723,28.9166882934744
6,723,22.9961444747746
7,723,25.966349132425
8,723,28.0617037132973
9,723,32.9780464815925
10,723,27.414786761223
11,723,32.3431900356495
12,723,21.2363235414787
13,723,23.6227893483804
14,723,23.3344224126377
15,723,31.7806444598659
16,723,23.1605136375544
17,723,31.3976231355149
18,723,26.69498599959
1,724,24.0673342538345
2,724,26.6259432655348
3,724,32.3608045494133
4,724,31.6580379481504
5,724,32.6332680694988
6,724,30.9014584397876
7,724,29.0759674858189
8,724,25.3630705945184
9,724,30.0823604939457
10,724,26.174776149967
11,724,22.5279322893233
12,724,25.4216004256132
13,724,33.1408841574705
14,724,26.2330051328046
15,724,24.2979692002228
16,724,26.3244208190589
17,724,25.2912835630015
18,724,29.7736341635396
1,725,28.6389381837569
2,725,25.8595900420205
3,725,27.1289608404357
4,725,23.8419889534481
5,725,32.680327017155
6,725,29.9800029955003
7,725,23.6927810585732
8,725,24.9226942850732
9,725,24.5377265518001
10,725,26.3610327921202
11,725,27.7077055880035
12,725,27.2391424760311
13,725,28.8371070853434
14,725,30.5865195290702
15,725,34.7634398603492
16,725,26.2833270011597
17,725,21.4033441545102
18,725,26.1735741598403
1,726,30.8990153498597
2,726,28.0241075084278
3,726,30.0728776511796
4,726,23.5154091367878
5,726,30.8494425487028
6,726,26.6346277939095
7,726,21.519165083785
8,726,29.0391296746821
9,726,28.0809899742437
10,726,26.8381374921223
11,726,24.7173185905289
12,726,24.5362041485298
13,726,19.8972676430647
14,726,22.355896103557
15,726,22.9844874951562
16,726,26.571932385891
17,726,22.4003047976782
18,726,30.1079412034025
1,727,32.556016489693
2,727,30.7723826281051
3,727,23.8087822523574
4,727,31.6788750418785
5,727,30.1041467346415
6,727,28.897197751212
7,727,28.9986514340573
8,727,21.0444592748007
9,727,23.437798809823
10,727,28.6478467771386
11,727,28.7402219503747
12,727,26.3646064131046
13,727,28.8095987585665
14,727,25.3004335250981
15,727,21.9671754933179
16,727,29.9150777227217
17,727,29.4530045744915
18,727,27.1932186882849
1,728,26.724185968906
2,728,24.6010851803305
3,728,25.7951633795719
4,728,26.0231264479199
5,728,23.0552333038467
6,728,24.7947496327042
7,728,26.0614010153935
8,728,28.1032573219768
9,728,22.2356069250862
10,728,21.3314753911543
11,728,26.6531888382935
12,728,28.3151990595262
13,728,26.227176216471
14,728,30.3248279547354
15,728,25.7710817913828
16,728,24.4269538938401
17,728,30.888251748591
18,728,22.3491999757234
1,729,24.1887692322591
2,729,22.867113357738
3,729,26.2288853546247
4,729,28.9890456460342
5,729,29.9767791415849
6,729,22.4465252824333
7,729,31.5949119280158
8,729,30.9225667316646
9,729,26.3403921221066
10,729,19.3539451439804
11,729,26.9898913759103
12,729,23.79477828044
13,729,30.8366769788386
14,729,22.3066694637064
15,729,27.9166825829034
16,729,26.7031017186087
17,729,27.9612782444572
18,729,22.8399668937874
1,730,25.7103279766855
2,730,29.4990123457817
3,730,27.1168620446662
4,730,32.3782555055055
5,730,26.7724198483735
6,730,28.8366176396337
7,730,28.8845024212141
8,730,30.429858545405
9,730,26.1769544191689
10,730,26.2358106534971
11,730,25.5147813849697
12,730,19.6371088494177
13,730,26.4554662200098
14,730,27.2744530229466
15,730,24.8733754756907
16,730,31.8330206361545
17,730,32.3003070739293
18,730,29.612605981953
1,731,22.3363270447779
2,731,17.5725286860779
3,731,31.2321219292396
4,731,22.4297842754414
5,731,26.7050757915408
6,731,20.0538151772281
7,731,19.1919488719961
8,731,25.1853069161129
9,731,24.5072207127038
10,731,19.6306103272441
11,731,31.0366418514427
12,731,31.3094423555464
13,731,21.4297842296124
14,731,28.0696074885283
15,731,27.2350902510123
16,731,31.8292851667255
17,731,21.6749207309924
18,731,27.3598470932556
1,732,27.0481537903714
2,732,23.9594610358592
3,732,30.5662159015374
4,732,29.0245094422269
5,732,25.9349875649854
6,732,25.7878318257172
7,732,30.3225754574388
8,732,27.4141965038142
9,732,29.4675780157796
10,732,21.5824166784518
11,732,31.2213135078313
12,732,21.7021226368761
13,732,31.6331602873328
14,732,23.1410750552225
15,732,30.4815269266519
16,732,30.9356259148927
17,732,28.1806956739986
18,732,34.8445176381724
1,733,26.9789057048354
2,733,25.3109602334245
3,733,27.2534513661313
4,733,30.7364774284249
5,733,28.07882428393
6,733,17.7478904527604
7,733,22.9917612420559
8,733,24.1775622401758
9,733,24.2952465227548
10,733,25.1602024002819
11,733,24.7077383636165
12,733,25.9723591703
13,733,24.5958810590364
14,733,28.3819312709889
15,733,25.6214370453831
16,733,23.6615175163466
17,733,26.5314252878133
18,733,20.880191549896
1,734,23.4374490381178
2,734,30.4083282774145
3,734,18.7285673867981
4,734,27.1083305253875
5,734,33.4861645907407
6,734,20.8317660703187
7,734,23.3455028566918
8,734,26.5297792776179
9,734,30.5602005117661
10,734,22.7548300265356
11,734,24.1950355079781
12,734,32.613748499887
13,734,28.5938520362056
14,734,31.660824913118
15,734,26.2108372246708
16,734,17.5764185120954
17,734,28.9812845732138
18,734,32.3701067936604
1,735,19.6283094826594
2,735,23.3291344834604
3,735,27.6140175709152
4,735,26.5906164452342
5,735,26.1609775968465
6,735,26.2799337948316
7,735,31.8090721896885
8,735,26.7228974369514
9,735,25.4139840959327
10,735,30.039464958508
11,735,25.1753403071495
12,735,20.7777532715282
13,735,19.655559142732
14,735,32.3909283303427
15,735,27.3484221068552
16,735,30.4813611764666
17,735,29.0481941719556
18,735,33.6076645421495
1,736,25.8150124446217
2,736,30.0057490113249
3,736,24.3423870103811
4,736,27.1708014823793
5,736,28.0676639182788
6,736,31.6324527996687
7,736,21.7965056760489
8,736,30.0421336111621
9,736,27.8977042382984
10,736,28.3453410077871
11,736,30.525099763277
12,736,20.8196725565233
13,736,26.1003243766146
14,736,29.2766442839394
15,736,25.1743650155497
16,736,20.3148719189299
17,736,25.3392468446864
18,736,29.4486612415495
1,737,28.5414477418734
2,737,29.0893140479035
3,737,21.504496434313
4,737,26.7928901054692
5,737,23.2360582563415
6,737,22.1299076963876
7,737,20.7161044122837
8,737,23.471200635255
9,737,25.6818980520187
10,737,32.6700522092095
11,737,26.5999939181038
12,737,23.658887321015
13,737,27.0666842205806
14,737,29.7525067005798
15,737,26.0861981274004
16,737,23.4945893126417
17,737,19.6821062300311
18,737,26.3415485560837
1,738,21.4891270244841
2,738,27.6304863648985
3,738,25.5616908713324
4,738,27.7468830057441
5,738,27.7538210134872
6,738,18.5128643478316
7,738,27.4336714208965
8,738,30.2484923783992
9,738,22.3811408107517
10,738,30.930894094974
11,738,30.558810017834
12,738,24.0934854718266
13,738,26.9159325118752
14,738,21.8854035781014
15,738,25.3388999189892
16,738,26.0495736668226
17,738,27.7275408304838
18,738,30.762910494977
1,739,29.9353588855159
2,739,23.6169904673386
3,739,28.9838804604372
4,739,26.89746136527
5,739,25.1419715213837
6,739,22.4263466496493
7,739,21.8557122174684
8,739,29.8858970773568
9,739,29.9733583343956
10,739,22.6627871779547
11,739,22.3955945715295
12,739,29.073511007896
13,739,23.8999432738703
14,739,26.7057749457373
15,739,30.9997295374595
16,739,20.7988592148547
17,739,24.583111795266
18,739,27.7691546842283
1,740,25.7278718262917
2,740,25.4087524312313
3,740,28.4926810369628
4,740,33.194384735131
5,740,31.641252865074
6,740,25.5661712065974
7,740,22.6446282693676
8,740,22.0095060603371
9,740,29.5216225857848
10,740,34.7616519303244
11,740,26.6352904541727
12,740,24.7539590049439
13,740,31.9155267685089
14,740,31.6812561343566
15,740,30.3358166694538
16,740,23.1413429470069
17,740,26.5666978733676
18,740,27.4710813000529
1,741,23.6079553414916
2,741,23.5391053164522
3,741,21.4098000676523
4,741,23.0531544630159
5,741,22.5388304279886
6,741,28.1965794370759
7,741,24.9455896101735
8,741,27.8596939965065
9,741,21.7532031596607
10,741,23.8481936784683
11,741,26.1844508844699
12,741,27.2052939814694
13,741,24.5463586483889
14,741,25.3735663623194
15,741,33.401296679503
16,741,28.054027089412
17,741,30.8388481087609
18,741,27.4083552202265
1,742,28.6264176301536
2,742,24.5410685253019
3,742,24.4488492770946
4,742,32.1059307386937
5,742,33.4847473917966
6,742,29.6073713957601
7,742,25.6332691451491
8,742,31.1315969220064
9,742,26.603616635039
10,742,26.1098146670658
11,742,19.4144125947535
12,742,25.1190511380411
13,742,30.8204560783157
14,742,31.5868601488318
15,742,26.5342649151754
16,742,25.5309462128901
17,742,22.5160448719407
18,742,22.7050231767861
1,743,26.715452335102
2,743,29.2449792972797
3,743,30.758854050585
4,743,26.6785068781115
5,743,27.0504088814551
6,743,23.0265863204398
7,743,27.8557224916561
8,743,23.4986738401071
9,743,30.6962816124809
10,743,27.5724163719546
11,743,22.9230511257292
12,743,21.1553537481831
13,743,25.7546571938682
14,743,21.2533085229988
15,743,29.3205239953459
16,743,26.5905971021218
17,743,21.0572207180608
18,743,32.0179705286257
1,744,31.1795320817877
2,744,31.6371162195688
3,744,22.2636166385118
4,744,21.8643157881278
5,744,27.7277695658403
6,744,24.0527330630449
7,744,27.3953040548347
8,744,24.929648318915
9,744,24.2952524664319
10,744,24.5672643142523
11,744,27.5364073829906
12,744,29.4469893981597
13,744,25.9878231398223
14,744,21.352776541806
15,744,30.0891396631959
16,744,21.6661376150723
17,744,21.2369633530956
18,744,23.8293067867771
1,745,31.5182926767777
2,745,31.0383786541446
3,745,25.7400519286272
4,745,27.7974877527791
5,745,23.6632532032739
6,745,28.6111039089991
7,745,22.3236406380133
8,745,27.6064446103118
9,745,30.7682878515934
10,745,25.4560010271294
11,745,20.5641112449053
12,745,30.7834187109154
13,745,27.2546191750098
14,745,34.0106814292571
15,745,24.2872128721665
16,745,26.1953663543105
17,745,23.5492548725259
18,745,25.3550911593171
1,746,26.1150462674287
2,746,28.3112770007562
3,746,26.9658935352565
4,746,28.8969434144977
5,746,25.2556409600086
6,746,26.5562211508257
7,746,23.6380966771295
8,746,31.0467320484362
9,746,29.4679370777162
10,746,27.7453327953154
11,746,29.2092577610221
12,746,30.704962058408
13,746,32.5867667106525
14,746,34.1857967481139
15,746,22.625711541347
16,746,24.7387677416662
17,746,22.5462855775814
18,746,26.4138072000779
1,747,23.3508737623168
2,747,24.8208646315516
3,747,21.9874600849391
4,747,24.4716009087999
5,747,33.4145216565157
6,747,23.0479539973055
7,747,18.2552905061203
8,747,26.7315336481494
9,747,20.9980689655888
10,747,21.7368710462377
11,747,23.5883686084422
12,747,19.8215721781976
13,747,25.7943247077502
14,747,26.6649591933341
15,747,26.1664456323999
16,747,23.0412406171749
17,747,30.5339033883794
18,747,21.258920654514
1,748,31.4622165147733
2,748,24.6794625445179
3,748,22.4102026288679
4,748,24.0593777306942
5,748,27.5681622859355
6,748,26.4041494814646
7,748,20.0903995656574
8,748,20.7558308265041
9,748,30.080111187109
10,748,30.362026813062
11,748,23.1015508638845
12,748,24.8413032147925
13,748,28.3857250838649
14,748,32.1317464020521
15,748,22.6001881425386
16,748,33.2791823870097
17,748,26.8089704877971
18,748,26.6516449759051
1,749,26.7166129086534
2,749,27.125980278354
3,749,22.2841055179319
4,749,33.6793602352346
5,749,28.1399013124697
6,749,23.3256767274634
7,749,34.9828802805532
8,749,21.4165780753479
9,749,26.8220542860623
10,749,32.8337420387249
11,749,25.0561587441895
12,749,20.6013889175868
13,749,24.6343695837152
14,749,23.9853242847394
15,749,25.2915240052292
16,749,23.7814945077518
17,749,27.3648043427435
18,749,24.1090115743199
1,750,23.1122039020892
2,750,24.2653444834205
3,750,32.2222424617358
4,750,31.9650168411269
5,750,28.9851376034232
6,750,28.3245013076637
7,750,30.1985876326407
8,750,22.0807330601822
9,750,31.7973728999296
10,750,27.4073154841936
11,750,22.2176090950267
12,750,21.5509433344159
13,750,22.8398282709329
14,750,27.8885513372825
15,750,27.9490000781418
16,750,23.2980011655588
17,750,24.7852118689599
18,750,23.8091472780562
1,751,28.6373776427213
2,751,18.8154807989242
3,751,26.4758707090654
4,751,23.0629074637833
5,751,29.3800438924929
6,751,20.4183943648446
7,751,20.3417417821346
8,751,23.1193334702898
9,751,29.3679096445125
10,751,27.2706256568513
11,751,19.6376249753129
12,751,28.2007607583529
13,751,26.674894800969
14,751,23.7759807182927
15,751,28.4829114378488
16,751,20.5059905336763
17,751,23.4372031591614
18,751,29.462951721819
1,752,32.1596881863462
2,752,27.6375695339022
3,752,27.5428222552949
4,752,30.47722403376
5,752,20.333197169196
6,752,26.3082671578425
7,752,32.3406567209523
8,752,26.8923588537063
9,752,27.8823717861318
10,752,25.6613584616178
11,752,25.6436621698585
12,752,33.9888838200533
13,752,29.4525447756944
14,752,25.7561820565737
15,752,21.590267150248
16,752,22.3170704723735
17,752,26.751262025316
18,752,29.1093654863355
1,753,27.7808195962832
2,753,33.4141556985624
3,753,17.769709307041
4,753,19.9864082741327
5,753,25.0821439222506
6,753,31.1096189693521
7,753,23.8820721042158
8,753,26.3776606504122
9,753,28.0496961303467
10,753,25.827171863188
11,753,30.8864594916752
12,753,25.9580310124085
13,753,27.2892110319687
14,753,17.3698871860824
15,753,23.4061674548288
16,753,32.5893252930668
17,753,26.4483856563496
18,753,30.7278961453641
1,754,22.5376850378291
2,754,27.7380231639634
3,754,22.5447388475659
4,754,28.6785983289261
5,754,18.2644321038102
6,754,19.6485497932709
7,754,25.7064949872958
8,754,24.4494446474876
9,754,28.9294607715783
10,754,23.8821903885541
11,754,27.7377723177198
12,754,26.2214416818396
13,754,22.3816804736667
14,754,27.6995702677424
15,754,24.8340457534975
16,754,23.1362292993137
17,754,30.9481248877531
18,754,30.0649866746478
1,755,29.5070193003065
2,755,28.0513554822438
3,755,28.7452743766125
4,755,27.7664890517828
5,755,25.4564638685021
6,755,31.5357801661628
7,755,26.5423055080542
8,755,26.0215166205531
9,755,22.1183251619547
10,755,26.3937983977757
11,755,26.8918382786542
12,755,21.7654711893535
13,755,28.2337302087809
14,755,24.4264319990615
15,755,26.9511433642427
16,755,26.2266498291009
17,755,27.5301954133039
18,755,27.9714142985252
1,756,18.4201441512622
2,756,21.9076960178754
3,756,27.7930846293086
4,756,29.3640435850638
5,756,25.4309401897666
6,756,28.9565629753435
7,756,21.5475155966487
8,756,22.2900884550167
9,756,25.5387423801953
10,756,25.8505117907925
11,756,27.440830674192
12,756,28.9687041559735
13,756,22.7630647231895
14,756,25.3591863274766
15,756,26.8257026035123
16,756,28.1726926705985
17,756,21.8644016650858
18,756,26.7637375843647
1,757,22.2483396413909
2,757,21.5867515767409
3,757,33.0194776632761
4,757,23.9175429361618
5,757,29.6386635465943
6,757,30.1355854599078
7,757,20.4307686316924
8,757,31.1382111319735
9,757,25.8024758880824
10,757,19.2601648430618
11,757,27.2302159979536
12,757,33.4665768696474
13,757,25.5136243914198
14,757,27.5403591348403
15,757,30.8227395423899
16,757,27.0659811647095
17,757,33.946922367625
18,757,30.2789602312731
1,758,24.3608203306861
2,758,28.1578875384956
3,758,29.9051398968873
4,758,29.4412318862692
5,758,30.9044599613231
6,758,29.2049937558405
7,758,28.2396675565501
8,758,26.1130089682592
9,758,28.4823391939083
10,758,26.7742612305027
11,758,31.2784081883149
12,758,30.4113127209277
13,758,27.1934256527467
14,758,26.5410246882742
15,758,19.2941049574226
16,758,26.0309208918763
17,758,28.394823242358
18,758,27.0812570285747
1,759,21.4490075109119
2,759,27.4123191983828
3,759,24.218537025111
4,759,27.7151064284959
5,759,25.7948006727296
6,759,24.1399422785771
7,759,18.9608983768834
8,759,26.7006910998881
9,759,26.0228575967339
10,759,24.6860922287572
11,759,30.0636621074167
12,759,20.0430074255561
13,759,24.1728920329742
14,759,27.1237185724736
15,759,20.7389588183335
16,759,30.3476650530901
17,759,25.5366780170668
18,759,23.7608116904472
1,760,24.3846314632048
2,760,30.0159615972584
3,760,27.883418134015
4,760,24.3466180665388
5,760,24.1782419208214
6,760,30.8408055281301
7,760,23.8364913032438
8,760,25.5414128340717
9,760,28.0577856816101
10,760,24.0128228601759
11,760,28.5791397826928
12,760,30.6610848849625
13,760,30.9983107227489
14,760,22.4585357496957
15,760,30.7163562429288
16,760,22.1463278294625
17,760,24.0323030886531
18,760,25.89910758769
1,761,30.1324843781044
2,761,22.8012477704533
3,761,21.3120168389394
4,761,29.9326094192989
5,761,27.3334270638422
6,761,25.7483102974851
7,761,19.2720775849299
8,761,18.9173509198161
9,761,28.234215825443
10,761,28.0134334517575
11,761,22.2814520467169
12,761,25.4183151027029
13,761,26.4600239177162
14,761,23.821411868908
15,761,27.7472936030988
16,761,27.6564381747057
17,761,20.6935801765432
18,761,30.2700344324334
1,762,30.1035118794365
2,762,30.1821356096938
3,762,30.8272803443897
4,762,26.2181243400533
5,762,27.7595485920985
6,762,29.3960651302838
7,762,21.6474283172044
8,762,23.7816707685933
9,762,20.7451383810819
10,762,21.7011647331061
11,762,20.6812336571729
12,762,31.950335129611
13,762,24.9282881696692
14,762,31.5517614835205
15,762,26.3304962096975
16,762,26.1261793039209
17,762,28.0407132805171
18,762,31.3918957369495
1,763,29.7205502238761
2,763,28.5843437790079
3,763,24.6202680650163
4,763,32.2250117391102
5,763,30.8436194271445
6,763,26.604666430011
7,763,25.252512139244
8,763,27.7140535339758
9,763,20.6905837884487
10,763,27.3570615302142
11,763,29.4087727188034
12,763,27.6130734738421
13,763,28.8119090471644
14,763,31.388363999439
15,763,27.1826571596755
16,763,19.7015050786578
17,763,28.5614858598764
18,763,32.8043072817582
1,764,31.9436667363034
2,764,21.5441408379888
3,764,25.4190486635591
4,764,24.8317734491265
5,764,30.5164295165698
6,764,26.5890149086394
7,764,24.4815835977417
8,764,22.8063466836338
9,764,31.8010624124505
10,764,30.4029804870175
11,764,26.0955303527668
12,764,27.8666025621316
13,764,25.8223505841687
14,764,25.4443827900363
15,764,29.053279508729
16,764,24.2573964792942
17,764,29.0038394626992
18,764,27.4041578598782
1,765,31.9777167153154
2,765,27.3880096964512
3,765,28.4809507943607
4,765,31.2118823181128
5,765,30.508521693261
6,765,34.2372244921337
7,765,29.2965318323996
8,765,31.2109705495365
9,765,24.7848691758796
10,765,32.4370547474297
11,765,31.417129616113
12,765,18.6052624690077
13,765,22.7101966785644
14,765,26.4688651854797
15,765,30.5576764810678
16,765,25.9326161746853
17,765,23.0139786772891
18,765,31.5059632578748
1,766,30.4031024902906
2,766,30.9570453319204
3,766,26.3096936640498
4,766,27.742755253292
5,766,26.877504246668
6,766,19.5955168072992
7,766,33.2974946473882
8,766,29.5167343544299
9,766,23.5846038505819
10,766,25.4661127476442
11,766,30.6519157880031
12,766,29.5582841285572
13,766,23.9311844840552
14,766,21.0710642562112
15,766,26.8393113794471
16,766,24.1328315603819
17,766,26.2645707254894
18,766,25.3620510263507
1,767,33.319996542033
2,767,26.438981812919
3,767,31.4335378115492
4,767,22.3145974990579
5,767,27.0272838526854
6,767,18.9972035159977
7,767,27.2414009926521
8,767,23.5092180123523
9,767,27.0506080611593
10,767,24.5590689808471
11,767,21.1173515794569
12,767,24.7207817989084
13,767,20.1023237370927
14,767,30.2273384252436
15,767,26.0084746308332
16,767,25.009054495572
17,767,25.9348245952714
18,767,25.3015172726827
1,768,23.728594406481
2,768,23.1040650510696
3,768,23.025911738567
4,768,28.8940005626474
5,768,26.5424629014929
6,768,22.5676200611881
7,768,32.9435678192272
8,768,28.5566201531134
9,768,25.3314348641291
10,768,30.6609998580699
11,768,30.9363200887054
12,768,30.2756485712258
13,768,25.7665610402501
14,768,24.2888189004236
15,768,27.8783890803171
16,768,30.7803642373484
17,768,33.7959892190258
18,768,19.2060816647038
1,769,27.8244249137007
2,769,27.5745441946412
3,769,24.0630802714158
4,769,33.332423939629
5,769,20.0346359010933
6,769,29.2531519720632
7,769,24.6433494830076
8,769,27.263043994566
9,769,30.4722586184572
10,769,24.6594401020576
11,769,24.8470121227791
12,769,26.6157032149269
13,769,29.7946630149513
14,769,33.9563149339687
15,769,25.7911642311315
16,769,30.6440786606562
17,769,21.031193396511
18,769,30.025359854876
1,770,19.5026540091001
2,770,32.023484581846
3,770,22.5376552964897
4,770,20.466727102758
5,770,26.773082405649
6,770,25.8175574835359
7,770,24.7131500633608
8,770,22.0676939151032
9,770,23.4694672503432
10,770,25.5281860690608
11,770,27.0796808388884
12,770,25.1021457707583
13,770,22.2037770239292
14,770,30.5352533705571
15,770,30.364994714718
16,770,26.8434226265798
17,770,24.2798965396515
18,770,21.9783211320043
1,771,26.0610485661381
2,771,21.7554509959691
3,771,22.9786097568623
4,771,22.1427455351466
5,771,28.7759913842756
6,771,24.3160677259174
7,771,28.1218193667244
8,771,30.6813510539783
9,771,24.9341855951907
10,771,25.248507697306
11,771,19.3160908641703
12,771,27.324383788123
13,771,27.3331240426013
14,771,22.6274558985793
15,771,28.3138588283547
16,771,27.8473180225893
17,771,28.5605624800061
18,771,20.7888263815069
1,772,30.6592213370161
2,772,26.8321354276376
3,772,23.331423605819
4,772,31.5322396023869
5,772,23.6777690944431
6,772,22.9313241991891
7,772,21.4812294668109
8,772,27.5148969291435
9,772,29.9531894048346
10,772,19.2405596211733
11,772,24.8718366237026
12,772,28.7793438638905
13,772,23.4249460634371
14,772,29.3908547357582
15,772,26.5676947008829
16,772,30.5236356065957
17,772,25.9929495215514
18,772,28.7157367736082
1,773,24.1191269844223
2,773,33.6563698984439
3,773,33.3757832369809
4,773,27.6222786875751
5,773,23.6686875612684
6,773,26.5644022994971
7,773,30.9856919896558
8,773,24.960107520913
9,773,28.9761542944375
10,773,26.466771899409
11,773,33.0249596509728
12,773,28.6681638378356
13,773,27.1534112246571
14,773,28.8956014284283
15,773,26.7791989606982
16,773,25.8014733632196
17,773,24.2012986200046
18,773,18.6450320395804
1,774,21.7754014150401
2,774,26.9283589374174
3,774,25.5378799120593
4,774,29.1191689821952
5,774,24.3002626479237
6,774,20.4054091622525
7,774,24.6309184568961
8,774,27.5076140370506
9,774,28.1144864636265
10,774,21.8945476704236
11,774,24.924682097447
12,774,26.0987767597851
13,774,17.4479879656688
14,774,23.7687822145998
15,774,25.9196710852912
16,774,26.9210281691193
17,774,27.434654969563
18,774,28.8598397061141
1,775,26.472311967741
2,775,24.2889942030143
3,775,27.4807766434299
4,775,30.3915053922248
5,775,24.9111691553849
6,775,29.922875549426
7,775,30.3055472700887
8,775,31.6254151710254
9,775,25.3820704671209
10,775,23.0383824988694
11,775,24.8754052656993
12,775,23.1197083460855
13,775,30.2035127330012
14,775,31.250354954828
15,775,31.1641421030649
16,775,26.0176542423397
17,775,25.0447572231257
18,775,26.0434465391429
1,776,26.2515397743267
2,776,24.033495608174
3,776,23.7984072290696
4,776,25.8235472019322
5,776,27.2255886851691
6,776,25.7699799652134
7,776,32.8403557673257
8,776,24.7080971123719
9,776,30.0230990646673
10,776,26.5634852560964
11,776,29.1502163590924
12,776,28.8054506519681
13,776,28.4682104527049
14,776,29.6892062882949
15,776,25.9090317221275
16,776,31.7420285956266
17,776,20.157562169038
18,776,22.6536015009108
1,777,29.5438152267948
2,777,27.3530122968289
3,777,27.2793368339755
4,777,31.6942502679622
5,777,24.6189785394916
6,777,23.9234910220759
7,777,31.5631045195878
8,777,29.9735507907482
9,777,29.9084441820607
10,777,20.4301463891291
11,777,31.2230798204915
12,777,28.2078373333066
13,777,29.5377345772941
14,777,24.1433285748171
15,777,23.5764400057633
16,777,23.2217857760013
17,777,25.7312933366106
18,777,29.4870283354074
1,778,19.4652731332358
2,778,25.3966096904796
3,778,25.9513872207746
4,778,22.5181910214904
5,778,19.8258935619589
6,778,25.8250388146955
7,778,27.1619556650545
8,778,23.1809992060193
9,778,27.3131003568477
10,778,19.2689237290922
11,778,24.1922907121329
12,778,30.4550724337988
13,778,26.6560422034797
14,778,26.3685587897293
15,778,20.3069585097864
16,778,21.3338653448009
17,778,28.1382821717457
18,778,24.2774290347806
1,779,33.2305718733146
2,779,29.895237691699
3,779,28.983190808636
4,779,25.7933020138042
5,779,32.8113130415658
6,779,33.6878175285549
7,779,26.1707540454752
8,779,26.0715069201795
9,779,25.6573120453108
10,779,29.7818820602578
11,779,31.0069990217487
12,779,31.5654686715826
13,779,28.6154644708871
14,779,17.5307309734212
15,779,29.7406614627331
16,779,30.3065389574975
17,779,26.217169884859
18,779,22.3794205348582
1,780,26.56197608017
2,780,23.1490669130968
3,780,27.6594429618294
4,780,27.5285719718747
5,780,26.9091753221884
6,780,30.6998048033696
7,780,29.704436880124
8,780,19.9181834428091
9,780,25.2601783101508
10,780,31.0974682792193
11,780,22.909469502592
12,780,21.187661204647
13,780,32.0958982045343
14,780,22.0014312312398
15,780,23.6800122087484
16,780,30.8460893846644
17,780,27.8000510188304
18,780,24.4406880401897
1,781,19.5963115420964
2,781,29.6889939148036
3,781,24.0832302142093
4,781,30.4273392255529
5,781,34.2034226262864
6,781,30.9231226549436
7,781,27.0863850770835
8,781,25.4267262450507
9,781,29.7987494098472
10,781,28.0566007565688
11,781,28.7591649944486
12,781,26.7628484564774
13,781,20.9701957921532
14,781,29.7265528957661
15,781,29.9599791943
16,781,26.1626527310891
17,781,22.4908960779796
18,781,33.3097794440314
1,782,29.4064923369755
2,782,32.5382253188425
3,782,21.7607213052071
4,782,31.0738949224252
5,782,26.6240708700826
6,782,31.29982111763
7,782,28.7101011611485
8,782,34.0058878709723
9,782,25.4358938926493
10,782,27.9767966505668
11,782,26.1793400186729
12,782,24.4814444270849
13,782,28.8728322682422
14,782,21.1814473235987
15,782,29.4343862010245
16,782,29.2490782804798
17,782,32.2110918503991
18,782,26.0797658457272
1,783,34.6746508668257
2,783,27.2085560785756
3,783,26.306752588584
4,783,28.0943484307802
5,783,31.6226504757439
6,783,22.9242522762568
7,783,29.3294755846531
8,783,28.5253470675916
9,783,27.0072366544794
10,783,26.0013735644819
11,783,26.5417763632917
12,783,30.5309026938083
13,783,22.5934712522082
14,783,27.6902941694951
15,783,30.4473278190405
16,783,25.498369866534
17,783,30.6143869532359
18,783,26.9771971414495
1,784,24.690973180297
2,784,31.2060437990157
3,784,21.7775461153168
4,784,24.7674446110279
5,784,26.8594563322842
6,784,28.9791401694884
7,784,30.9001261252438
8,784,24.0972084229963
9,784,32.8330424421171
10,784,34.159207611533
11,784,24.4572568527291
12,784,31.0652386632672
13,784,26.277217646999
14,784,25.6786168703883
15,784,32.7609825698702
16,784,30.6557376610427
17,784,25.1123292185413
18,784,23.154690464897
1,785,22.5374814344778
2,785,29.1596049344641
3,785,28.0245541681408
4,785,19.1634436365628
5,785,34.1386305551299
6,785,22.3784837478749
7,785,23.6189463967274
8,785,28.4887423272847
9,785,24.8142636687629
10,785,33.3182105904
11,785,26.3417801420629
12,785,30.6547862740664
13,785,26.9669972643927
14,785,27.7993944271096
15,785,25.1720062299717
16,785,29.9837713045894
17,785,28.512733046867
18,785,22.9364812520072
1,786,24.0300880131642
2,786,28.9377170788145
3,786,26.2196037234188
4,786,17.5501036962617
5,786,29.2658364725436
6,786,28.6483466285256
7,786,27.2329215322734
8,786,27.2281096980814
9,786,29.3186180835982
10,786,26.6300193446322
11,786,21.0732203005774
12,786,25.0016912716224
13,786,23.287261063636
14,786,25.6634724837004
15,786,26.1389429889005
16,786,28.6850445779773
17,786,20.4465179826809
18,786,19.6862874743022
1,787,27.4429894609731
2,787,25.6410227231844
3,787,30.1916081107246
4,787,29.6370748335257
5,787,26.2331328545942
6,787,21.6202402995222
7,787,20.2367345730653
8,787,23.3378033020672
9,787,25.760273873032
10,787,27.6257631368784
11,787,21.4031029917824
12,787,23.2001928085838
13,787,25.6884560704039
14,787,24.8735274551942
15,787,21.0370854209355
16,787,26.3300759208196
17,787,19.1398546693818
18,787,27.3399973539892
1,788,29.931569300714
2,788,21.9361609916276
3,788,27.6947332819579
4,788,26.7209493926496
5,788,21.9214358591919
6,788,26.7635239699912
7,788,20.9971677515187
8,788,25.8677277878111
9,788,21.6736558216367
10,788,32.0431558968391
11,788,24.5415513541146
12,788,26.2027715212062
13,788,31.1937652031683
14,788,26.3540470779669
15,788,28.1396350408866
16,788,30.111559653341
17,788,22.7549288186006
18,788,28.4622945096664
1,789,30.3989014132893
2,789,33.2833116126088
3,789,21.0709329138238
4,789,26.1576189120255
5,789,32.6649618516318
6,789,21.3153394796567
7,789,25.7497173263894
8,789,20.8079895387656
9,789,31.9507657641446
10,789,28.0443633810693
11,789,22.5109132876844
12,789,32.7540637653318
13,789,26.6284187929087
14,789,22.2337418444341
15,789,24.6548689139432
16,789,25.8083293861112
17,789,27.9949797256589
18,789,25.9169783322582
1,790,22.7015063721043
2,790,31.2465307137364
3,790,21.6870808265916
4,790,22.4222989151851
5,790,22.7868162331774
6,790,33.3585879496354
7,790,32.8980781309962
8,790,22.3212169254225
9,790,27.6230869303161
10,790,24.1750763005521
11,790,30.5837940411626
12,790,25.068208352182
13,790,23.5758903623488
14,790,30.3557397797277
15,790,26.3122128414273
16,790,25.712148790183
17,790,26.3883397276209
18,790,19.718868538028
1,791,25.6456988416991
2,791,31.1192566346963
3,791,26.2034828145989
4,791,26.817927950215
5,791,27.8277699096259
6,791,28.9968384786101
7,791,23.4475962637488
8,791,31.8839740488797
9,791,29.6243834013537
10,791,25.6464726876883
11,791,32.9723102921465
12,791,21.5153627318084
13,791,26.512184143562
14,791,19.4940290566474
15,791,28.6705876493145
16,791,25.5587845268509
17,791,27.5150426541729
18,791,21.9480286196266
1,792,26.6037095058122
2,792,28.052929346456
3,792,28.3973113127941
4,792,22.2043447225672
5,792,26.5242655619323
6,792,21.0796167389084
7,792,23.121946136978
8,792,30.9444483987729
9,792,26.4008205781829
10,792,26.4071484617231
11,792,31.2470217716886
12,792,32.2526254877788
13,792,28.8613124777546
14,792,26.2668989574264
15,792,28.1991288091742
16,792,23.4050761800207
17,792,26.3023723996839
18,792,26.9849305881303
1,793,28.7963779389474
2,793,28.7853898273613
3,793,19.170655525571
4,793,27.4016958870551
5,793,26.4800343127785
6,793,27.7659008086998
7,793,20.7010144090975
8,793,22.6682724700857
9,793,25.101768413997
10,793,22.7613534897614
11,793,21.0388642530325
12,793,26.3792214325818
13,793,31.4178647485314
14,793,23.2061238057671
15,793,23.8902439113921
16,793,28.4758004074217
17,793,24.7478155626319
18,793,26.3660257152836
1,794,31.309402447156
2,794,26.1140197427081
3,794,29.7867255140019
4,794,26.2995329848378
5,794,25.3668554194918
6,794,23.3686415630349
7,794,19.1936673878365
8,794,30.6040014870024
9,794,29.8761389826921
10,794,26.9720114177875
11,794,25.2374264801441
12,794,25.589026745749
13,794,23.8165850560934
14,794,30.4870788405213
15,794,24.5313310523921
16,794,27.4339124191368
17,794,22.0975421089427
18,794,32.0614564977135
1,795,20.9730772332602
2,795,19.18881727486
3,795,22.5294129029971
4,795,22.0705625577277
5,795,30.7797829089993
6,795,28.504675846522
7,795,22.3949668260768
8,795,24.5400555249446
9,795,25.4451768105083
10,795,29.1692903896286
11,795,28.6879122609612
12,795,28.1858994688973
13,795,28.3888043015085
14,795,23.8970440714376
15,795,19.366827283517
16,795,32.9013490179257
17,795,32.0413859595877
18,795,29.8342424619503
1,796,27.3975921238715
2,796,23.6279713754897
3,796,30.4789235118121
4,796,23.7094887297301
5,796,22.8382916056066
6,796,27.9285764857277
7,796,24.9201711609065
8,796,19.4285879547055
9,796,25.6735854328583
10,796,25.3035268755072
11,796,29.1749921994123
12,796,25.0783293286212
13,796,21.7012583647482
14,796,25.6477519560789
15,796,24.7882683446601
16,796,34.396657012402
17,796,29.0720815012417
18,796,25.1810683815731
1,797,30.819170628168
2,797,30.0678731557093
3,797,22.9716823149775
4,797,20.3464220025908
5,797,31.8873892008387
6,797,20.4320533760178
7,797,26.2277528138872
8,797,31.2366488059433
9,797,25.9869701032536
10,797,26.7352976704754
11,797,29.2555265306107
12,797,25.5699829030966
13,797,30.0228244449083
14,797,24.0919660672537
15,797,23.5925782519507
16,797,25.1422919948096
17,797,29.9795177204971
18,797,23.3257738049818
1,798,22.7898689809256
2,798,24.8663907522192
3,798,29.881992906286
4,798,28.515219589946
5,798,24.5691745709673
6,798,23.3882735110032
7,798,23.4709771036991
8,798,31.2841118700389
9,798,30.6935014537766
10,798,24.7636134496359
11,798,28.4820702103623
12,798,19.6532394058273
13,798,21.7131995585692
14,798,26.2768458951083
15,798,30.0006498388577
16,798,28.5847819927029
17,798,25.6798173267937
18,798,29.9431551882992
1,799,28.8555749471102
2,799,20.1132019931655
3,799,28.4322949349421
4,799,25.1950094196188
5,799,22.7030523089722
6,799,31.211618591125
7,799,26.2984801867766
8,799,29.9794764927125
9,799,26.6552712857195
10,799,29.3623240655395
11,799,24.9800691891807
12,799,24.7399316270697
13,799,19.2548758309443
14,799,23.6598626606976
15,799,24.6665387731616
16,799,27.1099991164186
17,799,28.5579812157285
18,799,28.6743779459707
1,800,30.3560450614714
2,800,25.3223372711696
3,800,30.9988284227641
4,800,26.2291299137232
5,800,29.4098374380766
6,800,30.2337114132334
7,800,25.9494726381177
8,800,29.5118226094596
9,800,25.3535017447489
10,800,26.0175349441826
11,800,24.3533334556934
12,800,23.824903553923
13,800,30.2553719542442
14,800,29.7394077098314
15,800,24.2558807797319
16,800,26.7445420412686
17,800,27.4898310164564
18,800,25.8422853230219
1,801,30.2164337845988
2,801,29.1068543930572
3,801,28.0630195459451
4,801,26.3960432892938
5,801,27.4293203588025
6,801,32.9553881066486
7,801,25.0407800144754
8,801,21.5184642604588
9,801,21.914509025986
10,801,21.1668287349072
11,801,25.6412929988292
12,801,21.3361250570789
13,801,23.1774065152045
14,801,33.0839342674212
15,801,27.2598380845862
16,801,24.6996971307359
17,801,26.8641012205499
18,801,27.9597325404849
1,802,25.3922056770066
2,802,21.2926625851057
3,802,28.8994733501463
4,802,23.9614661273172
5,802,32.0195748325967
6,802,27.6778064292462
7,802,26.9537401802932
8,802,29.7236392247756
9,802,28.7511126573654
10,802,32.2204228629807
11,802,22.4729384762342
12,802,25.0446096177683
13,802,26.3571218269281
14,802,27.1799261509669
15,802,26.8620292348619
16,802,30.0425484250911
17,802,28.4370901175534
18,802,21.5450910161677
1,803,28.1585965178401
2,803,26.1258774906851
3,803,27.3832657626085
4,803,26.5533534646905
5,803,28.1845118995398
6,803,34.1257266254506
7,803,23.0501872795113
8,803,25.9798443684808
9,803,27.4443707750081
10,803,27.6744888820531
11,803,20.2768445753196
12,803,29.6438154413971
13,803,30.1489424878251
14,803,23.4407411299281
15,803,29.2966667504991
16,803,28.2117518520516
17,803,26.5546506078507
18,803,26.9218594772632
1,804,32.6934048693658
2,804,22.1383730935277
3,804,24.492826297514
4,804,25.7643392351695
5,804,31.4340602646694
6,804,29.6743711683016
7,804,29.361771845064
8,804,28.6119280359127
9,804,33.8249303450709
10,804,29.9922051167806
11,804,31.4229587800155
12,804,25.2729192186653
13,804,29.5909714604797
14,804,22.0018301097484
15,804,28.9102367779234
16,804,29.504461302013
17,804,28.724273844583
18,804,19.687012032985
1,805,29.9755172377287
2,805,22.9065863615443
3,805,29.5980174846123
4,805,24.0289643738124
5,805,31.1902274548055
6,805,33.2846361744638
7,805,26.1966771341072
8,805,30.8168010912177
9,805,32.9087798424071
10,805,25.9200096538864
11,805,26.6468057673729
12,805,33.6642583784429
13,805,21.3819445617723
14,805,21.2645788537278
15,805,31.4435643734337
16,805,25.3509889200766
17,805,20.9603242752533
18,805,18.1739612271355
1,806,26.8896125388728
2,806,22.7829359787336
3,806,23.2105752853208
4,806,26.8237301195637
5,806,31.5508876831677
6,806,24.869674039249
7,806,29.2249106067865
8,806,27.0230082034225
9,806,23.9159736513378
10,806,22.1191020757083
11,806,30.7189022619598
12,806,28.3461491283776
13,806,27.5420937852083
14,806,27.1417341043844
15,806,29.3490550290696
16,806,28.1714945226626
17,806,30.1549241614841
18,806,25.7793707943824
1,807,24.6688165300655
2,807,29.5671562747673
3,807,27.7228417609587
4,807,29.7642019907349
5,807,18.2297344392704
6,807,29.6332103352405
7,807,25.3305285996801
8,807,26.0744341622853
9,807,29.9111530533833
10,807,26.4046323777002
11,807,30.5485527476676
12,807,21.6664529984733
13,807,28.9552224962348
14,807,26.3277426256608
15,807,27.6475637660053
16,807,31.4396567524492
17,807,29.5421317183819
18,807,27.4019945142653
1,808,22.8771402942045
2,808,29.1555398382409
3,808,23.9514056587647
4,808,26.8137157228105
5,808,22.9413789231336
6,808,25.4988056329333
7,808,28.0361140305287
8,808,27.2683727822197
9,808,26.9807308688613
10,808,26.5257186474309
11,808,28.1936282187374
12,808,22.7014207675961
13,808,28.1822930486911
14,808,26.2852100081228
15,808,31.0550803863961
16,808,22.2606507046356
17,808,32.8364246949366
18,808,19.1510194239734
1,809,21.3695729997762
2,809,30.8630950226745
3,809,28.3475862306337
4,809,31.8203238732842
5,809,24.2360430128164
6,809,32.3104134710885
7,809,31.8831909911595
8,809,22.7028207731796
9,809,29.3549856287224
10,809,27.8749666025949
11,809,31.1600978978952
12,809,25.8058473553741
13,809,21.6431597477621
14,809,26.7800370373496
15,809,27.0527609873148
16,809,25.9021569540172
17,809,32.4863909830801
18,809,30.8584481679788
1,810,23.1387693717026
2,810,28.9371176703485
3,810,22.5992615573577
4,810,23.9801314683648
5,810,26.1846444522297
6,810,32.5672893885275
7,810,23.9778432820818
8,810,23.3065440919866
9,810,29.8619247861756
10,810,21.7388624450345
11,810,25.0310800983855
12,810,20.9826129615411
13,810,25.9210861180955
14,810,27.8313245698164
15,810,21.2237806430601
16,810,24.5938580834942
17,810,28.0437971524811
18,810,24.2837665918439
1,811,29.2593120560709
2,811,19.6017135353364
3,811,21.4642590145998
4,811,23.3241685273331
5,811,32.0040535987101
6,811,26.3445049425118
7,811,22.8739841895722
8,811,20.5160920007892
9,811,28.4270594881564
10,811,21.5010152822115
11,811,27.3821991607888
12,811,21.2435740073922
13,811,23.1009918007533
14,811,28.4116379639819
15,811,24.4758734752536
16,811,29.3412826205139
17,811,30.2931241439012
18,811,21.3055945303535
1,812,26.4909616588284
2,812,28.8945182720759
3,812,26.1081908186715
4,812,21.9543907546088
5,812,30.2178541164068
6,812,30.2648014400225
7,812,28.1439861896513
8,812,25.2833628564285
9,812,25.8083425907054
10,812,29.5792709117188
11,812,27.4430331358526
12,812,29.1577075544765
13,812,21.2855936384607
14,812,27.1311772468507
15,812,27.6990233952223
16,812,23.5564587203133
17,812,33.8267965632954
18,812,32.536336935892
1,813,25.8602481083803
2,813,30.9990317075037
3,813,24.4499821442414
4,813,30.0726497387875
5,813,31.7692970973365
6,813,28.4592371022674
7,813,29.8666303165818
8,813,20.6596950873239
9,813,31.9066645249094
10,813,18.8471686358716
11,813,28.9470450968734
12,813,22.6324324682549
13,813,28.2529216167533
14,813,28.140598831444
15,813,29.3149882498887
16,813,25.9946221093163
17,813,23.178950003659
18,813,20.5124258326428
1,814,27.7292350611512
2,814,23.1916670735451
3,814,28.36858328908
4,814,30.6689847944797
5,814,33.1468030198552
6,814,20.7238308112012
7,814,29.9516325434229
8,814,23.1802522299182
9,814,32.5531481539027
10,814,23.7127815009244
11,814,26.9655320025604
12,814,26.3437043156468
13,814,23.2405550559542
14,814,20.722776339136
15,814,23.3553248511795
16,814,30.3701397819291
17,814,21.444427593253
18,814,33.5862141119246
1,815,19.7740659080151
2,815,28.1004079289062
3,815,25.2213788700081
4,815,26.611881587769
5,815,24.7811330834059
6,815,34.1262132597043
7,815,31.9032753507181
8,815,25.7931450708069
9,815,20.2812285996942
10,815,23.7989137000831
11,815,27.3295433192374
12,815,27.2625324135734
13,815,25.006305783759
14,815,29.992855787213
15,815,29.1945389176707
16,815,29.9398980587847
17,815,29.6344268616908
18,815,26.2525260799205
1,816,23.2468298636408
2,816,29.3498385469311
3,816,26.0779479646707
4,816,23.6270304362317
5,816,25.8912951948537
6,816,29.1764234817163
7,816,22.3671338228472
8,816,24.1255229447946
9,816,27.1819766451715
10,816,29.1882571336898
11,816,25.2739968342914
12,816,26.7897985212745
13,816,24.0574932859883
14,816,23.5539766717954
15,816,22.507669404219
16,816,27.1012102532179
17,816,26.9636495938958
18,816,20.1380484685496
1,817,27.0400097959749
2,817,26.695441281022
3,817,24.0813501693076
4,817,24.9722441050114
5,817,32.4497998919007
6,817,24.9230220041145
7,817,21.9340453369637
8,817,24.0774802904083
9,817,25.9996815818042
10,817,31.1614691036628
11,817,23.7252074498741
12,817,21.4345307244649
13,817,29.9475061117875
14,817,24.5636994504129
15,817,30.8955368884184
16,817,21.2790103611697
17,817,18.328974528179
18,817,24.3426125738594
1,818,24.3556370600553
2,818,22.5199242000167
3,818,19.4835072622558
4,818,23.4916831547272
5,818,33.0747933182816
6,818,24.0339052649696
7,818,27.2592722364525
8,818,23.6202716535864
9,818,28.3630205294734
10,818,29.2226380913694
11,818,26.8081169362497
12,818,23.9843731896895
13,818,20.5037828637074
14,818,23.5757976224939
15,818,20.4136005893947
16,818,26.9957435554135
17,818,30.0424516312599
18,818,27.2650159048161
1,819,28.074035800288
2,819,25.930377088164
3,819,23.7141836711265
4,819,24.5858194830872
5,819,20.9386422101399
6,819,29.8138169446884
7,819,29.3285052093699
8,819,22.838401387231
9,819,22.9695386739248
10,819,31.8370084301819
11,819,25.5493277469944
12,819,27.1484424326788
13,819,29.6926256324795
14,819,26.4984240205621
15,819,23.0624133228657
16,819,22.4611791656435
17,819,21.3139837788142
18,819,29.7918886172778
1,820,33.3002750931962
2,820,20.5839730096907
3,820,24.6019561463867
4,820,24.5628460987794
5,820,32.9651334699078
6,820,27.8121998271792
7,820,24.8436370947838
8,820,20.4477740742233
9,820,28.3188958565819
10,820,24.1727440679998
11,820,28.6831362180168
12,820,31.1186117170058
13,820,21.8708755934394
14,820,31.8772369786484
15,820,23.6830766835127
16,820,23.3003753753575
17,820,33.1463326623234
18,820,31.7821524426095
1,821,26.6543925191502
2,821,23.9338330937945
3,821,30.6989918630589
4,821,32.0999433908713
5,821,20.2394905374271
6,821,24.8852909497463
7,821,30.2343885312756
8,821,21.9450719300141
9,821,25.5325109355925
10,821,33.7904006840737
11,821,26.0535996910677
12,821,24.6649356350513
13,821,24.5399841926018
14,821,27.3315818364397
15,821,26.4645608131697
16,821,30.4777252481161
17,821,27.4473502972792
18,821,28.5540768191888
1,822,19.9553746947099
2,822,26.0782238829996
3,822,23.4084925240658
4,822,23.1743777494576
5,822,28.4120976358423
6,822,19.1932523751928
7,822,26.270262286069
8,822,29.1948667416614
9,822,27.1330623352919
10,822,25.9462263626972
11,822,25.5492398029886
12,822,25.5871332098901
13,822,31.2513796226036
14,822,27.1169071878735
15,822,26.7524418094674
16,822,28.6928903282575
17,822,26.4384147416265
18,822,30.3675360293482
1,823,29.3197750489397
2,823,25.4145473430179
3,823,34.0097084332334
4,823,24.2735423471934
5,823,28.7649146072376
6,823,27.1620806099646
7,823,31.049318243617
8,823,24.9194930888475
9,823,23.3063520320591
10,823,30.2231505694366
11,823,27.0212786123266
12,823,29.3504203617821
13,823,24.728318922531
14,823,24.1867241570286
15,823,30.0919466330123
16,823,32.3846957338983
17,823,27.2768796785975
18,823,29.8389370996865
1,824,29.1362744655578
2,824,27.0720746737092
3,824,34.5322741139804
4,824,26.4977754054456
5,824,24.0222416217288
6,824,22.6375620628921
7,824,28.7977608987867
8,824,24.8787355612076
9,824,22.4614867730578
10,824,24.0438473054455
11,824,23.7101950427339
12,824,29.3132119758061
13,824,30.864272648834
14,824,26.6564889691103
15,824,26.4231403232145
16,824,21.3783158700782
17,824,28.0402270796892
18,824,22.8974472016393
1,825,23.7720000657499
2,825,26.8501400857888
3,825,26.2378082674925
4,825,22.2719049025794
5,825,22.6297763136386
6,825,24.4921506723345
7,825,28.951024073536
8,825,23.7089202021661
9,825,22.9299530811071
10,825,27.7653793829564
11,825,25.4643182471267
12,825,33.2241167243822
13,825,24.9919517802422
14,825,27.2132534447868
15,825,27.3161236985624
16,825,23.8083943256635
17,825,25.1123988673104
18,825,21.3161318395604
1,826,21.4215411258674
2,826,21.7371365832986
3,826,27.7696363922337
4,826,31.585842441909
5,826,29.5964498229245
6,826,26.4416098421052
7,826,32.6461936237188
8,826,31.1087901656001
9,826,20.8546237278279
10,826,31.0468620168092
11,826,31.9279916702387
12,826,31.9531796338221
13,826,22.4811212094643
14,826,20.2513189909766
15,826,26.0098557135897
16,826,18.6062585606857
17,826,21.7397395476572
18,826,26.7627166934593
1,827,32.2427647238512
2,827,21.2959341192632
3,827,27.2606182638992
4,827,29.6553322847995
5,827,26.5810138006444
6,827,28.4266361145985
7,827,28.3554570339457
8,827,27.116888698848
9,827,34.7026874974863
10,827,26.5794509873416
11,827,24.0284400121017
12,827,29.107750675908
13,827,28.3970351027209
14,827,29.9431585135184
15,827,27.1068729261318
16,827,30.8291154082985
17,827,27.3726055142049
18,827,26.6994238646482
1,828,30.8929625351399
2,828,21.8569199912273
3,828,27.4874447856912
4,828,26.9583412332234
5,828,26.4405477653306
6,828,29.5830184591051
7,828,27.9010412557558
8,828,25.9184545584684
9,828,23.7830680911522
10,828,24.794346558671
11,828,33.1667750213831
12,828,26.8896322647223
13,828,33.1304516341418
14,828,26.5196946700771
15,828,23.4301165616476
16,828,23.8493295053703
17,828,19.523190150168
18,828,25.1479475122011
1,829,33.3430616009164
2,829,28.6871337603664
3,829,28.5658396493997
4,829,30.2410539950715
5,829,21.0165906314609
6,829,30.2463201981586
7,829,23.3692734904953
8,829,24.6333111351747
9,829,22.4589533076965
10,829,23.3487958057656
11,829,27.2312015397939
12,829,19.2855492015204
13,829,25.6470754627682
14,829,20.7671721186657
15,829,31.7690925304776
16,829,23.8874772583084
17,829,33.1349728320692
18,829,31.2225643282832
1,830,30.147289917416
2,830,21.5219085209389
3,830,26.6638039685604
4,830,23.0092819183616
5,830,30.9022637506038
6,830,20.0198863367714
7,830,23.6383625413799
8,830,28.3829507763932
9,830,24.0575039162063
10,830,18.6237043557425
11,830,26.8373779238835
12,830,31.07273508018
13,830,26.0151139980398
14,830,19.7365677502549
15,830,23.5202738146617
16,830,29.7349148140532
17,830,28.1084073134245
18,830,21.2711865265615
1,831,24.1637247129268
2,831,25.9924764359387
3,831,30.9605804073141
4,831,21.9306460863209
5,831,25.3302067072208
6,831,27.0030461517791
7,831,25.2897210081741
8,831,26.1357524448623
9,831,26.4987278193364
10,831,28.3418105551003
11,831,31.7278096437196
12,831,24.2169141856449
13,831,29.0183058986406
14,831,24.5350398795729
15,831,28.0821873119785
16,831,22.3694857199785
17,831,30.5711323589234
18,831,21.9509809708233
1,832,22.2379575513801
2,832,22.2547400450212
3,832,31.0043502850865
4,832,31.7040601320419
5,832,26.7781596836634
6,832,33.9131592339219
7,832,20.8869108750471
8,832,26.5742432075169
9,832,24.3215935930554
10,832,29.5383032236477
11,832,25.2698547934331
12,832,25.4822767086506
13,832,32.2162980002977
14,832,21.7526519443627
15,832,19.24735418595
16,832,25.648828817871
17,832,25.3486240013527
18,832,30.7549622243326
1,833,22.7239846839685
2,833,22.3356554213483
3,833,27.7309563730521
4,833,31.0763381402833
5,833,26.8138671749166
6,833,29.2182059290801
7,833,30.6811957456685
8,833,26.9840160196139
9,833,30.4473845092543
10,833,27.4760146337618
11,833,29.4056540018291
12,833,30.3661167222331
13,833,32.9734166282574
14,833,23.7249531383156
15,833,22.2482936349521
16,833,27.5847946719689
17,833,24.7312341110704
18,833,20.7557896512867
1,834,30.3505095271087
2,834,24.2766514637173
3,834,24.3434513286485
4,834,24.6551756238636
5,834,21.59396244271
6,834,21.9821547940475
7,834,28.0290534325225
8,834,21.3011545605382
9,834,29.7912157699405
10,834,32.3777697403965
11,834,24.6280391027332
12,834,27.3282672028326
13,834,18.0100977743734
14,834,27.6473583604321
15,834,22.1871960520954
16,834,29.9443528335688
17,834,21.5703548796981
18,834,25.9727250734682
1,835,24.111081762998
2,835,29.7596788541109
3,835,25.1632751819498
4,835,25.6739014289457
5,835,30.4596937066222
6,835,29.3473663040946
7,835,20.9585444360991
8,835,20.8096582880915
9,835,24.2235258747673
10,835,22.9663865915449
11,835,23.675910245156
12,835,25.6361019677001
13,835,31.940452496348
14,835,26.4479244474949
15,835,20.7216454936888
16,835,22.2038336602026
17,835,20.5404840440964
18,835,27.0469267741647
1,836,30.6234633154908
2,836,27.8706097964309
3,836,26.8739481381575
4,836,26.490377585438
5,836,24.3459029874841
6,836,18.1290793567549
7,836,23.7504728344136
8,836,28.5972474665936
9,836,18.1479543723647
10,836,26.3009435688314
11,836,27.7369761933801
12,836,26.5554487289667
13,836,26.1902731602667
14,836,21.3852415900912
15,836,30.8536366645931
16,836,27.0498804324304
17,836,24.8014218295638
18,836,30.6738660202627
1,837,30.5129690457743
2,837,22.7618232377994
3,837,27.6680604519363
4,837,22.7322561936922
5,837,29.5135241048765
6,837,25.8281925836937
7,837,19.7748143245883
8,837,27.813809906561
9,837,30.4498061011124
10,837,26.2701648814553
11,837,29.6724623098137
12,837,31.7484589158086
13,837,31.5705658224193
14,837,23.2667475721441
15,837,26.5304185007895
16,837,30.261870265328
17,837,22.2356663451056
18,837,23.9539845979158
1,838,26.1903462085725
2,838,25.0213169686563
3,838,29.5654870044308
4,838,25.3832008684514
5,838,30.0430032895775
6,838,26.9616005613121
7,838,31.6232922744684
8,838,25.9743838995548
9,838,26.4891317083491
10,838,22.198466992251
11,838,32.388818245514
12,838,24.5722604207895
13,838,23.4645805543614
14,838,25.7995607583565
15,838,18.0256702390792
16,838,27.1310631526841
17,838,27.5816958137501
18,838,28.5379557738417
1,839,26.6089669420536
2,839,29.4416944514138
3,839,21.3884753059867
4,839,23.9562194892549
5,839,27.2543370967291
6,839,27.681828501684
7,839,21.6439174439905
8,839,22.4185962114226
9,839,23.2652885028936
10,839,22.4516921683034
11,839,31.8468927533721
12,839,31.4463773920379
13,839,17.6567133748261
14,839,26.2333818840062
15,839,27.9166920092489
16,839,23.7576129733453
17,839,24.8834469942826
18,839,29.2225568696016
1,840,24.1756831412626
2,840,28.23741048882
3,840,27.2282674177511
4,840,29.6297511745088
5,840,24.7732329533324
6,840,29.1972980897407
7,840,24.5541012826525
8,840,27.9692896210702
9,840,21.0849081927083
10,840,20.5073724454163
11,840,32.447818312952
12,840,25.7664320361372
13,840,30.1316809718577
14,840,26.8776538434062
15,840,21.5209140368997
16,840,26.9191279924291
17,840,25.4879594174491
18,840,25.9214299767557
1,841,29.2026631277631
2,841,30.3049814180127
3,841,24.4278644128858
4,841,29.5435582542674
5,841,26.9140806951741
6,841,27.7370106102075
7,841,27.1795123137778
8,841,22.9871481620444
9,841,32.5361036003001
10,841,22.0308649374742
11,841,23.4791262484149
12,841,29.1178981210265
13,841,29.6118474398366
14,841,25.5533807373774
15,841,24.299007420038
16,841,33.2671644770804
17,841,25.6423415842412
18,841,28.3177330386839
1,842,26.5535975251757
2,842,26.098536550828
3,842,27.8881999198978
4,842,31.5754595910849
5,842,27.1429524659296
6,842,24.7827792073138
7,842,24.7786888474097
8,842,28.0407541639145
9,842,26.6964208128145
10,842,29.7186423211357
11,842,27.6705468921149
12,842,24.6914476014141
13,842,28.2845081580073
14,842,32.0777232295581
15,842,21.2501901568985
16,842,27.9285677000521
17,842,25.8711980594533
18,842,34.0598927656048
1,843,32.988291854552
2,843,19.6221621540176
3,843,24.4071383539224
4,843,26.2580610830743
5,843,26.9406863536445
6,843,24.6771054520463
7,843,30.464451707331
8,843,25.0773009327114
9,843,21.7057384144823
10,843,31.4125764424796
11,843,21.332297517139
12,843,25.8176150618127
13,843,31.0860434152999
14,843,28.0682330586153
15,843,29.0840586942006
16,843,30.4188267068886
17,843,22.1555526618072
18,843,19.6338891001368
1,844,32.0902426167764
2,844,17.7901761813576
3,844,30.5089881923501
4,844,23.6164227641291
5,844,32.855999205983
6,844,29.7794611624306
7,844,21.7453098187583
8,844,22.9700340884148
9,844,30.6312331848421
10,844,24.3629018265972
11,844,27.1108189136652
12,844,25.0562453715506
13,844,19.4596532327783
14,844,22.4644476302692
15,844,23.2232167233879
16,844,32.6769131970274
17,844,29.5047550819796
18,844,32.3146306371545
1,845,29.6125867863752
2,845,23.8638650155339
3,845,20.7797129668121
4,845,22.0554173370069
5,845,26.7930418092506
6,845,28.6966169101482
7,845,19.5876027777279
8,845,26.6176456900391
9,845,30.0569172302708
10,845,20.0348474847647
11,845,28.5661635581096
12,845,25.9388665769507
13,845,32.8496463673396
14,845,24.7359559415929
15,845,25.7022345097253
16,845,29.0829436562933
17,845,28.5940000102802
18,845,30.5470111977449
1,846,23.8894432787888
2,846,23.251156067099
3,846,22.6510615372388
4,846,24.8934469124588
5,846,30.4095521260878
6,846,32.8712840875222
7,846,30.1982313961789
8,846,24.9584440371296
9,846,27.9570356572595
10,846,25.4004566860234
11,846,28.4304642285973
12,846,25.7582679463487
13,846,27.9059356323858
14,846,28.3412432443975
15,846,28.2509482488981
16,846,26.1346818903607
17,846,27.4386355748619
18,846,29.656247577591
1,847,21.3316307997831
2,847,23.0711821323752
3,847,19.2382451344504
4,847,23.7705556170911
5,847,21.3362651077097
6,847,25.0503450860328
7,847,31.3474161999489
8,847,25.4649351332675
9,847,22.0963588694364
10,847,20.2027387804664
11,847,28.9764692974426
12,847,28.6624459564168
13,847,29.7300317858936
14,847,26.4231584365097
15,847,27.4189601577778
16,847,19.8023772879773
17,847,27.9314264825094
18,847,23.0889600965163
1,848,29.1687335644276
2,848,18.5054436473189
3,848,32.4014105706968
4,848,26.2570839961373
5,848,26.7374719854549
6,848,30.0760218951683
7,848,25.5079752457958
8,848,22.8813350024786
9,848,24.1715385076626
10,848,24.1455176853481
11,848,30.2531180680849
12,848,23.4109460425604
13,848,27.1272768856817
14,848,28.2020233616501
15,848,30.7970312478222
16,848,23.8925215679369
17,848,21.2152921540143
18,848,34.2249008832957
1,849,24.8880239510077
2,849,23.5833171296524
3,849,25.7482613261577
4,849,29.4704871622097
5,849,28.6152645355404
6,849,29.5548248048833
7,849,29.1821913182192
8,849,23.2160294844814
9,849,25.8937106178291
10,849,22.5432885323715
11,849,27.5741532492318
12,849,22.1284131726176
13,849,21.94831625234
14,849,25.3971272823685
15,849,33.5182939646703
16,849,27.3469774095928
17,849,25.7161770768648
18,849,29.2955418248368
1,850,26.3643133760524
2,850,26.4140863352793
3,850,25.322384965289
4,850,21.0730724533212
5,850,22.6078132551719
6,850,29.3638047097796
7,850,29.9957650182266
8,850,24.1386081839331
9,850,19.7177270864355
10,850,27.1608888724098
11,850,25.4661403228255
12,850,33.0094543045567
13,850,27.2075084946021
14,850,27.7911509503641
15,850,20.7987953405206
16,850,29.6199291938832
17,850,30.72751785757
18,850,30.8945759051074
1,851,24.7754545223874
2,851,20.0351901015478
3,851,29.2035250076887
4,851,22.0032784093461
5,851,19.7142533917589
6,851,26.3951145749376
7,851,25.6336492085133
8,851,29.9363652253904
9,851,26.9990733061519
10,851,24.598094715064
11,851,21.2171428986879
12,851,29.1092955251758
13,851,30.1839948194331
14,851,22.5448046239991
15,851,27.7417537406995
16,851,28.7284896975288
17,851,26.3783623463111
18,851,29.5084908014372
1,852,27.398897188201
2,852,29.2651411112858
3,852,26.5376110062878
4,852,31.1642383244697
5,852,29.2442158670963
6,852,24.6621807945672
7,852,27.4126884735323
8,852,26.4882910452508
9,852,32.2724345359747
10,852,27.0901016608083
11,852,25.0547459634058
12,852,25.1857261118984
13,852,30.0159268288072
14,852,29.8593617958486
15,852,27.2654112344634
16,852,26.22972220926
17,852,33.7735188871597
18,852,24.70983508727
1,853,26.8494192208038
2,853,26.0045360345773
3,853,27.2201089315664
4,853,23.1948564565127
5,853,25.3247335767799
6,853,34.2905699954434
7,853,19.0387962414916
8,853,20.0760095823374
9,853,19.3049322180735
10,853,23.0931217338204
11,853,26.2140746166186
12,853,21.1920197822969
13,853,27.0890196030297
14,853,27.5474227122462
15,853,23.8835968456341
16,853,21.3942976385913
17,853,29.0358881519573
18,853,25.8852156759044
1,854,31.7275012151476
2,854,22.0331715127978
3,854,32.7607273466596
4,854,27.5423034229916
5,854,18.8390050315774
6,854,29.9518864716528
7,854,29.7738990361015
8,854,31.7958518528745
9,854,30.2844500175529
10,854,27.4730577568296
11,854,29.3303983752223
12,854,21.5716502961847
13,854,30.9381560305876
14,854,24.610003288672
15,854,26.168640205007
16,854,23.297258470255
17,854,25.5947915716309
18,854,27.7620565199625
1,855,30.5502913144787
2,855,31.2804826098589
3,855,23.9420710745433
4,855,27.367930226342
5,855,30.0849748221536
6,855,24.6604262434884
7,855,23.4082070740115
8,855,27.6379167577096
9,855,24.3257979483116
10,855,25.8443860749914
11,855,23.8444036480811
12,855,26.1911773187665
13,855,30.0475521893608
14,855,29.9755644503813
15,855,26.5143672191031
16,855,32.9402522724431
17,855,28.740106710306
18,855,25.8334187178105
1,856,34.1360719963465
2,856,24.4908752122593
3,856,22.603699750369
4,856,29.0942704633135
5,856,31.615235539197
6,856,25.8827894184457
7,856,29.0667185140106
8,856,21.6998979810391
9,856,26.803385646453
10,856,21.5041133541078
11,856,21.8551216420643
12,856,22.0747924062604
13,856,34.6932927925748
14,856,30.8795775547191
15,856,20.1803454328134
16,856,27.7347672618452
17,856,23.565535285501
18,856,26.1909424685045
1,857,30.93133939964
2,857,30.5153700611136
3,857,20.513707255848
4,857,26.4953106430844
5,857,28.3681648411365
6,857,31.0009902631433
7,857,20.4721681589237
8,857,25.2307373420329
9,857,28.4171663326321
10,857,26.0555122932153
11,857,33.8012196831369
12,857,32.6679954226921
13,857,27.4710202792573
14,857,20.4355196461481
15,857,28.5235415670283
16,857,27.9852307607309
17,857,29.4583711125393
18,857,26.5007468327179
1,858,23.4327799269089
2,858,27.4361885252821
3,858,22.7424566922791
4,858,29.5611610579564
5,858,24.5654508861289
6,858,29.5517202049078
7,858,28.0540395463599
8,858,27.0106699456507
9,858,22.2863172753265
10,858,31.4209909828868
11,858,26.4524591238828
12,858,24.6348392845196
13,858,29.7352020587706
14,858,27.7289605648458
15,858,24.4935277146278
16,858,24.8628586736649
17,858,26.5263334926858
18,858,20.749320677545
1,859,27.3860894927266
2,859,26.8140580802364
3,859,20.3289062297083
4,859,29.295849951619
5,859,26.0947097344998
6,859,26.8023765410541
7,859,21.7633823586813
8,859,21.716621400419
9,859,25.7345064970715
10,859,25.1821391995547
11,859,28.6183228342048
12,859,27.1814297316321
13,859,29.0789667331805
14,859,30.1799340440427
15,859,23.0379872182515
16,859,21.6651149485735
17,859,21.7675117324157
18,859,32.4668703845427
1,860,32.9269194035207
2,860,21.3877111504856
3,860,19.4445744302899
4,860,24.1549393148053
5,860,22.1357354580618
6,860,26.1048528717586
7,860,25.4410924415349
8,860,28.6406508540777
9,860,26.4643071749323
10,860,27.1948136105245
11,860,24.1458899589939
12,860,18.2675114549914
13,860,21.2074988684425
14,860,28.848039422775
15,860,26.3811319768451
16,860,26.0811275823775
17,860,21.4618707613887
18,860,25.5521017628826
1,861,24.7081881826502
2,861,27.7066614453693
3,861,28.3014868291572
4,861,32.9484723246259
5,861,30.5896281347426
6,861,29.6906265270489
7,861,30.8436317487904
8,861,25.7069667220402
9,861,30.1489599409887
10,861,26.0652614554465
11,861,25.6466414811975
12,861,26.7126564830276
13,861,19.8890391921141
14,861,21.694333579424
15,861,20.4875287778363
16,861,27.1698242682248
17,861,29.3013733307827
18,861,24.3413879574259
1,862,18.628711783491
2,862,25.5179870826522
3,862,29.5158799246511
4,862,28.5895296520975
5,862,26.8209593386595
6,862,27.1144145133382
7,862,33.2580132771965
8,862,24.8612122037423
9,862,26.7042829731827
10,862,29.3083777882476
11,862,18.9145177975866
12,862,28.545660215661
13,862,29.8285701915264
14,862,28.1275689158919
15,862,30.8198109722271
16,862,30.9308792369182
17,862,25.0815291407486
18,862,24.7362157627175
1,863,25.5655496378009
2,863,20.67491337752
3,863,28.2313442707058
4,863,28.8192843285357
5,863,27.6790042201858
6,863,32.0568216934829
7,863,26.6901477966078
8,863,28.5146401974333
9,863,26.9527907309238
10,863,25.5625959170455
11,863,33.4123307635363
12,863,30.2257989639187
13,863,30.8348023069532
14,863,21.3450910732006
15,863,33.5490096630474
16,863,29.6347122116604
17,863,25.1067360166692
18,863,28.4225550733187
1,864,25.0754043226324
2,864,24.7950063465322
3,864,25.5019452816434
4,864,27.8823571593649
5,864,29.4384168444493
6,864,25.3612905623962
7,864,32.9428669745615
8,864,31.4378958141878
9,864,28.3020242356022
10,864,29.3864286376839
11,864,25.4699118900014
12,864,28.0997086745566
13,864,27.8737003425876
14,864,34.4626725291748
15,864,25.3951275350102
16,864,29.645994009201
17,864,25.9945061045343
18,864,25.7968895245905
1,865,22.7054778749345
2,865,26.8760030366854
3,865,27.2711104166153
4,865,28.5649418612606
5,865,25.0405518804137
6,865,26.6218041471809
7,865,22.5129279025486
8,865,22.5364717783556
9,865,26.789057753399
10,865,29.9534429433662
11,865,28.5239168426125
12,865,28.1949032390677
13,865,26.1260035332229
14,865,28.1465424761148
15,865,25.7385154784754
16,865,26.5014775212005
17,865,25.8112414737735
18,865,20.9939148700782
1,866,30.4367054892168
2,866,24.6618730573057
3,866,29.4527825814944
4,866,23.8628461662841
5,866,26.6441640652443
6,866,31.2977732909283
7,866,22.9583293403056
8,866,29.2794786109186
9,866,26.9404341429658
10,866,33.6889291707869
11,866,21.5216091163577
12,866,27.6302973305176
13,866,30.8296141992637
14,866,24.7613549873131
15,866,28.1032452710232
16,866,28.3493062902011
17,866,32.1211827772741
18,866,29.4027350960085
1,867,30.808762036777
2,867,25.8006700809429
3,867,28.4399714994219
4,867,26.7154514128348
5,867,24.8487025066204
6,867,23.7299839524756
7,867,26.2879743542274
8,867,24.1593330496071
9,867,21.8169774401785
10,867,20.9372578156463
11,867,25.9580820340065
12,867,24.5491323872189
13,867,31.0619927324382
14,867,24.2010491562158
15,867,27.3615393601473
16,867,23.6250529969831
17,867,27.3387156587403
18,867,29.1546251143795
1,868,24.9796444291325
2,868,22.3488065102429
3,868,31.6072713751528
4,868,32.2009934622072
5,868,28.6967643397263
6,868,26.6352167753821
7,868,23.2023176456784
8,868,21.8694237662091
9,868,27.8005451162224
10,868,24.0837724739356
11,868,30.8666436913755
12,868,31.8805256279454
13,868,25.7086691105142
14,868,28.1628936127974
15,868,26.8967276866117
16,868,28.2779174276939
17,868,25.3471809363996
18,868,20.5408985883317
1,869,31.4786000048585
2,869,26.6001033519984
3,869,27.1855126180356
4,869,34.7903451287422
5,869,34.473795406848
6,869,26.1333525701398
7,869,19.2966088041404
8,869,22.1983528801219
9,869,26.5685873411578
10,869,27.5270906913324
11,869,30.076368908839
12,869,27.6617217775095
13,869,25.7198427001978
14,869,23.3742649717085
15,869,33.588436085637
16,869,27.6479269647479
17,869,26.7024510961893
18,869,25.4166808638038
1,870,22.4396303041905
2,870,33.132545154917
3,870,24.9563654895544
4,870,21.4320755433897
5,870,25.8501174199784
6,870,27.9971835640255
7,870,27.140931308834
8,870,22.2126762714606
9,870,27.3383695931599
10,870,21.5186665494877
11,870,32.1237204237056
12,870,23.4734088226137
13,870,23.9017486553178
14,870,23.8879074053366
15,870,24.860023512873
16,870,29.095285077485
17,870,26.7033571719358
18,870,19.4044296242559
1,871,21.9651209836165
2,871,25.4722480011044
3,871,27.5065551608483
4,871,27.3342034378172
5,871,27.7777925890466
6,871,22.2407278978937
7,871,21.77925123591
8,871,23.5764048453027
9,871,21.600913667084
10,871,25.0980172099562
11,871,26.4777056646612
12,871,25.3253380746789
13,871,23.9279279483694
14,871,23.2041311374047
15,871,29.4381332376685
16,871,30.566212484653
17,871,24.4238355688437
18,871,21.7480087844326
1,872,26.4412075338495
2,872,26.9754012739594
3,872,28.3756892860712
4,872,29.9931799466769
5,872,23.5403487791617
6,872,29.6608967366011
7,872,30.1900094346954
8,872,28.1649091236989
9,872,27.8629862413609
10,872,30.1653620990828
11,872,33.9416192051837
12,872,21.8086286309363
13,872,25.4745758813344
14,872,24.2082462128796
15,872,19.3112730531215
16,872,27.232248786303
17,872,31.0920939702617
18,872,24.5871029313896
1,873,26.7821443316989
2,873,30.630124205925
3,873,32.4653874370791
4,873,27.2553933364366
5,873,22.7177687988579
6,873,33.6211228684831
7,873,34.4846387111955
8,873,29.6238117848712
9,873,31.9006192003
10,873,22.1832121395185
11,873,25.9438134882951
12,873,30.0411777373218
13,873,30.8956138797546
14,873,26.1912765510538
15,873,26.4419105302131
16,873,19.5544902520546
17,873,33.4214469657769
18,873,26.2304684465664
1,874,24.2886974234211
2,874,26.7264009829587
3,874,27.3692609601131
4,874,27.0249565256265
5,874,22.4488334677982
6,874,33.9979321952462
7,874,26.3939591446406
8,874,26.116573389293
9,874,22.975711023524
10,874,25.645394727
11,874,32.8265832956359
12,874,22.5796753015084
13,874,25.4491526221262
14,874,20.529242920292
15,874,24.2804477457188
16,874,24.7046843100822
17,874,30.927835239805
18,874,26.896673532068
1,875,19.9610335209376
2,875,21.7536279455132
3,875,30.6793704773602
4,875,29.4691164683185
5,875,23.7937458962803
6,875,26.37757947621
7,875,27.4448622231661
8,875,25.7274853305204
9,875,21.2639450622682
10,875,23.6429213570333
11,875,29.0539305497453
12,875,24.4544634289183
13,875,30.3625009618387
14,875,25.9859680526353
15,875,28.0198902362709
16,875,18.4682271097851
17,875,23.9935706370339
18,875,30.1436933091404
1,876,28.9450713465607
2,876,28.5738437698995
3,876,25.8351257451163
4,876,19.7857004213939
5,876,27.4167504622457
6,876,23.1226448939496
7,876,24.9772306226457
8,876,23.5175129788183
9,876,34.2236338397362
10,876,26.1544502163087
11,876,19.8716920683766
12,876,22.0024009803516
13,876,29.0982458718145
14,876,33.1002080648889
15,876,33.2522986958549
16,876,27.4541750461912
17,876,23.2225973480606
18,876,25.3774157970329
1,877,20.0341740680615
2,877,33.5249727003299
3,877,21.7075353331676
4,877,20.9484742198197
5,877,27.1626600435362
6,877,27.21750964644
7,877,31.9029427438475
8,877,33.4932828994804
9,877,29.2803224016303
10,877,18.9947924710022
11,877,27.351965699683
12,877,31.2053398133343
13,877,22.5319976015975
14,877,34.2534187445573
15,877,23.6164649490303
16,877,31.1854408633431
17,877,27.0002340547788
18,877,28.1061853406526
1,878,27.0000200183933
2,878,30.2279609270668
3,878,26.1364972716702
4,878,20.1065032896839
5,878,19.6363330121699
6,878,24.9206099272061
7,878,27.6652574747897
8,878,27.7410568522107
9,878,25.81926302328
10,878,20.290778181133
11,878,20.4155481307745
12,878,28.3621124693818
13,878,19.9414657742532
14,878,24.7474667008631
15,878,27.3494630285289
16,878,31.1095321876758
17,878,22.9876867190459
18,878,27.1522878796422
1,879,19.6769497903608
2,879,28.7460857479833
3,879,26.3691090952293
4,879,30.3089681017076
5,879,28.5659097567393
6,879,26.4770214439498
7,879,30.5854667179488
8,879,25.8581510439345
9,879,22.6095038132868
10,879,22.2048420226186
11,879,26.6117663134299
12,879,24.2037587596016
13,879,30.9450477767283
14,879,29.0019235752714
15,879,20.730659201438
16,879,27.8367753719126
17,879,30.9881081534317
18,879,31.5293875694003
1,880,33.0417784553187
2,880,23.4709142350686
3,880,23.6799407319463
4,880,33.6988356739612
5,880,26.2170712527563
6,880,27.4690675027347
7,880,17.3112201365736
8,880,27.4899320607446
9,880,19.282773060389
10,880,26.5789658948058
11,880,31.5321815939146
12,880,26.5308066527017
13,880,17.7794787222431
14,880,22.7488031133202
15,880,27.110011265639
16,880,19.567100340902
17,880,22.2632459714914
18,880,27.0900438634905
1,881,25.8206764264784
2,881,25.4991273133717
3,881,24.1909946434872
4,881,27.1047219338896
5,881,25.9926768948043
6,881,27.4989484425313
7,881,26.1620761170754
8,881,29.6334264102033
9,881,28.3471711435045
10,881,22.8333487149441
11,881,25.5658771527383
12,881,30.576321582383
13,881,30.8426568019198
14,881,21.346637258399
15,881,22.3592240057482
16,881,29.7661308664389
17,881,26.5535254097968
18,881,28.1894332545738
1,882,19.0058200497526
2,882,28.594407439859
3,882,28.553943626837
4,882,22.9931399682374
5,882,27.2890279508437
6,882,21.1829667115834
7,882,29.7133900322167
8,882,33.2446637986731
9,882,21.0627926165737
10,882,28.6637134015568
11,882,24.51433354862
12,882,23.183752202023
13,882,21.7469254744916
14,882,29.4869392331321
15,882,26.4396555345028
16,882,19.7353526746168
17,882,23.3166207255702
18,882,27.4319848700469
1,883,25.5390563946765
2,883,21.0188445238735
3,883,30.8973304558997
4,883,22.7517655184602
5,883,33.0941872216953
6,883,22.817945841675
7,883,19.4116510866208
8,883,23.0438706148505
9,883,21.1924329002849
10,883,33.1588254338762
11,883,31.1037181504112
12,883,27.9705103995685
13,883,27.03194967437
14,883,22.136117264226
15,883,22.6229296416235
16,883,23.7759302163378
17,883,29.3400918074852
18,883,27.3679266360878
1,884,21.9236871978654
2,884,24.8032268003624
3,884,26.179667330661
4,884,20.0662829796594
5,884,28.1015310675242
6,884,31.6679245328838
7,884,29.703466128612
8,884,30.7208949257276
9,884,29.2705920429499
10,884,25.4828345785894
11,884,28.7745741896336
12,884,27.8991742250695
13,884,28.2522624282555
14,884,26.452398561698
15,884,30.3751850830915
16,884,31.879406544371
17,884,25.3292756849275
18,884,25.3879648918447
1,885,22.2102295781736
2,885,20.699702930875
3,885,28.2619323914234
4,885,21.2598730108281
5,885,28.1164437591448
6,885,26.5934853712719
7,885,30.4418926027241
8,885,22.9587283456619
9,885,22.566176558182
10,885,29.2107672790389
11,885,28.0342516311862
12,885,24.4793791175711
13,885,24.9184057048695
14,885,28.4897137952312
15,885,29.1858030621244
16,885,28.9134399434504
17,885,30.9800861170545
18,885,23.7986048535709
1,886,29.9106221581818
2,886,22.1123781068071
3,886,22.4916592098615
4,886,22.2821362514637
5,886,23.1193954520729
6,886,31.1607335188815
7,886,24.2194144189661
8,886,27.431342676777
9,886,28.3672849355417
10,886,26.8294931493394
11,886,23.7906876636438
12,886,26.2585569607786
13,886,27.5143716088162
14,886,28.4923266828539
15,886,30.8751196232716
16,886,30.4540846351338
17,886,28.7598915116172
18,886,29.8957634430569
1,887,31.3532959616186
2,887,28.0318203970741
3,887,27.0746562188765
4,887,25.4971631763369
5,887,27.709900492532
6,887,30.709661243952
7,887,22.6491278599702
8,887,27.3578747137422
9,887,29.0939953825214
10,887,24.9689249818235
11,887,19.9450144835071
12,887,29.2870302262975
13,887,21.1998345136622
14,887,27.9869902690666
15,887,28.0814476460707
16,887,19.8816237374252
17,887,22.910456261802
18,887,30.7931050686925
1,888,28.1127032994272
2,888,26.230515263486
3,888,21.4161740722338
4,888,25.6949483188686
5,888,26.8455377035401
6,888,28.7700723423528
7,888,20.0794191598968
8,888,32.5643536082382
9,888,28.496619001028
10,888,29.9325507883333
11,888,19.8798402068097
12,888,28.8029252848587
13,888,27.7207125460607
14,888,28.111747066116
15,888,26.7844659245766
16,888,26.7139755168392
17,888,30.2318094168941
18,888,27.0150346539876
1,889,34.1300092438158
2,889,30.1116578608616
3,889,19.7823494678504
4,889,30.1740130924895
5,889,25.2873799018726
6,889,28.9387744367202
7,889,24.0072702457092
8,889,29.4154037843184
9,889,23.9227306399887
10,889,29.2694679115609
11,889,21.44302086413
12,889,29.5695486612759
13,889,28.5355368714736
14,889,21.6273344087652
15,889,27.5621471053485
16,889,33.8013278046545
17,889,28.6367682038299
18,889,25.5035963324302
1,890,33.0042249748814
2,890,27.0023357173273
3,890,20.0463638932609
4,890,28.3948288245193
5,890,27.7967451287555
6,890,26.050244669996
7,890,25.6728401863789
8,890,29.3840798119457
9,890,25.2113772903595
10,890,26.5137019282345
11,890,23.8659587268701
12,890,28.1191114362044
13,890,25.9825336180584
14,890,28.7688045255826
15,890,30.2484568956545
16,890,29.6100204692007
17,890,23.3217968731236
18,890,20.4168480325984
1,891,25.5020350216916
2,891,17.9210218712126
3,891,28.2962420811653
4,891,33.7862685926475
5,891,28.4152930588738
6,891,20.2647227722198
7,891,32.8530321537397
8,891,19.7034945074844
9,891,25.5444623694216
10,891,31.3617471958051
11,891,26.0514185845212
12,891,26.3252342338269
13,891,19.8143055996888
14,891,30.9442311161906
15,891,31.5655171588415
16,891,26.3344981847373
17,891,29.4747433268663
18,891,23.5346032493547
1,892,30.4520729884995
2,892,27.8237741078267
3,892,22.5815900303287
4,892,25.7650346507522
5,892,32.2283891873456
6,892,23.5499965785614
7,892,23.8696950378341
8,892,22.6505618427957
9,892,32.1823662226352
10,892,26.6586839004323
11,892,26.5950519425824
12,892,23.1711216832662
13,892,28.8917300774854
14,892,29.5831484955991
15,892,27.2902397590499
16,892,26.3412113011533
17,892,23.2355390048311
18,892,22.8392093054354
1,893,26.1148251755846
2,893,23.907046139876
3,893,24.5717045707336
4,893,21.5442735180938
5,893,22.4946016308447
6,893,28.9148422610263
7,893,26.1903805184352
8,893,22.1917086061524
9,893,23.0474704142186
10,893,28.8955498995358
11,893,26.6731426912209
12,893,31.6318030139341
13,893,27.418417906097
14,893,29.6709214512634
15,893,29.4246696880022
16,893,28.7231335350434
17,893,23.2038298852413
18,893,23.5569609111006
1,894,29.2587168361354
2,894,25.4609987142023
3,894,26.762601338923
4,894,32.4203817307674
5,894,25.2929950853508
6,894,29.8981648574258
7,894,30.902873347171
8,894,27.3201137180657
9,894,27.6489057807399
10,894,28.6354009485278
11,894,23.463997354925
12,894,23.2416559851959
13,894,21.523555993725
14,894,25.5323719927171
15,894,27.99682990922
16,894,25.0355755632093
17,894,23.5940035226905
18,894,30.2585035650403
1,895,33.0044172001949
2,895,23.3272573627399
3,895,28.7654516077372
4,895,21.8140674154507
5,895,17.9579963389864
6,895,24.3745258151593
7,895,22.487401152882
8,895,27.0365202165968
9,895,21.607072528567
10,895,26.3765404873706
11,895,22.5114916710255
12,895,24.386678179767
13,895,20.2129491241392
14,895,24.5914377240121
15,895,28.6753054090196
16,895,23.6577640390322
17,895,28.1299032447769
18,895,29.5595529723699
1,896,28.3118804266974
2,896,26.3876637032011
3,896,30.9225456504264
4,896,29.6008013377688
5,896,26.609450124141
6,896,23.2844687170252
7,896,31.9697856675838
8,896,31.2574897971682
9,896,22.0639685488435
10,896,25.5610419735764
11,896,23.9044005020613
12,896,27.4498445749701
13,896,23.5091798855691
14,896,27.168149205214
15,896,25.2182541350981
16,896,27.3850633679291
17,896,22.9773710084054
18,896,21.5203403385687
1,897,29.140704566382
2,897,23.4191629178532
3,897,26.2456871050113
4,897,25.8483588218711
5,897,30.8785191836042
6,897,22.1359907250241
7,897,20.6057429128911
8,897,29.3461996830815
9,897,20.5879386021721
10,897,22.5810607094221
11,897,23.9311429913834
12,897,24.8120993416927
13,897,23.1053912783491
14,897,30.1236531578828
15,897,20.6226173156026
16,897,27.9692725491448
17,897,28.1882298882481
18,897,25.8753586212349
1,898,29.2426634846784
2,898,30.2084581161593
3,898,31.5865246049222
4,898,28.2651018598251
5,898,28.6406576081054
6,898,28.9216729779524
7,898,28.3348665220885
8,898,29.9423253983972
9,898,31.5396372615715
10,898,24.2935876774878
11,898,25.1707977807158
12,898,23.1310255730214
13,898,27.2175862826293
14,898,32.9322641817622
15,898,27.8037587296262
16,898,33.4597479437795
17,898,34.1310437894915
18,898,22.7761196410801
1,899,28.32986302078
2,899,27.865802765542
3,899,23.4770179725393
4,899,30.8936061365547
5,899,28.4701248128103
6,899,27.0701225690262
7,899,21.9927352503478
8,899,29.9246368164715
9,899,22.1148339285266
10,899,19.5693556731746
11,899,31.225498951979
12,899,24.2537919579917
13,899,21.8876087753886
14,899,28.1254016974733
15,899,20.4721867626617
16,899,26.5722751067509
17,899,24.8264422746975
18,899,23.1294839443205
1,900,24.1304967820408
2,900,27.4903937637785
3,900,27.8922344574139
4,900,21.6405421610043
5,900,25.7934884653038
6,900,30.0532034624409
7,900,34.4931432514002
8,900,23.1531696225199
9,900,31.6354957716133
10,900,28.6765921245453
11,900,19.2534344022516
12,900,25.3499445815557
13,900,27.9149434273454
14,900,30.0911916649263
15,900,25.0769362350853
16,900,26.2658341128403
17,900,29.644188037105
18,900,32.5976572541271
1,901,22.5134915610078
2,901,31.8721646631848
3,901,24.6138418712023
4,901,30.7786270979177
5,901,27.0096171339653
6,901,28.7150743476119
7,901,28.2528195462639
8,901,27.9027453707939
9,901,20.1919512817472
10,901,20.6337213321035
11,901,25.156056636922
12,901,25.4949377415986
13,901,19.1458495891447
14,901,24.1681582776895
15,901,28.7497229332669
16,901,28.1018136980026
17,901,23.9904981506795
18,901,29.20997819533
1,902,31.7873743204432
2,902,26.4922085747361
3,902,31.1264517778855
4,902,29.1701166135682
5,902,23.4930820909411
6,902,30.9397585560754
7,902,28.0371800880656
8,902,26.0523605547105
9,902,31.0861656740754
10,902,24.4105695365575
11,902,28.4528834224112
12,902,32.1303483765958
13,902,22.1341055521148
14,902,30.0449706833915
15,902,19.3033142734864
16,902,21.2442968154529
17,902,27.6415104022047
18,902,26.7473314913577
1,903,23.7609229522622
2,903,32.3423089605516
3,903,31.7628511971441
4,903,23.281672527609
5,903,23.3279472520476
6,903,22.9745170156848
7,903,29.16859325263
8,903,25.3399940113919
9,903,30.2463265021575
10,903,32.4559059695617
11,903,29.7221587619981
12,903,23.9737809046738
13,903,20.0902071171767
14,903,26.0568515506912
15,903,20.7849008516676
16,903,24.618860398564
17,903,24.7300993529879
18,903,23.7834117180128
1,904,30.6330976040308
2,904,28.4215388630564
3,904,31.3332008288232
4,904,26.1988686513794
5,904,33.1259132790354
6,904,31.7095065510551
7,904,22.8713418238798
8,904,20.8056773191794
9,904,24.0424535934996
10,904,31.9060488911282
11,904,26.6515670355998
12,904,23.0173341039569
13,904,31.348244386193
14,904,24.5031814493733
15,904,19.4566466445556
16,904,24.4672814681569
17,904,21.6945864918848
18,904,29.6874961838409
1,905,32.8548248755655
2,905,33.0294985812623
3,905,29.6761875299673
4,905,23.1039508291694
5,905,18.9317494014329
6,905,29.1863147372597
7,905,30.7439863883966
8,905,29.0690803691985
9,905,28.1635077684921
10,905,25.5924856828664
11,905,23.8462529975976
12,905,20.6176724383219
13,905,26.7232388301263
14,905,23.1720968826838
15,905,29.1130705902001
16,905,28.9467083801522
17,905,28.0386201924183
18,905,26.9178020473856
1,906,29.7203937131524
2,906,31.1050035532502
3,906,32.2675489322643
4,906,23.3773844482736
5,906,28.179327893495
6,906,26.8068989752897
7,906,20.7589257293105
8,906,31.4987454019365
9,906,26.9762781998636
10,906,19.5144909058146
11,906,18.4688452371591
12,906,22.973099376664
13,906,25.7818643692129
14,906,25.8491482256084
15,906,23.4193299350496
16,906,27.9063006965961
17,906,22.8873881869641
18,906,25.4359466456336
1,907,24.205253415994
2,907,30.7732790934466
3,907,35.1655494479487
4,907,28.5889842676261
5,907,22.580775933268
6,907,32.6675737557527
7,907,22.944918305688
8,907,21.0029715905459
9,907,25.2048141297756
10,907,28.9595773170472
11,907,25.1924998306784
12,907,24.7217926497439
13,907,35.0371192627518
14,907,27.5281223632381
15,907,26.6451897196959
16,907,20.6623632855542
17,907,26.1588520541144
18,907,22.3791474392197
1,908,24.8344621839518
2,908,31.2210153792757
3,908,30.9309066148032
4,908,32.0706539511128
5,908,25.9073508539375
6,908,24.7928281123255
7,908,28.4810871795349
8,908,26.7141431935495
9,908,27.14978766433
10,908,19.5683477512568
11,908,20.488963636918
12,908,27.032191539791
13,908,23.3675826790577
14,908,25.3470301650396
15,908,26.7492778127087
16,908,32.7692127849791
17,908,31.1996081207748
18,908,28.6871018572405
1,909,27.8864572100955
2,909,32.3986035525149
3,909,27.2282130763266
4,909,27.7492431009819
5,909,23.3934509504491
6,909,29.349058533103
7,909,30.208493161921
8,909,29.7200460910601
9,909,30.2858155469076
10,909,19.0387713036991
11,909,25.4538152154515
12,909,29.9823202160939
13,909,29.6324841976251
14,909,28.6628163924843
15,909,25.7862063042144
16,909,29.658865347167
17,909,27.5233759245445
18,909,27.0242238369753
1,910,29.8332153822737
2,910,26.9533356539846
3,910,28.8350568619605
4,910,24.2877475344542
5,910,23.6180746284841
6,910,18.7958005823212
7,910,28.1346010297333
8,910,21.9132622930812
9,910,24.5918321129218
10,910,26.4512616790057
11,910,25.994671108258
12,910,22.0968138888097
13,910,22.984892051759
14,910,23.9276214373579
15,910,26.6529172752491
16,910,29.4233720222322
17,910,30.0087503380601
18,910,29.1326679486983
1,911,25.4927963648364
2,911,26.7105792096533
3,911,29.436263303879
4,911,31.0370856796547
5,911,26.3459632291353
6,911,27.9861057565014
7,911,28.8196979978046
8,911,25.9871886582868
9,911,20.5126273802302
10,911,27.5177748815209
11,911,29.3952002617394
12,911,23.0745166244971
13,911,24.0493650480281
14,911,25.7056570792759
15,911,24.963339096465
16,911,20.7859224459165
17,911,27.6931665890836
18,911,25.0280702411543
1,912,28.5627701975879
2,912,32.802163939729
3,912,24.7197061200467
4,912,26.0511431783618
5,912,22.4494459396059
6,912,25.3153869434692
7,912,23.8683369293318
8,912,32.4547001454757
9,912,21.5277914759288
10,912,24.0307837322769
11,912,30.9217697073052
12,912,21.402168323726
13,912,28.1446192035275
14,912,28.2047636151674
15,912,26.6984081679446
16,912,27.914049466865
17,912,22.4342584687614
18,912,22.8690032819977
1,913,29.961201083337
2,913,23.2376159955253
3,913,27.4409825061305
4,913,26.0907391616147
5,913,19.9771141839842
6,913,23.8855005829342
7,913,25.1770087110264
8,913,30.7562060764979
9,913,25.4663347801236
10,913,29.4246442129846
11,913,25.4433463401088
12,913,17.4170533203193
13,913,26.8585724379655
14,913,25.640117076665
15,913,28.1876304616401
16,913,25.7825252257622
17,913,31.1739300247399
18,913,26.40789101463
1,914,26.3034298026779
2,914,32.1867214941691
3,914,24.1417718275914
4,914,30.1387537313818
5,914,21.8307482373183
6,914,31.2462719955688
7,914,27.9755060578579
8,914,26.4954854322387
9,914,25.0081475134534
10,914,24.679099985979
11,914,29.0199236363078
12,914,29.3241294079747
13,914,23.117880791062
14,914,28.5071048777155
15,914,25.5653039887414
16,914,27.9929171435304
17,914,21.5613962010694
18,914,26.9613916989115
1,915,28.8025859829775
2,915,19.1824159907704
3,915,25.9383524664468
4,915,24.1572418402468
5,915,34.6472906302065
6,915,17.5043994449358
7,915,24.9652432057459
8,915,32.45400365757
9,915,23.3612732728952
10,915,25.1469135696067
11,915,33.3682383444717
12,915,30.1110572784847
13,915,33.2907380818678
14,915,27.5591594243126
15,915,32.2593772697979
16,915,23.5832486151053
17,915,27.9170854507381
18,915,23.6529203054465
1,916,29.4934628132763
2,916,26.204178918439
3,916,30.2113987289748
4,916,27.9004381502334
5,916,30.9359952469692
6,916,29.4348925905937
7,916,23.9898618241502
8,916,24.2353124439302
9,916,23.4538556107057
10,916,27.1114086816005
11,916,30.7959161207171
12,916,19.2392811709483
13,916,21.8859336012505
14,916,21.5896539785814
15,916,28.1747469954614
16,916,23.7067423465799
17,916,23.6942795785043
18,916,29.2191757769684
1,917,33.5492878513179
2,917,32.6607098014468
3,917,30.3872547050468
4,917,32.2823734667672
5,917,28.7002550315751
6,917,34.5693940509644
7,917,27.4633797986128
8,917,30.4862839940014
9,917,23.3753285668928
10,917,34.642458115181
11,917,24.7925122072995
12,917,26.5542685130556
13,917,27.1112212319428
14,917,29.1151205595317
15,917,27.5596747054284
16,917,28.1801510800615
17,917,27.9410391700893
18,917,28.64767172113
1,918,18.1258101498721
2,918,20.925637239398
3,918,28.0434036043006
4,918,21.6751009337941
5,918,28.920884672228
6,918,28.1604944289106
7,918,30.8484813837507
8,918,23.1034056297714
9,918,32.347877618967
10,918,20.3927864185186
11,918,30.0262522291374
12,918,26.5090695692362
13,918,30.5332222947887
14,918,25.2046744203626
15,918,25.0311851715405
16,918,23.1522191723737
17,918,24.4993673736324
18,918,23.5023224820526
1,919,23.140621775042
2,919,25.1474829716021
3,919,32.5453671812329
4,919,28.5627819947502
5,919,19.1329522334639
6,919,21.6278334822315
7,919,27.6837340681201
8,919,29.7480198241238
9,919,26.8958137211921
10,919,33.806665747439
11,919,28.3820972202817
12,919,22.238040663298
13,919,29.890360730829
14,919,26.5853978264498
15,919,21.178951427209
16,919,20.6597025958338
17,919,29.733386204472
18,919,34.1535691670187
1,920,28.2236245688341
2,920,29.0483679367279
3,920,26.4962021049882
4,920,28.7447481417598
5,920,24.9044005776759
6,920,25.2272423615606
7,920,28.1851123976633
8,920,30.614710707934
9,920,23.6101399799847
10,920,30.8035705919003
11,920,28.2159419940269
12,920,22.4085027874219
13,920,26.7780942751472
14,920,27.5181287239392
15,920,20.1874064958192
16,920,24.2352697268188
17,920,32.8144985982862
18,920,29.2079761777941
1,921,33.6376543665502
2,921,28.6549972650761
3,921,30.7111529541765
4,921,22.4441174249631
5,921,25.0680189639452
6,921,26.6626980670219
7,921,24.3177870964901
8,921,28.561188985463
9,921,30.8033903472823
10,921,25.7784304072601
11,921,30.2615204938187
12,921,19.9871622345128
13,921,30.8280260865731
14,921,26.5668843624312
15,921,25.679671216889
16,921,26.8425066718623
17,921,31.0176045003161
18,921,30.4655792841684
1,922,32.9444927353293
2,922,22.4806740706606
3,922,27.3577198331616
4,922,30.6755307334801
5,922,27.425340175804
6,922,27.5245585591555
7,922,26.8788285019365
8,922,31.786152718779
9,922,21.8645085554238
10,922,29.1401884885272
11,922,21.9445893682028
12,922,26.6061648935301
13,922,24.3388382070451
14,922,19.5411806388686
15,922,28.4551284296653
16,922,20.3845077209854
17,922,27.7059646408053
18,922,28.5611482443678
1,923,31.2518927426252
2,923,28.7103208625391
3,923,23.0321225333562
4,923,28.0403052135835
5,923,26.3205312865381
6,923,27.8808763515983
7,923,24.8124660740382
8,923,26.69861118342
9,923,27.4753209927004
10,923,21.5234229810959
11,923,29.0805564852623
12,923,24.8966886398067
13,923,32.7042418360833
14,923,25.843708364383
15,923,32.6269292000722
16,923,28.5997307277863
17,923,33.1141678359383
18,923,30.3443848944342
1,924,29.0622740928545
2,924,25.1074569386937
3,924,32.9927162462478
4,924,24.4051298004766
5,924,22.1516502364661
6,924,19.680415814964
7,924,27.291086758472
8,924,28.9618877373518
9,924,32.004576282362
10,924,22.7443454030443
11,924,25.5702428563683
12,924,23.6013237908946
13,924,28.503918349334
14,924,20.683701816321
15,924,29.5945909817192
16,924,28.7895543235903
17,924,25.9101427998679
18,924,20.4459002171221
1,925,31.365527518748
2,925,19.0004418571291
3,925,28.7612669342618
4,925,25.3301683133248
5,925,23.4592221166119
6,925,19.4862484905412
7,925,31.1150551386066
8,925,30.5302997468326
9,925,21.6568143083824
10,925,34.0038904881756
11,925,30.2703064409914
12,925,24.583921228664
13,925,23.4061502579465
14,925,32.957518226282
15,925,29.010675083125
16,925,19.0720924064665
17,925,28.3751715131004
18,925,25.7275872754447
1,926,31.102899026177
2,926,20.8997708945658
3,926,28.2821993623968
4,926,29.5046584173131
5,926,29.9195012901282
6,926,23.078950033844
7,926,23.7895933615193
8,926,30.0099719089305
9,926,26.3906785888785
10,926,25.5293986125544
11,926,30.6893671950037
12,926,32.5525992606926
13,926,23.2428425018726
14,926,31.0653194459895
15,926,22.4973898603339
16,926,30.8784688735049
17,926,26.1131417547709
18,926,30.1000144908615
1,927,26.2715043537719
2,927,29.9452433091111
3,927,26.7535743738118
4,927,28.019458744969
5,927,34.0450437876629
6,927,27.1788849674105
7,927,20.6816329230372
8,927,31.1398042424367
9,927,22.9187584867155
10,927,30.8830877514918
11,927,23.3161340752922
12,927,29.5617017260068
13,927,31.9949546875037
14,927,30.3363731360387
15,927,31.3596532139687
16,927,28.3233216330818
17,927,22.8542094692218
18,927,20.5422806378962
1,928,22.302901646215
2,928,24.8239133532791
3,928,25.4158509450439
4,928,23.9391187677518
5,928,19.2556274062558
6,928,29.3013145936924
7,928,28.5667032922601
8,928,19.4390244672761
9,928,26.4449603744717
10,928,28.6409429492913
11,928,20.0037168036121
12,928,28.8748616413385
13,928,25.8013871267448
14,928,29.3200731542513
15,928,26.5718672198752
16,928,20.3840374476952
17,928,29.8742862412661
18,928,30.7717402338156
1,929,26.5347064246268
2,929,19.568434758221
3,929,23.7867002529763
4,929,21.7904873730191
5,929,24.0937814362991
6,929,24.0181595607419
7,929,31.6954778474065
8,929,22.3701024714839
9,929,25.5312924483544
10,929,24.0024544742452
11,929,27.8368688534466
12,929,28.5894829877302
13,929,28.2391179431748
14,929,20.6141659768494
15,929,28.3827853547216
16,929,26.0456030306873
17,929,20.687195981621
18,929,25.5167278377925
1,930,29.3086814805059
2,930,28.5916438331887
3,930,31.1464074090967
4,930,22.0223311514475
5,930,33.5648446582804
6,930,30.3635455500354
7,930,21.3386997565298
8,930,29.352515386871
9,930,22.0058581990707
10,930,22.8559986482996
11,930,28.370381845954
12,930,19.2414423650036
13,930,24.671415114835
14,930,22.5154912841643
15,930,31.3629726316689
16,930,25.3997583676729
17,930,20.6506529861481
18,930,26.0260616920404
1,931,28.1110929619058
2,931,31.7247490990393
3,931,28.166255022905
4,931,23.419798165493
5,931,30.0539321315618
6,931,29.2401807212003
7,931,30.1226320776066
8,931,27.4987263531313
9,931,27.1612406757795
10,931,25.1541818728214
11,931,20.1910370808253
12,931,23.8935362093595
13,931,27.9549827064088
14,931,19.7242823522171
15,931,28.1354338901816
16,931,20.6836343765938
17,931,19.6318706733579
18,931,28.1832541380525
1,932,30.9246043368942
2,932,32.9188602843843
3,932,27.148040563834
4,932,28.9742150679525
5,932,22.1097865387056
6,932,27.2790196602674
7,932,27.744300617847
8,932,18.7927805528954
9,932,30.3197588916316
10,932,30.6539977720693
11,932,28.9136523064326
12,932,27.4293500165388
13,932,25.1022453829587
14,932,24.7167297297185
15,932,34.1123451797057
16,932,29.8165904361601
17,932,26.0108254181897
18,932,31.0322500517185
1,933,27.9636273452719
2,933,26.0977564380005
3,933,28.5093966241888
4,933,27.8562704786347
5,933,30.2820235942728
6,933,28.6494394379316
7,933,29.911590660735
8,933,29.2938200424089
9,933,26.6713579863482
10,933,29.8081031784916
11,933,26.229831987951
12,933,30.1765431754662
13,933,22.2557377753426
14,933,25.8621750876324
15,933,28.2782280087562
16,933,29.8764504247898
17,933,29.4091046594782
18,933,24.7010581356853
1,934,25.0360666237654
2,934,30.1160201671332
3,934,29.9365312106524
4,934,30.1777429454214
5,934,26.9792346476413
6,934,18.7820091923533
7,934,28.6875714586469
8,934,21.8957896937936
9,934,23.6619590217424
10,934,25.3823790237995
11,934,30.73812649356
12,934,26.9341660175371
13,934,21.4392949326989
14,934,28.9137119380132
15,934,33.6512332027319
16,934,22.3574029211504
17,934,26.0433100684918
18,934,29.8833544190237
1,935,21.0232902352246
2,935,26.3985485126735
3,935,22.3983375240599
4,935,22.0205856397931
5,935,19.2395420747041
6,935,26.9951331547983
7,935,25.9390726182638
8,935,20.47289769243
9,935,27.4379036442715
10,935,19.529274423244
11,935,24.0829187317453
12,935,25.8256260665122
13,935,26.0817224658561
14,935,30.7215525051235
15,935,21.3949635397048
16,935,27.4174398276782
17,935,30.5425256542585
18,935,29.8325626387616
1,936,26.0935718696348
2,936,33.1322785146651
3,936,27.7891905857538
4,936,28.7831074085644
5,936,33.6981679425254
6,936,24.7070938344655
7,936,30.3924164346451
8,936,28.6571129542111
9,936,21.831715920041
10,936,27.483343479236
11,936,30.9271156597755
12,936,33.4583125093086
13,936,20.1481725311458
14,936,23.3971831871782
15,936,34.7141347066335
16,936,28.0854071078525
17,936,32.0822808823321
18,936,25.5530476308101
1,937,20.4950821895161
2,937,20.4505866078796
3,937,23.24297368048
4,937,27.8308447725653
5,937,32.3120747527158
6,937,26.5483198482189
7,937,21.9373087782906
8,937,22.9053744436807
9,937,34.1712590004376
10,937,28.8757797327565
11,937,31.6100699040288
12,937,26.4742655465916
13,937,29.8721960416128
14,937,20.5648069344771
15,937,24.9023711410524
16,937,24.5971489621504
17,937,32.6508390149668
18,937,30.3093238365857
1,938,27.4109889761245
2,938,27.0973000686458
3,938,30.7767956397887
4,938,23.1170505575265
5,938,24.3808816943133
6,938,24.0471216911916
7,938,29.7857954172124
8,938,29.4689763419288
9,938,22.6929680392657
10,938,23.5963177012221
11,938,24.5452364157075
12,938,27.6726095642191
13,938,26.0362159803872
14,938,24.0021917541558
15,938,31.1977151339388
16,938,33.5786518395481
17,938,27.4144741020205
18,938,28.7877668286164
1,939,24.9001846201533
2,939,27.8665541294533
3,939,22.3960484246257
4,939,28.8734332478569
5,939,23.6825183652117
6,939,24.3861142137196
7,939,27.8958031721534
8,939,29.5513684441368
9,939,28.0601998965433
10,939,26.0422477446133
11,939,25.6070081258537
12,939,26.2053066461472
13,939,23.960268724324
14,939,28.3574055988384
15,939,19.0731072023621
16,939,31.1603853927875
17,939,28.1342628010225
18,939,27.4007200415326
1,940,25.2408071385188
2,940,33.2182022521822
3,940,26.5702808503749
4,940,25.2252668048506
5,940,26.2078076186262
6,940,23.8557426640162
7,940,19.1329554663367
8,940,24.6664041633073
9,940,26.4038688309137
10,940,27.2466063161097
11,940,32.9924434146069
12,940,32.0343914366384
13,940,33.1056374124088
14,940,28.9684859150981
15,940,20.686170690286
16,940,19.0672683389667
17,940,26.8603146131788
18,940,28.1603009817142
1,941,19.0558800513648
2,941,32.888133584324
3,941,24.3060007492183
4,941,28.7123122933159
5,941,32.8251761162275
6,941,28.7438887190829
7,941,29.8580690243074
8,941,26.494214385628
9,941,25.3640809622571
10,941,20.8369315885144
11,941,25.1447882366723
12,941,25.9855060039475
13,941,26.428488241354
14,941,27.7209115648683
15,941,21.8477360823588
16,941,31.0554720267739
17,941,27.1184484528192
18,941,28.9980137979788
1,942,23.2408532495355
2,942,31.2386507124528
3,942,21.2029134273585
4,942,20.7474036274019
5,942,23.312562717585
6,942,28.5656461627601
7,942,30.6448516175888
8,942,26.3351963924205
9,942,22.3635389796751
10,942,28.3192394491532
11,942,22.7546605457121
12,942,25.9548840514954
13,942,18.5588126602734
14,942,27.5979907237414
15,942,28.754823048868
16,942,28.715958241605
17,942,27.0710106759325
18,942,20.8567239726694
1,943,25.1802352802655
2,943,31.3586057919697
3,943,30.1385115058662
4,943,29.9976804060605
5,943,26.8224691617467
6,943,30.8063046723058
7,943,28.8810547528262
8,943,30.8700380137733
9,943,25.0378779408843
10,943,23.6558537689176
11,943,24.1217125573799
12,943,29.377889369086
13,943,30.8496161529192
14,943,25.6500649847009
15,943,29.8628248636405
16,943,34.3881189676709
17,943,30.1629276599737
18,943,30.4438664269164
1,944,28.278444729367
2,944,27.8034633295782
3,944,26.2690525992489
4,944,21.0397525084911
5,944,23.1250042579867
6,944,22.5774606182319
7,944,33.4023943660735
8,944,23.9917058162745
9,944,27.3130382279472
10,944,33.594125325032
11,944,25.3609882605688
12,944,27.0327711521967
13,944,32.9096260747748
14,944,34.091660900213
15,944,32.6892856761869
16,944,28.7002847634897
17,944,23.9870990788322
18,944,30.7797571058555
1,945,26.735031161979
2,945,26.4136681274089
3,945,25.6028950322872
4,945,22.3881966252962
5,945,30.3212753246759
6,945,18.7975406869557
7,945,25.4903314993893
8,945,34.0071717990955
9,945,27.7421928437591
10,945,21.6160478029247
11,945,26.9013151454767
12,945,28.4011109354322
13,945,26.7263123064008
14,945,27.9982560423541
15,945,22.6772476615435
16,945,26.6116147285189
17,945,27.2763582656228
18,945,26.8219126959203
1,946,28.4303002785911
2,946,19.2971129971754
3,946,26.8874556859816
4,946,19.5889249820845
5,946,25.2474327037617
6,946,29.6872190849469
7,946,28.8430624470141
8,946,20.8685293335596
9,946,27.1959107197405
10,946,24.5226780692001
11,946,29.8606716121453
12,946,21.9070360884576
13,946,22.4822665975422
14,946,31.8981636522071
15,946,33.3329454171998
16,946,30.6801960818766
17,946,22.399610635133
18,946,19.7333445929522
1,947,24.7363559578578
2,947,28.6734486749495
3,947,29.5501243495332
4,947,24.629507767647
5,947,28.1777687691419
6,947,21.5521028680601
7,947,20.7392490855573
8,947,21.8358144713969
9,947,24.1376392231474
10,947,26.9366672729195
11,947,29.4606220267461
12,947,26.6723476480745
13,947,33.7503366728365
14,947,20.8675447759546
15,947,32.7601475414709
16,947,30.2938718144137
17,947,33.3485494371678
18,947,28.0382021808095
1,948,30.9865857838676
2,948,26.3591016244351
3,948,28.5412230842035
4,948,27.9548385824782
5,948,25.6356096680609
6,948,24.3314323127721
7,948,29.2569547220257
8,948,24.4859327018848
9,948,24.2118915927166
10,948,21.1431345606089
11,948,19.2335554695008
12,948,33.1482454005199
13,948,31.2310154866389
14,948,33.0865742804453
15,948,24.6301626054834
16,948,23.6718700671658
17,948,29.4594702892789
18,948,25.9394210493627
1,949,19.9788058846426
2,949,29.6363334613944
3,949,17.4251848384874
4,949,22.8149384948252
5,949,26.3042642638353
6,949,27.0342669909152
7,949,20.8741602128837
8,949,21.9368703448551
9,949,25.2547169881845
10,949,23.5274477217189
11,949,27.9900931293614
12,949,25.7587421506658
13,949,24.5445297770166
14,949,20.5937457758476
15,949,26.859220751356
16,949,28.9894096070478
17,949,23.7351872181795
18,949,23.7438353301694
1,950,22.1860586708418
2,950,26.4135619947386
3,950,25.8055610516725
4,950,18.9886671828809
5,950,30.5269363412085
6,950,26.7318001633245
7,950,22.1688249302528
8,950,32.623070083927
9,950,30.0188024507896
10,950,23.5091842481129
11,950,24.5137125365561
12,950,24.4382565141516
13,950,21.3103474948781
14,950,29.4670928763332
15,950,29.1093742563972
16,950,28.0085991623619
17,950,29.4723215701427
18,950,27.0668338237344
1,951,31.0733172008329
2,951,33.3278524533467
3,951,28.9483285521665
4,951,29.0258487203991
5,951,26.5801186940599
6,951,21.9758936672323
7,951,32.2203973852169
8,951,26.2986267271161
9,951,24.9663912238919
10,951,27.8305414434114
11,951,26.4153586331283
12,951,18.9399850903837
13,951,25.4182529756648
14,951,20.7728620034367
15,951,29.5306848186612
16,951,28.3801818844104
17,951,25.2299597775081
18,951,33.3107776010512
1,952,29.173687159403
2,952,23.3341561345503
3,952,20.9174551061274
4,952,28.3087997684129
5,952,23.5039415586026
6,952,23.6214805709009
7,952,27.8187333251392
8,952,31.6744701874957
9,952,27.4550953666516
10,952,22.3790421906803
11,952,23.8457461560062
12,952,22.2864568581845
13,952,31.822456285423
14,952,25.2500632471366
15,952,29.808609207846
16,952,28.3359465087457
17,952,27.0670526440936
18,952,27.6316870038985
1,953,27.8251064003311
2,953,32.3054014546719
3,953,25.6794536773627
4,953,28.5760901766792
5,953,31.2482148503738
6,953,27.3045943918724
7,953,28.1060838090271
8,953,28.7868742111555
9,953,19.2394249753869
10,953,26.2288429854636
11,953,26.8650004153466
12,953,23.0006426850221
13,953,26.554414508395
14,953,28.8310205752269
15,953,22.5091561351911
16,953,26.940061499172
17,953,25.2550439474262
18,953,30.6145183925477
1,954,32.7682207869809
2,954,25.9545711465249
3,954,34.3591286727653
4,954,21.5943340529229
5,954,30.803004893464
6,954,26.0507456872472
7,954,24.9359928499027
8,954,25.3056323606316
9,954,30.4525515771395
10,954,32.4878053772378
11,954,29.3605734891652
12,954,23.391276629711
13,954,32.8768572321419
14,954,22.01449616344
15,954,24.0575566063486
16,954,32.0408665589149
17,954,30.0630840641499
18,954,29.4524068959598
1,955,34.4617622687459
2,955,29.6759325334551
3,955,19.0056371446708
4,955,30.7780668038434
5,955,30.0290500675413
6,955,25.0469401482301
7,955,31.5983752422219
8,955,22.4797166991478
9,955,28.5523527846131
10,955,26.8122032844942
11,955,28.8776446937277
12,955,21.5987027465801
13,955,23.6091365861979
14,955,23.5869369428957
15,955,23.6900808438385
16,955,22.233271950553
17,955,22.4768863467091
18,955,31.1222487160525
1,956,19.9966953442637
2,956,33.3457406067936
3,956,28.3403431185463
4,956,29.8136642297416
5,956,27.1568013193156
6,956,19.8211621060474
7,956,26.6320499213785
8,956,23.2195616403337
9,956,27.3227867563285
10,956,31.0936189591329
11,956,25.0663391969323
12,956,22.0993923436699
13,956,32.9086333087251
14,956,23.1014990614796
15,956,28.0565904887824
16,956,27.8423517352638
17,956,26.6656685997705
18,956,32.6917280865251
1,957,22.3367249110576
2,957,20.242966267517
3,957,22.6538332505094
4,957,31.8968692357847
5,957,23.6298217781314
6,957,26.5726955958947
7,957,28.4805459684075
8,957,27.305668497048
9,957,30.1721764445396
10,957,31.6766538639321
11,957,24.4168492757009
12,957,29.4259081073148
13,957,23.2432188593787
14,957,24.0918200950447
15,957,23.7114723981866
16,957,24.1606951828536
17,957,22.2385129744547
18,957,33.3000891744031
1,958,27.1525297088282
2,958,21.4227711006709
3,958,31.2725489694533
4,958,27.1776284545872
5,958,18.1189440472007
6,958,29.7138111753167
7,958,26.4395801798478
8,958,24.948094383224
9,958,31.5622161620961
10,958,25.6683109858611
11,958,23.4642769392949
12,958,23.8065756265797
13,958,26.3260932681604
14,958,30.0900260845406
15,958,29.7160685379389
16,958,27.0265739680509
17,958,28.0869229897191
18,958,25.787207028277
1,959,27.9554301711659
2,959,24.1257743723448
3,959,18.6279306093461
4,959,31.4639071655457
5,959,25.077890882222
6,959,28.4640417678809
7,959,26.0029200982099
8,959,18.3612500150516
9,959,30.6986607092946
10,959,31.3737438809478
11,959,27.9124445433491
12,959,25.8876315752614
13,959,29.5776342308116
14,959,25.7596059724117
15,959,29.9423076908588
16,959,21.424367091875
17,959,20.8661662941363
18,959,28.1853583515681
1,960,28.7540279523624
2,960,25.3543086438106
3,960,28.6244749298181
4,960,26.2182252054668
5,960,21.4412683484967
6,960,34.6310805342048
7,960,19.0378620043617
8,960,27.9063217352337
9,960,27.6377832029768
10,960,31.2756531521896
11,960,28.4317523847177
12,960,22.6319389371349
13,960,23.877108536629
14,960,32.4044922010376
15,960,30.5694929038606
16,960,30.7126521009808
17,960,21.1545676390985
18,960,21.2482376272733
1,961,33.3097560662035
2,961,33.4659927836335
3,961,29.0346099097266
4,961,27.1503233746615
5,961,32.1280720030448
6,961,34.1993172572303
7,961,29.7981014310068
8,961,21.7885322206094
9,961,28.0106234944143
10,961,23.9312910023711
11,961,28.1885067078228
12,961,26.366586873101
13,961,31.4792831741741
14,961,28.5600137017935
15,961,30.8929860792992
16,961,26.3341150755894
17,961,27.6661193355019
18,961,24.8300651071851
1,962,33.5572042111689
2,962,28.0193055569782
3,962,22.3628811423058
4,962,30.2768996871571
5,962,21.3909823481031
6,962,29.3611477015769
7,962,34.2568907535763
8,962,22.7664437500991
9,962,23.4433319341693
10,962,34.1970532093591
11,962,32.4253769728483
12,962,23.3488047793689
13,962,29.8178710293856
14,962,29.3008976293087
15,962,25.000756461428
16,962,23.9952465207558
17,962,26.799150979307
18,962,28.1874901888357
1,963,25.1145382116275
2,963,23.5582969731974
3,963,27.112584106929
4,963,28.8407798724577
5,963,24.7168905455204
6,963,28.8831280151567
7,963,22.2783304863124
8,963,28.9412551899151
9,963,29.3106951509048
10,963,28.3408835025835
11,963,25.5699002647522
12,963,23.9086027990103
13,963,26.0126653872278
14,963,29.6084429892445
15,963,25.3402145722372
16,963,24.2562403654467
17,963,28.016881122295
18,963,26.7100919480215
1,964,22.6623352777784
2,964,23.3693317004886
3,964,27.9599811616221
4,964,28.4531342170445
5,964,24.6193188828616
6,964,26.6979372343243
7,964,25.8469309150448
8,964,24.6062950712589
9,964,24.7264503802596
10,964,32.5255780495228
11,964,26.9654249451928
12,964,26.8700396665161
13,964,28.368185092111
14,964,22.2697759209738
15,964,23.1501225968442
16,964,26.6039199725323
17,964,24.3952501860436
18,964,25.9443475688308
1,965,26.2419583420314
2,965,21.9493128113808
3,965,20.3724009229222
4,965,22.9756788037265
5,965,26.2768767179578
6,965,21.2676300204475
7,965,32.5957877952712
8,965,28.7120526796913
9,965,25.2851734868902
10,965,23.27045709886
11,965,26.5945844436508
12,965,31.3639490904061
13,965,22.1723983503846
14,965,24.6644702922914
15,965,25.407171670941
16,965,20.2794272378932
17,965,28.6613720570491
18,965,25.7481422408634
1,966,29.6837750305396
2,966,23.4059039952735
3,966,27.3289705076694
4,966,26.7332121305697
5,966,25.8166944569651
6,966,23.1742490350204
7,966,21.8746253712768
8,966,28.5573995482833
9,966,26.6940164071484
10,966,29.1738213110807
11,966,27.878790756538
12,966,26.6642589861267
13,966,25.2151604027551
14,966,30.3553326769952
15,966,30.2861846894825
16,966,27.9869798438441
17,966,27.5875100684575
18,966,21.9833681407365
1,967,22.7710062508819
2,967,29.5256194544764
3,967,25.2722521234131
4,967,28.8273442313977
5,967,24.134765074596
6,967,25.687199747289
7,967,21.5251402399596
8,967,33.2571531332705
9,967,22.0447041950775
10,967,31.5297284760473
11,967,25.3306308298354
12,967,24.8333351079176
13,967,23.6569822471075
14,967,24.5604265561448
15,967,27.2930027987275
16,967,26.8712637920571
17,967,19.4677672910522
18,967,28.0816208745642
1,968,21.1641875843978
2,968,32.3223804913655
3,968,31.759141737492
4,968,27.5224119352319
5,968,25.3011210992305
6,968,30.3333246734329
7,968,27.6894921273692
8,968,34.3949243122416
9,968,29.7356408392582
10,968,26.5649157462408
11,968,26.4671903716821
12,968,28.0247602382925
13,968,31.2890736583045
14,968,28.5772706956543
15,968,29.8026138761797
16,968,30.2762183346557
17,968,33.5442687703448
18,968,27.5104145624305
1,969,30.1065256483656
2,969,24.4343284263917
3,969,33.2950995159186
4,969,24.8523755521133
5,969,26.8663336652037
6,969,27.7858201159182
7,969,21.9452568302459
8,969,32.3438138703798
9,969,30.7478587934789
10,969,28.94434649836
11,969,25.5198046981976
12,969,30.6832629579959
13,969,28.5276451350598
14,969,22.7273429833742
15,969,32.8403362423975
16,969,27.4791002583949
17,969,29.733658117007
18,969,33.6861392948111
1,970,20.6984133390687
2,970,21.684530585091
3,970,32.1866803371977
4,970,27.4521652863061
5,970,29.4988208862531
6,970,29.1925265021967
7,970,26.3462279320815
8,970,24.6857073419875
9,970,23.9652411741469
10,970,25.582954236285
11,970,26.6001527240194
12,970,26.3462860550085
13,970,21.4234067756192
14,970,30.5450380843428
15,970,18.717685500022
16,970,17.7796403855917
17,970,23.4983826202503
18,970,29.4429394404691
1,971,26.6103709318663
2,971,25.6142724864274
3,971,21.6795869179391
4,971,27.9191456209564
5,971,18.7252918922099
6,971,22.8021297028159
7,971,28.9287889384943
8,971,31.3545572387244
9,971,23.4982312833532
10,971,23.1354951077156
11,971,26.9187029029733
12,971,27.6886589563797
13,971,18.4135797761825
14,971,28.150094302593
15,971,29.7227302961251
16,971,23.5578520272731
17,971,22.9259413928556
18,971,27.6014532438376
1,972,31.2016077253775
2,972,28.4776303464223
3,972,26.9926560034737
4,972,27.5579244575784
5,972,27.5217820185329
6,972,23.8025902445965
7,972,27.832982517645
8,972,27.5436990170133
9,972,26.3321057461346
10,972,26.7661395241515
11,972,29.1689914127039
12,972,30.9712048354267
13,972,33.257147507378
14,972,25.2985403498574
15,972,27.8795060183516
16,972,23.9004490497548
17,972,26.2431317141941
18,972,26.400063843769
1,973,25.9068108452975
2,973,23.1642095447182
3,973,21.8088580116635
4,973,30.8653118834387
5,973,27.3883509330753
6,973,23.0587913256745
7,973,21.0072186359345
8,973,27.1846156404956
9,973,22.2035159699296
10,973,27.7818335122729
11,973,31.8945047555101
12,973,32.8274031521578
13,973,20.5769702425339
14,973,27.8237017895649
15,973,33.7154535750472
16,973,25.9380420768044
17,973,29.3639826005749
18,973,24.7260452677524
1,974,32.895765775646
2,974,20.6766842330187
3,974,28.4154180097684
4,974,17.6787518829343
5,974,26.0050606895491
6,974,27.8361327597134
7,974,32.6978658749498
8,974,24.2752344855438
9,974,26.8216010893663
10,974,29.0255842983058
11,974,25.0366903934954
12,974,28.6508559350778
13,974,24.356488812977
14,974,27.4978054671575
15,974,24.5040437432427
16,974,24.01794753515
17,974,28.401648449186
18,974,25.9378832229467
1,975,28.1967632878967
2,975,19.3745655311736
3,975,26.986799622155
4,975,22.1566335776186
5,975,19.6925779546831
6,975,24.8346762764154
7,975,22.1074126029044
8,975,33.2733540426762
9,975,18.6694368538116
10,975,23.8925485995815
11,975,21.7049094487041
12,975,32.9598907801801
13,975,33.1043618984981
14,975,24.3134236816344
15,975,32.2232534883024
16,975,29.7320612616461
17,975,23.7342700864715
18,975,22.8147625661187
1,976,31.3512879266559
2,976,26.6959465727843
3,976,26.209885036766
4,976,28.0607655861154
5,976,26.0357868486305
6,976,29.811066470273
7,976,30.6728746110715
8,976,29.1323069535485
9,976,26.2410971015278
10,976,27.4529828150458
11,976,31.2187149974123
12,976,18.1565566562449
13,976,27.8183798510507
14,976,25.989612574601
15,976,22.6505302472833
16,976,31.1824399463918
17,976,28.2406806000301
18,976,20.9533460965574
1,977,26.604332842662
2,977,28.3297976086592
3,977,24.6310290848335
4,977,29.339394034082
5,977,25.9291145915151
6,977,22.7636396080132
7,977,26.7811117041128
8,977,31.7644845827717
9,977,29.0819958411267
10,977,26.582522218944
11,977,27.0118684326109
12,977,29.4528512801322
13,977,27.5090832974087
14,977,30.0147704266486
15,977,21.4979921898524
16,977,25.4061701883442
17,977,26.0064512122746
18,977,33.5847725464034
1,978,26.3298916379744
2,978,26.30794997042
3,978,25.2925212365901
4,978,27.0949503803008
5,978,25.1108018340114
6,978,30.1609510967306
7,978,26.784310053063
8,978,23.4154109566344
9,978,26.7535885763611
10,978,27.0268003594817
11,978,28.5017530870155
12,978,33.3492301339867
13,978,31.9717612191212
14,978,30.3069702121626
15,978,25.8775499712746
16,978,25.560433472522
17,978,25.6871427347992
18,978,24.3687528623417
1,979,33.6763369776748
2,979,30.7638849196615
3,979,25.0866984194418
4,979,24.3744299027124
5,979,24.466120250877
6,979,24.6598963629762
7,979,28.6388088819572
8,979,21.2622045055812
9,979,26.2061042974901
10,979,20.281570561962
11,979,28.5223445969923
12,979,28.114349008246
13,979,29.6363125041726
14,979,22.4328856694599
15,979,34.6481685390392
16,979,24.0688738365213
17,979,31.2903016099156
18,979,28.6555633077937
1,980,30.2701718068071
2,980,33.7742970992413
3,980,27.8682211326801
4,980,29.4566862980661
5,980,25.1339468736476
6,980,32.8813770777506
7,980,26.9343785566317
8,980,26.1938085569552
9,980,22.4524516512451
10,980,28.0875178151094
11,980,29.7846317093165
12,980,23.6309168443454
13,980,29.0958855145674
14,980,30.1289364453943
15,980,31.4769672021204
16,980,28.3812033740132
17,980,22.5757192713698
18,980,26.3263726793905
1,981,25.7044899564688
2,981,22.8216324862594
3,981,22.6869521465867
4,981,29.6858454887492
5,981,25.9131424859396
6,981,27.8331495612807
7,981,27.5209802077233
8,981,22.7873312844137
9,981,29.8511258211729
10,981,32.8148959261653
11,981,27.8416894673348
12,981,28.7296628174879
13,981,24.1859380739741
14,981,24.1145501809545
15,981,26.3991443820145
16,981,18.37453231299
17,981,22.7386485146877
18,981,20.1287158110189
1,982,28.243542889513
2,982,30.1899644618491
3,982,28.8638046194194
4,982,27.5337927724914
5,982,21.5827045360713
6,982,29.3519898491696
7,982,29.6046266534668
8,982,22.586701579971
9,982,30.2412118260045
10,982,26.5931934811425
11,982,29.1740718085181
12,982,27.8218426603675
13,982,30.0301399053225
14,982,25.272961099364
15,982,22.8161205278129
16,982,29.3827019301619
17,982,23.0235425169567
18,982,30.0988736204657
1,983,31.6104486660756
2,983,25.3284045095554
3,983,29.4649738557091
4,983,20.6240537402278
5,983,25.5224282754104
6,983,29.3927461768921
7,983,28.9700848918643
8,983,20.2952178151739
9,983,33.0138989784297
10,983,26.0700222291772
11,983,27.4342323963331
12,983,23.8903489207064
13,983,25.1093111338841
14,983,27.2985975932314
15,983,24.3507437715456
16,983,25.2715880381302
17,983,21.970271811506
18,983,32.1964827314435
1,984,27.4964116932494
2,984,26.6903613326816
3,984,28.6339812391449
4,984,27.0369574285454
5,984,27.3765006498653
6,984,26.7566662436956
7,984,28.0388225707818
8,984,26.0975606021471
9,984,26.1531653369996
10,984,24.6668464258602
11,984,28.4834296930137
12,984,30.9678228696245
13,984,23.2966917798362
14,984,29.2123198173423
15,984,25.8672528565007
16,984,22.2280200779083
17,984,26.5939782138514
18,984,29.8897148597217
1,985,31.5993975157767
2,985,26.648986797273
3,985,19.1011956744737
4,985,27.3079439912704
5,985,33.9713978339438
6,985,19.1179850126737
7,985,23.84009896514
8,985,24.0509491205875
9,985,30.765947458643
10,985,29.615665669723
11,985,25.6889663925095
12,985,24.5619396173822
13,985,25.6001894103829
14,985,27.4592370604267
15,985,26.2378105449893
16,985,28.7202068926334
17,985,18.3665100963961
18,985,20.368953050459
1,986,34.7204100579043
2,986,20.4066012605317
3,986,27.6879014514688
4,986,20.2428297866688
5,986,29.2434415434125
6,986,23.7095437021764
7,986,24.2946193964773
8,986,30.0169307423946
9,986,23.7455597535973
10,986,29.6657223558705
11,986,31.7014034431312
12,986,22.9805887913067
13,986,29.6992456693539
14,986,32.4982709089211
15,986,30.904217775789
16,986,31.7558958552915
17,986,25.4806905943116
18,986,30.3173641287846
1,987,21.2737304921403
2,987,30.7988181003692
3,987,24.2384224767582
4,987,26.4117910275333
5,987,32.6272146206741
6,987,24.2937741153252
7,987,20.4617846234608
8,987,29.5456621145182
9,987,32.9063815570091
10,987,28.2047768228418
11,987,24.7398436399779
12,987,32.4357946479954
13,987,20.4697562155981
14,987,22.051422376444
15,987,22.0272740254385
16,987,31.7375343996135
17,987,28.0283328989222
18,987,22.065793401499
1,988,25.600171206963
2,988,26.1346511887409
3,988,18.1394860552707
4,988,18.9431967585774
5,988,25.259553319898
6,988,26.9183375174541
7,988,32.3667249767526
8,988,27.9475004553029
9,988,25.3669141660837
10,988,28.9707256797712
11,988,32.3061115206775
12,988,29.5405728487465
13,988,23.9129621705231
14,988,24.9626968180604
15,988,29.5098190334181
16,988,20.9172066606582
17,988,25.3458721527978
18,988,32.2011031227848
1,989,30.140495392978
2,989,27.8817806993327
3,989,19.628483392229
4,989,25.1666751736516
5,989,27.4902666833693
6,989,23.8271257481148
7,989,31.7114839154038
8,989,29.3066071744243
9,989,23.2271383235294
10,989,26.3363246188658
11,989,32.6093205891179
12,989,29.9463494008081
13,989,25.1054172894991
14,989,23.3787269946176
15,989,24.4337546843355
16,989,23.3924863887946
17,989,22.1375251981868
18,989,26.8358678799938
1,990,28.856375587696
2,990,29.9080105925937
3,990,22.1489676896425
4,990,21.2550879239725
5,990,20.99406680282
6,990,25.2794032637315
7,990,25.7382838644696
8,990,27.8272657711866
9,990,19.9273269553086
10,990,24.4448779863535
11,990,23.0473751014113
12,990,26.2305701317428
13,990,33.3388165702458
14,990,26.7157338318508
15,990,26.9224985335741
16,990,23.5687869901519
17,990,29.9509799574589
18,990,27.562202120345
1,991,20.2946179984561
2,991,31.4972137335778
3,991,18.8460688411613
4,991,30.2940985818159
5,991,30.3320133210293
6,991,30.4086722255364
7,991,27.1102564542546
8,991,22.7757986905189
9,991,32.511118908245
10,991,21.6097955054108
11,991,30.6378854400821
12,991,28.2886016621497
13,991,18.7529399711781
14,991,30.9888973504079
15,991,31.198855093057
16,991,30.3395408290363
17,991,22.5052367494893
18,991,28.5389569627036
1,992,26.4065064528978
2,992,31.414987883172
3,992,27.6974659656719
4,992,28.8872318285361
5,992,23.916531842812
6,992,19.8109413565947
7,992,23.5556403089123
8,992,21.2567977163342
9,992,26.7895103958067
10,992,29.2364330083811
11,992,27.7317794203741
12,992,25.4280403271685
13,992,20.3730835418966
14,992,21.3432846882815
15,992,32.9139013002076
16,992,29.7441894090745
17,992,31.6794873824047
18,992,33.1737377592208
1,993,25.4166545338237
2,993,28.7097654435197
3,993,20.0771892569925
4,993,19.8175149901116
5,993,30.5701564006904
6,993,28.0720635055572
7,993,33.4870017473708
8,993,22.8589680833965
9,993,22.1053391813914
10,993,26.3286978607365
11,993,27.341805493597
12,993,32.0992564452027
13,993,20.8417853880495
14,993,28.6198061340412
15,993,24.6997561239169
16,993,27.8559317509727
17,993,29.0847466242686
18,993,28.1404837040483
1,994,20.8658231989508
2,994,24.8076859119152
3,994,22.188459556937
4,994,25.4706089121463
5,994,25.3231528038604
6,994,26.6355224549146
7,994,24.5170462884476
8,994,20.73018972624
9,994,26.8128962758779
10,994,33.7228066380206
11,994,26.2904932703471
12,994,27.0213496282354
13,994,19.3304168006753
14,994,19.7941818616903
15,994,21.4789918286371
16,994,27.7864467689988
17,994,27.2863689684746
18,994,31.1708233677777
1,995,28.473570500716
2,995,28.5314376587938
3,995,32.0035557467634
4,995,30.8961866073846
5,995,28.9263322428798
6,995,27.4280128039619
7,995,26.651952698366
8,995,25.8561458091304
9,995,28.9984441865767
10,995,33.0270249976388
11,995,22.1814793458302
12,995,23.8971072164498
13,995,18.6310571670187
14,995,23.9098092699408
15,995,25.7761503475675
16,995,28.6078951218433
17,995,25.5698855743061
18,995,27.8322306658813
1,996,23.3248805734697
2,996,26.4868418391749
3,996,18.7085210770499
4,996,29.5391384280916
5,996,21.1620891302189
6,996,28.8335239176689
7,996,32.1342209320477
8,996,30.2819099323143
9,996,22.1136977803236
10,996,26.9879893524702
11,996,26.6594667594755
12,996,19.9245322145772
13,996,25.3735459756363
14,996,28.0158222417278
15,996,32.6895047200781
16,996,27.5436775514729
17,996,27.2764333159027
18,996,23.0353019171939
1,997,33.5066276685658
2,997,24.7332362055059
3,997,30.6432537458047
4,997,30.4403577461462
5,997,20.5345136121367
6,997,19.9833058150476
7,997,27.1477302920837
8,997,28.2194446284938
9,997,28.4359454430577
10,997,24.3055851008618
11,997,24.1353754886533
12,997,22.4650179114116
13,997,25.1849754051056
14,997,23.9775888141492
15,997,26.8494650031529
16,997,23.3247080141951
17,997,19.4204175442416
18,997,27.3907285396611
1,998,18.9226348596042
2,998,25.4966869131858
3,998,23.7615185648245
4,998,29.0566023131613
5,998,28.3534602594508
6,998,22.5704857058929
7,998,30.9414772257284
8,998,26.9141225917319
9,998,18.3860604096566
10,998,28.3502524234341
11,998,25.8897536339731
12,998,28.5825021210641
13,998,22.9407829325987
14,998,30.2147229371053
15,998,24.2940461474748
16,998,27.0696852830298
17,998,30.4469961877096
18,998,23.7378039607649
1,999,33.4795279270055
2,999,29.5115752591351
3,999,25.418750530812
4,999,27.8105697662937
5,999,26.9278383050766
6,999,27.6948649717793
7,999,19.9071470243762
8,999,25.3570750180929
9,999,34.6074979229682
10,999,25.2791334515159
11,999,26.6245675979189
12,999,21.4727559114534
13,999,29.3981350309506
14,999,27.6153626556542
15,999,28.448429618499
16,999,22.4944303191457
17,999,21.5556718503055
18,999,26.1641864766341
1,1000,27.3470398029125
2,1000,31.7780007131867
3,1000,21.342791027983
4,1000,31.5411078338391
5,1000,27.1156453556369
6,1000,28.1028015586007
7,1000,27.8773939938662
8,1000,30.4806708159686
9,1000,22.7023612414949
10,1000,26.67272763962
11,1000,21.1294013525047
12,1000,25.3201969671214
13,1000,26.9725296084592
14,1000,22.0852864871737
15,1000,27.1183014239245
16,1000,31.4200064369596
17,1000,27.1413619386421
18,1000,31.1777521370533
