"year","iteration","costs"
1,1,145.478242790938
2,1,177.016890616307
3,1,153.768556113293
4,1,185.447959582841
5,1,192.447953625948
6,1,119.557758067113
7,1,160.769773619433
8,1,186.449885330995
9,1,162.044672227704
10,1,156.676752561329
11,1,195.034727954962
12,1,156.481495585705
13,1,169.324877960265
14,1,163.190993278115
15,1,128.179569661491
16,1,187.270384099638
17,1,142.251239290091
18,1,118.886870154142
1,2,148.399396225
2,2,194.639659932761
3,2,186.138500401351
4,2,170.294216979293
5,2,167.057888293903
6,2,204.464858169331
7,2,167.972686912602
8,2,171.320575403508
9,2,161.644941209883
10,2,164.38079333078
11,2,145.596530966926
12,2,133.216780419712
13,2,196.139703468177
14,2,187.551206065046
15,2,170.159297271406
16,2,177.57743301852
17,2,115.017000596539
18,2,157.920906529795
1,3,174.777341910439
2,3,139.772134642065
3,3,147.711422545796
4,3,141.063129249177
5,3,132.76191398542
6,3,154.117004042751
7,3,154.065723265619
8,3,151.184194057849
9,3,133.769821190788
10,3,132.33458993628
11,3,141.180428779469
12,3,157.229305020043
13,3,143.829245494642
14,3,182.946669062779
15,3,119.609343546039
16,3,155.813481609657
17,3,177.851533809764
18,3,130.453632106097
1,4,162.557128575437
2,4,138.909832403796
3,4,131.093969887665
4,4,174.40508112821
5,4,186.737522857603
6,4,151.554117638739
7,4,168.549169691292
8,4,127.147267155463
9,4,152.173916980321
10,4,144.478903416098
11,4,179.12820068421
12,4,156.193458629271
13,4,178.751076965618
14,4,178.942139505929
15,4,177.488737054273
16,4,155.670304130375
17,4,174.489086819446
18,4,166.391074211852
1,5,171.429972018055
2,5,104.426966274964
3,5,157.776715520461
4,5,140.091029354602
5,5,151.904110770022
6,5,165.437039172718
7,5,150.043955325968
8,5,129.187332343156
9,5,142.050982079985
10,5,168.73097452228
11,5,154.309968092002
12,5,177.008410420201
13,5,128.172055481595
14,5,155.370481626092
15,5,201.112324785824
16,5,186.518786742249
17,5,185.810952275701
18,5,136.014113119846
1,6,131.447489101193
2,6,167.814552048154
3,6,149.480075400165
4,6,168.03676509442
5,6,147.867181368276
6,6,137.2056959958
7,6,176.553741971766
8,6,126.984341622276
9,6,157.277310187428
10,6,159.845392466934
11,6,164.709649124259
12,6,148.741845434126
13,6,158.545646794068
14,6,194.634669209131
15,6,158.216700211995
16,6,186.225768850821
17,6,188.983709809198
18,6,165.206080884021
1,7,153.875971366714
2,7,133.214796191668
3,7,191.707563082608
4,7,146.488386833815
5,7,122.205487731677
6,7,193.544733481486
7,7,172.12691323662
8,7,132.708138333664
9,7,161.928303434566
10,7,194.570786458385
11,7,163.898115544252
12,7,153.487384761942
13,7,167.5000109049
14,7,147.827967565143
15,7,146.960665801734
16,7,140.060960651418
17,7,151.226707715662
18,7,200.900137651068
1,8,133.950021144962
2,8,126.647271147489
3,8,132.666881400738
4,8,170.11450267038
5,8,165.810701647778
6,8,186.3385876915
7,8,169.038456509368
8,8,173.257026746082
9,8,160.383454211254
10,8,168.224898070327
11,8,179.728246452246
12,8,176.860243215782
13,8,199.727120490514
14,8,155.646075509721
15,8,147.247938796832
16,8,153.799811399907
17,8,110.634710583939
18,8,136.847864895754
1,9,181.553132926975
2,9,141.02440400902
3,9,141.681653226626
4,9,124.655735717664
5,9,142.221765692892
6,9,172.914495345495
7,9,181.981643664421
8,9,159.055309577149
9,9,152.428494432443
10,9,142.280464940534
11,9,129.182639743192
12,9,152.562737500316
13,9,163.152884594605
14,9,139.813951941778
15,9,155.968289506278
16,9,139.908476112794
17,9,159.326285104038
18,9,150.186335161032
1,10,167.626047263379
2,10,151.570593875075
3,10,150.290203362239
4,10,161.077362575813
5,10,173.484482102187
6,10,140.175140579078
7,10,154.004631691109
8,10,143.806979475639
9,10,166.435183182517
10,10,136.845895487249
11,10,183.503148865782
12,10,173.923878310762
13,10,168.745171214328
14,10,165.73909441068
15,10,151.407945193499
16,10,160.865279250815
17,10,184.592888056789
18,10,163.691561720905
1,11,181.287759853217
2,11,147.301547647104
3,11,171.304697959885
4,11,143.754849653058
5,11,164.39206865598
6,11,158.123458992729
7,11,143.756013592717
8,11,162.753795178142
9,11,188.831700118157
10,11,187.502754518019
11,11,144.462266932392
12,11,147.945809499249
13,11,201.313716525188
14,11,165.853354761877
15,11,191.992520503189
16,11,157.262833003855
17,11,153.633765031965
18,11,168.187689076115
1,12,133.759729398823
2,12,163.203755545252
3,12,141.650940532503
4,12,196.016731191131
5,12,164.787433051126
6,12,160.042883055006
7,12,153.364973620346
8,12,185.160420705272
9,12,150.868944800502
10,12,145.527756177158
11,12,135.588506609895
12,12,135.736531165713
13,12,158.167005998591
14,12,142.803968281062
15,12,139.758915740126
16,12,169.124536455809
17,12,119.949615113011
18,12,170.816174561474
1,13,150.050096075088
2,13,153.766489214429
3,13,179.656093889887
4,13,189.530235662472
5,13,145.09856773833
6,13,195.787837292399
7,13,172.657345076048
8,13,169.882284030458
9,13,120.87765150432
10,13,152.897561431044
11,13,157.923776122821
12,13,162.519711358071
13,13,170.647378811145
14,13,189.136266854323
15,13,165.758355036671
16,13,154.975051773687
17,13,161.536766889326
18,13,121.836766361044
1,14,143.429074086728
2,14,153.02077709854
3,14,138.125186141244
4,14,180.59684265257
5,14,133.81528508452
6,14,178.211335231314
7,14,161.794979842594
8,14,168.376936165016
9,14,135.690710693699
10,14,166.616466441447
11,14,147.259985029466
12,14,172.395203757066
13,14,153.134544753976
14,14,197.37054343467
15,14,196.977386265086
16,14,172.541622214951
17,14,143.14193959506
18,14,140.233579766201
1,15,164.319393392666
2,15,143.949636080466
3,15,160.933339175648
4,15,176.783885832382
5,15,135.336379593426
6,15,153.480371326703
7,15,157.558482586078
8,15,183.938209185692
9,15,190.407775747466
10,15,185.33965738184
11,15,169.112679210175
12,15,193.930308019827
13,15,160.121995054286
14,15,163.403680707303
15,15,148.985301292811
16,15,149.740206029755
17,15,113.782071363294
18,15,159.35536427566
1,16,184.228520363985
2,16,108.793472689125
3,16,123.973474856557
4,16,134.957205896609
5,16,175.65081975733
6,16,173.125429260218
7,16,197.895354208751
8,16,157.259287134906
9,16,124.318788946346
10,16,167.555680070255
11,16,174.78705073989
12,16,132.150840960868
13,16,152.984620848274
14,16,140.5051731959
15,16,121.750257104796
16,16,152.940492490762
17,16,122.879539339208
18,16,140.581365712367
1,17,121.186828884405
2,17,168.869172622911
3,17,146.232569800717
4,17,127.90238688032
5,17,123.950576275726
6,17,185.180446359805
7,17,174.472680399384
8,17,179.291652423442
9,17,200.327602529485
10,17,128.263895044798
11,17,127.689006189957
12,17,177.844111513429
13,17,176.728733546304
14,17,110.21708908288
15,17,176.307623014077
16,17,172.725654027637
17,17,166.444504342461
18,17,158.101524052387
1,18,134.197944880193
2,18,109.69773703563
3,18,156.429251684994
4,18,158.756622994469
5,18,152.536545252913
6,18,157.153000350711
7,18,171.635882622316
8,18,121.302042237528
9,18,150.24558551318
10,18,178.162554194495
11,18,180.928007926948
12,18,141.570611921874
13,18,150.191836929346
14,18,182.857594644158
15,18,182.564546254188
16,18,146.096515440186
17,18,133.209942328027
18,18,171.021612447937
1,19,128.289706587781
2,19,117.165946986482
3,19,208.127583356704
4,19,117.414594423884
5,19,149.12769322499
6,19,189.060203662282
7,19,165.693909920619
8,19,145.381397126761
9,19,173.307169197914
10,19,180.78263986662
11,19,147.432261900279
12,19,158.772254025991
13,19,170.589717293574
14,19,167.114823886122
15,19,167.261785907547
16,19,199.243877900527
17,19,154.128787466558
18,19,130.165317019829
1,20,160.654982775662
2,20,140.512622550528
3,20,158.419077160733
4,20,151.274629318524
5,20,200.656469467294
6,20,152.454921159134
7,20,140.864004547086
8,20,166.045139452729
9,20,132.089422820519
10,20,196.991457205318
11,20,160.045237053726
12,20,134.843978974821
13,20,165.964054008663
14,20,201.407569869677
15,20,168.775362317135
16,20,154.388748179789
17,20,148.077476616445
18,20,180.88808903659
1,21,132.869769790349
2,21,137.677402195001
3,21,186.924889742919
4,21,146.989572205791
5,21,150.816266426422
6,21,176.680401956621
7,21,137.728814047546
8,21,113.122158154929
9,21,153.619618298907
10,21,158.232023469723
11,21,154.570114034407
12,21,149.431576706553
13,21,183.779098252628
14,21,156.58716352653
15,21,161.081589991245
16,21,196.292634177661
17,21,175.969475133613
18,21,139.116400630126
1,22,147.037807102032
2,22,197.782378683461
3,22,163.865783768749
4,22,174.949499660255
5,22,151.438950069407
6,22,175.565985357001
7,22,161.296181933916
8,22,188.929741766179
9,22,136.983075107559
10,22,145.075153696651
11,22,127.163133953392
12,22,139.257619345041
13,22,199.064407712131
14,22,146.126522678986
15,22,172.492517174416
16,22,176.814423877056
17,22,128.489679883545
18,22,141.722246416519
1,23,144.183653962207
2,23,127.944970347657
3,23,129.991552997013
4,23,203.185656959864
5,23,201.437787949717
6,23,132.146654505732
7,23,187.897759909038
8,23,163.391767026055
9,23,152.912165674539
10,23,156.270502459952
11,23,171.18666003648
12,23,125.482853295088
13,23,149.191232658855
14,23,169.527646720198
15,23,147.623670231284
16,23,180.565598898341
17,23,139.665327449945
18,23,159.079304545642
1,24,144.606398749118
2,24,137.604859468672
3,24,194.003128579946
4,24,147.962996629426
5,24,157.959250142431
6,24,115.853842014752
7,24,161.829352717209
8,24,167.280774543777
9,24,164.499841007279
10,24,147.977987896203
11,24,186.308294837754
12,24,166.21762448606
13,24,146.610813399646
14,24,152.447547084131
15,24,134.584933097743
16,24,183.397759935046
17,24,194.40670220342
18,24,162.702652477618
1,25,148.513298581661
2,25,205.717034932477
3,25,141.328642354303
4,25,165.431357430681
5,25,128.828842821834
6,25,158.454801493666
7,25,127.740490183236
8,25,134.654076256033
9,25,145.133639951622
10,25,163.808867410668
11,25,172.885014234471
12,25,135.086700382711
13,25,183.777578818087
14,25,171.323463318631
15,25,174.918554199659
16,25,133.213688441733
17,25,150.465741155463
18,25,169.059276406947
1,26,160.532686333098
2,26,149.908652938825
3,26,141.798946572137
4,26,121.789112285805
5,26,141.477489390098
6,26,186.196427509625
7,26,178.895843197618
8,26,173.991194800248
9,26,134.022466614422
10,26,130.7786361669
11,26,198.518324853271
12,26,155.445749261802
13,26,157.114745571401
14,26,135.064704466854
15,26,163.867804399435
16,26,144.201645388544
17,26,140.935384533668
18,26,170.191572068501
1,27,145.123037601623
2,27,178.778426646952
3,27,127.02651064058
4,27,179.747249012267
5,27,154.914096103132
6,27,174.590977670115
7,27,168.381105837064
8,27,155.953803601296
9,27,166.269585887923
10,27,104.152081233355
11,27,139.844175808038
12,27,171.079413599642
13,27,139.664843259224
14,27,179.06968527384
15,27,146.963840175707
16,27,169.969565193176
17,27,191.343648850876
18,27,129.740898579274
1,28,131.113528361387
2,28,169.365969739201
3,28,155.007371085497
4,28,180.813038218463
5,28,197.802560842513
6,28,123.737655577173
7,28,156.864789838807
8,28,170.863987389863
9,28,126.094950109612
10,28,203.872087742775
11,28,142.814668144414
12,28,120.29104626534
13,28,169.879087996764
14,28,176.910154351884
15,28,150.166186987461
16,28,151.025020272127
17,28,145.442488800302
18,28,125.126504921644
1,29,150.959506342131
2,29,136.29705806016
3,29,161.207229369091
4,29,159.419625844492
5,29,193.129669586848
6,29,149.329469381295
7,29,157.155817359227
8,29,125.486827436104
9,29,183.163341748368
10,29,152.92568429304
11,29,173.175070890183
12,29,135.69506180868
13,29,156.56654409219
14,29,175.641187451139
15,29,122.517376429546
16,29,179.16483008411
17,29,146.482068213008
18,29,150.907463507879
1,30,147.27745389084
2,30,117.941731976907
3,30,160.253686906072
4,30,169.415693647123
5,30,187.658202799176
6,30,115.248508287433
7,30,202.407797647389
8,30,146.609552110946
9,30,192.254580144411
10,30,169.960934293761
11,30,156.10470457983
12,30,179.28100413243
13,30,118.377798362023
14,30,173.39332795037
15,30,149.83513024347
16,30,180.364659747886
17,30,161.1791299483
18,30,144.49129614397
1,31,178.013037823125
2,31,126.727063733588
3,31,180.612540559777
4,31,144.667895240219
5,31,174.390868464738
6,31,196.350820628263
7,31,125.337567768933
8,31,182.620748558092
9,31,178.11643414395
10,31,152.251859575948
11,31,148.376723462553
12,31,138.768862680096
13,31,163.013799012171
14,31,185.979606713507
15,31,160.858572429227
16,31,163.979997592287
17,31,168.587434534292
18,31,160.868410418659
1,32,159.751990828861
2,32,112.62718474569
3,32,119.958137668899
4,32,190.890913569872
5,32,175.572795190761
6,32,138.425093139487
7,32,167.642726649296
8,32,167.85486658938
9,32,152.899708794673
10,32,178.935160403166
11,32,161.805688289859
12,32,185.669763156631
13,32,162.146169120537
14,32,187.983612956964
15,32,164.007932322974
16,32,154.670073280927
17,32,193.837553000976
18,32,171.354146425183
1,33,154.039569602492
2,33,113.300866130287
3,33,162.869921678869
4,33,158.628887927904
5,33,184.998715230077
6,33,178.98034091147
7,33,182.595989856273
8,33,151.121387816659
9,33,184.519128525859
10,33,133.655831849286
11,33,145.04440421363
12,33,168.647377740048
13,33,199.131755719373
14,33,163.746226348764
15,33,160.685995595723
16,33,122.215529893002
17,33,197.305946872131
18,33,130.261852810673
1,34,126.287932495393
2,34,185.213875846855
3,34,159.669152395153
4,34,149.065795605204
5,34,186.65933055053
6,34,116.776917713303
7,34,141.527797933128
8,34,169.88963320974
9,34,140.575620492314
10,34,147.733735331764
11,34,135.911396904661
12,34,178.051581372149
13,34,133.129614581976
14,34,179.805472365863
15,34,148.614620911512
16,34,151.534865809639
17,34,166.421825326905
18,34,127.379922702375
1,35,114.327706859115
2,35,203.915068862462
3,35,163.812548534204
4,35,176.517704009059
5,35,186.393034924013
6,35,174.517219377166
7,35,199.572921095866
8,35,119.290570440393
9,35,187.677414958774
10,35,183.683277489894
11,35,176.030896038959
12,35,151.708289070346
13,35,118.896364582987
14,35,150.890178908453
15,35,144.430408666857
16,35,182.258554485775
17,35,150.756361470268
18,35,146.725398271771
1,36,174.826468868216
2,36,181.743303503654
3,36,156.754338169568
4,36,172.742198628927
5,36,128.323570536583
6,36,140.079415114876
7,36,194.547478061845
8,36,174.313886378258
9,36,179.488156227075
10,36,154.318063306171
11,36,164.363786596792
12,36,177.843470473248
13,36,186.01735287528
14,36,152.253023208799
15,36,126.551027272359
16,36,166.187658007889
17,36,173.857857852869
18,36,125.881349372608
1,37,146.436326964461
2,37,165.539922123277
3,37,174.378078099123
4,37,189.305846370018
5,37,157.801978207648
6,37,162.890829252932
7,37,173.225193765847
8,37,182.910685044218
9,37,188.347528625656
10,37,121.485576490119
11,37,159.36075725294
12,37,149.959059222949
13,37,181.808772420786
14,37,178.455181822617
15,37,129.923352928752
16,37,171.596401819995
17,37,141.365838387564
18,37,124.40286093662
1,38,191.756240610789
2,38,134.251760377617
3,38,167.449733814522
4,38,135.866508180141
5,38,113.796165315781
6,38,160.393359117621
7,38,126.004604681192
8,38,145.134355022877
9,38,154.482883198197
10,38,163.997747867757
11,38,178.476227784078
12,38,138.506882817955
13,38,156.843440341083
14,38,156.171080501893
15,38,173.025899788068
16,38,171.734408861415
17,38,180.535461267773
18,38,185.821238780668
1,39,194.33160375395
2,39,162.000416294301
3,39,160.450153232185
4,39,135.593659007147
5,39,158.00654286035
6,39,142.872227071167
7,39,118.434548599492
8,39,166.719443643533
9,39,161.39922696012
10,39,132.474077699947
11,39,145.187859722702
12,39,163.762304842482
13,39,135.037816098339
14,39,127.336927191077
15,39,154.986801309904
16,39,150.311489998591
17,39,181.752270100865
18,39,143.372094667918
1,40,114.635258535578
2,40,183.383092083903
3,40,148.864467763905
4,40,166.541887208416
5,40,161.773265202101
6,40,151.683958910956
7,40,137.036807019922
8,40,155.006880410136
9,40,166.482193754438
10,40,160.367136586056
11,40,168.211609929648
12,40,172.723614331108
13,40,158.44273703161
14,40,152.205457727877
15,40,109.057441639247
16,40,107.29362444774
17,40,204.788998857994
18,40,128.793219683223
1,41,154.373441309954
2,41,171.944199489133
3,41,173.639282674889
4,41,184.323682901451
5,41,165.156621902255
6,41,174.613825748672
7,41,181.962283795983
8,41,165.437535205053
9,41,177.400828505683
10,41,114.558539625297
11,41,154.264460664893
12,41,184.613071043496
13,41,167.467144874526
14,41,190.247460032526
15,41,135.741692545644
16,41,147.542555906811
17,41,178.278864382851
18,41,202.368661743314
1,42,148.009688010877
2,42,105.191719373298
3,42,203.551921414877
4,42,133.346168043228
5,42,120.259608290327
6,42,164.561123656797
7,42,147.934881907831
8,42,160.760022840984
9,42,177.573849446145
10,42,123.500997408642
11,42,170.437301167675
12,42,193.686601462453
13,42,144.737594321746
14,42,142.518930846383
15,42,134.48057610879
16,42,123.909508396799
17,42,162.36831188851
18,42,158.615902623578
1,43,158.870888895877
2,43,186.013391857123
3,43,117.802880344338
4,43,138.662742253002
5,43,159.972993007956
6,43,141.454385666872
7,43,163.344283469996
8,43,158.179454402332
9,43,163.012168284154
10,43,132.905241928742
11,43,133.069378334978
12,43,153.975690563398
13,43,169.668347455
14,43,167.834311305515
15,43,189.173529503377
16,43,179.001842277062
17,43,169.219346389318
18,43,178.541637890285
1,44,131.153800883566
2,44,142.62906873573
3,44,148.65292608987
4,44,153.661244250184
5,44,166.752957888683
6,44,178.632330952136
7,44,143.267170589379
8,44,179.531126610034
9,44,112.409220779563
10,44,167.893357024211
11,44,178.886969640531
12,44,156.958476978044
13,44,138.633672201072
14,44,113.419940734885
15,44,145.144191027977
16,44,189.085805763761
17,44,191.483905909246
18,44,161.56136719499
1,45,140.031396596635
2,45,158.592422526436
3,45,178.029088174761
4,45,153.683972248447
5,45,128.277851258866
6,45,144.950032702687
7,45,150.69393420967
8,45,143.302165919869
9,45,157.506166875352
10,45,150.985479160049
11,45,130.381418666908
12,45,119.825983407564
13,45,143.581241151165
14,45,197.225511734727
15,45,158.538894989166
16,45,157.922419998332
17,45,174.082011463418
18,45,168.705244303772
1,46,120.268875379613
2,46,170.442767360172
3,46,150.813670254587
4,46,185.564751751338
5,46,176.022583017054
6,46,132.37740101644
7,46,146.031062492164
8,46,130.930624645061
9,46,164.143775616233
10,46,162.596349791289
11,46,170.03212672291
12,46,147.216907324518
13,46,165.026756642723
14,46,203.108968468425
15,46,173.68615855312
16,46,124.534495683464
17,46,156.352234698932
18,46,120.998283478656
1,47,149.207972803366
2,47,173.040044333807
3,47,107.565623888527
4,47,175.768386040228
5,47,157.053334024773
6,47,172.143402309641
7,47,168.635045961501
8,47,163.160437754226
9,47,171.009860852058
10,47,168.064984988702
11,47,145.610893474337
12,47,127.4580264943
13,47,196.028215850757
14,47,173.205281104318
15,47,165.434312048906
16,47,130.226141312575
17,47,161.981061715831
18,47,143.578106407148
1,48,187.10582735441
2,48,110.113055997946
3,48,141.445717571272
4,48,131.375094649244
5,48,148.280932141131
6,48,172.520890879125
7,48,203.38255535992
8,48,171.759733392633
9,48,159.447392202772
10,48,155.440744433456
11,48,193.717149239571
12,48,130.255410017053
13,48,124.4304737254
14,48,186.08294056791
15,48,154.731018503273
16,48,118.945716205356
17,48,167.472864341687
18,48,157.385332167764
1,49,165.733794732195
2,49,144.204531750018
3,49,134.264665378483
4,49,129.560325717895
5,49,159.630413551859
6,49,161.860425280828
7,49,132.532223155921
8,49,135.503244488954
9,49,175.03440864704
10,49,160.73050661861
11,49,183.247714074163
12,49,169.073177692263
13,49,111.589270329439
14,49,170.319700780191
15,49,186.373238365187
16,49,166.545494215497
17,49,128.720734597988
18,49,189.808862057931
1,50,169.186272155978
2,50,133.371311201948
3,50,173.837025466925
4,50,192.762696114434
5,50,154.504454711935
6,50,146.231193603406
7,50,143.31650036923
8,50,140.326672896628
9,50,162.811393818616
10,50,174.646145779268
11,50,168.827008550396
12,50,161.778507855206
13,50,178.865919426341
14,50,174.828757701142
15,50,113.794594567569
16,50,151.974880231542
17,50,120.531435406564
18,50,177.770274463471
1,51,190.14641634253
2,51,161.565005658743
3,51,182.434266820081
4,51,163.791742843314
5,51,168.747588436745
6,51,159.834677598443
7,51,175.090455528648
8,51,187.672981806089
9,51,179.615890386901
10,51,123.879756160872
11,51,107.431958068735
12,51,120.764603468777
13,51,183.786609553316
14,51,163.388658951835
15,51,147.401585809478
16,51,195.49419384198
17,51,164.215869279446
18,51,160.952008233337
1,52,152.17178108791
2,52,147.808981818674
3,52,178.613910090257
4,52,118.859434498973
5,52,150.845707562078
6,52,182.83038605309
7,52,170.62690984815
8,52,169.762064297705
9,52,149.787214874465
10,52,162.219947777604
11,52,132.165749316531
12,52,176.756150967231
13,52,185.852684129524
14,52,138.694042504282
15,52,175.672347968619
16,52,164.505427328481
17,52,195.179155089933
18,52,134.40537321038
1,53,160.651916896386
2,53,184.438954607238
3,53,184.095905905449
4,53,114.778020997096
5,53,198.782779515674
6,53,158.638105676287
7,53,152.509730210823
8,53,154.30426376461
9,53,126.89637156037
10,53,134.718358753325
11,53,153.544555199433
12,53,149.363345870827
13,53,154.161325851867
14,53,146.694442607545
15,53,162.521179750385
16,53,134.120483414925
17,53,194.991217083415
18,53,119.256057544474
1,54,151.402659864615
2,54,196.063994956413
3,54,167.351901530284
4,54,122.293602455601
5,54,153.829351299016
6,54,154.820480907197
7,54,159.657183474418
8,54,156.258375018862
9,54,166.043035947461
10,54,132.460601216472
11,54,188.205847452438
12,54,163.017096780954
13,54,161.87388851904
14,54,129.864265018346
15,54,175.037556179271
16,54,157.954204080924
17,54,176.528853744535
18,54,119.645944352838
1,55,179.562865334856
2,55,144.095847449263
3,55,145.12288775218
4,55,167.219844420036
5,55,193.606044907044
6,55,109.137070482079
7,55,150.031754131523
8,55,154.396800483188
9,55,156.751682384139
10,55,171.530254238088
11,55,189.654785968788
12,55,166.267511249105
13,55,187.537815877086
14,55,174.695323191529
15,55,132.232294165754
16,55,133.853011286263
17,55,137.539647903298
18,55,155.266424680038
1,56,126.132925567892
2,56,140.403018136484
3,56,163.16452893845
4,56,153.212624395693
5,56,162.801158469875
6,56,180.396909215608
7,56,167.153684778899
8,56,152.659351630425
9,56,171.390033307332
10,56,128.907521577201
11,56,144.420544849334
12,56,164.365379804827
13,56,134.55582879259
14,56,182.533462289859
15,56,182.007798275216
16,56,157.926182361714
17,56,175.901907919758
18,56,146.059939493641
1,57,122.989502593789
2,57,155.712748623568
3,57,157.001602546846
4,57,149.302874107101
5,57,136.96851132361
6,57,159.591796762489
7,57,113.543154883984
8,57,175.901451408355
9,57,162.488055185647
10,57,167.114840892047
11,57,157.37436169168
12,57,144.848244215984
13,57,156.949471196836
14,57,177.362707235725
15,57,163.9026752446
16,57,152.868103846756
17,57,178.847317253917
18,57,147.738608389421
1,58,163.674850985538
2,58,156.609826644648
3,58,144.049026423233
4,58,162.246644893345
5,58,141.030173675363
6,58,161.599578347383
7,58,156.136707830396
8,58,131.402194853579
9,58,165.953818214512
10,58,161.858364245513
11,58,133.43898524752
12,58,162.481641864141
13,58,154.880759729467
14,58,156.146305887251
15,58,180.716149075965
16,58,172.058825197238
17,58,156.692911410174
18,58,160.390602061071
1,59,141.95632227868
2,59,124.535035636082
3,59,152.64628249515
4,59,111.612859648043
5,59,183.878572749533
6,59,203.734121403819
7,59,171.342068171003
8,59,180.146414990118
9,59,186.393050876939
10,59,161.391018251595
11,59,162.253993069382
12,59,144.636204596242
13,59,168.185707668264
14,59,142.035994346353
15,59,145.529769450884
16,59,171.803065615082
17,59,172.598422991611
18,59,135.820725598008
1,60,146.858594549893
2,60,151.25433436545
3,60,124.804612141
4,60,171.627295080421
5,60,162.016970009777
6,60,132.016016797814
7,60,198.39278473006
8,60,162.611858590515
9,60,177.024980641062
10,60,182.115506325504
11,60,184.933995580298
12,60,177.975302844771
13,60,167.036556975549
14,60,166.373876730696
15,60,144.250298268854
16,60,116.313237723527
17,60,154.447536880254
18,60,150.289482180434
1,61,152.712738982331
2,61,135.713794591168
3,61,147.815294286973
4,61,154.055157588084
5,61,174.841046946135
6,61,144.287363808447
7,61,129.71762078588
8,61,116.172569101971
9,61,178.489293401529
10,61,158.056095626374
11,61,178.439992668997
12,61,124.988775548759
13,61,129.68866845548
14,61,131.305062202604
15,61,173.373545219122
16,61,174.678612779838
17,61,203.667852938165
18,61,166.11822823068
1,62,145.561454889358
2,62,138.320295393724
3,62,178.010608197141
4,62,172.614094399504
5,62,139.827329400688
6,62,173.759051248124
7,62,183.795752135036
8,62,160.841562042045
9,62,164.633484085246
10,62,192.037958345446
11,62,194.019659067643
12,62,168.267392983938
13,62,124.007764757025
14,62,180.113506920855
15,62,158.022344113043
16,62,152.642026707855
17,62,146.334058509291
18,62,142.106966184234
1,63,154.567961795364
2,63,192.057675373772
3,63,143.7132869436
4,63,162.969538528298
5,63,138.523793539194
6,63,137.676458650776
7,63,171.993110994262
8,63,147.378312606945
9,63,132.289736372106
10,63,121.762282915772
11,63,191.127304038245
12,63,162.956998342524
13,63,129.974772988818
14,63,162.764836545337
15,63,161.437214532121
16,63,179.549229391502
17,63,170.955224632184
18,63,162.924968337502
1,64,172.17510110681
2,64,174.343055346464
3,64,152.008622498032
4,64,145.510628718993
5,64,160.967095660071
6,64,143.333790120432
7,64,180.584893114137
8,64,153.541237905709
9,64,124.059270417388
10,64,194.515464253091
11,64,139.839030568561
12,64,153.557716947018
13,64,166.183262544466
14,64,166.343237694742
15,64,148.421681143897
16,64,132.345732982799
17,64,189.01045470348
18,64,164.660396562145
1,65,174.140056713906
2,65,189.542446424255
3,65,160.806218475743
4,65,151.390878853115
5,65,123.017724297553
6,65,182.62123290745
7,65,159.783940416372
8,65,139.214802403717
9,65,151.644614130948
10,65,138.983443181286
11,65,156.832549551506
12,65,141.878395890605
13,65,130.082185532296
14,65,124.035008864683
15,65,170.177569701089
16,65,145.431809672223
17,65,133.456468207729
18,65,198.014390773579
1,66,153.8649829862
2,66,153.31689497626
3,66,167.539912177103
4,66,189.212909315405
5,66,139.794066004425
6,66,161.858613098357
7,66,172.09006563731
8,66,153.026768280771
9,66,127.037615199264
10,66,166.725109321539
11,66,106.417610504625
12,66,139.260783474394
13,66,169.416285606197
14,66,183.75037034255
15,66,177.913079667825
16,66,131.921216588065
17,66,152.402009436137
18,66,177.029835587223
1,67,170.301319979637
2,67,164.388132517391
3,67,130.677924169905
4,67,162.241304970501
5,67,156.247086276986
6,67,175.341742904201
7,67,115.391199308363
8,67,137.892104832857
9,67,185.262564778369
10,67,129.026218692208
11,67,197.20733153969
12,67,152.253475982218
13,67,183.019077047915
14,67,185.908173897186
15,67,158.573120047919
16,67,171.958133562192
17,67,158.435987239405
18,67,202.282648635494
1,68,122.85160621475
2,68,134.301843254522
3,68,176.788273840376
4,68,161.542651364709
5,68,154.24162419975
6,68,207.483199450491
7,68,143.019563856364
8,68,159.64127621671
9,68,124.9838467866
10,68,179.047730294436
11,68,152.057778409207
12,68,178.111978050676
13,68,138.141333768595
14,68,193.338789954223
15,68,149.627525262854
16,68,160.434290862767
17,68,129.253795435901
18,68,185.7586436259
1,69,194.598093326949
2,69,118.554893239584
3,69,158.832264341938
4,69,140.596336976624
5,69,183.038920573678
6,69,160.925920007171
7,69,107.888286587929
8,69,144.721652885532
9,69,148.208477407631
10,69,164.077183129598
11,69,142.541281954669
12,69,119.092645543674
13,69,129.132284505498
14,69,171.005981549714
15,69,192.23763299211
16,69,147.209582039672
17,69,124.915419994632
18,69,147.964309819001
1,70,166.138774794887
2,70,155.695127440739
3,70,178.044829436662
4,70,144.852802065962
5,70,163.086243665937
6,70,118.900269830497
7,70,137.485017259159
8,70,172.567851114925
9,70,180.144233201122
10,70,159.801345163495
11,70,162.923762402253
12,70,105.149756379009
13,70,132.865647162491
14,70,183.728707715854
15,70,125.491002522385
16,70,142.128276054604
17,70,200.16936817947
18,70,163.461995272429
1,71,142.46421146259
2,71,165.562458550439
3,71,116.728719258916
4,71,133.144462402174
5,71,170.961348206139
6,71,122.978936933472
7,71,165.958524980978
8,71,191.994413737284
9,71,126.224549597183
10,71,198.094543504399
11,71,115.369557933718
12,71,172.441054334374
13,71,156.503686142709
14,71,162.84000858276
15,71,184.396855736171
16,71,162.213551650321
17,71,173.297047191141
18,71,166.035345790242
1,72,147.199461052312
2,72,152.704100233289
3,72,138.515121902435
4,72,182.472928045575
5,72,165.097492152357
6,72,174.606209985205
7,72,162.641733629811
8,72,144.594885127995
9,72,173.151392454718
10,72,161.928040053777
11,72,149.658554722875
12,72,160.03929752705
13,72,179.221874774774
14,72,160.668427055064
15,72,138.600093995969
16,72,182.041536675928
17,72,151.29306215526
18,72,146.641458328379
1,73,175.6704162352
2,73,173.005203666113
3,73,181.211001927125
4,73,162.995640758258
5,73,115.436626464071
6,73,158.402695902255
7,73,161.56951071994
8,73,181.011919636273
9,73,172.675853542385
10,73,162.24322887302
11,73,124.175519304422
12,73,132.085305039782
13,73,169.769833534143
14,73,127.762900835671
15,73,138.666485767513
16,73,150.994416637197
17,73,181.866940983611
18,73,141.498352360377
1,74,171.079781947978
2,74,128.75921282228
3,74,176.307849804674
4,74,142.974486071697
5,74,161.861023904206
6,74,117.203879883727
7,74,178.428764008921
8,74,149.083608389558
9,74,189.21045590652
10,74,150.401924472586
11,74,198.662790614493
12,74,152.200401117555
13,74,158.549121508155
14,74,158.669749893307
15,74,111.308507297155
16,74,167.115470615794
17,74,159.905396773879
18,74,147.865683031786
1,75,163.674068447105
2,75,165.700208389199
3,75,155.575958691527
4,75,135.561647786939
5,75,171.756186227691
6,75,174.010400001503
7,75,181.66005049898
8,75,161.136195175192
9,75,146.561938461399
10,75,156.671015840952
11,75,152.198070670853
12,75,142.490002147349
13,75,167.907082977064
14,75,194.77754432013
15,75,145.739877950813
16,75,167.638355268936
17,75,161.224017501883
18,75,164.566659455534
1,76,115.089614955555
2,76,108.007011262234
3,76,131.523188932424
4,76,115.068947303817
5,76,126.791265386435
6,76,157.790785356475
7,76,138.026827149012
8,76,179.131012759942
9,76,142.08673472314
10,76,158.556822512663
11,76,167.559557372314
12,76,134.40820223317
13,76,181.040006441517
14,76,155.474102834403
15,76,141.218784133261
16,76,146.314470957556
17,76,134.47915405292
18,76,163.902759975179
1,77,133.390495933217
2,77,136.396418019922
3,77,149.184955283017
4,77,136.852772175913
5,77,153.552437782633
6,77,165.482307427673
7,77,169.837444655059
8,77,179.874080795948
9,77,151.522573125841
10,77,194.363863924318
11,77,113.438662761237
12,77,165.41432350427
13,77,157.088638683544
14,77,150.241980964913
15,77,185.385995394413
16,77,124.526583373467
17,77,185.476555160809
18,77,137.254841397246
1,78,139.656209751732
2,78,184.078723611866
3,78,122.22461937844
4,78,141.33526340574
5,78,203.90255286343
6,78,169.364325219016
7,78,155.406634190546
8,78,151.740555507366
9,78,156.947547211965
10,78,178.085432553975
11,78,168.416849102846
12,78,157.231728874978
13,78,120.950072508201
14,78,141.525178424522
15,78,141.197526843878
16,78,140.981947100043
17,78,122.368666328278
18,78,159.032045307445
1,79,142.092086492891
2,79,174.757443352742
3,79,161.820844792217
4,79,193.597905510313
5,79,125.990153247883
6,79,193.569056140877
7,79,172.248861458201
8,79,189.928592881552
9,79,165.498467300462
10,79,134.634143386542
11,79,136.762665045878
12,79,172.780112112249
13,79,164.12281978994
14,79,147.304003740381
15,79,175.834601882837
16,79,148.983016540537
17,79,182.743762673367
18,79,163.624172895885
1,80,154.190299725052
2,80,191.328753474491
3,80,157.037025101528
4,80,127.727820708592
5,80,157.199120517935
6,80,200.861754237694
7,80,190.350868873646
8,80,155.401278092903
9,80,184.09735449727
10,80,146.424355982644
11,80,177.775809793324
12,80,177.978047507958
13,80,152.365069457952
14,80,152.019483509328
15,80,167.357183964511
16,80,183.312725471635
17,80,168.029120637403
18,80,160.115356799511
1,81,133.390871286658
2,81,165.436746549233
3,81,118.868710645812
4,81,159.1026289569
5,81,173.426646925985
6,81,174.447654087266
7,81,122.58842456569
8,81,155.830495453553
9,81,159.233998667557
10,81,144.160355388965
11,81,164.642704635397
12,81,173.170783075609
13,81,171.655810980815
14,81,129.824925905635
15,81,163.327024271945
16,81,177.788469989252
17,81,141.079643259257
18,81,172.415717716717
1,82,181.132583088086
2,82,130.099455663243
3,82,195.403089292448
4,82,174.008838597309
5,82,178.81874454627
6,82,137.41142127521
7,82,115.359115442062
8,82,183.516512116992
9,82,189.57069808221
10,82,132.207373800389
11,82,157.912347808768
12,82,157.052525040406
13,82,170.772172683133
14,82,122.9811621242
15,82,172.976961884093
16,82,152.942974605388
17,82,156.965505181907
18,82,172.445918405605
1,83,157.466408287566
2,83,208.312116235525
3,83,181.843285047644
4,83,180.274637336046
5,83,175.009464914915
6,83,129.304020397054
7,83,181.217320026856
8,83,179.062800061313
9,83,203.25298033288
10,83,120.068901990747
11,83,173.939477300926
12,83,154.413406059723
13,83,163.713306175447
14,83,180.493090584149
15,83,111.759804847082
16,83,111.038631396334
17,83,205.613056222219
18,83,175.306553728527
1,84,147.460313618323
2,84,178.911017598374
3,84,203.179047756933
4,84,138.396340775999
5,84,167.388473221532
6,84,155.53204711992
7,84,192.094650115601
8,84,202.049183070235
9,84,156.659212842158
10,84,140.978715471227
11,84,170.467605076058
12,84,162.324997501937
13,84,163.855256200203
14,84,155.293629049135
15,84,154.83708276107
16,84,164.533051794579
17,84,156.406996264308
18,84,194.996168539401
1,85,181.706686106764
2,85,140.31708671321
3,85,154.466490094575
4,85,154.454891999434
5,85,113.997504166954
6,85,151.945226497397
7,85,154.601225672157
8,85,137.550098646067
9,85,171.109460869243
10,85,111.756300332521
11,85,172.850253414662
12,85,155.238294743907
13,85,172.852800515293
14,85,111.900569017891
15,85,119.511954241041
16,85,154.35763072118
17,85,167.256825516678
18,85,140.063200391825
1,86,180.729082874157
2,86,170.420923775339
3,86,187.191506567736
4,86,154.097917133484
5,86,153.895696419877
6,86,142.567809861655
7,86,151.508451805812
8,86,141.085390823408
9,86,191.195915389235
10,86,157.83655561713
11,86,119.949868061906
12,86,175.889822291382
13,86,148.622959026172
14,86,162.122551084739
15,86,169.246981802524
16,86,144.70444973136
17,86,120.879700930427
18,86,154.811464850105
1,87,165.28511585662
2,87,198.818785130147
3,87,197.461367417796
4,87,126.304303238874
5,87,159.103825737143
6,87,152.927517797776
7,87,152.584429098755
8,87,147.734084096668
9,87,169.640758401992
10,87,145.255876425644
11,87,152.569183669332
12,87,202.790055091462
13,87,177.305305959108
14,87,147.298458218048
15,87,179.334353473026
16,87,140.158644668625
17,87,159.256809546003
18,87,135.229608262312
1,88,130.194859619387
2,88,187.021896458111
3,88,127.000069624211
4,88,183.64025950951
5,88,144.647777191767
6,88,115.682653092279
7,88,176.9455668866
8,88,150.50620335178
9,88,115.141588748935
10,88,173.890249784652
11,88,116.240133715326
12,88,155.307867847103
13,88,143.095215946992
14,88,159.0830755398
15,88,167.829909330336
16,88,125.643607425584
17,88,136.53020317786
18,88,128.371295685758
1,89,178.942425878849
2,89,166.290420693322
3,89,166.470378989569
4,89,152.62026757218
5,89,155.209570847028
6,89,149.829317782476
7,89,177.427030291655
8,89,185.860491149349
9,89,167.69501427928
10,89,164.309187177926
11,89,148.392481323755
12,89,124.510028410426
13,89,164.226674444195
14,89,136.327773657734
15,89,173.555718528708
16,89,145.947231864981
17,89,166.979301169021
18,89,130.787763307585
1,90,142.987209761643
2,90,179.624332455366
3,90,178.240485982892
4,90,119.609993144324
5,90,184.678695403639
6,90,131.147593059962
7,90,165.211584589783
8,90,157.440883598887
9,90,162.360434006242
10,90,172.794495123554
11,90,157.457977492703
12,90,202.249524782103
13,90,201.028717301368
14,90,152.773811559185
15,90,165.212482747789
16,90,149.614635371356
17,90,155.505447045527
18,90,140.854538733184
1,91,108.676818959875
2,91,114.827026166716
3,91,121.883185437664
4,91,175.224485686523
5,91,157.410241892971
6,91,182.292218516597
7,91,163.689866470335
8,91,137.131217605716
9,91,165.224691418034
10,91,186.550535164429
11,91,177.487071628272
12,91,159.42777579007
13,91,154.643206343606
14,91,167.892174086142
15,91,185.945839310736
16,91,186.406106633839
17,91,136.332885420538
18,91,143.164547272615
1,92,129.463262379207
2,92,177.711244480511
3,92,128.994322892967
4,92,180.349187144886
5,92,175.703919927713
6,92,192.925983007992
7,92,157.287801174667
8,92,192.35868561328
9,92,176.775509443436
10,92,184.585378928441
11,92,152.849165437278
12,92,127.772721541593
13,92,144.676008774036
14,92,172.236882047564
15,92,150.348065804018
16,92,152.092361654037
17,92,116.776249237982
18,92,160.400667164247
1,93,130.359028037752
2,93,185.675191400648
3,93,124.357289935048
4,93,176.702028207816
5,93,182.59901138553
6,93,117.901849569098
7,93,144.537101107896
8,93,167.15106673275
9,93,176.767454460192
10,93,153.205867164793
11,93,191.707917693984
12,93,152.596318224527
13,93,154.700643197362
14,93,145.391626765318
15,93,165.378408549949
16,93,162.442219585269
17,93,118.472044098356
18,93,173.832788248755
1,94,138.905947998375
2,94,168.020792351951
3,94,160.454536145254
4,94,166.63894069566
5,94,165.712833896661
6,94,145.276990028459
7,94,140.405328260897
8,94,161.369620725942
9,94,205.569129972989
10,94,148.46915757368
11,94,148.076847914334
12,94,117.510749473133
13,94,160.63185114091
14,94,164.530382094709
15,94,173.607459921765
16,94,194.363226876723
17,94,158.603521787351
18,94,125.592257470921
1,95,143.355996500921
2,95,184.609461759024
3,95,182.405898648768
4,95,181.568922981672
5,95,193.416679738197
6,95,167.789083262541
7,95,158.519366565077
8,95,137.21177272353
9,95,171.619488146555
10,95,125.838926129535
11,95,156.948456496799
12,95,191.79303240436
13,95,181.784939538049
14,95,171.83024798559
15,95,130.672071207463
16,95,164.419222211846
17,95,202.677259404636
18,95,165.588618063892
1,96,144.378690626609
2,96,122.686179166217
3,96,124.010257470665
4,96,184.475051852221
5,96,150.784581603982
6,96,193.219306066392
7,96,162.415684895865
8,96,159.910229080988
9,96,193.551718718315
10,96,129.026218946087
11,96,179.484142988508
12,96,151.742657697805
13,96,162.325465821563
14,96,147.40363636485
15,96,125.460498027902
16,96,176.373895885348
17,96,137.715669622501
18,96,167.965365953553
1,97,155.385961265834
2,97,138.07130097595
3,97,204.652351992321
4,97,156.087040721629
5,97,116.654033305967
6,97,191.950144090767
7,97,184.22260965299
8,97,164.780679523614
9,97,146.326180055384
10,97,178.692307771844
11,97,194.24943120825
12,97,182.405419220704
13,97,131.069011625496
14,97,197.274230177827
15,97,162.350211105805
16,97,108.300866617385
17,97,132.004962230387
18,97,108.559728315851
1,98,179.314017741096
2,98,176.543741706217
3,98,191.122767828635
4,98,151.173909293731
5,98,198.457643192891
6,98,179.892620552664
7,98,176.950514857976
8,98,166.017709012138
9,98,196.968799400339
10,98,159.191247204984
11,98,186.589251493229
12,98,153.268065972944
13,98,156.134995646882
14,98,191.774958957018
15,98,169.688765780678
16,98,113.241169072526
17,98,135.087273360478
18,98,158.958880554909
1,99,154.859227827441
2,99,203.504688983573
3,99,186.075293218191
4,99,149.633185431044
5,99,171.143336523574
6,99,188.297623886052
7,99,169.244619707285
8,99,166.974217350153
9,99,133.476406518968
10,99,164.773844996632
11,99,144.353604873014
12,99,156.7502924999
13,99,140.273212443166
14,99,142.959844835123
15,99,167.850076287616
16,99,157.582849000225
17,99,134.633796591882
18,99,144.301999918564
1,100,171.61435888195
2,100,165.470480059234
3,100,131.605446993719
4,100,123.66468783991
5,100,196.755202415575
6,100,151.146158089035
7,100,169.317550555961
8,100,181.844734831752
9,100,141.890495742203
10,100,117.473851312098
11,100,164.442379932979
12,100,180.970520015525
13,100,150.74619019169
14,100,148.6976347142
15,100,167.310480430743
16,100,195.344132435715
17,100,164.496474571856
18,100,159.776562622576
1,101,134.058392567403
2,101,181.835574132411
3,101,139.596748164162
4,101,168.843763436512
5,101,165.723995776235
6,101,120.374068126348
7,101,193.807918279907
8,101,163.735853097337
9,101,183.244360850114
10,101,160.234862765136
11,101,143.841297490848
12,101,164.56248418516
13,101,177.586012546356
14,101,170.068292572077
15,101,158.085359181152
16,101,157.227360540182
17,101,165.761886652196
18,101,156.238649237311
1,102,164.863371179798
2,102,107.871060078669
3,102,204.818219086472
4,102,153.610462050462
5,102,129.995971507866
6,102,184.079396116905
7,102,161.433761030884
8,102,185.30020988995
9,102,117.976970859716
10,102,185.283230378624
11,102,172.245527874394
12,102,175.611821731386
13,102,183.498276205367
14,102,159.237993095225
15,102,190.428229058512
16,102,139.045911583568
17,102,115.639295116011
18,102,147.541147324391
1,103,168.241661757853
2,103,147.462366898841
3,103,193.042529807723
4,103,176.300385000561
5,103,149.199410478836
6,103,158.144083378107
7,103,154.207242325068
8,103,176.100751078574
9,103,158.362362366402
10,103,112.351431139647
11,103,167.173829615752
12,103,141.329496427627
13,103,173.95636515662
14,103,146.075248750874
15,103,188.003432264365
16,103,182.523558528468
17,103,156.993624307823
18,103,123.867194610879
1,104,163.474216070791
2,104,163.571881068298
3,104,204.147341626827
4,104,148.912086956669
5,104,168.653353031086
6,104,192.170497818365
7,104,163.312578573806
8,104,170.223939326622
9,104,126.475635739657
10,104,183.776746559521
11,104,159.260528596943
12,104,140.358545884613
13,104,153.984201251698
14,104,185.793710463656
15,104,158.945135026811
16,104,169.02314042523
17,104,145.09676313298
18,104,179.329392607922
1,105,142.25218778451
2,105,151.237097540066
3,105,141.386983135243
4,105,191.771837839023
5,105,154.150071643449
6,105,132.188041866107
7,105,188.974745185682
8,105,149.761778078012
9,105,182.486934105654
10,105,132.744396076686
11,105,150.557965466546
12,105,142.204056735085
13,105,119.623361218711
14,105,176.726628726462
15,105,138.253785348103
16,105,152.681899334433
17,105,148.092812386259
18,105,164.82930686878
1,106,161.492654571989
2,106,203.030027644377
3,106,142.869856534909
4,106,173.131367589721
5,106,199.18520487417
6,106,162.401031339952
7,106,152.73689084601
8,106,179.973139800269
9,106,129.337329347579
10,106,161.192103481918
11,106,155.911889364035
12,106,144.446207897003
13,106,134.270965970318
14,106,184.307646790935
15,106,162.616265812335
16,106,162.00436767768
17,106,164.28133243468
18,106,172.617526258265
1,107,166.963819336979
2,107,165.533482337364
3,107,120.802911512833
4,107,162.784500282026
5,107,164.001263325022
6,107,166.352742548932
7,107,165.963377587232
8,107,125.45030527432
9,107,124.793241173122
10,107,169.928185991943
11,107,180.455759256452
12,107,133.090522740786
13,107,176.64843369877
14,107,158.421282665232
15,107,202.4718997926
16,107,159.145035406671
17,107,162.627902711212
18,107,151.802416018955
1,108,160.244337533208
2,108,124.303957780312
3,108,161.339701313296
4,108,195.779911829713
5,108,160.753454979817
6,108,155.508294249557
7,108,116.843083126514
8,108,118.017187659994
9,108,119.89153258992
10,108,134.633396323063
11,108,157.413371371573
12,108,178.413727184098
13,108,144.952483895421
14,108,174.51134526778
15,108,160.421819181419
16,108,145.58065980106
17,108,113.004461151263
18,108,168.749193208435
1,109,123.199654578796
2,109,180.987752651425
3,109,131.959081326186
4,109,167.983172424746
5,109,181.125889128577
6,109,143.176062501945
7,109,132.030160471834
8,109,175.144578313306
9,109,139.389443006856
10,109,143.98440792569
11,109,160.975236417309
12,109,157.706810761522
13,109,151.487212149712
14,109,176.026552317977
15,109,162.409507375201
16,109,134.05558908228
17,109,202.52492905332
18,109,142.118188075789
1,110,131.412244965735
2,110,139.449113949635
3,110,151.916337128175
4,110,150.570572949195
5,110,146.593093955594
6,110,119.338775185683
7,110,191.635218977604
8,110,162.977598681881
9,110,140.14950168704
10,110,184.925757118835
11,110,157.307256576078
12,110,161.551457407868
13,110,176.715114246807
14,110,167.498614649706
15,110,132.983476880747
16,110,147.956756257339
17,110,194.073062499018
18,110,137.252681083641
1,111,174.196977095915
2,111,156.827671243281
3,111,132.609078663054
4,111,138.791414067833
5,111,169.18195625204
6,111,132.250869366435
7,111,154.179156089192
8,111,156.356904008457
9,111,166.024728224834
10,111,142.660783981487
11,111,157.122809622533
12,111,135.085547596076
13,111,182.944655946314
14,111,134.189326115731
15,111,126.283655263776
16,111,186.558849097598
17,111,146.443861910643
18,111,174.317408992639
1,112,153.303770100413
2,112,156.195962194496
3,112,134.504546909341
4,112,132.943657926277
5,112,133.432352175504
6,112,160.009562190178
7,112,158.787168134602
8,112,165.6424367193
9,112,156.127870710776
10,112,121.365917317338
11,112,108.318305486688
12,112,140.23752364584
13,112,182.304362419126
14,112,143.936032937445
15,112,164.63132727061
16,112,165.198359979466
17,112,203.547009316238
18,112,137.528427440408
1,113,174.411027638884
2,113,141.950635747106
3,113,148.366539178552
4,113,107.194236500558
5,113,206.246050455874
6,113,155.562916975988
7,113,206.437225637229
8,113,138.032476514794
9,113,129.228411034348
10,113,142.625694828653
11,113,169.508002552992
12,113,163.44403716772
13,113,154.229178903607
14,113,172.711284916011
15,113,163.27606573011
16,113,163.464954490852
17,113,164.149211798384
18,113,140.330671433028
1,114,128.250502303711
2,114,173.217241844601
3,114,165.415974110335
4,114,194.098383030288
5,114,195.56709821347
6,114,173.801259565272
7,114,155.366670803585
8,114,135.987473994734
9,114,155.394542752168
10,114,175.069029847486
11,114,189.551799782752
12,114,188.059392334399
13,114,179.200661849508
14,114,138.306031005425
15,114,120.306759029144
16,114,157.987806728934
17,114,164.171198780293
18,114,127.378178226055
1,115,194.046401796225
2,115,134.811434279006
3,115,189.864987721058
4,115,131.121322172709
5,115,168.402867944098
6,115,176.687734060211
7,115,175.227246312452
8,115,169.011694965142
9,115,129.727472835604
10,115,182.335662572928
11,115,165.735843569519
12,115,180.989970728466
13,115,135.518750203148
14,115,110.561438806862
15,115,148.086282500569
16,115,144.117056548586
17,115,180.021961322526
18,115,191.47908377264
1,116,131.123165245587
2,116,188.849808962559
3,116,165.006699805634
4,116,153.219984922618
5,116,168.591149712622
6,116,175.447686507061
7,116,160.425702984845
8,116,152.852033101866
9,116,196.662581074118
10,116,120.191037686853
11,116,133.858486404613
12,116,170.555031065393
13,116,172.615679366168
14,116,128.853351878455
15,116,157.147263894056
16,116,167.154384023425
17,116,153.018164160319
18,116,202.884918872819
1,117,169.396503289368
2,117,147.507227635121
3,117,133.905717706208
4,117,146.490057187575
5,117,127.104846078955
6,117,115.583069272997
7,117,147.160204100321
8,117,173.632228652326
9,117,195.605710486476
10,117,154.195281424611
11,117,160.444578159714
12,117,123.283836932055
13,117,166.427480731644
14,117,150.153203182996
15,117,154.747195245269
16,117,196.278645720572
17,117,169.5409780446
18,117,171.983160740768
1,118,135.587003141043
2,118,138.650757619026
3,118,184.781923102419
4,118,181.088203503621
5,118,172.128991502279
6,118,144.987775999161
7,118,139.214174964915
8,118,158.862777310089
9,118,160.417761635626
10,118,140.06645654271
11,118,175.116567504139
12,118,114.992915464397
13,118,171.516517369115
14,118,181.387813049756
15,118,191.089453230515
16,118,168.363053820591
17,118,144.137112655033
18,118,139.929347084855
1,119,183.909850062003
2,119,115.00621443742
3,119,182.217891208657
4,119,160.538814057132
5,119,155.405168101239
6,119,191.153859721731
7,119,134.990790633109
8,119,151.837089792982
9,119,132.252460661989
10,119,133.48850148566
11,119,169.25430699748
12,119,162.620112444323
13,119,157.562701336429
14,119,178.83604661755
15,119,196.022178423221
16,119,160.064145604089
17,119,171.003945405431
18,119,136.568648597277
1,120,150.257975584472
2,120,120.35664635831
3,120,133.781022326076
4,120,127.718315558695
5,120,144.918407579421
6,120,152.398910083822
7,120,166.681548508742
8,120,171.223694576847
9,120,148.265829702265
10,120,196.546601221775
11,120,170.530099663542
12,120,134.64531796159
13,120,151.198522648853
14,120,146.560660320285
15,120,156.756960744252
16,120,179.853448575
17,120,141.139261292402
18,120,153.349081930983
1,121,197.839530550265
2,121,130.742085894953
3,121,166.453793708821
4,121,171.013407112317
5,121,164.21623374753
6,121,205.65552498138
7,121,119.516252395313
8,121,202.755564655291
9,121,173.834511676626
10,121,155.483402236177
11,121,133.827534444121
12,121,156.214365748838
13,121,137.078843345555
14,121,154.860048735566
15,121,179.641630899079
16,121,120.442010431748
17,121,148.221077843531
18,121,181.52457406617
1,122,118.518697621525
2,122,177.294914005194
3,122,195.882952159412
4,122,168.291186377413
5,122,109.916746029293
6,122,157.219116131242
7,122,171.858883193193
8,122,115.899245601878
9,122,181.802090197022
10,122,173.913058096676
11,122,143.677803355641
12,122,173.877504156937
13,122,168.950107638414
14,122,135.725014217367
15,122,168.834022955321
16,122,191.026164283635
17,122,182.305429135946
18,122,176.460440625353
1,123,169.848335124157
2,123,164.22566186336
3,123,153.409238368964
4,123,131.185609358253
5,123,179.589776622795
6,123,171.866034679771
7,123,177.018420603432
8,123,113.286612145236
9,123,135.960094497821
10,123,164.63407138055
11,123,125.220844085713
12,123,171.240342968028
13,123,162.703954527348
14,123,145.11967904465
15,123,152.695142652035
16,123,169.021545262854
17,123,134.755310650873
18,123,128.868284854316
1,124,161.06396772623
2,124,128.21388687241
3,124,126.961116429397
4,124,167.023266595494
5,124,162.724154751223
6,124,146.802360699238
7,124,143.83207824995
8,124,166.583793848346
9,124,180.495153468614
10,124,120.615869079814
11,124,203.618613171504
12,124,114.352985057278
13,124,136.470276323067
14,124,148.453442263808
15,124,182.670467819652
16,124,136.895657200249
17,124,177.568694085476
18,124,183.043842506545
1,125,157.584390097169
2,125,167.518628082627
3,125,148.197109348728
4,125,157.239596791664
5,125,192.734171801698
6,125,142.200753302829
7,125,114.4524835724
8,125,196.912980498041
9,125,143.365512340341
10,125,167.875533443779
11,125,124.465018450229
12,125,197.348065600308
13,125,189.490415582427
14,125,183.942705044564
15,125,154.726512507734
16,125,176.457292569387
17,125,146.391505434777
18,125,145.618404217562
1,126,207.945847289879
2,126,201.740373454497
3,126,158.051454786736
4,126,175.055618357417
5,126,148.447829413836
6,126,141.446040642698
7,126,165.729977453077
8,126,149.26950815402
9,126,121.82224098022
10,126,200.275768899864
11,126,169.98857300125
12,126,183.362184336764
13,126,156.977774726523
14,126,130.924339122027
15,126,169.496562301254
16,126,113.760626884832
17,126,134.832873213857
18,126,186.822587451185
1,127,133.843048533788
2,127,143.254573024501
3,127,142.083927105567
4,127,147.259637129755
5,127,140.187411978856
6,127,116.453370792461
7,127,187.635610169826
8,127,195.482083896097
9,127,192.79996067721
10,127,156.479461315913
11,127,155.538982206037
12,127,120.403913773577
13,127,150.583966999197
14,127,186.914379891556
15,127,151.330573898977
16,127,159.382079208016
17,127,160.741803181048
18,127,135.552025437048
1,128,161.346618043098
2,128,129.109908961427
3,128,165.513642542285
4,128,161.694471948597
5,128,140.728252122349
6,128,187.461109333098
7,128,138.195689195011
8,128,154.568084547223
9,128,185.588703576397
10,128,141.607764136148
11,128,145.780609623514
12,128,184.766234798069
13,128,165.800056291094
14,128,182.896630520738
15,128,157.891182533424
16,128,186.647947653493
17,128,135.434998757712
18,128,165.915764138204
1,129,172.273376051753
2,129,137.438903544792
3,129,162.977515635644
4,129,168.946921575507
5,129,189.574595717203
6,129,148.233571917028
7,129,161.790957523742
8,129,108.092576896888
9,129,151.268119345106
10,129,166.886420897185
11,129,165.255880769195
12,129,179.432558748411
13,129,129.988975550151
14,129,168.440882758455
15,129,138.472211786438
16,129,163.9744919342
17,129,170.440487247985
18,129,160.779863685317
1,130,151.228863698539
2,130,170.661082721947
3,130,157.682759939254
4,130,140.994838902139
5,130,156.52920798872
6,130,125.015360209014
7,130,143.178639070264
8,130,162.187524528178
9,130,114.264213208046
10,130,139.311394729798
11,130,166.81365088917
12,130,171.883029397307
13,130,176.140671759757
14,130,124.144999904798
15,130,127.65154277629
16,130,193.338140778822
17,130,191.097916524993
18,130,189.85801580182
1,131,167.623240637611
2,131,134.168871004665
3,131,188.465964645634
4,131,189.935917129601
5,131,135.451715638614
6,131,124.168542101188
7,131,162.842530587316
8,131,150.956253967095
9,131,156.887368141107
10,131,157.157179998971
11,131,176.295565351309
12,131,179.886047270311
13,131,145.085478099328
14,131,172.766007756095
15,131,158.966701579083
16,131,123.089584834068
17,131,117.999331294683
18,131,141.557079251096
1,132,139.943322382694
2,132,154.60356364142
3,132,161.953593696878
4,132,171.666472175651
5,132,141.754997376891
6,132,186.807790286659
7,132,158.20060201933
8,132,143.585211298268
9,132,147.834934194119
10,132,168.499029215924
11,132,172.63385071199
12,132,163.12564338236
13,132,185.000873425346
14,132,153.782764125685
15,132,138.809375584764
16,132,157.514275831919
17,132,151.877475953762
18,132,142.370610913695
1,133,190.319505001573
2,133,157.241787031672
3,133,111.900613508537
4,133,192.856216921638
5,133,151.559554746265
6,133,109.620262453226
7,133,199.905268787417
8,133,151.755593037446
9,133,201.381519143757
10,133,132.421781126789
11,133,162.625613075844
12,133,177.490144176058
13,133,137.776500444536
14,133,171.464213907882
15,133,162.814301665558
16,133,110.495650533333
17,133,143.120887519648
18,133,157.523698788199
1,134,190.55962801062
2,134,204.970626799286
3,134,139.213421840644
4,134,161.705917360499
5,134,167.349824475651
6,134,187.41557486924
7,134,172.927365546664
8,134,165.261806114703
9,134,140.453237377334
10,134,189.196289692783
11,134,178.158434157587
12,134,147.298706813738
13,134,140.696474007123
14,134,168.087806320882
15,134,173.163388058481
16,134,157.178220015897
17,134,183.49939952249
18,134,169.163608135723
1,135,134.684275591877
2,135,111.248714939467
3,135,183.738553486522
4,135,127.901274362004
5,135,147.286037048812
6,135,155.346265755558
7,135,165.608632337571
8,135,149.185131179448
9,135,163.593843149668
10,135,180.401314176871
11,135,148.866562678878
12,135,152.047376198089
13,135,165.032617674869
14,135,158.953258320517
15,135,128.961477845477
16,135,181.842603618264
17,135,156.033776977995
18,135,174.194951671699
1,136,177.583054356463
2,136,152.608001872761
3,136,112.203881610988
4,136,173.700950419204
5,136,123.417124731911
6,136,160.985664058752
7,136,130.537579521003
8,136,169.211821611516
9,136,121.424246286697
10,136,177.778729358736
11,136,168.394592447789
12,136,142.101535810638
13,136,134.574643563531
14,136,121.757149668307
15,136,112.322856485506
16,136,180.721396026641
17,136,143.50920080908
18,136,121.321306413774
1,137,149.788465687374
2,137,163.60708297788
3,137,178.275797829814
4,137,149.256877973926
5,137,131.905251961053
6,137,175.895964438204
7,137,184.851943933448
8,137,202.037694884849
9,137,167.918738915206
10,137,142.888679548859
11,137,167.114418800051
12,137,156.318961195498
13,137,138.054377187139
14,137,165.060915092318
15,137,198.496773360711
16,137,138.254023447199
17,137,155.362337523169
18,137,149.206816756625
1,138,117.227131352806
2,138,127.70899241408
3,138,154.408403251429
4,138,119.889695983601
5,138,115.498006295556
6,138,135.865958851796
7,138,151.791286055941
8,138,164.055839377864
9,138,148.99211702199
10,138,158.88550101479
11,138,174.334622305052
12,138,135.434291390471
13,138,181.63448173317
14,138,147.862188714131
15,138,141.251313183366
16,138,147.124904860545
17,138,177.141654830596
18,138,142.926930993388
1,139,190.033557602367
2,139,133.346283293793
3,139,139.778164009548
4,139,166.207981811673
5,139,143.130335384447
6,139,171.2309604238
7,139,173.62986150056
8,139,143.546775571713
9,139,163.190250880714
10,139,189.131974971717
11,139,171.313274226926
12,139,181.699872897127
13,139,189.666688351324
14,139,146.003365475071
15,139,167.666347732685
16,139,132.651881000668
17,139,182.542923942765
18,139,168.604201778232
1,140,172.996776759725
2,140,147.465876969757
3,140,168.710056939692
4,140,157.107088321909
5,140,167.644020447653
6,140,176.821162852178
7,140,187.483366084166
8,140,160.731203580199
9,140,134.346932751443
10,140,144.112110780177
11,140,131.871328704656
12,140,141.554812624086
13,140,172.293458053308
14,140,166.268372554868
15,140,156.423646954717
16,140,166.690296323226
17,140,160.846589687033
18,140,148.552373328659
1,141,175.680876881065
2,141,166.730590688229
3,141,175.952344992541
4,141,136.376450931484
5,141,152.972996539691
6,141,196.082569080091
7,141,151.740795850062
8,141,124.780607355564
9,141,160.837663835982
10,141,193.859617618245
11,141,182.784801949518
12,141,161.936508796188
13,141,168.539197863915
14,141,159.221312806998
15,141,190.19467845956
16,141,126.764599327337
17,141,159.022635059267
18,141,176.54837037253
1,142,184.109836228558
2,142,187.466078576401
3,142,178.859246105943
4,142,133.901659862272
5,142,172.750924017934
6,142,174.853219784073
7,142,168.28499439252
8,142,188.216285705612
9,142,152.549198947684
10,142,195.059665214178
11,142,156.67506725609
12,142,137.877304029171
13,142,164.189380328446
14,142,134.072099082977
15,142,160.292197299346
16,142,154.010478650358
17,142,180.189453995378
18,142,162.67300065654
1,143,156.668478610276
2,143,137.634650178128
3,143,157.580141806205
4,143,141.136005419358
5,143,147.41857659074
6,143,183.815150548344
7,143,155.981489604744
8,143,155.311743369619
9,143,157.617602838765
10,143,180.72550161612
11,143,110.585116182804
12,143,147.06255505446
13,143,125.987524417975
14,143,179.830046960798
15,143,157.531053402175
16,143,161.003015562844
17,143,152.908754504832
18,143,156.547224495927
1,144,129.637024191537
2,144,116.57777749101
3,144,114.652764817779
4,144,124.7754740353
5,144,150.698266038648
6,144,174.992239008423
7,144,173.69156455327
8,144,127.516247444675
9,144,195.933525405545
10,144,132.804847382612
11,144,158.318249036993
12,144,162.771142219168
13,144,191.292052961606
14,144,179.57801827871
15,144,161.044110706258
16,144,152.206258309115
17,144,161.749475380351
18,144,177.677095000047
1,145,166.281116101938
2,145,128.30842952397
3,145,137.602036747152
4,145,181.497471932624
5,145,158.012634589082
6,145,176.170779699715
7,145,179.423093180638
8,145,146.173092583507
9,145,140.650864216097
10,145,165.874474878063
11,145,151.515578394778
12,145,185.758386381984
13,145,130.86823852743
14,145,134.335576453183
15,145,166.936333535429
16,145,137.060781347268
17,145,168.511768225194
18,145,159.874596720243
1,146,173.574657472677
2,146,148.997886406712
3,146,129.203347333897
4,146,153.347018448259
5,146,161.570475724719
6,146,173.479362789586
7,146,135.77504927237
8,146,163.953716560738
9,146,159.187161791938
10,146,191.856782465098
11,146,188.48496278708
12,146,133.817275514416
13,146,146.930077691011
14,146,170.649495962031
15,146,175.124530015813
16,146,159.753495128169
17,146,140.652317195042
18,146,135.12028441629
1,147,147.565721946846
2,147,119.441609310473
3,147,168.824826467118
4,147,173.903258886496
5,147,142.4486720762
6,147,157.287544353261
7,147,119.317348772203
8,147,127.589828348307
9,147,186.964458629768
10,147,165.573652281928
11,147,167.069988758188
12,147,156.936792586913
13,147,144.886794993787
14,147,193.116752306044
15,147,114.616040651235
16,147,136.23028165397
17,147,197.800461293401
18,147,177.916321811315
1,148,208.536093912133
2,148,143.420159018813
3,148,163.715447019379
4,148,124.008897348173
5,148,178.120085855308
6,148,185.193335218535
7,148,186.148194191567
8,148,110.965479108189
9,148,141.870088088546
10,148,165.122480431903
11,148,150.777620724786
12,148,171.365449915355
13,148,118.889498391088
14,148,168.061934310064
15,148,140.984943053119
16,148,144.370984748333
17,148,172.985516185132
18,148,136.320113966476
1,149,152.28164989131
2,149,169.753680858364
3,149,154.157188596078
4,149,161.541209181359
5,149,156.592032985257
6,149,131.04139817943
7,149,116.599027977322
8,149,135.099752220616
9,149,177.848020136447
10,149,132.718113425689
11,149,124.327078925727
12,149,115.992642585751
13,149,154.294132283266
14,149,182.589266585142
15,149,148.579096602919
16,149,155.948330971536
17,149,154.050673270795
18,149,150.040765481194
1,150,190.690439775964
2,150,190.98569383494
3,150,144.927135775174
4,150,172.720115761923
5,150,139.804652568242
6,150,192.41586420388
7,150,122.780144403461
8,150,202.269238818492
9,150,139.233232296938
10,150,147.73642744498
11,150,130.43875189998
12,150,163.82779430182
13,150,168.133481571589
14,150,205.448165954894
15,150,137.791649717387
16,150,179.282552636415
17,150,165.822019074357
18,150,201.303659302022
1,151,155.788837343434
2,151,172.370102249528
3,151,124.533255609122
4,151,166.456886736811
5,151,139.61460783883
6,151,189.564129441681
7,151,178.906098737273
8,151,182.785072347158
9,151,179.304273445889
10,151,154.27609508483
11,151,199.171123868912
12,151,159.159734888816
13,151,159.11472216549
14,151,149.477046332185
15,151,123.257503297306
16,151,188.137580638064
17,151,140.176574732887
18,151,146.226838720899
1,152,168.145641311672
2,152,162.863729414598
3,152,197.771825706344
4,152,128.429577228497
5,152,161.630401744679
6,152,189.09801449405
7,152,184.417515537702
8,152,187.808526566317
9,152,176.285958402308
10,152,135.249131713458
11,152,130.394425986055
12,152,130.035978339076
13,152,155.198212935531
14,152,176.180341260303
15,152,187.757648209969
16,152,154.854989348625
17,152,178.705788135805
18,152,157.371017225126
1,153,169.389845457913
2,153,174.796695580408
3,153,169.69050531506
4,153,181.993204587
5,153,147.238424860391
6,153,136.74633939732
7,153,126.974521711709
8,153,112.186306642489
9,153,187.564260387906
10,153,177.623686922641
11,153,124.811860803022
12,153,128.031280796086
13,153,135.902567312889
14,153,160.801394278666
15,153,173.13442925074
16,153,130.027168151177
17,153,128.243899019843
18,153,162.089444047392
1,154,145.697860474316
2,154,155.707147250637
3,154,130.053501963628
4,154,189.879309127103
5,154,172.945846477773
6,154,156.96802375359
7,154,168.995732864557
8,154,145.546830033426
9,154,168.446282009839
10,154,151.593850187487
11,154,168.909077830218
12,154,154.003284668091
13,154,171.505504597625
14,154,144.9887290892
15,154,173.370467500899
16,154,163.316116914839
17,154,114.986846028747
18,154,150.775898255722
1,155,155.731867895688
2,155,153.417376295976
3,155,161.683362768232
4,155,183.459908055561
5,155,175.305446612362
6,155,122.957162460376
7,155,129.945231885548
8,155,147.110094790715
9,155,147.029965768929
10,155,172.928403915719
11,155,132.622562649798
12,155,199.176875849953
13,155,182.661406130246
14,155,163.811712018838
15,155,187.24099421628
16,155,110.181718195725
17,155,176.727335129708
18,155,188.188800853701
1,156,129.144201182143
2,156,157.220985468603
3,156,169.122776699045
4,156,157.199302795942
5,156,184.62701918339
6,156,153.270746819148
7,156,162.867267442951
8,156,167.851169472525
9,156,145.334429695692
10,156,186.398326681727
11,156,132.324597167859
12,156,162.355220266144
13,156,142.801054519106
14,156,124.20391568549
15,156,175.082982633031
16,156,165.071230151692
17,156,148.753696693019
18,156,188.408866164245
1,157,164.150776887014
2,157,193.342793568463
3,157,187.554803552483
4,157,152.367802211693
5,157,171.984312053588
6,157,180.200630736287
7,157,188.908642196703
8,157,131.438948908089
9,157,119.342083020996
10,157,202.124701139547
11,157,152.529613787089
12,157,171.487778912042
13,157,160.650023835325
14,157,152.363493285588
15,157,171.990088211861
16,157,185.153630694412
17,157,130.368520283161
18,157,151.065511310707
1,158,177.143360715173
2,158,139.702364396971
3,158,165.895853532811
4,158,151.76750282592
5,158,164.938641095383
6,158,162.749890723981
7,158,170.399991155806
8,158,179.087068386223
9,158,156.502365517691
10,158,151.258124340682
11,158,179.800524831895
12,158,159.908161198787
13,158,173.571987523839
14,158,182.154514334512
15,158,155.698628595921
16,158,153.575555442372
17,158,182.300144468746
18,158,172.563623895239
1,159,165.569150290604
2,159,170.760597948725
3,159,174.037880710603
4,159,143.506880540997
5,159,144.617628049871
6,159,138.280046512341
7,159,192.821978054643
8,159,144.230001272276
9,159,159.105452815125
10,159,117.799426996132
11,159,178.07623938472
12,159,153.532452262074
13,159,156.884958560619
14,159,191.134447358231
15,159,152.55542697788
16,159,173.870612814542
17,159,176.654452122773
18,159,138.991443294099
1,160,121.50999281714
2,160,148.650614164148
3,160,169.718785177902
4,160,175.460648455593
5,160,167.811367770577
6,160,191.498813293159
7,160,107.18102297417
8,160,151.811036435493
9,160,167.248693286784
10,160,127.69293264258
11,160,112.274650604232
12,160,133.368328053793
13,160,173.834794931092
14,160,182.46979820268
15,160,148.19033278317
16,160,143.883457682987
17,160,142.045122832023
18,160,194.934873689724
1,161,159.040593098647
2,161,170.400525634453
3,161,189.068554165004
4,161,165.216744277036
5,161,143.566558864629
6,161,189.539435911263
7,161,171.52496851329
8,161,119.229608687521
9,161,166.643130105918
10,161,182.46846192671
11,161,130.129402830692
12,161,194.232389242651
13,161,118.646354359776
14,161,135.584108338236
15,161,114.637611536501
16,161,152.557303153439
17,161,171.369984105354
18,161,167.975713864503
1,162,158.40358773286
2,162,125.232764632718
3,162,197.073849653351
4,162,162.52076668053
5,162,171.878492469412
6,162,145.166220910005
7,162,178.117613232046
8,162,166.390970243685
9,162,188.325557138334
10,162,152.955325205918
11,162,147.001494109812
12,162,172.884084026171
13,162,170.436517067901
14,162,155.395278832017
15,162,178.543328932695
16,162,146.807918405299
17,162,188.998010426425
18,162,166.426752158525
1,163,176.163493397328
2,163,171.894447703886
3,163,168.429717178151
4,163,170.962594833338
5,163,137.660932333864
6,163,164.601918222076
7,163,175.415948334263
8,163,141.457362011939
9,163,170.213951455018
10,163,126.80576088068
11,163,173.254485616082
12,163,193.075843410795
13,163,168.485824917408
14,163,168.691334115056
15,163,154.457291768672
16,163,132.244029728669
17,163,157.429061868809
18,163,127.005231385936
1,164,174.460147784156
2,164,151.017489720733
3,164,162.946043030837
4,164,152.11243818135
5,164,138.617788595823
6,164,161.163986438743
7,164,152.295416938041
8,164,183.372104990941
9,164,126.980215253634
10,164,122.645051877603
11,164,135.20914070152
12,164,191.757519115271
13,164,155.832127495626
14,164,169.125781191005
15,164,117.671060941391
16,164,157.37371465844
17,164,119.576006736636
18,164,165.855693661951
1,165,183.624075824932
2,165,137.955453821222
3,165,145.066086903272
4,165,183.6527544322
5,165,116.791149892184
6,165,176.558415485547
7,165,156.584868942996
8,165,125.147644300671
9,165,188.066790664341
10,165,137.327390361582
11,165,173.890410643429
12,165,155.167451338114
13,165,168.884729278513
14,165,137.183457366374
15,165,185.315311472092
16,165,120.169603946557
17,165,140.098387768869
18,165,143.503179100225
1,166,175.418862337363
2,166,152.302865440404
3,166,144.798778110904
4,166,124.789336295717
5,166,159.213181376273
6,166,156.369119496287
7,166,201.604910257765
8,166,132.691109875166
9,166,180.763491513022
10,166,116.21770351558
11,166,176.284299141886
12,166,140.816105180866
13,166,131.796796688458
14,166,137.475222517716
15,166,139.725218567039
16,166,191.549865670128
17,166,202.319290349093
18,166,147.127166251746
1,167,132.153529542411
2,167,168.295191378037
3,167,163.86651984343
4,167,149.517655981646
5,167,179.071573841656
6,167,145.148058546935
7,167,181.834669828968
8,167,132.141710847969
9,167,183.339645501129
10,167,123.222082346584
11,167,155.389696837384
12,167,169.486430215304
13,167,138.847546646548
14,167,192.753785166415
15,167,151.87200184696
16,167,166.216643034373
17,167,136.81534830762
18,167,168.186300428979
1,168,173.091353231332
2,168,158.950038957166
3,168,183.998436209032
4,168,180.589039281326
5,168,200.642271092345
6,168,168.656349829674
7,168,167.198247532874
8,168,119.480235972252
9,168,137.496872931523
10,168,116.914480335511
11,168,181.958007302231
12,168,154.731336527822
13,168,179.341509613991
14,168,133.689025829119
15,168,153.571509743739
16,168,172.256320223764
17,168,122.027633516699
18,168,148.569338479722
1,169,176.133235272937
2,169,181.349508635928
3,169,184.182641407144
4,169,194.39692718966
5,169,152.173017357941
6,169,194.00484819474
7,169,171.02899967798
8,169,154.578547199778
9,169,152.647630422161
10,169,139.264589954531
11,169,174.345636299756
12,169,155.986938516833
13,169,156.48034396028
14,169,125.587181309364
15,169,150.9405598521
16,169,186.727336535232
17,169,161.665175269803
18,169,116.517591888381
1,170,152.462263011855
2,170,129.458105533193
3,170,144.698357312698
4,170,172.054277835674
5,170,151.656514576317
6,170,166.699328982882
7,170,159.010926993872
8,170,178.540608425243
9,170,163.71576459617
10,170,135.721149280097
11,170,191.989234041242
12,170,121.045753922524
13,170,126.134677113644
14,170,181.447880018487
15,170,154.511007528343
16,170,171.917423457462
17,170,173.19253884044
18,170,201.877412365632
1,171,195.76293657224
2,171,132.654817770878
3,171,168.539060574796
4,171,117.040034182738
5,171,158.883506541166
6,171,177.254203296411
7,171,151.864567764364
8,171,193.634365266793
9,171,168.276185772006
10,171,155.240796748565
11,171,181.19113711524
12,171,178.314587634863
13,171,154.891617864724
14,171,148.502324321519
15,171,162.778153230468
16,171,183.270687723079
17,171,163.919617894895
18,171,167.333475540315
1,172,175.409552328953
2,172,170.297670894227
3,172,183.809832174349
4,172,127.128604158639
5,172,165.274871523534
6,172,141.827103026068
7,172,157.445264880839
8,172,145.203708265788
9,172,189.478154943303
10,172,153.185636852751
11,172,162.794620702033
12,172,125.254493612915
13,172,192.777801468791
14,172,173.166683511361
15,172,157.776461753701
16,172,136.659500932715
17,172,172.792714046864
18,172,165.543653659971
1,173,122.257719907074
2,173,120.956324762014
3,173,156.595986031369
4,173,136.576447369345
5,173,158.700096767521
6,173,200.256027535445
7,173,140.432040533452
8,173,171.585886198016
9,173,133.530491869317
10,173,160.63816285992
11,173,180.297775815121
12,173,131.018425292668
13,173,179.549293560012
14,173,142.24441494005
15,173,127.429494670187
16,173,134.906662964656
17,173,168.502309326656
18,173,169.315918171156
1,174,131.696966125777
2,174,199.652514246701
3,174,133.164278010094
4,174,192.64654432201
5,174,170.783462959762
6,174,162.93661937972
7,174,142.272376777909
8,174,149.298553408674
9,174,181.287240828144
10,174,189.866925220202
11,174,160.061629294567
12,174,185.985690578517
13,174,171.02687174397
14,174,154.688524995077
15,174,146.418123931212
16,174,196.206745593951
17,174,130.787558634495
18,174,169.499409316965
1,175,179.562400681479
2,175,139.760645103911
3,175,164.377720079261
4,175,134.707051039751
5,175,153.551491972627
6,175,141.66400888917
7,175,160.741777726625
8,175,168.911023340549
9,175,188.161010375241
10,175,148.740011177889
11,175,141.962797215394
12,175,147.124556614737
13,175,140.658923671822
14,175,130.580277131929
15,175,143.967810024535
16,175,190.140526557446
17,175,121.502803164234
18,175,159.278432369741
1,176,177.444964613375
2,176,181.124081407121
3,176,163.390222016849
4,176,141.906801973608
5,176,163.70879560271
6,176,132.195205490748
7,176,158.205718180318
8,176,126.996231313994
9,176,146.761160866188
10,176,169.270510374511
11,176,138.786265543073
12,176,152.878295734194
13,176,178.165837313631
14,176,140.786437385107
15,176,124.687078111093
16,176,176.243806906808
17,176,168.860323323413
18,176,159.823171219259
1,177,139.56392658775
2,177,137.205897966375
3,177,165.343972819946
4,177,118.223998978293
5,177,140.880411430793
6,177,179.909140370253
7,177,146.425387249624
8,177,112.605474708721
9,177,195.874781051079
10,177,126.204510361213
11,177,174.027241455916
12,177,180.954389364917
13,177,112.570197404354
14,177,182.480476108187
15,177,161.983130110631
16,177,149.217058903775
17,177,148.243574370127
18,177,166.981339949814
1,178,131.129432622605
2,178,147.206133359707
3,178,163.765180590347
4,178,174.830899275998
5,178,162.059166283469
6,178,169.972416059336
7,178,151.34383043326
8,178,188.065152296106
9,178,198.747342377317
10,178,175.336401858157
11,178,111.312673092941
12,178,160.465050023684
13,178,177.861201376342
14,178,138.991383102188
15,178,152.323493474574
16,178,161.553254393229
17,178,173.760080313492
18,178,148.77724525248
1,179,148.188204472251
2,179,154.687306782577
3,179,144.625625185628
4,179,166.207884763834
5,179,119.185300654563
6,179,165.080677908774
7,179,154.272825648141
8,179,119.189372017935
9,179,204.072530587422
10,179,166.235386834422
11,179,181.205145393646
12,179,153.016488106567
13,179,194.404686443516
14,179,151.811603428038
15,179,179.56710662989
16,179,109.245655791723
17,179,184.498295423899
18,179,124.253848180463
1,180,179.299853857598
2,180,163.92916181567
3,180,169.651614841416
4,180,171.694516232432
5,180,144.915161266881
6,180,169.070588979829
7,180,146.180860055153
8,180,163.104369565823
9,180,121.200062605932
10,180,149.759533829075
11,180,159.063949866906
12,180,160.967407154084
13,180,179.221910525167
14,180,159.779173021187
15,180,182.118419718568
16,180,164.383642688759
17,180,161.308122259947
18,180,166.263402053481
1,181,145.806117015813
2,181,162.897323524296
3,181,208.273334506095
4,181,189.73133965025
5,181,175.57708086527
6,181,181.643608795279
7,181,189.963812903684
8,181,164.754897363253
9,181,151.115164349946
10,181,173.954776436955
11,181,158.329723534058
12,181,107.989144656106
13,181,169.04740751077
14,181,153.432899730746
15,181,194.420031931093
16,181,131.852847995256
17,181,151.76734530534
18,181,187.274001049541
1,182,178.205092724928
2,182,159.559627985729
3,182,113.220477555086
4,182,142.588530991222
5,182,146.835150582075
6,182,168.340482441133
7,182,127.578440187469
8,182,196.567116005494
9,182,183.851535169512
10,182,145.274509637709
11,182,155.357969578441
12,182,149.303882878717
13,182,149.79503508972
14,182,146.703233136287
15,182,188.993205467607
16,182,145.177839679698
17,182,183.912712497424
18,182,179.298773465145
1,183,136.916857620108
2,183,140.694392137118
3,183,168.580685339361
4,183,157.353659583558
5,183,129.006641237485
6,183,133.063018368989
7,183,147.639718346141
8,183,165.118726332747
9,183,193.433978033299
10,183,154.615910138153
11,183,190.510295301084
12,183,127.765337468958
13,183,183.760115347481
14,183,143.400088116644
15,183,145.212018862052
16,183,135.119947643157
17,183,116.31713572571
18,183,127.57096183438
1,184,130.21789426602
2,184,137.799171220094
3,184,180.394203651896
4,184,112.356349149788
5,184,152.285311380114
6,184,188.973682187159
7,184,112.347067912663
8,184,147.100197019996
9,184,154.980030805071
10,184,162.620916871391
11,184,189.77080935342
12,184,160.148665639633
13,184,173.463862277041
14,184,165.729175383268
15,184,138.840695882166
16,184,159.687078203215
17,184,122.261092624647
18,184,175.962752033498
1,185,138.707456950329
2,185,182.875359136792
3,185,159.972470791963
4,185,142.696579132295
5,185,178.971821842765
6,185,123.203779477926
7,185,115.414974340186
8,185,164.499434635135
9,185,181.930556293549
10,185,156.425716305032
11,185,159.319359589613
12,185,139.185139586229
13,185,171.790024690636
14,185,161.225120567011
15,185,120.218929645143
16,185,179.805259425852
17,185,142.766557623429
18,185,160.400869926225
1,186,148.334246927027
2,186,129.094855576738
3,186,182.375566066997
4,186,166.123300575115
5,186,182.037720941801
6,186,130.922598974249
7,186,168.743123361063
8,186,165.160331869405
9,186,193.226075805771
10,186,163.629461528348
11,186,146.627437194705
12,186,191.634629667702
13,186,181.700261261542
14,186,154.738490220643
15,186,158.376079246764
16,186,175.515952437683
17,186,142.749005038233
18,186,178.913341171543
1,187,179.752778904066
2,187,154.29072302439
3,187,189.221575076175
4,187,123.796048849259
5,187,178.753676531288
6,187,158.389868019769
7,187,146.780435895714
8,187,165.730774629276
9,187,147.787681029145
10,187,167.768199274937
11,187,189.156535289824
12,187,162.997282599114
13,187,166.902394277152
14,187,154.211921818389
15,187,177.667769445902
16,187,183.371223265438
17,187,151.089684461309
18,187,158.506896494438
1,188,186.881954418284
2,188,157.10332389877
3,188,139.156053269098
4,188,169.242323666696
5,188,173.052343814608
6,188,167.789842193398
7,188,138.943635653689
8,188,195.727638129467
9,188,109.088284831177
10,188,187.536077879276
11,188,126.460123125541
12,188,181.050342011551
13,188,162.194295063337
14,188,164.903570600878
15,188,178.857479157496
16,188,143.595203791793
17,188,118.467989372374
18,188,132.278644091063
1,189,128.486228212998
2,189,136.047984260146
3,189,195.801450122823
4,189,137.788102184823
5,189,148.697093792877
6,189,170.261845369474
7,189,170.336947435551
8,189,145.367982198146
9,189,146.333799957809
10,189,155.068958991909
11,189,152.086993058565
12,189,188.073297850804
13,189,161.136318767377
14,189,165.130369927693
15,189,159.443618556379
16,189,159.445746847682
17,189,154.681674015006
18,189,139.869248624511
1,190,147.787457032781
2,190,141.888024557749
3,190,105.145697390397
4,190,140.4061716589
5,190,197.33148925356
6,190,155.218686274837
7,190,196.192328525313
8,190,143.031233501738
9,190,131.968615620806
10,190,162.645793853347
11,190,155.270340604528
12,190,183.430736790238
13,190,189.110881289913
14,190,165.755910780029
15,190,181.391664817832
16,190,145.528940461062
17,190,187.191961757477
18,190,132.581110872367
1,191,132.66794238058
2,191,163.571233827383
3,191,204.831485726052
4,191,161.065925759794
5,191,131.203809291031
6,191,136.211845230648
7,191,175.966371947492
8,191,167.657797750876
9,191,162.300330926364
10,191,173.848722705452
11,191,149.459275202674
12,191,152.642761360889
13,191,150.070457553305
14,191,166.015748284584
15,191,134.612064421812
16,191,142.279376275063
17,191,193.535676136517
18,191,202.160249364886
1,192,161.185799789402
2,192,119.510893926397
3,192,164.838394703966
4,192,172.200135432267
5,192,163.761878079156
6,192,160.679542520347
7,192,150.177033086624
8,192,125.139118139669
9,192,131.190618460702
10,192,150.987464800384
11,192,164.718542744391
12,192,141.578347740977
13,192,113.236081195028
14,192,147.116205407284
15,192,124.846493672856
16,192,142.639801020959
17,192,132.55670079801
18,192,151.268027403527
1,193,132.502155554603
2,193,162.938453274375
3,193,161.569476612742
4,193,134.905832365821
5,193,193.129310067683
6,193,166.196350073074
7,193,122.866437851533
8,193,136.57230776784
9,193,168.71130775739
10,193,188.062816528955
11,193,179.22609790895
12,193,155.830043184826
13,193,134.657641333718
14,193,135.111568304931
15,193,157.987652672966
16,193,152.938577835343
17,193,177.534220619467
18,193,175.613815845765
1,194,153.148852280785
2,194,166.44831686961
3,194,153.99981951705
4,194,150.955287873734
5,194,165.903281585612
6,194,194.885071487832
7,194,157.820718985801
8,194,165.880610218552
9,194,145.601334961629
10,194,153.680014683887
11,194,155.974861765601
12,194,145.174434835848
13,194,197.531174620132
14,194,185.404307455837
15,194,178.651808424229
16,194,171.300476359901
17,194,136.504596721727
18,194,122.728899541486
1,195,128.633122228894
2,195,182.048558039169
3,195,150.557787180622
4,195,176.761466300493
5,195,188.216728146497
6,195,166.638240932653
7,195,165.571799520738
8,195,123.286953809928
9,195,141.877712296769
10,195,153.881510603053
11,195,178.842195159357
12,195,151.860099956096
13,195,156.099494559169
14,195,163.075052146668
15,195,131.504809521739
16,195,111.581300223625
17,195,169.331108793065
18,195,180.879319949293
1,196,191.843330849202
2,196,121.832138151572
3,196,168.729128373657
4,196,152.296017458407
5,196,163.382290558181
6,196,132.335464303075
7,196,143.032323893434
8,196,147.345533051855
9,196,171.758681809367
10,196,137.297169075815
11,196,132.696108991244
12,196,163.271792007207
13,196,120.22089347036
14,196,155.377476617258
15,196,158.205593221336
16,196,157.161890345611
17,196,158.406997493517
18,196,173.292354914747
1,197,203.090891520269
2,197,181.344951673481
3,197,129.282408652374
4,197,183.289162709937
5,197,162.930557207895
6,197,169.685385796149
7,197,177.117946743018
8,197,153.361948457946
9,197,182.519193494022
10,197,137.382649609047
11,197,158.952445272333
12,197,130.239524069745
13,197,140.815212399271
14,197,187.919619342109
15,197,157.686867175818
16,197,161.449262197959
17,197,198.311253021528
18,197,198.013748364769
1,198,169.817590200218
2,198,176.375540640861
3,198,113.903113377108
4,198,172.662230642715
5,198,190.017489652876
6,198,155.708192150682
7,198,171.125610544535
8,198,179.301566747948
9,198,158.430447628249
10,198,181.577459251016
11,198,158.789828438064
12,198,113.093024443137
13,198,155.708643425448
14,198,157.92838046237
15,198,164.78035672369
16,198,155.876633130665
17,198,146.921381707643
18,198,169.037839908842
1,199,165.227734135614
2,199,198.285526605964
3,199,136.089071719505
4,199,198.186469497255
5,199,163.557446413275
6,199,173.330035382286
7,199,183.714162642906
8,199,167.475507664435
9,199,170.416323286765
10,199,205.300959231189
11,199,182.157726603974
12,199,175.316332994473
13,199,132.211413842994
14,199,127.192627198016
15,199,160.423064736337
16,199,137.644932749971
17,199,172.868304621063
18,199,158.887709820423
1,200,132.757571786207
2,200,181.417308033346
3,200,192.570811868809
4,200,144.752686237929
5,200,133.556718971358
6,200,171.197966356502
7,200,162.794292217311
8,200,126.575107879534
9,200,162.524403228027
10,200,165.580074174824
11,200,161.881444020463
12,200,152.787014467419
13,200,154.249138201888
14,200,187.851555367771
15,200,169.077364273585
16,200,194.687703890749
17,200,133.644857343789
18,200,162.492174399686
1,201,127.637150623219
2,201,166.05400650719
3,201,143.07507572913
4,201,158.006253174155
5,201,157.882998341508
6,201,180.472041953368
7,201,186.7962419045
8,201,163.423254217764
9,201,192.941891226738
10,201,145.795825181135
11,201,166.162899826047
12,201,165.864392155433
13,201,167.543616294443
14,201,141.336175191198
15,201,153.439556634711
16,201,135.618094776802
17,201,160.273643331178
18,201,163.835941498146
1,202,125.141444257069
2,202,172.69216853201
3,202,165.511429632
4,202,168.907348847021
5,202,146.114084927428
6,202,150.633951619903
7,202,166.49939416979
8,202,195.608163468233
9,202,150.907951615091
10,202,138.147314588826
11,202,142.895167677175
12,202,158.355197993445
13,202,154.038085884354
14,202,148.422148247539
15,202,150.384356815807
16,202,169.72221821019
17,202,183.455348493357
18,202,157.405829470359
1,203,163.752713327092
2,203,159.114057133126
3,203,168.6846661947
4,203,169.977908656803
5,203,128.725057058284
6,203,129.31634091743
7,203,191.357289743462
8,203,154.572025535749
9,203,162.68464757246
10,203,194.933490552058
11,203,137.960162576041
12,203,140.400170255138
13,203,165.932403318225
14,203,180.827575659534
15,203,178.579846259189
16,203,133.628501247205
17,203,125.584092996676
18,203,176.297350780338
1,204,194.638421986671
2,204,165.761256431811
3,204,155.511746104698
4,204,168.50639368775
5,204,184.015554263622
6,204,159.344515901663
7,204,160.808296045379
8,204,175.681337495699
9,204,151.246261925769
10,204,192.453136222821
11,204,117.063063460883
12,204,149.119839574377
13,204,131.990208857262
14,204,149.040203613376
15,204,158.251924653715
16,204,174.682830738099
17,204,177.629227277232
18,204,154.236104905591
1,205,116.313237237336
2,205,192.141140618228
3,205,189.11403662347
4,205,165.39933518896
5,205,189.559676773725
6,205,166.217745703986
7,205,130.972525689765
8,205,132.745082684123
9,205,169.581793616911
10,205,190.059443161165
11,205,133.584983721101
12,205,185.639675038236
13,205,156.293252718337
14,205,119.76593446344
15,205,179.869189748137
16,205,196.75921814581
17,205,178.533231664213
18,205,146.122875497412
1,206,138.138485152829
2,206,138.478083045738
3,206,149.889024529513
4,206,140.428882048707
5,206,134.984982028253
6,206,126.870562247934
7,206,166.607304598753
8,206,176.745127631584
9,206,122.003858280448
10,206,125.732654800559
11,206,107.67152221792
12,206,132.700306281412
13,206,190.869840033581
14,206,134.725904330724
15,206,202.213178476795
16,206,171.036786761229
17,206,148.1619484801
18,206,148.410928454422
1,207,176.128556267844
2,207,159.116511065952
3,207,159.025681349069
4,207,143.860542884534
5,207,190.951555051583
6,207,169.323315413595
7,207,171.435107391422
8,207,145.043073557948
9,207,163.633183747533
10,207,194.598399003829
11,207,117.654258807454
12,207,159.774085463673
13,207,183.209113766827
14,207,144.716492642025
15,207,150.786186714309
16,207,189.239059178461
17,207,125.16373449351
18,207,159.913788678322
1,208,154.458293531629
2,208,134.34091651056
3,208,156.25586507131
4,208,135.488790244415
5,208,182.703431045594
6,208,169.99452123156
7,208,130.410591260383
8,208,130.131747056184
9,208,145.550527231393
10,208,192.414085309241
11,208,191.200995029969
12,208,136.761521464995
13,208,188.793628175274
14,208,123.119121718017
15,208,184.891809043041
16,208,121.891811699709
17,208,194.176730416516
18,208,134.544250539124
1,209,163.641091487728
2,209,171.511914453983
3,209,144.931636934295
4,209,115.523222103575
5,209,171.459166245474
6,209,147.322992565005
7,209,182.693096550673
8,209,157.572688696456
9,209,203.524627808255
10,209,124.825107909831
11,209,115.041147459786
12,209,163.329647261734
13,209,165.144993927399
14,209,107.724950902823
15,209,173.7210550409
16,209,119.785756992433
17,209,157.94605731979
18,209,192.170360092743
1,210,122.028268413949
2,210,194.495931621833
3,210,175.685928443361
4,210,182.358625007927
5,210,139.906234595876
6,210,204.561449366385
7,210,170.340600266826
8,210,145.444960937459
9,210,179.403281125063
10,210,195.486867639479
11,210,187.337773809762
12,210,131.016038430069
13,210,122.027458856064
14,210,179.44267453292
15,210,183.183349616233
16,210,119.490501403021
17,210,140.466658320695
18,210,171.075844552267
1,211,127.644807900039
2,211,112.54174687935
3,211,187.935064922059
4,211,120.199729412978
5,211,184.53988149454
6,211,130.300399190125
7,211,153.465529752697
8,211,140.920824303199
9,211,176.093316843938
10,211,163.393046569979
11,211,137.85876773735
12,211,154.749826132133
13,211,155.679002790281
14,211,188.312018215471
15,211,157.034998358782
16,211,191.195189098971
17,211,152.528040199313
18,211,178.360242753188
1,212,175.518591865136
2,212,149.301012124873
3,212,192.075324996805
4,212,159.412984320063
5,212,148.143252346415
6,212,155.840362980004
7,212,158.451401995843
8,212,181.45188372843
9,212,193.769973053831
10,212,157.487905172768
11,212,151.33049590061
12,212,140.583230968917
13,212,107.869671485575
14,212,171.380594210442
15,212,170.524520416389
16,212,112.15336283908
17,212,137.204915050579
18,212,161.251096832905
1,213,134.437685435746
2,213,142.244946845049
3,213,189.968311493149
4,213,150.803214090159
5,213,203.818503328724
6,213,172.474898796114
7,213,133.43651751513
8,213,164.255434927587
9,213,182.099107184976
10,213,173.042972898682
11,213,157.025043737382
12,213,159.821891661983
13,213,162.311630106118
14,213,138.399571240499
15,213,186.101107275267
16,213,133.96859123533
17,213,163.849133249721
18,213,158.10303761229
1,214,138.083495130053
2,214,199.381773895203
3,214,147.771911166941
4,214,119.412725613825
5,214,174.432278821027
6,214,162.876694818827
7,214,110.347096417515
8,214,146.453640482137
9,214,183.469437052286
10,214,141.106697021391
11,214,121.846943064902
12,214,171.487546349203
13,214,159.690426696976
14,214,153.514946553054
15,214,154.73482801354
16,214,188.92613066027
17,214,187.517815592193
18,214,139.914891321098
1,215,163.314643542333
2,215,118.60921770481
3,215,161.45585483715
4,215,129.390448587181
5,215,174.704362484136
6,215,129.188386673397
7,215,138.695688047791
8,215,175.455429120876
9,215,154.600993254572
10,215,161.801919085595
11,215,185.188529087774
12,215,172.604977227769
13,215,174.371910980065
14,215,164.752005128754
15,215,127.946011601047
16,215,180.104181225976
17,215,173.338666186073
18,215,185.44360196931
1,216,125.714029456835
2,216,180.383819037141
3,216,144.512049281148
4,216,148.838634713471
5,216,185.871210205936
6,216,137.540922511007
7,216,111.285526187329
8,216,171.110443446423
9,216,117.99330665461
10,216,179.789207842077
11,216,187.681281171906
12,216,135.179002197853
13,216,139.003711900314
14,216,177.610033449909
15,216,186.534641844329
16,216,142.056144967596
17,216,155.26691801567
18,216,153.084527696285
1,217,168.578644091357
2,217,146.777686997589
3,217,177.302580539578
4,217,149.322975761572
5,217,143.160784941244
6,217,107.47370563956
7,217,151.938124578736
8,217,164.677913958065
9,217,149.172124518212
10,217,136.084239206552
11,217,206.349680093988
12,217,143.784613834564
13,217,161.977446401321
14,217,131.948331548887
15,217,169.593080722781
16,217,156.303330624754
17,217,151.038489452703
18,217,152.313774677718
1,218,153.48491741023
2,218,180.219338943432
3,218,189.17703508776
4,218,174.977200275754
5,218,151.085151312058
6,218,170.203155233056
7,218,159.650120449027
8,218,113.611024022728
9,218,167.440227226706
10,218,166.02828053957
11,218,148.752113503731
12,218,115.43811179823
13,218,198.568188116414
14,218,203.200280096529
15,218,124.639586558673
16,218,161.310836246826
17,218,199.243719155983
18,218,129.010842708352
1,219,150.767728298668
2,219,159.185618117386
3,219,188.76397448132
4,219,163.159734484205
5,219,114.542566695917
6,219,182.701781176341
7,219,180.471419806112
8,219,184.94517082582
9,219,178.713239680174
10,219,103.06901904465
11,219,128.041680281776
12,219,180.850339772374
13,219,140.178936199121
14,219,116.423370319345
15,219,163.415038623496
16,219,174.662768508317
17,219,184.489395314908
18,219,122.147621420811
1,220,140.237878035621
2,220,154.084497333211
3,220,153.916039881923
4,220,163.561475350978
5,220,192.666122061141
6,220,201.918359751316
7,220,131.347611924997
8,220,144.516543868634
9,220,180.289759765477
10,220,203.194114814664
11,220,169.051036623208
12,220,124.756680565565
13,220,131.856350913762
14,220,149.107363725952
15,220,142.735587498746
16,220,142.632684339231
17,220,176.628323386704
18,220,135.892383710283
1,221,164.614630262873
2,221,170.215685992995
3,221,190.047965795732
4,221,170.112443239808
5,221,144.423326344598
6,221,110.820204946511
7,221,119.112415803877
8,221,135.320412147822
9,221,182.459945010101
10,221,119.624747669833
11,221,144.248651568701
12,221,186.074524719714
13,221,161.852887110413
14,221,178.324191834502
15,221,195.097283704261
16,221,170.097640481932
17,221,153.273791944103
18,221,197.718937159725
1,222,192.288977866325
2,222,160.224546870987
3,222,132.062246341081
4,222,166.245609331821
5,222,179.799757267783
6,222,132.059546997762
7,222,164.56757793564
8,222,200.550249888921
9,222,140.98002839385
10,222,154.292795281023
11,222,127.845324636891
12,222,144.794084284756
13,222,160.904469995892
14,222,147.421423833097
15,222,164.749921537652
16,222,201.759464542204
17,222,165.237284185995
18,222,133.072381958707
1,223,171.042905511787
2,223,169.426211579168
3,223,148.023707964027
4,223,154.660941200907
5,223,146.724408359972
6,223,180.674557579219
7,223,164.353088920484
8,223,178.517035130118
9,223,145.960158066491
10,223,132.579184738221
11,223,186.04006951161
12,223,109.728448669039
13,223,162.999546321673
14,223,197.007440466528
15,223,144.07885208763
16,223,200.826791503865
17,223,117.524834549278
18,223,143.202030935559
1,224,143.353092477422
2,224,193.616965664003
3,224,199.677183027209
4,224,173.070007652411
5,224,145.470923230655
6,224,153.767438460272
7,224,138.469564449648
8,224,175.372753275991
9,224,173.67911569756
10,224,159.108451400927
11,224,168.882701532265
12,224,174.344388595882
13,224,175.914728337962
14,224,165.003026526142
15,224,152.596239381665
16,224,168.917420274904
17,224,184.04667140289
18,224,155.4623351966
1,225,130.289535197724
2,225,165.793166527408
3,225,158.078242136424
4,225,190.171490595918
5,225,141.810567418135
6,225,176.111901034332
7,225,174.310326607046
8,225,169.256514976488
9,225,162.060048488726
10,225,164.589661141812
11,225,183.774630216928
12,225,158.930720877907
13,225,199.829946392558
14,225,123.568489516686
15,225,162.287136481453
16,225,137.361252378408
17,225,146.137975521349
18,225,181.398244128401
1,226,138.78379355471
2,226,163.745085209984
3,226,152.964063864418
4,226,146.804885015595
5,226,157.598164614795
6,226,173.689271475755
7,226,198.994942772767
8,226,134.160085845984
9,226,131.306124796581
10,226,163.625871257266
11,226,132.155512956348
12,226,138.506993191977
13,226,149.351988230066
14,226,143.823664128878
15,226,172.193819605573
16,226,170.467748437057
17,226,177.478221421657
18,226,144.485521289938
1,227,136.670148403769
2,227,157.031407613128
3,227,161.996539932972
4,227,166.011424128114
5,227,158.216181802407
6,227,131.35130294978
7,227,185.550407706527
8,227,203.216762695774
9,227,183.3413443702
10,227,182.423687231199
11,227,151.747330412605
12,227,165.684748809056
13,227,160.227900883623
14,227,117.849926005788
15,227,173.67400885217
16,227,181.526064758456
17,227,120.214562366866
18,227,186.544793864817
1,228,151.797221857967
2,228,170.472459846611
3,228,171.905691432616
4,228,169.637583310503
5,228,146.428178533503
6,228,146.590257632318
7,228,157.822921744833
8,228,120.099552427438
9,228,158.718072609921
10,228,164.072643367273
11,228,141.313698081371
12,228,196.442715337213
13,228,134.536749145421
14,228,163.333453057748
15,228,154.505001606392
16,228,130.514560516227
17,228,150.881806939158
18,228,207.321534062974
1,229,177.768952670263
2,229,149.912027705902
3,229,191.944525272239
4,229,171.63044090918
5,229,158.925190691973
6,229,178.930260302382
7,229,167.925664470536
8,229,150.645809425186
9,229,157.579248690119
10,229,164.617660370542
11,229,172.507306767844
12,229,150.327517841277
13,229,163.953329202324
14,229,160.130859733252
15,229,164.345650779896
16,229,186.00249484947
17,229,183.842120937629
18,229,180.533670323639
1,230,134.709265449129
2,230,148.64251901294
3,230,190.468713383574
4,230,190.320365014852
5,230,166.819817527675
6,230,177.376159023204
7,230,163.142574812763
8,230,118.35282930625
9,230,145.484210795175
10,230,158.097515397268
11,230,155.371760702688
12,230,191.314611322576
13,230,167.367077513466
14,230,104.731780483159
15,230,113.638778121527
16,230,146.176085844674
17,230,144.430019486828
18,230,180.383718389519
1,231,172.158208349486
2,231,169.513010502026
3,231,152.188508844262
4,231,136.980932313483
5,231,139.363831657093
6,231,171.001937404869
7,231,143.557071888827
8,231,140.620388461853
9,231,164.327265231992
10,231,133.243675147523
11,231,120.560242855754
12,231,111.881330999184
13,231,178.597540772654
14,231,178.142642125201
15,231,112.268224799256
16,231,164.445437384329
17,231,146.934805464507
18,231,165.056556542676
1,232,139.701265492364
2,232,193.566985033732
3,232,128.54994134723
4,232,130.175317042843
5,232,132.520592149149
6,232,145.871565529466
7,232,164.638989595718
8,232,139.130292299908
9,232,156.421652200563
10,232,156.451392703497
11,232,152.030773257578
12,232,201.910225380411
13,232,110.509234542078
14,232,183.681926981218
15,232,126.866385942483
16,232,136.682956036291
17,232,156.148470850565
18,232,172.705030031503
1,233,137.415529732362
2,233,132.388997113611
3,233,139.458818131308
4,233,135.401674770199
5,233,182.496660733401
6,233,173.462155660873
7,233,163.030594783804
8,233,182.711782384569
9,233,133.33848001353
10,233,151.75017323133
11,233,147.815390526641
12,233,116.311407688369
13,233,152.425272432228
14,233,171.380704609294
15,233,142.418496305784
16,233,167.500425140934
17,233,135.282347514948
18,233,175.804526313566
1,234,158.010651097524
2,234,122.14833071169
3,234,175.679008653405
4,234,184.828906643666
5,234,164.134241248394
6,234,165.265064589848
7,234,154.498229958711
8,234,120.105418214118
9,234,167.682829184211
10,234,159.303510767775
11,234,176.867733039664
12,234,161.805858766606
13,234,155.929686136359
14,234,181.112559670978
15,234,169.209625606317
16,234,120.670047077753
17,234,130.919674448293
18,234,180.116975056042
1,235,153.292498615052
2,235,159.483454233565
3,235,149.040826906653
4,235,166.076709008241
5,235,163.461025210462
6,235,140.272783059245
7,235,167.002361526729
8,235,150.377632047457
9,235,156.330711582412
10,235,153.245782414283
11,235,140.232427920853
12,235,142.395619122854
13,235,136.12971978503
14,235,155.212830110043
15,235,165.260830164662
16,235,153.773439912396
17,235,188.758548699905
18,235,144.986677019675
1,236,139.702452369138
2,236,162.0979085235
3,236,149.935220049833
4,236,192.097254835604
5,236,166.410777445912
6,236,155.497377002841
7,236,145.627683184496
8,236,117.79424259037
9,236,161.879340494061
10,236,147.867239647296
11,236,158.107789398996
12,236,178.689086287441
13,236,139.978022598162
14,236,126.424356070667
15,236,177.709567107493
16,236,135.952109716352
17,236,178.041960578004
18,236,117.852642570292
1,237,181.950777345453
2,237,179.714189113399
3,237,187.02083097689
4,237,151.543232970667
5,237,146.857875590339
6,237,189.54361441697
7,237,147.922331319986
8,237,190.356692873247
9,237,164.882081843142
10,237,163.659246366672
11,237,173.159779929286
12,237,153.181487126421
13,237,151.066624483098
14,237,155.145892217918
15,237,148.963880953396
16,237,170.636019270497
17,237,144.002131361046
18,237,182.53925989583
1,238,191.094290968395
2,238,157.154536903825
3,238,108.674615259311
4,238,192.498302970624
5,238,155.28304309744
6,238,180.707972574616
7,238,160.054702209552
8,238,158.050982812054
9,238,132.958996161765
10,238,121.748121597451
11,238,167.629299490733
12,238,151.49444586622
13,238,115.010055345266
14,238,124.384775052773
15,238,180.447066529103
16,238,173.063734927645
17,238,120.033361822546
18,238,172.430720259431
1,239,111.854612208827
2,239,165.333058055794
3,239,140.299645606784
4,239,165.88220615904
5,239,162.742342166708
6,239,159.618394536089
7,239,143.151712240714
8,239,150.522777723538
9,239,145.508583128345
10,239,137.420187739576
11,239,166.466721869819
12,239,110.753294763487
13,239,132.976020003455
14,239,159.725292633491
15,239,157.219338828012
16,239,160.378377779847
17,239,170.161164217434
18,239,209.323196440475
1,240,193.724131980625
2,240,194.29961691713
3,240,169.743314246487
4,240,173.192282991355
5,240,195.029971372071
6,240,138.974160452033
7,240,169.149999832086
8,240,127.514839906963
9,240,159.122414970209
10,240,174.747650251349
11,240,111.222488466685
12,240,134.524861718869
13,240,129.092813821999
14,240,178.176860846221
15,240,151.581313757949
16,240,166.474263544961
17,240,175.024605619225
18,240,142.455631621803
1,241,151.493004016701
2,241,149.202438720806
3,241,171.196971579564
4,241,163.138025072752
5,241,132.85812721876
6,241,146.152715822931
7,241,152.691020083164
8,241,160.44277713224
9,241,163.921124500802
10,241,147.058706929838
11,241,150.572722492111
12,241,190.885258336895
13,241,161.691294806399
14,241,164.094958785638
15,241,142.662084716285
16,241,152.483780408024
17,241,167.381814946462
18,241,150.947005334475
1,242,157.331350562747
2,242,136.202179180853
3,242,158.120400441376
4,242,191.192787434592
5,242,115.282067922086
6,242,152.12298397006
7,242,142.587559123024
8,242,163.465595798244
9,242,123.382360548033
10,242,167.648956685208
11,242,121.107447511153
12,242,145.738446771341
13,242,147.175408713272
14,242,155.782849023501
15,242,155.445512364788
16,242,203.555399605148
17,242,165.372290311808
18,242,147.48456097593
1,243,183.38519029464
2,243,149.079677030122
3,243,168.952657134452
4,243,187.235456176087
5,243,181.690166326655
6,243,126.454299195806
7,243,146.349730623653
8,243,160.922217575111
9,243,151.857540640774
10,243,181.78105484524
11,243,183.256066176425
12,243,169.562462788855
13,243,159.223211650489
14,243,178.013109349633
15,243,119.725909128546
16,243,143.501436354437
17,243,138.204249413835
18,243,179.253488036305
1,244,181.593268263386
2,244,180.673472911698
3,244,144.194604771003
4,244,113.630589656507
5,244,166.472022932594
6,244,174.029721797575
7,244,159.517104065342
8,244,150.904713707256
9,244,147.112465012469
10,244,150.569448448823
11,244,150.787867805275
12,244,161.349375648483
13,244,167.770066488648
14,244,153.418009933481
15,244,163.760712713061
16,244,170.485996041769
17,244,186.352592421956
18,244,193.581030349871
1,245,154.50614978796
2,245,166.826117564335
3,245,136.290928172714
4,245,125.175240585589
5,245,162.82380342308
6,245,179.32363806629
7,245,174.867494073318
8,245,163.146808095503
9,245,202.297948417017
10,245,204.908342153655
11,245,147.942600754106
12,245,135.721644496154
13,245,151.397440287624
14,245,161.365768862606
15,245,178.847939681096
16,245,170.674883313577
17,245,187.284876661748
18,245,172.307168713703
1,246,142.97006343325
2,246,147.029485854384
3,246,173.942985987014
4,246,138.796123075626
5,246,145.358728895022
6,246,187.163008294989
7,246,135.328468349173
8,246,132.846424050075
9,246,173.007122870441
10,246,161.577935534473
11,246,161.554535958963
12,246,170.966511674047
13,246,167.716611455431
14,246,174.977505530429
15,246,144.966884607781
16,246,200.863774092085
17,246,196.260390094837
18,246,115.877256018527
1,247,173.959273328149
2,247,151.04724802673
3,247,150.196315372145
4,247,113.602599594044
5,247,174.808908580473
6,247,134.29735033176
7,247,129.324298473157
8,247,171.671549873632
9,247,155.995428938522
10,247,115.401905987401
11,247,189.641785027291
12,247,176.756058961734
13,247,154.771506037399
14,247,131.274051154409
15,247,179.468245993212
16,247,171.871820912627
17,247,153.969699757862
18,247,136.000585918548
1,248,110.756641498886
2,248,149.30069890296
3,248,137.36112006286
4,248,162.632327500628
5,248,164.045079338897
6,248,145.040184534517
7,248,190.444606931885
8,248,171.023605300067
9,248,144.63743744546
10,248,171.762940588531
11,248,165.205106125026
12,248,153.720671995276
13,248,135.26352312779
14,248,114.9783869443
15,248,134.001484055501
16,248,163.959101175973
17,248,139.951043337875
18,248,119.337238814383
1,249,188.992484134006
2,249,184.139198125312
3,249,180.125430813571
4,249,165.259523844197
5,249,172.332509543151
6,249,177.689427652282
7,249,183.895683973609
8,249,170.782682059539
9,249,148.93659225279
10,249,159.061752995621
11,249,176.09413471733
12,249,154.403803642953
13,249,163.761801344049
14,249,146.438993515122
15,249,133.21177545575
16,249,144.568499215477
17,249,138.593784864926
18,249,140.522949078447
1,250,160.318026280548
2,250,189.752769270121
3,250,163.675552679577
4,250,143.479643853338
5,250,151.52173825566
6,250,162.696935733215
7,250,134.487641675685
8,250,168.901535369962
9,250,113.27262526591
10,250,111.356832816818
11,250,168.521558439131
12,250,138.824248837126
13,250,152.168962361245
14,250,134.487427593307
15,250,171.322030689708
16,250,165.550774974724
17,250,122.261580436012
18,250,153.597423769311
1,251,128.443145654706
2,251,153.360687161821
3,251,156.620986691328
4,251,166.123604154334
5,251,124.967283441358
6,251,149.374899910076
7,251,114.777407343893
8,251,149.342877985086
9,251,176.635479623813
10,251,173.545899457915
11,251,179.255427338252
12,251,121.346613488312
13,251,133.673924186691
14,251,167.814795885436
15,251,152.742069136
16,251,136.840767393864
17,251,131.191754564847
18,251,131.246978260804
1,252,166.095380252986
2,252,159.309468630491
3,252,158.519725136497
4,252,184.405397878311
5,252,137.629984753372
6,252,174.867810309205
7,252,140.029556675035
8,252,134.199511608442
9,252,132.899647361651
10,252,185.798916552184
11,252,168.772005099969
12,252,156.687771276036
13,252,171.817950039741
14,252,171.229834691253
15,252,167.429348777665
16,252,189.171925347395
17,252,138.296339474378
18,252,155.3765699362
1,253,117.872198674645
2,253,134.276995115196
3,253,170.907303574679
4,253,173.466555616757
5,253,155.055311826676
6,253,149.985441653958
7,253,158.296738034203
8,253,114.757009112108
9,253,182.122839912901
10,253,167.786960117356
11,253,137.02912217722
12,253,161.824861600371
13,253,184.493142054558
14,253,140.885838239819
15,253,149.22021012944
16,253,176.089166488283
17,253,141.580109795278
18,253,124.61580281177
1,254,154.362609925755
2,254,138.278293840801
3,254,167.732018472806
4,254,165.95230712661
5,254,154.326983617869
6,254,133.381042912959
7,254,136.854949056167
8,254,154.786965337652
9,254,152.506222268546
10,254,121.632223497256
11,254,108.381246792371
12,254,185.446034763967
13,254,146.803141519533
14,254,196.038488147588
15,254,169.213255198361
16,254,182.614462642896
17,254,155.242692021823
18,254,190.3931997206
1,255,174.481999628145
2,255,144.682280582595
3,255,169.890898084053
4,255,189.844735399059
5,255,173.513328344277
6,255,169.007685814814
7,255,173.749444058745
8,255,129.453431395038
9,255,118.688892468807
10,255,151.465984107148
11,255,159.290014744183
12,255,193.965084617474
13,255,193.659035642826
14,255,167.303412313635
15,255,147.516002391501
16,255,161.004679763769
17,255,169.141939978338
18,255,182.887010699983
1,256,162.34533637724
2,256,127.088860132585
3,256,171.500204260843
4,256,180.885124532013
5,256,152.74273797327
6,256,137.851698466633
7,256,143.235157251907
8,256,117.89521775995
9,256,160.801694868223
10,256,164.191783730737
11,256,163.72265888524
12,256,186.9588759323
13,256,154.856091464226
14,256,141.556863950953
15,256,159.903488646369
16,256,123.127010102096
17,256,168.20986058298
18,256,173.086175179362
1,257,139.979737757256
2,257,137.402096835029
3,257,184.402725293195
4,257,145.798170411003
5,257,201.45873558075
6,257,172.708856748575
7,257,191.003945848263
8,257,174.293986208035
9,257,148.177554986645
10,257,151.616035614317
11,257,117.260182455349
12,257,186.713476133816
13,257,160.409894795612
14,257,149.568095770034
15,257,178.798625447719
16,257,177.291088210098
17,257,176.511886141017
18,257,160.986663685592
1,258,128.97702962299
2,258,186.009964584656
3,258,131.682698828098
4,258,180.409948394774
5,258,162.139894976606
6,258,162.359345623659
7,258,173.068923241043
8,258,152.4637765335
9,258,178.635414893349
10,258,182.410123527383
11,258,177.372406948344
12,258,154.268734331939
13,258,135.185957357757
14,258,172.414698806063
15,258,127.123448336371
16,258,121.568551113466
17,258,114.351741299299
18,258,167.765222539882
1,259,170.319574914038
2,259,136.964676597478
3,259,177.635026899544
4,259,177.210991704937
5,259,166.525380773413
6,259,194.779082838731
7,259,132.970650188159
8,259,122.259624692497
9,259,192.603618047268
10,259,181.916670160242
11,259,150.303079782199
12,259,153.282977428149
13,259,196.021208749765
14,259,127.47664400526
15,259,171.372884222189
16,259,162.168849389085
17,259,185.450092633946
18,259,172.97297614303
1,260,166.409041996251
2,260,134.082492316294
3,260,157.713141275621
4,260,155.388417825504
5,260,134.096465004061
6,260,180.702379736157
7,260,145.528308070528
8,260,166.783656021816
9,260,158.119051314025
10,260,162.833926368781
11,260,165.338789834092
12,260,128.567767464393
13,260,158.438537409526
14,260,134.773076775125
15,260,155.033348463078
16,260,168.881203367334
17,260,163.199626177368
18,260,143.899493524272
1,261,146.399129429033
2,261,110.722745902202
3,261,146.104295840727
4,261,171.009393872274
5,261,124.074936706958
6,261,198.499875775188
7,261,178.041147720813
8,261,186.296214901899
9,261,160.248754526675
10,261,149.472584511633
11,261,157.271349304825
12,261,128.885235084776
13,261,140.874614317474
14,261,151.581105749123
15,261,153.338476653275
16,261,168.599933212089
17,261,132.308752454272
18,261,157.137123373121
1,262,133.207044079232
2,262,162.119925593125
3,262,115.733965235282
4,262,178.337451768042
5,262,181.030984791065
6,262,138.455868150494
7,262,161.973526048904
8,262,165.447439872328
9,262,131.596942334538
10,262,170.58485862374
11,262,184.903648297497
12,262,193.966926455017
13,262,173.035083115992
14,262,105.74348301079
15,262,175.705846727817
16,262,149.526956834501
17,262,153.875981635158
18,262,106.914368289782
1,263,148.975824907578
2,263,148.150871901044
3,263,156.933423106071
4,263,180.02737367775
5,263,168.060502409555
6,263,151.036709118511
7,263,177.002517665121
8,263,152.022847800158
9,263,192.976208415683
10,263,175.761427247583
11,263,146.78891601992
12,263,141.834201840474
13,263,134.023141746121
14,263,185.98960686125
15,263,161.432434452685
16,263,188.033711885622
17,263,207.340328250185
18,263,162.248264139172
1,264,148.830686043365
2,264,168.770727046469
3,264,184.527832595082
4,264,199.263476606577
5,264,153.452931738548
6,264,173.069400726487
7,264,147.565340011664
8,264,156.677971311316
9,264,141.65067154884
10,264,170.264550010771
11,264,154.229234864621
12,264,170.101124785212
13,264,193.853038168635
14,264,120.543292640859
15,264,165.773632812385
16,264,173.929846340108
17,264,169.921341474522
18,264,184.57187267994
1,265,177.872747827895
2,265,185.399819139102
3,265,199.990239038645
4,265,161.89063538279
5,265,176.455841973712
6,265,163.566642877697
7,265,124.66772618182
8,265,157.395529514263
9,265,133.588076574735
10,265,162.305679434586
11,265,121.417251626734
12,265,173.219712876163
13,265,106.182634461405
14,265,126.145863642175
15,265,187.471732811864
16,265,198.391506820937
17,265,147.179458283951
18,265,167.146525680923
1,266,167.842797179046
2,266,165.408989781733
3,266,185.271553214301
4,266,176.492747177679
5,266,146.718577924288
6,266,121.080742676124
7,266,156.061558710336
8,266,154.8273938967
9,266,166.845242734971
10,266,173.791814831931
11,266,164.113162095127
12,266,157.046166400167
13,266,140.027080874396
14,266,156.490153939889
15,266,175.444341752523
16,266,143.222854777506
17,266,171.242045844553
18,266,176.281782758351
1,267,152.33767891853
2,267,147.021460850904
3,267,129.144713715086
4,267,158.042429816699
5,267,173.233663993198
6,267,160.193307753896
7,267,190.092942309517
8,267,112.074764777173
9,267,189.21051273407
10,267,163.573549524211
11,267,178.628806313123
12,267,155.28921184626
13,267,147.448668487411
14,267,153.759066711855
15,267,146.221342221917
16,267,130.251209924161
17,267,144.78347501241
18,267,144.568897052957
1,268,149.257890876885
2,268,113.294005514617
3,268,174.954736472259
4,268,156.112397121548
5,268,164.776805155662
6,268,128.424762783125
7,268,116.716046448076
8,268,136.920606294192
9,268,116.648268513059
10,268,192.208353907626
11,268,158.676343962536
12,268,178.136059685044
13,268,162.484205871078
14,268,129.033313162966
15,268,110.653166868042
16,268,155.213064880899
17,268,138.961986754517
18,268,178.443398884003
1,269,159.816670565029
2,269,161.3514190798
3,269,190.723668256588
4,269,124.579726077795
5,269,114.346777870625
6,269,162.389202040695
7,269,128.395662948003
8,269,143.604041167244
9,269,132.463267773289
10,269,133.825159426361
11,269,163.026484545039
12,269,121.848513566533
13,269,166.414292970876
14,269,173.182084885782
15,269,151.538381270866
16,269,171.102477747027
17,269,120.982363192612
18,269,163.802543446952
1,270,143.688415909921
2,270,136.487801396835
3,270,145.477978786763
4,270,164.927447321249
5,270,154.439292157134
6,270,166.795598190735
7,270,193.539438488828
8,270,160.644193852785
9,270,142.508413893105
10,270,173.674838144045
11,270,160.896154216165
12,270,132.067323471911
13,270,141.778516411019
14,270,130.032426844157
15,270,128.739223570847
16,270,167.673919462821
17,270,173.293046335618
18,270,156.11449771463
1,271,133.174981325399
2,271,181.355163165751
3,271,205.883501248504
4,271,113.619324636652
5,271,161.252223845712
6,271,177.650079630077
7,271,160.543810299292
8,271,142.292681419476
9,271,157.669192035755
10,271,145.82116292899
11,271,196.974267186869
12,271,170.701582642856
13,271,173.928383127163
14,271,111.794705405897
15,271,153.25966085752
16,271,156.513253896348
17,271,130.438633181125
18,271,143.140714992618
1,272,133.461991966801
2,272,154.268417117725
3,272,139.75676884821
4,272,160.469898604009
5,272,185.953150787345
6,272,160.132552204804
7,272,154.76807282746
8,272,146.048213732285
9,272,140.461144545705
10,272,120.935822859787
11,272,176.82592969106
12,272,195.263653238538
13,272,188.534292420095
14,272,145.801246288063
15,272,142.05545654317
16,272,146.964045904378
17,272,148.417867847567
18,272,165.542887164708
1,273,166.73475515001
2,273,128.816342870614
3,273,159.086041429583
4,273,119.932199316219
5,273,168.098064851042
6,273,194.654698216404
7,273,195.021076297426
8,273,188.492075381172
9,273,157.812068989332
10,273,151.209330804887
11,273,152.528972480397
12,273,192.493406189776
13,273,169.878059506179
14,273,154.267550928039
15,273,158.067446296581
16,273,173.960605832585
17,273,173.107171025924
18,273,157.535377649282
1,274,153.91981098591
2,274,153.333689344858
3,274,168.932897078501
4,274,170.161917409061
5,274,121.913108176829
6,274,156.889405516538
7,274,159.509918551372
8,274,134.251934689371
9,274,146.60693761994
10,274,138.347490730333
11,274,129.87471414287
12,274,182.336796705048
13,274,149.223295957343
14,274,122.377410189879
15,274,167.32937429985
16,274,175.159221491627
17,274,161.247435828217
18,274,159.334605155882
1,275,174.598907789536
2,275,185.763674810121
3,275,180.138376285803
4,275,159.245975310133
5,275,177.642919252222
6,275,137.682750462318
7,275,151.443846469233
8,275,153.656732444229
9,275,126.7825085719
10,275,106.019594160518
11,275,152.538034218197
12,275,134.391287184414
13,275,185.024984100556
14,275,164.175975429533
15,275,156.381392151202
16,275,161.023316515144
17,275,120.514457459331
18,275,174.412489024242
1,276,170.013008956693
2,276,131.139248750315
3,276,165.333198682516
4,276,167.608350182552
5,276,149.537551922061
6,276,170.043778224921
7,276,162.982998813054
8,276,144.656530358624
9,276,188.998697853502
10,276,119.648392274358
11,276,187.638484670743
12,276,179.365178230272
13,276,148.129921473126
14,276,154.305116727729
15,276,159.436921092183
16,276,162.080038178432
17,276,124.108205752408
18,276,147.785867420902
1,277,141.20937631841
2,277,127.504673976558
3,277,199.205017044249
4,277,149.393531476817
5,277,191.378570881135
6,277,178.754656925333
7,277,153.791059736764
8,277,177.741561203653
9,277,142.10813420062
10,277,176.257971457658
11,277,125.949022136401
12,277,139.387707058616
13,277,200.628938910043
14,277,119.482016536725
15,277,161.730041924403
16,277,169.087077981807
17,277,144.623470579822
18,277,158.794524532157
1,278,183.105302272816
2,278,158.325530673159
3,278,132.004132741084
4,278,147.639063059595
5,278,175.348166200203
6,278,119.486307366501
7,278,190.339962574125
8,278,169.662590123641
9,278,154.255313058951
10,278,131.958122691431
11,278,190.53145433073
12,278,141.061400471436
13,278,173.420320007364
14,278,109.647984651784
15,278,142.456443957391
16,278,202.540468876311
17,278,171.892971576595
18,278,167.731369351485
1,279,141.801034371356
2,279,126.074870314621
3,279,146.154105455738
4,279,161.536136251749
5,279,176.42803348241
6,279,144.283616188221
7,279,147.639556288874
8,279,193.533453831054
9,279,158.639920756201
10,279,198.128280628505
11,279,181.840069406286
12,279,199.689255992912
13,279,129.528879880367
14,279,147.411541571552
15,279,193.075184608248
16,279,167.119745113834
17,279,199.62710541606
18,279,197.924421354516
1,280,172.805397484409
2,280,152.681424766351
3,280,168.447325775394
4,280,143.143172104024
5,280,147.110834967413
6,280,181.349243815459
7,280,170.00346994072
8,280,175.995095466068
9,280,146.969351151794
10,280,167.120821580352
11,280,165.472660514186
12,280,140.637763219549
13,280,142.257023891895
14,280,184.905002344385
15,280,176.74369487365
16,280,115.28225085484
17,280,174.55095747872
18,280,187.033717863461
1,281,186.520401585474
2,281,130.168916365708
3,281,198.871059470558
4,281,188.45506959616
5,281,143.282589603968
6,281,186.076781570172
7,281,180.692592926118
8,281,155.637214175641
9,281,124.664467502237
10,281,183.746940304021
11,281,148.099830616583
12,281,141.102118303723
13,281,180.238684903038
14,281,203.308851016336
15,281,140.938906730707
16,281,126.348782612592
17,281,166.742674037986
18,281,182.826047301314
1,282,136.856505661086
2,282,159.505868250351
3,282,150.29796125119
4,282,179.956655593981
5,282,158.264428556863
6,282,141.087074409557
7,282,144.154202443399
8,282,179.828893522401
9,282,115.32605780497
10,282,153.576639186479
11,282,164.486979719957
12,282,160.804797167491
13,282,169.640495692427
14,282,159.637740394519
15,282,162.203233141425
16,282,181.419380976613
17,282,147.306000080422
18,282,117.643584712948
1,283,179.240688188365
2,283,176.270494160172
3,283,183.094003003766
4,283,123.003796820148
5,283,109.954789049883
6,283,164.243077278966
7,283,184.086937557902
8,283,156.059945821942
9,283,117.984255677681
10,283,153.850957509457
11,283,150.943694351283
12,283,157.850518693071
13,283,131.77677930388
14,283,158.017252507304
15,283,143.699824657286
16,283,158.621402775083
17,283,187.98513803762
18,283,159.252472042618
1,284,170.989783038183
2,284,121.742162106216
3,284,170.069886141091
4,284,177.841219363501
5,284,113.445352357126
6,284,117.825958086041
7,284,163.475233001868
8,284,177.151462509604
9,284,173.130752816331
10,284,144.0284447513
11,284,178.368575081551
12,284,154.760636822236
13,284,135.056518628129
14,284,164.9393372288
15,284,180.06461022289
16,284,176.451109470378
17,284,125.339022011808
18,284,123.778352014613
1,285,195.404784737664
2,285,126.547109344234
3,285,139.41167235112
4,285,155.632268921178
5,285,176.217024340673
6,285,182.345521972444
7,285,166.128188029205
8,285,152.436994580142
9,285,132.86318517118
10,285,185.308006933869
11,285,184.498210854994
12,285,149.143729973516
13,285,159.946764865727
14,285,158.850503106971
15,285,177.417606246165
16,285,189.474884926565
17,285,163.946768364758
18,285,179.870239143388
1,286,178.53673973667
2,286,145.026349641499
3,286,159.684801749961
4,286,146.047333195565
5,286,183.890767093244
6,286,171.641776473179
7,286,150.752999817762
8,286,205.978826328865
9,286,170.825981574313
10,286,141.548332820188
11,286,167.476160806483
12,286,149.509917191997
13,286,177.987273742731
14,286,148.196136211568
15,286,143.93134504836
16,286,123.630348953712
17,286,163.075574486475
18,286,107.605500640515
1,287,144.97552780007
2,287,144.913789773934
3,287,179.427296714251
4,287,129.923714364646
5,287,143.531738023643
6,287,155.634038915101
7,287,195.303706148782
8,287,147.671846595368
9,287,176.787965207962
10,287,131.539942501979
11,287,158.884541576099
12,287,160.609625675791
13,287,185.774960492153
14,287,150.708466529207
15,287,157.248759933467
16,287,155.685198698837
17,287,171.642074005297
18,287,120.58578135139
1,288,170.846520186357
2,288,168.448183100224
3,288,168.472197396812
4,288,159.190405399886
5,288,144.551555584875
6,288,151.470408920963
7,288,128.499310623758
8,288,142.963073958482
9,288,119.701358036759
10,288,157.443294573388
11,288,148.129935577391
12,288,139.213862689777
13,288,174.356477937379
14,288,142.071803583605
15,288,153.552231877133
16,288,170.982615521861
17,288,129.580035571629
18,288,131.89494153114
1,289,200.973648897815
2,289,198.987717457501
3,289,174.792151284022
4,289,116.340971760219
5,289,198.403013958094
6,289,174.909132812077
7,289,185.914269055626
8,289,140.247657482402
9,289,144.178207352401
10,289,165.121690113047
11,289,149.252256970225
12,289,174.66925176743
13,289,124.385354802272
14,289,186.255836747051
15,289,175.662707362049
16,289,185.414686955108
17,289,193.552353729396
18,289,148.124054477078
1,290,136.358462031511
2,290,133.501880876193
3,290,129.606513285135
4,290,157.541064033917
5,290,178.852044929088
6,290,183.804427603434
7,290,122.84340045051
8,290,172.902168770899
9,290,198.066253163226
10,290,147.205852376108
11,290,171.843538379364
12,290,164.440226925935
13,290,119.10519914194
14,290,156.230643949634
15,290,166.948940928794
16,290,177.991190125233
17,290,161.526071788542
18,290,185.323253823263
1,291,109.034170349898
2,291,156.091962406659
3,291,158.240008547628
4,291,177.404431555437
5,291,144.794304001487
6,291,164.179953931438
7,291,137.184226854833
8,291,178.52395580885
9,291,164.391744503262
10,291,144.321990107535
11,291,178.144275100502
12,291,164.988105975774
13,291,195.222117346577
14,291,136.353670492478
15,291,107.646994476167
16,291,151.376546572536
17,291,175.733619824869
18,291,163.218004834305
1,292,135.570448461461
2,292,126.426922872857
3,292,184.749146444589
4,292,133.057675903259
5,292,166.747583090028
6,292,156.056689311314
7,292,190.415254707298
8,292,165.387083043025
9,292,123.521831872414
10,292,160.142292503476
11,292,170.086471135042
12,292,158.332296014652
13,292,165.626367054943
14,292,157.998088344279
15,292,182.460701771145
16,292,143.960270934792
17,292,153.744382603447
18,292,177.906679335974
1,293,184.493173583188
2,293,161.362842660437
3,293,148.417150824573
4,293,163.500895316407
5,293,148.814974050266
6,293,134.385940726417
7,293,159.767782046997
8,293,117.754335052492
9,293,132.727686245034
10,293,135.712877634661
11,293,148.122956423212
12,293,150.163940463413
13,293,183.780856610423
14,293,150.357086737926
15,293,194.018238401483
16,293,158.188971356714
17,293,183.870291881123
18,293,147.67173382965
1,294,148.92547130032
2,294,134.67776389505
3,294,166.140756186328
4,294,136.806608302111
5,294,161.38104275308
6,294,137.982814088271
7,294,128.315053335416
8,294,148.563412327113
9,294,164.798881572435
10,294,170.140275788864
11,294,138.764229232077
12,294,154.146871721977
13,294,132.934628275653
14,294,139.000373850985
15,294,175.324210422119
16,294,158.142978908857
17,294,141.713973731312
18,294,177.651241872376
1,295,155.845524574447
2,295,135.520853172421
3,295,135.045029104695
4,295,197.227196556302
5,295,160.448553214105
6,295,160.461123439507
7,295,170.034794579496
8,295,176.999440390999
9,295,170.265535514861
10,295,185.076344591551
11,295,132.58393034849
12,295,143.772584757114
13,295,186.8221366722
14,295,150.18673230908
15,295,191.288227194708
16,295,148.343561871859
17,295,167.349798902569
18,295,160.394972452552
1,296,162.644418098033
2,296,159.128437135662
3,296,160.919797486051
4,296,152.119944158088
5,296,164.801888575085
6,296,143.611337037486
7,296,167.428203847326
8,296,168.607229256556
9,296,162.205556825108
10,296,146.996229796642
11,296,173.698998109449
12,296,181.944793954513
13,296,151.162854649913
14,296,155.755699305194
15,296,184.186838852884
16,296,153.76043971686
17,296,158.336039456616
18,296,159.406232273031
1,297,118.392161959968
2,297,152.901648355295
3,297,156.894264987057
4,297,162.340961528236
5,297,169.011666419827
6,297,169.622018763067
7,297,186.258908629199
8,297,168.606084051477
9,297,160.542857767637
10,297,147.199437805387
11,297,115.413030899854
12,297,131.374754337431
13,297,159.3052102017
14,297,159.812735609426
15,297,129.675113967123
16,297,143.056125123337
17,297,134.986401216935
18,297,144.861348452826
1,298,133.778966745819
2,298,155.004883394101
3,298,139.396695723958
4,298,124.844045586921
5,298,184.349542985166
6,298,139.579148738044
7,298,138.582039509162
8,298,147.59546722292
9,298,148.566460819973
10,298,175.568632181672
11,298,163.214368317525
12,298,134.749170221555
13,298,179.022976702558
14,298,189.923903428318
15,298,142.765265298171
16,298,174.270552124649
17,298,138.715601021642
18,298,180.364011843169
1,299,146.545804817444
2,299,175.374396788463
3,299,130.310192171728
4,299,181.726699992688
5,299,179.678968515142
6,299,182.576352708931
7,299,112.107339416966
8,299,118.056798021721
9,299,146.314511070617
10,299,148.313067868652
11,299,124.375835501652
12,299,171.290942709265
13,299,115.162708258785
14,299,179.919571656155
15,299,159.841235071005
16,299,175.381718614109
17,299,192.091242816457
18,299,161.530257857252
1,300,193.734916397844
2,300,147.623343543798
3,300,145.419518402172
4,300,197.173092383336
5,300,141.993660976641
6,300,177.91607011926
7,300,146.045926846002
8,300,170.551564566359
9,300,174.975679502563
10,300,144.428799327608
11,300,108.214539367799
12,300,154.585872927175
13,300,164.587205858709
14,300,155.811507270703
15,300,149.413153377991
16,300,160.133250535454
17,300,140.797874465106
18,300,145.615956410574
1,301,114.443013086176
2,301,160.784192403291
3,301,154.3606640578
4,301,198.534540927801
5,301,120.296378453571
6,301,166.938631409297
7,301,158.848096075665
8,301,107.928285895698
9,301,136.994580158757
10,301,166.686986369082
11,301,160.235143816151
12,301,186.369503771708
13,301,169.326860361498
14,301,159.972256544455
15,301,146.924643962962
16,301,153.035896191526
17,301,133.857245965259
18,301,151.903616351004
1,302,144.168931096476
2,302,193.168494130275
3,302,142.747692851124
4,302,173.163407850497
5,302,123.308970522531
6,302,151.31381947013
7,302,139.867426490279
8,302,185.030273757944
9,302,154.661262525381
10,302,147.91413409691
11,302,153.996194557751
12,302,134.173502556419
13,302,166.38554782108
14,302,175.581051580804
15,302,187.494267114693
16,302,165.28693300642
17,302,166.477052784966
18,302,168.361366856665
1,303,190.978256258156
2,303,203.582548683067
3,303,143.244690815558
4,303,145.722033485733
5,303,188.640023791653
6,303,151.478247950579
7,303,172.326688812549
8,303,181.306002966449
9,303,129.84782585993
10,303,181.71710904637
11,303,168.004041297764
12,303,110.155149599702
13,303,128.796655366787
14,303,154.898059409239
15,303,180.277399921802
16,303,148.911593747978
17,303,146.007165592318
18,303,188.067935656998
1,304,153.623755794037
2,304,162.919829034835
3,304,142.437850422792
4,304,131.841301366591
5,304,138.063094400438
6,304,160.880641100669
7,304,194.830286336072
8,304,154.453985801099
9,304,181.250840401678
10,304,125.087585341066
11,304,174.184512964618
12,304,143.836863233921
13,304,160.838132953116
14,304,119.466293978547
15,304,175.569129046417
16,304,188.511711922611
17,304,173.878117997936
18,304,127.480243236759
1,305,193.214402574176
2,305,136.345960390453
3,305,178.125289908469
4,305,168.930532561306
5,305,154.351874268434
6,305,174.419465528415
7,305,154.140634405998
8,305,164.374602586786
9,305,147.831213729874
10,305,167.415125404103
11,305,150.463705114522
12,305,184.308425165224
13,305,153.609740918908
14,305,156.630104623553
15,305,186.114161716105
16,305,167.752827951916
17,305,110.427818038069
18,305,167.963748438059
1,306,141.869033168947
2,306,196.616714503719
3,306,156.11112081575
4,306,168.766651306787
5,306,127.772927551591
6,306,138.926965751029
7,306,193.476208942972
8,306,162.940376355103
9,306,153.676545586392
10,306,163.583785635617
11,306,131.5935935499
12,306,159.08036404589
13,306,137.076543964887
14,306,141.796214366058
15,306,178.623480275945
16,306,169.386864487676
17,306,197.336496732161
18,306,132.295404380249
1,307,156.315310642865
2,307,158.600579479468
3,307,161.566017548371
4,307,156.660030321801
5,307,135.664547976328
6,307,171.740122349905
7,307,187.980470704867
8,307,145.680789692883
9,307,175.25974969281
10,307,190.919719061566
11,307,110.41827521744
12,307,159.223196891788
13,307,143.313472060729
14,307,157.003858931802
15,307,153.672414739805
16,307,180.893064048553
17,307,131.800757135826
18,307,184.078630638078
1,308,152.713328431121
2,308,165.854303867327
3,308,131.20425075862
4,308,185.308174084657
5,308,167.046625365913
6,308,159.872725545197
7,308,166.520814007206
8,308,196.438686409678
9,308,177.251096146043
10,308,193.744564107598
11,308,168.324392516153
12,308,156.626362860401
13,308,193.05516352007
14,308,168.81598640848
15,308,149.901558051556
16,308,149.698370199029
17,308,112.463850431993
18,308,156.35951284632
1,309,159.774056399891
2,309,122.125280010481
3,309,173.608754028518
4,309,133.840526186054
5,309,149.521625819411
6,309,151.961858288957
7,309,189.595154502729
8,309,166.858078870636
9,309,183.459377109604
10,309,154.012456564681
11,309,171.057358398542
12,309,138.083034751983
13,309,160.753642298442
14,309,187.266932820992
15,309,145.707296521016
16,309,146.808981982918
17,309,155.058091597984
18,309,185.835231486931
1,310,169.511295766014
2,310,155.546680432005
3,310,180.727719835042
4,310,141.919451757179
5,310,152.148100085961
6,310,130.265231327538
7,310,141.196657979781
8,310,169.95887542592
9,310,204.046970786472
10,310,180.617796582296
11,310,170.628119986767
12,310,160.589195313152
13,310,136.777888306926
14,310,200.327990047719
15,310,179.920195498991
16,310,197.154348471116
17,310,160.575446085024
18,310,173.747763812994
1,311,177.605415909077
2,311,159.276834952978
3,311,160.356700166231
4,311,171.068909103413
5,311,157.857415841128
6,311,145.963360443712
7,311,161.209734241673
8,311,164.107235607074
9,311,168.241915126257
10,311,194.92726346881
11,311,144.211248655382
12,311,143.733427993662
13,311,143.05478829622
14,311,155.379180313656
15,311,154.869423984052
16,311,152.651074565068
17,311,162.938994013112
18,311,151.459879241488
1,312,151.620742183836
2,312,146.878214890856
3,312,166.10770421345
4,312,134.999766682739
5,312,131.953101578539
6,312,125.415366279892
7,312,124.587479792724
8,312,170.11644755551
9,312,197.659160222774
10,312,177.34642031273
11,312,167.907864820702
12,312,170.122836687258
13,312,149.627585581784
14,312,167.269676630127
15,312,152.547337725738
16,312,130.727429993147
17,312,176.669764058622
18,312,183.935810794463
1,313,154.251656663283
2,313,167.566686512415
3,313,163.384751442628
4,313,186.63095905622
5,313,152.922479003116
6,313,152.978565262905
7,313,146.984394228412
8,313,127.444006373481
9,313,172.526161235243
10,313,186.161265822122
11,313,162.304978338407
12,313,131.545537390064
13,313,187.689928098137
14,313,152.980143978088
15,313,131.393553106839
16,313,187.245132062607
17,313,156.053487094355
18,313,155.284075339772
1,314,154.28397325231
2,314,147.42422339962
3,314,132.593392814339
4,314,177.185233282794
5,314,181.38230634358
6,314,137.691485535886
7,314,156.713646537697
8,314,142.789350443108
9,314,125.544020509857
10,314,175.555649213971
11,314,144.669660767788
12,314,159.483462611735
13,314,131.867752330811
14,314,157.888311917212
15,314,182.272474524745
16,314,111.943741377576
17,314,204.576108200655
18,314,177.071424238694
1,315,142.586353812357
2,315,173.497727357823
3,315,157.069996372518
4,315,117.539056470592
5,315,165.287467029166
6,315,153.218778475957
7,315,205.721981355102
8,315,155.836895548339
9,315,110.420944230833
10,315,115.22744652129
11,315,146.664508688031
12,315,130.732517639306
13,315,129.592803052463
14,315,156.40479601253
15,315,153.830796135731
16,315,144.244835035884
17,315,152.647414860271
18,315,162.309234080591
1,316,141.157088304929
2,316,119.905222266448
3,316,196.837009614156
4,316,134.513830088734
5,316,164.791397077084
6,316,192.165428430999
7,316,203.348248597601
8,316,164.229064829009
9,316,177.534349072466
10,316,126.204421974392
11,316,128.173943390081
12,316,131.414253125724
13,316,140.555252342238
14,316,148.907331581845
15,316,165.140672288506
16,316,138.002178439168
17,316,145.033399990185
18,316,125.254992777396
1,317,166.934942713116
2,317,182.908104001195
3,317,175.484080190684
4,317,164.954473733395
5,317,168.429157902473
6,317,173.948320097387
7,317,156.069987618746
8,317,138.971279741687
9,317,143.35672324463
10,317,155.302882555197
11,317,127.638117653154
12,317,117.035279775882
13,317,166.637293151321
14,317,161.297964823462
15,317,179.729750584857
16,317,168.327207849602
17,317,157.363683302857
18,317,183.01248729305
1,318,175.959628686181
2,318,152.067986319039
3,318,201.742521691717
4,318,139.530790117964
5,318,198.231497985835
6,318,156.337191751434
7,318,147.1494039097
8,318,183.078416306977
9,318,171.26646460976
10,318,162.343018214102
11,318,141.859737493104
12,318,160.564612792963
13,318,174.515689463664
14,318,159.187570391425
15,318,157.858942225292
16,318,159.397944217035
17,318,165.24037016033
18,318,158.827606569461
1,319,137.891631983926
2,319,159.879859589311
3,319,185.758266302941
4,319,124.556078395307
5,319,157.25836374751
6,319,183.72186160327
7,319,148.392862623516
8,319,164.435798679213
9,319,157.434760974935
10,319,174.865580609548
11,319,160.899091911937
12,319,197.237233384708
13,319,193.771737557924
14,319,163.320134400755
15,319,131.740063206706
16,319,142.829140960642
17,319,203.910283208708
18,319,153.693009625457
1,320,140.052492629306
2,320,149.80291254191
3,320,163.010393671382
4,320,116.40574548323
5,320,113.714912283657
6,320,148.924623874938
7,320,143.07783616871
8,320,114.521634393974
9,320,175.466003442113
10,320,176.450268421708
11,320,170.326374180853
12,320,120.566235471879
13,320,168.192371225918
14,320,175.084618955658
15,320,147.864390856901
16,320,153.454001012459
17,320,116.922372053025
18,320,158.752805486032
1,321,132.642146020342
2,321,177.870136673895
3,321,153.777061143322
4,321,191.867565435607
5,321,172.967964446158
6,321,155.374740030099
7,321,177.843895583257
8,321,151.015724030671
9,321,151.98033655413
10,321,169.072719059242
11,321,155.666565748944
12,321,171.590989567211
13,321,155.396344050586
14,321,168.56500924088
15,321,160.49060072167
16,321,187.698667891228
17,321,192.072122258
18,321,195.786974747184
1,322,141.235855286597
2,322,155.160185317606
3,322,154.38644484139
4,322,134.495554114572
5,322,160.950108003219
6,322,191.45681020385
7,322,126.562086196254
8,322,168.014967252132
9,322,136.344959572552
10,322,142.452598429169
11,322,163.559923757113
12,322,127.703212653329
13,322,168.562763893777
14,322,165.869659527675
15,322,184.411330277562
16,322,138.224085012375
17,322,147.891273083917
18,322,153.814464630137
1,323,190.579483254584
2,323,119.162798227888
3,323,137.752773273528
4,323,172.090939217217
5,323,121.286820203922
6,323,200.088502834144
7,323,115.323636133388
8,323,159.716572198
9,323,183.655404037342
10,323,146.516591770362
11,323,165.840320562002
12,323,162.788734902789
13,323,156.169473650782
14,323,192.759935420419
15,323,152.209993521437
16,323,149.580935631853
17,323,192.921456374387
18,323,126.841227336995
1,324,185.671866776166
2,324,146.27835598762
3,324,134.310867585999
4,324,129.279376149782
5,324,125.427913065263
6,324,141.082220099507
7,324,183.258759702317
8,324,154.033635869995
9,324,171.581906987878
10,324,190.963658768931
11,324,146.740266699528
12,324,173.359577180711
13,324,167.875956387463
14,324,146.724909417072
15,324,114.200047576748
16,324,152.055546733938
17,324,142.805171835936
18,324,161.022704813733
1,325,168.741250748382
2,325,145.806736500219
3,325,157.521167721938
4,325,151.888408012655
5,325,127.803456519425
6,325,136.314852828485
7,325,181.759249363984
8,325,157.621030462771
9,325,184.888595730495
10,325,181.468452933181
11,325,135.874296048138
12,325,172.397974817427
13,325,154.852852796648
14,325,163.882768532795
15,325,175.439779622083
16,325,190.396688498621
17,325,178.430466122208
18,325,192.664393979256
1,326,146.287605319551
2,326,105.667975477743
3,326,137.402916479897
4,326,173.697463963165
5,326,166.730117211393
6,326,159.515007458749
7,326,115.778963814167
8,326,122.261034787036
9,326,135.626501844186
10,326,204.39944786647
11,326,176.41006280031
12,326,160.44998705016
13,326,119.302472788536
14,326,144.155812264774
15,326,129.639141870825
16,326,172.271016750936
17,326,153.50950892497
18,326,185.747568399701
1,327,152.000523535264
2,327,154.934904231728
3,327,118.420610737937
4,327,156.259096709588
5,327,170.420234441945
6,327,178.6168374708
7,327,133.880100113755
8,327,162.102502546019
9,327,155.511070532902
10,327,172.677391062648
11,327,154.58471250115
12,327,156.253973430011
13,327,174.670202644223
14,327,142.277473590447
15,327,157.682284000812
16,327,140.751021490111
17,327,156.076278060259
18,327,187.685522677973
1,328,194.065943765947
2,328,163.929751269793
3,328,167.327141932628
4,328,192.854868315002
5,328,173.01120178922
6,328,193.944966042292
7,328,169.640462746886
8,328,143.236177911309
9,328,171.832159353876
10,328,158.624466364999
11,328,188.351767071396
12,328,191.57458937237
13,328,157.888089497789
14,328,155.685777446035
15,328,164.481488594035
16,328,171.188407887013
17,328,198.707194826452
18,328,157.221644343807
1,329,146.254702574969
2,329,180.123813130428
3,329,187.477162696081
4,329,165.510507464755
5,329,144.288080139802
6,329,155.255777026225
7,329,194.957026075013
8,329,159.721464005718
9,329,142.776945115766
10,329,153.853743900108
11,329,139.014318200531
12,329,159.399452568317
13,329,182.21476664218
14,329,114.354225604082
15,329,180.665100001914
16,329,142.987066342472
17,329,171.379892254481
18,329,168.440577772132
1,330,165.143960449984
2,330,165.693401859889
3,330,164.460080393197
4,330,169.280983490187
5,330,199.784338543622
6,330,181.093483867865
7,330,124.554649377929
8,330,160.775423279915
9,330,134.735803997843
10,330,155.175446684394
11,330,127.864697409548
12,330,128.507674886705
13,330,180.57376287285
14,330,194.559747359323
15,330,153.390679692017
16,330,151.17119607508
17,330,156.179281010009
18,330,155.301005505442
1,331,196.085517907692
2,331,173.554537778516
3,331,145.004606218037
4,331,158.682309009857
5,331,199.388669678503
6,331,162.909644964679
7,331,125.038247758363
8,331,121.972895696297
9,331,188.003719855819
10,331,179.930721077799
11,331,166.243400680026
12,331,139.554747410753
13,331,149.839640554501
14,331,132.609580552011
15,331,155.156800565866
16,331,175.879017620703
17,331,188.414440014228
18,331,180.149909093456
1,332,194.856736847432
2,332,151.686399048724
3,332,119.758111256705
4,332,145.62706177561
5,332,208.609059513103
6,332,156.20754580396
7,332,204.836399496207
8,332,171.249228173485
9,332,146.374923170337
10,332,188.251271320397
11,332,157.719414727235
12,332,179.184053476659
13,332,142.845860681422
14,332,195.253457683972
15,332,157.051926179842
16,332,131.381338838591
17,332,175.648829765335
18,332,132.683378741469
1,333,161.486695763812
2,333,168.082081560524
3,333,163.382432778451
4,333,159.478548873591
5,333,191.032942683128
6,333,140.642204856243
7,333,111.840962977994
8,333,144.752705775631
9,333,147.237464701147
10,333,187.340176090768
11,333,162.36707144508
12,333,131.917352946205
13,333,139.804575838173
14,333,125.771120270283
15,333,182.741008545434
16,333,121.871094349187
17,333,148.40335537043
18,333,159.207042825591
1,334,148.816421380187
2,334,184.833457874673
3,334,185.423449973931
4,334,187.416151650528
5,334,177.77340496705
6,334,187.458108400429
7,334,155.69628743202
8,334,153.036076573121
9,334,151.362494052549
10,334,160.80860224233
11,334,124.230422977803
12,334,171.874708657644
13,334,141.985278167719
14,334,181.712979446441
15,334,204.984324764196
16,334,128.439285395862
17,334,158.342193587705
18,334,169.711887684305
1,335,179.534564380583
2,335,175.297550918361
3,335,154.875514491701
4,335,191.802097884771
5,335,172.699600212589
6,335,149.053419116977
7,335,157.989330085261
8,335,196.607787136879
9,335,188.894283633499
10,335,140.766137508397
11,335,146.927325522798
12,335,149.696627617815
13,335,119.208752150647
14,335,196.252771490713
15,335,179.204060502651
16,335,169.146216734524
17,335,153.584086100608
18,335,143.842690361035
1,336,190.753249300673
2,336,151.033782832148
3,336,161.939539992219
4,336,160.378522774747
5,336,190.576555221168
6,336,159.294302695945
7,336,166.844593362723
8,336,141.339511086657
9,336,150.831886267601
10,336,186.568063531859
11,336,175.326318141606
12,336,177.5755106172
13,336,148.055336980385
14,336,126.841658696975
15,336,194.552675121779
16,336,156.283546690706
17,336,162.413045635897
18,336,135.618790857816
1,337,114.106879788709
2,337,139.382221497283
3,337,147.727197940256
4,337,163.737865270711
5,337,120.606116440999
6,337,142.555056605641
7,337,112.15165649934
8,337,139.949672979531
9,337,160.520727914933
10,337,148.535527286491
11,337,173.563604823272
12,337,194.816994601817
13,337,140.353853674994
14,337,199.013627438757
15,337,126.767518234824
16,337,173.226974871103
17,337,144.417022369041
18,337,144.63777029631
1,338,122.170783646134
2,338,140.763230765304
3,338,174.814638802804
4,338,149.554059850421
5,338,171.897292371725
6,338,138.607707980092
7,338,121.305730005378
8,338,172.553245793134
9,338,143.854035037704
10,338,148.563901417619
11,338,182.446853754654
12,338,108.42006249334
13,338,155.27149946735
14,338,130.04598790612
15,338,159.411001813952
16,338,198.774593701641
17,338,168.341992828612
18,338,185.566053320083
1,339,173.086025163273
2,339,159.494625936567
3,339,185.775912100891
4,339,158.934622172277
5,339,176.387036745444
6,339,159.578685125731
7,339,125.714512169269
8,339,161.84271775947
9,339,150.496563382647
10,339,161.325993924494
11,339,165.783588580184
12,339,142.339034743458
13,339,156.674069032045
14,339,128.080806120295
15,339,112.141679910291
16,339,127.344547069616
17,339,140.437895498306
18,339,132.938259373294
1,340,181.743798192973
2,340,154.169699210394
3,340,162.656491941264
4,340,163.910460638158
5,340,123.729460958196
6,340,175.664896551887
7,340,163.89778321586
8,340,175.811903505698
9,340,155.49555488189
10,340,166.532997260599
11,340,174.108288351095
12,340,170.421751168856
13,340,200.403157839861
14,340,144.945459029842
15,340,122.85494694995
16,340,154.759974656541
17,340,146.890923953344
18,340,155.023818906074
1,341,155.971343534428
2,341,167.597505595211
3,341,112.68100632258
4,341,141.178812995083
5,341,158.484389872889
6,341,186.063976606201
7,341,144.643391706837
8,341,146.384811444472
9,341,201.826716816401
10,341,157.116978476632
11,341,105.789979662391
12,341,122.090876783393
13,341,191.202816858173
14,341,157.625433869262
15,341,181.602633714287
16,341,180.587866567211
17,341,175.541043171297
18,341,164.909555734324
1,342,162.417879637111
2,342,160.622213481
3,342,141.640912603559
4,342,165.63805743387
5,342,183.688742905258
6,342,175.208866465035
7,342,137.222909233592
8,342,151.41643898826
9,342,174.627881964275
10,342,126.201487604226
11,342,168.014530353757
12,342,171.790445208421
13,342,183.066420678552
14,342,139.19956899681
15,342,144.557119067513
16,342,180.896957676918
17,342,144.954520728145
18,342,182.028628557748
1,343,165.778697997007
2,343,142.536155629035
3,343,165.858249298407
4,343,121.263903797371
5,343,189.086575658603
6,343,185.726856187402
7,343,169.877719650154
8,343,194.546147901586
9,343,162.376045454852
10,343,176.625127743077
11,343,177.959567477334
12,343,143.761424563043
13,343,145.908666712847
14,343,140.57383226974
15,343,183.421366460542
16,343,172.340352147422
17,343,133.8537736255
18,343,182.494087135653
1,344,166.576323728079
2,344,162.261498974002
3,344,119.248155318793
4,344,144.869731767744
5,344,164.559957606355
6,344,195.01787559049
7,344,121.831183695728
8,344,156.727462001433
9,344,153.736662961799
10,344,159.720744506654
11,344,118.361812404524
12,344,183.441460272193
13,344,143.456814940139
14,344,156.918984119835
15,344,139.980167453966
16,344,191.789755382811
17,344,171.449420795354
18,344,153.16186458328
1,345,144.925546796779
2,345,170.986107657415
3,345,140.172060242193
4,345,145.92901378441
5,345,186.086487514124
6,345,159.156584678816
7,345,194.301055939343
8,345,176.057656527433
9,345,183.432125542416
10,345,163.321620978699
11,345,123.350042545054
12,345,160.204453334096
13,345,187.192983585982
14,345,116.504722721421
15,345,129.004525516042
16,345,166.524477306592
17,345,157.543523863048
18,345,202.806161424571
1,346,175.526720069565
2,346,175.929870010361
3,346,154.165070174102
4,346,206.017769909371
5,346,155.694250425427
6,346,196.973783320687
7,346,161.961063364428
8,346,174.344802810398
9,346,168.580494939746
10,346,180.436904607436
11,346,168.209832857775
12,346,108.544532740834
13,346,118.902853128966
14,346,190.384213552072
15,346,155.089235652884
16,346,166.713852606296
17,346,165.443408585819
18,346,194.435269541885
1,347,172.266064356789
2,347,139.353876205223
3,347,151.621144075569
4,347,168.438174206619
5,347,141.848499529292
6,347,163.429707840284
7,347,125.928306822388
8,347,192.186738981954
9,347,141.182565034106
10,347,145.317677527662
11,347,156.380243146215
12,347,157.10752193227
13,347,143.569548539531
14,347,138.568028315179
15,347,172.356078396167
16,347,154.622687425032
17,347,167.229160910168
18,347,166.387699482372
1,348,121.050235747333
2,348,157.965886576454
3,348,166.115379401385
4,348,148.384423463566
5,348,171.152874821
6,348,187.254564255343
7,348,153.006009643043
8,348,152.741634838175
9,348,158.592603743763
10,348,120.905896782237
11,348,148.739101670565
12,348,137.548881095502
13,348,152.215600441747
14,348,155.509724396292
15,348,134.230479461757
16,348,123.951792882425
17,348,168.520931861925
18,348,154.37599758807
1,349,129.089214202868
2,349,157.046556803214
3,349,144.712470343305
4,349,126.861614810911
5,349,136.528413950363
6,349,160.551561772131
7,349,137.593517655486
8,349,160.063013773169
9,349,150.342973987828
10,349,180.116744326525
11,349,147.394852284712
12,349,160.397861470959
13,349,141.917042830353
14,349,148.213495816586
15,349,153.199758017981
16,349,167.641575694744
17,349,121.504600546268
18,349,171.113770412759
1,350,161.652615891073
2,350,149.181856219628
3,350,173.199876772499
4,350,143.872657298881
5,350,127.776483276739
6,350,151.487325813778
7,350,124.961248081482
8,350,140.602818455066
9,350,201.789191396946
10,350,130.045304009673
11,350,164.408925249432
12,350,170.260646900736
13,350,160.387635087209
14,350,153.245517882755
15,350,154.537904668956
16,350,160.829325824028
17,350,170.04160667343
18,350,200.772581429025
1,351,160.033029601582
2,351,158.765822856701
3,351,145.84988797516
4,351,134.531693564033
5,351,148.733088922708
6,351,145.904702668768
7,351,150.94533444303
8,351,157.803822017802
9,351,151.563741412355
10,351,154.871154886027
11,351,140.600759883101
12,351,121.364753531796
13,351,183.020975704686
14,351,162.572711931781
15,351,161.27962298108
16,351,165.676434719108
17,351,140.058715752762
18,351,160.297485010343
1,352,172.277620242249
2,352,115.907963166322
3,352,166.844626733309
4,352,173.476680913312
5,352,155.99948340552
6,352,177.72913371922
7,352,167.975160451203
8,352,165.19369720186
9,352,136.708834583701
10,352,173.647033643439
11,352,154.52985293998
12,352,128.744777751922
13,352,134.422650163227
14,352,176.847067511307
15,352,130.030132928698
16,352,157.253608143088
17,352,151.271785051927
18,352,158.819938958914
1,353,162.86905549319
2,353,194.54873728849
3,353,136.544125602772
4,353,152.335558107837
5,353,155.103422163443
6,353,182.174609389851
7,353,117.136155789058
8,353,114.426200673501
9,353,148.372163460384
10,353,149.397405001653
11,353,185.045879046011
12,353,162.757768113763
13,353,130.783012638069
14,353,122.364531503294
15,353,129.819638892541
16,353,180.942339711402
17,353,154.019839854213
18,353,197.1831855913
1,354,170.993350612291
2,354,144.050593492159
3,354,186.381623648572
4,354,167.547409411392
5,354,205.365192156513
6,354,129.6443424984
7,354,177.024506243425
8,354,199.582147943377
9,354,174.099203242407
10,354,176.072858756678
11,354,199.452874050375
12,354,148.334177406019
13,354,152.028998185223
14,354,136.313976003474
15,354,154.178129666679
16,354,154.630421825778
17,354,164.708594014202
18,354,153.944974209876
1,355,124.814613698792
2,355,167.952478892359
3,355,117.054638002403
4,355,133.966553586991
5,355,196.435918258414
6,355,159.679624790209
7,355,145.107537085947
8,355,106.593983972924
9,355,148.089761430623
10,355,185.613580566713
11,355,134.573973989457
12,355,152.131986326494
13,355,162.359753221632
14,355,158.884101075803
15,355,172.27516135323
16,355,178.987871176093
17,355,153.80674951379
18,355,140.493830117321
1,356,159.527957700991
2,356,146.522389822974
3,356,180.368694666984
4,356,143.725073217888
5,356,158.951453606425
6,356,127.386458360162
7,356,145.456091191683
8,356,181.730934414413
9,356,157.806888579195
10,356,156.490397364527
11,356,138.310495920966
12,356,143.332889283288
13,356,161.454748073883
14,356,172.45176604289
15,356,136.919234714541
16,356,136.992417302339
17,356,189.464241226502
18,356,131.777384900329
1,357,108.868446629003
2,357,144.339157891812
3,357,167.984395768261
4,357,159.644509823111
5,357,147.324318153088
6,357,137.630077967315
7,357,198.934966251046
8,357,173.739744552784
9,357,153.663969380535
10,357,128.422505505659
11,357,169.7972142558
12,357,164.85466045222
13,357,167.662118607722
14,357,174.453797726748
15,357,164.586594503248
16,357,126.44775297092
17,357,170.618212298684
18,357,113.870562107631
1,358,199.066972501562
2,358,194.160601496781
3,358,179.843772281644
4,358,142.512018512414
5,358,163.477357754851
6,358,149.491987709136
7,358,196.189963306756
8,358,182.392961455525
9,358,172.094751868633
10,358,177.228503984346
11,358,173.619761843019
12,358,148.225483005548
13,358,186.561243495257
14,358,121.349781318186
15,358,162.721605680472
16,358,147.730524604185
17,358,175.323876400823
18,358,166.006399727134
1,359,152.682383798106
2,359,183.587703340211
3,359,161.949353744678
4,359,182.521954105751
5,359,160.086570671602
6,359,167.584875755958
7,359,143.453923666866
8,359,145.56820023677
9,359,199.536685232886
10,359,203.698263254201
11,359,145.518521940206
12,359,164.986593057414
13,359,150.662984778374
14,359,202.199179143723
15,359,188.132000970336
16,359,160.239910661672
17,359,158.72687142971
18,359,152.505300338228
1,360,184.993395133873
2,360,189.989394332047
3,360,144.280954499519
4,360,181.978719085439
5,360,158.904267030479
6,360,166.233930116428
7,360,153.260978512859
8,360,124.809028724681
9,360,135.158000433712
10,360,118.003433600907
11,360,151.969830036105
12,360,171.646488599443
13,360,143.057241627205
14,360,153.532647395903
15,360,178.290555857721
16,360,177.534945161265
17,360,152.275033962287
18,360,173.916236343607
1,361,157.291042013884
2,361,140.544206468272
3,361,138.674784657268
4,361,120.829710913879
5,361,163.882068078131
6,361,196.995826102735
7,361,120.989772977511
8,361,171.953585675223
9,361,105.621201861233
10,361,202.619560498767
11,361,197.492857086716
12,361,170.736257531499
13,361,176.041886129418
14,361,156.138854500721
15,361,173.265351788645
16,361,169.332074693967
17,361,111.454057208177
18,361,161.224155217043
1,362,174.227986292135
2,362,113.872729089643
3,362,170.656601606078
4,362,182.377229693295
5,362,157.410665224194
6,362,143.365415759671
7,362,177.566208509107
8,362,154.774690459919
9,362,184.002927988023
10,362,166.369217409821
11,362,156.365132406764
12,362,160.321603207085
13,362,198.385922343753
14,362,169.700683364291
15,362,181.176018895791
16,362,152.870008561331
17,362,186.144650503813
18,362,115.252080094553
1,363,151.67687068651
2,363,169.750234348783
3,363,156.152843117313
4,363,139.527263891522
5,363,136.306365507999
6,363,169.510639249057
7,363,168.120542474914
8,363,154.521913247976
9,363,164.943131865376
10,363,153.243459365774
11,363,161.224369600233
12,363,181.953251912913
13,363,142.408490081245
14,363,169.590004226736
15,363,153.724840399872
16,363,161.438071100902
17,363,198.908640496972
18,363,164.459843733976
1,364,136.143459894545
2,364,185.515778340164
3,364,149.399293533349
4,364,181.881978945912
5,364,125.164949531942
6,364,122.495795503709
7,364,128.727874789601
8,364,182.593841354019
9,364,152.37928942722
10,364,184.865899442919
11,364,149.772063300482
12,364,151.46002086889
13,364,144.037129389523
14,364,157.760190471882
15,364,140.03901390654
16,364,178.5616664453
17,364,154.583389594064
18,364,173.410197550975
1,365,184.284615831405
2,365,185.5077487631
3,365,150.612388174386
4,365,163.276967100208
5,365,127.774141996689
6,365,131.891851956713
7,365,132.73248662448
8,365,136.803797494292
9,365,114.468374970973
10,365,143.737303173484
11,365,119.182873310157
12,365,121.03495936149
13,365,140.709423389692
14,365,135.480739875062
15,365,134.978805086464
16,365,163.860306200478
17,365,130.838875850562
18,365,171.186472997782
1,366,198.961994932148
2,366,170.627364093835
3,366,195.596083823518
4,366,187.201396360506
5,366,204.737077738678
6,366,141.633231751141
7,366,176.475601199431
8,366,170.63602721286
9,366,155.434734150908
10,366,169.932841283971
11,366,133.352566578307
12,366,114.37114410459
13,366,131.97610497762
14,366,170.248092933412
15,366,147.099329051786
16,366,149.835916648594
17,366,187.269711423987
18,366,157.891757193568
1,367,173.986114351692
2,367,166.792764804911
3,367,179.003469980765
4,367,161.00855845391
5,367,154.812949572584
6,367,158.813193309992
7,367,122.10995096949
8,367,165.333911018593
9,367,166.316032213892
10,367,134.170139336687
11,367,154.147460716117
12,367,145.096881594641
13,367,151.95380813594
14,367,176.897843764621
15,367,201.279329729541
16,367,159.669050596836
17,367,178.563316499485
18,367,196.152990033801
1,368,153.81174772831
2,368,185.708317746476
3,368,115.972951168141
4,368,169.876990525578
5,368,152.382346057627
6,368,145.118301676054
7,368,181.220073571974
8,368,163.365633278497
9,368,167.347803593518
10,368,150.758571565006
11,368,165.120279450533
12,368,189.500996613998
13,368,182.401352263728
14,368,203.854588232946
15,368,155.248686447873
16,368,184.679530765343
17,368,150.912431062556
18,368,123.227205515628
1,369,153.186704261127
2,369,159.146731927715
3,369,175.527957963605
4,369,141.035502724
5,369,152.808766509046
6,369,154.264332836687
7,369,176.110475846094
8,369,160.771787957276
9,369,129.01257652061
10,369,158.206541963517
11,369,128.045080007603
12,369,186.744340546142
13,369,162.003926586449
14,369,190.516534375321
15,369,176.112326053077
16,369,167.162308381106
17,369,149.359899341962
18,369,176.040501805863
1,370,145.045596257085
2,370,141.731028535647
3,370,106.237172419414
4,370,152.252240864833
5,370,167.381271308199
6,370,178.918369703214
7,370,136.79650802451
8,370,200.227954012832
9,370,168.013090120334
10,370,179.954376239302
11,370,190.087224700069
12,370,164.612254438159
13,370,147.123620905795
14,370,176.301956841432
15,370,174.672393036537
16,370,184.123522090915
17,370,155.642848009525
18,370,181.491185432669
1,371,167.2537612273
2,371,152.001733422566
3,371,130.680657244428
4,371,161.452099645101
5,371,168.35508927282
6,371,121.970170508679
7,371,187.751761563159
8,371,137.426677361271
9,371,196.286248337345
10,371,126.841822836728
11,371,129.947664918518
12,371,156.347220069968
13,371,170.970999393038
14,371,151.81510761149
15,371,146.815553608138
16,371,171.011092722597
17,371,170.722458152462
18,371,173.491610852722
1,372,155.021514069524
2,372,138.806061950845
3,372,153.3321232437
4,372,145.076843778256
5,372,174.340742356527
6,372,162.224706665327
7,372,175.79214171383
8,372,159.877495614903
9,372,165.273033863487
10,372,168.276651932771
11,372,169.395559094388
12,372,130.809612159877
13,372,167.473679519426
14,372,142.547224370362
15,372,165.257615131845
16,372,171.423575900475
17,372,161.223206788278
18,372,173.974757962634
1,373,179.581346517699
2,373,155.599642090849
3,373,174.970901211479
4,373,191.130552032035
5,373,176.86805806511
6,373,194.810908983826
7,373,183.716924772498
8,373,141.018147015672
9,373,171.326034395997
10,373,178.125959955868
11,373,155.632038933582
12,373,181.598449580673
13,373,132.2447128571
14,373,160.331221338612
15,373,147.324184541386
16,373,162.035403784964
17,373,137.617610218076
18,373,197.008518137674
1,374,152.088832923068
2,374,178.928889319431
3,374,146.375618082515
4,374,160.629133888383
5,374,154.581965315706
6,374,171.806652249891
7,374,133.820834470258
8,374,151.261521651876
9,374,143.899166854073
10,374,178.994562781315
11,374,166.963809390674
12,374,175.373424711576
13,374,163.847651776396
14,374,206.149232418622
15,374,149.450219396712
16,374,151.996914966067
17,374,181.706426779223
18,374,151.865602687392
1,375,120.443148141717
2,375,116.419693126722
3,375,169.818033162732
4,375,182.158649396084
5,375,192.640030046849
6,375,159.160854949847
7,375,149.354986863069
8,375,132.284396559648
9,375,167.677567651751
10,375,139.123447626639
11,375,145.534080912375
12,375,157.071416825799
13,375,158.695059587792
14,375,147.333551239597
15,375,177.354722826079
16,375,143.424711753703
17,375,136.519065137801
18,375,126.566098393179
1,376,145.622570530515
2,376,139.946296715014
3,376,170.937858400293
4,376,160.50100488865
5,376,168.307638716697
6,376,134.846638474501
7,376,177.158501773869
8,376,138.344096782079
9,376,186.71614973806
10,376,126.614386336253
11,376,176.325894914854
12,376,126.600880477747
13,376,132.527157789437
14,376,138.377993254035
15,376,162.565801659501
16,376,168.095554652275
17,376,149.575732317376
18,376,160.703734099213
1,377,159.063046398518
2,377,147.570821604057
3,377,179.620026941328
4,377,185.90077394414
5,377,165.208973698377
6,377,145.238621495684
7,377,162.595701354936
8,377,168.221261707875
9,377,156.413596064666
10,377,166.446782244945
11,377,167.888639808135
12,377,183.929722774445
13,377,130.150086555058
14,377,182.7251676962
15,377,149.009265401658
16,377,180.030949459931
17,377,193.433950479579
18,377,139.491953054758
1,378,172.842690957045
2,378,162.213979810585
3,378,135.337919885528
4,378,144.198503085936
5,378,129.004091928191
6,378,123.853827696693
7,378,135.398544608017
8,378,166.125261998603
9,378,172.025688805771
10,378,166.908441492642
11,378,168.699679162602
12,378,126.819803536647
13,378,145.271293630431
14,378,194.005771956267
15,378,150.339747507051
16,378,134.26093498053
17,378,180.95536087175
18,378,181.76085294871
1,379,151.876556491971
2,379,169.591746554396
3,379,157.857873772974
4,379,133.646730146904
5,379,166.895885578665
6,379,179.989341359213
7,379,154.928495837065
8,379,156.017913688847
9,379,141.024397923813
10,379,124.858283661943
11,379,149.226523264822
12,379,140.513393550904
13,379,132.44670478859
14,379,162.969512749268
15,379,169.514337846231
16,379,148.365221280719
17,379,188.280119054693
18,379,142.110813375241
1,380,164.512358104871
2,380,168.770064899368
3,380,177.29024846866
4,380,155.802978978396
5,380,143.162746568111
6,380,162.581483391088
7,380,155.93456856426
8,380,162.713427971238
9,380,156.034364267247
10,380,193.161933015609
11,380,124.59410415603
12,380,148.367622999047
13,380,161.172278144341
14,380,169.114236914286
15,380,169.738465493935
16,380,108.320907708091
17,380,174.370388047813
18,380,143.869116178714
1,381,187.961120663361
2,381,158.208586159566
3,381,123.727645264769
4,381,150.171304617644
5,381,172.877418372965
6,381,158.525114094426
7,381,175.133376900782
8,381,144.259707578691
9,381,154.258815801064
10,381,173.314286183107
11,381,172.532284353068
12,381,139.161187317105
13,381,124.931160234379
14,381,160.636731814945
15,381,163.864690083979
16,381,125.855084505198
17,381,104.797481838789
18,381,135.726816610641
1,382,165.998881183807
2,382,172.033928764689
3,382,193.181343909233
4,382,157.861975847775
5,382,192.156910732664
6,382,152.815094724857
7,382,107.441295130234
8,382,113.484988134047
9,382,171.00142564016
10,382,195.588033369308
11,382,150.814501738271
12,382,151.856866886997
13,382,158.626640455726
14,382,190.771622988577
15,382,111.694191679379
16,382,128.945480706623
17,382,167.620685049377
18,382,140.6145578563
1,383,146.339270198361
2,383,183.287442279669
3,383,167.371645092632
4,383,149.889679239935
5,383,154.714083736987
6,383,158.47270760299
7,383,133.78355948595
8,383,161.61143349386
9,383,166.466530282207
10,383,154.173184036073
11,383,172.364400642413
12,383,190.399232026177
13,383,160.412581502132
14,383,155.447921157665
15,383,171.729236037122
16,383,143.8766180404
17,383,147.934288849669
18,383,131.119061655493
1,384,187.354473316004
2,384,196.883112079153
3,384,150.608105801328
4,384,160.198912604995
5,384,144.988633722974
6,384,134.902463754707
7,384,182.326244232507
8,384,154.627116470785
9,384,183.883484170637
10,384,165.939354127471
11,384,174.307990276278
12,384,115.735598727796
13,384,163.99683554373
14,384,119.40576273967
15,384,193.068264660911
16,384,156.237523793393
17,384,134.142848258186
18,384,162.804316881647
1,385,184.362921641209
2,385,122.585826738006
3,385,195.024153914396
4,385,183.286441029749
5,385,160.419008312912
6,385,181.109242490921
7,385,172.152084728782
8,385,206.474060270989
9,385,172.69682656255
10,385,159.221036358844
11,385,185.517142293256
12,385,137.525703566339
13,385,137.896750553675
14,385,122.804511907076
15,385,179.141065841405
16,385,170.803692961119
17,385,119.210763142999
18,385,189.614209610713
1,386,200.052242046468
2,386,179.240937277969
3,386,145.200889369916
4,386,156.337008646889
5,386,151.650203072986
6,386,122.15558319693
7,386,164.831127965915
8,386,148.389017907445
9,386,128.511314781125
10,386,104.778747715586
11,386,152.967483313645
12,386,148.590830966929
13,386,160.571052783281
14,386,152.128035606693
15,386,151.058107235314
16,386,113.35340365211
17,386,199.43250091539
18,386,161.942180816955
1,387,117.862222456809
2,387,159.984325916492
3,387,156.760996636158
4,387,159.771765732376
5,387,185.214536920954
6,387,120.160059336018
7,387,138.46540201972
8,387,120.759838960528
9,387,155.966868229115
10,387,130.637447828086
11,387,198.358505303018
12,387,130.559509486486
13,387,116.540348584777
14,387,158.843572148423
15,387,139.28627083204
16,387,155.044542018852
17,387,129.693584427581
18,387,145.044156873643
1,388,173.147068129351
2,388,144.909828298086
3,388,137.713396930615
4,388,126.721076313414
5,388,169.480322390226
6,388,142.913007269201
7,388,143.298817988702
8,388,133.412467108376
9,388,155.64333087578
10,388,168.564904485285
11,388,178.263072478005
12,388,190.54610371245
13,388,162.209395182107
14,388,168.367223856978
15,388,115.403439920509
16,388,187.866105694641
17,388,146.105570978425
18,388,147.58131798235
1,389,175.054603422401
2,389,126.468266480308
3,389,197.210713821932
4,389,180.803831820367
5,389,131.643030655245
6,389,130.331722378106
7,389,153.806510640152
8,389,129.165497561411
9,389,157.318861052852
10,389,176.269124424286
11,389,141.086950049211
12,389,152.37324025638
13,389,125.606358943832
14,389,136.966911470896
15,389,196.904250566064
16,389,169.666964785248
17,389,191.024382681469
18,389,164.207557430336
1,390,125.094171736062
2,390,181.759980061086
3,390,116.277122655067
4,390,179.129832742321
5,390,152.611251978608
6,390,132.826068962547
7,390,168.638263706955
8,390,165.77193440272
9,390,156.208256469764
10,390,178.468529353568
11,390,184.185157615432
12,390,201.476705967017
13,390,153.368974541524
14,390,150.066558741152
15,390,130.453562096
16,390,202.951969016306
17,390,191.768005497356
18,390,192.238878098907
1,391,153.674630180144
2,391,175.788639155661
3,391,152.448233270822
4,391,116.923521009735
5,391,152.961008305021
6,391,195.398355390431
7,391,160.449877930301
8,391,169.08803153907
9,391,110.531874523731
10,391,159.51274118149
11,391,174.367908364873
12,391,156.384384178351
13,391,175.227497555701
14,391,162.645275048082
15,391,173.14079405692
16,391,172.790116345177
17,391,149.272325508432
18,391,170.597406151032
1,392,161.39881085339
2,392,185.023795345956
3,392,124.50515765962
4,392,151.696551153987
5,392,167.057143419542
6,392,115.197266885734
7,392,138.946651815231
8,392,166.660675385147
9,392,187.985316929814
10,392,158.962375960905
11,392,136.226096800113
12,392,174.504055895818
13,392,113.701991165406
14,392,165.844753873915
15,392,162.967994190707
16,392,133.658883548294
17,392,120.640016356809
18,392,118.856278256634
1,393,136.175974447618
2,393,142.152915635333
3,393,177.095021562651
4,393,135.876871426778
5,393,197.383446177581
6,393,158.696050837204
7,393,152.972810261673
8,393,159.752928341864
9,393,180.811897847566
10,393,121.437748517419
11,393,125.718855358016
12,393,191.339162498105
13,393,195.276632745891
14,393,152.990651279893
15,393,159.080532297766
16,393,153.231025995902
17,393,139.886114264402
18,393,174.071637639376
1,394,167.900404299308
2,394,160.34546292841
3,394,139.143589983435
4,394,173.20671477868
5,394,160.324017941477
6,394,135.233168723698
7,394,161.452233547988
8,394,151.770362413072
9,394,185.013996623786
10,394,184.097798104786
11,394,145.322130644802
12,394,146.410045765286
13,394,150.172777525962
14,394,157.061781458929
15,394,161.931290756791
16,394,157.975749484273
17,394,179.178028696248
18,394,136.668900316007
1,395,197.708970485719
2,395,166.852248293003
3,395,192.851985385372
4,395,160.343470317192
5,395,180.562819029273
6,395,197.723963683575
7,395,115.978680871542
8,395,136.076330707415
9,395,180.279464478324
10,395,166.08963479131
11,395,175.955174053303
12,395,175.379646676698
13,395,141.972215162166
14,395,141.686937993928
15,395,145.364531645676
16,395,124.625159819535
17,395,125.894766510855
18,395,162.881980315726
1,396,158.910975232538
2,396,144.555545668117
3,396,161.210134796909
4,396,159.985636661125
5,396,118.429142221932
6,396,154.922781389644
7,396,121.572990973635
8,396,152.356473908047
9,396,163.007010210736
10,396,131.774319284995
11,396,133.748510013707
12,396,146.447141257088
13,396,152.071306041599
14,396,138.280475939383
15,396,181.595966641821
16,396,147.160388577727
17,396,148.899040832887
18,396,169.68807005596
1,397,161.997090816866
2,397,130.327962502177
3,397,172.834698561476
4,397,153.477253219748
5,397,131.410970301152
6,397,178.984333251992
7,397,186.513922857166
8,397,191.451614347312
9,397,179.612367461035
10,397,156.762043550057
11,397,187.119717162954
12,397,147.811580959747
13,397,148.8917150778
14,397,170.783207679219
15,397,123.897995509028
16,397,160.313960851043
17,397,170.460634567703
18,397,172.073247427587
1,398,172.89742778331
2,398,194.452174693269
3,398,204.556872760074
4,398,151.908703073611
5,398,195.104369213494
6,398,163.825126125312
7,398,147.912161012138
8,398,127.186350192923
9,398,134.236878985843
10,398,131.920238201476
11,398,172.953238852166
12,398,144.435094515853
13,398,199.013464680279
14,398,151.421833966539
15,398,130.045770483601
16,398,131.836261767574
17,398,139.870379374585
18,398,186.005163215902
1,399,195.543183366361
2,399,136.664919893069
3,399,196.880954879107
4,399,142.311298818234
5,399,163.437206451871
6,399,129.760983794721
7,399,120.833494908659
8,399,156.118400516871
9,399,145.935126161166
10,399,153.143825500245
11,399,184.97877175776
12,399,171.971490854563
13,399,200.942944371381
14,399,105.929752475235
15,399,158.83513576412
16,399,150.655304300597
17,399,143.665612876559
18,399,145.388608848215
1,400,165.849475729942
2,400,182.700343900876
3,400,162.376864276461
4,400,135.940041789429
5,400,136.635328107716
6,400,134.896358774517
7,400,172.292053756447
8,400,195.647146124011
9,400,189.39851694418
10,400,154.77227423081
11,400,159.492274463213
12,400,176.576294991641
13,400,173.061400691271
14,400,156.893201132273
15,400,164.682751592453
16,400,195.172081664597
17,400,169.339536933362
18,400,153.989764912255
1,401,154.171482433813
2,401,128.233592486516
3,401,185.605034831761
4,401,201.779143591712
5,401,164.241605675279
6,401,187.818736178054
7,401,146.94748190714
8,401,169.224488312782
9,401,173.168324410923
10,401,153.676523066054
11,401,180.498070712157
12,401,164.936836009864
13,401,157.484584653643
14,401,134.020326868415
15,401,107.304930819375
16,401,190.570776451246
17,401,193.760157704762
18,401,159.344755769419
1,402,140.627887306569
2,402,183.363948111449
3,402,150.828926297422
4,402,158.624421590502
5,402,193.468349077355
6,402,162.376643073555
7,402,116.056948518276
8,402,188.269062033785
9,402,131.83905313332
10,402,146.20367188693
11,402,140.657850098385
12,402,134.038865755636
13,402,127.117369755155
14,402,162.906671788278
15,402,183.639332384547
16,402,117.054257671869
17,402,186.951048471285
18,402,181.912471064184
1,403,170.227760935409
2,403,168.11899888564
3,403,148.557779133679
4,403,133.642922266716
5,403,148.955414435073
6,403,161.453426963758
7,403,145.284295026828
8,403,155.059493027409
9,403,146.390609344149
10,403,154.770979059147
11,403,169.819547016804
12,403,111.343510458446
13,403,179.441125351219
14,403,129.34557457992
15,403,148.122802664662
16,403,167.912136426555
17,403,166.152042526848
18,403,180.431131706773
1,404,109.831881359084
2,404,186.680611064854
3,404,160.886780559023
4,404,148.333186397372
5,404,137.405365259437
6,404,166.282488321937
7,404,183.538948054899
8,404,168.081629444422
9,404,185.358018510765
10,404,125.382477726256
11,404,111.93000351327
12,404,138.824990014739
13,404,179.729350529692
14,404,147.879135045451
15,404,145.344155107109
16,404,133.002445715664
17,404,155.370240806251
18,404,185.015971328797
1,405,179.202978104435
2,405,161.610312648545
3,405,174.501038489096
4,405,177.94042063528
5,405,138.89703722322
6,405,144.477530402674
7,405,166.175842168123
8,405,140.955033301255
9,405,147.856525885053
10,405,135.133445528967
11,405,186.698252403403
12,405,176.261987421003
13,405,121.763242478623
14,405,166.232766319487
15,405,177.447796189587
16,405,157.432266963871
17,405,189.410830584963
18,405,155.769109879087
1,406,107.826185411005
2,406,175.72030758125
3,406,173.561015329787
4,406,155.687521991072
5,406,150.482719888591
6,406,146.386194646211
7,406,161.634991972765
8,406,144.127197557756
9,406,152.790896322075
10,406,147.323073061805
11,406,174.567474708389
12,406,120.637639430781
13,406,179.860766852265
14,406,188.716062223852
15,406,172.320355967517
16,406,132.913067616561
17,406,156.739710647923
18,406,144.524340398559
1,407,148.944067342117
2,407,135.86994628145
3,407,155.934450475556
4,407,173.893996227244
5,407,153.838928137869
6,407,166.764272430809
7,407,163.663307379497
8,407,169.522686382975
9,407,138.756616505409
10,407,180.653065440904
11,407,172.1261598637
12,407,139.387699891902
13,407,134.443534204653
14,407,161.545873483926
15,407,123.490984051963
16,407,150.176829930861
17,407,164.806943319106
18,407,135.141375070346
1,408,168.298219596455
2,408,157.604860738295
3,408,181.978371936811
4,408,145.801697593972
5,408,175.337121486172
6,408,192.285400766825
7,408,163.981273476933
8,408,198.760214001141
9,408,174.556189965752
10,408,199.441048660607
11,408,134.87874760106
12,408,177.030196665909
13,408,131.035963696199
14,408,143.189252935775
15,408,129.302044365021
16,408,173.940623735792
17,408,160.199776477199
18,408,176.859464366046
1,409,173.872615257336
2,409,184.158225466837
3,409,179.377640190226
4,409,178.258913559946
5,409,191.121359122919
6,409,160.475773392734
7,409,166.377991287391
8,409,136.982686627958
9,409,156.222368339
10,409,183.488523932617
11,409,142.903815729476
12,409,180.15549438511
13,409,164.726000724826
14,409,135.442182282489
15,409,157.720032987546
16,409,177.357665315993
17,409,151.427914627143
18,409,143.073151909395
1,410,142.501971539935
2,410,147.858309815533
3,410,134.259096867564
4,410,151.646927372501
5,410,134.818760208795
6,410,194.893599438592
7,410,190.851989585608
8,410,156.826624240323
9,410,164.650768754486
10,410,155.137395511411
11,410,148.793881489889
12,410,168.849354433786
13,410,121.614297366957
14,410,125.713311620267
15,410,163.400835416093
16,410,128.971968151572
17,410,147.088489140785
18,410,119.412419131402
1,411,157.218356517529
2,411,164.941851811148
3,411,154.328605140066
4,411,172.739446030528
5,411,176.465677223574
6,411,160.324499411621
7,411,157.620633272731
8,411,175.276212402343
9,411,155.032640229436
10,411,171.423818265633
11,411,203.161844825553
12,411,164.038455753587
13,411,183.29921836469
14,411,185.722642328231
15,411,162.060293442052
16,411,163.94559510169
17,411,141.121754484152
18,411,161.36951542186
1,412,185.220350735831
2,412,155.579245611556
3,412,136.057055882834
4,412,137.949017605961
5,412,158.096992346171
6,412,148.522709718331
7,412,178.182112752952
8,412,123.704885463972
9,412,149.267621503558
10,412,152.935996213672
11,412,150.376713705672
12,412,169.975838781051
13,412,168.860553217356
14,412,137.200493808387
15,412,162.261937840595
16,412,154.419068392439
17,412,153.302252255968
18,412,163.469106959503
1,413,154.274630581809
2,413,120.794823670387
3,413,164.656902018188
4,413,145.386422055502
5,413,169.456017211179
6,413,150.818875360963
7,413,187.541322475826
8,413,182.598506624194
9,413,149.067743529261
10,413,192.673778788722
11,413,187.980758564073
12,413,115.557902406185
13,413,123.879620147268
14,413,171.104580280686
15,413,143.317200140562
16,413,136.739757212094
17,413,126.244701105541
18,413,175.024469605896
1,414,165.941118676642
2,414,150.703350076374
3,414,168.423298923679
4,414,172.684793245335
5,414,125.961868402191
6,414,129.36714115207
7,414,160.269455436391
8,414,193.005965688829
9,414,136.522745848415
10,414,162.835771970523
11,414,170.068637515102
12,414,104.727797113716
13,414,122.085001661815
14,414,166.573481948968
15,414,178.452573194899
16,414,203.818438889094
17,414,158.181287278673
18,414,194.228411334707
1,415,133.529287181832
2,415,195.213101327569
3,415,157.287750863756
4,415,134.849556893547
5,415,152.899330121538
6,415,179.15692428382
7,415,150.445594962406
8,415,200.202342588287
9,415,123.226824101001
10,415,169.136839702041
11,415,144.84667888874
12,415,145.326330537057
13,415,155.145010963526
14,415,176.54788633731
15,415,123.511867798254
16,415,182.123907202337
17,415,165.784974516387
18,415,141.276690159376
1,416,189.069779669744
2,416,176.286103412773
3,416,176.601525288261
4,416,141.545371202806
5,416,139.414232530043
6,416,186.71072856591
7,416,143.016415912901
8,416,170.097445640864
9,416,147.891620805569
10,416,169.899200120317
11,416,172.610298522018
12,416,163.782807909621
13,416,158.293813166017
14,416,122.664457169355
15,416,135.750389723748
16,416,181.149330423436
17,416,122.933130107729
18,416,196.181167565249
1,417,171.552066433292
2,417,154.128801211831
3,417,133.335613600308
4,417,160.908258423256
5,417,170.1403290633
6,417,158.054777613153
7,417,160.826077384652
8,417,154.166921623652
9,417,175.239699489817
10,417,143.744384998322
11,417,183.446745945759
12,417,186.510553741282
13,417,124.747492730482
14,417,170.84732657875
15,417,181.911185711535
16,417,168.752972011051
17,417,174.470374264819
18,417,176.291196690608
1,418,151.86709887873
2,418,150.221834751232
3,418,158.746806345063
4,418,121.646758227324
5,418,169.945515881493
6,418,195.211973804036
7,418,173.850605236821
8,418,134.934229099032
9,418,119.120290084446
10,418,159.680253880418
11,418,190.67017869699
12,418,189.411221513797
13,418,125.070800371315
14,418,153.356860400198
15,418,113.402702002637
16,418,197.011702393667
17,418,180.431084487618
18,418,109.331204576473
1,419,122.940973573793
2,419,159.070490937214
3,419,153.91562272859
4,419,181.62234877281
5,419,126.382648429049
6,419,170.737858629411
7,419,117.730544506074
8,419,162.741164858417
9,419,148.48923072931
10,419,179.682297129053
11,419,173.546604349183
12,419,170.157185628418
13,419,166.083723323755
14,419,162.540986136005
15,419,143.383925281971
16,419,117.687093979904
17,419,158.837859243473
18,419,180.764521435951
1,420,156.918343620091
2,420,171.24473485091
3,420,158.660564034693
4,420,156.546593296811
5,420,148.389865867593
6,420,117.969548302515
7,420,167.083186793975
8,420,164.286750763123
9,420,132.40607484259
10,420,149.881000435119
11,420,167.452623328191
12,420,167.412412237519
13,420,151.072075884429
14,420,149.883131428876
15,420,151.16709267695
16,420,189.641177737333
17,420,174.878132335752
18,420,132.911953483261
1,421,148.857074281425
2,421,142.112246398467
3,421,134.759931922965
4,421,198.122138894367
5,421,129.587211456657
6,421,123.761837589745
7,421,174.04426602852
8,421,131.856788459245
9,421,110.375324692321
10,421,182.798251077748
11,421,149.126229862238
12,421,158.665994207953
13,421,163.156159070434
14,421,129.370068062639
15,421,125.770262699117
16,421,183.839284460442
17,421,159.353368452466
18,421,158.79071571499
1,422,174.071664615363
2,422,135.815561240484
3,422,117.234838236873
4,422,163.903354901358
5,422,137.186298939828
6,422,137.646716827271
7,422,195.766623345447
8,422,134.763238732508
9,422,143.073651408268
10,422,163.997002532217
11,422,135.232178567415
12,422,167.279845478596
13,422,137.924124814999
14,422,160.987406577053
15,422,148.686469106991
16,422,163.410496810187
17,422,163.251806013414
18,422,144.71848054572
1,423,141.822621260286
2,423,187.707037694999
3,423,163.591304993109
4,423,158.347911107969
5,423,174.790866971196
6,423,119.254695610065
7,423,166.532717452119
8,423,166.118047190566
9,423,175.874004026041
10,423,153.136897401004
11,423,139.354867689234
12,423,167.196139526876
13,423,156.351459646776
14,423,162.447317954678
15,423,173.936588240483
16,423,132.24142022829
17,423,160.426719571815
18,423,130.950744039267
1,424,163.827979098952
2,424,139.005643805287
3,424,160.33594176238
4,424,182.827664937177
5,424,163.187441852747
6,424,169.244164398424
7,424,158.634305206296
8,424,194.956137515536
9,424,132.008760277427
10,424,154.151858503088
11,424,162.996628401075
12,424,166.389045225693
13,424,148.153502321513
14,424,181.588827224217
15,424,190.245949351211
16,424,187.26306923266
17,424,146.266126865865
18,424,161.529740371479
1,425,162.53117856425
2,425,180.141132518374
3,425,114.919179745515
4,425,163.221162662768
5,425,142.965036543269
6,425,170.170469017125
7,425,138.659477259372
8,425,136.342535377592
9,425,186.292694733507
10,425,156.980854894032
11,425,155.677704993493
12,425,164.004055756649
13,425,162.378512363267
14,425,166.033625284879
15,425,165.739486186333
16,425,133.208088784899
17,425,146.227344047074
18,425,175.24296004389
1,426,165.748699801127
2,426,167.850918516758
3,426,191.532491302353
4,426,165.217144017717
5,426,172.862452977873
6,426,135.084694938819
7,426,175.072831529033
8,426,176.58265581251
9,426,138.506704455152
10,426,153.736356294328
11,426,163.104589795858
12,426,158.470345701859
13,426,165.586478234433
14,426,144.188956814026
15,426,143.061467412244
16,426,176.643073800652
17,426,161.790117499503
18,426,135.181246378168
1,427,198.758111967305
2,427,158.537093800914
3,427,135.024969127193
4,427,139.522783088143
5,427,171.407959328416
6,427,127.966105796959
7,427,132.618300845904
8,427,153.801812235162
9,427,166.883944213449
10,427,114.856873945446
11,427,133.387216165022
12,427,143.164575326827
13,427,172.257231403472
14,427,155.157845013383
15,427,128.103845933924
16,427,152.158020018704
17,427,159.657788972784
18,427,160.296913566193
1,428,188.459704826656
2,428,135.769730953076
3,428,153.956261104401
4,428,154.219102110783
5,428,156.737243046935
6,428,117.661723670165
7,428,189.657415497832
8,428,174.371416309176
9,428,199.557081624133
10,428,185.68659470853
11,428,204.10787036414
12,428,151.610017954939
13,428,149.713236717597
14,428,176.236400240882
15,428,133.066503527853
16,428,159.370849937601
17,428,173.638399006042
18,428,138.453453165792
1,429,168.754483721731
2,429,155.909149052655
3,429,187.362534877134
4,429,145.912889794221
5,429,162.490034247299
6,429,115.988987001658
7,429,162.715489069514
8,429,163.140315681877
9,429,191.659436769439
10,429,169.090004216937
11,429,162.740433148679
12,429,135.511564248226
13,429,174.343819209174
14,429,146.697164145392
15,429,169.857786363647
16,429,130.489854880527
17,429,158.179813369419
18,429,126.077829970379
1,430,146.133016210682
2,430,131.314156151442
3,430,151.118477083222
4,430,157.532075038547
5,430,115.285962748224
6,430,155.482062851732
7,430,187.228744025379
8,430,140.603097120169
9,430,121.309176628517
10,430,147.481020647695
11,430,144.706446454345
12,430,157.661907739461
13,430,150.298454537507
14,430,168.890900863637
15,430,185.761334906443
16,430,154.18969564802
17,430,160.49071528373
18,430,149.112806912091
1,431,180.211431268027
2,431,134.931190757919
3,431,152.194692408951
4,431,169.39138700908
5,431,194.336684873884
6,431,140.972710450176
7,431,169.91385224901
8,431,125.961080363606
9,431,171.279677438738
10,431,190.494765804631
11,431,178.73768623496
12,431,136.014188074167
13,431,123.532573477196
14,431,162.140909391185
15,431,158.957004892798
16,431,180.141430640749
17,431,163.865328925873
18,431,169.262241570785
1,432,140.219368083307
2,432,147.995530668669
3,432,159.470867991837
4,432,192.885480581274
5,432,141.372559975788
6,432,144.144489003108
7,432,163.980409440311
8,432,123.876204065959
9,432,117.894856197129
10,432,173.579028038023
11,432,165.390060447663
12,432,174.385937070412
13,432,143.542283895095
14,432,178.362044471742
15,432,180.104109799371
16,432,136.945652050798
17,432,114.921395558055
18,432,149.21363444848
1,433,160.150498593563
2,433,204.824300607867
3,433,153.994337314032
4,433,153.496731351642
5,433,180.13012265216
6,433,181.135225894252
7,433,121.59851083824
8,433,156.797895675032
9,433,145.777965469204
10,433,147.133658381854
11,433,175.015344281658
12,433,112.070475556938
13,433,172.768875446838
14,433,131.156490187073
15,433,166.980430808476
16,433,119.434384723291
17,433,165.481461615236
18,433,130.374085542937
1,434,119.938668793717
2,434,172.104249386893
3,434,178.148111848411
4,434,175.339698856851
5,434,163.894538802165
6,434,157.977843401522
7,434,117.39516128414
8,434,141.771411804384
9,434,155.142038284989
10,434,169.698784524279
11,434,180.420749327357
12,434,134.347013312318
13,434,174.832443952594
14,434,155.212817244103
15,434,143.66970397716
16,434,154.510591004505
17,434,179.404167224606
18,434,195.107436653784
1,435,149.629217168471
2,435,179.5055075312
3,435,167.551823264403
4,435,138.591157672145
5,435,179.866326034143
6,435,173.301270684885
7,435,167.744463438397
8,435,140.336656639765
9,435,143.122722197282
10,435,153.021599962216
11,435,177.452904676084
12,435,172.681657820412
13,435,191.008015476717
14,435,109.857346711052
15,435,136.142542313575
16,435,165.788784628265
17,435,154.931706728197
18,435,146.211311032588
1,436,181.508070287729
2,436,142.654960037707
3,436,138.067772198944
4,436,117.419475181933
5,436,119.025944678907
6,436,161.919206202617
7,436,147.154654995877
8,436,136.042464640193
9,436,182.858861637535
10,436,194.302873510637
11,436,126.051723959642
12,436,165.546247426786
13,436,153.325496034916
14,436,135.493289649173
15,436,180.599461684327
16,436,168.721215606026
17,436,160.24864554624
18,436,160.692323577435
1,437,171.725091202848
2,437,183.772021634703
3,437,193.557704655558
4,437,186.78097167442
5,437,179.253254780083
6,437,133.733657518507
7,437,172.276300373234
8,437,167.278417476709
9,437,170.004035297144
10,437,136.948309523031
11,437,130.61961582306
12,437,162.893932717008
13,437,177.883056983769
14,437,181.509106865845
15,437,171.16199235888
16,437,185.862812928148
17,437,168.03652468802
18,437,133.440641842238
1,438,160.476334828567
2,438,144.624656711396
3,438,128.04546421609
4,438,116.536853917444
5,438,162.561815411522
6,438,174.523266396031
7,438,186.760378314303
8,438,175.028053415019
9,438,144.169678780199
10,438,172.830255306905
11,438,117.625618147595
12,438,165.467076272732
13,438,196.893127480386
14,438,165.980115039231
15,438,145.381183452375
16,438,148.900853845068
17,438,184.416886030707
18,438,140.811656118233
1,439,173.022856310457
2,439,151.321752267001
3,439,194.11492146263
4,439,202.626609641131
5,439,158.234655625614
6,439,165.422896051781
7,439,152.040883871073
8,439,151.337339442578
9,439,195.304006055365
10,439,165.876708694284
11,439,200.974234097739
12,439,148.528504957761
13,439,166.141617968011
14,439,187.526687057803
15,439,162.907942475519
16,439,178.202302124755
17,439,175.705106320883
18,439,115.025679309924
1,440,142.616441119452
2,440,144.766082729809
3,440,170.158747475939
4,440,124.576400832787
5,440,134.655690197336
6,440,159.234681926233
7,440,152.11431097966
8,440,158.789400179254
9,440,176.889434131446
10,440,177.342484613253
11,440,140.315129273634
12,440,130.389774742441
13,440,178.143613141112
14,440,128.227261506399
15,440,170.257248207243
16,440,152.695454162881
17,440,190.208283073311
18,440,121.043194070873
1,441,201.075882550947
2,441,178.168165264326
3,441,145.097832758104
4,441,148.776753911973
5,441,167.745867278931
6,441,125.906081754533
7,441,192.44718246738
8,441,150.33460510536
9,441,163.533742243652
10,441,174.434572895335
11,441,143.094368393179
12,441,186.724102422329
13,441,134.461293938907
14,441,188.686805961991
15,441,189.587027256695
16,441,167.811767249198
17,441,204.99144298694
18,441,168.377598461352
1,442,133.255160438862
2,442,172.198113050051
3,442,161.641802611027
4,442,199.464010994893
5,442,121.829130524807
6,442,132.643006746275
7,442,160.751364957735
8,442,169.765118443594
9,442,151.87392116019
10,442,150.540390533087
11,442,158.922211563652
12,442,186.194787456483
13,442,206.760302850741
14,442,195.79499278589
15,442,125.265417717023
16,442,117.313721381198
17,442,168.676165204143
18,442,120.218563335613
1,443,196.815255948397
2,443,145.868640975699
3,443,144.187316805889
4,443,158.390655408376
5,443,138.888984440164
6,443,140.834427141066
7,443,160.279335274674
8,443,150.992820632956
9,443,187.665137628067
10,443,141.890089485663
11,443,150.979292494438
12,443,199.996504085069
13,443,133.774987047643
14,443,137.895167428635
15,443,160.770656565672
16,443,153.745938582026
17,443,114.276522461102
18,443,154.790010552091
1,444,123.670431375259
2,444,186.105319883361
3,444,183.28350318633
4,444,146.072959034203
5,444,169.277502338056
6,444,128.020976791378
7,444,112.205465254409
8,444,184.223941490092
9,444,172.876618156206
10,444,188.700495643701
11,444,110.682410789785
12,444,118.481335849849
13,444,148.366300868885
14,444,152.334494541148
15,444,165.721726974348
16,444,156.899960607123
17,444,124.639273233245
18,444,158.258261056533
1,445,187.010887400327
2,445,148.879577197323
3,445,185.944152182915
4,445,137.398227377344
5,445,142.557263100711
6,445,182.983528257473
7,445,184.012430951411
8,445,151.558214988488
9,445,163.480059193202
10,445,158.558992645416
11,445,173.614756706851
12,445,140.557922490755
13,445,174.089006124616
14,445,179.988428273418
15,445,127.75290674015
16,445,144.592772072727
17,445,114.159509152913
18,445,164.498684799583
1,446,201.507638538558
2,446,181.792096224856
3,446,164.232640607122
4,446,149.468852498476
5,446,167.41076311377
6,446,117.900814625505
7,446,129.818798220653
8,446,160.129392672871
9,446,184.253876870601
10,446,128.135285127394
11,446,196.914086732988
12,446,193.743507239518
13,446,191.90908487621
14,446,174.787576344608
15,446,114.194465216314
16,446,154.861981168711
17,446,133.419001367516
18,446,155.111601342168
1,447,161.365888650256
2,447,173.529045701663
3,447,174.675009153603
4,447,188.755907650209
5,447,145.901506362508
6,447,162.27652662985
7,447,137.903296466105
8,447,176.106082667879
9,447,164.197847469366
10,447,161.599794515758
11,447,135.809981103711
12,447,188.003247333793
13,447,199.646213782126
14,447,202.572264910606
15,447,117.217311842972
16,447,133.158329351047
17,447,170.406951614265
18,447,129.108070473989
1,448,114.583604422243
2,448,111.99025864586
3,448,147.164221952442
4,448,165.539492600162
5,448,191.132831331997
6,448,141.443876403493
7,448,184.028095133754
8,448,183.71557833603
9,448,125.240445449283
10,448,114.695929763632
11,448,123.657332187087
12,448,163.52567359541
13,448,160.496355402144
14,448,168.150033265507
15,448,135.555030474899
16,448,124.18342547676
17,448,168.084697143421
18,448,112.311329666842
1,449,134.794485843306
2,449,165.143057643213
3,449,121.02404348137
4,449,122.811741580903
5,449,148.791429323064
6,449,131.831234804295
7,449,129.103017658057
8,449,145.987154735746
9,449,183.287301165072
10,449,172.546087069887
11,449,151.186866246543
12,449,125.194442638525
13,449,158.33241077064
14,449,136.035613104904
15,449,189.211914797946
16,449,123.032153084981
17,449,197.177544985386
18,449,151.286734165645
1,450,157.984167201248
2,450,138.251689010802
3,450,166.46963034475
4,450,191.248624389236
5,450,187.832859019984
6,450,162.45040296906
7,450,155.117745012166
8,450,197.905491124726
9,450,133.343757414547
10,450,150.577350195873
11,450,181.302887342736
12,450,175.892569580617
13,450,122.681135969632
14,450,156.031075865752
15,450,153.400197532519
16,450,145.684273136455
17,450,149.498461603704
18,450,191.284013945316
1,451,146.44060913878
2,451,188.557284360047
3,451,106.778900671756
4,451,146.208619716055
5,451,144.803512659308
6,451,127.175117680666
7,451,186.987279032204
8,451,163.260161628775
9,451,147.810957189384
10,451,195.714011750412
11,451,143.982418734203
12,451,183.553711277911
13,451,142.779699577121
14,451,113.057595053108
15,451,137.497924713691
16,451,112.855076557282
17,451,162.401119041978
18,451,163.056833085357
1,452,172.312418892765
2,452,182.57649508424
3,452,190.484179451765
4,452,155.500212493885
5,452,121.867477281199
6,452,144.798524980639
7,452,167.851362161125
8,452,193.184621148323
9,452,155.626410020744
10,452,198.044284961022
11,452,165.40930693311
12,452,162.107456520789
13,452,133.631480064169
14,452,154.644948781436
15,452,160.217180468308
16,452,165.531154356635
17,452,130.73167303128
18,452,151.242323467626
1,453,173.832499756076
2,453,137.458418916715
3,453,135.722416367635
4,453,121.640202160117
5,453,160.616498844294
6,453,148.393578931528
7,453,112.796286929829
8,453,173.962186743695
9,453,166.328523141418
10,453,197.784499450741
11,453,183.732819659544
12,453,157.526248655948
13,453,176.242699380706
14,453,175.124286999249
15,453,182.585120364085
16,453,174.83470037748
17,453,126.179015748812
18,453,169.71597546718
1,454,155.241693668526
2,454,159.218706976679
3,454,157.595859297794
4,454,160.187347631849
5,454,175.204042231688
6,454,168.137895144278
7,454,155.278153337558
8,454,154.254865826046
9,454,154.422394865933
10,454,133.170480793122
11,454,194.445948520465
12,454,141.892985861761
13,454,183.378255575912
14,454,183.653495907049
15,454,118.379225441798
16,454,148.296400306882
17,454,149.939942087849
18,454,153.542156128788
1,455,134.593458925568
2,455,192.953031481086
3,455,207.121798782672
4,455,170.980372163647
5,455,147.163926766549
6,455,143.077753617054
7,455,184.576916637425
8,455,188.721817037135
9,455,161.332866744857
10,455,164.583771354485
11,455,161.604944593684
12,455,165.634840088919
13,455,170.100171383403
14,455,177.304194136967
15,455,155.878993913702
16,455,159.033819798365
17,455,177.743040458441
18,455,158.097476076269
1,456,171.564019540916
2,456,165.927791361843
3,456,119.638173683301
4,456,150.989014637553
5,456,145.602370154404
6,456,149.363738853891
7,456,146.425095652446
8,456,180.198111559298
9,456,146.864429617505
10,456,175.214910426599
11,456,182.833169262891
12,456,160.59787628513
13,456,191.181313419947
14,456,181.638968618325
15,456,136.32581992724
16,456,120.246317454058
17,456,171.146769104377
18,456,121.795069344274
1,457,130.355483519171
2,457,155.980384877044
3,457,145.564902826359
4,457,154.500938155652
5,457,165.699149491627
6,457,181.654557219526
7,457,154.769491841654
8,457,149.309196152727
9,457,142.41454187162
10,457,123.431988461298
11,457,128.350559532241
12,457,163.998422127114
13,457,151.760096244317
14,457,136.551845342021
15,457,160.372238492181
16,457,179.622893337079
17,457,171.618727217866
18,457,124.032664509803
1,458,137.470982347374
2,458,114.293290240261
3,458,172.17556945869
4,458,154.646543316054
5,458,130.493304208077
6,458,141.121774225864
7,458,145.844783196773
8,458,198.29060250489
9,458,169.087287468796
10,458,136.202131503715
11,458,142.106851506333
12,458,155.487484027893
13,458,139.893309949426
14,458,165.978446760834
15,458,158.113866334132
16,458,175.571411231686
17,458,159.992718856907
18,458,147.604134033881
1,459,179.997286232261
2,459,190.756111770393
3,459,153.690271356057
4,459,134.003987299225
5,459,119.356233578818
6,459,178.484658569878
7,459,143.042664194166
8,459,168.500335805721
9,459,143.690509090892
10,459,132.204436682002
11,459,136.065023788661
12,459,157.869644173081
13,459,166.216469472196
14,459,190.326949755712
15,459,204.257282189891
16,459,143.188695648479
17,459,176.87333436721
18,459,142.940685216117
1,460,155.588047084916
2,460,182.87794558063
3,460,170.290929405626
4,460,148.98980222502
5,460,190.374947220152
6,460,155.475258406524
7,460,151.822133812845
8,460,178.444200897744
9,460,173.940943427145
10,460,162.94797235528
11,460,171.611129343825
12,460,147.721748291622
13,460,156.353981719216
14,460,191.304633689508
15,460,160.461862260236
16,460,148.560241554652
17,460,173.655126056488
18,460,177.275833679815
1,461,158.598487250671
2,461,173.167206384782
3,461,151.069548470052
4,461,148.82785310135
5,461,144.622421512303
6,461,204.696299492818
7,461,165.534038594256
8,461,152.674876670021
9,461,157.9362664797
10,461,119.038670735742
11,461,150.263158287496
12,461,155.021581800685
13,461,163.051980680546
14,461,166.325917440515
15,461,140.058712861409
16,461,181.845445540538
17,461,139.316032002771
18,461,174.96432405652
1,462,189.078345552196
2,462,145.445984978241
3,462,137.332552637671
4,462,200.596364410031
5,462,166.08126320958
6,462,194.528856989228
7,462,135.17585941805
8,462,146.274605913644
9,462,153.758015882111
10,462,120.348571826628
11,462,167.739681167353
12,462,140.32959206794
13,462,134.169710576445
14,462,172.153850440234
15,462,172.363710547408
16,462,143.659444735156
17,462,163.962407622269
18,462,176.846949604139
1,463,151.639882366347
2,463,134.222602551121
3,463,164.538562600349
4,463,128.60510120233
5,463,160.869404192332
6,463,172.904937291903
7,463,138.377763740404
8,463,161.455582712308
9,463,125.299645528081
10,463,151.085566602543
11,463,161.546620748094
12,463,156.058117653356
13,463,134.286955457462
14,463,149.848858532958
15,463,158.392614974875
16,463,115.663856348763
17,463,120.314496092613
18,463,125.302800765518
1,464,136.146601745359
2,464,175.155805653149
3,464,165.120355199197
4,464,173.329107278433
5,464,182.406265724641
6,464,205.824037514853
7,464,162.895808992595
8,464,123.359187630219
9,464,134.537844749104
10,464,149.82893711244
11,464,149.166062064174
12,464,158.31608502568
13,464,183.435420854286
14,464,171.657693260312
15,464,170.630999352853
16,464,133.059776175168
17,464,176.713014927887
18,464,163.944971091699
1,465,181.357180111113
2,465,139.537434551551
3,465,167.451519915261
4,465,159.252294738596
5,465,183.767722533819
6,465,121.459728777543
7,465,135.057337987374
8,465,136.751000207011
9,465,165.72513184107
10,465,140.320724866814
11,465,151.070214013231
12,465,167.926805630847
13,465,163.591720589961
14,465,184.865510026377
15,465,188.151082504191
16,465,137.13098043204
17,465,170.293787868809
18,465,136.698988443831
1,466,143.711806861145
2,466,157.934739842149
3,466,150.80367479999
4,466,150.542592954068
5,466,135.595407680828
6,466,160.119157534502
7,466,157.126577986723
8,466,144.637083151887
9,466,147.030050243449
10,466,147.07855811229
11,466,176.814981664958
12,466,146.729500962556
13,466,147.204796949966
14,466,155.437340687788
15,466,174.980310579337
16,466,159.930755941385
17,466,175.216140265275
18,466,173.555524077062
1,467,148.660900609429
2,467,163.600517679919
3,467,190.073855683097
4,467,168.686801102518
5,467,159.802405353248
6,467,135.670757630542
7,467,143.119763061983
8,467,157.68635770244
9,467,160.855240525675
10,467,162.4977408772
11,467,134.622678545687
12,467,129.482875917225
13,467,173.634741693821
14,467,140.531409774103
15,467,136.987943956654
16,467,147.173990269083
17,467,187.516305560393
18,467,159.782928086376
1,468,113.496409835753
2,468,111.309164202096
3,468,131.698981160317
4,468,188.315296972526
5,468,151.098568516408
6,468,166.199308837724
7,468,141.8982953232
8,468,172.528685879416
9,468,188.568324697324
10,468,169.754448163964
11,468,157.811155074422
12,468,163.877850281355
13,468,166.946394332773
14,468,108.440485831775
15,468,174.913597875621
16,468,160.236156276505
17,468,162.546609891311
18,468,158.030532508968
1,469,180.579333219771
2,469,117.465487037097
3,469,168.847207839862
4,469,176.745314395309
5,469,174.706130232528
6,469,123.669711575664
7,469,123.455989998307
8,469,150.86917276764
9,469,131.371764118317
10,469,121.343150243623
11,469,111.572527624895
12,469,146.776684614941
13,469,153.203706795092
14,469,181.930497362928
15,469,190.171510211474
16,469,158.271735686949
17,469,134.930082807731
18,469,151.438056893567
1,470,166.065248871127
2,470,187.901273276084
3,470,168.875116348539
4,470,189.583500504294
5,470,164.387606248264
6,470,151.61933448433
7,470,152.442084979067
8,470,140.824199493003
9,470,144.005388343251
10,470,169.930327807092
11,470,143.529654303282
12,470,169.628177018136
13,470,159.589809613356
14,470,185.449625968283
15,470,187.647184681306
16,470,131.983865675682
17,470,139.541272913995
18,470,158.922780293829
1,471,156.356358706453
2,471,169.362497123039
3,471,161.397937565628
4,471,138.685096445557
5,471,176.811400935939
6,471,127.413863209531
7,471,153.740489467235
8,471,116.115812650468
9,471,173.333236260118
10,471,158.133741896992
11,471,123.239241085541
12,471,158.289399085495
13,471,175.163386920056
14,471,148.294632643524
15,471,161.335034255314
16,471,157.445027808237
17,471,132.097768320373
18,471,122.438521118307
1,472,110.40649203666
2,472,176.756003450261
3,472,150.423662947749
4,472,162.853944706284
5,472,174.040362120089
6,472,144.368433108967
7,472,166.153477263852
8,472,149.144434400926
9,472,150.45298631125
10,472,176.891612281012
11,472,160.318302079748
12,472,150.20053489176
13,472,162.612755116516
14,472,200.463006912315
15,472,140.582689689481
16,472,181.841954817678
17,472,160.417802385764
18,472,140.800455498229
1,473,161.679152482895
2,473,132.617928366133
3,473,141.334610483485
4,473,173.518308216273
5,473,163.515457179605
6,473,159.146033611529
7,473,165.965810479248
8,473,174.121050877594
9,473,170.8041148645
10,473,135.051554614408
11,473,174.996885798218
12,473,161.256594654448
13,473,168.18650392232
14,473,157.717393097783
15,473,165.763765430896
16,473,180.973527254586
17,473,156.994972802992
18,473,164.680889557767
1,474,169.050859108482
2,474,150.948404651933
3,474,128.085815565999
4,474,151.801874302395
5,474,173.709148326522
6,474,163.381077100793
7,474,146.130511558795
8,474,143.807132511871
9,474,202.835419848751
10,474,164.290869156862
11,474,144.56244244087
12,474,125.26357346628
13,474,105.957262674726
14,474,149.066409658882
15,474,189.050135577331
16,474,179.762291897384
17,474,144.503323186289
18,474,157.653103129894
1,475,172.316285355826
2,475,185.889293193979
3,475,164.110190285187
4,475,159.573817577541
5,475,183.492009969035
6,475,181.151903817677
7,475,136.786279465751
8,475,166.199740433293
9,475,129.908873412261
10,475,145.400297366535
11,475,182.826431383128
12,475,178.393014907318
13,475,135.41732024009
14,475,179.69646636973
15,475,122.501726772668
16,475,135.032747726035
17,475,176.508795731783
18,475,164.501273601796
1,476,157.699073740136
2,476,191.26945900044
3,476,202.26048200322
4,476,162.843489153133
5,476,166.697563373902
6,476,174.409924479552
7,476,150.730195143284
8,476,188.693689245031
9,476,143.774444914069
10,476,163.544320554084
11,476,194.550258523961
12,476,119.265292565546
13,476,129.314846421244
14,476,154.758261817086
15,476,172.86175580892
16,476,177.542558090168
17,476,171.606155480468
18,476,134.096112204351
1,477,145.163452798157
2,477,151.559566644266
3,477,192.047091691544
4,477,148.423336118209
5,477,140.703446881148
6,477,110.335596127513
7,477,158.753133234203
8,477,177.166850048968
9,477,167.678539828568
10,477,134.682965615767
11,477,202.698914677439
12,477,126.339572631457
13,477,172.820641094696
14,477,141.453930282575
15,477,195.292947661127
16,477,146.204601629455
17,477,141.188788193238
18,477,165.41652738804
1,478,118.569544036917
2,478,121.916503938288
3,478,179.000288530707
4,478,131.547866279336
5,478,120.67902636113
6,478,145.855232785528
7,478,126.47634711441
8,478,160.071195607435
9,478,172.721089269444
10,478,182.534732173279
11,478,157.918810099243
12,478,146.311884528157
13,478,178.057849821554
14,478,165.975293995461
15,478,190.197773466761
16,478,184.274656706783
17,478,179.518063148274
18,478,106.715392619047
1,479,167.560112419885
2,479,153.817960471948
3,479,171.386876006263
4,479,177.206038474477
5,479,162.375761495942
6,479,154.855205596929
7,479,194.929399074231
8,479,175.867989086262
9,479,160.369830753387
10,479,154.782694880001
11,479,177.164892291337
12,479,178.25364322601
13,479,135.872407281209
14,479,162.734704808158
15,479,160.077648299912
16,479,150.623421734643
17,479,114.56487236424
18,479,161.307850038695
1,480,162.246153626301
2,480,148.377344142889
3,480,123.410028019439
4,480,189.477390522583
5,480,156.111271197895
6,480,186.437810089314
7,480,153.525846331736
8,480,169.714034147816
9,480,180.819930113608
10,480,150.110811292951
11,480,143.390115064017
12,480,145.492259461258
13,480,142.829752332096
14,480,137.426808828724
15,480,114.922816521459
16,480,144.01294946179
17,480,172.939443316016
18,480,153.304784734646
1,481,183.330315227507
2,481,167.43687155972
3,481,153.868509356187
4,481,200.130849137146
5,481,191.058807639831
6,481,176.067425454877
7,481,149.306867428515
8,481,143.208040135528
9,481,134.345416843267
10,481,184.220461636283
11,481,164.18395736028
12,481,125.899443033819
13,481,174.435664728151
14,481,134.111214581454
15,481,123.30403412871
16,481,130.276181801796
17,481,120.545322688697
18,481,158.690682424376
1,482,160.237369315488
2,482,117.073611468426
3,482,169.765532780644
4,482,190.065210951245
5,482,110.256983141416
6,482,175.458371046126
7,482,119.259879199421
8,482,183.456027126079
9,482,165.904233483368
10,482,158.367030606563
11,482,178.986482068453
12,482,182.613951432639
13,482,150.032285722265
14,482,166.40084643196
15,482,185.657091592762
16,482,181.783080565611
17,482,144.116709947198
18,482,142.198627804637
1,483,155.304203046801
2,483,143.577177217985
3,483,188.622208604881
4,483,170.121402579078
5,483,157.319620738734
6,483,132.137839808352
7,483,159.778850219866
8,483,198.13199360691
9,483,136.87079702725
10,483,164.313328914885
11,483,160.692816017498
12,483,174.535625853609
13,483,143.338165925215
14,483,165.712484751984
15,483,117.649188698982
16,483,195.426721831113
17,483,135.124154659885
18,483,147.04519284192
1,484,153.561724465184
2,484,156.260556552869
3,484,162.77539051061
4,484,162.160067164923
5,484,182.891819048538
6,484,154.867881116031
7,484,160.061866464618
8,484,160.870389268961
9,484,156.240969193546
10,484,148.300593136749
11,484,183.69932446535
12,484,178.752729758164
13,484,203.537007320771
14,484,155.247963882198
15,484,157.228966447949
16,484,158.017328508877
17,484,185.19679235857
18,484,160.059289311985
1,485,169.895429150444
2,485,136.190790697948
3,485,157.448170229621
4,485,169.876962980341
5,485,115.704366837887
6,485,150.108321680766
7,485,135.196343662888
8,485,163.959669682749
9,485,145.573489427376
10,485,161.288729372593
11,485,131.75229607804
12,485,167.194437452869
13,485,130.553592966669
14,485,168.271781783109
15,485,149.226921501479
16,485,165.691593706069
17,485,180.379580137294
18,485,177.873003427119
1,486,136.366011764202
2,486,143.772380556356
3,486,161.806346914567
4,486,148.925081924566
5,486,154.429325398767
6,486,168.274652987991
7,486,176.849325640621
8,486,135.985527087518
9,486,160.059695205707
10,486,185.086661434649
11,486,155.26901005013
12,486,154.274752406996
13,486,144.872749409596
14,486,157.368771723725
15,486,179.056664998401
16,486,137.218846835936
17,486,184.395537296367
18,486,182.503818431283
1,487,159.634530804668
2,487,167.756788054212
3,487,208.219411242702
4,487,167.063121371142
5,487,159.128037798105
6,487,147.478410367287
7,487,206.901115905251
8,487,141.104700146281
9,487,156.087404720042
10,487,143.748630289155
11,487,121.778051502951
12,487,194.867973829559
13,487,124.716709619486
14,487,157.236486350153
15,487,137.57970043308
16,487,200.073857269934
17,487,191.025712607217
18,487,160.282480626555
1,488,194.849078847299
2,488,171.183602166967
3,488,167.90185216369
4,488,140.208666577782
5,488,165.920236905175
6,488,184.888911376455
7,488,146.078340554632
8,488,150.383052315884
9,488,142.51083635341
10,488,170.435148117913
11,488,141.460052780333
12,488,127.575984168229
13,488,137.602718663217
14,488,173.352481389177
15,488,146.002668915426
16,488,168.741160682359
17,488,143.889264634668
18,488,110.969463184653
1,489,170.854296543474
2,489,139.082233567197
3,489,176.34766890833
4,489,133.760751586403
5,489,193.208664550836
6,489,179.330944459514
7,489,109.218994202933
8,489,171.641695907166
9,489,170.097518691229
10,489,139.157392779494
11,489,151.593598396787
12,489,154.207450466758
13,489,152.881534038301
14,489,176.570412486991
15,489,120.432484373074
16,489,121.138186137787
17,489,158.446364158168
18,489,159.869398716141
1,490,139.984215881216
2,490,165.332113061602
3,490,166.967642554675
4,490,168.570889272219
5,490,131.690725267907
6,490,132.73917589647
7,490,208.665656607539
8,490,142.909663027824
9,490,139.829936969334
10,490,168.916719392575
11,490,152.491932029916
12,490,163.100046276446
13,490,128.999326089421
14,490,177.589978728301
15,490,151.426827120202
16,490,180.844628318531
17,490,200.722793839641
18,490,162.360731786037
1,491,149.882597392734
2,491,196.225172696269
3,491,172.708223282048
4,491,162.560248677623
5,491,135.880723132297
6,491,167.136202453555
7,491,192.093483491777
8,491,168.655425428107
9,491,169.492645920765
10,491,131.052569637735
11,491,141.492386614179
12,491,162.28256826311
13,491,164.212010443746
14,491,151.542840143444
15,491,149.883311221167
16,491,163.544259797654
17,491,170.405055324047
18,491,158.833936117563
1,492,139.139862814572
2,492,149.359592221165
3,492,169.376753708305
4,492,130.321367606608
5,492,192.868936213545
6,492,135.152829445602
7,492,186.916435779737
8,492,112.857565181045
9,492,165.842975081469
10,492,165.249372873903
11,492,166.477176902468
12,492,155.554207730146
13,492,168.437708821482
14,492,173.413178968744
15,492,179.200297028208
16,492,165.256555843103
17,492,167.640504633106
18,492,142.862649967025
1,493,172.614767449263
2,493,144.905022745256
3,493,173.335376730003
4,493,127.391697893294
5,493,164.154655066772
6,493,140.058620397834
7,493,175.20978628594
8,493,203.800295190074
9,493,160.490464149028
10,493,174.116688011994
11,493,181.673211644651
12,493,128.806038897211
13,493,148.839898944089
14,493,111.737610793585
15,493,163.42032663696
16,493,144.173639135965
17,493,159.926368541939
18,493,169.904931745088
1,494,132.610323649569
2,494,165.401101601096
3,494,185.624461168313
4,494,143.908081888843
5,494,130.526039436453
6,494,142.35642734227
7,494,187.755051756923
8,494,165.302641862367
9,494,132.746510843135
10,494,171.208241490597
11,494,134.839905662845
12,494,206.844075072602
13,494,178.367267562558
14,494,154.521131956551
15,494,157.315241460301
16,494,152.558298269981
17,494,116.896153410318
18,494,168.25671809683
1,495,191.475331912492
2,495,143.209066883156
3,495,108.850309799012
4,495,179.754760055203
5,495,142.106582605782
6,495,127.601725581734
7,495,122.76650576605
8,495,162.270928567073
9,495,145.286990589599
10,495,115.461334644403
11,495,161.167659913034
12,495,171.721024082723
13,495,151.218397803928
14,495,153.919030790709
15,495,145.009005948314
16,495,192.079132025617
17,495,155.373719490613
18,495,132.750048727943
1,496,165.055870402552
2,496,129.463209038037
3,496,137.973249414376
4,496,188.227433552975
5,496,113.487635938051
6,496,161.85379030933
7,496,136.225544678623
8,496,118.366540820304
9,496,115.958826735016
10,496,174.827549469518
11,496,173.279209986616
12,496,138.652173355124
13,496,197.352745645757
14,496,168.012552264766
15,496,130.922272587613
16,496,182.48100027849
17,496,137.230687858862
18,496,158.574107154679
1,497,137.478055299908
2,497,172.479365017525
3,497,176.743394432734
4,497,193.293158288573
5,497,159.901342663292
6,497,144.960457513476
7,497,169.957938627802
8,497,137.278157040214
9,497,176.362346879173
10,497,172.838006837637
11,497,164.590127258751
12,497,163.163919227031
13,497,169.029938643564
14,497,163.952275132418
15,497,130.522964280269
16,497,168.62416508633
17,497,157.779577254334
18,497,163.832210376278
1,498,144.057517503176
2,498,170.896690370029
3,498,127.294766438978
4,498,129.042041889944
5,498,130.373683723088
6,498,168.752508216306
7,498,180.066071864894
8,498,198.748585442511
9,498,127.38935320648
10,498,159.005187029326
11,498,149.443708870423
12,498,149.107869864955
13,498,181.049850904922
14,498,170.967926495899
15,498,166.379296019494
16,498,187.38351187216
17,498,173.665485868493
18,498,158.222774647698
1,499,166.426261226326
2,499,170.919086111276
3,499,155.730460926313
4,499,148.151861149233
5,499,111.89101531765
6,499,143.041316411072
7,499,144.243110973721
8,499,147.690249068392
9,499,125.698677353617
10,499,188.278809579436
11,499,150.1038933207
12,499,192.211121306531
13,499,199.776356722073
14,499,131.245524861214
15,499,162.235417957344
16,499,163.254820849682
17,499,141.428405635597
18,499,168.913822247751
1,500,178.985550394061
2,500,124.876954405127
3,500,170.012775780993
4,500,164.66884309023
5,500,157.347800967154
6,500,149.013808041928
7,500,153.830638761757
8,500,117.631461490056
9,500,155.811288162288
10,500,175.28162024239
11,500,157.55587845284
12,500,146.348767236776
13,500,172.920099997089
14,500,123.156606999919
15,500,162.00977184456
16,500,200.643881013593
17,500,143.769537957484
18,500,177.066301753176
1,501,177.775136736713
2,501,185.046110017326
3,501,141.956748470288
4,501,162.480724797895
5,501,187.835656837676
6,501,109.690225323251
7,501,134.886590591425
8,501,143.348146941944
9,501,175.832432207218
10,501,123.827887251332
11,501,186.81722425758
12,501,147.481454430552
13,501,186.100024762419
14,501,165.207567136422
15,501,156.601437294179
16,501,170.863286087696
17,501,174.569805951067
18,501,160.753309668835
1,502,112.662634204771
2,502,124.660549025621
3,502,168.948957421091
4,502,172.00482458415
5,502,156.669191552596
6,502,140.375352631256
7,502,172.472431649777
8,502,113.061253377395
9,502,161.603407955396
10,502,125.318286193689
11,502,187.551868449182
12,502,176.802223902757
13,502,155.209303317842
14,502,165.510622990512
15,502,175.510468675677
16,502,139.658670666341
17,502,156.747636268032
18,502,103.197402687025
1,503,173.743032481433
2,503,172.491102143834
3,503,128.9424996962
4,503,171.740288723637
5,503,172.62565798074
6,503,154.886233051584
7,503,149.814744943471
8,503,140.532749743872
9,503,167.83931347097
10,503,124.728967370942
11,503,137.483440245495
12,503,145.104654939985
13,503,171.151429096641
14,503,150.226416166194
15,503,207.20985069958
16,503,136.004582795595
17,503,192.131255262333
18,503,132.998763407607
1,504,181.002229874308
2,504,182.871438396303
3,504,143.983140032296
4,504,146.34087699884
5,504,166.281893604449
6,504,166.711832512747
7,504,155.504386985344
8,504,164.84032126197
9,504,114.745744086892
10,504,168.832906249526
11,504,153.524598685462
12,504,147.232602046816
13,504,151.641577818321
14,504,171.868836048725
15,504,157.130884186615
16,504,162.349806861842
17,504,146.204513299707
18,504,185.727673926329
1,505,173.653717438822
2,505,162.337276902415
3,505,198.024990738599
4,505,141.772487707228
5,505,184.735181846348
6,505,193.603582047784
7,505,173.843439619813
8,505,152.677859710537
9,505,160.429180803248
10,505,163.236518967291
11,505,160.884486568045
12,505,193.480167286874
13,505,184.773879848971
14,505,166.034568720492
15,505,187.292064232232
16,505,174.504492405477
17,505,144.67461063764
18,505,109.475040407849
1,506,180.333838557813
2,506,129.007071283351
3,506,130.046329128064
4,506,134.217856146604
5,506,129.825939111424
6,506,165.032498323926
7,506,193.083485903584
8,506,173.205099584032
9,506,160.026297399215
10,506,125.325796817606
11,506,159.955818230483
12,506,177.16243981499
13,506,180.972686981419
14,506,208.686110999981
15,506,154.582672114512
16,506,181.979054980801
17,506,138.201516200287
18,506,136.861050274589
1,507,162.23822729788
2,507,129.710835718645
3,507,119.216342880531
4,507,143.520715838414
5,507,147.719681849563
6,507,193.06703174624
7,507,155.542611934162
8,507,156.514833622894
9,507,124.346348032369
10,507,151.49211586244
11,507,163.227032442349
12,507,182.989753815906
13,507,141.082713037473
14,507,195.109465266919
15,507,183.866567550166
16,507,140.370097007443
17,507,152.520589400571
18,507,165.592213809657
1,508,132.208282413048
2,508,144.249398311904
3,508,164.402741327363
4,508,134.617017777834
5,508,157.977984853831
6,508,182.160596347504
7,508,160.101615372842
8,508,151.438675925026
9,508,163.887594475403
10,508,172.514562704712
11,508,149.70327944674
12,508,134.647593948883
13,508,151.391532105828
14,508,164.738789997814
15,508,173.566856901628
16,508,112.816457863329
17,508,193.603643933088
18,508,131.442645151822
1,509,115.630931908671
2,509,181.689102426871
3,509,156.044624251745
4,509,142.69171507583
5,509,180.987054580885
6,509,157.772411618684
7,509,130.136502663589
8,509,130.353240476642
9,509,184.966255968604
10,509,120.591821963922
11,509,150.075188476036
12,509,154.11807495571
13,509,174.922263934344
14,509,170.455302029954
15,509,190.941617464146
16,509,134.966331254482
17,509,179.204662085919
18,509,162.191269905698
1,510,185.940273475555
2,510,192.199371058551
3,510,111.793408440371
4,510,154.19561552516
5,510,127.993693006197
6,510,157.157705092572
7,510,172.055435583103
8,510,156.997007234147
9,510,136.599400977483
10,510,163.478828298667
11,510,145.697756230745
12,510,172.954036452998
13,510,189.28077869323
14,510,143.274362934591
15,510,161.770184149569
16,510,175.253915987692
17,510,160.21287877182
18,510,139.96838260306
1,511,153.392057878816
2,511,162.50832173269
3,511,121.256095620539
4,511,175.331141323928
5,511,116.330656856612
6,511,131.497759165199
7,511,154.070797132737
8,511,165.388603965331
9,511,166.944934005735
10,511,167.250703550571
11,511,126.984184240071
12,511,154.512621910359
13,511,117.510076452037
14,511,147.593810728182
15,511,187.170268404704
16,511,141.693136536736
17,511,170.366336749886
18,511,186.455844408524
1,512,169.80303368423
2,512,128.941358759154
3,512,179.614158563757
4,512,170.761343273703
5,512,171.448715403722
6,512,156.38035416723
7,512,133.057699738781
8,512,129.491569893545
9,512,186.664154958628
10,512,137.832635122021
11,512,127.904411154988
12,512,135.948590232703
13,512,147.564194618986
14,512,169.112256481202
15,512,166.475381145286
16,512,152.648186402003
17,512,165.315185977162
18,512,185.755446586638
1,513,172.234161076342
2,513,158.826276366267
3,513,178.716814739307
4,513,146.834187382595
5,513,139.132904094563
6,513,146.01825646937
7,513,127.680208414692
8,513,137.383854637926
9,513,130.402757095996
10,513,157.779536866952
11,513,171.896841160094
12,513,138.366003714675
13,513,147.966161324454
14,513,157.968344387837
15,513,168.244861912627
16,513,168.169418042597
17,513,185.299599728311
18,513,117.776733166683
1,514,142.636924502048
2,514,148.546490832193
3,514,179.781853549679
4,514,165.976477036854
5,514,143.32215547316
6,514,158.532302663948
7,514,172.858390291805
8,514,129.413593819751
9,514,159.962351802632
10,514,168.025791008028
11,514,138.106733891656
12,514,158.448289961862
13,514,180.290996993074
14,514,183.079942547389
15,514,175.258561193636
16,514,167.496079576476
17,514,137.651365017797
18,514,137.695190571259
1,515,160.043305371291
2,515,174.551754441028
3,515,204.418991797755
4,515,150.045474501487
5,515,140.596597327148
6,515,171.705187881732
7,515,155.303793806357
8,515,189.94849343027
9,515,189.633054650704
10,515,151.761652356316
11,515,131.669709852069
12,515,174.791412700686
13,515,203.230365441828
14,515,119.089955733065
15,515,142.75002504867
16,515,107.370502315299
17,515,146.474045249857
18,515,117.78831731828
1,516,158.316019863295
2,516,161.847639109549
3,516,183.033206799598
4,516,108.0638273882
5,516,208.110724012473
6,516,107.655523633779
7,516,169.830598942734
8,516,201.673652494783
9,516,172.922052965722
10,516,166.27169550431
11,516,125.800912541272
12,516,165.068351093458
13,516,162.299602631508
14,516,157.810982248639
15,516,110.097482444353
16,516,187.40065005589
17,516,153.08100986633
18,516,153.5634573904
1,517,190.717082859607
2,517,176.011083721212
3,517,154.548486400854
4,517,161.493633067163
5,517,157.87562491261
6,517,144.877618134277
7,517,160.07324407724
8,517,137.210986802022
9,517,156.328072016254
10,517,118.087538284023
11,517,161.414889406713
12,517,157.480961479415
13,517,122.948148936224
14,517,121.545878684033
15,517,147.506189651348
16,517,147.607053428518
17,517,151.017669733253
18,517,130.071107094241
1,518,171.7898973937
2,518,161.402300401308
3,518,163.713208907634
4,518,187.550383690384
5,518,140.425771486087
6,518,180.785518784378
7,518,178.102387132603
8,518,137.669679052593
9,518,186.189199076911
10,518,112.808988187059
11,518,127.858507376003
12,518,154.370687026399
13,518,163.210888868447
14,518,131.836231405774
15,518,140.668642755277
16,518,145.77304158148
17,518,144.26073680687
18,518,166.150353650219
1,519,168.400892557339
2,519,157.238274809869
3,519,177.942358445894
4,519,202.153086746744
5,519,167.511568167103
6,519,159.710721452833
7,519,146.132169833172
8,519,182.889014169737
9,519,184.194520548563
10,519,133.93393932076
11,519,182.117710959033
12,519,153.991353246738
13,519,134.66129929434
14,519,176.816309555504
15,519,166.023397453467
16,519,174.223307826464
17,519,130.590523440503
18,519,126.450558013736
1,520,190.81384216321
2,520,144.064005824462
3,520,165.075441976626
4,520,159.028613653218
5,520,182.87262445202
6,520,155.286556182627
7,520,167.690064644888
8,520,145.894762975759
9,520,156.693140082833
10,520,129.626909378207
11,520,175.888972882017
12,520,191.183147304901
13,520,131.915556369543
14,520,176.392619255125
15,520,124.551569180135
16,520,183.654436279731
17,520,143.673058340884
18,520,160.004219288376
1,521,164.934530036969
2,521,183.284749955751
3,521,149.20768095106
4,521,168.568199829845
5,521,147.906173362647
6,521,156.670408839967
7,521,179.697016966256
8,521,142.173530976788
9,521,146.963993183337
10,521,128.701696863873
11,521,180.873122452218
12,521,165.812494118095
13,521,140.06203284517
14,521,181.091920543646
15,521,153.124945090473
16,521,153.356915521963
17,521,138.713347601227
18,521,136.711354049194
1,522,148.891759927009
2,522,177.871374946818
3,522,130.543184475564
4,522,132.754407195544
5,522,169.010912351353
6,522,154.502059407083
7,522,185.285877533572
8,522,157.564730583202
9,522,165.366987341018
10,522,179.385016748605
11,522,194.990631401189
12,522,118.44069856034
13,522,120.462259844426
14,522,171.950073642283
15,522,140.60448693618
16,522,134.988500651885
17,522,170.766055950458
18,522,151.068326414593
1,523,173.234701841387
2,523,159.507195318275
3,523,166.329184719506
4,523,159.021929284934
5,523,195.512179812489
6,523,155.931887437686
7,523,194.401737410989
8,523,134.865414586941
9,523,124.000909292383
10,523,166.969427289645
11,523,149.113894563422
12,523,166.104954651643
13,523,124.523450199207
14,523,147.307799419207
15,523,133.6543082308
16,523,172.004349958055
17,523,164.599314473693
18,523,191.198735796613
1,524,166.870846700399
2,524,166.478462019596
3,524,139.871643516836
4,524,177.299073913237
5,524,165.768205824569
6,524,169.112717059107
7,524,141.207287070746
8,524,177.589620949372
9,524,164.624531491913
10,524,169.418571595006
11,524,161.698054281944
12,524,153.03754535804
13,524,152.447270260442
14,524,166.717710635288
15,524,135.379785833352
16,524,175.544537860255
17,524,147.900938465072
18,524,138.642405817047
1,525,170.007648657942
2,525,164.102904176736
3,525,147.167809954214
4,525,185.530556456385
5,525,151.418494366169
6,525,143.280421689341
7,525,132.715505271299
8,525,158.838681286131
9,525,148.691644541355
10,525,156.107191761711
11,525,158.630103540366
12,525,188.04016946052
13,525,141.17489338661
14,525,138.53318482177
15,525,149.987648847696
16,525,162.011185269709
17,525,131.977817305604
18,525,152.998120204691
1,526,175.859076591441
2,526,143.553881239994
3,526,201.555092449487
4,526,201.175379482633
5,526,148.916247607528
6,526,166.505643753951
7,526,169.454609070268
8,526,182.964066694815
9,526,192.848240977843
10,526,171.082785847304
11,526,149.944129632909
12,526,179.822483319689
13,526,149.825445367882
14,526,199.700383794446
15,526,173.550308839899
16,526,160.572124559285
17,526,135.57057907196
18,526,179.75440651572
1,527,155.149602423618
2,527,188.201753500757
3,527,145.664823381337
4,527,188.593932689063
5,527,135.189358848824
6,527,206.196204211878
7,527,168.419583840302
8,527,165.452557751122
9,527,155.970132066033
10,527,160.532760891765
11,527,201.118621436106
12,527,164.764325602438
13,527,106.215434232401
14,527,182.933754259062
15,527,173.505043320973
16,527,181.104192372732
17,527,138.839104145102
18,527,165.969677901217
1,528,152.392530922162
2,528,169.472042876569
3,528,132.26065943248
4,528,180.915785290329
5,528,171.985800685924
6,528,122.053424605753
7,528,188.731310117249
8,528,187.856808716061
9,528,169.961655269876
10,528,136.200506308472
11,528,136.57267100647
12,528,164.059854051121
13,528,193.398773703518
14,528,195.458168446269
15,528,155.375377359468
16,528,164.267815773903
17,528,163.097980757098
18,528,142.52041889096
1,529,158.069890829235
2,529,149.256764233095
3,529,154.118575504021
4,529,157.989058731862
5,529,160.999383127857
6,529,134.095398181631
7,529,133.659663838513
8,529,158.633646426518
9,529,184.684408125797
10,529,157.31458880823
11,529,173.528819723926
12,529,154.050273704315
13,529,160.952347876046
14,529,167.682511810217
15,529,180.237346985026
16,529,157.579337173738
17,529,129.150005008057
18,529,147.772668410571
1,530,183.255220029897
2,530,147.62968437248
3,530,163.813011696431
4,530,145.603715572454
5,530,170.280831139344
6,530,145.537981692861
7,530,148.14474986004
8,530,146.554485948332
9,530,139.82500707526
10,530,142.359822980919
11,530,145.842461363959
12,530,137.056414492355
13,530,182.211551503512
14,530,164.963201575168
15,530,183.374900123
16,530,160.695103038839
17,530,192.381427606195
18,530,188.45641928659
1,531,157.774733256163
2,531,134.651676335761
3,531,140.490133926931
4,531,174.326115668439
5,531,190.918038288804
6,531,143.345707913621
7,531,122.143010712769
8,531,166.789045846881
9,531,155.491298676769
10,531,116.83338235774
11,531,172.550405757
12,531,138.975961083555
13,531,130.529494977168
14,531,187.043454758796
15,531,121.983984772586
16,531,178.955901262327
17,531,169.963314380917
18,531,160.811681437018
1,532,193.508804378089
2,532,157.112181499866
3,532,141.540673446265
4,532,146.377342509366
5,532,142.255457635282
6,532,157.04699953599
7,532,135.835655475543
8,532,141.872936015603
9,532,191.139841700127
10,532,144.458699779866
11,532,141.713889651378
12,532,195.744953559865
13,532,138.433235188405
14,532,177.379242565599
15,532,139.275356141198
16,532,205.179433228701
17,532,144.777874832762
18,532,179.440432196023
1,533,144.527193303738
2,533,154.769666436166
3,533,172.622885438754
4,533,167.169689025321
5,533,165.77101888794
6,533,164.347335795547
7,533,169.637066137046
8,533,187.063995429886
9,533,143.697410209306
10,533,151.174485096637
11,533,175.301782448311
12,533,198.853036322215
13,533,105.167199173321
14,533,141.43277847663
15,533,184.152451293272
16,533,155.579583847732
17,533,163.550979144775
18,533,156.283445906672
1,534,149.424197939559
2,534,154.037738594078
3,534,169.654665381204
4,534,196.00562579589
5,534,129.127820394671
6,534,143.174132381305
7,534,143.633212710293
8,534,171.840168047469
9,534,161.6123184415
10,534,120.251153261715
11,534,121.936117742449
12,534,132.1501443406
13,534,158.277116080602
14,534,177.499383390333
15,534,158.367123974906
16,534,133.86122052691
17,534,152.572799369503
18,534,159.812837950588
1,535,127.553590587934
2,535,137.207366096037
3,535,184.965995684124
4,535,150.241924041876
5,535,123.46882993175
6,535,133.710952793427
7,535,123.63651234888
8,535,157.926221804059
9,535,144.912311536394
10,535,161.430528440302
11,535,192.284597347858
12,535,150.089643500451
13,535,161.562864088805
14,535,114.93531800067
15,535,164.846012103624
16,535,148.828485100975
17,535,154.114007630453
18,535,113.617394286672
1,536,165.092690157751
2,536,139.928161344798
3,536,173.230385373442
4,536,168.179688155078
5,536,174.915857960107
6,536,144.93672585762
7,536,189.023375792007
8,536,130.119119502058
9,536,139.932311641161
10,536,176.079312723319
11,536,155.509764729146
12,536,124.108630633655
13,536,168.258919228737
14,536,134.397731204723
15,536,177.567036259967
16,536,166.657412573527
17,536,151.231322743043
18,536,116.479225469405
1,537,173.629761315997
2,537,172.25439405601
3,537,145.785066553179
4,537,165.466916802041
5,537,151.020444877925
6,537,175.731306123627
7,537,181.691753762894
8,537,181.526856246824
9,537,116.29629060209
10,537,127.375219377014
11,537,164.019343260133
12,537,155.853608432177
13,537,179.809205714224
14,537,116.584897044001
15,537,150.938034527887
16,537,184.104849776736
17,537,173.041080770923
18,537,191.925857615484
1,538,141.750544758347
2,538,188.515381721998
3,538,162.936986471613
4,538,158.557086067923
5,538,159.416932955243
6,538,155.13925821354
7,538,158.544617451023
8,538,153.014065894825
9,538,127.939522341253
10,538,181.396406629349
11,538,155.402655429297
12,538,143.996744207816
13,538,139.024902871878
14,538,137.995985250139
15,538,150.567175191939
16,538,168.62148097667
17,538,181.953030329475
18,538,137.934835225499
1,539,145.32209233294
2,539,155.256196965498
3,539,158.449779915325
4,539,174.704190830038
5,539,161.479349642121
6,539,196.711580006514
7,539,154.756381812063
8,539,135.551011283141
9,539,177.141242269467
10,539,136.912353129155
11,539,158.226431348507
12,539,144.153392599818
13,539,162.589534849028
14,539,198.181981414939
15,539,137.109776991593
16,539,172.559273834475
17,539,149.99903697485
18,539,168.255353717951
1,540,143.268222915068
2,540,138.396718225738
3,540,169.626453319078
4,540,126.407818613795
5,540,184.649459242908
6,540,171.493148831813
7,540,148.02000630868
8,540,198.293379978177
9,540,111.70456011789
10,540,144.430506407934
11,540,138.230440436056
12,540,144.537220252698
13,540,136.016813648654
14,540,185.153444320916
15,540,185.253797354111
16,540,197.174693245739
17,540,162.336838650281
18,540,111.427124029407
1,541,192.552224636545
2,541,159.364821526084
3,541,167.975659191557
4,541,160.090015986741
5,541,122.22891783702
6,541,172.888375786722
7,541,170.092789333751
8,541,171.38661652246
9,541,140.698406750025
10,541,150.403129339164
11,541,159.209539392848
12,541,194.374987250658
13,541,156.848844219912
14,541,123.731626731949
15,541,155.845300618431
16,541,156.799289794271
17,541,151.272522581804
18,541,154.333387111643
1,542,198.06076690642
2,542,113.387559128702
3,542,191.590036965056
4,542,208.870452858539
5,542,137.134640951224
6,542,184.483523324457
7,542,163.525883724591
8,542,182.139971687888
9,542,184.646046081782
10,542,160.767868007542
11,542,183.623239207287
12,542,171.366280694966
13,542,136.982584892919
14,542,140.769258646279
15,542,189.76260464438
16,542,127.526075129979
17,542,141.798963248897
18,542,188.120654978897
1,543,161.988058444534
2,543,174.621608195171
3,543,162.88465295463
4,543,162.293365487309
5,543,115.718047596937
6,543,161.754399872556
7,543,156.100989949052
8,543,152.323172407733
9,543,113.146711678416
10,543,176.325493147539
11,543,115.021112853439
12,543,162.195479364209
13,543,166.185764286434
14,543,152.982791507141
15,543,166.645029185969
16,543,172.050403019742
17,543,180.870457439759
18,543,148.50225863716
1,544,167.497927136338
2,544,164.24005155867
3,544,142.584989259718
4,544,174.367777743013
5,544,139.358790467467
6,544,163.445456525551
7,544,177.106750138741
8,544,121.894539643729
9,544,190.52695426303
10,544,157.573388181426
11,544,176.977328648973
12,544,158.837251117889
13,544,163.919368053813
14,544,148.652718298562
15,544,157.612220760044
16,544,166.142906783481
17,544,193.63159944411
18,544,174.965994182992
1,545,108.821790951695
2,545,183.408243304828
3,545,181.274839691781
4,545,151.722858720817
5,545,155.280230388223
6,545,150.702631350469
7,545,131.353406596242
8,545,134.646298784239
9,545,177.826374359281
10,545,180.410694785269
11,545,134.884115523674
12,545,165.379738826162
13,545,166.706365835322
14,545,138.387883240313
15,545,163.243543906052
16,545,177.754207362664
17,545,162.298707285214
18,545,140.33355923686
1,546,116.784614307626
2,546,170.173330693064
3,546,162.749575424513
4,546,191.209005597842
5,546,147.193317829376
6,546,156.803387104636
7,546,141.819619627355
8,546,179.119347089557
9,546,130.034517951821
10,546,146.495367926128
11,546,131.080799863468
12,546,179.228829340373
13,546,138.22816212249
14,546,164.40035127608
15,546,186.600630751199
16,546,137.803468997708
17,546,174.637021962202
18,546,154.465857425891
1,547,165.179978476708
2,547,184.421196419018
3,547,195.057087689085
4,547,140.095280438824
5,547,193.358555063471
6,547,153.950171475123
7,547,179.301721306758
8,547,140.150798508674
9,547,130.038649255904
10,547,167.396348421533
11,547,190.196020028136
12,547,169.706659110196
13,547,154.450303280363
14,547,160.586207708045
15,547,153.463376255954
16,547,150.521348564311
17,547,164.366173801433
18,547,116.078033532623
1,548,160.603054368911
2,548,153.566526865351
3,548,147.175485836522
4,548,184.627889399219
5,548,174.403571297926
6,548,141.213827999711
7,548,147.476432843541
8,548,198.343657070568
9,548,145.367978947737
10,548,173.168901016129
11,548,153.178676740712
12,548,153.582288066389
13,548,140.398102161195
14,548,191.98507906544
15,548,162.563690333688
16,548,187.524229212754
17,548,156.95218868366
18,548,152.113883157188
1,549,152.153398566871
2,549,172.837110361881
3,549,169.389737981289
4,549,184.463215193123
5,549,117.228226507064
6,549,137.713264234026
7,549,164.690533243185
8,549,166.066115319018
9,549,179.263815282464
10,549,157.831905817661
11,549,178.802346473515
12,549,136.631824788642
13,549,201.786824049386
14,549,198.802588267386
15,549,143.45132372281
16,549,161.58590225666
17,549,134.888402981553
18,549,149.730758003135
1,550,166.309286645398
2,550,174.788309399288
3,550,119.635167453372
4,550,186.535875696585
5,550,185.866551598878
6,550,177.489394259513
7,550,133.259659443307
8,550,184.342782160925
9,550,168.820889385377
10,550,105.547699092505
11,550,151.112057705423
12,550,161.5087946092
13,550,109.895735787245
14,550,153.730409306295
15,550,164.84116706599
16,550,141.029660822104
17,550,131.922982471208
18,550,180.597138136842
1,551,179.728987304287
2,551,148.508929233993
3,551,109.191953243597
4,551,140.254786549058
5,551,156.155667318186
6,551,160.629924535979
7,551,133.108349246863
8,551,162.015808368947
9,551,184.141221404163
10,551,194.137478977834
11,551,141.20730742682
12,551,139.201445050027
13,551,180.016174540556
14,551,186.795344419977
15,551,147.825641784516
16,551,166.615338540596
17,551,162.056077864503
18,551,139.722318938471
1,552,190.734012130857
2,552,173.740541577015
3,552,142.370688896113
4,552,155.535678099119
5,552,196.610247162295
6,552,174.133998286839
7,552,181.128067684445
8,552,186.528765153686
9,552,187.350525627028
10,552,182.820256601217
11,552,111.339118740699
12,552,180.646367886001
13,552,155.260525257817
14,552,132.633223447415
15,552,123.850947707092
16,552,121.584667592731
17,552,176.087322012346
18,552,170.206732472313
1,553,186.112060330847
2,553,128.060269281766
3,553,144.020937433466
4,553,152.641896902095
5,553,146.720073720314
6,553,175.974078666081
7,553,120.808133148009
8,553,194.909615263614
9,553,176.800697151628
10,553,169.577413633734
11,553,190.718850502639
12,553,154.262277900742
13,553,119.371538168904
14,553,182.465055886368
15,553,117.43147172238
16,553,123.114773552678
17,553,184.495762011462
18,553,145.76961485671
1,554,188.599087163347
2,554,136.34300408841
3,554,167.319592420449
4,554,161.765014543104
5,554,164.468546836597
6,554,146.192638791518
7,554,143.925825891374
8,554,133.840152955693
9,554,166.596085701141
10,554,135.961749891417
11,554,148.235283093431
12,554,148.121711560219
13,554,199.642873193886
14,554,155.187706338245
15,554,148.306291662847
16,554,177.276764722121
17,554,104.7641161944
18,554,152.119779343146
1,555,170.207079741684
2,555,176.581629427366
3,555,128.357464638466
4,555,191.578485546816
5,555,177.515187406209
6,555,155.897182884056
7,555,122.257572469533
8,555,172.372157587477
9,555,153.06854859109
10,555,161.755898094573
11,555,167.740689365048
12,555,169.551920809942
13,555,154.567832897685
14,555,180.545996153017
15,555,115.309596442158
16,555,201.473029093607
17,555,124.656728717738
18,555,148.330913036713
1,556,138.107271315129
2,556,182.61701881624
3,556,193.565858785789
4,556,130.066907805146
5,556,156.259182414075
6,556,157.252228928474
7,556,187.172113219952
8,556,129.474743074953
9,556,163.114191308079
10,556,187.356294180747
11,556,147.16801271568
12,556,148.160363005913
13,556,184.150174987315
14,556,148.452161109692
15,556,130.887452827101
16,556,150.34243278191
17,556,191.072915848971
18,556,184.642981125357
1,557,179.594174230357
2,557,114.267540573534
3,557,166.509421686247
4,557,176.448468110558
5,557,171.901205728596
6,557,137.028687437474
7,557,163.632229528929
8,557,154.069737082394
9,557,148.364465504903
10,557,154.507159127042
11,557,150.969277572709
12,557,184.195093051069
13,557,144.370910573712
14,557,152.776225415245
15,557,186.43329730216
16,557,179.834530771145
17,557,172.464875632988
18,557,155.670246597119
1,558,156.682224175508
2,558,158.073960757032
3,558,131.077074678909
4,558,145.366226924017
5,558,166.171166650971
6,558,170.004761415161
7,558,134.242458200637
8,558,177.944248333964
9,558,138.077304003889
10,558,161.385017084141
11,558,199.587929549309
12,558,154.271288143984
13,558,125.322564362263
14,558,135.507987992543
15,558,137.291619321592
16,558,116.092463265638
17,558,144.959156519064
18,558,150.860805968326
1,559,144.577318388889
2,559,130.158148909079
3,559,131.390524854104
4,559,184.335518268092
5,559,154.798378967345
6,559,127.841375163289
7,559,133.478556020548
8,559,186.273811146213
9,559,188.481807958992
10,559,181.517073589964
11,559,161.920983428602
12,559,143.74366503595
13,559,178.306175008869
14,559,123.114624713916
15,559,125.12283128927
16,559,144.778172507107
17,559,158.867479062403
18,559,182.777565963956
1,560,171.240688404996
2,560,154.194082294937
3,560,161.372846866157
4,560,132.811016419615
5,560,159.593034631073
6,560,129.355233692132
7,560,133.569483571981
8,560,186.986886300513
9,560,143.735295890172
10,560,174.195422349832
11,560,149.429258115998
12,560,166.769939870351
13,560,139.317254439873
14,560,172.229722514722
15,560,176.189569625307
16,560,195.536058212662
17,560,195.72614821692
18,560,157.236298048207
1,561,187.951859991815
2,561,169.118098955514
3,561,168.467745147502
4,561,167.693701480282
5,561,156.456313773499
6,561,159.99249817966
7,561,171.931417049844
8,561,153.414326086943
9,561,139.665039975058
10,561,153.976723127009
11,561,164.962933160316
12,561,157.364887908592
13,561,162.835810712101
14,561,153.332281244645
15,561,110.251346528033
16,561,138.078694603172
17,561,197.723390874776
18,561,170.994624541698
1,562,126.708155879231
2,562,169.344773797146
3,562,107.698198016622
4,562,143.289045094469
5,562,159.188117543906
6,562,145.354261673391
7,562,161.574306988437
8,562,167.035060873254
9,562,159.014261067705
10,562,174.218768540936
11,562,162.285202230306
12,562,183.949306240417
13,562,130.004322207095
14,562,179.151070797598
15,562,172.305976472628
16,562,197.026551804866
17,562,189.213741789736
18,562,129.70108192757
1,563,138.40093000664
2,563,167.968017992561
3,563,165.862418567334
4,563,200.584562979771
5,563,152.770557070215
6,563,196.984613970014
7,563,157.80281345754
8,563,147.10983574109
9,563,180.900423430934
10,563,164.477177795359
11,563,165.244330860813
12,563,167.166626582589
13,563,198.204803450886
14,563,159.957722731184
15,563,151.249557895381
16,563,136.333288005054
17,563,191.089621081073
18,563,148.979481521762
1,564,148.146179930577
2,564,184.966195145543
3,564,153.740628515511
4,564,199.621495781672
5,564,151.378417320806
6,564,165.629249812378
7,564,165.466776152842
8,564,128.664127678985
9,564,169.4516289332
10,564,105.016767617366
11,564,162.382858963816
12,564,161.393183586562
13,564,172.461088613625
14,564,149.097137272687
15,564,139.834153487242
16,564,138.768259238683
17,564,153.556117535763
18,564,119.524943838311
1,565,173.660674180962
2,565,187.660631080558
3,565,182.250780133489
4,565,145.62360269554
5,565,166.580621977116
6,565,136.161744948961
7,565,174.959361591493
8,565,179.910187598805
9,565,177.902378551015
10,565,175.59856505955
11,565,172.687893384689
12,565,166.676784171362
13,565,153.92598372257
14,565,154.067823324814
15,565,155.360585976695
16,565,153.163019032734
17,565,172.97606677782
18,565,166.670049293381
1,566,148.153069054339
2,566,149.16929831566
3,566,156.132412737241
4,566,146.047341779959
5,566,157.079906749859
6,566,190.897807454454
7,566,121.467939746648
8,566,132.792868326993
9,566,166.488533282283
10,566,134.344992693922
11,566,171.795198758648
12,566,133.345313564231
13,566,157.795455374418
14,566,144.905954108458
15,566,196.246794573618
16,566,171.83174073112
17,566,155.086010652598
18,566,152.007868173222
1,567,171.994856694933
2,567,142.538030311645
3,567,170.946355882772
4,567,151.080407036095
5,567,176.659872389247
6,567,168.942957013309
7,567,168.352585607438
8,567,145.723409970992
9,567,154.712577219087
10,567,183.794932453364
11,567,171.644139233598
12,567,146.796943128596
13,567,164.714094026326
14,567,151.639464616555
15,567,164.496244368068
16,567,166.315626339667
17,567,175.19033869467
18,567,138.317057355932
1,568,176.390814420644
2,568,139.73703986484
3,568,159.002502881271
4,568,169.428825418589
5,568,149.82785563888
6,568,118.47777648412
7,568,188.206210554664
8,568,126.941040110198
9,568,160.383638633938
10,568,180.052131870169
11,568,150.149563243606
12,568,161.890594632244
13,568,135.721218515679
14,568,143.833735116644
15,568,165.073907545511
16,568,166.580894279876
17,568,167.667856074276
18,568,189.021313415246
1,569,131.095949482557
2,569,176.975715008469
3,569,126.343092707735
4,569,165.043973802972
5,569,163.214875322341
6,569,166.678579149935
7,569,138.900153090228
8,569,157.747683358394
9,569,188.600501776376
10,569,134.84473817626
11,569,131.823530433957
12,569,174.234781949861
13,569,122.202544113331
14,569,156.227928700961
15,569,157.592442529866
16,569,125.122490714404
17,569,169.484824719389
18,569,144.451253990265
1,570,162.631691160423
2,570,149.930711656335
3,570,156.395980078496
4,570,175.146494228812
5,570,167.481280936975
6,570,184.140126514377
7,570,140.177370365983
8,570,132.547047640144
9,570,164.137273582663
10,570,172.454472158864
11,570,138.527726144123
12,570,164.491627091414
13,570,139.266142065653
14,570,142.404234159462
15,570,161.55924323516
16,570,141.21063768772
17,570,168.212394995322
18,570,129.179172615877
1,571,137.638466254509
2,571,178.802926560418
3,571,122.161932681276
4,571,169.612390337383
5,571,133.7614481128
6,571,133.480436893633
7,571,114.5278274392
8,571,150.578583276398
9,571,162.038885278506
10,571,133.570568212816
11,571,172.130434035519
12,571,161.557595262171
13,571,196.363866009878
14,571,193.302639172518
15,571,136.998899106225
16,571,158.363314741991
17,571,147.717861012106
18,571,180.108627141661
1,572,156.687523425958
2,572,197.436239279992
3,572,164.367105661618
4,572,202.320960160969
5,572,139.418899451844
6,572,127.142620448561
7,572,179.883934346053
8,572,145.119662416864
9,572,150.063592007722
10,572,168.528030812366
11,572,181.106572955618
12,572,170.399307105278
13,572,120.665014517552
14,572,158.822474749817
15,572,155.411119362006
16,572,187.760514013526
17,572,166.745651718939
18,572,144.136253273512
1,573,147.218445638129
2,573,157.123094341899
3,573,147.561693626486
4,573,173.14070204202
5,573,143.50497381691
6,573,178.946335339748
7,573,161.487949282534
8,573,196.13798531859
9,573,186.907185848758
10,573,157.580887552976
11,573,133.8111557066
12,573,142.519568265678
13,573,156.911103544927
14,573,163.811481925651
15,573,147.463108068408
16,573,139.662001060931
17,573,189.826253644709
18,573,181.070823601684
1,574,198.149230907529
2,574,132.059931761502
3,574,170.224524609814
4,574,201.682540541286
5,574,160.677406211939
6,574,179.258595924601
7,574,188.93878503133
8,574,149.509202931075
9,574,147.995058089223
10,574,137.741291012092
11,574,157.894657774639
12,574,179.359198572152
13,574,182.511392220442
14,574,188.5366216878
15,574,161.537579142848
16,574,111.416633815914
17,574,147.644852990245
18,574,197.806566097503
1,575,163.231791855419
2,575,146.183885832192
3,575,148.349454540802
4,575,132.142020914395
5,575,197.349354291963
6,575,161.379810332852
7,575,149.974802766695
8,575,149.77933729929
9,575,180.135373465427
10,575,187.459847661386
11,575,159.221699134499
12,575,173.874121730047
13,575,188.247340934643
14,575,142.392284956815
15,575,179.914588236903
16,575,175.433641848368
17,575,143.223471175719
18,575,153.081348944915
1,576,165.338428067579
2,576,158.158476556484
3,576,155.803403343901
4,576,161.789407344233
5,576,170.270913530073
6,576,157.38884096005
7,576,158.136275457609
8,576,132.696842677162
9,576,169.537408994141
10,576,194.895195620775
11,576,156.487705627017
12,576,141.769327678662
13,576,180.461821993586
14,576,137.108918204309
15,576,166.023362826281
16,576,124.990946411578
17,576,127.051781195813
18,576,169.374609717807
1,577,158.724418163824
2,577,136.838228072333
3,577,151.140550531028
4,577,148.005829565767
5,577,183.916156371435
6,577,162.165226356085
7,577,130.777090425279
8,577,150.034790927094
9,577,113.895941078604
10,577,153.887859452781
11,577,169.477381794134
12,577,162.112459472256
13,577,180.161725864077
14,577,176.074702179797
15,577,169.144372282887
16,577,198.777015236382
17,577,188.6806849364
18,577,134.897724941342
1,578,179.279475226106
2,578,183.121591514776
3,578,136.114964597242
4,578,177.734996975486
5,578,179.910199505419
6,578,106.040591815651
7,578,144.755586158312
8,578,157.840117543497
9,578,183.677277715954
10,578,171.150949433515
11,578,181.274248855786
12,578,194.114617028655
13,578,158.057208875483
14,578,125.218123123934
15,578,182.889715230105
16,578,154.338706475849
17,578,152.844464024252
18,578,113.250542082164
1,579,181.667137654336
2,579,169.903709390872
3,579,110.66450592903
4,579,185.899098926847
5,579,133.15659761873
6,579,161.46458457981
7,579,162.433686638117
8,579,174.975822520868
9,579,146.748449156724
10,579,136.335369213991
11,579,107.379808892769
12,579,183.50131081782
13,579,138.488899219481
14,579,158.189816906038
15,579,193.390070440918
16,579,163.459467996969
17,579,129.455560651197
18,579,160.675548429398
1,580,162.845873636911
2,580,169.435064988424
3,580,147.175013368586
4,580,169.699097142372
5,580,159.609210102995
6,580,177.791624323998
7,580,155.047951346167
8,580,177.295323592914
9,580,156.039067738709
10,580,192.437194217292
11,580,156.356979330054
12,580,175.46689780655
13,580,112.168444002544
14,580,158.609361261264
15,580,159.208548608401
16,580,115.846984911481
17,580,162.024652557687
18,580,161.505661188552
1,581,168.231951752393
2,581,122.710553023707
3,581,188.957683721053
4,581,182.800712801275
5,581,160.022301283838
6,581,132.853701902837
7,581,165.091036675772
8,581,146.968599509877
9,581,124.656349985586
10,581,180.335426727452
11,581,161.404587855932
12,581,135.550425234868
13,581,122.074499955434
14,581,171.797602391614
15,581,199.080743405406
16,581,128.897995492205
17,581,150.631875965172
18,581,125.268690940643
1,582,166.887593237194
2,582,174.612755451929
3,582,168.883662180528
4,582,170.613576790537
5,582,127.236015896374
6,582,161.097534955649
7,582,169.45945150899
8,582,137.343969595023
9,582,132.640343035444
10,582,166.74377060024
11,582,169.270513210692
12,582,184.210550751363
13,582,143.988501522674
14,582,155.545078980272
15,582,142.427623041806
16,582,176.547823620226
17,582,168.273897311941
18,582,178.068589853337
1,583,167.205221587516
2,583,158.628637981766
3,583,153.310728279509
4,583,164.002324162701
5,583,140.991268555421
6,583,149.041804306203
7,583,163.425372618361
8,583,142.693068539289
9,583,158.081080317847
10,583,152.455736993746
11,583,180.546298614131
12,583,112.965510638687
13,583,143.64929536708
14,583,163.981079189504
15,583,156.343742027923
16,583,185.942640949239
17,583,202.186190368602
18,583,170.842098260586
1,584,127.758277781676
2,584,190.749041499732
3,584,166.113601680036
4,584,158.941980239119
5,584,168.194127657275
6,584,115.162588281468
7,584,148.317620970953
8,584,146.717900489354
9,584,141.669546550253
10,584,145.246245265119
11,584,124.044085359684
12,584,180.813116821301
13,584,124.866844306509
14,584,172.969738572203
15,584,152.939809395007
16,584,194.574285804622
17,584,186.716923203498
18,584,152.260815524704
1,585,160.399036887641
2,585,177.545481799248
3,585,192.222115935988
4,585,151.022091243602
5,585,144.411771392455
6,585,145.248717023726
7,585,171.990390516852
8,585,168.172735098706
9,585,161.939976024945
10,585,138.474891464745
11,585,167.12105507381
12,585,182.944600681921
13,585,163.670626835838
14,585,166.960399189072
15,585,176.503346285668
16,585,155.871022871008
17,585,159.020477942756
18,585,141.136220113306
1,586,180.743133701918
2,586,134.178470787329
3,586,169.985911138372
4,586,108.931557805852
5,586,158.979442649492
6,586,171.969848541503
7,586,156.586124996382
8,586,150.929481535904
9,586,127.919786499939
10,586,144.244280005986
11,586,143.227462832779
12,586,181.32600471371
13,586,152.957339292922
14,586,202.883078768374
15,586,180.022635091364
16,586,158.512407950052
17,586,176.809275610833
18,586,163.416671343013
1,587,139.218664323191
2,587,178.395866884162
3,587,147.62174399293
4,587,193.44393022271
5,587,195.379903558829
6,587,164.327884197187
7,587,124.973515788452
8,587,157.636093838281
9,587,163.1111072823
10,587,161.342995504834
11,587,165.241869723955
12,587,163.126917190578
13,587,146.976449789722
14,587,166.956606243121
15,587,125.823151024639
16,587,141.680519128664
17,587,149.715951422018
18,587,153.144747676962
1,588,205.59266454914
2,588,118.977819150225
3,588,156.657882000232
4,588,154.193899047629
5,588,153.940512889983
6,588,146.76026593246
7,588,163.111425260809
8,588,177.331811303139
9,588,130.377596482074
10,588,158.043036120891
11,588,175.904961423441
12,588,135.670752439027
13,588,175.185944121651
14,588,146.19110410388
15,588,150.853887035973
16,588,151.054312197839
17,588,160.523494374951
18,588,132.355881960264
1,589,146.89156121903
2,589,181.234531405802
3,589,174.517464835669
4,589,164.367153311701
5,589,120.117358419039
6,589,168.999284354965
7,589,153.961691921382
8,589,121.720906356469
9,589,173.008503397844
10,589,129.044697221833
11,589,194.594036002217
12,589,145.868896301179
13,589,136.656055835404
14,589,186.789829836413
15,589,131.553349694256
16,589,150.263804175997
17,589,156.694538469307
18,589,184.526008430807
1,590,157.878481434357
2,590,170.190467387471
3,590,176.059502702915
4,590,155.011142225267
5,590,156.548886133551
6,590,141.817908575779
7,590,145.132495665112
8,590,188.770902406273
9,590,197.630330470564
10,590,172.465531684555
11,590,151.327729586527
12,590,158.643829400444
13,590,178.812058582046
14,590,162.455904667486
15,590,175.751809554788
16,590,143.948104383767
17,590,148.549252983313
18,590,197.286196204791
1,591,194.191595161464
2,591,172.188040444423
3,591,130.680673895913
4,591,179.384217241412
5,591,135.931173093395
6,591,134.499307109852
7,591,184.972631869278
8,591,122.116957376739
9,591,122.03536414596
10,591,198.676438949938
11,591,173.325057274465
12,591,160.770572985727
13,591,163.499409032774
14,591,145.835888573935
15,591,175.640101954724
16,591,157.575828974556
17,591,176.586860679203
18,591,147.50674241335
1,592,142.794720706924
2,592,182.025610495072
3,592,142.313225287753
4,592,174.952452079303
5,592,177.325387845002
6,592,202.340722652004
7,592,178.978707682371
8,592,126.372208275269
9,592,131.670325055026
10,592,151.101344491606
11,592,128.928287427268
12,592,170.067336661116
13,592,132.598236664886
14,592,194.161293540329
15,592,158.860144580577
16,592,133.966290336541
17,592,158.716866389349
18,592,159.65468271155
1,593,202.741449525192
2,593,149.702374420596
3,593,171.059293151666
4,593,121.723112333779
5,593,155.681338189606
6,593,132.614566569971
7,593,146.30818650142
8,593,130.250887691319
9,593,146.126761163444
10,593,117.728760254289
11,593,143.961265015788
12,593,164.315405670488
13,593,132.133394916731
14,593,162.758378603599
15,593,163.012980809965
16,593,175.428416628169
17,593,104.564547306715
18,593,186.790899389423
1,594,130.36300142913
2,594,115.362442106316
3,594,181.245602920754
4,594,149.129030165751
5,594,162.468464500526
6,594,131.773167631088
7,594,171.446162408596
8,594,162.619683724472
9,594,144.732238795317
10,594,181.070498649598
11,594,189.758178332905
12,594,167.445960105642
13,594,152.115200488824
14,594,157.303782676453
15,594,172.18917182183
16,594,150.546142783373
17,594,159.504729347232
18,594,160.247881068089
1,595,169.735240421211
2,595,178.19922772971
3,595,148.505941800459
4,595,179.423013117292
5,595,186.540689941666
6,595,167.820336878466
7,595,146.570821635078
8,595,183.926152093785
9,595,206.583387115599
10,595,160.329372357363
11,595,155.423235990332
12,595,190.845385165775
13,595,161.977005450956
14,595,134.357823598279
15,595,143.954307557416
16,595,165.152795822846
17,595,175.49439275945
18,595,117.408834730609
1,596,163.315290263026
2,596,169.483184691782
3,596,173.279041887475
4,596,109.941856228801
5,596,175.044993011739
6,596,152.419400803361
7,596,140.1646408685
8,596,160.94847764298
9,596,177.584746280169
10,596,170.325129899047
11,596,129.889824175978
12,596,144.597039663735
13,596,162.556914193032
14,596,145.404972592811
15,596,179.515352110778
16,596,160.277672275523
17,596,121.378815547656
18,596,145.195413899003
1,597,148.507315293525
2,597,169.674656116426
3,597,149.478157638283
4,597,171.202641053393
5,597,113.658028901114
6,597,129.058039137265
7,597,154.439690005185
8,597,151.475600003091
9,597,189.721161708727
10,597,186.462285990527
11,597,125.081368203235
12,597,146.724660244446
13,597,132.007318094692
14,597,143.820445151241
15,597,149.727072518565
16,597,180.743140895311
17,597,157.833466656597
18,597,128.635515740352
1,598,161.520522585904
2,598,149.448974620848
3,598,163.317774278771
4,598,143.010390140776
5,598,152.590633158595
6,598,123.07702484528
7,598,203.037112476066
8,598,153.052569216082
9,598,148.349436157262
10,598,163.722551771222
11,598,126.625416591858
12,598,142.634031932177
13,598,121.892896810373
14,598,156.892910760995
15,598,154.514383339161
16,598,168.910502009258
17,598,146.008757877655
18,598,163.7931048713
1,599,182.497260391108
2,599,145.680726299748
3,599,154.811261185256
4,599,138.77212055383
5,599,160.960527735927
6,599,167.692838312298
7,599,120.881974614742
8,599,180.122259064161
9,599,153.530219851032
10,599,155.004013821141
11,599,152.746264356355
12,599,133.3370371299
13,599,125.173314610462
14,599,110.291305049312
15,599,136.545464753522
16,599,132.399301282086
17,599,137.536632931301
18,599,142.219053367244
1,600,177.614461915414
2,600,185.832126189986
3,600,171.52323372501
4,600,163.130985757039
5,600,174.62024523121
6,600,166.087383536509
7,600,189.688026765791
8,600,160.263359810595
9,600,151.52083885134
10,600,140.019333475048
11,600,185.301147507316
12,600,170.307698549997
13,600,152.897666343624
14,600,138.231313028461
15,600,184.746027638375
16,600,174.134651297263
17,600,128.449677806012
18,600,135.943886729565
1,601,144.361531078902
2,601,176.553913517083
3,601,179.532886836216
4,601,192.535942698187
5,601,194.11035214323
6,601,129.115952465215
7,601,158.30857485949
8,601,132.690983501958
9,601,151.274456182764
10,601,179.908180698781
11,601,173.068593157953
12,601,196.347921090956
13,601,156.401089949913
14,601,146.255617572227
15,601,159.503657764915
16,601,135.339162121755
17,601,164.685552394113
18,601,169.97111193089
1,602,183.347993387599
2,602,188.461305270321
3,602,132.816041470083
4,602,145.22464363007
5,602,148.510980759506
6,602,161.922375123444
7,602,172.483676410004
8,602,149.322698578481
9,602,112.584671653631
10,602,176.758834671958
11,602,187.564602694697
12,602,160.707176000865
13,602,143.227485491679
14,602,178.170536526271
15,602,133.325988884614
16,602,159.407934925781
17,602,162.859488341485
18,602,164.241329303652
1,603,201.807735853053
2,603,179.216163497519
3,603,142.622941913032
4,603,141.409762658853
5,603,123.281916402457
6,603,173.731979250808
7,603,156.104487758543
8,603,119.405585376928
9,603,185.036927574359
10,603,170.564228386263
11,603,152.617561555519
12,603,177.511106157202
13,603,172.470409651701
14,603,159.293555438129
15,603,184.754931934348
16,603,171.763066954328
17,603,119.123950136815
18,603,172.196221430941
1,604,172.47809585473
2,604,126.04460662066
3,604,146.58512501271
4,604,162.397732466932
5,604,157.830468031
6,604,174.288054920436
7,604,201.924023680224
8,604,174.706003198653
9,604,164.686748234386
10,604,152.332469981868
11,604,177.246486071797
12,604,146.403556513911
13,604,134.654571939584
14,604,142.639008530608
15,604,168.632641309259
16,604,126.16371034276
17,604,156.331892200553
18,604,154.52041678884
1,605,153.725820141506
2,605,171.018769580641
3,605,171.521435231958
4,605,202.44247311525
5,605,123.087147072328
6,605,140.288800167429
7,605,189.400094493585
8,605,125.342080084358
9,605,202.304596441064
10,605,201.759944556017
11,605,148.512353271976
12,605,184.512064170068
13,605,170.633725477342
14,605,157.741404931718
15,605,199.773348830552
16,605,175.113259259211
17,605,137.314992724364
18,605,174.326055619242
1,606,160.253066233714
2,606,163.34514182919
3,606,202.559583487899
4,606,185.670284077676
5,606,136.240052095929
6,606,157.58698125252
7,606,180.458238204284
8,606,168.98989688749
9,606,169.608900108215
10,606,188.393715621217
11,606,150.478965291988
12,606,123.095925146975
13,606,167.103315563556
14,606,119.633022827168
15,606,151.252012485726
16,606,187.891591628083
17,606,176.11235991696
18,606,181.205009477648
1,607,146.776208559004
2,607,165.880079465601
3,607,118.367034245836
4,607,153.545319602818
5,607,177.300758756908
6,607,175.016982690958
7,607,184.24922466044
8,607,120.124172127374
9,607,161.663416264471
10,607,149.014293854423
11,607,138.617334204557
12,607,136.739426620877
13,607,147.462519312733
14,607,201.691531140994
15,607,127.022818765618
16,607,131.800293057297
17,607,125.50532024234
18,607,139.21491477451
1,608,184.250606672378
2,608,132.618453196685
3,608,113.709804032428
4,608,118.097245742876
5,608,171.538364623896
6,608,160.930185404499
7,608,149.950893501269
8,608,178.524354037701
9,608,126.837178924555
10,608,155.783838602817
11,608,153.711711616252
12,608,200.962075106299
13,608,154.766390763734
14,608,117.891548681331
15,608,185.695480916965
16,608,162.985015262174
17,608,203.394773799021
18,608,155.506117175082
1,609,196.673118582323
2,609,191.828945611965
3,609,193.607879330151
4,609,162.091253873421
5,609,193.42239578332
6,609,134.130424777174
7,609,179.87079025827
8,609,165.650355091939
9,609,148.175056633471
10,609,156.266140806376
11,609,162.936249875233
12,609,164.379460404334
13,609,122.562993399595
14,609,125.241525612692
15,609,139.937971871189
16,609,173.044192481519
17,609,137.540560482158
18,609,195.70509738845
1,610,132.228020928207
2,610,152.914790890454
3,610,189.816021878583
4,610,183.656696255376
5,610,170.209020187324
6,610,189.556078129268
7,610,164.95396724442
8,610,180.421069830758
9,610,158.938747086848
10,610,141.73782398671
11,610,181.123214723187
12,610,108.957918153373
13,610,178.895560532142
14,610,180.461180788229
15,610,136.746572625563
16,610,151.701656035921
17,610,114.47587078693
18,610,157.498960627928
1,611,130.153578113819
2,611,155.945033386315
3,611,147.150277903078
4,611,159.951345271784
5,611,159.122374612748
6,611,128.737189103526
7,611,191.475071227905
8,611,160.832107169526
9,611,173.266276638194
10,611,151.357231650732
11,611,174.416616374205
12,611,170.267906076423
13,611,177.239740274833
14,611,115.547633862418
15,611,156.169382036326
16,611,128.1867098063
17,611,132.612031727603
18,611,159.720541486097
1,612,136.928763138553
2,612,155.932224244356
3,612,126.151225434281
4,612,154.029945736728
5,612,127.56316215992
6,612,189.194300696926
7,612,122.828882053257
8,612,152.559878736778
9,612,178.329098286433
10,612,152.179636458605
11,612,129.321941497734
12,612,134.520200315718
13,612,172.909312169181
14,612,144.668396722569
15,612,202.909008812522
16,612,184.116368393433
17,612,154.549505358327
18,612,196.645827259826
1,613,154.888018500055
2,613,193.385741974756
3,613,177.872786634177
4,613,142.32883223261
5,613,158.866329937938
6,613,183.469016435396
7,613,140.292812908169
8,613,126.56843229167
9,613,124.826132326717
10,613,138.307442438866
11,613,161.268521637706
12,613,166.050841586862
13,613,148.867722007365
14,613,198.321868025205
15,613,167.78454017559
16,613,160.703293144596
17,613,165.33746773849
18,613,182.387118107618
1,614,187.615509327607
2,614,157.541398918943
3,614,172.481386087039
4,614,159.349499901501
5,614,184.334555998174
6,614,168.337049879033
7,614,160.751435441231
8,614,193.506362719552
9,614,177.361792884934
10,614,139.793249579652
11,614,153.349720175994
12,614,153.319545883386
13,614,155.616784245876
14,614,166.097071930733
15,614,160.8614199597
16,614,160.817291571253
17,614,131.750961013016
18,614,128.978670521987
1,615,129.528785970152
2,615,156.367259984686
3,615,152.283003701607
4,615,174.431083821974
5,615,125.202703791568
6,615,154.985438292126
7,615,161.320074538867
8,615,161.166835697132
9,615,176.966606333411
10,615,126.759741052788
11,615,137.305326855421
12,615,148.200821471916
13,615,160.360958361247
14,615,139.456507817399
15,615,122.358042890083
16,615,165.732553875529
17,615,180.005949380969
18,615,149.300100629683
1,616,150.628073420083
2,616,146.239886894984
3,616,191.95572680121
4,616,178.812403898002
5,616,160.134831361806
6,616,159.018207988755
7,616,197.206603989855
8,616,198.883669225397
9,616,166.504004585995
10,616,114.824135991814
11,616,154.751582330505
12,616,182.999109502808
13,616,181.690050313459
14,616,163.836988159283
15,616,170.88630266525
16,616,129.026759026341
17,616,145.604726863475
18,616,163.448704663025
1,617,174.797603203856
2,617,163.948921643749
3,617,173.177786934017
4,617,154.157781607096
5,617,167.349960339886
6,617,159.935144467666
7,617,150.645864501974
8,617,186.550126906374
9,617,158.047083660153
10,617,167.684501128107
11,617,178.767286543145
12,617,132.628162693619
13,617,184.089298506507
14,617,138.891709081527
15,617,165.68650372744
16,617,111.852163003563
17,617,139.203519620273
18,617,172.585856432052
1,618,175.964036446637
2,618,151.370870729717
3,618,162.483242323085
4,618,166.672766452374
5,618,184.354606102169
6,618,164.172798808006
7,618,121.188922327147
8,618,143.140219781486
9,618,140.792242851787
10,618,156.914107310204
11,618,170.94767769746
12,618,180.428321210208
13,618,126.243985932739
14,618,148.382171546494
15,618,205.964475365648
16,618,165.890102853718
17,618,138.072661327321
18,618,160.310640735558
1,619,169.015951912214
2,619,112.406302301012
3,619,118.874511876551
4,619,126.042694305011
5,619,201.504704325394
6,619,133.929670407258
7,619,175.331223914235
8,619,183.390841986287
9,619,146.665747698603
10,619,139.117130221451
11,619,164.880196861747
12,619,147.286974740187
13,619,141.649142458377
14,619,177.344313879078
15,619,119.024661140803
16,619,169.260282771487
17,619,132.244989818365
18,619,141.801159049563
1,620,136.583535415546
2,620,108.981173120855
3,620,184.437492929733
4,620,177.56097961663
5,620,169.444284823871
6,620,107.04953869605
7,620,150.297017913958
8,620,177.020477121438
9,620,153.130479470871
10,620,161.351067625918
11,620,182.981903187158
12,620,163.21015353247
13,620,134.299573164854
14,620,160.070610633145
15,620,172.462859438165
16,620,176.753101353312
17,620,136.014598968325
18,620,202.942420605632
1,621,175.123861613319
2,621,167.29151334086
3,621,186.800092712532
4,621,195.874728928709
5,621,148.609138807709
6,621,181.547437343118
7,621,169.232722559679
8,621,154.958784851385
9,621,111.8206601522
10,621,139.792364615702
11,621,166.259428107217
12,621,162.210862094601
13,621,166.050586800439
14,621,187.999526389624
15,621,168.530498986094
16,621,150.873627469579
17,621,185.981311501481
18,621,158.420902918077
1,622,135.540594411621
2,622,145.286051187165
3,622,189.566924124813
4,622,148.895326148414
5,622,135.365404177014
6,622,139.962335225553
7,622,120.557779420495
8,622,142.90525696299
9,622,201.51390270713
10,622,166.362690358561
11,622,177.373444903363
12,622,115.012485707038
13,622,176.182075707212
14,622,199.977685928905
15,622,173.185584458414
16,622,160.772822618215
17,622,154.290699815735
18,622,172.425898710492
1,623,181.616770787537
2,623,168.572915491298
3,623,190.249441168873
4,623,169.613371995821
5,623,121.952984730436
6,623,167.047153722909
7,623,130.979317506994
8,623,188.055578336691
9,623,141.340588033524
10,623,143.373100570338
11,623,170.792963737169
12,623,198.545370624059
13,623,110.260586529101
14,623,164.150875371369
15,623,155.526127076551
16,623,149.014731886717
17,623,124.174971774176
18,623,188.862840266519
1,624,150.927676328647
2,624,163.481461317891
3,624,121.083333007369
4,624,132.41913892792
5,624,185.0414354902
6,624,108.367901914118
7,624,152.644066016022
8,624,158.042645250151
9,624,154.629830991808
10,624,180.980793908052
11,624,191.272483902354
12,624,130.98298286596
13,624,137.746294437419
14,624,108.015961800371
15,624,122.248459822513
16,624,181.260235496289
17,624,143.974204417674
18,624,147.986522062608
1,625,143.122227523258
2,625,121.359285631102
3,625,166.847475564878
4,625,158.922227038566
5,625,151.660367472701
6,625,143.44856722869
7,625,125.001364159902
8,625,145.200171059905
9,625,154.888684585588
10,625,120.170511978675
11,625,172.397964030626
12,625,188.377465113761
13,625,126.45008255974
14,625,148.359900773508
15,625,181.449905465257
16,625,170.111252991806
17,625,174.917234047565
18,625,189.45601636155
1,626,191.422794228585
2,626,128.026637786297
3,626,151.359959261469
4,626,153.42225522679
5,626,168.462538300478
6,626,181.660914066334
7,626,137.536607348432
8,626,119.33264035669
9,626,153.121978377071
10,626,185.12738536647
11,626,133.096919721524
12,626,171.672028087239
13,626,183.050285934256
14,626,130.969869741409
15,626,124.22846690547
16,626,109.674608962669
17,626,172.810088308892
18,626,122.733761257848
1,627,142.333033802449
2,627,159.122551727387
3,627,133.23972290909
4,627,158.03782361045
5,627,190.707820284487
6,627,110.092242333782
7,627,161.564491712887
8,627,194.894555827475
9,627,166.469057734066
10,627,162.485653259044
11,627,163.436193331942
12,627,125.410342501481
13,627,173.670744474825
14,627,131.488952470656
15,627,190.962516222419
16,627,177.616818674312
17,627,160.582947509813
18,627,147.946400610406
1,628,186.074227119988
2,628,189.978809164559
3,628,110.226599219495
4,628,134.423241737161
5,628,173.16056668979
6,628,169.253392324369
7,628,168.467923903798
8,628,183.219342130945
9,628,163.14397857308
10,628,139.079885067088
11,628,161.997842512138
12,628,166.825356610077
13,628,148.096239470525
14,628,141.435785267162
15,628,143.879396020405
16,628,191.3433167819
17,628,183.47796153588
18,628,170.734843607899
1,629,154.824155890294
2,629,167.006335475106
3,629,185.268734130148
4,629,167.134855348687
5,629,149.88142328907
6,629,132.526896935337
7,629,134.073778880154
8,629,167.636147789444
9,629,190.444780027001
10,629,196.055382834046
11,629,156.923158097732
12,629,152.12023283209
13,629,186.000540183201
14,629,185.034340293034
15,629,128.925748449171
16,629,139.583280191607
17,629,167.015683511737
18,629,115.388221196011
1,630,151.662400780646
2,630,140.141267372244
3,630,198.501868136634
4,630,116.060215587422
5,630,187.805274370903
6,630,142.286375559898
7,630,171.574485575157
8,630,140.066677994045
9,630,146.843901407675
10,630,151.69517411815
11,630,181.070225925153
12,630,127.872304246382
13,630,175.238020722779
14,630,192.572978026348
15,630,124.259758538128
16,630,152.225241967614
17,630,185.402096670651
18,630,143.814963334529
1,631,178.280713299855
2,631,158.32710859398
3,631,154.802123358372
4,631,191.126328815702
5,631,202.591940578893
6,631,171.093719248915
7,631,180.400601981708
8,631,169.771295063831
9,631,146.665168179399
10,631,123.342491150287
11,631,179.923756759009
12,631,162.716982364426
13,631,168.16380385911
14,631,125.902435538931
15,631,155.106127044587
16,631,189.862917116688
17,631,104.307922128681
18,631,183.203759541796
1,632,148.755424555326
2,632,168.874156378307
3,632,159.743350079604
4,632,171.892941568885
5,632,175.276453500738
6,632,136.96585090822
7,632,166.898069616537
8,632,140.942615251672
9,632,164.131939027873
10,632,192.778588239318
11,632,191.649701512655
12,632,128.25285235763
13,632,157.985527100023
14,632,164.507293348009
15,632,133.053412819103
16,632,146.411031832036
17,632,146.930024980322
18,632,158.42243259923
1,633,154.881722604948
2,633,177.343505372684
3,633,145.115470496622
4,633,168.449962316151
5,633,116.583855794014
6,633,198.684547678098
7,633,172.373232612147
8,633,178.65882495714
9,633,176.81406036113
10,633,158.258260774269
11,633,140.995641628167
12,633,109.255345813655
13,633,168.768620069329
14,633,157.379319705248
15,633,151.663097877616
16,633,175.289753284124
17,633,152.166114537625
18,633,152.003201953301
1,634,172.569981732091
2,634,189.627526784026
3,634,168.361628691713
4,634,165.609312724675
5,634,144.886764295206
6,634,157.033491726952
7,634,141.104057029979
8,634,133.985019626913
9,634,171.18935874191
10,634,115.894060760884
11,634,134.424716625833
12,634,127.248702903926
13,634,141.80682516408
14,634,185.911484416199
15,634,189.259732837901
16,634,179.542320051882
17,634,162.704522188438
18,634,173.863382619521
1,635,148.446827905001
2,635,142.155711937544
3,635,130.167080289162
4,635,167.552719083972
5,635,175.138727757378
6,635,148.506731067276
7,635,145.648742522609
8,635,189.031057142546
9,635,161.346125984818
10,635,183.365053060717
11,635,185.446271172023
12,635,154.316773444636
13,635,154.028253649107
14,635,127.039482823248
15,635,182.101777789948
16,635,207.588826681053
17,635,130.907451854827
18,635,166.563179453697
1,636,118.268111193691
2,636,170.465422895919
3,636,166.33479205608
4,636,150.733184883813
5,636,185.451481746239
6,636,173.752427597477
7,636,146.348759001733
8,636,170.3648975433
9,636,153.158055487349
10,636,173.880026441938
11,636,179.812949933092
12,636,163.161596428816
13,636,148.17265842203
14,636,133.120982463565
15,636,131.51559393007
16,636,113.802681930951
17,636,138.727161838575
18,636,170.496587031402
1,637,155.15303530247
2,637,131.441563040076
3,637,122.204240064874
4,637,183.615020944193
5,637,177.201017736193
6,637,138.223644239133
7,637,171.885736231862
8,637,121.914956623313
9,637,177.959809152025
10,637,158.647880690163
11,637,192.218964979403
12,637,172.237057304745
13,637,181.156512021335
14,637,177.728339169999
15,637,190.471192616178
16,637,168.137246607763
17,637,150.801190389659
18,637,162.477599461115
1,638,184.834936198249
2,638,155.445750620591
3,638,126.305015882917
4,638,150.055766360801
5,638,172.782905978541
6,638,195.544929948225
7,638,194.118254082653
8,638,154.622814231969
9,638,199.816780550972
10,638,148.733954340188
11,638,165.533904104513
12,638,163.109914583855
13,638,176.205452649613
14,638,134.944786223626
15,638,132.503586115082
16,638,141.52633614268
17,638,122.50042395598
18,638,172.556464198963
1,639,158.91566691583
2,639,128.00120714901
3,639,165.576675581103
4,639,132.082284152486
5,639,156.121321733699
6,639,176.591252404359
7,639,139.31678380557
8,639,186.624202962963
9,639,129.148487452293
10,639,123.405371186374
11,639,180.145955232421
12,639,173.868152073583
13,639,181.558360191209
14,639,172.287475806023
15,639,155.48525511228
16,639,158.547040198277
17,639,194.493749256278
18,639,153.447379969217
1,640,159.541877991489
2,640,150.332889799294
3,640,180.931178050302
4,640,197.135807821119
5,640,142.645355852659
6,640,180.378464658095
7,640,172.60740684523
8,640,176.56965360572
9,640,173.842699397901
10,640,158.535565199035
11,640,165.505836202561
12,640,175.759120586613
13,640,183.378598887797
14,640,175.55284784886
15,640,156.098744506641
16,640,172.30945416549
17,640,114.44361028574
18,640,137.876817139364
1,641,151.1387461044
2,641,146.225556542002
3,641,176.087178311942
4,641,117.029549985256
5,641,116.432950713222
6,641,127.092823779189
7,641,119.101323378449
8,641,205.481358014753
9,641,159.709805009203
10,641,163.790232880832
11,641,161.858865700353
12,641,151.655799795056
13,641,186.036486564222
14,641,165.990715289596
15,641,157.787084972517
16,641,120.454341219398
17,641,170.388283314613
18,641,136.128487467742
1,642,165.146037488318
2,642,201.376496769999
3,642,175.753672356934
4,642,162.342072489306
5,642,179.593326953353
6,642,162.323969867052
7,642,126.661450785721
8,642,185.502975883698
9,642,142.336864939749
10,642,119.930917957813
11,642,179.648900396912
12,642,178.776341992549
13,642,112.29238782797
14,642,166.877764345557
15,642,108.154992550286
16,642,126.437482208619
17,642,162.192575272854
18,642,134.866611094298
1,643,159.950342958346
2,643,127.91495497531
3,643,150.871904943758
4,643,146.4834432689
5,643,178.086099576228
6,643,174.249118725036
7,643,185.490123814236
8,643,161.940689982389
9,643,181.28851926157
10,643,117.743872068106
11,643,155.06614599317
12,643,192.629975168685
13,643,158.578388960746
14,643,149.698092851466
15,643,165.842332807593
16,643,145.853253191461
17,643,112.809502109616
18,643,150.063550183484
1,644,134.300118007708
2,644,191.951775297458
3,644,176.933936850086
4,644,161.210864268696
5,644,164.574554283576
6,644,120.352074932468
7,644,127.3423444253
8,644,163.115120443898
9,644,187.437068952804
10,644,205.92454776537
11,644,169.976768753774
12,644,187.214357346632
13,644,144.408778141356
14,644,148.314471631264
15,644,159.451064280616
16,644,142.431338952391
17,644,160.688877269216
18,644,166.185505574474
1,645,152.104663380446
2,645,158.006722828235
3,645,154.916316429549
4,645,155.291499249703
5,645,155.744420024906
6,645,114.849819538404
7,645,173.841357613529
8,645,176.658571716981
9,645,181.4212636897
10,645,162.164481452557
11,645,171.388937996103
12,645,172.9160177867
13,645,195.515265965734
14,645,153.541917486921
15,645,172.941767512883
16,645,166.937373384468
17,645,166.232399195538
18,645,166.904541913261
1,646,177.910967829284
2,646,155.641036030422
3,646,156.043883970856
4,646,160.687428985876
5,646,175.478051590441
6,646,184.224667841188
7,646,199.166019186095
8,646,148.319741711255
9,646,154.305812138475
10,646,197.775984013302
11,646,182.173154596513
12,646,182.029845545044
13,646,159.755627481031
14,646,149.857750209472
15,646,140.697403557837
16,646,194.507869970938
17,646,184.277714428073
18,646,185.258363296519
1,647,169.285354516095
2,647,195.986216843712
3,647,151.634810971054
4,647,146.19888173473
5,647,195.75638486426
6,647,171.714074278985
7,647,116.712492027098
8,647,157.531211648854
9,647,157.754831823999
10,647,146.325905115602
11,647,154.297650792274
12,647,180.606031920379
13,647,156.15968201513
14,647,138.965684152123
15,647,161.871821272276
16,647,171.729137670304
17,647,197.233317272539
18,647,129.94828348983
1,648,113.478985654333
2,648,149.297365973732
3,648,182.231918482454
4,648,189.217435918615
5,648,140.381411636406
6,648,116.361626315426
7,648,180.166331017975
8,648,152.799226959285
9,648,148.355153933045
10,648,129.357071219775
11,648,178.385534089751
12,648,151.036279871706
13,648,153.969636322781
14,648,139.312502033053
15,648,144.201898039356
16,648,172.535120308088
17,648,129.011571668392
18,648,160.775254500162
1,649,134.460475289279
2,649,133.600483674925
3,649,150.485098074363
4,649,179.40051798397
5,649,158.274727808725
6,649,149.142757645778
7,649,170.532399228492
8,649,132.077136876257
9,649,157.44341017409
10,649,162.471266282312
11,649,186.307186836001
12,649,128.430700679575
13,649,128.747403199484
14,649,152.930325827956
15,649,171.451705848934
16,649,154.500747672944
17,649,179.604673834288
18,649,124.44585363856
1,650,170.440303974631
2,650,167.336768416666
3,650,156.20231737536
4,650,159.904734869825
5,650,146.883125653743
6,650,159.810353059257
7,650,125.034665359459
8,650,189.606649881876
9,650,122.305423472825
10,650,182.440842517515
11,650,174.715342188199
12,650,119.064338555902
13,650,151.602109984198
14,650,116.871035131204
15,650,122.886983545385
16,650,118.774655969773
17,650,170.556131179588
18,650,156.292317495652
1,651,176.770759800366
2,651,162.18312303165
3,651,112.492870515722
4,651,136.915065667824
5,651,196.895891803348
6,651,130.895876982862
7,651,186.360973623444
8,651,156.636181622523
9,651,128.152700108692
10,651,160.95025699307
11,651,139.270532464638
12,651,107.664708823544
13,651,163.734190723593
14,651,180.39305638856
15,651,167.160307934058
16,651,196.73778136037
17,651,129.874930541726
18,651,166.783936399201
1,652,143.521046904339
2,652,107.378558207775
3,652,207.587219778782
4,652,154.862543469151
5,652,180.063623760598
6,652,144.148188523063
7,652,189.400287230394
8,652,133.464796957794
9,652,139.543362559538
10,652,188.126171217341
11,652,151.862687570692
12,652,122.774853699646
13,652,126.277654557589
14,652,144.450024501157
15,652,167.116314852487
16,652,173.249463984104
17,652,158.046567299255
18,652,115.35709863529
1,653,202.590378445642
2,653,153.676012768349
3,653,151.601183726196
4,653,153.406582439302
5,653,159.437812476071
6,653,136.162772309358
7,653,135.845981292508
8,653,152.8043914095
9,653,164.209905671916
10,653,173.657297845572
11,653,139.785582309115
12,653,153.016892380702
13,653,133.468717621335
14,653,155.702275085083
15,653,156.78908312942
16,653,163.920076969474
17,653,136.785368849401
18,653,182.6910848764
1,654,137.804554278735
2,654,162.506349425885
3,654,170.428958069816
4,654,128.593912051768
5,654,183.33472931839
6,654,200.561487744088
7,654,178.547563153571
8,654,167.095281565691
9,654,159.078578613938
10,654,176.929259087111
11,654,161.21907691353
12,654,163.233559353133
13,654,140.452336511828
14,654,170.353356443345
15,654,165.626095582759
16,654,138.691248594255
17,654,181.400659327774
18,654,129.220230208581
1,655,135.089799590346
2,655,186.319993210261
3,655,181.412410940423
4,655,146.825201871167
5,655,143.199471397092
6,655,160.681189642876
7,655,168.633200696275
8,655,180.696658816913
9,655,125.482645313183
10,655,138.730835504166
11,655,162.935676173999
12,655,173.051441378517
13,655,187.864266839625
14,655,145.728123934247
15,655,157.396874158099
16,655,145.16822162712
17,655,121.545582368614
18,655,143.664071723819
1,656,193.680613511165
2,656,187.240153739027
3,656,138.824005808565
4,656,187.977612654889
5,656,134.878610322087
6,656,189.22756809116
7,656,144.072820909439
8,656,172.116753034203
9,656,134.510267323771
10,656,111.862200040143
11,656,163.494769557353
12,656,172.027954889312
13,656,166.465930157604
14,656,198.250661277899
15,656,150.529687411238
16,656,162.974734652583
17,656,177.505409452135
18,656,115.796425703517
1,657,168.984033710996
2,657,185.073049679684
3,657,127.864678266311
4,657,168.780448796204
5,657,173.830557563438
6,657,145.327297114619
7,657,127.423644178322
8,657,126.774134598908
9,657,157.267725153684
10,657,152.273682043216
11,657,152.707162343592
12,657,170.232001167317
13,657,139.405885412671
14,657,125.153704259284
15,657,184.120949206636
16,657,153.855493339382
17,657,159.777283645926
18,657,172.473370727974
1,658,170.628345126973
2,658,136.868654678526
3,658,158.163144287099
4,658,176.184963214542
5,658,137.258897788149
6,658,164.71618403518
7,658,172.049261841877
8,658,168.029114523349
9,658,139.456682376151
10,658,162.414252902948
11,658,178.114378181335
12,658,118.831746596226
13,658,203.554499662686
14,658,193.143762297449
15,658,166.687808153667
16,658,157.910559596147
17,658,174.173948594788
18,658,200.09945933052
1,659,168.790891003493
2,659,148.922211543505
3,659,186.680100466014
4,659,154.877647817206
5,659,128.536800787488
6,659,185.180773045346
7,659,135.466087440362
8,659,193.399702789053
9,659,160.844715895419
10,659,142.448972428113
11,659,157.827176399174
12,659,150.439835293947
13,659,130.79582290915
14,659,149.243139070098
15,659,118.424881456421
16,659,176.707184434296
17,659,147.7408467762
18,659,171.623636744997
1,660,193.908923728174
2,660,146.535807969971
3,660,201.915304031765
4,660,134.198806569033
5,660,177.793791293349
6,660,162.469192124675
7,660,120.83167265355
8,660,157.767931601509
9,660,175.869243594793
10,660,180.077307728638
11,660,145.996008251808
12,660,125.074364864409
13,660,162.017174173926
14,660,170.900738762719
15,660,174.236623862481
16,660,181.121945127436
17,660,194.150783324588
18,660,168.903521510114
1,661,162.153551393499
2,661,134.965966230258
3,661,141.828889838176
4,661,127.839898145077
5,661,176.215176508096
6,661,182.131123398238
7,661,177.448006094978
8,661,199.700858133196
9,661,179.321259542675
10,661,129.605042996015
11,661,184.488470473156
12,661,167.863225646792
13,661,165.485490219865
14,661,133.581658598406
15,661,135.79465265719
16,661,137.52546914334
17,661,162.128659696248
18,661,176.470379216851
1,662,118.28133139753
2,662,133.64323725613
3,662,184.634408213208
4,662,133.051746406431
5,662,170.336202259544
6,662,181.242669295897
7,662,174.807705738898
8,662,147.543159552522
9,662,162.721214496337
10,662,153.346878060016
11,662,109.777308921575
12,662,158.859088991588
13,662,144.221444718782
14,662,143.523116964584
15,662,180.213588900324
16,662,172.87321194935
17,662,152.701745740343
18,662,158.136805346613
1,663,177.834734097905
2,663,158.621198040159
3,663,135.934009969882
4,663,177.496514208644
5,663,164.814438643623
6,663,162.492799031473
7,663,145.795934725951
8,663,168.872043897495
9,663,143.213296792415
10,663,125.018409240607
11,663,154.8439583713
12,663,157.578999253448
13,663,195.029942534884
14,663,151.517282373662
15,663,162.958508814513
16,663,168.603481677984
17,663,164.038644857941
18,663,162.42901087133
1,664,193.016553773635
2,664,161.178147480275
3,664,152.356320334468
4,664,156.680091339333
5,664,170.609272942816
6,664,118.751709805303
7,664,141.328008938719
8,664,176.30411280089
9,664,178.087689886655
10,664,151.579370623523
11,664,126.372844826422
12,664,152.473527037642
13,664,157.917666445183
14,664,138.11945057563
15,664,184.15278176833
16,664,165.480485489038
17,664,188.404088561262
18,664,189.017980972235
1,665,157.204800664473
2,665,155.927260093526
3,665,109.792153847703
4,665,167.073727553114
5,665,193.910133688772
6,665,124.461754488599
7,665,143.893047039065
8,665,136.193202962292
9,665,175.158349623205
10,665,146.119283864158
11,665,119.430434391038
12,665,179.859450351114
13,665,148.386935859495
14,665,162.164398390407
15,665,193.675537866761
16,665,158.582910875862
17,665,166.682610204829
18,665,147.995838846388
1,666,166.696335703526
2,666,123.025832341057
3,666,179.19153648545
4,666,168.262777484805
5,666,125.989632683042
6,666,181.696411945314
7,666,159.911006116841
8,666,152.622308556597
9,666,169.639920823904
10,666,146.928363448734
11,666,184.259933460696
12,666,141.633957694188
13,666,139.139808057552
14,666,136.834221196043
15,666,164.294495131168
16,666,174.773285633495
17,666,173.98119873262
18,666,202.46577153471
1,667,209.151306999317
2,667,119.810189104645
3,667,192.982993244735
4,667,183.884532614289
5,667,109.986306123535
6,667,156.49764122017
7,667,159.584730371599
8,667,151.590747120937
9,667,163.36257054693
10,667,161.996210715403
11,667,177.412101191008
12,667,156.660046594333
13,667,141.935743760662
14,667,158.050616794172
15,667,181.351765130934
16,667,203.514247879627
17,667,142.100990748318
18,667,166.03008645504
1,668,156.805823924942
2,668,182.065791340756
3,668,172.564241860006
4,668,137.53895136291
5,668,144.263382849452
6,668,135.762271617543
7,668,161.0844042822
8,668,148.813722891232
9,668,192.780169668737
10,668,196.269101436271
11,668,147.943342579105
12,668,169.221801286125
13,668,130.617041460482
14,668,171.407734578334
15,668,175.283030788812
16,668,148.654092138928
17,668,139.768123854002
18,668,156.233617970948
1,669,152.832098918237
2,669,163.310678529761
3,669,170.384470115527
4,669,122.152956227175
5,669,169.334233903197
6,669,179.440423652617
7,669,185.226936265137
8,669,126.094563063789
9,669,142.441425728993
10,669,181.026669960636
11,669,151.590041060971
12,669,163.272480103772
13,669,142.986978518331
14,669,113.14361793456
15,669,155.401985960171
16,669,188.037424791113
17,669,198.963355955573
18,669,156.516962374977
1,670,157.796647335073
2,670,174.682676428248
3,670,158.56251904419
4,670,179.063528224206
5,670,170.468853420347
6,670,191.794363718355
7,670,129.273132219736
8,670,176.045884807152
9,670,180.417095367553
10,670,162.215582331094
11,670,157.858921363308
12,670,130.421976509231
13,670,141.7900363605
14,670,178.745951410246
15,670,167.381158560986
16,670,163.977772225697
17,670,154.908267154644
18,670,183.21956152606
1,671,155.665080161715
2,671,151.631494196633
3,671,156.537401825971
4,671,155.721542851048
5,671,192.248027535485
6,671,149.210802668947
7,671,145.671336098088
8,671,150.724095669724
9,671,180.43152902005
10,671,132.593993537618
11,671,162.792190362721
12,671,153.986477583542
13,671,152.602395692497
14,671,146.746474658202
15,671,143.334231900728
16,671,192.678521899049
17,671,150.379316160468
18,671,128.530601418077
1,672,152.647067248711
2,672,155.750743069495
3,672,183.371615540515
4,672,159.240680807093
5,672,139.848317089325
6,672,151.959212117502
7,672,193.878421157874
8,672,137.619018530606
9,672,155.206074747715
10,672,161.595356253914
11,672,143.098737166566
12,672,157.078796101196
13,672,141.714543395827
14,672,161.999332458271
15,672,163.298682895965
16,672,179.646779326656
17,672,195.548419026346
18,672,184.797580742097
1,673,153.912755804749
2,673,173.260454769252
3,673,156.988276537307
4,673,170.60792385048
5,673,163.663533035327
6,673,156.740695037296
7,673,160.613508720198
8,673,143.777907832183
9,673,140.855660492271
10,673,166.251704983325
11,673,181.17446398202
12,673,137.387523413514
13,673,128.959358297363
14,673,152.278869333685
15,673,134.888973009496
16,673,184.525108013564
17,673,149.163691367065
18,673,158.160305127204
1,674,152.584751919625
2,674,145.458571179593
3,674,182.594242447153
4,674,144.407911503809
5,674,143.87983303688
6,674,171.940574434349
7,674,155.028059375998
8,674,182.368567119937
9,674,151.247187569277
10,674,169.714338932411
11,674,193.220534001039
12,674,181.470071928171
13,674,190.486304141588
14,674,173.24144205724
15,674,132.988063430325
16,674,156.473188983452
17,674,168.775156471174
18,674,157.124113403371
1,675,127.463366645455
2,675,148.176525533315
3,675,138.643847426357
4,675,191.654707725493
5,675,144.938594712035
6,675,132.114885040402
7,675,138.185508013048
8,675,171.709770527365
9,675,164.171986116967
10,675,167.21003305964
11,675,151.724857850328
12,675,150.733719289179
13,675,165.86964997709
14,675,174.722888852959
15,675,186.250941318529
16,675,153.340843328211
17,675,185.054872901454
18,675,172.842512224167
1,676,113.535873281479
2,676,162.042710674812
3,676,153.175774889269
4,676,158.984897049313
5,676,169.674293837197
6,676,166.864382331684
7,676,184.925359629507
8,676,178.433112281282
9,676,145.221936758627
10,676,161.191583312401
11,676,162.013437740881
12,676,138.547806504057
13,676,193.692104325252
14,676,133.635581132571
15,676,163.532632955136
16,676,138.971637907623
17,676,197.43378257447
18,676,174.563199218787
1,677,111.686794863152
2,677,167.838421216356
3,677,199.52705321464
4,677,134.720585120703
5,677,109.941380862642
6,677,148.48875505226
7,677,184.265015762169
8,677,156.942386263222
9,677,182.789184832152
10,677,187.516540470541
11,677,150.058113728243
12,677,197.42382158789
13,677,151.281703102571
14,677,192.240197731378
15,677,166.962939810346
16,677,167.65817094429
17,677,162.908829398682
18,677,189.765415373581
1,678,164.403085884196
2,678,140.605215317314
3,678,187.928924025958
4,678,193.472587897459
5,678,164.186766714973
6,678,155.966535354701
7,678,113.631404320401
8,678,134.806053730265
9,678,168.320308903703
10,678,111.944561872072
11,678,151.48760415273
12,678,175.968573340661
13,678,177.966130637831
14,678,128.104713136226
15,678,137.492942221759
16,678,144.971600222348
17,678,153.269965417796
18,678,161.697136403248
1,679,122.41905872059
2,679,173.987400015487
3,679,123.506153042726
4,679,175.605127804618
5,679,118.581736233198
6,679,149.506919850102
7,679,159.742138959354
8,679,155.485807159342
9,679,106.859355644742
10,679,144.124140600212
11,679,186.751419062194
12,679,165.594002166865
13,679,143.175866840356
14,679,161.917955424699
15,679,159.527170669281
16,679,176.333954846566
17,679,185.609647208769
18,679,138.425744792944
1,680,165.759802440594
2,680,123.139673816
3,680,168.441881314971
4,680,195.155899271805
5,680,143.533683722235
6,680,124.719821092702
7,680,127.528560811095
8,680,157.544667273628
9,680,173.420815400258
10,680,123.338217006898
11,680,154.429010664831
12,680,164.343049211201
13,680,159.195003427167
14,680,151.122146548332
15,680,138.75663891598
16,680,128.36616586163
17,680,145.574371406275
18,680,128.358811521992
1,681,110.829484003361
2,681,143.581802532369
3,681,120.235252600034
4,681,163.525360855998
5,681,121.767534668941
6,681,153.068606249384
7,681,154.977199009186
8,681,136.008988193487
9,681,132.796048751237
10,681,156.251305074738
11,681,167.711236483547
12,681,135.370935374749
13,681,159.988232625253
14,681,141.17988598381
15,681,147.059117259605
16,681,121.717026999692
17,681,121.112876254603
18,681,147.528465357955
1,682,142.657379215121
2,682,132.198902227249
3,682,179.075007011446
4,682,171.448307168923
5,682,169.683394171925
6,682,200.861675171307
7,682,151.757590658037
8,682,179.223022817019
9,682,111.362753826149
10,682,148.755143037592
11,682,147.370749734246
12,682,176.031461293363
13,682,105.755996196379
14,682,175.853630952703
15,682,195.942672827671
16,682,181.28754153925
17,682,159.954262045304
18,682,191.756052722539
1,683,186.88257355655
2,683,148.741728063086
3,683,155.129793995305
4,683,172.642744088158
5,683,200.036001421087
6,683,161.385269143858
7,683,136.901399606097
8,683,124.868854647973
9,683,177.856078889969
10,683,153.712806369587
11,683,158.947460214318
12,683,161.27180467582
13,683,175.360965502345
14,683,138.271248970028
15,683,126.846460181683
16,683,179.723730173166
17,683,201.853286962808
18,683,181.321230519684
1,684,165.786624715242
2,684,192.858692023227
3,684,147.103424048837
4,684,200.366013257317
5,684,129.974347750032
6,684,153.649740801194
7,684,122.667100436929
8,684,159.067520973973
9,684,117.368201539094
10,684,173.68925854864
11,684,119.058390420173
12,684,141.157186187109
13,684,160.088117325705
14,684,194.816145219274
15,684,184.023645897082
16,684,156.50074863653
17,684,166.926622512056
18,684,160.770994665782
1,685,115.533603052967
2,685,141.254582909196
3,685,161.103776457698
4,685,189.527029224068
5,685,191.415411964091
6,685,151.530399641575
7,685,181.746753975192
8,685,161.790181061121
9,685,196.978067822371
10,685,168.414033852554
11,685,168.39457909587
12,685,193.944417495435
13,685,104.219086254196
14,685,187.865026444821
15,685,173.43920741317
16,685,179.28010425404
17,685,163.836587213154
18,685,150.272672468272
1,686,119.045150375761
2,686,164.851737746617
3,686,156.14502693645
4,686,189.225023786193
5,686,142.633211799103
6,686,164.266160039223
7,686,148.455030181518
8,686,147.798605729851
9,686,169.558543112686
10,686,193.19281804233
11,686,144.676729404731
12,686,176.261736762448
13,686,143.142807574686
14,686,181.651904771962
15,686,124.05314122017
16,686,171.637714055396
17,686,162.959992371973
18,686,132.136867063678
1,687,171.362979201878
2,687,154.713218729157
3,687,171.834143817627
4,687,156.655475342863
5,687,185.426887549916
6,687,198.094724460326
7,687,110.040209181226
8,687,152.619827555942
9,687,159.943350817413
10,687,143.067172049562
11,687,126.648490407811
12,687,125.75505080377
13,687,172.67600766497
14,687,140.74588365023
15,687,160.978543511374
16,687,160.026463643949
17,687,132.740243851862
18,687,146.063770522887
1,688,150.117215766154
2,688,192.275283971674
3,688,189.632821539484
4,688,146.430107982916
5,688,145.963913589864
6,688,142.022582628811
7,688,118.928181695398
8,688,134.007802595031
9,688,183.341399275282
10,688,178.778570854525
11,688,185.027217567863
12,688,180.407732282909
13,688,144.286073915022
14,688,125.465134261632
15,688,194.055827425756
16,688,127.918959749208
17,688,155.318955926102
18,688,179.616077706043
1,689,127.979026151244
2,689,195.539003554632
3,689,151.902171696395
4,689,139.330706201071
5,689,164.731938170647
6,689,120.216008573466
7,689,171.624113428365
8,689,161.948270832317
9,689,167.622875803022
10,689,188.853673331919
11,689,186.383035407073
12,689,140.014868817215
13,689,164.222706303384
14,689,129.838209765803
15,689,170.587748931271
16,689,189.86331177648
17,689,181.981811437662
18,689,147.889005722356
1,690,155.313368828299
2,690,143.878387503266
3,690,139.590343892597
4,690,159.561480346746
5,690,152.493191676977
6,690,154.488728848752
7,690,126.668799901178
8,690,169.341830265403
9,690,160.310130057317
10,690,185.637753067542
11,690,170.293879743534
12,690,136.957844224546
13,690,133.259316832062
14,690,120.52045524089
15,690,137.629733076625
16,690,186.532117468078
17,690,131.794645461602
18,690,200.980408965319
1,691,158.272503173426
2,691,151.242921599269
3,691,189.889225860505
4,691,180.111991030294
5,691,143.633715983575
6,691,157.509730518131
7,691,143.739356078388
8,691,130.390154462052
9,691,158.619364420102
10,691,158.11878165711
11,691,135.001835771415
12,691,181.453092725548
13,691,181.752898888723
14,691,177.754631642251
15,691,152.004641711794
16,691,168.40214289519
17,691,184.222603566523
18,691,162.940371928468
1,692,173.372626969864
2,692,169.599793777032
3,692,176.891126159609
4,692,162.093855296054
5,692,123.595466901429
6,692,148.277659186186
7,692,119.71801106833
8,692,177.15657004407
9,692,160.515575604447
10,692,168.358838348067
11,692,150.599801494442
12,692,200.575448019847
13,692,151.076014765014
14,692,164.548683429413
15,692,156.836043024646
16,692,163.098763961471
17,692,193.164786755569
18,692,188.17893849532
1,693,147.990291526219
2,693,127.980184204561
3,693,144.018685455647
4,693,180.684222381108
5,693,193.613665963701
6,693,129.387113936813
7,693,164.064994495466
8,693,182.51970883596
9,693,164.47227046851
10,693,170.73440174924
11,693,127.511400881057
12,693,170.210221615666
13,693,175.860813223468
14,693,118.310284763946
15,693,185.004325815057
16,693,130.690517880233
17,693,175.070416682269
18,693,198.717892168723
1,694,130.826218977831
2,694,158.934503911327
3,694,190.514825688037
4,694,120.012050869688
5,694,152.106792626665
6,694,154.418157441729
7,694,196.872614431739
8,694,151.248270807673
9,694,169.411150628284
10,694,196.710670985884
11,694,168.320422113717
12,694,159.758724490859
13,694,199.19782413795
14,694,197.793624625682
15,694,185.818539316389
16,694,166.694274995579
17,694,169.319776703682
18,694,131.070097198933
1,695,139.729580592524
2,695,165.419630333013
3,695,179.272355513783
4,695,148.597705325437
5,695,176.300258422638
6,695,175.955533473511
7,695,146.684826272534
8,695,163.661405193592
9,695,154.036887130504
10,695,151.762427207285
11,695,152.666040754735
12,695,197.514800336431
13,695,120.394152899639
14,695,130.543942836039
15,695,174.253784932742
16,695,128.536004518803
17,695,123.403293993486
18,695,140.81050230186
1,696,166.738615764286
2,696,151.574148297207
3,696,122.248717851977
4,696,130.399205456001
5,696,180.478713495745
6,696,175.791777206815
7,696,177.506612348921
8,696,142.241488996303
9,696,197.385230042277
10,696,154.014479745273
11,696,129.98349691631
12,696,139.444995985392
13,696,180.445553182208
14,696,173.67844822515
15,696,154.127709619645
16,696,181.567241667786
17,696,163.898479339434
18,696,162.476107684852
1,697,149.195663971005
2,697,177.717781540673
3,697,168.2927496785
4,697,145.398672165876
5,697,131.725370192943
6,697,150.526129362575
7,697,136.814524349213
8,697,168.481433713519
9,697,177.466904485487
10,697,172.630731450556
11,697,105.965595489492
12,697,122.626651405064
13,697,152.724439723439
14,697,184.575052070002
15,697,148.440709176286
16,697,144.021054069466
17,697,175.799135541566
18,697,153.638748651754
1,698,168.642614574818
2,698,158.670930385805
3,698,126.215400852826
4,698,128.400224061793
5,698,191.106540851991
6,698,175.61720215405
7,698,182.629081739082
8,698,154.444180910725
9,698,190.282100350395
10,698,160.722122231767
11,698,135.065046844831
12,698,149.015690665989
13,698,197.833662491404
14,698,169.823822446029
15,698,185.763244496812
16,698,167.878623487275
17,698,184.75884262198
18,698,181.851690013974
1,699,129.423626387123
2,699,142.980655938667
3,699,157.634716892011
4,699,187.626665642151
5,699,163.302397475644
6,699,160.087920908477
7,699,125.90855306514
8,699,122.986695966796
9,699,154.466192197745
10,699,141.897666275761
11,699,176.498248588347
12,699,171.717138930278
13,699,166.061714464299
14,699,131.961594326585
15,699,164.447139704503
16,699,116.526927352886
17,699,190.449263468153
18,699,152.949109866891
1,700,140.526482886797
2,700,170.389466023683
3,700,176.849113788954
4,700,180.601865702796
5,700,182.883152246659
6,700,122.613422007682
7,700,127.244222906919
8,700,173.72664532486
9,700,114.665073302203
10,700,145.991082701503
11,700,180.569809690845
12,700,136.595078298233
13,700,153.266394614152
14,700,146.31877661016
15,700,203.362600903328
16,700,156.2377120756
17,700,166.144171284789
18,700,159.490276221218
1,701,158.568814488272
2,701,155.540274236492
3,701,118.822861994859
4,701,138.428607867823
5,701,139.139841291946
6,701,164.797964107233
7,701,125.690304678504
8,701,164.989139990469
9,701,206.5249684259
10,701,163.674042274921
11,701,127.853766489464
12,701,152.078671496153
13,701,172.96241939451
14,701,162.608721718598
15,701,188.463143922424
16,701,123.676981384779
17,701,151.46070529354
18,701,142.026955301618
1,702,162.36635387692
2,702,121.99702539562
3,702,132.426356159935
4,702,136.473511113008
5,702,159.06032563752
6,702,151.163289464624
7,702,150.532158822935
8,702,198.924946522777
9,702,140.558976246429
10,702,159.54346318774
11,702,172.407743754286
12,702,154.225613947977
13,702,138.5515770697
14,702,144.027902564126
15,702,122.278598664722
16,702,139.170809623057
17,702,177.520314626111
18,702,148.34291824663
1,703,163.597297995617
2,703,185.02331585637
3,703,120.784326922214
4,703,184.354654510821
5,703,141.818656528253
6,703,151.690541500439
7,703,178.152216247534
8,703,161.196117851157
9,703,134.462721565656
10,703,164.259095328708
11,703,176.439528747417
12,703,149.364680113291
13,703,151.369529042828
14,703,155.90071402114
15,703,124.859281880296
16,703,159.639617522567
17,703,169.547922876176
18,703,183.629007514962
1,704,108.84691265631
2,704,161.732473659536
3,704,143.272425939199
4,704,177.147065268834
5,704,157.216190036228
6,704,194.944341438624
7,704,164.657396278647
8,704,146.492427121863
9,704,164.790051733385
10,704,175.362369436304
11,704,161.728860199517
12,704,144.88127108341
13,704,189.29476165292
14,704,115.816288696293
15,704,195.027889199293
16,704,125.482953266321
17,704,196.804897639067
18,704,159.190973703976
1,705,127.151879031454
2,705,177.930281435069
3,705,139.21396135587
4,705,162.294555211733
5,705,128.322823953237
6,705,171.603337465124
7,705,149.087603828081
8,705,199.141386305813
9,705,165.850650805449
10,705,121.169464651396
11,705,163.276293854409
12,705,194.66646456978
13,705,153.743799585547
14,705,176.97835209745
15,705,155.577008288194
16,705,170.714547569665
17,705,149.096741208915
18,705,155.678006358895
1,706,137.850650323161
2,706,169.263493143573
3,706,141.059470501711
4,706,191.898917324109
5,706,138.644404686001
6,706,164.640505728847
7,706,146.836254535073
8,706,192.023336774574
9,706,125.353117298171
10,706,169.356462892156
11,706,186.316372746346
12,706,154.791277809353
13,706,198.46290770504
14,706,158.970005107002
15,706,127.205353675466
16,706,182.965662272844
17,706,186.771687364325
18,706,127.601349892788
1,707,161.700185929005
2,707,163.421602520693
3,707,159.798601792185
4,707,167.652866960922
5,707,160.504116360789
6,707,179.86404954547
7,707,169.240027229952
8,707,124.240811781558
9,707,161.47263579734
10,707,150.322711706082
11,707,137.843952898857
12,707,173.235580552077
13,707,162.232746199176
14,707,125.584446743287
15,707,178.671178296357
16,707,191.664935385753
17,707,153.628656729813
18,707,135.773004883119
1,708,129.098233284802
2,708,154.231364380396
3,708,120.254926060684
4,708,185.437937929975
5,708,172.992236882313
6,708,183.443026323248
7,708,157.73010343867
8,708,120.420608100858
9,708,144.641499262433
10,708,182.957505428861
11,708,164.107185555807
12,708,138.027050008644
13,708,142.018200299591
14,708,143.917003943005
15,708,157.300678430118
16,708,167.751717646607
17,708,165.422266952279
18,708,133.909251006963
1,709,113.980649183911
2,709,135.018338764968
3,709,134.785134264062
4,709,133.661965194341
5,709,126.925162585262
6,709,190.436543539506
7,709,128.805336117178
8,709,143.681230292733
9,709,192.340249151423
10,709,127.250778473895
11,709,185.31239539977
12,709,115.538123902015
13,709,176.201487907756
14,709,139.69917531608
15,709,150.287110754955
16,709,141.653848881886
17,709,185.331397595209
18,709,134.899249202048
1,710,129.172918680897
2,710,191.552874436521
3,710,114.588693599448
4,710,195.873013282295
5,710,105.241463379842
6,710,175.732148445592
7,710,164.144244028657
8,710,180.070373366888
9,710,160.015840996301
10,710,162.045547371905
11,710,139.627668025949
12,710,193.909270165597
13,710,169.96270190343
14,710,175.810785434841
15,710,160.147248917794
16,710,192.13268474416
17,710,151.988502908233
18,710,157.898196286836
1,711,187.144688356842
2,711,163.281290054092
3,711,190.322964836703
4,711,153.649706739302
5,711,182.344112636012
6,711,181.637818684744
7,711,172.398966265992
8,711,144.110724174866
9,711,134.366301450283
10,711,170.453627089094
11,711,153.324940272393
12,711,148.844045209431
13,711,158.181341790386
14,711,132.963850613469
15,711,162.476715448233
16,711,151.858648534356
17,711,183.947176176371
18,711,173.916318044418
1,712,124.827553810958
2,712,149.575687927694
3,712,126.186004506723
4,712,136.441221445136
5,712,157.819961199431
6,712,158.636270538343
7,712,123.763206880612
8,712,162.158109564451
9,712,183.921813274506
10,712,149.283549078421
11,712,155.269403029626
12,712,145.090215768334
13,712,107.199114410105
14,712,156.490462520026
15,712,153.565879102168
16,712,172.824715727083
17,712,163.800258072755
18,712,194.835055739319
1,713,140.104745573631
2,713,146.766975498171
3,713,128.162787713865
4,713,144.206857230459
5,713,159.490151313153
6,713,138.26742806544
7,713,186.134522341715
8,713,175.106573301415
9,713,147.541993670067
10,713,168.851174955234
11,713,183.787280602525
12,713,161.407179367693
13,713,189.601303805564
14,713,200.056706236401
15,713,128.201971382227
16,713,151.71407035467
17,713,178.472525482741
18,713,140.071194176754
1,714,156.699967210577
2,714,138.975505765252
3,714,164.544992530705
4,714,148.443854590579
5,714,195.658514876138
6,714,147.943016685389
7,714,181.004763936917
8,714,130.246280586091
9,714,147.465896513632
10,714,161.12072360735
11,714,123.156729478229
12,714,144.414101696221
13,714,167.131387460835
14,714,163.815565925184
15,714,170.832426714474
16,714,154.307323754983
17,714,185.925212893806
18,714,154.185371785664
1,715,190.127799755406
2,715,173.365045152926
3,715,163.887683360414
4,715,168.632906665945
5,715,162.85899057322
6,715,147.141949136746
7,715,168.869889268194
8,715,186.06718543646
9,715,183.219524221413
10,715,137.230451815675
11,715,162.855834725114
12,715,162.657645401482
13,715,149.828271874477
14,715,117.910419906471
15,715,133.089469698958
16,715,186.323423411402
17,715,159.503962045693
18,715,178.164591565237
1,716,158.848799196118
2,716,180.687765481405
3,716,159.20535869318
4,716,166.924579556672
5,716,149.699706464119
6,716,143.423543571338
7,716,144.698732448387
8,716,178.148246080405
9,716,179.809926486362
10,716,157.835040616135
11,716,155.859301599171
12,716,178.560126599565
13,716,192.444992537255
14,716,176.830995039158
15,716,139.808533454871
16,716,146.362578272843
17,716,116.916296573598
18,716,137.314007719495
1,717,155.465280884464
2,717,136.94975567516
3,717,179.500368551155
4,717,119.25113065419
5,717,155.620530893791
6,717,190.287436423427
7,717,121.620640295376
8,717,128.597835462922
9,717,144.911544420103
10,717,191.055490513531
11,717,158.304872298416
12,717,175.346026733818
13,717,187.738905277573
14,717,121.492351774924
15,717,184.060264554311
16,717,142.01883582861
17,717,177.254053253856
18,717,199.69069868597
1,718,169.561057349447
2,718,151.771436646934
3,718,139.033790092073
4,718,124.787448462404
5,718,177.254863091485
6,718,167.295338549207
7,718,186.023290210137
8,718,179.51137815256
9,718,175.701729696794
10,718,175.432918066163
11,718,185.167076731932
12,718,147.246845551663
13,718,165.823458019108
14,718,172.405798996407
15,718,181.83021068646
16,718,188.210621336784
17,718,189.645742438667
18,718,128.470865000639
1,719,135.178388347427
2,719,160.690649489661
3,719,191.754721209703
4,719,150.590920478649
5,719,176.213503948363
6,719,132.723527966016
7,719,174.868337584509
8,719,123.247224874913
9,719,160.836547968556
10,719,130.512685262419
11,719,135.504864939618
12,719,152.454730987312
13,719,128.516328384062
14,719,134.969252799701
15,719,165.792372074046
16,719,123.111376469284
17,719,155.838690051321
18,719,169.741230661051
1,720,182.827728083629
2,720,151.258725705765
3,720,158.825015363274
4,720,167.095956238073
5,720,150.27950697015
6,720,178.326388766486
7,720,191.617010465513
8,720,138.983017145584
9,720,152.907304568989
10,720,170.46087500198
11,720,142.567362750942
12,720,134.145967349375
13,720,174.101603230752
14,720,142.699971511006
15,720,191.471756348127
16,720,122.678109530553
17,720,134.967570309276
18,720,176.853697483243
1,721,152.713506567188
2,721,122.270148731669
3,721,150.924132712956
4,721,136.358527843977
5,721,159.93375862047
6,721,147.837640849473
7,721,166.42180685729
8,721,180.937499398689
9,721,175.427445335876
10,721,150.075674492889
11,721,182.443614698365
12,721,146.568496267382
13,721,141.161326539571
14,721,189.429332652872
15,721,158.878794305747
16,721,133.529198327196
17,721,176.72574483475
18,721,163.926484457885
1,722,144.609968837043
2,722,152.946229159023
3,722,169.221204653978
4,722,204.128090719445
5,722,195.489002645975
6,722,164.425428020053
7,722,126.469825584012
8,722,199.696881714803
9,722,175.294877722893
10,722,152.269576712849
11,722,157.537107021642
12,722,131.247470721221
13,722,134.373176427881
14,722,141.105469978212
15,722,164.927861750103
16,722,154.894389215715
17,722,158.064611250315
18,722,165.383404345483
1,723,133.824150735073
2,723,134.819297919125
3,723,159.644267605054
4,723,146.061172434306
5,723,172.123144604014
6,723,136.881812349849
7,723,154.56160197872
8,723,167.033950674389
9,723,196.297895723765
10,723,163.183254531089
11,723,192.518988307437
12,723,126.406687746897
13,723,140.611841359407
14,723,138.895371503796
15,723,189.170502737297
16,723,137.860200223538
17,723,186.890613901875
18,723,158.898726188036
1,724,143.25794198711
2,724,158.487757532945
3,724,192.62383660365
4,724,188.440702072324
5,724,194.245643270826
6,724,183.937252617783
7,724,173.071235034636
8,724,150.970658300705
9,724,179.06166960682
10,724,155.802238987899
11,724,134.094835055496
12,724,151.31905015246
13,724,197.267167603991
14,724,156.148840076218
15,724,144.630769048945
16,724,156.692981065827
17,724,150.543354541675
18,724,177.224012878212
1,725,170.46987014141
2,725,153.926131202503
3,725,161.481909764498
4,725,141.916600913382
5,725,194.525756054494
6,725,178.45239878274
7,725,141.028458681983
8,725,148.349370744483
9,725,146.057896141667
10,725,156.910909476906
11,725,164.926818976211
12,725,162.137752833518
13,725,171.649446936568
14,725,182.062616244466
15,725,206.925237263983
16,725,156.448375006903
17,725,127.400858062561
18,725,155.795084284764
1,726,183.922710415832
2,726,166.810163740642
3,726,179.005224114164
4,726,139.972673433261
5,726,183.627634218469
6,726,158.539451154223
7,726,128.090268355863
8,726,172.851962349298
9,726,167.148749846689
10,726,159.75081840549
11,726,147.126896372196
12,726,146.048834217439
13,726,118.436116923004
14,726,133.07081014022
15,726,136.812425566406
16,726,158.166264201732
17,726,133.335147605228
18,726,179.213935734539
1,727,193.785812438649
2,727,183.168944214911
3,727,141.718941978318
4,727,188.564732392134
5,727,179.191349610961
6,727,172.0071294715
7,727,172.611020440817
8,727,125.26463854048
9,727,139.510707201327
10,727,170.522897482968
11,727,171.072749704611
12,727,156.932181030384
13,727,171.485706896229
14,727,150.597818601775
15,727,130.756996984035
16,727,178.065938825724
17,727,175.315503419592
18,727,161.864396954077
1,728,159.072535529202
2,728,146.435030835301
3,728,153.542639164119
4,728,154.899562189999
5,728,137.233531570516
6,728,147.587795432763
7,728,155.12738699639
8,728,167.281293583195
9,728,132.354803125513
10,728,126.97306780449
11,728,158.649933561271
12,728,168.542851544799
13,728,156.114144145661
14,728,180.504928301996
15,728,153.399296377278
16,728,145.398535082381
17,728,183.858641360661
18,728,133.030952236449
1,729,143.980769239637
2,729,136.113769986536
3,729,156.124317587052
4,729,172.553843131156
5,729,178.433209176101
6,729,133.610269538293
7,729,188.064951952475
8,729,184.062897212289
9,729,156.788048345873
10,729,115.202054428455
11,729,160.6541153328
12,729,141.635585002619
13,729,183.551648683563
14,729,132.777794426824
15,729,166.17072966014
16,729,158.947034039338
17,729,166.436180026531
18,729,135.952183891591
1,730,153.03766652789
2,730,175.589359201081
3,730,161.409893123013
4,730,192.727711342295
5,730,159.359641954604
6,730,171.646533569248
7,730,171.931562031036
8,730,181.130110389316
9,730,155.815204876005
10,730,156.165539604149
11,730,151.873698720057
12,730,116.887552675106
13,730,157.473013214344
14,730,162.347934660396
15,730,148.055806402921
16,730,189.482265691396
17,730,192.263732582912
18,730,176.265511797339
1,731,132.954327647487
2,731,104.598385036178
3,731,185.905487674045
4,731,133.510620687151
5,731,158.958784473457
6,731,119.367947483501
7,731,114.237790904739
8,731,149.912541167339
9,731,145.876313766094
10,731,116.8488709955
11,731,184.741915782397
12,731,186.365728306824
13,731,127.558239461978
14,731,167.080996955525
15,731,162.113632446502
16,731,189.460030754318
17,731,129.017385303526
18,731,162.85623269795
1,732,161.000915418878
2,732,142.615839499162
3,732,181.941761318675
4,732,172.764937156113
5,732,154.374925982056
6,732,153.498998962602
7,732,180.491520579993
8,732,163.179741094132
9,732,175.402250093926
10,732,128.466765943165
11,732,185.841151832329
12,732,129.179301409977
13,732,188.292620757933
14,732,137.744494376324
15,732,181.43766027769
16,732,184.14063044579
17,732,167.742236154754
18,732,207.40784308436
1,733,160.588724433544
2,733,150.660477579908
3,733,162.222924798401
4,733,182.955222788244
5,733,167.135858832916
6,733,105.642205075955
7,733,136.855721678904
8,733,143.914060953427
9,733,144.614562635445
10,733,149.763109525487
11,733,147.069871212003
12,733,154.597376013691
13,733,146.404053922836
14,733,168.94006708922
15,733,152.508553841566
16,733,140.84236616873
17,733,157.925150522698
18,733,124.286854463666
1,734,139.508625226892
2,734,181.001954032229
3,734,111.47956777856
4,734,161.359110270164
5,734,199.322408278218
6,734,123.998607561421
7,734,138.961326527927
8,734,157.915352842964
9,734,181.905955427179
10,734,135.445416824617
11,734,144.01806849987
12,734,194.12945535647
13,734,170.201500215509
14,734,188.457291149512
15,734,156.016888242088
16,734,104.621538762472
17,734,172.50764626913
18,734,192.679207105121
1,735,116.835175492021
2,735,138.863895734883
3,735,164.369152207829
4,735,158.27747884068
5,735,155.720104743134
6,735,156.428177350188
7,735,189.339715414812
8,735,159.064865696139
9,735,151.273714856742
10,735,178.806339038738
11,735,149.853216113985
12,735,123.677102806715
13,735,116.997375849596
14,735,192.803144823468
15,735,162.788226826519
16,735,181.436673669444
17,735,172.905917690212
18,735,200.045622274699
1,736,153.660788360843
2,736,178.605648876934
3,736,144.895160776078
4,736,161.730961204639
5,736,167.069428084993
6,736,188.288409521838
7,736,129.741105214577
8,736,178.822223875965
9,736,166.057763323205
10,736,168.722267903495
11,736,181.697022400458
12,736,123.926622360258
13,736,155.359073670325
14,736,174.265739785353
15,736,149.847410806843
16,736,120.921856660297
17,736,150.82885026599
18,736,175.289650247318
1,737,169.889569892103
2,737,173.150678856568
3,737,128.002954966149
4,737,159.481488723031
5,737,138.309870573461
6,737,131.725641049926
7,737,123.310145311213
8,737,139.709527590803
9,737,152.868440785826
10,737,194.46459648339
11,737,158.33329713157
12,737,140.826710244137
13,737,161.111215598694
14,737,177.098254170118
15,737,155.274988853574
16,737,139.848745908582
17,737,117.155394226376
18,737,156.794931881451
1,738,127.911470383834
2,738,164.467180743443
3,738,152.152921853169
4,738,165.160017891334
5,738,165.201315556472
6,738,110.195621118045
7,738,163.295663219622
8,738,180.050549871424
9,738,133.221076254474
10,738,184.112464851036
11,738,181.897678677583
12,738,143.413603998968
13,738,160.213883999257
14,738,130.270259393461
15,738,150.826785232078
16,738,155.056986112039
17,738,165.044885895737
18,738,183.112562470101
1,739,178.186660032832
2,739,140.577324210349
3,739,172.523097978793
4,739,160.103936698036
5,739,149.654592389189
6,739,133.490158628865
7,739,130.093525103978
8,739,177.892244508076
9,739,178.412847228545
10,739,134.897542725921
11,739,133.307110544819
12,739,173.056613142238
13,739,142.261567106371
14,739,158.962946105579
15,739,184.522199627735
16,739,123.802733421754
17,739,146.328046400393
18,739,165.292587406121
1,740,153.142094204117
2,740,151.242573995424
3,740,169.599291886683
4,740,197.585623423399
5,740,188.340790863536
6,740,152.179590515461
7,740,134.789453984331
8,740,131.008964644864
9,740,175.723943963005
10,740,206.914594823359
11,740,158.543395560552
12,740,147.344994077047
13,740,189.973373622077
14,740,188.578905561646
15,740,180.570337318177
16,740,137.746088970279
17,740,158.135106389093
18,740,163.518341071743
1,741,140.523543699355
2,741,140.113722121739
3,741,127.439286116978
4,741,137.221157517952
5,741,134.159704928503
6,741,167.836782363547
7,741,148.485652441509
8,741,165.831511883968
9,741,129.483352140838
10,741,141.953533800407
11,741,155.859826693273
12,741,161.936273699223
13,741,146.109277668982
14,741,151.033133109044
15,741,198.817242139899
16,741,166.988256484595
17,741,183.564572075958
18,741,163.144971548967
1,742,170.395343036629
2,742,146.077788841083
3,742,145.528864744611
4,742,191.106730587462
5,742,199.313972570218
6,742,176.234353546191
7,742,152.57898300684
8,742,185.307124535752
9,742,158.354860922851
10,742,155.415563494439
11,742,115.561979730676
12,742,149.518161535959
13,742,183.45509570426
14,742,188.017024695427
15,742,157.94205306652
16,742,151.96991793387
17,742,134.024076618694
18,742,135.148947480869
1,743,159.020549613703
2,743,174.077257721903
3,743,183.088416967768
4,743,158.800636179235
5,743,161.01433858009
6,743,137.063013812141
7,743,165.807871974143
8,743,139.873058572066
9,743,182.715961979053
10,743,164.121526023539
11,743,136.446732891245
12,743,125.924724691566
13,743,153.301530915882
14,743,126.507788827374
15,743,174.526928543726
16,743,158.277363703106
17,743,125.340599512267
18,743,190.583157908486
1,744,185.592452867784
2,744,188.316167973624
3,744,132.521527610189
4,744,130.144736834094
5,744,165.046247415716
6,744,143.171030137172
7,744,163.067286040683
8,744,148.390763803066
9,744,144.614598014476
10,744,146.233716156264
11,744,163.907186803515
12,744,175.27969879857
13,744,154.689423451323
14,744,127.099860367893
15,744,179.102021804738
16,744,128.965104851621
17,744,126.410496149378
18,744,141.841111826054
1,745,187.60888498082
2,745,184.752253893718
3,745,153.214594813257
4,745,165.461236623685
5,745,140.852697638535
6,745,170.304189934518
7,745,132.878813321508
8,745,164.32407506138
9,745,183.144570545199
10,745,151.523815637675
11,745,122.405424076817
12,745,183.23463518402
13,745,162.229876041725
14,745,202.444532317007
15,745,144.566743286705
16,745,155.924799728038
17,745,140.174136145988
18,745,150.923161662602
1,746,155.44670397279
2,746,168.519505956882
3,746,160.511271043193
4,746,172.005615562486
5,746,150.331196190527
6,746,158.072744945391
7,746,140.702956411485
8,746,184.801976478787
9,746,175.404387367359
10,746,165.150790448306
11,746,173.864629529893
12,746,182.767631300048
13,746,193.968849468169
14,746,203.48688540544
15,746,134.67685441278
16,746,147.25456989087
17,746,134.204080818937
18,746,157.225042857606
1,747,138.993296204267
2,747,147.743241854474
3,747,130.877738600828
4,747,145.664291123809
5,747,198.895962241165
6,747,137.190202364914
7,747,108.662443488811
8,747,159.116271715175
9,747,124.988505747552
10,747,129.386137179986
11,747,140.406956002632
12,747,117.985548679748
13,747,153.537647069941
14,747,158.719995198417
15,747,155.752652573809
16,747,137.150241768898
17,747,181.74942493083
18,747,126.541194372107
1,748,187.275098302222
2,748,146.901562764987
3,748,133.394063267071
4,748,143.210581730323
5,748,164.09620408295
6,748,157.167556437289
7,748,119.585711700342
8,748,123.546612062525
9,748,179.048280875649
10,748,180.72635007775
11,748,137.509231332646
12,748,147.864900088051
13,748,168.962649308719
14,748,191.26039525031
15,748,134.524929419873
16,748,198.090371351248
17,748,159.577205284507
18,748,158.640743904197
1,749,159.027457789604
2,749,161.464168323536
3,749,132.643485225785
4,749,200.472382352587
5,749,167.499412574224
6,749,138.843313853949
7,749,208.231430241388
8,749,127.47963140088
9,749,159.655085036085
10,749,195.438940706696
11,749,149.143802048747
12,749,122.627314985636
13,749,146.633152284019
14,749,142.769787409163
15,749,150.544785745412
16,749,141.556514927094
17,749,162.885740135378
18,749,143.506021275713
1,750,137.57264227434
2,750,144.436574306075
3,750,191.799062272237
4,750,190.26795738766
5,750,172.530580972757
6,750,168.598222069427
7,750,179.753497813338
8,750,131.432934882037
9,750,189.270076785295
10,750,163.138782644009
11,750,132.247673184683
12,750,128.279424609619
13,750,135.951358755553
14,750,166.003281769539
15,750,166.363095703225
16,750,138.678578366421
17,750,147.531023029523
18,750,141.721114750335
1,751,170.460581206674
2,751,111.996909517406
3,751,157.594468506341
4,751,137.279211093948
5,751,174.881213645791
6,751,121.538061695503
7,751,121.08179632223
8,751,137.615080180296
9,751,174.808985979241
10,751,162.325152719353
11,751,116.890624853053
12,751,167.861671180672
13,751,158.779135720054
14,751,141.523694751742
15,751,169.541139511005
16,751,122.059467462359
17,751,139.507161661675
18,751,175.374712629875
1,752,191.426715394918
2,752,164.509342463704
3,752,163.945370567231
4,752,181.41204782
5,752,121.030935530929
6,752,156.596828320491
7,752,192.503909053288
8,752,160.073564605394
9,752,165.966498726975
10,752,152.746181319153
11,752,152.640846249158
12,752,202.314784643175
13,752,175.31276652199
14,752,153.310607479606
15,752,128.513494941953
16,752,132.8397051927
17,752,159.233702531643
18,752,173.270032656759
1,753,165.362021406448
2,753,198.893783920014
3,753,105.772079208577
4,753,118.966715917457
5,753,149.298475727682
6,753,185.176303389001
7,753,142.155191096523
8,753,157.009884823882
9,753,166.96247696635
10,753,153.733165852309
11,753,183.847973164733
12,753,154.512089359575
13,753,162.435779952195
14,753,103.392185631443
15,753,139.322425326362
16,753,193.984079125397
17,753,157.430867002081
18,753,182.904143722406
1,754,134.152887129935
2,754,165.107280737878
3,754,134.194874092654
4,754,170.705942434084
5,754,108.716857760775
6,754,116.955653531374
7,754,153.014851114856
8,754,145.532408615998
9,754,172.199171259395
10,754,142.155895169965
11,754,165.105787605475
12,754,156.08001001095
13,754,133.22428853373
14,754,164.878394450847
15,754,147.821700913676
16,754,137.715650591153
17,754,184.215029093768
18,754,178.958254015761
1,755,175.637019644682
2,755,166.972354060975
3,755,171.102823670313
4,755,165.276720546326
5,755,151.526570645846
6,755,187.712977179541
7,755,157.989913738418
8,755,154.889979884245
9,755,131.656697392587
10,755,157.105942843903
11,755,160.07046594437
12,755,129.556376127104
13,755,168.05791790941
14,755,145.395428565842
15,755,160.423472406206
16,755,156.111010887505
17,755,163.870210793476
18,755,166.496513681698
1,756,109.643715186085
2,756,130.402952487354
3,756,165.435027555409
4,756,174.785973720618
5,756,151.374643986706
6,756,172.360493900854
7,756,128.259021408623
8,756,132.679097946528
9,756,152.016323691639
10,756,153.872093992812
11,756,163.338277822572
12,756,172.432762833176
13,756,135.494432876128
14,756,150.947537663551
15,756,159.676801211383
16,756,167.694599229753
17,756,130.145248006463
18,756,159.307961811695
1,757,132.430593103517
2,757,128.492568909172
3,757,196.544509900453
4,757,142.366327000963
5,757,176.420616348775
6,757,179.378484880403
7,757,121.611718045788
8,757,185.346494833175
9,757,153.58616600049
10,757,114.643838351559
11,757,162.084619035438
12,757,199.205814700282
13,757,151.86681185369
14,757,163.930709135954
15,757,183.468687752321
16,757,161.107030742318
17,757,202.065014093006
18,757,180.23190613853
1,758,145.004882920751
2,758,167.606473443426
3,758,178.006785100519
4,758,175.24542789446
5,758,183.955118817399
6,758,173.839248546669
7,758,168.093259265179
8,758,155.434577192019
9,758,169.537733297073
10,758,159.370602562516
11,758,186.181001120922
12,758,181.019718576951
13,758,161.865628885397
14,758,157.982289811156
15,758,114.845862841801
16,758,154.94595768974
17,758,169.016805014036
18,758,161.197958503421
1,759,127.672663755428
2,759,163.168566657041
3,759,144.157958482803
4,759,164.97087159819
5,759,153.540480194819
6,759,143.690132610578
7,759,112.862490338592
8,759,158.932685118382
9,759,154.897961885321
10,759,146.941025171174
11,759,178.950369687004
12,759,119.30361562831
13,759,143.886262101037
14,759,161.450705788533
15,759,123.446183442461
16,759,180.64086341125
17,759,152.004035815874
18,759,141.433402919329
1,760,145.14661585241
2,760,178.666438078919
3,760,165.972726988185
4,760,144.920345634159
5,760,143.918106671556
6,760,183.576223381727
7,760,141.883876805023
8,760,152.032219250427
9,760,167.010629057203
10,760,142.933469405809
11,760,170.113927277933
12,760,182.506457648587
13,760,184.513754302077
14,760,133.681760414855
15,760,182.835453826957
16,760,131.823379937277
17,760,143.049423146744
18,760,154.161354688631
1,761,179.360026060145
2,761,135.721712919365
3,761,126.857243088925
4,761,178.170294162494
5,761,162.698970618108
6,761,153.263751770745
7,761,114.714747529345
8,761,112.60327928462
9,761,168.06080848478
10,761,166.746627689033
11,761,132.627690754267
12,761,151.299494658946
13,761,157.500142367358
14,761,141.79411826731
15,761,165.162461923207
16,761,164.62165580182
17,761,123.176072479424
18,761,180.178776383532
1,762,179.187570710931
2,762,179.65556910532
3,762,183.495716335653
4,762,156.060263928889
5,762,165.235408286301
6,762,174.976578156451
7,762,128.85373998336
8,762,141.557564098769
9,762,123.482966554059
10,762,129.173599601822
11,762,123.102581292696
12,762,190.180566247684
13,762,148.382667676602
14,762,187.808104068574
15,762,156.729144105342
16,762,155.512972047148
17,762,166.909007622125
18,762,186.856522243747
1,763,176.908037046881
2,763,170.144903446476
3,763,146.549214672716
4,763,191.815546066132
5,763,183.592972780622
6,763,158.361109702446
7,763,150.312572257405
8,763,164.964604368903
9,763,123.158236836004
10,763,162.839651965561
11,763,175.052218564306
12,763,164.363532582394
13,763,171.499458614074
14,763,186.835499996661
15,763,161.801530712354
16,763,117.27086356344
17,763,170.008844404026
18,763,195.263733819989
1,764,190.140873430378
2,764,128.238933559457
3,764,151.303861092614
4,764,147.80817529242
5,764,181.645413789106
6,764,158.267945884759
7,764,145.723711891319
8,764,135.752063593059
9,764,189.292038169348
10,764,180.970121946533
11,764,155.330537814088
12,764,165.872634298403
13,764,153.704467762909
14,764,151.454659464502
15,764,172.936187551958
16,764,144.389264757704
17,764,172.641901563686
18,764,163.11998726118
1,765,190.343551876877
2,765,163.023867240781
3,765,169.529469014052
4,765,185.78501379829
5,765,181.598343412268
6,765,203.793002929367
7,765,174.384118049997
8,765,185.779586604384
9,765,147.52898318976
10,765,193.077706829939
11,765,187.006723905435
12,765,110.74560993457
13,765,135.179742134312
14,765,157.552768961189
15,765,181.890931434927
16,765,154.360810563603
17,765,136.987968317197
18,765,187.535495582588
1,766,180.970848156491
2,766,184.268126975716
3,766,156.605319428868
4,766,165.135447936262
5,766,159.985144325405
6,766,116.639980995829
7,766,198.19937290112
8,766,175.694847347797
9,766,140.384546729654
10,766,151.584004450263
11,766,182.451879690495
12,766,175.942167431888
13,766,142.447526690805
14,766,125.423001525067
15,766,159.757805830042
16,766,143.647806907035
17,766,156.336730508865
18,766,150.964589442564
1,767,198.333312750197
2,767,157.374891743565
3,767,187.104391735412
4,767,132.82498511344
5,767,160.876689599318
6,767,113.078592357129
7,767,162.151196384834
8,767,139.935821502097
9,767,161.015524173567
10,767,146.184934409804
11,767,125.698521306291
12,767,147.147510707788
13,767,119.656688911266
14,767,179.924633483593
15,767,154.812348993055
16,767,148.8634196165
17,767,154.373955924234
18,767,150.604269480254
1,768,141.241633371911
2,768,137.524196732557
3,768,137.058998443851
4,768,171.988098587187
5,768,157.990850604124
6,768,134.331071792786
7,768,196.092665590638
8,768,169.97988186377
9,768,150.782350381721
10,768,182.50595153613
11,768,184.14476243277
12,768,180.212193876344
13,768,153.372387144346
14,768,144.576302978712
15,768,165.942792144745
16,768,183.21645379374
17,768,201.166602494201
18,768,114.321914670856
1,769,165.621576867266
2,769,164.134191634769
3,769,143.23262066319
4,769,198.407285354934
5,769,119.253785125555
6,769,174.125904595614
7,769,146.686604065522
8,769,162.280023777179
9,769,181.382491776531
10,769,146.782381559867
11,769,147.898881683209
12,769,158.426804850755
13,769,177.349184612805
14,769,202.120922226004
15,769,153.518834709116
16,769,182.405230122953
17,769,125.185674979232
18,769,178.722380088548
1,770,116.087226244644
2,770,190.615979653845
3,770,134.152710098153
4,770,121.825756564036
5,770,159.363585747911
6,770,153.675937401999
7,770,147.102083710481
8,770,131.355320923233
9,770,139.699209823472
10,770,151.953488506314
11,770,161.188576421955
12,770,149.417534349752
13,770,132.16533942815
14,770,181.75746053903
15,770,180.744016159036
16,770,159.782277539165
17,770,144.523193688402
18,770,130.823340071454
1,771,155.125289084155
2,771,129.496732118864
3,771,136.777439028942
4,771,131.802056756825
5,771,171.285663001641
6,771,144.738498368556
7,771,167.391781944788
8,771,182.627089607014
9,771,148.417771399944
10,771,150.288736293488
11,771,114.976731334347
12,771,162.64514159597
13,771,162.697166920246
14,771,134.687237491543
15,771,168.534873978302
16,771,165.757845372555
17,771,170.003348095275
18,771,123.743014175636
1,772,182.495365101286
2,772,159.715091831176
3,772,138.877521463208
4,772,187.69190239516
5,772,140.939101752638
6,772,136.495977376126
7,772,127.86446111197
8,772,163.779148387759
9,772,178.292794076397
10,772,114.527140602222
11,772,148.046646569658
12,772,171.305618237444
13,772,139.434202758554
14,772,174.945563903323
15,772,158.141039886208
16,772,181.688307182117
17,772,154.719937628282
18,772,170.927004604811
1,773,143.566232050133
2,773,200.335535109785
3,773,198.6653764106
4,773,164.41832552128
5,773,140.88504500755
6,773,158.121442258911
7,773,184.43864279557
8,773,148.572068576863
9,773,172.477108895461
10,773,157.540308925054
11,773,196.5771407796
12,773,170.643832368069
13,773,161.627447765816
14,773,171.997627550168
15,773,159.39999381368
16,773,153.580198590593
17,773,144.055348928599
18,773,110.982333568931
1,774,129.615484613334
2,774,160.287850817961
3,774,152.011189952734
4,774,173.328386798781
5,774,144.644420523355
6,774,121.460768822931
7,774,146.612609862477
8,774,163.735797839587
9,774,167.348133712062
10,774,130.324688514426
11,774,148.361202960994
12,774,155.349861665387
13,774,103.857071224219
14,774,141.480846515475
15,774,154.283756460067
16,774,160.244215292377
17,774,163.30151767597
18,774,171.784760155441
1,775,157.573285522268
2,775,144.577346446513
3,775,163.576051448987
4,775,180.901817810862
5,775,148.280768782053
6,775,178.112354460869
7,775,180.390162321956
8,775,188.246518875151
9,775,151.083752780482
10,775,137.133229159937
11,775,148.067888486305
12,775,137.617311583842
13,775,179.782813886912
14,775,186.014017588262
15,775,185.500845851577
16,775,154.866989537736
17,775,149.075935851938
18,775,155.020515113946
1,776,156.259165323373
2,776,143.056521477226
3,776,141.657185887319
4,776,153.711590487692
5,776,162.057075506959
6,776,153.392737888175
7,776,195.478308138844
8,776,147.072006621261
9,776,178.708923003972
10,776,158.11598366724
11,776,173.513192613645
12,776,171.461015785524
13,776,169.453633647053
14,776,176.721466001755
15,776,154.220426917426
16,776,188.940646402539
17,776,119.985489101417
18,776,134.84286607685
1,777,175.856043016635
2,777,162.815549385886
3,777,162.37700496414
4,777,188.656251595013
5,777,146.541538925545
6,777,142.401732274261
7,777,187.875622140404
8,777,178.413992802073
9,777,178.026453464647
10,777,121.608014221006
11,777,185.851665598163
12,777,167.903793650634
13,777,175.819848674369
14,777,143.710289135816
15,777,140.335952415258
16,777,138.224915333341
17,777,153.162460336968
18,777,175.518025805996
1,778,115.864721031165
2,778,151.170295776664
3,778,154.472542980801
4,778,134.036851318395
5,778,118.011271202137
6,778,153.720469135092
7,778,161.678307530086
8,778,137.982138131067
9,778,162.577978314569
10,778,114.69597457793
11,778,144.001730429362
12,778,181.280193058326
13,778,158.666917877856
14,778,156.955707081722
15,778,120.874753034443
16,778,126.987293719053
17,778,167.48977483182
18,778,144.508506159408
1,779,197.801023055444
2,779,177.94784340297
3,779,172.518992908548
4,779,153.531559605978
5,779,195.305434771225
6,779,200.522723384255
7,779,155.778297889733
8,779,155.187541191545
9,779,152.722095507802
10,779,177.273107501534
11,779,184.565470367552
12,779,187.889694473706
13,779,170.330145660042
14,779,104.349589127507
15,779,177.027746801983
16,779,180.396065223199
17,779,156.05458264797
18,779,133.210836517013
1,780,158.107000477202
2,780,137.792064958909
3,780,164.639541439461
4,780,163.860547451635
5,780,160.173662632074
6,780,182.73693335339
7,780,176.812124286452
8,780,118.560615731006
9,780,150.358204227088
10,780,185.103977852496
11,780,136.365889896381
12,780,126.117030980042
13,780,191.047013122228
14,780,130.960900185951
15,780,140.952453623502
16,780,183.607674908717
17,780,165.476494159705
18,780,145.48028595351
1,781,116.644711560098
2,781,176.720201873831
3,781,143.352560798865
4,781,181.115114437815
5,781,203.591801346943
6,781,184.066206279426
7,781,161.228482601687
8,781,151.349560982445
9,781,177.373508391948
10,781,167.003575931957
11,781,171.185505919337
12,781,159.302669383794
13,781,124.822594000912
14,781,176.943767236703
15,781,178.333209489881
16,781,155.730075780292
17,781,133.874381416545
18,781,198.272496690663
1,782,175.038644862949
2,782,193.679912612158
3,782,129.528103007185
4,782,184.963660252531
5,782,158.47661232192
6,782,186.308459033512
7,782,170.893459292551
8,782,202.415999231978
9,782,151.404130313388
10,782,166.528551491469
11,782,155.829404873053
12,782,145.722883494553
13,782,171.862096834775
14,782,126.08004359285
15,782,175.204679768003
16,782,174.101656431428
17,782,191.732689585709
18,782,155.236701462662
1,783,206.396731350153
2,783,161.955690943902
3,783,156.587813027286
4,783,167.22826446893
5,783,188.230062355618
6,783,136.453882596767
7,783,174.580211813411
8,783,169.793732545188
9,783,160.757361038568
10,783,154.770080740964
11,783,157.986764067213
12,783,181.731563653621
13,783,134.484947929811
14,783,164.823179580328
15,783,181.234094160955
16,783,151.776011110322
17,783,182.228493769261
18,783,160.57855441339
1,784,146.970078454149
2,784,185.750260708427
3,784,129.62825068641
4,784,147.425265541833
5,784,159.877716263596
6,784,172.494881961241
7,784,183.92932217407
8,784,143.435764422597
9,784,195.434776441173
10,784,203.328616735316
11,784,145.578909837673
12,784,184.9121349004
13,784,156.412009803565
14,784,152.848909942788
15,784,195.00584863018
16,784,182.474628934778
17,784,149.478150110365
18,784,137.82553848153
1,785,134.151675205225
2,785,173.569076990858
3,785,166.81282242941
4,785,114.068116884302
5,785,203.206134256726
6,785,133.205260404017
7,785,140.588966647187
8,785,169.575847186218
9,785,147.703950409303
10,785,198.322682085714
11,785,156.796310369422
12,785,182.468965917062
13,785,160.51784085948
14,785,165.472585875653
15,785,149.833370416498
16,785,178.474829193984
17,785,169.718649088494
18,785,136.52667411909
1,786,143.036238173596
2,786,172.248315945324
3,786,156.069069782255
4,786,104.464902953939
5,786,174.201407574664
6,786,170.525872788843
7,786,162.100723406389
8,786,162.072081536199
9,786,174.515583830942
10,786,158.512019908525
11,786,125.435835122485
12,786,148.819590902514
13,786,138.614649188309
14,786,152.758764783931
15,786,155.588946362503
16,786,170.744312964151
17,786,121.705464182624
18,786,117.180282585132
1,787,163.351127743888
2,787,152.62513525705
3,787,179.711953040028
4,787,176.411159723367
5,787,156.149600324965
6,787,128.691906544775
7,787,120.456753411103
8,787,138.915495845638
9,787,153.334963529952
10,787,164.439066290943
11,787,127.399422570133
12,787,138.09638576538
13,787,152.907476609547
14,787,148.056711042822
15,787,125.220746553188
16,787,156.726642385831
17,787,113.927706365368
18,787,162.738079488031
1,788,178.164102980441
2,788,130.572386854926
3,788,164.849602868797
4,788,159.053270194343
5,788,130.484737257095
6,788,159.306690297567
7,788,124.983141378087
8,788,153.974570165542
9,788,129.009856081171
10,788,190.733070814518
11,788,146.080662822111
12,788,155.968878102418
13,788,185.677173828383
14,788,156.869327845041
15,788,167.497827624325
16,788,179.23547412703
17,788,135.446004872623
18,788,169.418419700395
1,789,180.94584174577
2,789,198.114950075052
3,789,125.422219725142
4,789,155.70011257158
5,789,194.434296735903
6,789,126.877020712242
7,789,153.272126942794
8,789,123.85708058789
9,789,190.18312954848
10,789,166.930734411127
11,789,133.993531474312
12,789,194.964665269832
13,789,158.502492814932
14,789,132.343701454965
15,789,146.755172106805
16,789,153.621008250662
17,789,166.636784081303
18,789,154.267728168204
1,790,135.128014119668
2,790,185.991254248431
3,790,129.08976682495
4,790,133.46606497134
5,790,135.63581091177
6,790,198.563023509734
7,790,195.821893636882
8,790,132.864386460848
9,790,164.423136489976
10,790,143.899263693762
11,790,182.046393102158
12,790,149.215525905845
13,790,140.332680728267
14,790,180.688927260284
15,790,156.620314532305
16,790,153.04850470347
17,790,157.073450759648
18,790,117.374217488262
1,791,152.652969295828
2,791,185.233670444621
3,791,155.97311199166
4,791,159.630523513184
5,791,165.641487557297
6,791,172.600229039346
7,791,139.569025379457
8,791,189.78555981476
9,791,176.335615484248
10,791,152.657575521954
11,791,196.263751738967
12,791,128.067635308383
13,791,157.810619902155
14,791,116.035887241949
15,791,170.658259817348
16,791,152.135622183636
17,791,163.780015798648
18,791,130.643027497778
1,792,158.355413725073
2,792,166.981722300333
3,792,169.031614957108
4,792,132.16871858671
5,792,157.88253310674
6,792,125.473909160169
7,792,137.630631767726
8,792,184.193145230791
9,792,157.147741536803
10,792,157.185407510257
11,792,185.994177212432
12,792,191.979913617731
13,792,171.793526653301
14,792,156.3505890323
15,792,167.851957197465
16,792,139.315929642981
17,792,156.561740474309
18,792,160.624586834109
1,793,171.407011541354
2,793,171.341606115246
3,793,114.111044795066
4,793,163.105332661042
5,793,157.619251861777
6,793,165.273219099403
7,793,123.220323863676
8,793,134.930193274319
9,793,149.415288178553
10,793,135.484246962866
11,793,125.231334839479
12,793,157.019175193939
13,793,187.011099693639
14,793,138.131689320042
15,793,142.203832805905
16,793,169.498811948938
17,793,147.308425968047
18,793,156.94062925764
1,794,186.365490756881
2,794,155.440593706596
3,794,177.301937583344
4,794,156.544839195463
5,794,150.993187020784
6,794,139.099056922827
7,794,114.248020165693
8,794,182.166675517871
9,794,177.834160611263
10,794,160.54768701064
11,794,150.222776667525
12,794,152.315635391363
13,794,141.765387238651
14,794,181.470707384056
15,794,146.01982769281
16,794,163.297097732957
17,794,131.532988743707
18,794,190.84200296258
1,795,124.839745436073
2,795,114.219150445595
3,795,134.103648232126
4,795,131.372396176951
5,795,183.212993505948
6,795,169.670689562631
7,795,133.303373964743
8,795,146.071759077051
9,795,151.459385776835
10,795,173.626728509694
11,795,170.761382505721
12,795,167.773211124388
13,795,168.98097798517
14,795,142.244309949033
15,795,115.278733830458
16,795,195.841363201939
17,795,190.722535473736
18,795,177.584776559228
1,796,163.080905499235
2,796,140.642686758867
3,796,181.422163760786
4,796,141.127909105537
5,796,135.942211938134
6,796,166.24152670076
7,796,148.334352148253
8,796,115.646356873247
9,796,152.818960909871
10,796,150.616231401829
11,796,173.660667853644
12,796,149.275769813222
13,796,129.174156933025
14,796,152.665190214755
15,796,147.549216337262
16,796,204.742006026202
17,796,173.048104174058
18,796,149.887311795078
1,797,183.447444215286
2,797,178.975435450651
3,797,136.736204255819
4,797,121.109654777326
5,797,189.80588810023
6,797,121.619365333439
7,797,156.117576273138
8,797,185.93243336871
9,797,154.6843458527
10,797,159.138676609973
11,797,174.140038872683
12,797,152.202279185099
13,797,178.707288362549
14,797,143.404559924129
15,797,140.432013404468
16,797,149.656499969105
17,797,178.449510241054
18,797,138.84389169632
1,798,135.653982029319
2,798,148.014230667971
3,798,177.86900539456
4,798,169.733449940155
5,798,146.245086731948
6,798,139.215913755971
7,798,139.708197045828
8,798,186.214951607374
9,798,182.699413415337
10,798,147.402461009737
11,798,169.536132204537
12,798,116.983567891829
13,798,129.245235467674
14,798,156.409796994692
15,798,178.575296659867
16,798,170.147511861327
17,798,152.856055516629
18,798,178.233066597019
1,799,171.75937468518
2,799,119.721440435509
3,799,169.239850803227
4,799,149.970294164398
5,799,135.137216124834
6,799,185.783443994792
7,799,156.538572540337
8,799,178.449264837574
9,799,158.662329081664
10,799,174.775738485354
11,799,148.690888030837
12,799,147.261497780177
13,799,114.612356136573
14,799,140.832515837485
15,799,146.824635554533
16,799,161.369042359634
17,799,169.987983426955
18,799,170.680821106968
1,800,180.690744413521
2,800,150.728198042676
3,800,184.516835849787
4,800,156.125773295971
5,800,175.058556179028
6,800,179.962567935913
7,800,154.461146655463
8,800,175.665610770593
9,800,150.9137008616
10,800,154.866279429658
11,800,144.960318188651
12,800,141.814902106685
13,800,180.091499727644
14,800,177.020283987092
15,800,144.380242736499
16,800,159.193702626599
17,800,163.629946526526
18,800,153.823126922749
1,801,179.859724908326
2,801,173.25508567296
3,801,167.041783011578
4,801,157.119305293415
5,801,163.269764040491
6,801,196.163024444337
7,801,149.052261990925
8,801,128.086096788445
9,801,130.44350610706
10,801,125.993028183972
11,801,152.62674404065
12,801,127.000744387374
13,801,137.960753066693
14,801,196.928180163222
15,801,162.26094097968
16,801,147.022006730571
17,801,159.905364408035
18,801,166.426979407648
1,802,151.144081410754
2,802,126.742039197058
3,802,172.020674703252
4,802,142.627774567364
5,802,190.592707336885
6,802,164.748847793132
7,802,160.438929644603
8,802,176.926423956998
9,802,171.137575341461
10,802,191.788231327266
11,802,133.767490929965
12,802,149.075057248621
13,802,156.887629922191
14,802,161.785274708137
15,802,159.893031159892
16,802,178.824693006495
17,802,169.268393556866
18,802,128.24458938195
1,803,167.610693558572
2,803,155.511175539792
3,803,162.995629539336
4,803,158.055675385063
5,803,167.764951782975
6,803,203.129325151492
7,803,137.203495711377
8,803,154.641930764766
9,803,163.359349851239
10,803,164.729100488411
11,803,120.695503424522
12,803,176.451282389268
13,803,179.457990998959
14,803,139.528221011477
15,803,174.384921133923
16,803,167.92709435745
17,803,158.063396475302
18,803,160.249163555138
1,804,194.603600412892
2,804,131.776030318617
3,804,145.790632723298
4,804,153.359162114104
5,804,187.107501575413
6,804,176.633161716081
7,804,174.772451458714
8,804,170.309095451862
9,804,201.338871101612
10,804,178.525030457027
11,804,187.041421309616
12,804,150.434042968246
13,804,176.136734883808
14,804,130.963274462788
15,804,172.084742725734
16,804,175.621793464363
17,804,170.97782050347
18,804,117.184595434435
1,805,178.425697843623
2,805,136.348728342525
3,805,176.178675503645
4,805,143.029549844121
5,805,185.656115802414
6,805,198.122834371808
7,805,155.932601988733
8,805,183.433339828677
9,805,195.885594300042
10,805,154.285771749324
11,805,158.611939091505
12,805,200.382490347875
13,805,127.273479534359
14,805,126.574874129332
15,805,187.164073651391
16,805,150.898743571885
17,805,124.763834971746
18,805,108.178340637712
1,806,160.05721749329
2,806,135.612714159129
3,806,138.158186222147
4,806,159.665060235498
5,806,187.802902875998
6,806,148.033774043149
7,806,173.957801230872
8,806,160.851239306086
9,806,142.356986019868
10,806,131.661321879216
11,806,182.850608702141
12,806,168.727078145105
13,806,163.941034435764
14,806,161.557941097526
15,806,174.696756125414
16,806,167.687467396801
17,806,179.49359619931
18,806,153.448635680847
1,807,146.838193631342
2,807,175.994977825996
3,807,165.016915243802
4,807,177.16786899247
5,807,108.510324043276
6,807,176.388156757384
7,807,150.776955950477
8,807,155.204965251698
9,807,178.04257769871
10,807,157.170430819644
11,807,181.836623498021
12,807,128.96698213377
13,807,172.35251485854
14,807,156.712753724171
15,807,164.568831940508
16,807,187.140814002674
17,807,175.846022133226
18,807,163.10711020396
1,808,136.17345413217
2,808,173.544879989529
3,808,142.567890825981
4,808,159.605450731015
5,808,136.555826923414
6,808,151.778604957937
7,808,166.881631134099
8,808,162.311742751307
9,808,160.599588505127
10,808,157.891182425184
11,808,167.819215587723
12,808,135.127504569024
13,808,167.751744337447
14,808,156.459583381683
15,808,184.851668966643
16,808,132.503873241878
17,808,195.454908898432
18,808,113.994163237937
1,809,127.199839284382
2,809,183.708898944491
3,809,168.735632325201
4,809,189.40668972193
5,809,144.262160790574
6,809,192.32388970886
7,809,189.780898756901
8,809,135.135837935593
9,809,174.732057313824
10,809,165.922420253541
11,809,185.476773201757
12,809,153.606234258179
13,809,128.828331831917
14,809,159.404982365176
15,809,161.028339210207
16,809,154.179505678674
17,809,193.371374899286
18,809,183.681239095112
1,810,137.730770069658
2,810,172.244748037789
3,810,134.519414031891
4,810,142.738877787886
5,810,155.860978882319
6,810,193.852913026949
7,810,142.725257631439
8,810,138.729429118968
9,810,177.749552298664
10,810,129.397990744253
11,810,148.994524395152
12,810,124.896505723459
13,810,154.292179274378
14,810,165.662646248907
15,810,126.332027637263
16,810,146.392012401751
17,810,166.927364002864
18,810,144.546229713356
1,811,174.162571762327
2,811,116.676866281764
3,811,127.763446515475
4,811,138.834336472221
5,811,190.500319039941
6,811,156.812529419713
7,811,136.154667795072
8,811,122.119595242793
9,811,169.208687429502
10,811,127.982233822688
11,811,162.989280718981
12,811,126.449845282096
13,811,137.505903575912
14,811,169.11689264275
15,811,145.689723066986
16,811,174.650491788773
17,811,180.316215142269
18,811,126.819015061628
1,812,157.684295588264
2,812,171.991180190928
3,812,155.405897730187
4,812,130.680897348862
5,812,179.868179264326
6,812,180.147627619182
7,812,167.523727319353
8,812,150.496207478741
9,812,153.621086849437
10,812,176.067088760231
11,812,163.351387713408
12,812,173.55778306236
13,812,126.699962133695
14,812,161.495102659826
15,812,164.875139257276
16,812,140.217016192341
17,812,201.349979543425
18,812,193.668672237452
1,813,153.930048264168
2,813,184.518045877998
3,813,145.535608001437
4,813,179.003867492783
5,813,189.102958912718
6,813,169.40022084683
7,813,177.777561408225
8,813,122.974375519785
9,813,189.92062217208
10,813,112.185527594474
11,813,172.303839862342
12,813,134.716859930089
13,813,168.172152480674
14,813,167.503564472881
15,813,174.493977677909
16,813,154.729893507835
17,813,137.96994049797
18,813,122.09777281335
1,814,165.05497060209
2,814,138.04563734253
3,814,168.860614815952
4,814,182.553480919522
5,814,197.30239892771
6,814,123.35613578096
7,814,178.283527044184
8,814,137.977691844751
9,814,193.768739011325
10,814,141.147508934074
11,814,160.50911906286
12,814,156.807763783612
13,814,138.336637237822
14,814,123.349859161524
15,814,139.01979078083
16,814,180.774641559102
17,814,127.645402340792
18,814,199.917941142408
1,815,117.702773261995
2,815,167.264332910156
3,815,150.12725517862
4,815,158.404057070053
5,815,147.506744544082
6,815,203.132221783954
7,815,189.900448516179
8,815,153.53062542147
9,815,120.721598807703
10,815,141.660200595733
11,815,162.675853090699
12,815,162.276978652223
13,815,148.847058236661
14,815,178.528903495316
15,815,173.777017367088
16,815,178.213678921337
17,815,176.395397986254
18,815,156.265036190003
1,816,138.373987283576
2,816,174.701419922209
3,816,155.225880742088
4,816,140.637085929951
5,816,154.11485235032
6,816,173.669187391168
7,816,133.137701326471
8,816,143.604303242825
9,816,161.797480030782
10,816,173.739625795773
11,816,150.440457346972
12,816,159.463086436158
13,816,143.199364797549
14,816,140.20224209402
15,816,133.974222644161
16,816,161.316727697725
17,816,160.49791424938
18,816,119.869336122319
1,817,160.952439261755
2,817,158.90143619656
3,817,143.341370055403
4,817,148.644310148878
5,817,193.153570785123
6,817,148.351321453062
7,817,130.559793672403
8,817,143.318335061954
9,817,154.760009415501
10,817,185.48493514085
11,817,141.221472915917
12,817,127.586492407529
13,817,178.258964951116
14,817,146.212496728648
15,817,183.902005288205
16,817,126.660775959344
17,817,109.101038858208
18,817,144.89650341583
1,818,144.974030119377
2,818,134.047167857242
3,818,115.973257513427
4,818,139.831447349567
5,818,196.873769751676
6,818,143.058959910533
7,818,162.257572836027
8,818,140.596855080872
9,818,168.827503151628
10,818,173.944274353389
11,818,159.572124620534
12,818,142.764126129104
13,818,122.046326569687
14,818,140.332128705321
15,818,121.509527317826
16,818,160.688949734604
17,818,178.824116852738
18,818,162.291761338191
1,819,167.107355954095
2,819,154.347482667643
3,819,141.155855185277
4,819,146.344163589805
5,819,124.634775060357
6,819,177.463196099336
7,819,174.574435770059
8,819,135.942865400185
9,819,136.723444487648
10,819,189.506002560607
11,819,152.079331827347
12,819,161.597871623088
13,819,176.741819240949
14,819,157.728714408108
15,819,137.276269778963
16,819,133.697495033592
17,819,126.86895106437
18,819,177.332670340939
1,820,198.215923173787
2,820,122.523648867207
3,820,146.440215157064
4,820,146.207417254639
5,820,196.221032558975
6,820,165.548808495114
7,820,147.878792230856
8,820,121.712940917996
9,820,168.564856289178
10,820,143.885381357142
11,820,170.732953678671
12,820,185.229831648844
13,820,130.183783294282
14,820,189.74545820624
15,820,140.970694544719
16,820,138.692710567604
17,820,197.299599180497
18,820,189.179478825057
1,821,158.657098328275
2,821,142.463292224967
3,821,182.73209442297
4,821,191.071091612329
5,821,120.473157960876
6,821,148.126731843728
7,821,179.96659840045
8,821,130.625428154846
9,821,151.979231759479
10,821,201.133337405201
11,821,155.08095054207
12,821,146.815093065782
13,821,146.071334479773
14,821,162.687987121665
15,821,157.527147697439
16,821,181.415031238787
17,821,163.377085102852
18,821,169.964742971362
1,822,118.781992230416
2,822,155.227523113093
3,822,139.336265024201
4,822,137.942724699152
5,822,169.119628784775
6,822,114.245549852338
7,822,156.370608845649
8,822,173.778968700365
9,822,161.506323424357
10,822,154.441823587483
11,822,152.078808351123
12,822,152.304364344584
13,822,186.020116801212
14,822,161.41016183258
15,822,159.240725056354
16,822,170.791013858675
17,822,157.371516319206
18,822,180.759143031835
1,823,174.522470529403
2,823,151.277067517964
3,823,202.438740674008
4,823,144.485371114247
5,823,171.219729804985
6,823,161.679051249789
7,823,184.81737049772
8,823,148.330316005045
9,823,138.728285905114
10,823,179.899705770456
11,823,160.840944120992
12,823,174.704883105846
13,823,147.192374538875
14,823,143.968596172789
15,823,179.118729958407
16,823,192.766046035109
17,823,162.362379039271
18,823,177.612720831468
1,824,173.430205152129
2,824,161.143301629222
3,824,205.549250678455
4,824,157.724853603843
5,824,142.989533462671
6,824,134.747393231501
7,824,171.415243445159
8,824,148.087711673855
9,824,133.699326030106
10,824,143.11813872289
11,824,141.132113349606
12,824,174.483404617893
13,824,183.715908624012
14,824,158.669577197085
15,824,157.280597161991
16,824,127.251880179037
17,824,166.906113569578
18,824,136.294328581186
1,825,141.500000391368
2,825,159.822262415409
3,825,156.177430163646
4,825,132.570862515353
5,825,134.701049485944
6,825,145.786611144848
7,825,172.327524247238
8,825,141.124525012894
9,825,136.487815958971
10,825,165.27011537474
11,825,151.573322899564
12,825,197.762599549894
13,825,148.761617739537
14,825,161.983651457064
15,825,162.595974396205
16,825,141.716632890854
17,825,149.478564686371
18,825,126.881737140241
1,826,127.509173368258
2,826,129.38771775773
3,826,165.295454715677
4,826,188.010966916125
5,826,176.169344184074
6,826,157.390534774436
7,826,194.322581093564
8,826,185.171370033334
9,826,124.134665046594
10,826,184.802750100055
11,826,190.047569465706
12,826,190.19749782037
13,826,133.816197675383
14,826,120.54356542248
15,826,154.820569723748
16,826,110.751539051701
17,826,129.403211593197
18,826,159.301885080115
1,827,191.921218594352
2,827,126.761512614662
3,827,162.265584904162
4,827,176.519835028569
5,827,158.220320241931
6,827,169.206167348801
7,827,168.782482344915
8,827,161.410051778857
9,827,206.563616056466
10,827,158.211017781795
11,827,143.026428643462
12,827,173.260420689929
13,827,169.029970849529
14,827,178.23308638999
15,827,161.350434084118
16,827,183.50663933511
17,827,162.932175679791
18,827,158.925142051477
1,828,183.886681756785
2,828,130.100714233496
3,828,163.615742771971
4,828,160.466316864425
5,828,157.384212888873
6,828,176.089395589911
7,828,166.077626522356
8,828,154.276515228978
9,828,141.565881494954
10,828,147.585396182565
11,828,197.421279889185
12,828,160.057334909061
13,828,197.205069250844
14,828,157.855325417126
15,828,139.464979533617
16,828,141.960294674823
17,828,116.209465179571
18,828,149.690163763102
1,829,198.47060476736
2,829,170.75674857361
3,829,170.034759817855
4,829,180.006273780187
5,829,125.098753758696
6,829,180.037620227135
7,829,139.102818395806
8,829,146.626851995088
9,829,133.684245879146
10,829,138.980927415271
11,829,162.090485355916
12,829,114.794935723336
13,829,152.661163468858
14,829,123.614119753962
15,829,189.101741252843
16,829,142.187364632788
17,829,197.231981143269
18,829,185.848597192162
1,830,179.448154270333
2,830,128.106598338922
3,830,158.713118860479
4,830,136.960011418819
5,830,183.942046134546
6,830,119.16599009983
7,830,140.704538936785
8,830,168.946135573769
9,830,143.199428072657
10,830,110.855383069896
11,830,159.746297165973
12,830,184.956756429643
13,830,154.851869035951
14,830,117.479569941993
15,830,140.001629849177
16,830,176.99354055984
17,830,167.311948294194
18,830,126.614205515247
1,831,143.831694719802
2,831,154.717121642492
3,831,184.289169091155
4,831,130.539560037625
5,831,150.775039923933
6,831,160.732417570114
7,831,150.534053620084
8,831,155.569955028942
9,831,157.730522734145
10,831,168.701253304168
11,831,188.856009784045
12,831,144.148298724077
13,831,172.728011301432
14,831,146.041904045077
15,831,167.155876857015
16,831,133.151700714158
17,831,181.971025945972
18,831,130.660601016805
1,832,132.368794948691
2,832,132.468690744174
3,832,184.549704077896
4,832,188.714643643107
5,832,159.393807640854
6,832,201.864043059059
7,832,124.326850446709
8,832,158.180019092363
9,832,144.771390434854
10,832,175.823233474094
11,832,150.415802341864
12,832,151.680218503873
13,832,191.7636785732
14,832,129.480071097397
15,832,114.567584440178
16,832,152.671600106375
17,832,150.884666674719
18,832,183.065251335313
1,833,135.26181359505
2,833,132.950329888978
3,833,165.065216506263
4,833,184.978203215972
5,833,159.606352231646
6,833,173.917892435
7,833,182.626165152789
8,833,160.619142973892
9,833,181.234431602704
10,833,163.547706153344
11,833,175.033654772792
12,833,180.750694775197
13,833,196.270337072961
14,833,141.21995915664
15,833,132.430319255667
16,833,164.195206380767
17,833,147.209726851609
18,833,123.546366971944
1,834,180.657794804219
2,834,144.503877760222
3,834,144.90149600386
4,834,146.756997761093
5,834,128.535490730417
6,834,130.846159488378
7,834,166.839603765015
8,834,126.79258666987
9,834,177.328665297265
10,834,192.724819883312
11,834,146.595470849603
12,834,162.668257159718
13,834,107.202962942699
14,834,164.567609288286
15,834,132.066643167235
16,834,178.240195437909
17,834,128.394969522013
18,834,154.599554008739
1,835,143.518343827369
2,835,177.140945560184
3,835,149.781399892559
4,835,152.820841838962
5,835,181.307700634656
6,835,174.686704191039
7,835,124.753240691066
8,835,123.867013619592
9,835,144.187654016472
10,835,136.704682092529
11,835,140.928037173548
12,835,152.595845045834
13,835,190.12174104969
14,835,157.428121711279
15,835,123.343127938624
16,835,132.165676548825
17,835,122.264785976764
18,835,160.99361175098
1,836,182.282519735064
2,836,165.896486883517
3,836,159.963977012842
4,836,157.68081896094
5,836,144.916089211215
6,836,107.91118664735
7,836,141.371862109605
8,836,170.221711110676
9,836,108.023537930742
10,836,156.553235528758
11,836,165.10104877012
12,836,158.06814719623
13,836,155.894483096826
14,836,127.293104702924
15,836,183.652599194006
16,836,161.011193050181
17,836,147.62751089026
18,836,182.582535834897
1,837,181.624815748657
2,837,135.487043082139
3,837,164.69083602343
4,837,135.311048771977
5,837,175.675738719503
6,837,153.739241569606
7,837,117.707228122549
8,837,165.558392300958
9,837,181.248845839955
10,837,156.370029056282
11,837,176.621799463177
12,837,188.978922117908
13,837,187.920034657258
14,837,138.492545072286
15,837,157.919157742795
16,837,180.130180150762
17,837,132.355156816105
18,837,142.583241654261
1,838,155.89491790817
2,838,148.936410527716
3,838,175.985041693041
4,838,151.09048135983
5,838,178.827400533199
6,838,160.485717626858
7,838,188.233882586121
8,838,154.60942797354
9,838,157.673403025887
10,838,132.133732096732
11,838,192.790584794726
12,838,146.263454885651
13,838,139.670122347389
14,838,153.568814037836
15,838,107.295656184995
16,838,161.494423527882
17,838,164.176760796132
18,838,169.868784368105
1,839,158.386707988414
2,839,175.248181258415
3,839,127.312353011825
4,839,142.596544578898
5,839,162.22819700434
6,839,164.7727887005
7,839,128.832841928515
8,839,133.444025067992
9,839,138.483860136271
10,839,133.64102481133
11,839,189.564837817691
12,839,187.180817809749
13,839,105.099484373965
14,839,156.151082642894
15,839,166.170785769338
16,839,141.414362936579
17,839,148.115755918349
18,839,173.943790890486
1,840,143.902875840849
2,840,168.079824338215
3,840,162.073020343757
4,840,176.367566514933
5,840,147.459719960312
6,840,173.793441010361
7,840,146.155364777694
8,840,166.483866792084
9,840,125.505405908978
10,840,122.067693127478
11,840,193.141775672333
12,840,153.371619262721
13,840,179.355243880106
14,840,159.98603478218
15,840,128.100678791069
16,840,160.23290471684
17,840,151.714044151483
18,840,154.294226052117
1,841,173.825375760495
2,841,180.386794154837
3,841,145.403954838606
4,841,175.854513418258
5,841,160.202861280798
6,841,165.101253632187
7,841,161.782811391535
8,841,136.828262869312
9,841,193.66728333512
10,841,131.136100818299
11,841,139.756703859613
12,841,173.320822148967
13,841,176.260996665694
14,841,152.103456770104
15,841,144.636948928797
16,841,198.018836173098
17,841,152.632985620483
18,841,168.557934754071
1,842,158.057128126046
2,842,155.348431850167
3,842,166.001189999392
4,842,187.949164232648
5,842,161.565193249581
6,842,147.516542900677
7,842,147.492195520296
8,842,166.909250975682
9,842,158.907266742943
10,842,176.89668048295
11,842,164.705636262589
12,842,146.97290238937
13,842,168.360167607186
14,842,190.938828747369
15,842,126.489227124396
16,842,166.241474405072
17,842,153.995226544365
18,842,202.737456938124
1,843,196.358880086619
2,843,116.798584250105
3,843,145.280585440015
4,843,156.297982637347
5,843,160.361228295503
6,843,146.887532452657
7,843,181.336022067446
8,843,149.269648408996
9,843,129.200823895728
10,843,186.979621681426
11,843,126.977961411541
12,843,153.676280129838
13,843,185.035972710119
14,843,167.072815825091
15,843,173.119396989289
16,843,181.064444683861
17,843,131.878289653614
18,843,116.868387500814
1,844,191.013348909383
2,844,105.893905841415
3,844,181.60112019256
4,844,140.573945024578
5,844,195.571423845137
6,844,177.25869739542
7,844,129.4363679688
8,844,136.726393383422
9,844,182.328768957393
10,844,145.017272777364
11,844,161.37392210515
12,844,149.144317687801
13,844,115.831269242728
14,844,133.716950180174
15,844,138.233432877309
16,844,194.505435696592
17,844,175.62354215464
18,844,192.348991887825
1,845,176.265397537948
2,845,142.046815568654
3,845,123.688767659596
4,845,131.282246053612
5,845,159.482391721729
6,845,170.813195893739
7,845,116.592873676952
8,845,158.438367202614
9,845,178.910221608754
10,845,119.255044552171
11,845,170.03668784589
12,845,154.398015338992
13,845,195.533609329402
14,845,147.237832985672
15,845,152.989491129317
16,845,173.112759858889
17,845,170.202381013573
18,845,181.827447605624
1,846,142.199067135648
2,846,138.399738494637
3,846,134.827747245469
4,846,148.175279240826
5,846,181.00923884576
6,846,195.66240528287
7,846,179.751377358208
8,846,148.562166887676
9,846,166.410926531306
10,846,151.193194559663
11,846,169.22895374165
12,846,153.323023490171
13,846,166.106759716582
14,846,168.697876454747
15,846,168.160406243441
16,846,155.563582680718
17,846,163.32521175513
18,846,176.525283199947
1,847,126.973992855852
2,847,137.328465073662
3,847,114.513363895538
4,847,141.491402482685
5,847,127.001578022081
6,847,149.109196940671
7,847,186.591763094934
8,847,151.576994840878
9,847,131.525945651407
10,847,120.254397502776
11,847,172.478983913349
12,847,170.609797359624
13,847,176.964474916033
14,847,157.280704979224
15,847,163.208096177249
16,847,117.871293380817
17,847,166.258490967318
18,847,137.434286288787
1,848,173.623414073974
2,848,110.15145028166
3,848,192.86553911129
4,848,156.292166643674
5,848,159.151618961041
6,848,179.023939852192
7,848,151.833185986879
8,848,136.198422633801
9,848,143.878205402753
10,848,143.723319555643
11,848,180.078083738601
12,848,139.350869300954
13,848,161.471886224296
14,848,167.869186676489
15,848,183.315662189418
16,848,142.217390285339
17,848,126.281500916752
18,848,203.719648114855
1,849,148.142999708379
2,849,140.376887676502
3,849,153.263460274748
4,849,175.419566441724
5,849,170.328955568693
6,849,175.921576219543
7,849,173.703519751305
8,849,138.190651693342
9,849,154.129229868031
10,849,134.186241264116
11,849,164.131864578761
12,849,131.716745075105
13,849,130.644739597262
14,849,151.173376680765
15,849,199.513654551609
16,849,162.779627438053
17,849,153.072482600386
18,849,174.378225147838
1,850,156.930436762217
2,850,157.226704376662
3,850,150.728481936244
4,850,125.434955079293
5,850,134.570316995071
6,850,174.784551843926
7,850,178.546220346587
8,850,143.68219157103
9,850,117.367423133545
10,850,161.671957573868
11,850,151.584168588247
12,850,196.484847050932
13,850,161.949455325012
14,850,165.423517561691
15,850,123.802353217384
16,850,176.309102344543
17,850,182.901892009345
18,850,183.896285149449
1,851,147.472943585639
2,851,119.257083937785
3,851,173.830505998147
4,851,130.971895293727
5,851,117.346746379518
6,851,157.113777231771
7,851,152.58124528877
8,851,178.192650151134
9,851,160.708769679476
10,851,146.41723044681
11,851,126.292517254095
12,851,173.269616221284
13,851,179.666635829959
14,851,134.195265619042
15,851,165.129486551783
16,851,171.002914866243
17,851,157.014061585185
18,851,175.645778579983
1,852,163.088673739292
2,852,174.197268519558
3,852,157.961970275522
4,852,185.501418598034
5,852,174.072713494621
6,852,146.798695205757
7,852,163.170764723406
8,852,157.668399078874
9,852,192.097824618897
10,852,161.250605123859
11,852,149.13539263932
12,852,149.915036380347
13,852,178.666231123852
14,852,177.734296403861
15,852,162.294114490853
16,852,156.129298864643
17,852,201.032850518808
18,852,147.08235170994
1,853,159.817971552403
2,853,154.788904967722
3,853,162.02445792599
4,853,138.064621764956
5,853,150.742461766547
6,853,204.110535687163
7,853,113.326168104117
8,853,119.500057037722
9,853,114.910310821866
10,853,137.459057939407
11,853,156.036158432254
12,853,126.142974894625
13,853,161.244164303748
14,853,163.972754239561
15,853,142.164266938298
16,853,127.34700975352
17,853,172.832667571175
18,853,154.078664737526
1,854,188.854173899688
2,854,131.14983043332
3,854,195.004329444402
4,854,163.942282279712
5,854,112.13693471177
6,854,178.285038521743
7,854,177.225589500604
8,854,189.261022933777
9,854,180.264583437815
10,854,163.530105695414
11,854,174.585704614418
12,854,128.402680334433
13,854,184.155690658259
14,854,146.488114813524
15,854,155.765715505994
16,854,138.674157561042
17,854,152.349949831136
18,854,165.250336428348
1,855,181.846972109992
2,855,186.193348868208
3,855,142.512327824663
4,855,162.904346585369
5,855,179.077231084247
6,855,146.788251449336
7,855,139.334565916735
8,855,164.511409272081
9,855,144.796416358998
10,855,153.835631398758
11,855,141.930974095721
12,855,155.899864992658
13,855,178.854477317624
14,855,178.425978871317
15,855,157.823614399423
16,855,196.072930193113
17,855,171.072063751822
18,855,153.770349510777
1,856,203.190904740157
2,856,145.779019120591
3,856,134.545831847434
4,856,173.180181329247
5,856,188.185925828554
6,856,154.064222728844
7,856,173.016181631015
8,856,129.166059410947
9,856,159.543962181268
10,856,128.000674726832
11,856,130.090009774192
12,856,131.397573846788
13,856,206.507695193898
14,856,183.807009254281
15,856,120.121103766747
16,856,165.087900368126
17,856,140.271043366077
18,856,155.898467074432
1,857,184.115115474048
2,857,181.639107506629
3,857,122.105400332429
4,857,157.710182399312
5,857,168.858124054384
6,857,184.529703947282
7,857,121.858143803117
8,857,150.182960369244
9,857,169.149799599001
10,857,155.092335078663
11,857,201.197736209148
12,857,194.452353706501
13,857,163.517977852722
14,857,121.639997893738
15,857,169.782985518025
16,857,166.57875452816
17,857,175.347447098448
18,857,157.74254067094
1,858,139.480832898267
2,858,163.310645983822
3,858,135.371766025471
4,858,175.959292011645
5,858,146.222921941244
6,858,175.903096457784
7,858,166.988330633095
8,858,160.77779729554
9,858,132.656650448372
10,858,187.029708231469
11,858,157.455113832636
12,858,146.63594812214
13,858,176.995250349825
14,858,165.053336695511
15,858,145.794807825165
16,858,147.993206390863
17,858,157.894842218368
18,858,123.507861175863
1,859,163.012437456706
2,859,159.607488572836
3,859,121.005394224454
4,859,174.380059235827
5,859,155.325653181546
6,859,159.537955601512
7,859,129.543942611198
8,859,129.265603573923
9,859,153.181586292092
10,859,149.893685711635
11,859,170.347159727409
12,859,161.794224593048
13,859,173.089087697503
14,859,179.642464547873
15,859,137.130876299116
16,859,128.959017551033
17,859,129.56852221676
18,859,193.255180860373
1,860,195.993567878099
2,860,127.307804467176
3,860,115.741514466011
4,860,143.779400683365
5,860,131.76033010751
6,860,155.386028998563
7,860,151.435074056755
8,860,170.480064607605
9,860,157.525637946026
10,860,161.873890538836
11,860,143.725535470202
12,860,108.735187232091
13,860,126.235112312158
14,860,171.714520373661
15,860,157.030547481221
16,860,155.244807037961
17,860,127.749230722552
18,860,152.095843826682
1,861,147.072548706251
2,861,164.920603841484
3,861,168.461231125936
4,861,196.121859075154
5,861,182.081119849658
6,861,176.729919803862
7,861,183.593046123753
8,861,153.017659059763
9,861,179.458094886838
10,861,155.150365806229
11,861,152.658580245223
12,861,159.003907637069
13,861,118.387138048298
14,861,129.132937972762
15,861,121.94957605855
16,861,161.725144453719
17,861,174.412936492754
18,861,144.889214032297
1,862,110.885189187447
2,862,151.892780253882
3,862,175.689761456256
4,862,170.175771738676
5,862,159.648567492021
6,862,161.395324484156
7,862,197.964364745217
8,862,147.983405974656
9,862,158.954065316564
10,862,174.45462969195
11,862,112.586415461825
12,862,169.914644140839
13,862,177.5510130448
14,862,167.426005451738
15,862,183.451255787066
16,862,184.112376410227
17,862,149.29481631398
18,862,147.239379539985
1,863,152.175890701196
2,863,123.064960580476
3,863,168.043715897058
4,863,171.543359098427
5,863,164.755977501106
6,863,190.81441484216
7,863,158.869927360761
8,863,169.730001175198
9,863,160.433278160261
10,863,152.158309030033
11,863,198.882921211525
12,863,179.915470023326
13,863,183.54048992234
14,863,127.054113530956
15,863,199.696486089568
16,863,176.397096497978
17,863,149.444857242079
18,863,169.181875436421
1,864,149.258359063288
2,864,147.589323491263
3,864,151.797293343116
4,864,165.966411662886
5,864,175.228671693151
6,864,150.960062871406
7,864,196.0884938962
8,864,187.130332227308
9,864,168.464429973823
10,864,174.919218081452
11,864,151.606618392865
12,864,167.260170681884
13,864,165.914882991593
14,864,205.134955530803
15,864,151.16147342268
16,864,176.464250054768
17,864,154.72920300318
18,864,153.552913836848
1,865,135.151654017467
2,865,159.976208551699
3,865,162.328038194139
4,865,170.029415840837
5,865,149.050904050082
6,865,158.463119923696
7,865,134.005523229456
8,865,134.145665347355
9,865,159.458677103566
10,865,178.294303234323
11,865,169.785219301265
12,865,167.826804994451
13,865,155.511925792994
14,865,167.538943310207
15,865,153.20544927664
16,865,157.746890007146
17,865,153.638342105795
18,865,124.963778988561
1,866,181.170866007243
2,866,146.796863436344
3,866,175.314182032705
4,866,142.040750989786
5,866,158.596214674073
6,866,186.296269588859
7,866,136.656722263724
8,866,174.282610779277
9,866,160.359727041463
10,866,200.529340302303
11,866,128.104816168796
12,866,164.466055538795
13,866,183.509608328951
14,866,147.389017781625
15,866,167.281221851328
16,866,168.745870775006
17,866,191.197516531393
18,866,175.016280333384
1,867,183.385488314149
2,867,153.575417148469
3,867,169.285544639416
4,867,159.020544124016
5,867,147.908943491788
6,867,141.249904479022
7,867,156.476037822782
8,867,143.805553866709
9,867,129.862960953444
10,867,124.626534616942
11,867,154.512393059562
12,867,146.12578801916
13,867,184.892813883561
14,867,144.053864025094
15,867,162.866305715162
16,867,140.625315458233
17,867,162.730450349644
18,867,173.53943520464
1,868,148.688359697217
2,868,133.028610180018
3,868,188.138520090195
4,868,191.672580132185
5,868,170.814073450752
6,868,158.542956996322
7,868,138.109033605228
8,868,130.17514146553
9,868,165.47943521561
10,868,143.355788535331
11,868,183.730021972473
12,868,189.765033499675
13,868,153.027792324489
14,868,167.636271504747
15,868,160.099569563165
16,868,168.320937069606
17,868,150.876077002379
18,868,122.267253501974
1,869,187.372619076539
2,869,158.3339485238
3,869,161.818527488307
4,869,207.085387671084
5,869,205.201163136
6,869,155.555670060356
7,869,114.860766691312
8,869,132.133052857869
9,869,158.146353221177
10,869,163.85173030555
11,869,179.026005409756
12,869,164.653105818509
13,869,153.094301786891
14,869,139.132529593503
15,869,199.931167176411
16,869,164.570993837785
17,869,158.943161286841
18,869,151.289767046451
1,870,133.569228001134
2,870,197.21753068403
3,870,148.549794580681
4,870,127.571878234462
5,870,153.86974654749
6,870,166.649902166818
7,870,161.553162552584
8,870,132.218311139646
9,870,162.728390435476
10,870,128.087300889808
11,870,191.212621569676
12,870,139.722671563177
13,870,142.272313424511
14,870,142.189925031765
15,870,147.976330433768
16,870,173.186220699315
17,870,158.948554594856
18,870,115.502557287238
1,871,130.744767759622
2,871,151.620523816098
3,871,163.729495005049
4,871,162.703591891769
5,871,165.34400350623
6,871,132.38528510651
7,871,129.63840021375
8,871,140.335743126802
9,871,128.576867065976
10,871,149.392959583073
11,871,157.605390861078
12,871,150.746059968327
13,871,142.428142549818
14,871,138.119828198837
15,871,175.226983557551
16,871,181.941740980077
17,871,145.37997362407
18,871,129.45243324067
1,872,157.388140082438
2,872,160.567864725949
3,872,168.902912417091
4,872,178.530833015934
5,872,140.121123685486
6,872,176.552956765483
7,872,179.702437111282
8,872,167.648268593446
9,872,165.851108579529
10,872,179.555726780255
11,872,202.033447649903
12,872,129.813265660335
13,872,151.634380246038
14,872,144.096703648093
15,872,114.948053887628
16,872,162.096718966089
17,872,185.071987918224
18,872,146.351803163033
1,873,159.417525783922
2,873,182.322167892411
3,873,193.246353792137
4,873,162.234484145456
5,873,135.224814278916
6,873,200.125731360018
7,873,205.265706614259
8,873,176.332213005186
9,873,189.884638097024
10,873,132.042929401896
11,873,154.427461239852
12,873,178.816534150725
13,873,183.902463569968
14,873,155.900455661034
15,873,157.392324584602
16,873,116.395775309849
17,873,198.9371843201
18,873,156.133740753371
1,874,144.575579901316
2,874,159.085720136659
3,874,162.912267619721
4,874,160.862836462062
5,874,133.624008736894
6,874,202.368644019323
7,874,157.10689967048
8,874,155.455793983887
9,874,136.760184663833
10,874,152.651159089286
11,874,195.39632914069
12,874,134.402829175645
13,874,151.48305132218
14,874,122.197874525547
15,874,144.526474676898
16,874,147.051692321918
17,874,184.094257379792
18,874,160.099247214691
1,875,118.815675719867
2,875,129.485880628055
3,875,182.615300460478
4,875,175.411407549515
5,875,141.629439858811
6,875,157.009401644107
7,875,163.362275137894
8,875,153.13979363405
9,875,126.57110156112
10,875,140.731674744246
11,875,172.940062796103
12,875,145.56228231499
13,875,180.729172391897
14,875,154.678381265687
15,875,166.785060930184
16,875,109.929923272531
17,875,142.818872839488
18,875,179.426745887741
1,876,172.292091348576
2,876,170.082403392259
3,876,153.780510387597
4,876,117.772026317821
5,876,163.194943227653
6,876,137.634791035414
7,876,148.673991801463
8,876,139.98519630249
9,876,203.712106188906
10,876,155.681251287552
11,876,118.283881359385
12,876,130.966672502093
13,876,173.203844475086
14,876,197.025048005291
15,876,197.930349380089
16,876,163.417708608281
17,876,138.229746119409
18,876,151.05604641091
1,877,119.251036119413
2,877,199.553408930535
3,877,129.211519840284
4,877,124.693298927498
5,877,161.682500259144
6,877,162.008985990714
7,877,189.898468713378
8,877,199.364779163574
9,877,174.287633343037
10,877,113.064240898823
11,877,162.809319640971
12,877,185.746070317466
13,877,134.119033342842
14,877,203.889397289032
15,877,140.57419612518
16,877,185.627624186566
17,877,160.715678897493
18,877,167.29872226579
1,878,160.714404871389
2,878,179.928338851588
3,878,155.574388521847
4,878,119.681567200499
5,878,116.88293459625
6,878,148.336963852417
7,878,164.674151635653
8,878,165.125338406016
9,878,153.686089424286
10,878,120.778441554363
11,878,121.521119826038
12,878,168.822098032035
13,878,118.699201037221
14,878,147.306349409899
15,878,162.794422788862
16,878,185.175786831403
17,878,136.831468565749
18,878,161.620761188346
1,879,117.1247011331
2,879,171.107653261806
3,879,156.958982709698
4,879,180.410524414926
5,879,170.035177123448
6,879,157.601318118749
7,879,182.0563495116
8,879,153.917565737705
9,879,134.580379840993
10,879,132.171678706063
11,879,158.403370913273
12,879,144.069992616676
13,879,184.196712956716
14,879,172.630497471853
15,879,123.396780960941
16,879,165.69509149948
17,879,184.453024722808
18,879,187.674926008335
1,880,196.67725271023
2,880,139.707822827789
3,880,140.952028166347
4,880,200.588307583102
5,880,156.053995552121
6,880,163.506354182945
7,880,103.042977003414
8,880,163.630547980623
9,880,114.778411073744
10,880,158.208130326225
11,880,187.691557106635
12,880,157.921468170843
13,880,105.830230489542
14,880,135.409542341192
15,880,161.369114676422
16,880,116.470835362512
17,880,132.519321258877
18,880,161.250261092206
1,881,153.694502538562
2,881,151.780519722451
3,881,143.994015735043
4,881,161.337630558866
5,881,154.718314850026
6,881,163.684216919829
7,881,155.72664355402
8,881,176.389442917877
9,881,168.733161568479
10,881,135.912789969905
11,881,152.177840194871
12,881,182.001914180851
13,881,183.58724286857
14,881,127.06331701428
15,881,133.090619081835
16,881,177.17935039547
17,881,158.056698867838
18,881,167.794245562939
1,882,113.129881248527
2,882,170.204806189637
3,882,169.963950159744
4,882,136.863928382366
5,882,162.434690183593
6,882,126.089087568949
7,882,176.865416858433
8,882,197.88490356353
9,882,125.373765574843
10,882,170.617341675933
11,882,145.918652075119
12,882,137.998525012042
13,882,129.445984967212
14,882,175.51749543531
15,882,157.378901991088
16,882,117.47233734891
17,882,138.789409080775
18,882,163.28562422647
1,883,152.018192825456
2,883,125.112169784961
3,883,183.912681285117
4,883,135.42717570512
5,883,196.989209652948
6,883,135.821106200446
7,883,115.545542182266
8,883,137.165896516967
9,883,126.145433930267
10,883,197.37396091593
11,883,185.141179466733
12,883,166.491133330765
13,883,160.90446234744
14,883,131.76260276325
15,883,134.660295485854
16,883,141.523394144868
17,883,174.643403615983
18,883,162.904325214808
1,884,130.498138082532
2,884,147.638254764062
3,884,155.831353158696
4,884,119.442160593211
5,884,167.271018259073
6,884,188.499550790975
7,884,176.806346003643
8,884,182.862469795998
9,884,174.229714541368
10,884,151.68353915827
11,884,171.277227319247
12,884,166.066513244461
13,884,168.168228739616
14,884,157.454753343441
15,884,180.80467311364
16,884,189.758372287922
17,884,150.769498124569
18,884,151.118838641933
1,885,132.203747489129
2,885,123.212517445685
3,885,168.225788044187
4,885,126.546863159691
5,885,167.359784280624
6,885,158.29455578138
7,885,181.201741682881
8,885,136.659097295607
9,885,134.322479512988
10,885,173.873614756184
11,885,166.870545423727
12,885,145.710589985542
13,885,148.323843481366
14,885,169.581629733519
15,885,173.725018226931
16,885,172.103809187205
17,885,184.405274506277
18,885,141.658362223636
1,886,178.039417608225
2,886,131.621298254804
3,886,133.878923868223
4,886,132.631763401569
5,886,137.615449119482
6,886,185.480556660009
7,886,144.163181065275
8,886,163.281801647482
9,886,168.852886521081
10,886,159.699363984163
11,886,141.611236093118
12,886,156.300934290349
13,886,163.776021481049
14,886,169.597182636035
15,886,183.780473948045
16,886,181.274313304368
17,886,171.189830426293
18,886,177.950972875339
1,887,186.626761676301
2,887,166.856073792107
3,887,161.158667969503
4,887,151.768828430577
5,887,164.939883884119
6,887,182.795602642571
7,887,134.816237261728
8,887,162.844492343704
9,887,173.17854394358
10,887,148.624553463235
11,887,118.72032430659
12,887,174.327560870819
13,887,126.189491152751
14,887,166.589227792063
15,887,167.151474083754
16,887,118.342998437055
17,887,136.371763463107
18,887,183.292292075551
1,888,167.337519639447
2,888,156.134019425512
3,888,127.477226620439
4,888,152.946120945646
5,888,159.794867282977
6,888,171.250430609243
7,888,119.520352142243
8,888,193.835438144275
9,888,169.622732148976
10,888,178.16994516865
11,888,118.332382183391
12,888,171.445983838444
13,888,165.004241345599
14,888,167.3318277745
15,888,159.431344789146
16,888,159.011759028805
17,888,179.951246529131
18,888,160.803777702307
1,889,203.154816927475
2,889,179.236058695605
3,889,117.752080165776
4,889,179.607220788628
5,889,150.520118463528
6,889,172.254609742382
7,889,142.900418129221
8,889,175.091689192371
9,889,142.397206190409
10,889,174.223023283101
11,889,127.637028953155
12,889,176.009218221881
13,889,169.854386139724
14,889,128.734133385507
15,889,164.060399436598
16,889,201.19837978961
17,889,170.456953594225
18,889,151.80712102637
1,890,196.45372008858
2,890,160.728188793615
3,890,119.323594602744
4,890,169.016838241186
5,890,165.456816242592
6,890,155.060980178548
7,890,152.814524918922
8,890,174.905236975867
9,890,150.067721966425
10,890,157.819654334729
11,890,142.059278136131
12,890,167.375663310741
13,890,154.657938202729
14,890,171.242884080849
15,890,180.05033866461
16,890,176.25012184048
17,890,138.820219482878
18,890,121.528857336895
1,891,151.797827510069
2,891,106.672749233408
3,891,168.430012387889
4,891,201.108741622902
5,891,169.138649159963
6,891,120.623349834641
7,891,195.553762819879
8,891,117.282705401693
9,891,152.050371246557
10,891,186.677066641697
11,891,155.067967765007
12,891,156.697822820398
13,891,117.942295236243
14,891,184.191851882087
15,891,187.889983088342
16,891,156.752965385341
17,891,175.444900755157
18,891,140.086924103302
1,892,181.262339217259
2,892,165.617703022778
3,892,134.414226371004
4,892,153.363301492573
5,892,191.835649924676
6,892,140.178551062865
7,892,142.081518082346
8,892,134.824772873784
9,892,191.561703706162
10,892,158.682642264478
11,892,158.30388061061
12,892,137.923343352775
13,892,171.974583794556
14,892,176.090169616661
15,892,162.441903327678
16,892,156.792924411627
17,892,138.306779790661
18,892,135.947674437115
1,893,155.445387949909
2,893,142.303846070691
3,893,146.260146254367
4,893,128.239723321987
5,893,133.896438278838
6,893,172.112156315633
7,893,155.895122133543
8,893,132.09350360805
9,893,137.187323894158
10,893,171.99732083057
11,893,158.768706495362
12,893,188.284541749608
13,893,163.204868488673
14,893,176.612627686092
15,893,175.146843380966
16,893,170.971032946687
17,893,138.118035031198
18,893,140.220005423218
1,894,174.15902878652
2,894,151.553563775014
3,894,159.30119844597
4,894,192.978462683139
5,894,150.553542174707
6,894,177.965267008487
7,894,183.945674685542
8,894,162.619724512296
9,894,164.576820123452
10,894,170.448815169808
11,894,139.666650922172
12,894,138.343190388071
13,894,128.116404724553
14,894,151.978404718554
15,894,166.64779707869
16,894,149.021283114341
17,894,140.440497158872
18,894,180.110140268097
1,895,196.454864286874
2,895,138.852722397261
3,895,171.222926236531
4,895,129.845639377683
5,895,106.89283535111
6,895,145.086463185472
7,895,133.853578290965
8,895,160.931667955933
9,895,128.613526955756
10,895,157.00321718673
11,895,133.996974232295
12,895,145.158798689089
13,895,120.315173357971
14,895,146.377605500072
15,895,170.686341720355
16,895,140.820024041858
17,895,167.439900266529
18,895,175.949720073631
1,896,168.523097777961
2,896,157.069426804768
3,896,184.062771728729
4,896,176.195246058148
5,896,158.389584072268
6,896,138.598028077531
7,896,190.296343259427
8,896,186.056486887906
9,896,131.333146124068
10,896,152.149059366526
11,896,142.288098226555
12,896,163.39193199387
13,896,139.935594556959
14,896,161.71517384056
15,896,150.10865556606
16,896,163.006329571007
17,896,136.770065526223
18,896,128.097263920052
1,897,173.456574799893
2,897,139.399779272936
3,897,156.22432800602
4,897,153.859278701614
5,897,183.800709426216
6,897,131.761849553715
7,897,122.653231624352
8,897,174.679760018342
9,897,122.547253584358
10,897,134.411075651322
11,897,142.447279710615
12,897,147.691067510075
13,897,137.532090942554
14,897,179.307459273112
15,897,122.753674497634
16,897,166.483765173481
17,897,167.787082668143
18,897,154.019991793065
1,898,174.063473123086
2,898,179.812250691425
3,898,188.015027410251
4,898,168.24465392753
5,898,170.480104810151
6,898,172.152815344955
7,898,168.659919774336
8,898,178.228127371412
9,898,187.735936080783
10,898,144.604688556475
11,898,149.826177266166
12,898,137.684676029889
13,898,162.009442158508
14,898,196.025382034299
15,898,165.498563866823
16,898,199.165166332021
17,898,203.160974937449
18,898,135.572140720715
1,899,168.630137028453
2,899,165.867873604417
3,899,139.744154598448
4,899,183.890512717587
5,899,169.465028647681
6,899,161.131681958489
7,899,130.909138394927
8,899,178.122838193283
9,899,131.63591624123
10,899,116.484259959373
11,899,185.866065190351
12,899,144.36780927376
13,899,130.283385567789
14,899,167.413105342103
15,899,121.858254539653
16,899,158.168304206851
17,899,147.776442111295
18,899,137.675499668574
1,900,143.633909416909
2,900,163.633296212967
3,900,166.025205103654
4,900,128.812750958359
5,900,153.532669436332
6,900,178.888115847863
7,900,205.316328877382
8,900,137.816485848333
9,900,188.306522450079
10,900,170.694000741341
11,900,114.603776203879
12,900,150.892527271165
13,900,166.160377543723
14,900,179.114236100752
15,900,149.267477589794
16,900,156.344250671669
17,900,176.453500220863
18,900,194.033674131709
1,901,134.008878339332
2,901,189.71526585229
3,901,146.510963519061
4,901,183.206113678081
5,901,160.771530559317
6,901,170.923061592928
7,901,168.171544918237
8,901,166.087770064249
9,901,120.190186200876
10,901,122.81976983395
11,901,149.738432362631
12,901,151.75558179523
13,901,113.963390411576
14,901,143.858084986247
15,901,171.129303174208
16,901,167.272700583349
17,901,142.800584230235
18,901,173.868917829345
1,902,189.21056143121
2,902,157.691717706762
3,902,185.27649867789
4,902,173.631646509334
5,902,139.83977435084
6,902,184.165229500449
7,902,166.887976714676
8,902,155.07357473042
9,902,185.036700440925
10,902,145.301009146176
11,902,169.362401323876
12,902,191.252073670213
13,902,131.750628286398
14,902,178.839111210664
15,902,114.900680199324
16,902,126.454147711029
17,902,164.532800013123
18,902,159.210306496177
1,903,141.434065192037
2,903,192.513743812807
3,903,189.064590459191
4,903,138.581384092911
5,903,138.856828881236
6,903,136.753077474314
7,903,173.622578884702
8,903,150.833297686857
9,903,180.037657750937
10,903,193.189916485486
11,903,176.91761167856
12,903,142.701076813535
13,903,119.584566173671
14,903,155.100306849352
15,903,123.719647926593
16,903,146.540835705738
17,903,147.202972339214
18,903,141.567926892933
1,904,182.339866690659
2,904,169.175826565812
3,904,186.507147790614
4,904,155.945646734401
5,904,197.178055232353
6,904,188.7470628039
7,904,136.138939427856
8,904,123.843317376068
9,904,143.10984281845
10,904,189.916957685287
11,904,158.640279973808
12,904,137.007941094982
13,904,186.596692774958
14,904,145.852270531984
15,904,115.813372884259
16,904,145.638580167601
17,904,129.134443404076
18,904,176.711286808577
1,905,195.564433783128
2,905,196.604158221799
3,905,176.643973392662
4,905,137.523516840294
5,905,112.688984532339
6,905,173.72806391226
7,905,182.999918978551
8,905,173.030240292848
9,905,167.639927193406
10,905,152.336224302776
11,905,141.941982128557
12,905,122.724240704297
13,905,159.066897798371
14,905,137.929148111213
15,905,173.292086846429
16,905,172.301835596144
17,905,166.896548764395
18,905,160.225012186819
1,906,176.907105435431
2,906,185.148830674109
3,906,192.068743644431
4,906,139.15109790639
5,906,167.734094604137
6,906,159.564874852915
7,906,123.565034103038
8,906,187.492532154384
9,906,160.573084522998
10,906,116.157683963182
11,906,109.933602602138
12,906,136.74463914681
13,906,153.463478388172
14,906,153.863977533383
15,906,139.400773422914
16,906,166.108932717834
17,906,136.234453493834
18,906,151.404444319247
1,907,144.078889380917
2,907,183.174280318134
3,907,209.31874671398
4,907,170.172525402536
5,907,134.409380555167
6,907,194.449843784242
7,907,136.576894676714
8,907,125.017688038964
9,907,150.028655534378
10,907,172.378436410995
11,907,149.95535613499
12,907,147.153527677047
13,907,208.554281325904
14,907,163.85787120975
15,907,158.602319760095
16,907,122.990257652109
17,907,155.707452703062
18,907,133.209210947736
1,908,147.82417966638
2,908,185.839377257593
3,908,184.112539373828
4,908,190.896749709004
5,908,154.210421749628
6,908,147.576357811461
7,908,169.530280830565
8,908,159.012757104461
9,908,161.605878954345
10,908,116.478260424147
11,908,121.958116886416
12,908,160.905902022565
13,908,139.09275404201
14,908,150.875179553807
15,908,159.221891742314
16,908,195.054838005828
17,908,185.71195309985
18,908,170.756558674051
1,909,165.990816726759
2,909,192.848830669731
3,909,162.072696882896
4,909,165.174066077273
5,909,139.246731847911
6,909,174.696776982756
7,909,179.812459297149
8,909,176.90503625631
9,909,180.272711588736
10,909,113.326019664875
11,909,151.510804853878
12,909,178.466191762463
13,909,176.383834509673
14,909,170.612002336216
15,909,153.489323239371
16,909,176.540865161708
17,909,163.829618598479
18,909,160.858475220091
1,910,177.578662989724
2,910,160.436521749908
3,910,171.637243225955
4,910,144.569925800322
5,910,140.583777550501
6,910,111.879765370959
7,910,167.467863272222
8,910,130.436085077864
9,910,146.379953053106
10,910,157.447986184558
11,910,154.730185168203
12,910,131.528654100058
13,910,136.814833641423
14,910,142.426318079511
15,910,158.648317114578
16,910,175.139119179954
17,910,178.623513917025
18,910,173.408737789871
1,911,151.742835504978
2,911,158.991542914603
3,911,175.21585299928
4,911,184.744557616992
5,911,156.821209697234
6,911,166.583962836318
7,911,171.545821415503
8,911,154.685646775517
9,911,122.09897250137
10,911,163.796279056672
11,911,174.971430129401
12,911,137.348313241054
13,911,143.150982428739
14,911,153.009863567118
15,911,148.591304145625
16,911,123.725728844741
17,911,164.840277315974
18,911,148.976608578299
1,912,170.016489271356
2,912,195.25097583172
3,912,147.141107857421
4,912,155.06632844263
5,912,133.627654402416
6,912,150.68682704446
7,912,142.073434103166
8,912,193.182738961165
9,912,128.141615928148
10,912,143.040379358791
11,912,184.058153019674
12,912,127.393859069798
13,912,167.527495259092
14,912,167.88549770933
15,912,158.919096237766
16,912,166.155056350387
17,912,133.537252790247
18,912,136.125019535701
1,913,178.340482638911
2,913,138.319142830508
3,913,163.33918158411
4,913,155.302018819135
5,913,118.911393952287
6,913,142.175598707942
7,913,149.863147089443
8,913,183.07265521725
9,913,151.585326072164
10,913,175.146691743956
11,913,151.448490119695
12,913,103.672936430472
13,913,159.87245498789
14,913,152.619744503958
15,913,167.783514652619
16,913,153.467412058108
17,913,185.559107290118
18,913,157.189827468036
1,914,156.56803453975
2,914,191.587627941483
3,914,143.701022783282
4,914,179.397343639177
5,914,129.944929984038
6,914,185.989714259338
7,914,166.520869392011
8,914,157.711222810944
9,914,148.858020913413
10,914,146.899404678446
11,914,172.737640692308
12,914,174.548389333183
13,914,137.606433280131
14,914,169.68514808164
15,914,152.174428504413
16,914,166.624506806729
17,914,128.341644053985
18,914,160.484474398283
1,915,171.44396418439
2,915,114.181047564109
3,915,154.394955157421
4,915,143.793106191945
5,915,206.233872798848
6,915,104.192853838903
7,915,148.60263812944
8,915,193.178593199822
9,915,139.055198052948
10,915,149.684009342897
11,915,198.620466336141
12,915,179.232483800504
13,915,198.159155249213
14,915,164.042615620908
15,915,192.020102796416
16,915,140.376479851818
17,915,166.173127682965
18,915,140.791192294324
1,916,175.556326269502
2,916,155.977255466899
3,916,179.829754339136
4,916,166.074036608532
5,916,184.142828851007
6,916,175.207693991629
7,916,142.796796572323
8,916,144.257812166251
9,916,139.606283397058
10,916,161.377432628574
11,916,183.309024528078
12,916,114.519530779454
13,916,130.273414293158
14,916,128.509845110604
15,916,167.706827353937
16,916,141.111561586785
17,916,141.037378443478
18,916,173.923665339098
1,917,199.69814197213
2,917,194.408986913374
3,917,180.876516101469
4,917,192.156984921234
5,917,170.834851378423
6,917,205.770202684312
7,917,163.472498801266
8,917,181.46597615477
9,917,139.138860517219
10,917,206.205107828459
11,917,147.574477424402
12,917,158.061122101521
13,917,161.376316856802
14,917,173.304289044831
15,917,164.045682770407
16,917,167.738994524176
17,917,166.315709345769
18,917,170.521855482916
1,918,107.891727082572
2,918,124.557364520226
3,918,166.92502145417
4,918,129.01845793925
5,918,172.148123048976
6,918,167.621990648277
7,918,183.621912998516
8,918,137.520271605782
9,918,192.546890589089
10,918,121.385633443563
11,918,178.727691840104
12,918,157.792080769263
13,918,181.745370802314
14,918,150.02782393073
15,918,148.995149830598
16,918,137.810828406986
17,918,145.829567700193
18,918,139.894776678884
1,919,137.741796280012
2,919,149.687398640489
3,919,193.722423697815
4,919,170.016559492561
5,919,113.886620437285
6,919,128.737104060902
7,919,164.784131357858
8,919,177.071546572165
9,919,160.09412929281
10,919,201.230153258565
11,919,168.941054882629
12,919,132.369289662488
13,919,177.918813873982
14,919,158.24641563363
15,919,126.06518706672
16,919,122.974420213296
17,919,176.984441693286
18,919,203.295054565587
1,920,167.997765290679
2,920,172.906952004333
3,920,157.715488720168
4,920,171.099691319998
5,920,148.240479629023
6,920,150.162156914051
7,920,167.768526176567
8,920,182.23042088056
9,920,140.536547499909
10,920,183.354586856549
11,920,167.952035678732
12,920,133.383945163226
13,920,159.393418304447
14,920,163.798385261543
15,920,120.163133903685
16,920,144.257557897731
17,920,195.32439641837
18,920,173.857001058298
1,921,200.224133134228
2,921,170.565459911167
3,921,182.804481870098
4,921,133.595937053352
5,921,149.214398594912
6,921,158.706536113226
7,921,144.748732717203
8,921,170.007077294422
9,921,183.353513971918
10,921,153.443038138453
11,921,180.128098177492
12,921,118.971203776862
13,921,183.500155277221
14,921,158.136216443043
15,921,152.855185814815
16,921,159.776825427752
17,921,184.628598216167
18,921,181.342733834336
1,922,196.098171043627
2,922,133.813536134885
3,922,162.843570435486
4,922,182.592444842144
5,922,163.246072475024
6,922,163.836658090211
7,922,159.993026797241
8,922,189.203289992732
9,922,130.145884258475
10,922,173.4535029079
11,922,130.622555763112
12,922,158.370029128155
13,922,144.874036946697
14,922,116.316551421837
15,922,169.375764462293
16,922,121.336355482056
17,922,164.91645619527
18,922,170.006834787904
1,923,186.023171087055
2,923,170.894767038923
3,923,137.095967460453
4,923,166.906578652283
5,923,156.669829086536
6,923,165.957597330942
7,923,147.693250440703
8,923,158.920304663215
9,923,163.543577337502
10,923,128.115612982714
11,923,173.098550507514
12,923,148.194575236945
13,923,194.668106167163
14,923,153.831597407042
15,923,194.207911905192
16,923,170.236492427299
17,923,197.108141880585
18,923,180.621338657346
1,924,172.989726743182
2,924,149.449148444605
3,924,196.385215751475
4,924,145.268629764742
5,924,131.855060931346
6,924,117.145332231929
7,924,162.446944990905
8,924,172.392188912808
9,924,190.503430252155
10,924,135.383008351454
11,924,152.203826526002
12,924,140.484070183897
13,924,169.666180650798
14,924,123.117272716197
15,924,176.158279653091
16,924,171.366394783276
17,924,154.227040475404
18,924,121.701787006679
1,925,186.699568563976
2,925,113.097868197197
3,925,171.198017465844
4,925,150.774811388838
5,925,139.638226884595
6,925,115.98957434846
7,925,185.208661539325
8,925,181.727974683527
9,925,128.909608978466
10,925,202.404110048664
11,925,180.180395482092
12,925,146.332864456333
13,925,139.322322963967
14,925,196.175703727869
15,925,172.682589780506
16,925,113.5243595623
17,925,168.899830435122
18,925,153.140400449076
1,926,185.136303727244
2,926,124.40339818194
3,926,168.346424776171
4,926,175.622966769721
5,926,178.092269584097
6,926,137.374702582405
7,926,141.604722389996
8,926,178.630785172205
9,926,157.087372552848
10,926,151.960706027109
11,926,182.674804732165
12,926,193.765471789837
13,926,138.350252987337
14,926,184.912615749938
15,926,133.91303488294
16,926,183.800409961339
17,926,155.435367587922
18,926,179.166752921795
1,927,156.378002105785
2,927,178.245495887566
3,927,159.247466510785
4,927,166.782492529577
5,927,202.64907016466
6,927,161.779077186967
7,927,123.104957875221
8,927,185.355977633552
9,927,136.421181468545
10,927,183.827903282689
11,927,138.78651235293
12,927,175.96251027385
13,927,190.446158854189
14,927,180.573649619278
15,927,186.664602464099
16,927,168.591200196915
17,927,136.03696112632
18,927,122.275479987478
1,928,132.755366941756
2,928,147.761389007614
3,928,151.284827053833
4,928,142.494754569951
5,928,114.616829799142
6,928,174.412586867217
7,928,170.039900549167
8,928,115.708478971881
9,928,157.410478419475
10,928,170.481803269591
11,928,119.069742878644
12,928,171.874176436539
13,928,153.579685278243
14,928,174.524244965782
15,928,158.165876308781
16,928,121.333556236281
17,928,177.823132388488
18,928,183.165120439378
1,929,157.944681098969
2,929,116.478778322744
3,929,141.587501505811
4,929,129.705281982257
5,929,143.415365692257
6,929,142.965235480607
7,929,188.663558615515
8,929,133.155371854071
9,929,151.971978859252
10,929,142.871752822888
11,929,165.695647937182
12,929,170.175493974585
13,929,168.089987756993
14,929,122.703368909818
15,929,168.945150920962
16,929,155.033351373138
17,929,123.138071319172
18,929,151.885284748765
1,930,174.456437383964
2,930,170.188356149933
3,930,185.395282197004
4,930,131.085304472902
5,930,199.790742013574
6,930,180.735390178782
7,930,127.016069979344
8,930,174.71735349328
9,930,130.987251184945
10,930,136.047611001783
11,930,168.871320511631
12,930,114.532395029783
13,930,146.853661397827
14,930,134.020781453359
15,930,186.684360902791
16,930,151.189037902815
17,930,122.920553488977
18,930,154.917033881193
1,931,167.327934297058
2,931,188.837792256186
3,931,167.656279898244
4,931,139.403560508887
5,931,178.892453164058
6,931,174.048694769049
7,931,179.301381414325
8,931,163.682894959115
9,931,161.674051641545
10,931,149.727273052508
11,931,120.184744528722
12,931,142.223429817616
13,931,166.398706585767
14,931,117.406442572721
15,931,167.47282077489
16,931,123.116871289249
17,931,116.856373055702
18,931,167.757465107455
1,932,184.075025814846
2,932,195.945596930859
3,932,161.595479546631
4,932,172.46556588067
5,932,131.6058722542
6,932,162.375117025401
7,932,165.144646534804
8,932,111.86178900533
9,932,180.474755307331
10,932,182.464272452793
11,932,172.105073252575
12,932,163.269940574636
13,932,149.418127279516
14,932,147.123391248325
15,932,203.049673688725
16,932,177.479704977143
17,932,154.826341774939
18,932,184.715774117372
1,933,166.450162769476
2,933,155.343788321431
3,933,169.698789429695
4,933,165.811133801397
5,933,180.2501404421
6,933,170.532377606735
7,933,178.045182504375
8,933,174.36797644291
9,933,158.758083252073
10,933,177.42918558626
11,933,156.129952309232
12,933,179.622280806346
13,933,132.474629615134
14,933,153.941518378764
15,933,168.322785766406
16,933,177.836014433273
17,933,175.054194401656
18,933,147.030107950508
1,934,149.024206093842
2,934,179.262024804364
3,934,178.193638158645
4,934,179.629422294175
5,934,160.590682426436
6,934,111.797673764008
7,934,170.759353920517
8,934,130.332081510676
9,934,140.844994177038
10,934,151.085589427378
11,934,182.965038652143
12,934,160.322416771054
13,934,127.614850789874
14,934,172.105428202459
15,934,200.304959540071
16,934,133.079779292562
17,934,155.019702788642
18,934,177.877109637046
1,935,125.138632352527
2,935,157.134217337343
3,935,133.323437643213
4,935,131.074914522578
5,935,114.521083778001
6,935,160.685316397609
7,935,154.39924177538
8,935,121.862486264464
9,935,163.320855025426
10,935,116.245681090738
11,935,143.350706736579
12,935,153.723964681621
13,935,155.248348011048
14,935,182.866383959068
15,935,127.350973450624
16,935,163.199046593323
17,935,181.800747942015
18,935,177.574777611676
1,936,155.318880176398
2,936,197.215943539673
3,936,165.411848724725
4,936,171.328020289074
5,936,200.584332991223
6,936,147.066034728961
7,936,180.907240682411
8,936,170.578053298876
9,936,129.950690000244
10,936,163.591330233547
11,936,184.08997416533
12,936,199.156622079218
13,936,119.929598399677
14,936,139.268947542728
15,936,206.631754206152
16,936,167.175042308646
17,936,190.965957632929
18,936,152.101473992917
1,937,121.994536842358
2,937,121.72968218976
3,937,138.351033812381
4,937,165.659790312889
5,937,192.333778289975
6,937,158.025713382255
7,937,130.579218918396
8,937,136.341514545719
9,937,203.400351193081
10,937,171.879641266408
11,937,188.155178000171
12,937,157.584913967807
13,937,177.810690723886
14,937,122.409565086173
15,937,148.228399649122
16,937,146.411600965181
17,937,194.350232231945
18,937,180.412641884438
1,938,163.160648667408
2,938,161.293452789558
3,938,183.1952121416
4,938,137.601491413848
5,938,145.124295799484
6,938,143.137629114236
7,938,177.296401292931
8,938,175.410573463862
9,938,135.077190709915
10,938,140.454272031084
11,938,146.102597712544
12,938,164.717914072733
13,938,154.977476073733
14,938,142.870189012832
15,938,185.700685321064
16,938,199.872927616358
17,938,163.181393464408
18,938,171.35575493224
1,939,148.21538464377
2,939,165.872346008651
3,939,133.309812051344
4,939,171.865674094387
5,939,140.967371221498
6,939,145.155441748331
7,939,166.046447453294
8,939,175.901002643671
9,939,167.024999384186
10,939,155.013379432222
11,939,152.422667415796
12,939,155.983968131829
13,939,142.620647168595
14,939,168.794080945467
15,939,113.53040001406
16,939,185.478484480878
17,939,167.465850006086
18,939,163.099524056742
1,940,150.242899634041
2,940,197.727394358227
3,940,158.156433633184
4,940,150.15039764792
5,940,155.998854872775
6,940,141.998468238191
7,940,113.886639680576
8,940,146.823834305401
9,940,157.165885898296
10,940,162.182180453034
11,940,196.383591753612
12,940,190.680901408562
13,940,197.057365550053
14,940,172.431463780346
15,940,123.131968394559
16,940,113.495644874801
17,940,159.882825078445
18,940,167.620839176871
1,941,113.4278574486
2,941,195.762699906691
3,941,144.678575888204
4,941,170.906620793547
5,941,195.387953072783
6,941,171.094575708827
7,941,177.726601335163
8,941,157.703657057309
9,941,150.976672394388
10,941,124.029354693538
11,941,149.671358551621
12,941,154.675630975878
13,941,157.31243000806
14,941,165.005425981359
15,941,130.046048109279
16,941,184.854000159369
17,941,161.419336028686
18,941,172.607224987969
1,942,138.338412199616
2,942,185.944349478886
3,942,126.207818019991
4,942,123.496450163107
5,942,138.765254271339
6,942,170.033608111667
7,942,182.409831057076
8,942,156.757121383455
9,942,133.116303450447
10,942,168.566901483055
11,942,135.444408010191
12,942,154.493357449378
13,942,110.469122977818
14,942,164.273754307985
15,942,171.159661005167
16,942,170.928322866696
17,942,161.136968309122
18,942,124.147166503985
1,943,149.882352858723
2,943,186.658367809344
3,943,179.395901820632
4,943,178.557621464646
5,943,159.657554534207
6,943,183.370861144677
7,943,171.911040195394
8,943,183.75022627246
9,943,149.034987743359
10,943,140.808653386414
11,943,143.581622365356
12,943,174.868389101703
13,943,183.6286675769
14,943,152.678958242267
15,943,177.754909902622
16,943,204.691184331374
17,943,179.541236071272
18,943,181.213490636407
1,944,168.324075770042
2,944,165.496805533204
3,944,156.363408328862
4,944,125.236622074352
5,944,137.648834868969
6,944,134.389646537095
7,944,198.823775988533
8,944,142.807772715919
9,944,162.577608499686
10,944,199.965031696619
11,944,150.958263455767
12,944,160.909352096409
13,944,195.890631397469
14,944,202.926552977459
15,944,194.579081405874
16,944,170.835028354105
17,944,142.780351659716
18,944,183.212839915807
1,945,159.137090249875
2,945,157.2242150441
3,945,152.398184715995
4,945,133.263075150573
5,945,180.483781694499
6,945,111.890123136641
7,945,151.728163686841
8,945,202.423641661283
9,945,165.132100260471
10,945,128.666951207885
11,945,160.126875865933
12,945,169.054231758525
13,945,159.085192300005
14,945,166.656285966394
15,945,134.983617032997
16,945,158.402468622136
17,945,162.359275390612
18,945,159.654242237621
1,946,169.227977848756
2,946,114.86376784033
3,946,160.044379083224
4,946,116.600743940979
5,946,150.282337522391
6,946,176.709637410398
7,946,171.684895517941
8,946,124.217436509283
9,946,161.880420950836
10,946,145.968321840477
11,946,177.742092929436
12,946,130.399024336057
13,946,133.82301546156
14,946,189.870021739328
15,946,198.410389388094
16,946,182.620214773075
17,946,133.331015685315
18,946,117.460384481859
1,947,147.240214034868
2,947,170.675289731842
3,947,175.89359731865
4,947,146.604212902661
5,947,167.724814102035
6,947,128.286326595596
7,947,123.447911223555
8,947,129.975086139267
9,947,143.676423947306
10,947,160.337305195949
11,947,175.360845397298
12,947,158.763974095682
13,947,200.894861147836
14,947,124.211576047349
15,947,195.000878223041
16,947,180.320665561987
17,947,198.503270459332
18,947,166.894060600056
1,948,184.443962999212
2,948,156.899414431161
3,948,169.888232644068
4,948,166.397848705227
5,948,152.592914690839
6,948,144.829954242691
7,948,174.148540012058
8,948,145.749599415981
9,948,144.118402337599
10,948,125.851991432196
11,948,114.485449223219
12,948,197.310984526904
13,948,185.898901706184
14,948,196.94389452646
15,948,146.608110746925
16,948,140.903988495034
17,948,175.353989817136
18,948,154.401315770016
1,949,118.921463599063
2,949,176.406746794014
3,949,103.72133832433
4,949,135.803205326341
5,949,156.573001570448
6,949,160.918255898305
7,949,124.250953648117
8,949,130.576609195566
9,949,150.325696358241
10,949,140.044331676898
11,949,166.60769719858
12,949,153.325846134915
13,949,146.098391529861
14,949,122.581820094331
15,949,159.876313996167
16,949,172.556009565761
17,949,141.280876298688
18,949,141.332353155771
1,950,132.059873040725
2,950,157.223583302016
3,950,153.604530069479
4,950,113.027780850482
5,950,181.707954411955
6,950,159.117858115027
7,950,131.957291251504
8,950,194.184940975756
9,950,178.683347921367
10,950,139.935620524482
11,950,145.914955574738
12,950,145.465812584236
13,950,126.847306517132
14,950,175.399362359126
15,950,173.270084859507
16,950,166.717852156916
17,950,175.430485536564
18,950,161.112106093657
1,951,184.960221433529
2,951,198.380074127063
3,951,172.311479477182
4,951,172.772909049995
5,951,158.214992226547
6,951,130.808890876383
7,951,191.78807967391
8,951,156.539444804263
9,951,148.609471570785
10,951,165.657984782211
11,951,157.234277578145
12,951,112.738006490379
13,951,151.299124855148
14,951,123.647988115695
15,951,175.777885825364
16,951,168.929654073871
17,951,150.178332008977
18,951,198.278438101495
1,952,173.652899758351
2,952,138.893786515181
3,952,124.508661345997
4,952,168.504760526268
5,952,139.904414039301
6,952,140.604051017267
7,952,165.587698363924
8,952,188.538513020808
9,952,163.42318670626
10,952,133.208584468335
11,952,141.938965214323
12,952,132.657481298717
13,952,189.419382651327
14,952,150.29799551867
15,952,177.43219766575
16,952,168.666348266343
17,952,161.113408595795
18,952,164.474327404158
1,953,165.625633335304
2,953,192.294056277809
3,953,152.853890936683
4,953,170.095774861185
5,953,186.001278871272
6,953,162.527347570669
7,953,167.298117910876
8,953,171.350441733069
9,953,114.520386758255
10,953,156.124065389664
11,953,159.910716758016
12,953,136.908587410846
13,953,158.061991121399
14,953,171.613217709684
15,953,133.983072233281
16,953,160.357508923643
17,953,150.327642544204
18,953,182.229276146117
1,954,195.048933255839
2,954,154.491494919791
3,954,204.518623052174
4,954,128.53770269597
5,954,183.351219603952
6,954,155.06396242409
7,954,148.428528868468
8,954,150.628764051379
9,954,181.265187959164
10,954,193.37979391213
11,954,174.765318387888
12,954,139.233789462565
13,954,195.69557876275
14,954,131.038667639524
15,954,143.199741704456
16,954,190.719443803065
17,954,178.946928953273
18,954,175.311945809284
1,955,205.129537313964
2,955,176.64245555628
3,955,113.128792527802
4,955,183.202778594306
5,955,178.744345640127
6,955,149.08892945375
7,955,188.085566917988
8,955,133.807837494927
9,955,169.954480860792
10,955,159.59644812199
11,955,171.89074222457
12,955,128.563706824882
13,955,140.530574917844
14,955,140.398434183903
15,955,141.012385975229
16,955,132.340904467578
17,955,133.790990158983
18,955,185.251480452694
1,956,119.02794847776
2,956,198.486551230914
3,956,168.692518562775
4,956,177.462287081795
5,956,161.647626900688
6,956,117.983107774092
7,956,158.524106674872
8,956,138.211676430558
9,956,162.635635454336
10,956,185.081065232934
11,956,149.20439998174
12,956,131.544002045654
13,956,195.884722075745
14,956,137.508922984997
15,956,167.003514814181
16,956,165.728284138475
17,956,158.724217855777
18,956,194.59361956265
1,957,132.956695899153
2,957,120.493846830458
3,957,134.844245538746
4,957,189.862316879671
5,957,140.653701060306
6,957,158.170807118421
7,957,169.527059335759
8,957,162.533741053857
9,957,179.596288360355
10,957,188.551511094834
11,957,145.338388545839
12,957,175.154214924493
13,957,138.352493210587
14,957,143.403691041933
15,957,141.139716655873
16,957,143.8136618027
17,957,132.372101038421
18,957,198.214816514304
1,958,161.622200647787
2,958,127.51649464685
3,958,186.146124818174
4,958,161.771597943971
5,958,107.850857423814
6,958,176.867923662599
7,958,157.378453451475
8,958,148.500561804905
9,958,187.870334298191
10,958,152.78756539203
11,958,139.668315114851
12,958,141.70580730107
13,958,156.702936120002
14,958,179.107298122265
15,958,176.881360344875
16,958,160.872464095541
17,958,167.184065414995
18,958,153.49527993022
1,959,166.401370066464
2,959,143.605799835386
3,959,110.880539341346
4,959,187.285161699677
5,959,149.273160013226
6,959,169.42882004691
7,959,154.779286298869
8,959,109.293154851497
9,959,182.730123269611
10,959,186.748475481832
11,959,166.145503234221
12,959,154.093045090841
13,959,176.057346611974
14,959,153.330987931022
15,959,178.228021969398
16,959,127.525994594494
17,959,124.20337079843
18,959,167.769990187905
1,960,171.154928287872
2,960,150.918503832206
3,960,170.383779344155
4,960,156.060864318255
5,960,127.62659731248
6,960,206.137384132172
7,960,113.32060716882
8,960,166.10905794782
9,960,164.510614303434
10,960,186.164602096367
11,960,169.236621337605
12,960,134.713922244851
13,960,142.125646051363
14,960,192.883882149033
15,960,181.961267284884
16,960,182.813405362981
17,960,125.920045470825
18,960,126.477604924246
1,961,198.272357536925
2,961,199.202337997819
3,961,172.825058986468
4,961,161.609067706319
5,961,191.238523827648
6,961,203.567364626371
7,961,177.369651375041
8,961,129.693644170294
9,961,166.729901752466
10,961,142.448160728399
11,961,167.788730403707
12,961,156.943969482744
13,961,187.37668556056
14,961,170.000081558295
15,961,183.886821900591
16,961,156.750684973746
17,961,164.67928175894
18,961,147.798006590387
1,962,199.74526316172
2,962,166.781580696299
3,962,133.11238775182
4,962,180.219640994983
5,962,127.327275881566
6,962,174.76873631891
7,962,203.910064009383
8,962,135.514546131543
9,962,139.543642465293
10,962,203.553888150947
11,962,193.008196266954
12,962,138.980980829577
13,962,177.487327555867
14,962,174.410104936361
15,962,148.814026556119
16,962,142.828848337832
17,962,159.518755829208
18,962,167.78267969545
1,963,149.491298878735
2,963,140.227958173794
3,963,161.384429207911
4,963,171.671308764629
5,963,147.124348485241
6,963,171.9233810426
7,963,132.609110037574
8,963,172.269376130447
9,963,174.46842351729
10,963,168.695735134426
11,963,152.201787290192
12,963,142.313111898871
13,963,154.837293971594
14,963,176.240732078836
15,963,150.834610549031
16,963,144.382383127659
17,963,166.76714953747
18,963,158.988642547747
1,964,134.894852843919
2,964,139.103164883861
3,964,166.42845929537
4,964,169.363894149075
5,964,146.543564778938
6,964,158.916293061454
7,964,153.850779256219
8,964,146.466042090827
9,964,147.18125226345
10,964,193.60463124716
11,964,160.508481816624
12,964,159.940712300691
13,964,168.858244595899
14,964,132.558190005796
15,964,137.798348790739
16,964,158.356666503168
17,964,145.209822535974
18,964,154.43064029066
1,965,156.202132988282
2,965,130.650671496314
3,965,121.26429120787
4,965,136.759992879324
5,965,156.409980464035
6,965,126.593035835997
7,965,194.022546400424
8,965,170.905075474353
9,965,150.506985041013
10,965,138.514625588452
11,965,158.301097878874
12,965,186.690173157179
13,965,131.978561609432
14,965,146.812323168401
15,965,151.233164707982
16,965,120.710876416031
17,965,170.603405101483
18,965,153.262751433711
1,966,176.689137086545
2,966,139.320857114723
3,966,162.672443498032
4,966,159.126262681962
5,966,153.670800339078
6,966,137.941958541788
7,966,130.206103400457
8,966,169.984521120734
9,966,158.892954804455
10,966,173.653698280242
11,966,165.945183074631
12,966,158.715827298373
13,966,150.09024049259
14,966,180.686504029733
15,966,180.274908865967
16,966,166.589165737167
17,966,164.211369455104
18,966,130.853381790098
1,967,135.541703874297
2,967,175.747734848074
3,967,150.430072163173
4,967,171.5913347107
5,967,143.659315920214
6,967,152.899998495768
7,967,128.125834761664
8,967,197.959244840896
9,967,131.218477351652
10,967,187.676955214567
11,967,150.777564463306
12,967,147.817470880462
13,967,140.815370518497
14,967,146.193015215147
15,967,162.458349992426
16,967,159.947998762244
17,967,115.879567208644
18,967,167.152505205739
1,968,125.977307049987
2,968,192.395121972413
3,968,189.042510342214
4,968,163.823880566857
5,968,150.601911304944
6,968,180.555504008529
7,968,164.818405520055
8,968,204.731692334772
9,968,176.997862138442
10,968,158.124498489528
11,968,157.542799831441
12,968,166.814049037455
13,968,186.244486061336
14,968,170.102801759847
15,968,177.396511167736
16,968,180.215585325331
17,968,199.668266490148
18,968,163.752467633515
1,969,179.2055098117
2,969,145.442431109475
3,969,198.185116166182
4,969,147.930806857817
5,969,159.918652769069
6,969,165.391786404275
7,969,130.626528751464
8,969,192.522701609403
9,969,183.022969008803
10,969,172.287776775953
11,969,151.903599394034
12,969,182.638469988071
13,969,169.807411518213
14,969,135.281803472466
15,969,195.478191919033
16,969,163.566072966636
17,969,176.98606022028
18,969,200.512733897685
1,970,123.20484130398
2,970,129.074586816018
3,970,191.58738295951
4,970,163.405745751822
5,970,175.58821956103
6,970,173.765038703552
7,970,156.822785310009
8,970,146.938734178497
9,970,142.650245084207
10,970,152.279489501696
11,970,158.334242404878
12,970,156.823131279813
13,970,127.520278426305
14,970,181.815702882993
15,970,111.414794642988
16,970,105.831192771379
17,970,139.871325120538
18,970,175.255591907554
1,971,158.395065070633
2,971,152.465907657306
3,971,129.045160225828
4,971,166.185390600931
5,971,111.460070786963
6,971,135.726962516761
7,971,172.195172252942
8,971,186.634269278122
9,971,139.870424305674
10,971,137.711280403069
11,971,160.23037442246
12,971,164.813446168927
13,971,109.604641524896
14,971,167.560085134482
15,971,176.921013667411
16,971,140.22530968615
17,971,136.463936862236
18,971,164.294364546652
1,972,185.7238555082
2,972,169.50970444299
3,972,160.670571449248
4,972,164.035264628443
5,972,163.820131062696
6,972,141.682084789265
7,972,165.672514985982
8,972,163.950589386984
9,972,156.738724679373
10,972,159.322259072331
11,972,173.624948885142
12,972,184.352409734682
13,972,197.959211353441
14,972,150.586549701532
15,972,165.949440585426
16,972,142.264577677112
17,972,156.209117346394
18,972,157.143237165292
1,973,154.207207412485
2,973,137.882199670942
3,973,129.814631021806
4,973,183.722094544278
5,973,163.025898411163
6,973,137.254710271872
7,973,125.042968071039
8,973,161.813188336284
9,973,132.163785535295
10,973,165.368056620672
11,973,189.848242592322
12,973,195.401209239035
13,973,122.481965729368
14,973,165.617272556934
15,973,200.687223660995
16,973,154.393107600026
17,973,174.785610717708
18,973,147.178840879479
1,974,195.808129616941
2,974,123.075501387016
3,974,169.139392915288
4,974,105.230665969847
5,974,154.792027913983
6,974,165.691266426865
7,974,194.630154017559
8,974,144.495443366332
9,974,159.652387436704
10,974,172.771335108963
11,974,149.027919008901
12,974,170.540809137368
13,974,144.979100077244
14,974,163.677413494985
15,974,145.857403233587
16,974,142.963973423512
17,974,169.057431245155
18,974,154.392162041349
1,975,167.837876713671
2,975,115.324794828414
3,975,160.635712036637
4,975,131.884723676301
5,975,117.217725920733
6,975,147.825454026282
7,975,131.591741683955
8,975,198.055678825454
9,975,111.127600320307
10,975,142.217551187985
11,975,129.19588957562
12,975,196.189826072501
13,975,197.049773205346
14,975,144.722760009728
15,975,191.805080287514
16,975,176.976555128846
17,975,141.275417181378
18,975,135.802158131659
1,976,186.614809087237
2,976,158.904443885621
3,976,156.01122045694
4,976,167.02836658402
5,976,154.974921718039
6,976,177.446824227815
7,976,182.576634589711
8,976,173.406589009217
9,976,156.197006556713
10,976,163.41061199432
11,976,185.825684508407
12,976,108.074742001458
13,976,165.585594351492
14,976,154.700074848816
15,976,134.824584805258
16,976,185.609761585666
17,976,168.099289285893
18,976,124.722298193794
1,977,158.359124063464
2,977,168.629747670591
3,977,146.613268362104
4,977,174.639250202869
5,977,154.339967806638
6,977,135.497854809602
7,977,159.411379191147
8,977,189.074312992689
9,977,173.107118101945
10,977,158.229298922286
11,977,160.784931146493
12,977,175.314590953168
13,977,163.744543436957
14,977,178.65934777767
15,977,127.964239225312
16,977,151.227203502049
17,977,154.800304834968
18,977,199.909360395258
1,978,156.725545464133
2,978,156.594940300119
3,978,150.55072164637
4,978,161.27946654941
5,978,149.469058535782
6,978,179.529470813873
7,978,159.430416982518
8,978,139.377446170443
9,978,159.247551049768
10,978,160.873811663581
11,978,169.653292184616
12,978,198.507322226111
13,978,190.308102494769
14,978,180.398632215254
15,978,154.033035543301
16,978,152.14543733644
17,978,152.899659135709
18,978,145.052100371081
1,979,200.454386771874
2,979,183.118362617033
3,979,149.325585830011
4,979,145.08589227805
5,979,145.631668159982
6,979,146.785097398668
7,979,170.469100487841
8,979,126.56074110465
9,979,155.988716056489
10,979,120.723634297393
11,979,169.775860696383
12,979,167.347315525274
13,979,176.406622048646
14,979,133.529081365833
15,979,206.239098446662
16,979,143.26710616977
17,979,186.251795297117
18,979,170.568829213058
1,980,180.179594088138
2,980,201.037482733579
3,980,165.882268646905
4,980,175.337418440869
5,980,149.606826628855
6,980,195.722482605658
7,980,160.323681884713
8,980,155.915527124734
9,980,133.645545543126
10,980,167.187606042318
11,980,177.289474460217
12,980,140.66021931158
13,980,173.189794729568
14,980,179.338907413061
15,980,187.362900012622
16,980,168.935734369126
17,980,134.379281377201
18,980,156.704599282086
1,981,153.002916407553
2,981,135.843050513449
3,981,135.041381824921
4,981,176.701461242555
5,981,154.24489574964
6,981,165.673509293337
7,981,163.815358379305
8,981,135.638876692939
9,981,177.685272745077
10,981,195.32676146527
11,981,165.724342067469
12,981,171.009897723142
13,981,143.963917106989
14,981,143.538989172348
15,981,157.137764178658
16,981,109.37221614875
17,981,135.349098301712
18,981,119.813784589398
1,982,168.116326723292
2,982,179.702169415768
3,982,171.808360829877
4,982,163.891623645782
5,982,128.468479381377
6,982,174.714225292676
7,982,176.218015794445
8,982,134.444652261732
9,982,180.007213250027
10,982,158.292818340134
11,982,173.655189336417
12,982,165.606206311711
13,982,178.750832769777
14,982,150.434292258119
15,982,135.810241236981
16,982,174.897035298583
17,982,137.044895934266
18,982,179.159962026581
1,983,188.157432536164
2,983,150.764312556877
3,983,175.386749141125
4,983,122.762224644213
5,983,151.919215925062
6,983,174.9568224815
7,983,172.440981499192
8,983,120.804867947464
9,983,196.511303443034
10,983,155.178703745103
11,983,163.299002359126
12,983,142.204457861348
13,983,149.460185320739
14,983,162.491652340663
15,983,144.944903402057
16,983,150.426119274584
17,983,130.77542744944
18,983,191.645730544307
1,984,163.669117221723
2,984,158.871198408819
3,984,170.44036451872
4,984,160.934270408008
5,984,162.955361011103
6,984,159.265870498188
7,984,166.89775339751
8,984,155.342622631828
9,984,155.673603196426
10,984,146.826466820597
11,984,169.544224363177
12,984,184.33227898586
13,984,138.670784403787
14,984,173.882856055609
15,984,153.971743193456
16,984,132.309643320883
17,984,158.297489368163
18,984,177.914969403106
1,985,188.091651879623
2,985,158.624921412339
3,985,113.697593300438
4,985,162.547285662324
5,985,202.210701392523
6,985,113.797529837343
7,985,141.905350982976
8,985,143.160411432069
9,985,183.13063963478
10,985,176.283724224542
11,985,152.910514241128
12,985,146.202021532037
13,985,152.382079823708
14,985,163.447839645397
15,985,156.177443720174
16,985,170.953612456151
17,985,109.3244648595
18,985,121.243768157494
1,986,206.669107487525
2,986,121.467864646022
3,986,164.808937211124
4,986,120.493034444457
5,986,174.068104425075
6,986,141.128236322479
7,986,144.610829740936
8,986,178.672206799968
9,986,141.342617580936
10,986,176.581680689706
11,986,188.698830018638
12,986,136.789218995873
13,986,176.781224222345
14,986,193.442088743578
15,986,183.95367723684
16,986,189.023189614831
17,986,151.670777347093
18,986,180.460500766575
1,987,126.629348167502
2,987,183.326298216484
3,987,144.276324266418
4,987,157.213041830555
5,987,194.209610837346
6,987,144.605798305507
7,987,121.796337044409
8,987,175.867036395942
9,987,195.871318791721
10,987,167.885576326439
11,987,147.260974047488
12,987,193.070206238068
13,987,121.843786997608
14,987,131.258466526452
15,987,131.114726341896
16,987,188.913895235795
17,987,166.835314874537
18,987,131.344008342256
1,988,152.381971470018
2,988,155.563399932982
3,988,107.973131281373
4,988,112.757123562961
5,988,150.354484047012
6,988,160.228199508655
7,988,192.659077242575
8,988,166.354169376803
9,988,150.993536702879
10,988,172.444795712924
11,988,192.298282861176
12,988,175.836743147301
13,988,142.339060538828
14,988,148.587481059883
15,988,175.653684722727
16,988,124.507182503918
17,988,150.868286623797
18,988,191.673232873719
1,989,179.407710672488
2,989,165.962980353171
3,989,116.83621066803
4,989,149.801637938402
5,989,163.63253978196
6,989,141.828129453064
7,989,188.758832829784
8,989,174.444090323954
9,989,138.256775735294
10,989,156.763837017058
11,989,194.103098744749
12,989,178.252079766715
13,989,149.43700767559
14,989,139.159089253676
15,989,145.439015978188
16,989,139.240990409492
17,989,131.77098332254
18,989,159.737308809487
1,990,171.764140402952
2,990,178.023872574962
3,990,131.839093390729
4,990,126.518380499836
5,990,124.964683350119
6,990,150.472638474592
7,990,153.204070621843
8,990,165.638486733254
9,990,118.615041400647
10,990,145.505226109247
11,990,137.18675655602
12,990,156.134346022279
13,990,198.445336727654
14,990,159.022225189588
15,990,160.252967461751
16,990,140.290398750904
17,990,178.279642603922
18,990,164.060726906815
1,991,120.801297609858
2,991,187.48341508082
3,991,112.178981197389
4,991,180.322015367952
5,991,180.54769833946
6,991,181.004001342479
7,991,161.370574132468
8,991,135.570230300707
9,991,193.518564930029
10,991,128.629735151255
11,991,182.368365714775
12,991,168.384533703272
13,991,111.624642685584
14,991,184.457722323857
15,991,185.707470792006
16,991,180.59250493474
17,991,133.959742556484
18,991,169.874743825616
1,992,157.181586029154
2,992,186.993975495071
3,992,164.865868843285
4,992,171.947808503191
5,992,142.360308588167
6,992,117.922269979731
7,992,140.212144695907
8,992,126.528557835323
9,992,159.461371403611
10,992,174.026386954649
11,992,165.070115597465
12,992,151.357382899813
13,992,121.268354416051
14,992,127.043361239771
15,992,195.916079167902
16,992,177.048746482586
17,992,188.568377276219
18,992,197.462724757267
1,993,151.289610320379
2,993,170.891460973332
3,993,119.50707891067
4,993,117.961398750664
5,993,181.965216670776
6,993,167.095616104507
7,993,199.327391353397
8,993,136.065286210694
9,993,131.579399889235
10,993,156.718439647241
11,993,162.748842223792
12,993,191.067002650016
13,993,124.058246357437
14,993,170.355988893102
15,993,147.022357880458
16,993,165.809117565314
17,993,173.123491811122
18,993,167.502879190764
1,994,124.201328565183
2,994,147.664797094734
3,994,132.074164029387
4,994,151.610767334204
5,994,150.733052403931
6,994,158.544776517349
7,994,145.934799335998
8,994,123.393986465715
9,994,159.600573070701
10,994,200.73099189298
11,994,156.491031371114
12,994,160.841366834734
13,994,115.062004765924
14,994,117.82251108149
15,994,127.851141837125
16,994,165.395516482136
17,994,162.418862907587
18,994,185.540615284391
1,995,169.485538694738
2,995,169.829986064249
3,995,190.497355635497
4,995,183.905872663003
5,995,172.180549064761
6,995,163.261980975964
7,995,158.642575585512
8,995,153.905629816252
9,995,172.609786824861
10,995,196.589434509755
11,995,132.032615153751
12,995,142.244685812201
13,995,110.899149803682
14,995,142.320293273457
15,995,153.429466354568
16,995,170.285090010972
17,995,152.20169984706
18,995,165.668039677865
1,996,138.838574842082
2,996,157.659772852232
3,996,111.360244506249
4,996,175.828204929117
5,996,125.964816251303
6,996,171.628118557553
7,996,191.275124595522
8,996,180.249463882823
9,996,131.629153454307
10,996,160.642793764703
11,996,158.687302139735
12,996,118.59840603915
13,996,151.03301175974
14,996,166.760846676951
15,996,194.58038523856
16,996,163.95046161591
17,996,162.359722118469
18,996,137.114892364249
1,997,199.444212312891
2,997,147.221644080392
3,997,182.400319915504
4,997,181.192605631823
5,997,122.22924769129
6,997,118.948248899093
7,997,161.593632690974
8,997,167.972884693415
9,997,169.261580018201
10,997,144.676101790844
11,997,143.662949337222
12,997,133.720344710783
13,997,149.910567887534
14,997,142.723742941364
15,997,159.818244066386
16,997,138.837547703542
17,997,115.597723477629
18,997,163.040050831316
1,998,112.634731307168
2,998,151.765993530868
3,998,141.437610504908
4,998,172.95596614977
5,998,168.770596782445
6,998,134.348129201744
7,998,184.175459676954
8,998,160.203110665071
9,998,109.440835771766
10,998,168.751502520441
11,998,154.105676392697
12,998,170.13394119681
13,998,136.552279360706
14,998,179.849541292294
15,998,144.607417544493
16,998,161.129079065653
17,998,181.232120164938
18,998,141.29645214741
1,999,199.282904327413
2,999,175.664138447233
3,999,151.302086492929
4,999,165.539105751748
5,999,160.284751815932
6,999,164.850386736781
7,999,118.494922764144
8,999,150.934970345791
9,999,205.997011446239
10,999,150.471032449499
11,999,158.479569035232
12,999,127.814023282461
13,999,174.988898993753
14,999,164.377158664608
15,999,169.335890586304
16,999,133.895418566343
17,999,128.307570537533
18,999,155.73920521806
1,1000,162.77999882686
2,1000,189.154766149921
3,1000,127.040422785613
4,1000,187.744689487138
5,1000,161.40265092641
6,1000,167.278580705957
7,1000,165.936869011109
8,1000,181.432564380765
9,1000,135.133102627946
10,1000,158.766235950119
11,1000,125.770246145861
12,1000,150.715458137627
13,1000,160.550771478924
14,1000,131.460038614129
15,1000,161.418460856693
16,1000,187.023847839045
17,1000,161.555725825251
18,1000,185.581857958651
