"year","iteration","price_t"
1,1,260.647032755188
2,1,282.368789511914
3,1,435.609219291863
4,1,303.713365637046
5,1,308.070728124464
6,1,452.432312711164
7,1,333.852288425169
8,1,219.732904819673
9,1,252.785159886902
10,1,268.001320338544
11,1,401.67758347243
12,1,325.771677532959
13,1,329.021378271108
14,1,306.684802413811
15,1,260.939945863242
16,1,460.379140793968
17,1,336.853987396685
18,1,185.377184327446
1,2,353.883777320361
2,2,266.24505983344
3,2,230.491207088147
4,2,283.205063534256
5,2,232.83906275928
6,2,250.222887821946
7,2,256.600476807015
8,2,198.389319651369
9,2,365.780073372452
10,2,309.874203480785
11,2,226.596860942354
12,2,404.582421318655
13,2,331.076445158077
14,2,277.962746470159
15,2,370.898380112354
16,2,369.374158626225
17,2,364.346300242268
18,2,352.794926810088
1,3,341.462304577377
2,3,294.12143651045
3,3,277.23004569236
4,3,272.26905765459
5,3,252.304459631536
6,3,283.89620104113
7,3,219.715060007253
8,3,505.039882888
9,3,400.111455277704
10,3,227.42364962567
11,3,270.794120331418
12,3,266.641275646417
13,3,360.690148347129
14,3,292.595936223422
15,3,317.471456308393
16,3,296.509315727265
17,3,295.481824396793
18,3,415.995265724637
1,4,282.670493375721
2,4,431.172982959728
3,4,205.133475019874
4,4,344.011953672642
5,4,307.665330105966
6,4,314.608721453521
7,4,327.340676809302
8,4,264.34634386545
9,4,275.405613216278
10,4,233.258646974299
11,4,230.269692219807
12,4,321.358139234004
13,4,332.825815670646
14,4,302.427716154783
15,4,373.346095562052
16,4,490.69819915165
17,4,265.070759351466
18,4,170.609294164384
1,5,380.975413484555
2,5,251.419787585615
3,5,252.714365594091
4,5,382.810954992449
5,5,278.657354403028
6,5,222.107005156414
7,5,311.978809303898
8,5,288.685229610316
9,5,298.985117993436
10,5,327.788477535748
11,5,272.917191531544
12,5,349.030655492723
13,5,283.032731668536
14,5,323.566065811058
15,5,389.480108781856
16,5,331.776618694059
17,5,275.89165598934
18,5,394.416415992019
1,6,379.847479764083
2,6,341.005759077343
3,6,316.351155122309
4,6,256.422262176725
5,6,415.194572134468
6,6,258.146072734909
7,6,507.294155898077
8,6,432.862814523568
9,6,281.991105161938
10,6,232.815564429522
11,6,251.346327775951
12,6,317.745875032202
13,6,281.240946801654
14,6,274.450486565496
15,6,237.074564942115
16,6,295.32738454708
17,6,246.849148842727
18,6,199.292920580304
1,7,272.285189865593
2,7,373.050267471263
3,7,259.709345666896
4,7,345.964217862045
5,7,201.725411174964
6,7,294.574391742773
7,7,338.618389315305
8,7,321.173205091034
9,7,306.312922227081
10,7,255.628065452362
11,7,243.002891884023
12,7,232.944926260466
13,7,307.202824465737
14,7,237.312772754794
15,7,265.10119263051
16,7,280.600969726295
17,7,466.777067138203
18,7,254.93244588147
1,8,316.094796000764
2,8,304.262392773084
3,8,236.487072380619
4,8,293.452429345192
5,8,423.72294443131
6,8,333.091636048729
7,8,301.566196896153
8,8,269.510113034774
9,8,181.525842181232
10,8,392.75002459255
11,8,209.560974446626
12,8,357.209025980376
13,8,474.21598654485
14,8,210.413220139069
15,8,353.920522895847
16,8,280.186098952472
17,8,203.973897888549
18,8,206.834986310014
1,9,202.526139049224
2,9,262.521536750878
3,9,209.504329017006
4,9,352.733075403712
5,9,496.683257604373
6,9,218.566114936381
7,9,361.370308143233
8,9,359.736617466423
9,9,323.599050167204
10,9,233.835892655983
11,9,290.04841370645
12,9,278.95314354494
13,9,342.213850736953
14,9,272.799570753462
15,9,378.328811486289
16,9,272.657988391468
17,9,385.337126789623
18,9,231.535148434445
1,10,219.994312330281
2,10,530.866454605538
3,10,269.878692283906
4,10,320.945557144599
5,10,348.370922636914
6,10,265.536937515662
7,10,338.409589673652
8,10,326.494925826814
9,10,283.38318398183
10,10,303.329736391737
11,10,296.112887781841
12,10,500.106638480517
13,10,249.469357627407
14,10,228.922878465525
15,10,301.314563322366
16,10,321.900027614321
17,10,331.884539001411
18,10,267.177513484863
1,11,230.742573537355
2,11,405.502213553662
3,11,274.310328451427
4,11,242.073692272559
5,11,281.951524871529
6,11,284.636186719316
7,11,390.716802373602
8,11,304.762478912208
9,11,358.432276529008
10,11,264.540619956973
11,11,314.494660510497
12,11,275.974956305698
13,11,305.490574022643
14,11,240.328805238523
15,11,217.310608062711
16,11,484.450887198418
17,11,345.356426122016
18,11,220.468466969139
1,12,257.464662842703
2,12,224.011863722323
3,12,508.707161744213
4,12,410.368917926116
5,12,279.986023723542
6,12,340.576052939595
7,12,270.043407182025
8,12,266.022192154224
9,12,246.627999676514
10,12,258.499303309877
11,12,445.452120563239
12,12,294.683911887664
13,12,307.321865843249
14,12,316.731320782135
15,12,402.495540867166
16,12,263.467549605348
17,12,234.736938274539
18,12,448.136299729478
1,13,268.293670936097
2,13,250.576385856808
3,13,221.271280157338
4,13,218.688759289856
5,13,259.795806887393
6,13,346.805476039269
7,13,390.709970537157
8,13,354.418693526225
9,13,273.380750783678
10,13,302.922530698414
11,13,251.700488226439
12,13,250.93175455086
13,13,369.958001671538
14,13,233.427324661466
15,13,479.554238075812
16,13,292.103490408644
17,13,314.501788172561
18,13,249.639205761227
1,14,259.769666218643
2,14,216.983564843276
3,14,285.620897430467
4,14,330.476682002136
5,14,322.980236616993
6,14,247.05071462834
7,14,246.626856106798
8,14,264.354334945958
9,14,429.04554140548
10,14,226.642627237798
11,14,285.889165195299
12,14,473.441824179385
13,14,291.350170270521
14,14,214.743264289535
15,14,254.141656191036
16,14,335.843998198299
17,14,272.590464204595
18,14,260.558568548169
1,15,274.69172399351
2,15,305.188152377525
3,15,439.83123088156
4,15,292.227717429158
5,15,387.969086468804
6,15,347.88027984122
7,15,290.457291270463
8,15,205.92298984927
9,15,263.145078761417
10,15,265.14533307695
11,15,301.999273731988
12,15,409.15598022808
13,15,520.462725854507
14,15,434.436111863619
15,15,289.08711925506
16,15,195.06001136826
17,15,271.721360071771
18,15,305.092799522077
1,16,366.421185522744
2,16,377.006670763074
3,16,352.424840380623
4,16,212.907105883497
5,16,366.832569393207
6,16,267.943180946554
7,16,311.487690464276
8,16,304.011077071558
9,16,331.213077720702
10,16,300.358505460484
11,16,199.315469289584
12,16,356.910355298497
13,16,327.847757404631
14,16,279.951653206825
15,16,307.239896277729
16,16,308.425635817875
17,16,314.996122022098
18,16,444.36728494761
1,17,283.13125976829
2,17,310.979517640148
3,17,396.292072513783
4,17,385.474386468885
5,17,394.077757047088
6,17,259.575882132914
7,17,485.069931712377
8,17,303.433245768261
9,17,469.38498535666
10,17,215.208924713556
11,17,300.08992494832
12,17,404.200174854752
13,17,251.051947511144
14,17,248.783926607124
15,17,237.827252617708
16,17,231.348019466227
17,17,268.554117730824
18,17,323.518801199746
1,18,183.251306029556
2,18,314.306851338798
3,18,402.905351697977
4,18,489.212691648802
5,18,409.252900094811
6,18,358.668712501924
7,18,196.473680781786
8,18,258.068063403951
9,18,274.151087984722
10,18,354.069759949519
11,18,291.018752459142
12,18,220.074652294328
13,18,449.086376699629
14,18,372.363321408802
15,18,316.251391834903
16,18,401.096541467914
17,18,215.842415460213
18,18,350.424351882229
1,19,263.030628292575
2,19,352.376680780374
3,19,294.199124052195
4,19,348.066363035353
5,19,412.673160543736
6,19,299.0957027639
7,19,382.068309535526
8,19,223.851555088391
9,19,250.665155149355
10,19,431.460133607036
11,19,327.162113000689
12,19,181.570913526947
13,19,214.524966293015
14,19,284.387611176226
15,19,368.269914305194
16,19,291.28603919002
17,19,347.3271006307
18,19,376.684961200085
1,20,447.632429389698
2,20,302.648590994506
3,20,294.830080566481
4,20,195.215600843299
5,20,305.842001993738
6,20,259.929533607592
7,20,235.791587342023
8,20,285.82995829027
9,20,381.826212048183
10,20,184.206926622873
11,20,269.197927763602
12,20,307.127690502934
13,20,240.454397659134
14,20,323.732425840536
15,20,329.872355862478
16,20,296.18689058015
17,20,169.78081009643
18,20,530.866454605538
1,21,284.076381848571
2,21,349.607736467653
3,21,319.048594209394
4,21,382.727641225359
5,21,364.000190902687
6,21,283.767166169946
7,21,327.223946657948
8,21,237.431610022401
9,21,367.480335879957
10,21,267.004493080923
11,21,530.866454605538
12,21,200.110494672898
13,21,266.813744131438
14,21,364.681880711405
15,21,337.858135641048
16,21,258.821270923551
17,21,234.493948660229
18,21,309.206752842521
1,22,297.534297036839
2,22,193.470899453953
3,22,301.078257115034
4,22,312.654473062857
5,22,311.481930528734
6,22,231.207684656364
7,22,335.085747153848
8,22,417.001392693348
9,22,333.473868691822
10,22,226.736853541692
11,22,268.652676142973
12,22,324.691054631462
13,22,255.23562252916
14,22,176.990699419218
15,22,369.922168868538
16,22,244.196990505576
17,22,259.82182413056
18,22,429.861497599519
1,23,247.493659038984
2,23,366.484997927359
3,23,219.966183308781
4,23,273.985308029773
5,23,293.292605749213
6,23,224.927334709668
7,23,255.997418772374
8,23,296.488132854482
9,23,351.264041563831
10,23,200.134858346955
11,23,274.303424677346
12,23,358.636698223378
13,23,262.019241211925
14,23,315.475315475449
15,23,336.395351824889
16,23,318.590298701833
17,23,349.782689389081
18,23,289.81962798501
1,24,270.086828654499
2,24,169.78081009643
3,24,291.917977440894
4,24,331.383124707159
5,24,339.933261107081
6,24,260.97553763525
7,24,459.553111665491
8,24,320.028814947767
9,24,307.848927404147
10,24,406.395666907208
11,24,250.855868240607
12,24,267.697746608331
13,24,530.866454605538
14,24,299.374109290242
15,24,443.584226701887
16,24,210.688074475728
17,24,285.095907086784
18,24,327.244258978628
1,25,321.086444535772
2,25,233.991238395845
3,25,299.964548900972
4,25,229.955754973419
5,25,354.858303107974
6,25,388.343064822181
7,25,174.125654526473
8,25,402.809518270934
9,25,221.015565329756
10,25,333.355321148662
11,25,350.346428869009
12,25,284.449038948955
13,25,255.355135488106
14,25,310.772757420011
15,25,332.06919804819
16,25,369.837190779524
17,25,181.565890036968
18,25,200.823182415506
1,26,422.272548169512
2,26,384.7695175088
3,26,331.785258989627
4,26,355.071221370353
5,26,372.885608870316
6,26,169.78081009643
7,26,390.750589577728
8,26,265.459277705407
9,26,315.729622433025
10,26,277.956931854821
11,26,368.822383688897
12,26,274.388647078646
13,26,338.544258377744
14,26,271.595935467264
15,26,229.100982502845
16,26,400.310140446485
17,26,357.291492151595
18,26,453.441876872074
1,27,303.319511096256
2,27,392.147560530443
3,27,481.898861839772
4,27,278.879683063558
5,27,216.67169602322
6,27,281.741692801146
7,27,283.475175980075
8,27,309.747119086211
9,27,452.12979062978
10,27,275.877461173268
11,27,326.814758148631
12,27,282.539469368224
13,27,300.051173392853
14,27,322.179189346566
15,27,411.943440013484
16,27,307.476309307468
17,27,354.870256713326
18,27,360.593562982826
1,28,372.668640467112
2,28,259.769297153308
3,28,442.865924621834
4,28,272.237008751184
5,28,291.010794681972
6,28,419.584359684687
7,28,408.550101782293
8,28,229.256237756516
9,28,241.630693189764
10,28,214.834964141824
11,28,312.019920625544
12,28,310.736596811655
13,28,326.111406929943
14,28,341.316696333803
15,28,258.043914658351
16,28,234.669169553854
17,28,382.923569106026
18,28,358.172428523987
1,29,207.110918574293
2,29,291.761923956982
3,29,240.294766650956
4,29,180.75743870844
5,29,309.630009675542
6,29,292.890882248154
7,29,291.604866691572
8,29,314.62480741307
9,29,369.762120144825
10,29,313.821030531831
11,29,257.13605117596
12,29,249.864876777248
13,29,289.181586854654
14,29,321.863850768936
15,29,232.068637491656
16,29,285.525149736291
17,29,377.4399321824
18,29,290.834821228202
1,30,252.077487196275
2,30,279.25415281508
3,30,391.164773478562
4,30,341.141897449923
5,30,402.905425288105
6,30,308.804024130111
7,30,329.780047910694
8,30,260.774581527442
9,30,345.74682527222
10,30,264.089567865098
11,30,211.606137730798
12,30,307.974075674339
13,30,478.458069349271
14,30,362.526023733374
15,30,395.991533999127
16,30,325.696044127102
17,30,257.627488771094
18,30,284.28701601668
1,31,279.436740114196
2,31,266.509197994441
3,31,354.124971400225
4,31,223.367656951801
5,31,368.32228301608
6,31,368.124741778507
7,31,223.299522234965
8,31,348.617732298063
9,31,530.866454605538
10,31,260.85304925637
11,31,366.411527398555
12,31,247.010881449366
13,31,390.791720837041
14,31,317.202763368703
15,31,445.560943414171
16,31,209.645771702467
17,31,294.878958714163
18,31,262.774957701316
1,32,284.630049237568
2,32,256.318338328802
3,32,243.938747050978
4,32,343.521138114027
5,32,229.390239947845
6,32,427.796534681501
7,32,223.972426442657
8,32,305.971854929749
9,32,339.734815426376
10,32,344.188876817792
11,32,277.513446371957
12,32,304.376053705484
13,32,376.891217895389
14,32,209.773072489119
15,32,247.038547459051
16,32,322.674955935556
17,32,268.05848135812
18,32,416.136603557846
1,33,351.481857210767
2,33,303.835452340602
3,33,207.181663290192
4,33,300.462268293383
5,33,276.528626131801
6,33,291.253338557555
7,33,224.224822992434
8,33,336.919919983958
9,33,232.109354764043
10,33,282.639599859582
11,33,327.482418579239
12,33,246.93223815239
13,33,343.876724867322
14,33,217.010160507913
15,33,169.78081009643
16,33,334.180271993404
17,33,366.024177388767
18,33,278.584941544114
1,34,337.366704225018
2,34,225.62259306407
3,34,289.507947255177
4,34,186.508199713106
5,34,397.523009755343
6,34,468.596083312189
7,34,387.331453079988
8,34,296.595542960463
9,34,296.165774853119
10,34,206.764823499095
11,34,361.602154977778
12,34,283.702460143643
13,34,254.636494349101
14,34,212.044526159683
15,34,277.646922880522
16,34,243.040774231331
17,34,271.178589528246
18,34,222.27488640365
1,35,449.429748527311
2,35,297.412093192339
3,35,387.419025311981
4,35,169.78081009643
5,35,267.512317533672
6,35,253.482701416557
7,35,221.988161749751
8,35,434.333797502385
9,35,211.877264967033
10,35,322.517652898588
11,35,366.547596387303
12,35,311.743510809974
13,35,241.502807263245
14,35,375.059927636419
15,35,311.16969898772
16,35,230.732968253154
17,35,213.280239670156
18,35,495.073937192129
1,36,253.297195745607
2,36,190.433710398885
3,36,339.757052532004
4,36,321.880486820423
5,36,215.056077967134
6,36,186.443212098712
7,36,290.269925719347
8,36,393.517852494588
9,36,348.333300833545
10,36,264.948331189875
11,36,243.918372860015
12,36,318.839917534911
13,36,310.173251628433
14,36,347.792411072212
15,36,271.259605376878
16,36,371.278649048034
17,36,244.118061502854
18,36,275.583388176332
1,37,357.284089979905
2,37,379.522457882917
3,37,186.644466810749
4,37,306.425349080107
5,37,346.032531009697
6,37,210.060076089531
7,37,335.450754275334
8,37,244.274135037158
9,37,382.317871850854
10,37,340.187355160882
11,37,359.737493986652
12,37,307.431673846855
13,37,368.079776012248
14,37,417.197937525977
15,37,480.828994329894
16,37,296.52021686279
17,37,173.113161513118
18,37,300.857612830462
1,38,313.818270097527
2,38,287.53636681617
3,38,342.653610701234
4,38,381.431736893014
5,38,263.345074294701
6,38,278.028511532502
7,38,328.787890944578
8,38,261.295420944224
9,38,305.245162528045
10,38,185.597880682567
11,38,227.600576429329
12,38,216.419566737673
13,38,242.772186652536
14,38,252.3902274852
15,38,327.552212230698
16,38,378.800340793547
17,38,250.314332721296
18,38,234.490638954908
1,39,231.955704178278
2,39,270.0271265466
3,39,281.763713675541
4,39,335.694073459808
5,39,276.199842164527
6,39,180.418776301311
7,39,292.024592220602
8,39,398.102032966695
9,39,398.528163072612
10,39,246.606460825776
11,39,205.1820141276
12,39,530.866454605538
13,39,287.043666426911
14,39,291.599073068767
15,39,330.604192746466
16,39,201.913386055063
17,39,250.263648941995
18,39,205.547030646299
1,40,252.403067423489
2,40,307.292388367305
3,40,214.490031861283
4,40,344.459854577611
5,40,320.25533443733
6,40,239.813809890721
7,40,315.401394143053
8,40,357.913839474554
9,40,386.120846038559
10,40,283.557143595273
11,40,291.868758594358
12,40,292.358834123644
13,40,423.405849103139
14,40,392.154131979706
15,40,365.480088162363
16,40,278.484000558742
17,40,326.833512163111
18,40,329.222288654292
1,41,231.956579131332
2,41,196.39874375604
3,41,348.815320344355
4,41,206.102299810125
5,41,298.689598539295
6,41,317.235290205327
7,41,342.28666319888
8,41,312.593553227109
9,41,249.982709200062
10,41,379.190959574882
11,41,455.023923215513
12,41,369.646866720116
13,41,186.411835003916
14,41,419.129658643173
15,41,294.539128921395
16,41,339.070619470524
17,41,347.145817774899
18,41,291.653151784921
1,42,293.17128688713
2,42,382.216342188014
3,42,354.763596280946
4,42,379.549190557747
5,42,530.866454605538
6,42,350.729836170465
7,42,313.956713199197
8,42,174.732456767462
9,42,530.866454605538
10,42,265.60797917157
11,42,530.864770084735
12,42,326.944590138802
13,42,433.473736551264
14,42,290.734031767754
15,42,337.967724520221
16,42,314.457519916967
17,42,285.399805400579
18,42,289.982260743635
1,43,381.631121659594
2,43,284.340946732044
3,43,182.21186322548
4,43,284.724954395617
5,43,340.295255608664
6,43,346.676898950197
7,43,346.686317388407
8,43,198.129468057817
9,43,326.477323378537
10,43,377.494082620638
11,43,406.820563256598
12,43,282.725967848407
13,43,276.161842109221
14,43,428.19139840556
15,43,199.293591481015
16,43,268.575567214851
17,43,333.572938237533
18,43,201.730737202672
1,44,319.502120724556
2,44,470.639339334549
3,44,298.274074421506
4,44,279.084413845279
5,44,334.986562128482
6,44,279.04260847173
7,44,363.624673019222
8,44,371.736147756239
9,44,298.762571177882
10,44,224.489456900764
11,44,216.920230003401
12,44,258.600804569499
13,44,362.21568348006
14,44,185.755483582772
15,44,189.019678643068
16,44,254.819414310632
17,44,328.513317035654
18,44,239.270960439229
1,45,370.146200901992
2,45,323.690613840332
3,45,286.472578864274
4,45,364.103300862453
5,45,328.033618428661
6,45,267.983586033575
7,45,315.767737747068
8,45,349.296088490826
9,45,325.493065616949
10,45,254.558301769463
11,45,367.32711655806
12,45,394.811249443316
13,45,319.242578169081
14,45,309.178949889699
15,45,293.145576486487
16,45,504.117852457436
17,45,319.245748366609
18,45,287.330965319189
1,46,169.78081009643
2,46,204.313405528036
3,46,293.000107958088
4,46,313.874009451938
5,46,319.288839766762
6,46,364.339739630598
7,46,284.84482556497
8,46,400.754544892472
9,46,238.810410588145
10,46,222.768715182374
11,46,221.662383897239
12,46,357.412478043546
13,46,292.627785269743
14,46,361.552433332909
15,46,279.81227919751
16,46,258.670082029899
17,46,273.069851088782
18,46,190.570127841696
1,47,224.874801640976
2,47,210.508012846313
3,47,385.487581949768
4,47,258.329409974984
5,47,361.521060241037
6,47,431.175072550559
7,47,285.00900184385
8,47,319.831450640507
9,47,195.318282883806
10,47,244.837441611086
11,47,302.663122378702
12,47,321.012401613806
13,47,248.379746574567
14,47,530.866454605538
15,47,267.175907282988
16,47,303.25259796847
17,47,349.489019720326
18,47,296.691037636278
1,48,255.45086230929
2,48,384.64615332072
3,48,441.65094322866
4,48,296.426890307121
5,48,342.153961627918
6,48,291.601811589077
7,48,381.966154066407
8,48,225.608876200992
9,48,523.978673037143
10,48,257.941475515352
11,48,209.65193540802
12,48,274.226084112435
13,48,309.374112359708
14,48,442.516174960583
15,48,372.346932606077
16,48,309.055624633902
17,48,213.206107510581
18,48,242.042901556884
1,49,286.983639472707
2,49,530.866454605538
3,49,190.21895579281
4,49,392.72313076852
5,49,262.755275290783
6,49,447.08341870996
7,49,226.538455085864
8,49,309.142879248465
9,49,228.725754187114
10,49,371.653361535612
11,49,427.770467061504
12,49,479.023069302672
13,49,362.235009816209
14,49,466.709679411863
15,49,403.858385316147
16,49,289.176532643926
17,49,335.159163175672
18,49,235.906780732432
1,50,285.4633433887
2,50,401.374166303533
3,50,340.418449414121
4,50,333.56447048724
5,50,232.155789073142
6,50,257.880097705409
7,50,248.066459412158
8,50,328.585059108921
9,50,234.850714236639
10,50,342.135225910053
11,50,227.792791243087
12,50,465.045947693869
13,50,333.826005908208
14,50,251.91974373817
15,50,316.528627075896
16,50,274.124065430715
17,50,326.667735960222
18,50,316.719445560429
1,51,233.510973768863
2,51,246.466015006335
3,51,321.051829842404
4,51,444.17410124837
5,51,388.32818747335
6,51,256.629817679862
7,51,364.729877459159
8,51,295.074084182112
9,51,321.185681542192
10,51,318.013793944276
11,51,530.866454605538
12,51,224.022247973005
13,51,305.960043398045
14,51,193.954625906968
15,51,344.447603731584
16,51,389.458348714025
17,51,423.837085572013
18,51,187.249731074325
1,52,329.979463904525
2,52,439.283815290455
3,52,270.064617516381
4,52,283.605096302937
5,52,295.935690580521
6,52,326.182864936445
7,52,350.793081717416
8,52,410.907096537586
9,52,291.737874458668
10,52,313.113051300546
11,52,530.866454605538
12,52,331.448521942628
13,52,312.542563758573
14,52,215.661040889604
15,52,298.774473695107
16,52,282.975148103299
17,52,297.769571767397
18,52,259.704897200663
1,53,252.78743880216
2,53,250.715630203846
3,53,283.443351008627
4,53,415.9479219199
5,53,384.998768398482
6,53,273.624815360697
7,53,198.426673721049
8,53,243.304655484586
9,53,267.216676962529
10,53,306.161656399336
11,53,254.274859650144
12,53,485.563675630015
13,53,279.503153081949
14,53,222.471888010586
15,53,288.519439493632
16,53,234.005907739418
17,53,310.083238531238
18,53,315.960539669808
1,54,325.438189168947
2,54,201.531149629562
3,54,314.972597101836
4,54,321.897635093444
5,54,211.578296278272
6,54,376.352841222633
7,54,361.0579708605
8,54,521.288336813866
9,54,310.124368167127
10,54,301.96846979685
11,54,305.638850320739
12,54,303.658744490158
13,54,190.761613349912
14,54,199.139144615662
15,54,293.009639757785
16,54,259.349552879872
17,54,302.554707334233
18,54,178.993823269962
1,55,207.63701768457
2,55,228.61865889703
3,55,379.162689884034
4,55,228.784570478257
5,55,245.976707911765
6,55,304.403482379895
7,55,276.10470732154
8,55,309.352272220303
9,55,521.976372014498
10,55,227.341262028808
11,55,277.263171941896
12,55,263.423137644159
13,55,430.747363224331
14,55,247.773321381252
15,55,292.686868281027
16,55,361.317307463351
17,55,231.007539393115
18,55,445.913144685112
1,56,351.695602314989
2,56,230.134940657899
3,56,333.339853891147
4,56,283.525612496671
5,56,322.114476623851
6,56,292.127871451788
7,56,387.003406063086
8,56,215.198613876127
9,56,263.049476959995
10,56,281.070685265062
11,56,234.549762332598
12,56,232.053189051164
13,56,297.269579689314
14,56,289.155493576904
15,56,169.78081009643
16,56,384.205279462298
17,56,317.195154245582
18,56,530.866454605538
1,57,352.500760986763
2,57,267.91707222091
3,57,530.866454605538
4,57,530.866454605538
5,57,222.215002815265
6,57,334.509565210294
7,57,283.667209285866
8,57,312.413677154678
9,57,315.494491393755
10,57,219.901285667659
11,57,319.964072935108
12,57,456.195831350316
13,57,286.927652425948
14,57,287.00855475382
15,57,419.027671640448
16,57,371.192476646493
17,57,200.234396136009
18,57,315.572049289263
1,58,445.737185448206
2,58,420.727439436388
3,58,330.55431437314
4,58,355.591554024873
5,58,223.390842590112
6,58,321.093683045128
7,58,236.912003691485
8,58,267.199999724038
9,58,374.55470047416
10,58,226.665176065642
11,58,318.519523651498
12,58,331.226344336257
13,58,302.567571798927
14,58,464.331777657596
15,58,233.04551785541
16,58,345.810477991514
17,58,292.201836815599
18,58,280.278817650329
1,59,334.109273032255
2,59,233.155491546942
3,59,217.171124059666
4,59,264.849245481339
5,59,456.473392265588
6,59,302.630111384278
7,59,323.538812473889
8,59,285.142213985623
9,59,334.628007598736
10,59,237.071061644487
11,59,395.28747889902
12,59,344.019583028862
13,59,245.56341715835
14,59,302.541268992741
15,59,355.17046978492
16,59,341.77801272926
17,59,427.579191510343
18,59,257.351012779228
1,60,391.305864560466
2,60,383.830648555904
3,60,287.039409862348
4,60,235.682062515441
5,60,229.303283888034
6,60,333.599202614986
7,60,293.465326938614
8,60,459.508538197382
9,60,339.911769967124
10,60,272.83222427729
11,60,232.865145188907
12,60,259.265702516396
13,60,324.438153459021
14,60,267.659081914021
15,60,338.193807463418
16,60,275.330158446856
17,60,291.026611117564
18,60,250.1247633061
1,61,473.749622541196
2,61,323.631923178859
3,61,315.73090866304
4,61,198.140949335456
5,61,350.337026679829
6,61,232.973448444821
7,61,240.55266654479
8,61,372.991015524785
9,61,267.54455231731
10,61,195.445903313786
11,61,458.485321971028
12,61,169.78081009643
13,61,343.029404254901
14,61,382.039663394212
15,61,256.232063183252
16,61,332.509561099075
17,61,332.094282391717
18,61,384.209906850526
1,62,335.7332767682
2,62,281.364210194195
3,62,372.778731753987
4,62,362.500371829828
5,62,237.940805129731
6,62,212.622834722507
7,62,310.39314004574
8,62,279.388373553598
9,62,235.133669876527
10,62,304.702909651302
11,62,216.826896291621
12,62,310.464520618042
13,62,256.607372149321
14,62,376.516926978337
15,62,530.866454605538
16,62,239.131068197118
17,62,385.799914828085
18,62,364.661542027499
1,63,293.53165498593
2,63,267.483239609023
3,63,437.365125093727
4,63,183.640429046866
5,63,255.473929920576
6,63,210.773014113204
7,63,418.696894068039
8,63,285.083012657239
9,63,262.918536437175
10,63,530.866454605538
11,63,294.969060174001
12,63,268.125575111788
13,63,321.072959963538
14,63,204.157846922732
15,63,336.238378208431
16,63,291.690111430434
17,63,334.468480026598
18,63,235.314291689488
1,64,233.009571650734
2,64,252.383491027712
3,64,247.863129200253
4,64,409.0420923916
5,64,437.772104850229
6,64,287.428613865911
7,64,273.693693077034
8,64,275.683978867925
9,64,303.619762007601
10,64,305.662435325472
11,64,320.308919750983
12,64,249.146547802695
13,64,243.168311809446
14,64,399.057436565723
15,64,261.396530059446
16,64,321.320529458683
17,64,294.473852204801
18,64,236.716846963912
1,65,344.549959299846
2,65,311.359550968712
3,65,419.150702530838
4,65,307.188901746927
5,65,275.516538740416
6,65,319.398926524099
7,65,224.005807120179
8,65,243.817557541484
9,65,337.869656560763
10,65,275.411385443466
11,65,293.832950481565
12,65,290.345966309882
13,65,255.021259820584
14,65,183.052536746573
15,65,324.906050264549
16,65,359.091816977869
17,65,218.476840358327
18,65,427.627762470505
1,66,327.778501986605
2,66,413.285945567754
3,66,236.755798285308
4,66,310.882756793072
5,66,291.418027180975
6,66,359.689995195667
7,66,259.677084370599
8,66,297.838002151532
9,66,194.016594111089
10,66,247.285227639715
11,66,307.753298807114
12,66,251.595285323433
13,66,295.431771755909
14,66,266.559181078869
15,66,345.87751896813
16,66,396.302102674618
17,66,244.610194438585
18,66,277.157904442677
1,67,423.231394863502
2,67,175.229025814784
3,67,276.299397719183
4,67,492.439836021506
5,67,508.063992806378
6,67,310.116276482341
7,67,242.185412751154
8,67,310.783030413857
9,67,254.881511918053
10,67,424.57265860181
11,67,245.561641753888
12,67,326.807387584851
13,67,346.962197347546
14,67,248.493416522244
15,67,366.999886602541
16,67,249.071022089529
17,67,347.836924205219
18,67,389.463366338962
1,68,234.968257384953
2,68,390.534544735568
3,68,265.167026048916
4,68,320.644361973844
5,68,313.535196545275
6,68,269.203336219148
7,68,318.610980294246
8,68,221.584786679408
9,68,288.878003798531
10,68,364.718203810296
11,68,176.285301039793
12,68,208.179779085243
13,68,225.293609004283
14,68,203.137955127358
15,68,330.524790381561
16,68,234.712978369496
17,68,176.694951448593
18,68,255.822493961949
1,69,271.599208555339
2,69,367.46808732339
3,69,228.4929960451
4,69,395.611288773271
5,69,328.82936798435
6,69,325.972140063305
7,69,242.836797824352
8,69,479.365293825153
9,69,286.915078624647
10,69,191.854626938715
11,69,284.175728015338
12,69,186.828230812402
13,69,276.92468913381
14,69,269.527737512122
15,69,352.213111494777
16,69,381.322510161573
17,69,250.391906269181
18,69,362.982687813701
1,70,421.650878373945
2,70,246.89464647332
3,70,254.904369601327
4,70,349.572583657774
5,70,312.110733225163
6,70,341.036999190419
7,70,419.64883573291
8,70,327.93171432382
9,70,385.242800837382
10,70,347.219205802435
11,70,331.651121865532
12,70,327.852355369201
13,70,408.27686326559
14,70,234.182781918925
15,70,228.413791178136
16,70,344.623789709987
17,70,290.031750835161
18,70,303.970855041733
1,71,357.324169235974
2,71,358.366374808448
3,71,280.153982041668
4,71,276.788233641068
5,71,303.940903519666
6,71,386.300789897768
7,71,331.04084380246
8,71,422.539236539195
9,71,298.0156763318
10,71,392.210751123377
11,71,369.810257436194
12,71,346.309753224261
13,71,330.133938145624
14,71,278.987822121809
15,71,290.781441022346
16,71,315.636184343503
17,71,302.126243129991
18,71,375.247095851856
1,72,290.761737266181
2,72,293.518658811494
3,72,265.502288598554
4,72,288.724063544907
5,72,293.633297035624
6,72,170.420572469912
7,72,214.483677829354
8,72,293.368606442375
9,72,279.976611320544
10,72,223.177958292715
11,72,184.260965378212
12,72,273.996807561763
13,72,349.802872273019
14,72,458.855979337263
15,72,295.798052457453
16,72,428.746622578861
17,72,304.635828223578
18,72,307.045441303044
1,73,323.021017208245
2,73,241.776767978547
3,73,294.84892238671
4,73,372.097782677709
5,73,248.962647207388
6,73,276.18101846996
7,73,226.068435942565
8,73,325.340767727483
9,73,330.942925037142
10,73,349.366693946691
11,73,222.155868283676
12,73,306.428663213879
13,73,237.509368534354
14,73,298.539916146873
15,73,413.384475930188
16,73,264.269361260715
17,73,355.200743632487
18,73,248.966098584123
1,74,265.875156943036
2,74,332.061395975486
3,74,253.259806827802
4,74,197.60853972844
5,74,405.697159935431
6,74,325.814582573892
7,74,259.187942457315
8,74,184.147548944239
9,74,473.424378657809
10,74,530.866454605538
11,74,313.964264877783
12,74,366.847114030555
13,74,401.724167401723
14,74,251.870856693188
15,74,274.20758268892
16,74,196.455081511485
17,74,249.757175497605
18,74,347.177498059778
1,75,278.256302721335
2,75,283.463477106755
3,75,290.533348292808
4,75,190.0604684243
5,75,365.766146472825
6,75,210.433632228084
7,75,283.851285190582
8,75,268.462760871887
9,75,283.162589003929
10,75,425.308850751746
11,75,259.287176775769
12,75,246.957265509342
13,75,206.585192468567
14,75,245.608337131904
15,75,225.061836946546
16,75,329.593971711869
17,75,242.220907262066
18,75,321.398124952839
1,76,288.158467816341
2,76,210.940688586197
3,76,246.508193812485
4,76,369.999422190827
5,76,371.613702554931
6,76,485.433377845423
7,76,298.308798618247
8,76,207.781559613041
9,76,247.837453821679
10,76,329.63729210606
11,76,473.18654661634
12,76,306.634742261117
13,76,393.612328998858
14,76,359.652851655464
15,76,224.9578518965
16,76,286.439739959711
17,76,409.658310423055
18,76,369.191824058936
1,77,334.085380126472
2,77,335.165418127798
3,77,265.046726372644
4,77,216.859016334658
5,77,408.682984730123
6,77,211.623882773026
7,77,237.806664722005
8,77,347.729475443118
9,77,219.885613627821
10,77,261.191167525588
11,77,224.157435983161
12,77,347.030606097189
13,77,332.672859097307
14,77,330.709208385966
15,77,332.362749187647
16,77,341.737823523433
17,77,348.606284057166
18,77,185.285361069747
1,78,287.991690512625
2,78,306.817209607444
3,78,355.889453112708
4,78,223.902987600642
5,78,264.520863532477
6,78,230.166377274069
7,78,385.760277807146
8,78,407.066515959245
9,78,361.364867709155
10,78,222.016289069769
11,78,333.127807434083
12,78,394.573357690151
13,78,310.970142133947
14,78,260.291411979031
15,78,229.471556323118
16,78,254.108808369033
17,78,355.042821426169
18,78,268.912212716925
1,79,315.50001266761
2,79,408.635447237428
3,79,343.488885190406
4,79,415.599300264924
5,79,197.674879912706
6,79,278.934151348547
7,79,303.313195806718
8,79,343.510058945048
9,79,224.897072660795
10,79,362.989372295396
11,79,321.659009552043
12,79,318.27937336957
13,79,337.723246031745
14,79,290.265991799666
15,79,373.642861990061
16,79,349.356739030167
17,79,287.894482989588
18,79,384.186989490924
1,80,320.504930766445
2,80,351.09854350497
3,80,258.526845840093
4,80,437.908590748074
5,80,298.279258022748
6,80,366.672558136013
7,80,291.410783545459
8,80,279.004893992416
9,80,361.081366536765
10,80,203.358282429726
11,80,335.267121107951
12,80,328.447365198553
13,80,169.78081009643
14,80,326.448466934775
15,80,176.529281464866
16,80,350.338086048047
17,80,267.465908914987
18,80,252.29040600232
1,81,298.072779163776
2,81,416.44411174193
3,81,255.961759743443
4,81,341.808852329487
5,81,324.302116562103
6,81,224.335737060578
7,81,195.794364500989
8,81,184.214190805656
9,81,341.243623312977
10,81,296.064466085123
11,81,467.53670004569
12,81,343.101202971975
13,81,366.837267429621
14,81,412.559761576091
15,81,264.44914463527
16,81,337.855301112697
17,81,368.538997699237
18,81,416.070823983552
1,82,359.179865544168
2,82,330.650104024062
3,82,241.914690438662
4,82,356.310955481814
5,82,337.051227372985
6,82,348.175156568311
7,82,330.850324509189
8,82,284.314769469006
9,82,293.057438296366
10,82,352.685835064269
11,82,311.248394795869
12,82,244.159652689944
13,82,278.293857552417
14,82,216.872659521476
15,82,236.190653344984
16,82,288.28534420908
17,82,193.103123538551
18,82,198.300433420772
1,83,390.020975485248
2,83,259.62930093401
3,83,190.612857341918
4,83,290.511966424539
5,83,411.230705105892
6,83,350.546154536722
7,83,332.275642861551
8,83,397.770197125473
9,83,247.652264720116
10,83,356.322080286814
11,83,258.971566539873
12,83,298.623046316912
13,83,510.640831585087
14,83,377.638215458737
15,83,359.64643745826
16,83,228.239754491809
17,83,246.769510040191
18,83,519.33348901356
1,84,229.072470685826
2,84,314.497256904196
3,84,370.668827748004
4,84,382.179375987399
5,84,388.7514438558
6,84,286.994485420738
7,84,244.700004192452
8,84,277.143082480042
9,84,239.93687872284
10,84,347.569712779693
11,84,391.70610924735
12,84,499.956574052364
13,84,326.269485584155
14,84,241.530556783585
15,84,382.709242086621
16,84,371.765286392224
17,84,281.817006171805
18,84,204.681476171877
1,85,359.063133644133
2,85,392.541363495235
3,85,277.960297971361
4,85,340.002796682815
5,85,279.257854314963
6,85,352.254559857507
7,85,290.200418177467
8,85,274.641226053521
9,85,306.754510270864
10,85,278.749732482787
11,85,258.72493593111
12,85,276.560724412025
13,85,297.978463304552
14,85,313.965385917503
15,85,432.843197606837
16,85,214.839193313786
17,85,284.467705732353
18,85,347.945119629278
1,86,457.610234100255
2,86,331.04035248855
3,86,297.574246548561
4,86,277.122955471443
5,86,330.102533456179
6,86,379.438429570906
7,86,285.556328377573
8,86,310.655317372099
9,86,314.684576811402
10,86,356.286542585261
11,86,390.855084100521
12,86,319.465959222024
13,86,293.106818628975
14,86,418.630912613313
15,86,310.713497481173
16,86,437.634886424807
17,86,294.120656211477
18,86,346.464172039398
1,87,205.265965085761
2,87,290.545148549458
3,87,296.994915113939
4,87,248.443121034177
5,87,232.281747037343
6,87,375.696138654638
7,87,372.613142559447
8,87,217.947176382324
9,87,330.909162255769
10,87,228.006594991268
11,87,231.428772381576
12,87,339.111557896854
13,87,252.835941932881
14,87,379.845282064196
15,87,301.368254430895
16,87,339.995064260418
17,87,262.985097981931
18,87,225.879467564318
1,88,372.666741156073
2,88,316.300540387975
3,88,281.761071665352
4,88,303.619677292791
5,88,411.713253326509
6,88,252.093006621697
7,88,248.981794928612
8,88,256.938011145899
9,88,203.339820571102
10,88,364.173899341873
11,88,312.816614248375
12,88,313.940797577203
13,88,295.447676148329
14,88,263.84475456208
15,88,244.555828247614
16,88,367.029391594339
17,88,211.318170722395
18,88,332.188343402158
1,89,246.38851080515
2,89,319.709884014906
3,89,249.508390937785
4,89,263.003263687865
5,89,458.425525829124
6,89,351.058658282619
7,89,177.538403999887
8,89,307.856131301079
9,89,267.602116478366
10,89,226.679839120119
11,89,314.139734364515
12,89,308.121335465414
13,89,275.719541977873
14,89,481.581832980157
15,89,173.128308375992
16,89,365.81840075181
17,89,278.370474040847
18,89,350.058782964937
1,90,267.460466243766
2,90,258.546462019532
3,90,197.253763143706
4,90,283.7908752008
5,90,530.866454605538
6,90,379.497680250134
7,90,448.122748623608
8,90,372.685985680024
9,90,393.982226530537
10,90,371.595720665995
11,90,335.025590545844
12,90,259.257716688099
13,90,262.392530621235
14,90,202.560311461031
15,90,298.147090755231
16,90,371.278795051779
17,90,383.400628526207
18,90,305.531234886696
1,91,261.459870240619
2,91,530.866454605538
3,91,356.926752463962
4,91,421.268079304471
5,91,275.107212838118
6,91,295.833837806755
7,91,332.857864741846
8,91,448.225948714631
9,91,276.859971951167
10,91,367.185908925499
11,91,179.706376284726
12,91,264.030636086324
13,91,218.302562962143
14,91,391.042898916484
15,91,286.902406070133
16,91,271.616399619622
17,91,416.045430636523
18,91,391.318784933184
1,92,240.174054114721
2,92,331.188975759665
3,92,221.691480649979
4,92,266.062931800179
5,92,441.76144860206
6,92,424.296032681294
7,92,390.631446189746
8,92,259.989142826173
9,92,189.243983671591
10,92,224.543539963564
11,92,376.096714420065
12,92,278.266290180065
13,92,176.777999340726
14,92,285.810476274556
15,92,420.214156347106
16,92,348.95386706891
17,92,244.683883585558
18,92,205.274518638527
1,93,244.370473724904
2,93,301.076550032941
3,93,370.265047511793
4,93,186.579548564984
5,93,382.59118142261
6,93,298.962913320422
7,93,342.777393355428
8,93,200.003508225077
9,93,254.025587943434
10,93,267.834308343878
11,93,384.514336318328
12,93,383.052489861995
13,93,331.769299366076
14,93,440.439588548037
15,93,263.509223820037
16,93,381.603640794046
17,93,295.978523844614
18,93,253.983254016786
1,94,373.446773845226
2,94,417.257170336967
3,94,369.384625855094
4,94,263.893162241712
5,94,266.438945162975
6,94,416.911026287644
7,94,325.220488374381
8,94,365.052743732477
9,94,275.039126816101
10,94,405.290959498558
11,94,245.42644044416
12,94,347.425096834172
13,94,244.926153367266
14,94,169.78081009643
15,94,215.623706866963
16,94,308.59435056341
17,94,369.803127013899
18,94,195.307180161682
1,95,220.460286609014
2,95,457.890354111305
3,95,268.766385245982
4,95,337.495408817675
5,95,262.774311624163
6,95,277.726306711686
7,95,304.947691735747
8,95,299.36196828104
9,95,284.954758390962
10,95,266.438373648626
11,95,169.78081009643
12,95,469.59020354568
13,95,460.771043446721
14,95,228.640916057322
15,95,286.648425725563
16,95,416.668552665501
17,95,380.288325980347
18,95,406.822824691549
1,96,230.2721648688
2,96,530.866454605538
3,96,226.853843360153
4,96,358.420337704426
5,96,308.967073135228
6,96,270.739952448488
7,96,272.338692703175
8,96,234.80011151188
9,96,442.413082673154
10,96,305.11542585949
11,96,317.925673671135
12,96,314.128082184644
13,96,272.619012125484
14,96,226.822987465433
15,96,317.502832981331
16,96,179.757564436802
17,96,211.708653140078
18,96,230.012826370299
1,97,229.885646716804
2,97,306.425230971244
3,97,439.828968706681
4,97,206.802081766321
5,97,331.655593205829
6,97,371.295808329102
7,97,234.906237710598
8,97,294.771675278018
9,97,364.525574131861
10,97,280.640624301501
11,97,283.019165454293
12,97,321.685258631757
13,97,294.256788774531
14,97,260.951850375663
15,97,288.704563785794
16,97,471.207208949625
17,97,368.974699391529
18,97,239.211182229306
1,98,220.808208310719
2,98,273.624343036401
3,98,411.99935098171
4,98,320.514285391198
5,98,251.889120385266
6,98,369.741456769794
7,98,289.071746906712
8,98,227.557624358622
9,98,333.874639916387
10,98,431.975425066883
11,98,331.719279279971
12,98,312.788620625186
13,98,254.66733891487
14,98,342.662737884804
15,98,230.337823270633
16,98,200.008672257365
17,98,295.447288490663
18,98,296.075125212053
1,99,529.620967491445
2,99,222.342375643361
3,99,311.193698863115
4,99,362.889825448467
5,99,385.139329265849
6,99,297.792762106142
7,99,249.353302126988
8,99,293.845547338812
9,99,477.751831359159
10,99,335.622609017309
11,99,181.912071428825
12,99,421.562600907604
13,99,340.353983614428
14,99,296.148446761886
15,99,297.277981362274
16,99,287.923763948616
17,99,317.720908871514
18,99,264.247481456952
1,100,319.299579564208
2,100,238.24159964087
3,100,313.40676386411
4,100,390.424997154698
5,100,337.782288735651
6,100,383.570434961713
7,100,229.207523290415
8,100,302.55883248859
9,100,346.743663503236
10,100,230.481087812107
11,100,436.360039218011
12,100,232.342825678678
13,100,310.712337169422
14,100,309.758516310378
15,100,307.502534444612
16,100,283.723747136849
17,100,332.965144339209
18,100,232.548074270367
1,101,218.442535720093
2,101,254.770705965811
3,101,294.448620783814
4,101,404.870092679538
5,101,438.654473799989
6,101,322.602953921607
7,101,327.495576935877
8,101,281.448700489316
9,101,302.065052011408
10,101,212.429256553019
11,101,320.301106101932
12,101,262.226050814111
13,101,323.793299870193
14,101,274.55434926002
15,101,254.335968532001
16,101,283.127074364274
17,101,273.165671047011
18,101,389.266771089713
1,102,314.095748399242
2,102,331.560394116325
3,102,221.025791240388
4,102,429.124680106644
5,102,310.324912915772
6,102,242.615870362696
7,102,321.788170320556
8,102,368.685570324989
9,102,213.506334156428
10,102,449.70403202067
11,102,287.34930214078
12,102,391.783555365798
13,102,303.842415713531
14,102,275.457981312348
15,102,191.389193582017
16,102,228.691318743284
17,102,295.59141807776
18,102,364.900481016212
1,103,189.232647475949
2,103,416.685296002912
3,103,419.070168288886
4,103,226.312616407333
5,103,334.774647848035
6,103,232.408647245271
7,103,289.644698133861
8,103,373.925184507478
9,103,368.498484893134
10,103,243.03409099152
11,103,271.862542246697
12,103,235.668533156188
13,103,324.175274706123
14,103,204.620955322209
15,103,169.78081009643
16,103,426.324948537392
17,103,517.995625974021
18,103,267.393333296643
1,104,359.045085849214
2,104,298.025360671552
3,104,426.790293218104
4,104,341.481030236032
5,104,313.674012220527
6,104,193.056148943415
7,104,388.171870924426
8,104,274.230351552623
9,104,212.483616615932
10,104,284.317620671527
11,104,289.533939525897
12,104,385.944180630249
13,104,224.99577720447
14,104,260.825984584804
15,104,428.220672846203
16,104,414.994718014661
17,104,395.795919446999
18,104,446.599688546934
1,105,313.701913199676
2,105,259.298250937115
3,105,341.568774619033
4,105,385.898937223736
5,105,530.866454605538
6,105,185.450644410597
7,105,319.007556029626
8,105,349.912995229373
9,105,294.643169806165
10,105,204.683096015954
11,105,357.343525377064
12,105,247.197489419953
13,105,337.508607450047
14,105,372.016993617859
15,105,407.548657122181
16,105,204.681035018565
17,105,388.057699582966
18,105,248.52526402307
1,106,218.460785299465
2,106,410.558684910813
3,106,394.172972607043
4,106,281.521120846193
5,106,358.909215399891
6,106,242.378190738646
7,106,287.837123108467
8,106,291.862644457139
9,106,278.929840274438
10,106,356.703064269297
11,106,433.357915943781
12,106,267.345544601008
13,106,296.214003654624
14,106,443.927173473854
15,106,275.683769073651
16,106,169.78081009643
17,106,338.173618464745
18,106,240.847456015416
1,107,234.394083714813
2,107,421.292736414217
3,107,530.866454605538
4,107,232.062890347761
5,107,383.317257027067
6,107,291.832612821385
7,107,309.00687140659
8,107,401.498011902342
9,107,314.43591867078
10,107,242.905093015811
11,107,266.398834212731
12,107,352.580817205066
13,107,169.78081009643
14,107,389.329621510382
15,107,204.220916304818
16,107,300.158839006163
17,107,285.106811735778
18,107,408.449675378592
1,108,312.549850834147
2,108,306.035630591876
3,108,353.607720997759
4,108,244.342798801408
5,108,284.724291474847
6,108,397.176681041623
7,108,352.353461884397
8,108,219.177900626359
9,108,348.488016310804
10,108,213.821550862137
11,108,258.268019356886
12,108,400.398420699019
13,108,173.029522873543
14,108,193.999900964511
15,108,409.272407603685
16,108,245.067593773904
17,108,403.592560011623
18,108,286.638514230983
1,109,331.181687240804
2,109,363.613967548763
3,109,254.978047206057
4,109,277.322222697307
5,109,269.993855898
6,109,530.866454605538
7,109,307.836334904491
8,109,334.815204880028
9,109,274.902414297657
10,109,281.575203576069
11,109,417.020041746249
12,109,275.02701681465
13,109,300.028311751926
14,109,327.128353700987
15,109,268.908130187031
16,109,479.992604806618
17,109,211.201697776945
18,109,486.1067303134
1,110,274.181291019832
2,110,414.839249281384
3,110,183.920149850787
4,110,376.418058980803
5,110,369.221812509304
6,110,219.405345952633
7,110,247.843048639389
8,110,312.904202412158
9,110,393.941431808671
10,110,247.982711411142
11,110,282.78320469391
12,110,436.94550751417
13,110,227.190153843303
14,110,375.662877964792
15,110,332.870859796709
16,110,228.37882031125
17,110,253.950895283939
18,110,360.979808292909
1,111,317.136252927421
2,111,421.730097061352
3,111,258.050723937039
4,111,197.057480973807
5,111,384.881252040634
6,111,257.62346546337
7,111,307.403452379766
8,111,452.868565004491
9,111,280.987365366378
10,111,434.644021266466
11,111,228.859453707175
12,111,373.639705168463
13,111,316.970268065663
14,111,249.745475287063
15,111,218.938354651373
16,111,304.16528272421
17,111,317.613535379211
18,111,319.333285992299
1,112,340.053327667902
2,112,267.040264199802
3,112,263.752484363895
4,112,316.213655750039
5,112,261.842770911448
6,112,401.205331789387
7,112,311.43735711588
8,112,257.20881732275
9,112,192.693588751504
10,112,255.443822319397
11,112,490.214930948025
12,112,260.628918667741
13,112,243.811338409049
14,112,349.756397047409
15,112,332.268389672914
16,112,358.221714156751
17,112,279.116808983625
18,112,391.924429443977
1,113,224.711716227562
2,113,295.052030111973
3,113,251.728312987648
4,113,352.121700594806
5,113,308.124415370947
6,113,390.696709101158
7,113,491.700067705475
8,113,308.920619088006
9,113,262.285599261994
10,113,244.550013426146
11,113,280.129304894262
12,113,293.573798470886
13,113,483.815968114702
14,113,227.093144137085
15,113,229.077096662986
16,113,270.460822712213
17,113,344.25762656293
18,113,364.304871088675
1,114,239.597726490138
2,114,307.902853704769
3,114,295.480211718353
4,114,398.876513593152
5,114,388.759002209884
6,114,276.80588765639
7,114,301.914338038843
8,114,349.737335380015
9,114,199.992017537623
10,114,276.940739439927
11,114,343.200812046078
12,114,263.010244908759
13,114,294.263567230824
14,114,297.051565878666
15,114,250.540727098217
16,114,234.624743234436
17,114,284.45059641886
18,114,274.484727688542
1,115,365.452941330369
2,115,432.576690028298
3,115,297.706323478746
4,115,328.854015458552
5,115,293.515927846442
6,115,345.410918327723
7,115,314.803502218771
8,115,316.187419265639
9,115,391.000483953829
10,115,235.026448342108
11,115,424.063302600319
12,115,324.927896807669
13,115,311.942408897049
14,115,260.661801351058
15,115,286.942423153113
16,115,326.868632169931
17,115,181.065956830026
18,115,258.067110212294
1,116,344.126845753533
2,116,278.002473344487
3,116,245.916293312979
4,116,255.938718888078
5,116,316.122563372666
6,116,200.89848170771
7,116,368.756629202069
8,116,176.507167991761
9,116,264.281258815328
10,116,246.712908599953
11,116,220.611232639617
12,116,229.928633921286
13,116,317.22218472784
14,116,290.02582086849
15,116,277.573580632451
16,116,170.130556311293
17,116,216.599790612186
18,116,289.216327408714
1,117,241.340174467187
2,117,246.140398079963
3,117,385.041138537009
4,117,311.547003281945
5,117,231.834552154409
6,117,266.509441153304
7,117,278.648543358425
8,117,253.187213931161
9,117,236.361192797964
10,117,294.842786602457
11,117,357.317011441552
12,117,315.441683514897
13,117,284.431310365499
14,117,327.990301367097
15,117,361.911898012535
16,117,288.571731758085
17,117,333.439022104834
18,117,226.188881407298
1,118,281.039352615357
2,118,269.653750120544
3,118,313.066497918818
4,118,325.574811327436
5,118,289.755767258377
6,118,247.969795574656
7,118,238.336411899415
8,118,319.416397203834
9,118,414.810819459045
10,118,246.715711822122
11,118,271.9836517553
12,118,323.479710383117
13,118,261.017151040028
14,118,307.495232294293
15,118,295.143617339002
16,118,247.367335006386
17,118,365.217977780982
18,118,366.536186265394
1,119,382.678139541141
2,119,405.975317907762
3,119,264.087760105276
4,119,266.781760968883
5,119,318.079811807258
6,119,347.823533571245
7,119,274.977533011312
8,119,269.45473313701
9,119,257.02168369116
10,119,427.606950312078
11,119,169.78081009643
12,119,286.685210824684
13,119,301.345561462898
14,119,230.950494942754
15,119,327.800035560675
16,119,185.356046791864
17,119,376.31665354647
18,119,199.514314014965
1,120,175.067235000272
2,120,248.129121817605
3,120,310.528785625789
4,120,254.956093300139
5,120,260.722127218104
6,120,323.677670970635
7,120,230.99016340878
8,120,292.420098730902
9,120,336.860723604492
10,120,443.629512407268
11,120,335.355349717585
12,120,452.399201491168
13,120,333.225339986385
14,120,298.333320527447
15,120,172.79947588292
16,120,221.894982745571
17,120,276.358005535634
18,120,354.821078752735
1,121,276.120284398773
2,121,340.613573498075
3,121,230.715441831617
4,121,279.377043183732
5,121,314.689891493788
6,121,273.663902562605
7,121,306.844565207106
8,121,253.773698221404
9,121,326.920951908246
10,121,292.760079915341
11,121,295.182728906487
12,121,186.179945013954
13,121,253.594143651983
14,121,208.093126102708
15,121,202.320989232929
16,121,264.887616718259
17,121,287.156631402268
18,121,319.809850763429
1,122,388.954114527604
2,122,332.518686862557
3,122,381.560468390736
4,122,262.814118434455
5,122,277.1039321446
6,122,388.380128124451
7,122,298.655107983939
8,122,198.699604744571
9,122,243.188400492556
10,122,381.146585785515
11,122,257.491410777372
12,122,323.696431619069
13,122,299.59863520187
14,122,264.72881391787
15,122,274.234819136767
16,122,328.300473476953
17,122,314.123970977849
18,122,402.709634145884
1,123,284.453867481289
2,123,238.712506128509
3,123,310.816599850114
4,123,354.225162043702
5,123,519.063022354152
6,123,266.833416840256
7,123,275.863442753088
8,123,369.764633379023
9,123,407.284943808521
10,123,254.516870123661
11,123,350.742976427881
12,123,260.351460504627
13,123,236.468639492025
14,123,347.257532074384
15,123,306.373917404551
16,123,328.110399897198
17,123,259.384996897675
18,123,461.279825660576
1,124,350.803974978068
2,124,272.669779068819
3,124,354.003267544848
4,124,222.441162979799
5,124,288.765083855215
6,124,419.513961962523
7,124,285.211832174323
8,124,372.282030171669
9,124,282.934288906111
10,124,171.070621286684
11,124,241.21285644284
12,124,315.12716287789
13,124,423.928560724723
14,124,258.575439061056
15,124,319.219713378673
16,124,236.317337635641
17,124,233.378471965279
18,124,247.303494609617
1,125,416.041621506563
2,125,374.982155538395
3,125,344.767401007216
4,125,391.241947192986
5,125,269.384204324659
6,125,358.912366780182
7,125,314.12781153501
8,125,231.539417571831
9,125,244.103230503592
10,125,302.21148563268
11,125,313.823506621842
12,125,276.197594688322
13,125,234.510401133338
14,125,179.877296119063
15,125,330.977871141296
16,125,277.94925886144
17,125,341.068896958008
18,125,205.275754316586
1,126,220.358184535277
2,126,290.619801831143
3,126,212.004049164505
4,126,184.644698648077
5,126,361.007619824767
6,126,371.415017089308
7,126,232.615760883409
8,126,279.517396185745
9,126,226.825644704522
10,126,322.364231968065
11,126,296.428016017994
12,126,241.842214210205
13,126,247.489303714961
14,126,230.812200904759
15,126,331.872537522492
16,126,342.879575995187
17,126,327.089725890671
18,126,243.404545513176
1,127,193.663777131893
2,127,339.56083731583
3,127,286.027257998634
4,127,295.730993915995
5,127,383.419716600604
6,127,240.436434698614
7,127,393.958607051754
8,127,270.118577302905
9,127,251.176969824881
10,127,284.045617564338
11,127,328.165179574238
12,127,283.944478508782
13,127,240.029397768096
14,127,278.870074988508
15,127,169.78081009643
16,127,263.95020069895
17,127,333.45203395461
18,127,286.568391698396
1,128,352.768206698514
2,128,335.886523964704
3,128,349.138113777246
4,128,350.019042576821
5,128,195.910236926264
6,128,298.868880946933
7,128,443.208014517614
8,128,265.749088206881
9,128,333.196463521195
10,128,309.125685326773
11,128,341.718484026514
12,128,279.519235434843
13,128,255.158088027395
14,128,303.820290949507
15,128,313.98971163961
16,128,285.454341645594
17,128,300.851390614687
18,128,329.866121361033
1,129,247.371393579423
2,129,393.544686665979
3,129,508.947612305309
4,129,427.089473095501
5,129,267.433234212202
6,129,191.948120205515
7,129,302.515220329531
8,129,369.565750388453
9,129,360.527736178821
10,129,221.621528937428
11,129,227.973267050363
12,129,308.403660460873
13,129,347.486551683033
14,129,368.908801322726
15,129,363.888399131227
16,129,236.136648319671
17,129,217.215646951071
18,129,183.326407052328
1,130,337.432645376063
2,130,364.923387613208
3,130,323.885273648659
4,130,230.977650882136
5,130,436.561267021284
6,130,272.951150788263
7,130,459.501377167891
8,130,341.254191939064
9,130,398.403531303731
10,130,323.4735694961
11,130,293.926158579234
12,130,233.599617598036
13,130,260.770961707112
14,130,295.178544779996
15,130,319.691587710568
16,130,296.173751308354
17,130,285.963974846561
18,130,312.143830676651
1,131,262.937598682246
2,131,262.201656843365
3,131,209.811774674773
4,131,366.532955837905
5,131,301.983021538925
6,131,292.577842939032
7,131,249.494599090666
8,131,281.167210534961
9,131,229.43459885598
10,131,231.528395706695
11,131,187.530998889561
12,131,378.762315892294
13,131,307.822683778043
14,131,227.772920332892
15,131,395.850795263605
16,131,347.361126290919
17,131,357.419862333278
18,131,282.67052205965
1,132,269.485609628726
2,132,291.556558489429
3,132,329.334034114151
4,132,362.438200647784
5,132,438.868735205084
6,132,263.914462991625
7,132,233.428899048606
8,132,305.955506027888
9,132,530.866454605538
10,132,269.110745676086
11,132,394.117689859684
12,132,281.485990679197
13,132,265.874188673133
14,132,251.345684625367
15,132,283.667366777055
16,132,444.468343612453
17,132,321.227177485912
18,132,335.996163947177
1,133,365.864185560772
2,133,493.280385626739
3,133,360.310430490724
4,133,211.270718561163
5,133,232.415849899777
6,133,203.119966351222
7,133,169.78081009643
8,133,408.218551685905
9,133,264.897838430979
10,133,328.55916451659
11,133,397.56510826879
12,133,263.737848925229
13,133,288.959871324429
14,133,325.017975692333
15,133,315.367326590131
16,133,247.48344355768
17,133,356.419363960906
18,133,340.777625739554
1,134,278.409198389343
2,134,222.017498164736
3,134,348.09781819103
4,134,421.977646995578
5,134,417.198237315244
6,134,368.882240602218
7,134,265.578483749708
8,134,262.493519562807
9,134,258.933966563666
10,134,270.216371504228
11,134,354.555913214245
12,134,317.708379303842
13,134,190.397303791298
14,134,190.202358298584
15,134,296.920101715519
16,134,309.616399291831
17,134,170.679371917035
18,134,244.969353758124
1,135,300.568666245523
2,135,425.496480912243
3,135,183.310904313394
4,135,220.245621044537
5,135,229.794966076138
6,135,311.532486752316
7,135,323.492148772328
8,135,276.242390865505
9,135,201.997116721497
10,135,256.257862725628
11,135,260.646379601701
12,135,284.263562705492
13,135,442.437248611833
14,135,253.403576176354
15,135,304.137327494059
16,135,251.651579287047
17,135,221.05931136823
18,135,348.318432057854
1,136,231.453706618692
2,136,530.866454605538
3,136,305.341016633638
4,136,302.959506303131
5,136,293.791348168091
6,136,466.752580773913
7,136,350.688295375649
8,136,280.948104240169
9,136,225.061558818091
10,136,232.122218591266
11,136,246.844073739788
12,136,400.789474946326
13,136,285.201999001065
14,136,248.512178579089
15,136,361.748894616146
16,136,413.640631895313
17,136,252.315190544005
18,136,268.04870030071
1,137,324.626581512979
2,137,298.217423331413
3,137,329.467813457494
4,137,452.337318922488
5,137,294.230169030917
6,137,278.932394605287
7,137,335.840293468125
8,137,295.0185846786
9,137,347.628370417207
10,137,282.793816869997
11,137,332.447974401053
12,137,204.389724921806
13,137,299.575471779658
14,137,263.457834505004
15,137,223.737196392447
16,137,270.126582658547
17,137,326.73479618283
18,137,305.32473932279
1,138,353.209284516859
2,138,375.035699190934
3,138,364.954560216762
4,138,275.988114606368
5,138,216.398550390786
6,138,278.957224479329
7,138,396.41421266442
8,138,289.906193680913
9,138,200.778782604106
10,138,336.326442383089
11,138,319.671850646958
12,138,270.943886631502
13,138,311.378916087221
14,138,416.074452148698
15,138,409.056578258578
16,138,267.311477954185
17,138,299.340423221848
18,138,209.893937469832
1,139,250.291900740898
2,139,485.747248842174
3,139,429.248244047577
4,139,282.431942529397
5,139,252.441574452811
6,139,214.390571516849
7,139,499.815838837505
8,139,306.978301128632
9,139,258.541177061839
10,139,387.712285115239
11,139,228.723820141519
12,139,356.052327735622
13,139,423.345163638368
14,139,283.741241788732
15,139,424.414607990682
16,139,348.791770162758
17,139,253.278506063299
18,139,343.154225612204
1,140,251.70548636875
2,140,262.325812735352
3,140,360.202672863365
4,140,266.06252099259
5,140,296.805474595419
6,140,382.202543200326
7,140,222.923298233304
8,140,439.488681671026
9,140,489.732428447948
10,140,346.511051482812
11,140,330.712933684089
12,140,264.724704074964
13,140,336.292063334962
14,140,264.36820862387
15,140,320.164213394676
16,140,252.799057117345
17,140,361.428546228778
18,140,353.028295093022
1,141,403.523315760283
2,141,482.692574501704
3,141,255.272973501564
4,141,377.341341680143
5,141,211.262726554837
6,141,267.234601273084
7,141,375.451058643609
8,141,249.647588355162
9,141,324.6546304569
10,141,240.03303500024
11,141,272.937651457994
12,141,295.63034561781
13,141,257.392739845183
14,141,186.312419756339
15,141,316.6859518003
16,141,334.985618893728
17,141,308.625715942418
18,141,265.217486265663
1,142,371.355102901479
2,142,387.662331341899
3,142,169.78081009643
4,142,392.106895994153
5,142,193.974817254248
6,142,274.649579377252
7,142,228.193008388465
8,142,256.285601709183
9,142,410.813787152768
10,142,339.860323671505
11,142,336.53148578077
12,142,180.440501330866
13,142,313.116640336762
14,142,347.715837359765
15,142,367.838891289391
16,142,235.835147946687
17,142,374.730782778118
18,142,212.910644027925
1,143,455.035971005064
2,143,246.029151799991
3,143,359.386506659682
4,143,322.480222444967
5,143,230.727230560701
6,143,393.981839653879
7,143,300.992591436971
8,143,364.066210273155
9,143,314.780357943808
10,143,368.512559987377
11,143,300.140614470598
12,143,391.219769907324
13,143,274.142158072368
14,143,339.26575711192
15,143,327.255966339985
16,143,366.318791927075
17,143,256.849142225655
18,143,311.705836922783
1,144,259.406271120606
2,144,372.114928126771
3,144,255.877205849128
4,144,454.319260671543
5,144,361.60095073631
6,144,297.577523359913
7,144,399.940296333964
8,144,292.509306204123
9,144,342.236471762416
10,144,339.340263449776
11,144,330.801689434515
12,144,258.364838413446
13,144,220.491287219202
14,144,198.634318519432
15,144,267.311512583138
16,144,352.295363571092
17,144,281.763139036761
18,144,223.043777136796
1,145,503.51490020838
2,145,353.939829567957
3,145,478.546999945439
4,145,400.603797463335
5,145,257.451360284827
6,145,270.201746588604
7,145,210.577082960979
8,145,357.254558980149
9,145,442.52025497489
10,145,238.870096758657
11,145,223.106125661864
12,145,369.781199139794
13,145,206.744209106168
14,145,475.655647349308
15,145,342.973232075051
16,145,197.038028032412
17,145,325.385452452416
18,145,306.276228406939
1,146,169.78081009643
2,146,295.554332387793
3,146,258.960574044247
4,146,240.799074276928
5,146,316.350011610859
6,146,366.943468353283
7,146,453.743801656936
8,146,169.78081009643
9,146,357.526338441797
10,146,237.032480818706
11,146,395.136120028124
12,146,324.672016993266
13,146,423.764670058972
14,146,208.440519804792
15,146,336.591290010567
16,146,320.706996243852
17,146,384.884546472684
18,146,282.300980923497
1,147,393.95875219673
2,147,268.046859872507
3,147,269.070211749909
4,147,300.409777936602
5,147,230.411428318359
6,147,267.29367981168
7,147,390.72471266842
8,147,445.55158297485
9,147,391.127437690326
10,147,269.355469016431
11,147,322.524658188756
12,147,305.779899829518
13,147,220.054447723931
14,147,317.786266791955
15,147,244.503991693026
16,147,230.893713646005
17,147,355.960982897742
18,147,251.497113194913
1,148,288.324633438744
2,148,235.808388451941
3,148,302.643287576688
4,148,336.404970473569
5,148,337.237466594838
6,148,230.076310646332
7,148,404.997120952232
8,148,428.724478007813
9,148,326.80729501504
10,148,310.18273823204
11,148,304.216830585395
12,148,317.796874563763
13,148,327.085658949609
14,148,308.633872018557
15,148,349.830628748372
16,148,275.234724801752
17,148,392.560440915378
18,148,295.85354121283
1,149,195.099411056189
2,149,291.438762493283
3,149,332.729899145233
4,149,402.25719462298
5,149,302.956338665913
6,149,186.573713537931
7,149,298.917564130524
8,149,223.267619712031
9,149,235.671838193256
10,149,232.860359460863
11,149,245.993818820703
12,149,393.301693504442
13,149,244.07562448824
14,149,268.430276998936
15,149,312.19587608873
16,149,370.472022231406
17,149,254.022471060874
18,149,244.389624772359
1,150,263.304660091384
2,150,224.760198082023
3,150,373.144008573829
4,150,175.950954329923
5,150,262.726123828613
6,150,210.55365798184
7,150,185.819436779525
8,150,300.648587841332
9,150,433.453300632708
10,150,443.699476035217
11,150,260.501753453526
12,150,252.166997857465
13,150,262.056255007493
14,150,354.63536988102
15,150,169.78081009643
16,150,317.03950780089
17,150,270.61990298826
18,150,249.312070736836
1,151,183.610959780585
2,151,284.040091744756
3,151,200.207128464719
4,151,297.462165988795
5,151,240.355696410929
6,151,301.938188677602
7,151,333.859398177972
8,151,264.255689280326
9,151,233.042630289323
10,151,257.428705851481
11,151,253.980089822986
12,151,207.910054918876
13,151,247.105699655045
14,151,284.896415611241
15,151,283.008948458482
16,151,323.390445537789
17,151,408.331525867598
18,151,323.714231632627
1,152,426.942693063028
2,152,255.181174739155
3,152,414.191179920365
4,152,344.745991145988
5,152,223.673965570779
6,152,329.132994667127
7,152,221.19516140354
8,152,375.611597685858
9,152,261.959749748278
10,152,281.963099005065
11,152,253.23377098435
12,152,242.857242166572
13,152,451.01732849051
14,152,379.691079872798
15,152,351.648783961102
16,152,303.942476148336
17,152,356.896330188447
18,152,350.50015331757
1,153,440.365775603361
2,153,366.867840959617
3,153,284.015133564699
4,153,283.416670486715
5,153,266.549711523036
6,153,273.375366865226
7,153,281.923895512686
8,153,401.560683929125
9,153,169.817662082039
10,153,251.868329954106
11,153,289.106053094311
12,153,218.766008805898
13,153,442.031639866081
14,153,282.110865835925
15,153,227.765095534592
16,153,240.547290869482
17,153,368.860839054693
18,153,469.630473663502
1,154,289.710090020001
2,154,306.413348708646
3,154,237.251792121597
4,154,410.789987324771
5,154,355.715335492942
6,154,169.780880624029
7,154,255.347796761256
8,154,282.099298528902
9,154,228.249005185689
10,154,279.438360757857
11,154,226.854877240485
12,154,325.73174134576
13,154,323.869110444039
14,154,363.411827252804
15,154,330.274414742627
16,154,439.363037411897
17,154,271.895393060344
18,154,177.177081311728
1,155,300.430157170057
2,155,349.493845648732
3,155,270.902375063579
4,155,419.261756540983
5,155,389.284740092555
6,155,340.105850328169
7,155,303.659371990863
8,155,261.214575270336
9,155,286.035269849458
10,155,334.521392492571
11,155,377.48837203608
12,155,277.892483501681
13,155,250.261577896684
14,155,530.866454605538
15,155,338.548639989756
16,155,239.849370432784
17,155,374.135147532834
18,155,303.064731708012
1,156,364.806463013712
2,156,302.339244921195
3,156,294.369783601002
4,156,305.19665611539
5,156,329.980367551146
6,156,257.532070741377
7,156,254.721650199202
8,156,285.492606019548
9,156,311.223498148049
10,156,276.464258964164
11,156,322.407800474489
12,156,228.604698695809
13,156,211.073835454885
14,156,472.255644815192
15,156,328.790672157263
16,156,271.178746396085
17,156,278.982720756859
18,156,361.140901265077
1,157,283.730882377548
2,157,312.797307272443
3,157,280.014485149215
4,157,264.406083217563
5,157,345.480401567619
6,157,308.983440097266
7,157,409.316051210352
8,157,227.297565201077
9,157,288.936079558452
10,157,283.822478092192
11,157,230.098372127866
12,157,380.248578954035
13,157,290.896877023849
14,157,213.409036012304
15,157,258.654502956004
16,157,228.405441984805
17,157,384.067039656446
18,157,530.866454605538
1,158,253.591240531614
2,158,291.968282575337
3,158,319.510419199066
4,158,530.866454605538
5,158,169.791167384824
6,158,263.60218722367
7,158,223.073842740427
8,158,282.543526995729
9,158,279.257262623424
10,158,250.167251392084
11,158,465.680361457187
12,158,317.759861568504
13,158,530.866454605538
14,158,364.526079764865
15,158,219.71954354915
16,158,248.73556215896
17,158,318.99230425579
18,158,259.548774187083
1,159,325.335839343338
2,159,356.571163877455
3,159,330.648109029196
4,159,288.984719566662
5,159,255.45262378866
6,159,218.444838526752
7,159,324.281449441445
8,159,373.352266870547
9,159,292.85839587297
10,159,358.394393849831
11,159,512.2601402011
12,159,477.065193572405
13,159,264.821993641795
14,159,340.866526295737
15,159,251.846063122543
16,159,352.895245779468
17,159,294.37448572225
18,159,319.34417961063
1,160,242.455218170834
2,160,399.860965797798
3,160,292.538441096662
4,160,267.984564709591
5,160,293.074805442343
6,160,304.147202518841
7,160,443.938648860635
8,160,228.107258115081
9,160,530.866454605538
10,160,247.543599523709
11,160,311.475663525634
12,160,181.310665244747
13,160,254.777380950265
14,160,356.502101736197
15,160,337.457208542179
16,160,329.803795400316
17,160,266.634170801806
18,160,190.988291937518
1,161,230.212030284167
2,161,282.392654168832
3,161,347.112498836237
4,161,365.749796491286
5,161,277.436693549911
6,161,287.800785359786
7,161,287.013784570382
8,161,302.7827559693
9,161,433.338733907868
10,161,250.355040959827
11,161,284.113322274368
12,161,304.31883959059
13,161,215.869010590465
14,161,238.838586267652
15,161,313.415504182106
16,161,331.124983653842
17,161,393.584035581579
18,161,266.702632544631
1,162,424.684142335682
2,162,242.129821234706
3,162,202.784133788729
4,162,186.305134315461
5,162,390.161370849828
6,162,321.462786060548
7,162,289.278380005297
8,162,278.060986289938
9,162,438.527064105709
10,162,399.451033319433
11,162,234.098810937855
12,162,213.126888542453
13,162,388.392081582559
14,162,342.01671171243
15,162,263.79229253143
16,162,328.677133848876
17,162,182.851134410283
18,162,254.118743225785
1,163,331.762605552859
2,163,293.338411000386
3,163,218.838694912304
4,163,381.856097980437
5,163,395.781032483277
6,163,237.740747769738
7,163,285.44504831836
8,163,356.401944638059
9,163,368.086591957805
10,163,262.658925355664
11,163,241.31065809933
12,163,324.610156722157
13,163,187.66436933731
14,163,237.163117393741
15,163,360.133064304782
16,163,197.568624168428
17,163,223.18294520696
18,163,281.64383162538
1,164,277.491465924855
2,164,195.177406582334
3,164,337.79642867088
4,164,233.095844655333
5,164,287.347336102902
6,164,284.677832601995
7,164,353.478595085121
8,164,293.831489736734
9,164,289.003268743921
10,164,445.866141580801
11,164,326.726872930184
12,164,347.27264367799
13,164,334.985499670745
14,164,342.931579609901
15,164,412.695048556546
16,164,294.46431606586
17,164,316.666582500924
18,164,481.22373236639
1,165,262.576779196598
2,165,408.245763640036
3,165,257.719846045908
4,165,451.892595497738
5,165,254.050645100448
6,165,245.092569591259
7,165,383.817124991174
8,165,377.226340058947
9,165,341.279733956119
10,165,319.003909021021
11,165,316.591065139988
12,165,491.254583722076
13,165,210.993231293432
14,165,235.088246363198
15,165,218.984458108194
16,165,376.844760358959
17,165,281.312517902461
18,165,289.307365591842
1,166,459.976953764737
2,166,259.477862336273
3,166,487.463587787393
4,166,212.177405739112
5,166,410.908563320126
6,166,322.887625756519
7,166,271.733170302417
8,166,286.320071095789
9,166,413.019045985039
10,166,451.199481588331
11,166,198.785188296469
12,166,530.866454605538
13,166,530.866454605538
14,166,262.877082801292
15,166,293.945414904212
16,166,254.216935882133
17,166,291.913727780473
18,166,357.201401734779
1,167,306.141238739099
2,167,312.789122980113
3,167,427.255347004791
4,167,175.019146349717
5,167,265.044301755182
6,167,309.202374139178
7,167,246.957083471077
8,167,386.108773795677
9,167,268.011473937048
10,167,269.073944966204
11,167,398.278144993322
12,167,365.470567148146
13,167,287.887638332952
14,167,275.769623998916
15,167,210.195483900346
16,167,252.146900392403
17,167,530.866454605538
18,167,295.872742773604
1,168,372.552930275016
2,168,285.510090996111
3,168,346.120199703175
4,168,294.776861124369
5,168,415.523684457388
6,168,264.26243615756
7,168,197.316850378948
8,168,371.206280198797
9,168,281.852159038904
10,168,425.663736512956
11,168,307.704404684164
12,168,424.667698197965
13,168,325.015674121085
14,168,274.3518744738
15,168,355.969018376191
16,168,267.120986668705
17,168,449.12158867565
18,168,309.36478044095
1,169,182.557749454615
2,169,266.285153246909
3,169,201.018310235881
4,169,176.104650443138
5,169,302.882796153819
6,169,349.325487201608
7,169,248.257656420398
8,169,216.362570359157
9,169,258.035290977766
10,169,205.045378284983
11,169,354.024961859597
12,169,343.170049200308
13,169,202.832869535007
14,169,256.660829998563
15,169,384.824277279889
16,169,286.651780153607
17,169,299.257083608608
18,169,330.337179975205
1,170,347.549956892737
2,170,399.944819193195
3,170,360.043899065701
4,170,213.822719931412
5,170,273.462278853211
6,170,321.262349447575
7,170,290.778455435151
8,170,176.070085329495
9,170,248.457011300131
10,170,381.789938250805
11,170,310.225409824361
12,170,208.956454018454
13,170,314.607550147518
14,170,287.302177019347
15,170,351.362625362865
16,170,497.460209262436
17,170,206.773216511832
18,170,264.170863424933
1,171,288.694214426446
2,171,177.912780721427
3,171,296.317283624897
4,171,258.590045887517
5,171,513.263353136726
6,171,169.78081009643
7,171,428.231179452428
8,171,381.186547795116
9,171,356.788906246175
10,171,309.38187311309
11,171,251.322345515959
12,171,390.310902122673
13,171,240.889540392325
14,171,353.318702107017
15,171,329.170340347881
16,171,387.540455218187
17,171,258.37847599352
18,171,259.354565590207
1,172,321.245070942523
2,172,321.526133019064
3,172,416.539628070498
4,172,335.839069974868
5,172,309.234055613115
6,172,366.208731714663
7,172,261.714705384013
8,172,389.115264785427
9,172,233.034545845171
10,172,324.065596662143
11,172,197.422769872463
12,172,316.94338685825
13,172,204.180681365039
14,172,282.279332803337
15,172,195.016145067917
16,172,255.69536388893
17,172,247.372411560441
18,172,341.533230750292
1,173,259.283267545678
2,173,247.826758390727
3,173,401.427862002777
4,173,447.428049569732
5,173,389.163218669918
6,173,208.012532103466
7,173,406.827898667483
8,173,221.686484038567
9,173,293.406708985457
10,173,356.734140095015
11,173,283.485766854618
12,173,287.881685320709
13,173,307.779295314104
14,173,331.188296295877
15,173,329.866021064225
16,173,196.491258366723
17,173,286.12506243412
18,173,320.060933648759
1,174,344.523081646414
2,174,276.465342436196
3,174,251.819148313001
4,174,214.340464647728
5,174,250.227980513315
6,174,289.902781922241
7,174,255.969019305528
8,174,344.854101169625
9,174,326.379162798819
10,174,202.172948481246
11,174,322.434936399592
12,174,340.453143428444
13,174,280.245214134474
14,174,296.656733096053
15,174,268.874598715749
16,174,278.076259655964
17,174,233.911642725115
18,174,330.975634865933
1,175,221.886484184204
2,175,258.759581279789
3,175,239.266784219836
4,175,241.756819376646
5,175,273.05641306064
6,175,265.442235097234
7,175,251.983351716938
8,175,280.781799702803
9,175,203.344436086879
10,175,306.711237079658
11,175,347.97235982998
12,175,218.774476460776
13,175,211.989299602658
14,175,512.815048504902
15,175,316.410616278116
16,175,302.441546783953
17,175,284.544349379005
18,175,336.429527898791
1,176,301.274597836448
2,176,261.568604375753
3,176,268.85910647292
4,176,274.6539495198
5,176,276.310673811045
6,176,248.843628656524
7,176,387.339832188799
8,176,305.434211158003
9,176,247.558331296568
10,176,344.565559723387
11,176,325.015793781107
12,176,288.77701913798
13,176,329.030182712521
14,176,239.68807679793
15,176,284.521401109002
16,176,234.359077648189
17,176,224.102525136737
18,176,275.526361417763
1,177,310.976459143421
2,177,239.303465184577
3,177,286.165984253663
4,177,191.596818637352
5,177,267.93149054262
6,177,396.51143177856
7,177,225.86881720409
8,177,223.607673205554
9,177,283.075612132401
10,177,339.873283491775
11,177,402.850101173475
12,177,530.866454605538
13,177,362.524169819793
14,177,351.328536773965
15,177,488.069942334781
16,177,277.568759395682
17,177,283.522708600478
18,177,317.467735255014
1,178,211.630624323904
2,178,191.365233398365
3,178,462.602114536785
4,178,259.731452347493
5,178,267.208885015555
6,178,234.711418883188
7,178,309.176547251521
8,178,344.556523607982
9,178,282.475990494166
10,178,299.633633620993
11,178,375.990670993169
12,178,297.789616094787
13,178,260.5922204961
14,178,294.214230650965
15,178,243.437778991617
16,178,306.031844301344
17,178,240.179608110423
18,178,418.556077972274
1,179,169.78081009643
2,179,329.063058486671
3,179,265.263800428285
4,179,483.270692010381
5,179,282.0756492387
6,179,335.549279505728
7,179,327.916682254119
8,179,317.037351465088
9,179,338.512760157087
10,179,484.474409829034
11,179,373.82063162993
12,179,313.124138128611
13,179,460.753401661404
14,179,343.893921466544
15,179,349.534906186043
16,179,403.721995518395
17,179,310.455512589606
18,179,355.959708756616
1,180,279.353313094127
2,180,307.738545247377
3,180,301.44999460525
4,180,255.688348839688
5,180,488.86652609472
6,180,260.746732472553
7,180,273.903183544227
8,180,411.564516594075
9,180,297.079305226171
10,180,396.267348105987
11,180,257.702425630901
12,180,297.640006370356
13,180,280.951764983656
14,180,236.071524401184
15,180,277.408193380554
16,180,254.727582046644
17,180,367.527033130021
18,180,278.238258212608
1,181,292.637624385674
2,181,244.293646535448
3,181,314.552110146737
4,181,202.016323592039
5,181,169.78081009643
6,181,470.895163972547
7,181,358.711040429137
8,181,348.215524305487
9,181,173.640177493076
10,181,351.812108951888
11,181,338.651796169681
12,181,293.001397406042
13,181,364.651735647777
14,181,391.726424775773
15,181,289.857914014799
16,181,478.398456978048
17,181,379.374505336296
18,181,401.707137069403
1,182,276.615643509332
2,182,289.229242400861
3,182,238.748528211525
4,182,329.547877522373
5,182,318.295218717699
6,182,305.246358745002
7,182,253.163147063357
8,182,282.246186855314
9,182,483.032175843819
10,182,238.36846284737
11,182,270.583843926548
12,182,212.486579180199
13,182,221.032461159129
14,182,278.522850309615
15,182,271.556293131191
16,182,257.107030820108
17,182,247.511690710514
18,182,284.674057706282
1,183,393.005512055144
2,183,273.769011636517
3,183,218.768900397794
4,183,230.422617048074
5,183,183.689843500635
6,183,197.247230569303
7,183,249.101795659832
8,183,235.654147231115
9,183,225.999668904461
10,183,483.516101216522
11,183,456.404138803537
12,183,530.866454605538
13,183,360.387023678377
14,183,287.125304556545
15,183,231.867362114703
16,183,228.658397606949
17,183,264.69568951717
18,183,407.209422220684
1,184,350.904525788637
2,184,370.393073038805
3,184,285.330597554221
4,184,204.890840652803
5,184,323.144521570827
6,184,283.43596972164
7,184,277.364742990426
8,184,506.905838869968
9,184,368.619211932414
10,184,282.490026926109
11,184,188.237005947773
12,184,278.531202165041
13,184,379.560842559137
14,184,326.800211866769
15,184,318.920335687133
16,184,384.626389309773
17,184,286.585739719057
18,184,274.566280619414
1,185,280.74558507467
2,185,356.738871222798
3,185,279.70097417054
4,185,358.97536474166
5,185,221.705500931842
6,185,219.413425639515
7,185,307.928598624607
8,185,358.982499894382
9,185,270.481389968325
10,185,259.578817170918
11,185,169.78081009643
12,185,326.91902277864
13,185,239.892866422267
14,185,329.165212614567
15,185,421.946157367174
16,185,264.756951892625
17,185,353.486873867956
18,185,287.731517537199
1,186,326.466450585622
2,186,225.628998244378
3,186,330.383885802788
4,186,409.628528439134
5,186,461.47369886843
6,186,223.908708065131
7,186,339.79210165438
8,186,263.981387460672
9,186,338.890408835702
10,186,285.929888782146
11,186,281.14953543196
12,186,352.236142345369
13,186,357.750838052441
14,186,319.459472963363
15,186,334.105884289149
16,186,327.247154393354
17,186,319.40504844456
18,186,305.242408928586
1,187,372.74423790402
2,187,354.617241165497
3,187,361.913167288052
4,187,390.437399729773
5,187,341.083482103653
6,187,287.699962152086
7,187,229.285211105359
8,187,265.263464158907
9,187,241.81323537406
10,187,277.731307485341
11,187,262.878819602982
12,187,284.66999473209
13,187,232.957847277761
14,187,256.770746920576
15,187,325.438153318984
16,187,314.430693881877
17,187,270.716374519794
18,187,381.630011463299
1,188,200.59212949713
2,188,335.624203261888
3,188,436.784964960255
4,188,270.468618279311
5,188,327.971596355157
6,188,260.785256459356
7,188,296.979045118897
8,188,363.818868561051
9,188,239.244958706141
10,188,261.004477995849
11,188,339.671758572667
12,188,330.214673770841
13,188,363.048697282507
14,188,404.477843127319
15,188,359.807284824136
16,188,229.943943255447
17,188,309.904863317789
18,188,271.043445009931
1,189,298.144216154144
2,189,372.902547593086
3,189,319.233362844614
4,189,310.010553024914
5,189,290.001874091965
6,189,328.722264069023
7,189,224.3843161391
8,189,269.572091612208
9,189,441.761277188404
10,189,346.648933350195
11,189,236.490660560801
12,189,221.685458503248
13,189,236.631908621913
14,189,343.640581514881
15,189,331.614037006044
16,189,260.13546150034
17,189,273.047896465536
18,189,378.443867022126
1,190,277.155415770338
2,190,294.371194090341
3,190,325.197422873985
4,190,285.662276893492
5,190,249.851122148923
6,190,270.134957829342
7,190,229.756343282368
8,190,334.532318386387
9,190,412.325522292461
10,190,316.775476099379
11,190,363.565533966109
12,190,254.982795715648
13,190,288.58608142848
14,190,288.879734112431
15,190,211.090093977577
16,190,305.069563005202
17,190,335.337907293308
18,190,352.347726546694
1,191,410.691374176573
2,191,208.951947147294
3,191,346.777375259277
4,191,355.234381901307
5,191,283.751168142974
6,191,345.502968133245
7,191,211.915750871417
8,191,314.490801241613
9,191,169.78081009643
10,191,322.023118615248
11,191,440.156955971177
12,191,433.847546675862
13,191,169.78081009643
14,191,339.902616573212
15,191,274.305634694574
16,191,296.763709282275
17,191,174.499694694302
18,191,327.769420763939
1,192,262.787980414986
2,192,326.884846799156
3,192,285.047450044194
4,192,232.871053539757
5,192,323.676993311351
6,192,344.884722801565
7,192,302.524115639325
8,192,342.555052248101
9,192,266.812231974886
10,192,407.632006789197
11,192,273.757660117938
12,192,259.438535489475
13,192,384.300201819258
14,192,391.186922236773
15,192,352.112911046178
16,192,314.956977439559
17,192,439.445240676097
18,192,233.707611947883
1,193,393.362786236559
2,193,452.358729699709
3,193,302.545399016396
4,193,344.10436163653
5,193,346.109957738856
6,193,398.719513220341
7,193,242.467216206865
8,193,370.950565629824
9,193,197.32225892455
10,193,493.897867734337
11,193,259.961680942511
12,193,276.543698612494
13,193,317.900035105925
14,193,220.51972833455
15,193,280.138751000865
16,193,303.050111907813
17,193,274.954787572996
18,193,487.877173487799
1,194,193.636040125388
2,194,291.038706695571
3,194,397.298257254448
4,194,243.801559787079
5,194,288.681048751299
6,194,478.160589245683
7,194,189.891104583615
8,194,245.733379101386
9,194,223.311092351491
10,194,347.776366454379
11,194,242.037576703194
12,194,334.410162639855
13,194,255.312288605381
14,194,287.732927056815
15,194,367.417276618087
16,194,308.647345769516
17,194,186.544947208406
18,194,262.204833348557
1,195,354.935002877721
2,195,468.623050536449
3,195,227.880598784646
4,195,282.475319735712
5,195,292.722125235962
6,195,250.000116341343
7,195,213.560376659513
8,195,466.204409244221
9,195,427.20635858862
10,195,212.313924936719
11,195,189.127497769219
12,195,279.15799709163
13,195,331.39461794702
14,195,289.393041300168
15,195,392.552798425286
16,195,281.252083043321
17,195,225.096577681115
18,195,431.529629965978
1,196,282.105502847088
2,196,278.711345942553
3,196,280.120866343812
4,196,302.647679339835
5,196,170.217240560931
6,196,352.338391479533
7,196,355.592509862858
8,196,347.753088915146
9,196,270.253848501528
10,196,305.840581324205
11,196,210.871661532375
12,196,325.769034871379
13,196,244.933253094506
14,196,410.81469873482
15,196,238.561242439218
16,196,181.26918969513
17,196,311.325922330148
18,196,201.106788359485
1,197,238.444309086652
2,197,362.800061627584
3,197,470.00876136362
4,197,280.153466949745
5,197,377.841159923984
6,197,213.833250005672
7,197,454.128009907479
8,197,298.199880143988
9,197,247.149897257205
10,197,328.764124012828
11,197,245.397072245863
12,197,302.231268315758
13,197,306.0232380599
14,197,396.36311729626
15,197,260.261023830321
16,197,272.60781142002
17,197,307.67571638547
18,197,371.100572805544
1,198,472.666281723946
2,198,438.094840914978
3,198,376.799087004554
4,198,188.253860193565
5,198,375.620161573945
6,198,358.377259279652
7,198,252.115582348055
8,198,260.365802688264
9,198,214.259313973786
10,198,297.661263384418
11,198,305.198016675849
12,198,195.200788583801
13,198,203.519947243186
14,198,311.463714621465
15,198,232.789440262601
16,198,277.683675725711
17,198,381.158097667596
18,198,269.287195639199
1,199,307.90477206224
2,199,346.61937852419
3,199,227.33828469881
4,199,403.491829075474
5,199,372.871190029332
6,199,406.464468543062
7,199,269.268277030237
8,199,209.37418776097
9,199,337.942514528757
10,199,346.851405465847
11,199,530.866454605538
12,199,452.918077931659
13,199,266.755844576298
14,199,233.926542759522
15,199,347.057974420705
16,199,483.984907477148
17,199,224.139267603528
18,199,247.112682708696
1,200,456.0242364235
2,200,466.022584637631
3,200,312.982437589533
4,200,201.610676459995
5,200,261.78050454042
6,200,396.199401332642
7,200,503.180170362323
8,200,297.421174099298
9,200,256.202427963227
10,200,321.49513448899
11,200,309.236945731726
12,200,239.516412854365
13,200,344.618625818582
14,200,418.203114500839
15,200,299.518613589857
16,200,347.458666297554
17,200,317.376568529198
18,200,333.90487381195
1,201,283.503904074179
2,201,399.134657116673
3,201,315.820406876567
4,201,264.313161071317
5,201,347.855242566688
6,201,376.529086095079
7,201,293.226734317851
8,201,169.78081009643
9,201,443.86338445432
10,201,248.908064013449
11,201,274.344000497955
12,201,441.98130780097
13,201,188.483806638703
14,201,228.338429892024
15,201,248.979244712154
16,201,217.201101826092
17,201,390.089331577623
18,201,405.631064901637
1,202,337.101079088813
2,202,268.407961262087
3,202,269.432847065164
4,202,260.167566986497
5,202,262.916295702305
6,202,335.629651730853
7,202,372.171344215966
8,202,267.293288152887
9,202,322.564563901722
10,202,169.78081009643
11,202,304.105824461564
12,202,241.316388320235
13,202,389.640053051864
14,202,397.970611468625
15,202,175.332158877472
16,202,373.350624137263
17,202,260.315443078576
18,202,286.938012276566
1,203,371.201885088639
2,203,352.83999315105
3,203,244.816469254553
4,203,322.648716622566
5,203,266.614144627974
6,203,404.390330716814
7,203,204.007098163342
8,203,364.185047601058
9,203,418.269177909582
10,203,169.78081009643
11,203,349.315832950398
12,203,273.425655176254
13,203,306.650543467943
14,203,279.651765635449
15,203,353.090624821603
16,203,373.890530098807
17,203,344.722698140538
18,203,290.974927454521
1,204,269.403520609891
2,204,288.585733434089
3,204,282.566374489962
4,204,313.780301397727
5,204,244.486087844572
6,204,344.009188626108
7,204,234.40770249219
8,204,208.363741043876
9,204,317.814707407378
10,204,330.181089452794
11,204,382.796872580136
12,204,356.010210342992
13,204,314.902080041034
14,204,353.048039345316
15,204,235.421123283009
16,204,226.461109312736
17,204,222.388683640687
18,204,301.82177771402
1,205,350.479563609393
2,205,371.91247462205
3,205,427.762377256189
4,205,323.363709584939
5,205,289.434789148591
6,205,254.356851714222
7,205,317.529142655473
8,205,293.947311976844
9,205,275.945302174221
10,205,253.388068066247
11,205,233.978273319585
12,205,235.281425337942
13,205,426.223509921966
14,205,317.263738407513
15,205,269.015810418888
16,205,203.625848170831
17,205,312.854073589905
18,205,264.668356853781
1,206,292.417121927676
2,206,283.949081456462
3,206,360.348551865702
4,206,293.642575414107
5,206,285.961935421678
6,206,530.620868427291
7,206,388.571744873581
8,206,308.1252718652
9,206,250.083042625679
10,206,397.325448341976
11,206,238.16692646751
12,206,295.110140462649
13,206,367.094271541533
14,206,270.241634225535
15,206,273.145486243667
16,206,332.18916450824
17,206,308.8319605121
18,206,281.066466539097
1,207,283.795991718281
2,207,317.285374851965
3,207,334.32289552365
4,207,408.567717189655
5,207,269.723421806027
6,207,410.791454806011
7,207,209.328689604604
8,207,255.356830325671
9,207,215.104683010179
10,207,321.818969137079
11,207,330.627203665403
12,207,214.421637725724
13,207,302.051245061382
14,207,239.253551966397
15,207,336.526981338265
16,207,204.827416723035
17,207,368.175135948101
18,207,295.371747528656
1,208,232.278943145974
2,208,292.627631401862
3,208,279.950608397266
4,208,273.327483398877
5,208,207.704919019027
6,208,259.089299119856
7,208,286.286022645999
8,208,208.415723394639
9,208,321.267245866982
10,208,416.450605356988
11,208,360.875692058339
12,208,246.035193785941
13,208,254.628886071046
14,208,266.703518167408
15,208,345.790629388594
16,208,295.721878595468
17,208,237.451884177373
18,208,206.969519978669
1,209,341.907762496892
2,209,231.827875921135
3,209,336.785550555248
4,209,303.902036505349
5,209,355.63897224784
6,209,389.228405182564
7,209,211.466240866913
8,209,382.507918930021
9,209,352.724382306957
10,209,277.129807213906
11,209,297.142177199634
12,209,336.083242867634
13,209,350.397220659601
14,209,197.078703557023
15,209,425.19456252861
16,209,212.256882450902
17,209,180.301859051514
18,209,376.250131767787
1,210,206.989200907892
2,210,282.782030406481
3,210,215.437161983164
4,210,193.269245864014
5,210,268.231858173111
6,210,349.262116882572
7,210,322.323021283597
8,210,255.518571856242
9,210,297.42978719201
10,210,291.51118228174
11,210,296.870426596837
12,210,267.976879369377
13,210,325.861382902915
14,210,229.661589849642
15,210,327.172374682795
16,210,274.992091032352
17,210,275.246061128269
18,210,354.265472265618
1,211,269.178843650156
2,211,235.144432179613
3,211,223.060674637551
4,211,351.122483248397
5,211,169.78081009643
6,211,269.874899812299
7,211,311.990370457533
8,211,213.957837821367
9,211,299.071991562331
10,211,351.225229669116
11,211,191.876434395331
12,211,240.803919934711
13,211,457.637021872012
14,211,254.767261758089
15,211,236.244318811254
16,211,242.531384058017
17,211,268.73902678277
18,211,312.328038237054
1,212,251.757174611487
2,212,313.52624015527
3,212,353.93496816049
4,212,323.911241914092
5,212,358.065191783327
6,212,245.895149770263
7,212,289.817328990788
8,212,350.719018402626
9,212,302.570938482658
10,212,314.361288173784
11,212,302.270650973988
12,212,312.100815628169
13,212,296.787812748005
14,212,228.734620196242
15,212,311.427051490212
16,212,267.371743287218
17,212,422.823121600843
18,212,262.605298270906
1,213,309.782469221568
2,213,185.078930953897
3,213,254.504725080057
4,213,244.257655818414
5,213,402.420211469159
6,213,287.833330339102
7,213,309.242766645387
8,213,321.106549831352
9,213,262.508497422483
10,213,321.139097815237
11,213,430.145306786987
12,213,346.722018046485
13,213,355.004250344712
14,213,243.898594813761
15,213,311.808290556412
16,213,320.566124038254
17,213,254.737799576574
18,213,307.185995649767
1,214,481.678072713196
2,214,235.761666123638
3,214,341.382043938084
4,214,230.156440861033
5,214,325.155106022509
6,214,231.948063903009
7,214,344.490615615715
8,214,219.553058956955
9,214,300.053133560627
10,214,413.253491790083
11,214,282.896435726077
12,214,290.967535579459
13,214,419.598600325018
14,214,489.061259654079
15,214,530.866454605538
16,214,271.402469284539
17,214,231.200986171064
18,214,349.604437304501
1,215,331.809904352699
2,215,407.672257118565
3,215,309.637006033316
4,215,310.433899967276
5,215,430.889692579884
6,215,310.522040977874
7,215,352.247720399781
8,215,335.767301438822
9,215,295.367167139335
10,215,262.273235615938
11,215,275.116066762714
12,215,186.191681974582
13,215,407.005596663483
14,215,202.841751251404
15,215,258.744793006059
16,215,272.938951778596
17,215,399.875544566199
18,215,302.78313543159
1,216,375.338121657212
2,216,278.019312884974
3,216,447.666452916295
4,216,335.969187620978
5,216,340.914638645437
6,216,369.320228363199
7,216,208.467246626037
8,216,297.807230392183
9,216,314.493055307157
10,216,247.938847148483
11,216,299.449670113376
12,216,250.681199795693
13,216,314.899031514954
14,216,193.726744716158
15,216,319.87258661888
16,216,255.902810658357
17,216,374.893998787799
18,216,185.085696129659
1,217,301.659786911607
2,217,283.003713121026
3,217,375.00156015465
4,217,203.585385251437
5,217,261.389963794771
6,217,354.785915908377
7,217,346.376075649017
8,217,325.497069925705
9,217,320.195289214086
10,217,199.263954578716
11,217,366.958754896072
12,217,314.596102827961
13,217,192.329024256079
14,217,286.277439881733
15,217,376.207130010558
16,217,354.092386630461
17,217,256.212373946664
18,217,372.020605534433
1,218,271.183005551836
2,218,327.524733367525
3,218,373.913400709675
4,218,328.209429824606
5,218,254.885949946463
6,218,364.205163739646
7,218,427.112736974527
8,218,238.366321012988
9,218,285.671505145612
10,218,380.783414044077
11,218,242.868213382448
12,218,196.824181103164
13,218,264.835243156639
14,218,386.625970532197
15,218,214.638844203355
16,218,281.13110086831
17,218,376.952047552855
18,218,301.98266192902
1,219,342.539899181785
2,219,442.554671614167
3,219,371.406184527993
4,219,344.560709524779
5,219,336.294100449305
6,219,225.485932629874
7,219,365.90507191162
8,219,340.486310215548
9,219,329.248651287226
10,219,302.735416609908
11,219,219.414336956514
12,219,309.890772922076
13,219,404.694328280445
14,219,257.430531878585
15,219,192.97602963567
16,219,466.117563616687
17,219,260.406963754548
18,219,393.609445870354
1,220,347.315821398181
2,220,446.189909807494
3,220,295.537675746301
4,220,277.601034837268
5,220,454.321383768422
6,220,503.521272594926
7,220,322.527706153353
8,220,311.113821623532
9,220,357.417023271026
10,220,253.663716768715
11,220,336.852001546846
12,220,234.901694838075
13,220,277.800573611538
14,220,361.996561106428
15,220,248.16583090717
16,220,366.940829106271
17,220,337.207539328391
18,220,422.614510673473
1,221,504.636999766722
2,221,259.707533322663
3,221,328.214420548382
4,221,435.604518020644
5,221,313.323116484842
6,221,254.817365507495
7,221,234.449054483004
8,221,419.217846920488
9,221,530.866454605538
10,221,231.640478932794
11,221,306.673994976216
12,221,204.17543555764
13,221,303.651751629188
14,221,277.148278956055
15,221,297.696878917621
16,221,530.866454605538
17,221,212.731430833687
18,221,331.530020202541
1,222,465.511333221699
2,222,257.473608895666
3,222,244.797515770738
4,222,302.083820535486
5,222,409.190953925214
6,222,274.744479332483
7,222,232.851092232239
8,222,303.716320883214
9,222,183.091108976396
10,222,208.809918586852
11,222,388.501934076232
12,222,333.682373387822
13,222,176.290778941673
14,222,346.774416893562
15,222,170.790220760584
16,222,267.916461702103
17,222,321.043815315791
18,222,211.200931321063
1,223,405.926215711101
2,223,400.746483426288
3,223,253.521182190785
4,223,391.76942068817
5,223,313.133671502428
6,223,349.516235975309
7,223,351.290280587634
8,223,218.718332251095
9,223,182.723623498747
10,223,509.511078377794
11,223,315.788782601163
12,223,327.023730217472
13,223,223.605695348248
14,223,392.865461819755
15,223,466.281266252046
16,223,432.365804575696
17,223,182.833590713405
18,223,232.022094360344
1,224,305.728175475404
2,224,353.49676145666
3,224,261.696902301975
4,224,242.482560708897
5,224,315.666051951953
6,224,237.590803055838
7,224,489.91628776248
8,224,191.826833245121
9,224,337.748407815531
10,224,184.047234594058
11,224,264.859384305869
12,224,427.828297064057
13,224,391.840318594729
14,224,212.670596030126
15,224,208.777386706016
16,224,302.801857511856
17,224,236.996550637704
18,224,329.420200429987
1,225,235.224897794724
2,225,202.105120833587
3,225,269.00948582016
4,225,221.919071191642
5,225,388.518803651939
6,225,275.298964155885
7,225,295.842220674998
8,225,417.205702758288
9,225,468.358840019513
10,225,294.760901595292
11,225,323.687964794513
12,225,410.039338404865
13,225,286.207312673261
14,225,231.846843199713
15,225,379.911602419623
16,225,206.335990154574
17,225,281.339026136633
18,225,270.842015786342
1,226,263.041340175407
2,226,169.78081009643
3,226,258.983201041166
4,226,405.809701878155
5,226,266.498161770822
6,226,256.973622786672
7,226,254.057288242736
8,226,241.53302012263
9,226,309.322624626019
10,226,344.693510155009
11,226,424.149817221821
12,226,204.273326071307
13,226,328.589634831
14,226,287.683533632055
15,226,319.940534895414
16,226,232.516923315192
17,226,301.87904753178
18,226,225.74853965211
1,227,350.329502368961
2,227,237.386675659902
3,227,303.201431114307
4,227,178.300058375809
5,227,323.18870805629
6,227,390.508788590581
7,227,359.485678647814
8,227,385.426928874042
9,227,214.94621664682
10,227,286.565501795616
11,227,293.566744231867
12,227,355.503220291322
13,227,286.671048714867
14,227,284.215506581325
15,227,448.400429836495
16,227,388.923242860148
17,227,195.063923937931
18,227,271.996036006198
1,228,234.756790869873
2,228,530.866454605538
3,228,264.858638817943
4,228,394.343028743938
5,228,305.615549663071
6,228,306.54714726419
7,228,336.640697819376
8,228,288.422841760491
9,228,365.350389528097
10,228,341.951400443656
11,228,198.466134404933
12,228,260.954416539427
13,228,263.00253448484
14,228,264.104238404418
15,228,386.513091327825
16,228,428.107269393339
17,228,238.793922184542
18,228,340.430933647332
1,229,224.866481855879
2,229,260.86159034801
3,229,320.964065657456
4,229,285.206062241614
5,229,253.17770208652
6,229,220.13866759394
7,229,276.840381126006
8,229,302.390619147597
9,229,342.151181085462
10,229,241.469955303051
11,229,344.19059711141
12,229,225.189784362434
13,229,261.555922176468
14,229,333.000682122575
15,229,252.438495424843
16,229,247.166916389022
17,229,295.162462298715
18,229,301.142728915652
1,230,374.452892744389
2,230,282.149310913362
3,230,197.712811646501
4,230,254.692337731304
5,230,256.262952056952
6,230,238.185510832332
7,230,322.792384917988
8,230,530.866454605538
9,230,361.933747206979
10,230,287.57161409164
11,230,337.329172755196
12,230,423.53993035513
13,230,277.008117720197
14,230,350.735327691767
15,230,342.123429418491
16,230,289.824813992593
17,230,302.687413598529
18,230,349.666856944359
1,231,296.675218969508
2,231,274.985340677413
3,231,258.53860371735
4,231,320.38094056651
5,231,294.61294218796
6,231,272.84588490644
7,231,311.62252414325
8,231,247.558325746919
9,231,245.803557626016
10,231,416.495998805209
11,231,241.146018810064
12,231,322.314325771132
13,231,236.113124205783
14,231,282.339217993167
15,231,328.192423945142
16,231,233.770155323506
17,231,344.882181906749
18,231,314.835528560045
1,232,276.515865084053
2,232,316.867913089625
3,232,304.047450125006
4,232,243.595723208165
5,232,212.814788627105
6,232,306.346743265911
7,232,234.043136250147
8,232,296.030176551792
9,232,200.254712824939
10,232,238.375791818372
11,232,318.920602040523
12,232,384.647750205826
13,232,311.070961328803
14,232,234.627293653668
15,232,269.978137647463
16,232,389.177907429423
17,232,338.559067190885
18,232,361.309139970145
1,233,380.141902638618
2,233,327.168456342321
3,233,390.665645927
4,233,235.837056597433
5,233,321.055842407484
6,233,274.987118343477
7,233,313.527706305944
8,233,411.662332825566
9,233,337.339497871234
10,233,256.314738544532
11,233,274.27684368748
12,233,237.090649290705
13,233,292.139266053192
14,233,264.521074552359
15,233,361.706221432931
16,233,264.96180396174
17,233,354.652944265428
18,233,355.549271967666
1,234,268.673202220703
2,234,421.872540452896
3,234,300.522280666415
4,234,254.878792447632
5,234,303.999891308073
6,234,234.824825518449
7,234,349.59079141186
8,234,240.340184440509
9,234,408.442097919594
10,234,180.606129533755
11,234,228.011302787775
12,234,275.062863092036
13,234,251.938431995675
14,234,413.817616865291
15,234,294.227358323242
16,234,325.376425103006
17,234,354.399901067672
18,234,309.837020113337
1,235,376.86800818879
2,235,332.141435273617
3,235,353.614404938076
4,235,208.276604623072
5,235,227.24662414733
6,235,174.065751312659
7,235,280.792757683511
8,235,422.411150524615
9,235,235.540675529971
10,235,322.257712180411
11,235,332.241257248316
12,235,316.335413066297
13,235,278.694525911268
14,235,257.029624659094
15,235,255.872146960297
16,235,299.833287402313
17,235,409.100429180687
18,235,246.335024924068
1,236,289.831868715691
2,236,305.837596520624
3,236,361.692266041316
4,236,282.290061547557
5,236,348.467827056783
6,236,207.735943024188
7,236,355.348519746038
8,236,305.622938391416
9,236,228.942351961535
10,236,169.78081009643
11,236,273.269512123808
12,236,351.107846502751
13,236,322.569637107545
14,236,273.34702390752
15,236,302.212395599287
16,236,310.070831469856
17,236,248.800715028725
18,236,302.541403397171
1,237,306.802690722632
2,237,250.590627202315
3,237,313.258590414397
4,237,321.90623461909
5,237,339.186447266805
6,237,354.715848391797
7,237,329.782886468949
8,237,321.192319323189
9,237,291.741939419355
10,237,332.870223791605
11,237,219.510223004489
12,237,349.868529558351
13,237,262.266993255752
14,237,526.099612622648
15,237,258.39152405362
16,237,169.78081009643
17,237,416.346555400862
18,237,258.246640690432
1,238,344.70772901145
2,238,315.356844454256
3,238,389.430373348094
4,238,239.868970523006
5,238,223.817512877178
6,238,386.483503385709
7,238,236.675656231274
8,238,205.88346324604
9,238,360.515748559321
10,238,293.882991653642
11,238,518.589910948113
12,238,324.494866327869
13,238,274.081581948564
14,238,256.467104064363
15,238,449.105201737386
16,238,222.418873117733
17,238,346.71944139383
18,238,342.105263632893
1,239,259.869327025418
2,239,433.188897877635
3,239,249.087592311056
4,239,297.162139319051
5,239,327.975052762005
6,239,524.266467778491
7,239,346.567402978315
8,239,454.243222480144
9,239,250.242815561892
10,239,195.584827861273
11,239,370.380200056012
12,239,201.208536106755
13,239,215.662753165888
14,239,346.199552612881
15,239,294.55906763321
16,239,366.599388640682
17,239,422.556361488861
18,239,372.485491151844
1,240,327.55418395588
2,240,341.305190521086
3,240,309.23305232765
4,240,451.701270757239
5,240,302.382656020093
6,240,363.07374276222
7,240,237.736343557333
8,240,301.420745265399
9,240,183.989253965438
10,240,308.776465926522
11,240,208.162092506294
12,240,289.106496946153
13,240,281.689442989426
14,240,377.874856894406
15,240,255.533580588958
16,240,254.178058318649
17,240,185.090037577297
18,240,347.006902194591
1,241,388.709955422457
2,241,282.649514450418
3,241,427.403475705454
4,241,270.343563415067
5,241,234.179253674938
6,241,315.617054155434
7,241,352.593573321777
8,241,207.897733605101
9,241,200.859486228547
10,241,301.94551762344
11,241,335.435283048677
12,241,169.78081009643
13,241,197.454266941973
14,241,321.688622479161
15,241,370.32434371982
16,241,272.238404135902
17,241,399.381035892612
18,241,257.30120635212
1,242,286.746511789631
2,242,414.098273462807
3,242,292.724432033983
4,242,300.445730495422
5,242,240.066426910661
6,242,303.456023249735
7,242,255.407642072398
8,242,193.041970066177
9,242,235.99268716223
10,242,281.789661510579
11,242,310.645555816927
12,242,386.770865529484
13,242,301.369030637568
14,242,289.489837921198
15,242,390.358388532811
16,242,530.866454605538
17,242,292.449283029897
18,242,397.2152980569
1,243,335.902839672981
2,243,293.115676172141
3,243,187.443156566732
4,243,236.160842100419
5,243,260.882860923757
6,243,228.135829466271
7,243,225.331155586041
8,243,270.135991560344
9,243,376.035916730425
10,243,238.887716172876
11,243,307.242175238679
12,243,284.235214926182
13,243,361.840109887907
14,243,301.36191808935
15,243,286.644572356223
16,243,259.153399324326
17,243,370.608431208419
18,243,393.511823791278
1,244,299.977867670978
2,244,530.866454605538
3,244,298.351245360469
4,244,530.866454605538
5,244,289.036081390935
6,244,204.044949579259
7,244,211.390807107744
8,244,241.724466955574
9,244,427.213970663684
10,244,451.146717084609
11,244,328.769276764106
12,244,321.745176224563
13,244,262.136987579185
14,244,253.409406302502
15,244,250.890104973852
16,244,241.778364689707
17,244,261.948557235679
18,244,256.746625404547
1,245,339.368476394121
2,245,359.891522139221
3,245,440.329508461711
4,245,169.78081009643
5,245,336.631130838837
6,245,276.391102713959
7,245,279.901521401396
8,245,200.564195104398
9,245,296.198239549347
10,245,247.381992026564
11,245,325.451740465279
12,245,227.992015170947
13,245,530.866454605538
14,245,247.017046074203
15,245,278.830944746914
16,245,221.674201712952
17,245,275.942381114251
18,245,500.810418179229
1,246,271.845700651151
2,246,346.152039286117
3,246,237.755732003173
4,246,433.466739056599
5,246,334.454414867733
6,246,250.967340599937
7,246,315.716011581682
8,246,271.847571127474
9,246,337.741553491944
10,246,245.388290831688
11,246,334.038401094653
12,246,438.200165238903
13,246,405.460592620286
14,246,321.472166149998
15,246,323.714671207116
16,246,330.678619148325
17,246,371.190993696772
18,246,327.839858163708
1,247,345.80711368023
2,247,348.475784055907
3,247,315.513692047381
4,247,355.525085040812
5,247,302.782302766623
6,247,381.487982898874
7,247,269.134516975585
8,247,312.922864849851
9,247,300.926019900226
10,247,230.137843939037
11,247,399.226553830975
12,247,225.266548175104
13,247,409.645174439039
14,247,230.455305466204
15,247,235.33066894547
16,247,367.833662780376
17,247,292.711126323384
18,247,190.913399427465
1,248,429.811472513011
2,248,169.78081009643
3,248,252.437850175375
4,248,206.550883109969
5,248,260.174223360756
6,248,305.053903455109
7,248,275.383362279511
8,248,259.488697613227
9,248,286.948107096967
10,248,318.693034410224
11,248,242.646553982927
12,248,180.577697376658
13,248,238.559953389779
14,248,188.195434923537
15,248,348.267013872323
16,248,469.761269165635
17,248,226.194964372519
18,248,240.907733168927
1,249,241.486512387443
2,249,361.427378666973
3,249,300.844392668561
4,249,336.127996310327
5,249,359.948324065051
6,249,317.049813993024
7,249,332.795316473654
8,249,225.259339220936
9,249,294.130234564895
10,249,257.1567645691
11,249,217.62536105843
12,249,224.909187874465
13,249,374.736821631142
14,249,217.851331569765
15,249,270.699425701457
16,249,378.841841507828
17,249,323.36832583052
18,249,349.705520416682
1,250,323.53449687648
2,250,287.987574384291
3,250,175.195297089854
4,250,257.609924031531
5,250,213.78433011025
6,250,272.426587410342
7,250,491.176772137813
8,250,308.738738493716
9,250,250.814528138322
10,250,370.320572874901
11,250,336.325603310721
12,250,292.810091127619
13,250,282.543085732168
14,250,288.224252682657
15,250,293.444468611254
16,250,346.935305382793
17,250,307.948977172113
18,250,256.455164800481
1,251,365.477424440731
2,251,252.078508584153
3,251,410.053528974372
4,251,235.439387353385
5,251,357.905507402895
6,251,404.973013163505
7,251,401.492820966869
8,251,290.561422720412
9,251,353.099424663948
10,251,177.850854420329
11,251,332.505445973721
12,251,290.763868767092
13,251,345.282432571476
14,251,306.541862521113
15,251,408.620701977909
16,251,286.471805640564
17,251,356.672012675077
18,251,290.99867058683
1,252,349.995090773852
2,252,221.53994230987
3,252,345.84729205221
4,252,271.667987068918
5,252,328.54677045158
6,252,241.499115884232
7,252,340.44788391372
8,252,530.866454605538
9,252,433.693381444075
10,252,378.641171859908
11,252,256.97538004784
12,252,323.02376910496
13,252,287.327880398794
14,252,184.547395124781
15,252,281.685959853632
16,252,276.520438372947
17,252,292.152288811941
18,252,262.451532573499
1,253,349.661599388992
2,253,475.306383150353
3,253,395.071677354267
4,253,350.370418976678
5,253,302.579092900306
6,253,304.098116146038
7,253,395.250322512449
8,253,407.320752659932
9,253,258.666649579225
10,253,375.845857194892
11,253,224.140581077369
12,253,223.622490263157
13,253,439.54081737858
14,253,301.252563837543
15,253,301.022154236996
16,253,378.516782767935
17,253,284.672011268961
18,253,243.181984305088
1,254,308.748609296978
2,254,197.337262229841
3,254,266.266050510517
4,254,287.439187524597
5,254,210.481076139679
6,254,312.240584748174
7,254,249.990021851161
8,254,391.110646580916
9,254,278.909427679648
10,254,229.200218044463
11,254,316.388800979822
12,254,294.741795897802
13,254,301.49932978095
14,254,314.571605930082
15,254,271.376445498876
16,254,275.847578451084
17,254,349.337608895396
18,254,442.850448514915
1,255,187.224841112323
2,255,288.909961756686
3,255,378.577265487011
4,255,224.352411924725
5,255,396.141270068145
6,255,272.351126358338
7,255,354.43276019594
8,255,426.733614307114
9,255,371.208722663805
10,255,400.727956610932
11,255,174.85132207528
12,255,219.291276820363
13,255,343.749679546956
14,255,239.432522308474
15,255,261.190909124902
16,255,417.572981451573
17,255,307.117035076872
18,255,301.864888626309
1,256,281.316356425287
2,256,202.704907267433
3,256,189.283315316569
4,256,283.219385804039
5,256,325.371250684761
6,256,216.882169822992
7,256,192.652165187148
8,256,406.71512854675
9,256,337.601608282801
10,256,335.57022083535
11,256,372.87852230641
12,256,341.530658067202
13,256,231.180474666599
14,256,404.223732645858
15,256,219.078947280973
16,256,265.871283819137
17,256,323.708315643649
18,256,319.608265066178
1,257,344.40583305067
2,257,369.236202446431
3,257,245.371893740826
4,257,218.545150229307
5,257,224.977399227867
6,257,343.168396850058
7,257,266.893481610135
8,257,329.990870283132
9,257,397.696526413153
10,257,253.713068148103
11,257,373.566159204057
12,257,255.368839643204
13,257,346.706992215531
14,257,301.043493325491
15,257,242.959604788099
16,257,375.668011886754
17,257,355.710807287218
18,257,241.892283802243
1,258,301.308240024804
2,258,530.866454605538
3,258,248.833743579997
4,258,286.745326957467
5,258,419.466706378437
6,258,227.942925599009
7,258,530.866454605538
8,258,253.985713124244
9,258,263.124998924679
10,258,295.791101706476
11,258,387.393802084644
12,258,530.866454605538
13,258,335.669432183633
14,258,346.942534097373
15,258,214.032089103778
16,258,308.964509225861
17,258,169.78081009643
18,258,280.452691167032
1,259,425.459275413624
2,259,284.574513850575
3,259,294.425891767255
4,259,301.406311558875
5,259,289.7479369182
6,259,305.895520417388
7,259,207.007202048223
8,259,265.724216402485
9,259,274.846850160315
10,259,342.776928026072
11,259,313.956369211003
12,259,248.428246428759
13,259,366.776637166902
14,259,401.921373827163
15,259,218.969729063013
16,259,312.183592902947
17,259,249.004886835696
18,259,257.653004044575
1,260,330.547266537605
2,260,366.140396550276
3,260,327.381729067516
4,260,262.271127479102
5,260,392.595365048521
6,260,383.397569305848
7,260,234.914755947055
8,260,322.109773607094
9,260,225.417735753554
10,260,426.006975522622
11,260,318.7621023517
12,260,386.686461255485
13,260,328.01602110817
14,260,290.835505234015
15,260,358.122715160447
16,260,228.517051464225
17,260,210.985667170571
18,260,256.22052755351
1,261,318.264867657113
2,261,270.086072200086
3,261,266.740589653324
4,261,373.218001978012
5,261,264.354719625544
6,261,378.098150253289
7,261,247.566185483185
8,261,280.574370269406
9,261,244.384325130078
10,261,269.268393271365
11,261,225.306750849798
12,261,332.727199430989
13,261,397.632215648974
14,261,319.791131392647
15,261,452.12572193301
16,261,200.642179692551
17,261,248.852481797712
18,261,339.048443667851
1,262,348.101672884262
2,262,323.191046656268
3,262,455.802153372202
4,262,448.102919614142
5,262,209.628821476557
6,262,269.842940395867
7,262,210.916602266533
8,262,232.570083976308
9,262,317.082224023397
10,262,325.10869623955
11,262,247.115671909671
12,262,321.208005857992
13,262,250.286920671149
14,262,317.171181498056
15,262,306.867883376595
16,262,278.708712131083
17,262,236.588202164751
18,262,266.727252783904
1,263,336.307124063178
2,263,264.868439666768
3,263,275.919992978851
4,263,230.383035107512
5,263,268.752352515689
6,263,296.774599178821
7,263,250.20969174441
8,263,272.121206107188
9,263,228.662395360264
10,263,358.007842216908
11,263,510.060745032716
12,263,269.331640253603
13,263,334.317841384575
14,263,438.071589151228
15,263,272.007020094483
16,263,271.696000745197
17,263,349.275923929232
18,263,237.032785965351
1,264,286.299282961181
2,264,261.109229617958
3,264,236.144572579121
4,264,330.61394922621
5,264,288.690649571598
6,264,505.109631707094
7,264,169.78081009643
8,264,349.107247015407
9,264,244.680138112345
10,264,278.559034408093
11,264,229.322412621369
12,264,343.494341716732
13,264,414.668186034532
14,264,336.141387301968
15,264,239.370110555734
16,264,441.536662471183
17,264,286.952918695165
18,264,311.784953851075
1,265,295.026156367456
2,265,283.354326223071
3,265,304.48488256344
4,265,232.582553758301
5,265,394.837570057382
6,265,349.195836112069
7,265,304.326381661147
8,265,375.445512439627
9,265,222.029987817159
10,265,388.376370680787
11,265,314.308484469786
12,265,337.292701021094
13,265,267.349371716732
14,265,247.005389677694
15,265,261.550152196967
16,265,383.80321192598
17,265,388.908306356726
18,265,435.204454786115
1,266,294.115342536431
2,266,248.580977309515
3,266,426.599233348204
4,266,204.974846261302
5,266,287.289790307841
6,266,345.569766279995
7,266,225.274653939599
8,266,204.570349752852
9,266,336.147365514137
10,266,442.240572290296
11,266,251.082714562542
12,266,252.795293692465
13,266,237.650657870361
14,266,427.868602090081
15,266,251.496911618436
16,266,243.726002126891
17,266,245.707646237197
18,266,258.920209628379
1,267,258.305129565324
2,267,345.837063446972
3,267,321.217944172824
4,267,334.973292205013
5,267,256.279731938391
6,267,355.875490340664
7,267,169.78081009643
8,267,392.404186764489
9,267,313.383941350095
10,267,270.648643073328
11,267,335.036557196362
12,267,221.977622682166
13,267,256.123683885154
14,267,306.572511773382
15,267,204.448386867825
16,267,295.669860132647
17,267,295.950557806055
18,267,279.052521779972
1,268,218.243297663506
2,268,396.140063455334
3,268,208.308578980085
4,268,208.72566443584
5,268,259.250706024517
6,268,434.617526531722
7,268,306.40251633115
8,268,317.952547717928
9,268,283.341418019537
10,268,318.822969193782
11,268,348.085641113057
12,268,354.408470560913
13,268,416.204932168294
14,268,247.259178446997
15,268,287.34353338013
16,268,330.040979551007
17,268,364.65500214082
18,268,275.417970098999
1,269,349.572211090141
2,269,261.407595934172
3,269,274.854256801675
4,269,381.567258116354
5,269,189.183315517089
6,269,315.03637573212
7,269,373.678531236379
8,269,274.634495881782
9,269,347.383354957471
10,269,251.584627311444
11,269,311.216407054722
12,269,299.276148232646
13,269,296.50608479682
14,269,219.162467585069
15,269,287.032112136146
16,269,245.11749457161
17,269,273.649208504491
18,269,382.687830041961
1,270,260.260929966819
2,270,296.208927756193
3,270,306.116074192542
4,270,285.168516191453
5,270,362.981071159973
6,270,295.512090394694
7,270,309.988755922383
8,270,240.624987836876
9,270,272.151099467417
10,270,255.238170951123
11,270,334.935142928295
12,270,394.676619716663
13,270,267.030820438947
14,270,174.536535754305
15,270,243.249863615201
16,270,238.073074167021
17,270,397.481961589207
18,270,309.095716951559
1,271,436.24617355327
2,271,329.031957760287
3,271,205.192920315506
4,271,336.614075517788
5,271,249.07561421099
6,271,298.61140741899
7,271,291.302267741006
8,271,288.32397716806
9,271,275.528337469888
10,271,475.609147790221
11,271,430.482233742888
12,271,240.683123198513
13,271,313.295385410627
14,271,394.660910351455
15,271,390.017229771916
16,271,240.327658547536
17,271,420.169520963488
18,271,251.70052889102
1,272,307.873300382246
2,272,311.031555513661
3,272,187.483768720759
4,272,289.07615824486
5,272,179.463874610219
6,272,185.389703393293
7,272,322.683801823468
8,272,324.308840499239
9,272,378.086955752037
10,272,327.333276619494
11,272,253.587954041396
12,272,245.904402265388
13,272,362.845979701616
14,272,424.389378734377
15,272,362.33975913792
16,272,314.683695612248
17,272,293.616819833122
18,272,443.030783043006
1,273,169.78081009643
2,273,379.792733540958
3,273,286.677064845333
4,273,227.203702109546
5,273,365.680360079427
6,273,235.433623438728
7,273,324.526038190609
8,273,312.298873633073
9,273,308.961354997823
10,273,190.594118389583
11,273,310.554345367707
12,273,264.932822566035
13,273,251.749987445593
14,273,224.112829625515
15,273,226.566042195777
16,273,243.244517058684
17,273,403.913834670935
18,273,353.353227612918
1,274,319.131027736726
2,274,452.588067787414
3,274,441.280323399767
4,274,371.603317224545
5,274,224.122536684193
6,274,422.54666203341
7,274,284.294885421461
8,274,281.5151149722
9,274,316.259810921102
10,274,303.156643709245
11,274,264.88781233849
12,274,352.472676672715
13,274,265.648813818186
14,274,260.374323940808
15,274,280.723318925469
16,274,248.362606643162
17,274,309.897401001307
18,274,291.613048166986
1,275,277.906901440445
2,275,334.084994734439
3,275,191.857725689533
4,275,317.404019166014
5,275,371.449125305355
6,275,369.580749782887
7,275,512.786836472834
8,275,255.68204128661
9,275,235.443608114962
10,275,323.120660752602
11,275,198.458128732658
12,275,400.376218449286
13,275,231.650959601541
14,275,332.047315315368
15,275,275.098909180996
16,275,169.78081009643
17,275,317.935454593221
18,275,228.534389755891
1,276,373.34913488872
2,276,169.78081009643
3,276,289.23758625104
4,276,231.298477013985
5,276,392.35319182599
6,276,250.286968525827
7,276,374.530819534623
8,276,266.535530177165
9,276,308.110549436819
10,276,425.554945152654
11,276,253.072240922228
12,276,463.930172035255
13,276,379.171892424518
14,276,407.612299622337
15,276,173.224395866106
16,276,286.620006928634
17,276,209.257665596666
18,276,358.886107968764
1,277,401.550590287225
2,277,257.067540739821
3,277,263.741604176146
4,277,201.544730982618
5,277,361.650557334425
6,277,425.469262784512
7,277,197.753824916334
8,277,192.431237280478
9,277,393.970615264798
10,277,413.977775593925
11,277,326.700076922209
12,277,316.620930131735
13,277,256.835693985668
14,277,324.135556528392
15,277,267.580898198977
16,277,489.884102389221
17,277,267.762691209215
18,277,169.78081009643
1,278,337.026424018736
2,278,220.155044096118
3,278,364.450537774595
4,278,205.265592635128
5,278,280.418199001239
6,278,328.196010664039
7,278,284.629681301909
8,278,186.262876672609
9,278,211.243746611607
10,278,242.960865173478
11,278,442.60711371277
12,278,289.543763065836
13,278,406.724284528265
14,278,311.842194084669
15,278,264.868950909859
16,278,392.393849245048
17,278,226.113431661361
18,278,427.484343914454
1,279,372.796724186659
2,279,323.828789591645
3,279,343.18438100003
4,279,313.670644394035
5,279,267.911755691055
6,279,274.717774815208
7,279,257.922438450314
8,279,403.100438093768
9,279,345.254602099392
10,279,290.802847209625
11,279,226.557323976012
12,279,322.632185598802
13,279,233.939534317045
14,279,242.890571515625
15,279,489.356409831261
16,279,212.870584531214
17,279,241.050256718748
18,279,259.365973697368
1,280,258.427995050327
2,280,227.290485556682
3,280,285.28883033986
4,280,232.160796278696
5,280,413.368109079707
6,280,307.63988181534
7,280,367.589428280264
8,280,212.38385138543
9,280,297.523504008143
10,280,340.772683188522
11,280,305.751922060896
12,280,299.843706262274
13,280,232.372551875653
14,280,256.371865637644
15,280,270.661812681769
16,280,245.806440350915
17,280,359.280505969282
18,280,457.343266987233
1,281,410.644203776909
2,281,330.785800051882
3,281,290.128903836673
4,281,343.295047920695
5,281,246.627320124336
6,281,318.365088560497
7,281,310.859018294449
8,281,169.78081009643
9,281,472.785431120764
10,281,216.220041196345
11,281,169.78081009643
12,281,298.542967651185
13,281,306.441827199857
14,281,297.989058848888
15,281,308.913812499235
16,281,224.041873606269
17,281,344.669819965025
18,281,417.215434726919
1,282,243.650126871491
2,282,321.540866715746
3,282,279.595779347765
4,282,294.201694376794
5,282,378.212851518584
6,282,319.358159373706
7,282,476.836304939707
8,282,275.466809204301
9,282,427.580152848536
10,282,267.353027916907
11,282,282.290452548439
12,282,275.812366755721
13,282,320.143436130409
14,282,334.30714188171
15,282,309.258116495892
16,282,345.240652735267
17,282,247.027015088657
18,282,281.773994253486
1,283,349.687563484231
2,283,383.973048233789
3,283,324.080811987311
4,283,354.573460033307
5,283,365.981719583141
6,283,346.076978285557
7,283,282.811189749936
8,283,286.909996760293
9,283,347.142502781926
10,283,267.370635181696
11,283,289.168904734496
12,283,291.99821461511
13,283,203.250264234161
14,283,323.754861447924
15,283,342.796323550653
16,283,294.17906049761
17,283,461.178023573562
18,283,286.115761438822
1,284,343.527537057234
2,284,339.702611379071
3,284,361.102439956566
4,284,330.374957733217
5,284,285.043140829698
6,284,342.244016698567
7,284,317.487138792346
8,284,316.718633590089
9,284,355.45106584522
10,284,360.058524424184
11,284,297.951693816246
12,284,271.702310664847
13,284,411.945302717662
14,284,302.42832635467
15,284,272.546716054739
16,284,237.383883736434
17,284,318.756687502003
18,284,327.937076255799
1,285,226.601492303216
2,285,215.341867694676
3,285,312.197666064244
4,285,244.823802034007
5,285,413.985143904405
6,285,228.302184492575
7,285,205.126002700841
8,285,293.556289497287
9,285,334.426330169645
10,285,310.137758446066
11,285,289.949526951243
12,285,327.274152778109
13,285,247.839338781734
14,285,315.452380835429
15,285,243.947988165402
16,285,245.685920715404
17,285,306.390081544074
18,285,329.875152935132
1,286,241.862077060938
2,286,205.022904728453
3,286,232.819566075809
4,286,183.874442961401
5,286,308.050529510225
6,286,344.024878040076
7,286,462.057553323877
8,286,240.365791043349
9,286,266.261423235328
10,286,290.818701532129
11,286,316.263100153936
12,286,246.046203556148
13,286,373.985853984381
14,286,272.320651265198
15,286,379.081133665743
16,286,201.172001436762
17,286,287.056694516337
18,286,324.665176078209
1,287,264.996267905717
2,287,265.864940506421
3,287,255.812233826601
4,287,306.145533914274
5,287,405.415073343621
6,287,232.935311244747
7,287,291.489401828828
8,287,265.61505713864
9,287,420.516111910131
10,287,476.361257028779
11,287,337.089396564992
12,287,303.404568306829
13,287,415.758167206565
14,287,266.96717269487
15,287,294.484568010726
16,287,385.105331198861
17,287,306.315709080471
18,287,266.075968453201
1,288,312.2573852883
2,288,267.873280136716
3,288,469.733951054077
4,288,272.087491196888
5,288,375.023278450519
6,288,298.650272827551
7,288,412.156773313158
8,288,374.11205361768
9,288,255.12979112836
10,288,319.690311482436
11,288,288.201143974395
12,288,337.256886148616
13,288,295.231981475044
14,288,334.615188265784
15,288,290.222334355441
16,288,376.378085079394
17,288,322.109650086327
18,288,217.044083556188
1,289,297.071569303436
2,289,275.175075167194
3,289,391.334326845655
4,289,225.854944701565
5,289,181.889240992083
6,289,334.399605015478
7,289,375.132310234164
8,289,333.205177585201
9,289,414.403457740687
10,289,371.512813675827
11,289,238.301994240883
12,289,374.093979711475
13,289,258.865457775827
14,289,390.259463005003
15,289,379.790230627508
16,289,294.986876743176
17,289,386.761610645299
18,289,279.7993206312
1,290,381.462024286517
2,290,170.722386951855
3,290,231.410878628053
4,290,309.437769037198
5,290,263.81283481008
6,290,169.78081009643
7,290,243.856761729876
8,290,441.481142777224
9,290,222.750567001455
10,290,310.894567022175
11,290,264.88661885205
12,290,299.89598496359
13,290,286.006047479843
14,290,288.893590559654
15,290,289.833711252179
16,290,176.16277603078
17,290,298.608239558612
18,290,308.000871343446
1,291,329.944854100004
2,291,415.857865949363
3,291,301.239486369961
4,291,318.817134463815
5,291,211.242818134728
6,291,305.860316611449
7,291,204.800710553459
8,291,484.600710221902
9,291,273.820675523973
10,291,325.168039068229
11,291,332.271825952863
12,291,217.484921583811
13,291,334.335226524296
14,291,230.207828241997
15,291,333.657313080798
16,291,256.988450979913
17,291,253.209168583335
18,291,330.094375052747
1,292,326.294227909367
2,292,281.090031979935
3,292,249.772235778977
4,292,312.940672649998
5,292,295.060824369964
6,292,376.730161072374
7,292,256.16276784825
8,292,289.794427131745
9,292,517.658085466839
10,292,218.731125015879
11,292,322.428652153111
12,292,329.810053146253
13,292,267.791711323792
14,292,251.390828771021
15,292,209.735550134518
16,292,211.758452083666
17,292,280.062326688126
18,292,404.48162806611
1,293,302.479278719176
2,293,434.240184740697
3,293,258.022437933456
4,293,343.511166872672
5,293,307.70592142056
6,293,325.99567718245
7,293,313.806126909104
8,293,360.494612506133
9,293,298.008818014083
10,293,377.552924573034
11,293,336.228785333409
12,293,297.87845120333
13,293,290.515715636381
14,293,219.115523159387
15,293,255.139457105785
16,293,280.110732504199
17,293,374.55748041263
18,293,361.683985263041
1,294,245.573999142723
2,294,266.017303543412
3,294,454.859163424869
4,294,212.019280432051
5,294,311.831303023616
6,294,319.349471848947
7,294,264.386081007026
8,294,214.085948196352
9,294,271.409564597711
10,294,530.866454605538
11,294,290.73005396002
12,294,282.852089727538
13,294,311.832426403816
14,294,224.918367046963
15,294,358.184166495959
16,294,355.434341918647
17,294,274.410410761354
18,294,302.891985947537
1,295,264.172466767875
2,295,352.901942952907
3,295,199.735975652725
4,295,282.911730952417
5,295,347.262644919219
6,295,449.402188243166
7,295,239.564816893543
8,295,227.671059063081
9,295,290.839690318547
10,295,294.434696747199
11,295,358.778902508752
12,295,290.404628293218
13,295,259.792985998642
14,295,472.018634325003
15,295,275.676348488586
16,295,369.619906317491
17,295,357.596095750228
18,295,268.386048687463
1,296,446.698451945433
2,296,225.629038627657
3,296,237.87336448672
4,296,396.170881082771
5,296,204.70115325811
6,296,348.437417137007
7,296,313.201957512228
8,296,357.167978350869
9,296,360.818734954195
10,296,254.093528749304
11,296,252.934103135335
12,296,363.703573165515
13,296,370.292894903133
14,296,227.944361508322
15,296,221.506356592504
16,296,230.109665277021
17,296,297.50029009967
18,296,297.047762802059
1,297,524.834189200882
2,297,340.112882697852
3,297,287.843946522272
4,297,262.710326129322
5,297,262.257643851467
6,297,256.922058498236
7,297,229.025488057119
8,297,311.484800097081
9,297,169.78081009643
10,297,224.88412196738
11,297,379.668902279502
12,297,309.560742142998
13,297,341.521346679442
14,297,258.808120163626
15,297,420.145455301062
16,297,277.802993051613
17,297,344.240553021314
18,297,299.558746245172
1,298,335.326307097702
2,298,268.274774404726
3,298,403.621980917365
4,298,263.36732933083
5,298,530.866454605538
6,298,287.091892929186
7,298,307.834799923801
8,298,256.905101381521
9,298,356.610569394347
10,298,312.552135711449
11,298,348.266388573166
12,298,354.89849991637
13,298,247.809183041163
14,298,364.724881204676
15,298,223.772725407041
16,298,309.873445798942
17,298,372.474413703219
18,298,203.021080929626
1,299,268.278301132989
2,299,270.789125077569
3,299,181.127906950947
4,299,284.26469307806
5,299,419.944318852085
6,299,212.282676710069
7,299,228.731255095037
8,299,271.438636107667
9,299,294.296028070727
10,299,306.257193309742
11,299,312.560902543006
12,299,279.101429618321
13,299,528.869535041637
14,299,267.873233827653
15,299,216.021259473469
16,299,204.338178242279
17,299,284.477322568777
18,299,261.963713063285
1,300,385.043752015009
2,300,285.325756893163
3,300,304.353929845546
4,300,201.736641424757
5,300,281.701655543931
6,300,279.528935638672
7,300,212.506974699418
8,300,239.306589988744
9,300,241.623633811142
10,300,364.842176091195
11,300,341.802522736944
12,300,353.289858695474
13,300,419.764509440784
14,300,276.195173510073
15,300,397.703783886471
16,300,279.946018807145
17,300,395.121727831896
18,300,220.373667266606
1,301,257.899489202621
2,301,372.546074861495
3,301,446.159660396877
4,301,295.767889298588
5,301,275.533519448962
6,301,347.485330221586
7,301,289.964709040967
8,301,299.555292209264
9,301,317.386448554775
10,301,388.788577647313
11,301,230.617360177029
12,301,268.287715673604
13,301,345.323855006464
14,301,177.587422653227
15,301,408.684704406167
16,301,255.139512631611
17,301,231.805458771414
18,301,310.942662806908
1,302,513.036351152408
2,302,253.67937839144
3,302,207.842523380605
4,302,289.086479323076
5,302,396.469778330147
6,302,279.175312762747
7,302,345.27498435753
8,302,395.162828411271
9,302,197.088565955972
10,302,345.303295826862
11,302,263.403169007973
12,302,294.286797994457
13,302,514.43486091996
14,302,317.390667091132
15,302,363.393733105878
16,302,234.899090340715
17,302,331.374533965791
18,302,289.759269281953
1,303,282.248933700545
2,303,341.795960161599
3,303,207.355560312667
4,303,418.211573414491
5,303,519.147191388069
6,303,268.29124153914
7,303,338.568939147998
8,303,491.147499677413
9,303,241.104936209562
10,303,301.997227869592
11,303,522.428506845851
12,303,238.593800017972
13,303,376.363164458301
14,303,334.872056431284
15,303,273.415724054655
16,303,325.932763358638
17,303,275.47338598094
18,303,358.98263048571
1,304,263.882544221659
2,304,195.030471959593
3,304,363.606814689144
4,304,392.844276202854
5,304,306.748448948904
6,304,244.158583782031
7,304,265.613567075446
8,304,216.974721153076
9,304,213.315030150367
10,304,392.850572386963
11,304,181.29426918951
12,304,341.857746317657
13,304,272.024762055781
14,304,216.529732840672
15,304,282.209388210559
16,304,285.197179893647
17,304,399.562973306982
18,304,530.866454605538
1,305,464.412825098313
2,305,442.877757623209
3,305,441.687446827324
4,305,373.931768802102
5,305,267.426846016668
6,305,311.213805764382
7,305,206.038139787205
8,305,247.272569003949
9,305,241.632829743963
10,305,229.246268911911
11,305,420.460336719208
12,305,337.033428219777
13,305,318.33345216374
14,305,297.749309038549
15,305,379.151394187477
16,305,369.956860289095
17,305,239.776219766348
18,305,183.713140477692
1,306,224.392513993557
2,306,264.82419869288
3,306,298.333190022562
4,306,429.809956385864
5,306,348.218959026665
6,306,352.5218135849
7,306,363.367260906141
8,306,289.27810820081
9,306,230.141825476215
10,306,240.20187498412
11,306,214.879141751423
12,306,218.266128753413
13,306,206.707723127532
14,306,367.681039778229
15,306,222.435602444742
16,306,346.895381676089
17,306,527.10157238103
18,306,284.577419893877
1,307,285.54599224927
2,307,365.864339425336
3,307,297.519866485094
4,307,248.112922055405
5,307,211.658819399352
6,307,305.396441527293
7,307,269.206329694344
8,307,328.351948239177
9,307,319.686921361708
10,307,408.940836370952
11,307,345.315418726707
12,307,393.23328210625
13,307,303.651987574654
14,307,363.846664392974
15,307,281.198493998704
16,307,287.655441833464
17,307,304.020637785186
18,307,228.132709389596
1,308,222.923077318963
2,308,278.25999578272
3,308,212.578622177705
4,308,305.571953576334
5,308,362.297865331687
6,308,241.082322755305
7,308,302.353321076311
8,308,205.520138528892
9,308,374.488627866133
10,308,273.810593451599
11,308,432.64341136378
12,308,301.608333645367
13,308,468.590278718982
14,308,323.809615382391
15,308,285.154774742162
16,308,381.559974104651
17,308,339.484615082297
18,308,260.960256280478
1,309,353.960468064317
2,309,347.890362540603
3,309,326.80786900796
4,309,273.857772302308
5,309,294.955526048107
6,309,369.439450923267
7,309,392.117600605155
8,309,320.919397032906
9,309,245.538302577912
10,309,358.411351554496
11,309,309.612993172634
12,309,393.324812143144
13,309,202.531544168315
14,309,249.298678579235
15,309,339.707412097076
16,309,215.102955765397
17,309,530.866454605538
18,309,242.879681027628
1,310,332.745241175076
2,310,196.414463685432
3,310,509.477169902073
4,310,355.987723819378
5,310,263.60529432624
6,310,318.073160462406
7,310,251.342027302477
8,310,196.820712833977
9,310,229.285856818073
10,310,239.395476262838
11,310,393.70373085415
12,310,334.280776403434
13,310,272.935164132051
14,310,280.589703965077
15,310,387.167518383056
16,310,234.072514118696
17,310,345.247176281908
18,310,238.067909415179
1,311,355.198202080609
2,311,404.888975428941
3,311,268.54001692521
4,311,333.521819300366
5,311,174.947546354368
6,311,322.94431030847
7,311,322.205882002306
8,311,331.009788836316
9,311,400.924091164427
10,311,236.962908150599
11,311,419.109285378101
12,311,236.554694278869
13,311,200.892046596904
14,311,509.583467546216
15,311,363.892480179695
16,311,359.25157784979
17,311,347.919303150634
18,311,283.841551987437
1,312,381.246889624101
2,312,422.842472725281
3,312,204.491375432518
4,312,226.328516609541
5,312,250.604891081322
6,312,339.146009507256
7,312,169.78081009643
8,312,287.391173462715
9,312,210.058727310489
10,312,274.606894867041
11,312,202.258609840043
12,312,396.490750933695
13,312,279.248066520096
14,312,284.806622534367
15,312,428.633417177631
16,312,242.114642512296
17,312,205.242485968383
18,312,256.953597448322
1,313,254.884753217034
2,313,325.02588676484
3,313,276.571117212298
4,313,212.087319934285
5,313,285.547903606475
6,313,345.008238015678
7,313,215.599535415141
8,313,380.535873125751
9,313,354.413688426324
10,313,429.50536523931
11,313,275.762821408361
12,313,330.767220098227
13,313,241.623574247268
14,313,280.566150305107
15,313,231.27184901544
16,313,387.469200074483
17,313,210.190660203487
18,313,346.528390065804
1,314,252.981714188549
2,314,231.604518963166
3,314,425.406958872581
4,314,306.408107795316
5,314,323.685938508532
6,314,312.97886169151
7,314,349.725147539514
8,314,426.852830390632
9,314,303.089696480177
10,314,401.369058228145
11,314,169.78081009643
12,314,347.826454357795
13,314,330.786438886887
14,314,311.947364727422
15,314,307.907392912737
16,314,267.225428831175
17,314,256.722590235651
18,314,389.367663169372
1,315,285.36272965257
2,315,397.551904497639
3,315,271.842623223225
4,315,233.546797833442
5,315,423.929529014366
6,315,291.525666781914
7,315,401.016076009857
8,315,221.500355870843
9,315,325.622039291722
10,315,276.576601253608
11,315,479.409926722313
12,315,409.899477569895
13,315,341.989611980006
14,315,264.052630098572
15,315,378.927762785416
16,315,355.632580745861
17,315,210.267792441509
18,315,398.177717523204
1,316,367.487718336364
2,316,285.299563084447
3,316,522.852416982701
4,316,376.123325336017
5,316,263.603841398109
6,316,374.149813565999
7,316,329.702000649347
8,316,286.173788755381
9,316,169.78081009643
10,316,268.916665087922
11,316,300.330460994145
12,316,355.778968510022
13,316,325.205162420127
14,316,315.433562723385
15,316,430.832459385569
16,316,294.765105112583
17,316,231.170485837177
18,316,264.269229271269
1,317,285.527914448578
2,317,259.751011290036
3,317,190.016712899272
4,317,344.917220305211
5,317,361.702632117195
6,317,249.782647945298
7,317,331.860436447194
8,317,276.578483501915
9,317,277.941508793516
10,317,345.641941109439
11,317,330.407211138868
12,317,259.187865286063
13,317,250.040873703891
14,317,340.585871920522
15,317,234.363888493038
16,317,251.719352151085
17,317,417.460638152955
18,317,310.395145739091
1,318,268.123005364817
2,318,224.424224374678
3,318,355.254728971194
4,318,261.069358199065
5,318,305.660757316538
6,318,398.385538072755
7,318,283.099340748616
8,318,383.32878307593
9,318,226.160261644404
10,318,194.758651972846
11,318,323.210882990247
12,318,398.410071779821
13,318,262.811690890383
14,318,280.666137520975
15,318,373.693918515829
16,318,267.420713525405
17,318,227.582827341964
18,318,244.416812094548
1,319,286.30919592591
2,319,205.130307947773
3,319,363.215364807474
4,319,343.127728405133
5,319,366.209691983186
6,319,434.221186416627
7,319,379.292055300268
8,319,424.077164549573
9,319,274.270237965234
10,319,395.53257481842
11,319,215.250103124592
12,319,346.427924576896
13,319,446.21196500457
14,319,491.571282475723
15,319,320.380465833946
16,319,359.341822733771
17,319,229.888982042427
18,319,205.880175188561
1,320,297.67613265998
2,320,320.531505340332
3,320,289.136161665502
4,320,245.805330798002
5,320,222.026405371979
6,320,375.067052608184
7,320,380.997700875109
8,320,287.272206533481
9,320,448.722904887898
10,320,299.678536212771
11,320,378.342143659124
12,320,253.733385301358
13,320,345.779962893949
14,320,350.367650640397
15,320,320.281355799254
16,320,388.924771378165
17,320,289.06953472891
18,320,183.612816303818
1,321,275.17025097457
2,321,358.885551790675
3,321,189.580312196052
4,321,197.027582617758
5,321,300.221648714349
6,321,307.424186991457
7,321,401.188168968021
8,321,294.15331839986
9,321,337.680925924002
10,321,319.011239988755
11,321,357.603241132766
12,321,372.793257307094
13,321,216.107850849859
14,321,252.990922614331
15,321,373.020797614423
16,321,176.590295711499
17,321,169.78081009643
18,321,308.588316335071
1,322,301.004273970713
2,322,274.458366607297
3,322,366.711801540744
4,322,398.592110147651
5,322,379.850697966097
6,322,286.058487071101
7,322,296.612087456693
8,322,321.469896053473
9,322,178.344307209968
10,322,234.07378303456
11,322,362.170269917903
12,322,316.994877407604
13,322,217.739048442449
14,322,408.04492283078
15,322,336.195843618365
16,322,258.015111563434
17,322,299.385924068981
18,322,303.442869213898
1,323,277.774341511028
2,323,285.627276493593
3,323,288.028417606091
4,323,350.362631010507
5,323,380.414093600938
6,323,341.312705109719
7,323,455.82424493237
8,323,347.015506479067
9,323,322.848718574898
10,323,366.015798627379
11,323,288.907780644293
12,323,356.548130591034
13,323,485.386182029311
14,323,283.8844131966
15,323,383.637127199826
16,323,300.370312367762
17,323,249.073230863313
18,323,392.974059228619
1,324,333.710533263142
2,324,276.502189580868
3,324,457.562654775275
4,324,190.387094075546
5,324,294.054180892977
6,324,283.861263768803
7,324,289.249445612984
8,324,307.469136603551
9,324,468.803436522476
10,324,180.549655685323
11,324,383.891371005292
12,324,248.323015062156
13,324,375.15136746241
14,324,267.887887578469
15,324,367.906737973916
16,324,282.934110454124
17,324,257.509227882593
18,324,221.703126640477
1,325,234.447147306206
2,325,273.43194761818
3,325,295.66241980466
4,325,338.202128925636
5,325,293.101165880292
6,325,402.490185676413
7,325,221.078661992107
8,325,341.541564356655
9,325,372.839696213774
10,325,337.868993125904
11,325,289.375475702684
12,325,264.15125028467
13,325,212.168658664379
14,325,205.386877186015
15,325,353.649235910083
16,325,276.414038996502
17,325,206.853680401233
18,325,338.288014778723
1,326,361.533934745111
2,326,177.275875369991
3,326,466.139130444937
4,326,402.750173262708
5,326,219.669097428632
6,326,245.696271396882
7,326,314.030398425952
8,326,326.134901626917
9,326,223.737704031619
10,326,255.851249225965
11,326,530.866454605538
12,326,374.726707006021
13,326,418.212609014296
14,326,246.339959161254
15,326,277.117863871022
16,326,215.184144233889
17,326,325.978864789576
18,326,294.953926565067
1,327,522.831888443987
2,327,276.411543037125
3,327,299.343289702372
4,327,237.674732047799
5,327,315.708587295968
6,327,246.912181742979
7,327,232.137882484577
8,327,291.122911114759
9,327,239.866843688624
10,327,242.251144347517
11,327,337.827967681747
12,327,388.729582962036
13,327,368.555988488132
14,327,298.193660048031
15,327,305.22838214201
16,327,248.491277907867
17,327,320.706037618585
18,327,380.326534581966
1,328,235.912666817911
2,328,380.37646838251
3,328,255.071686517877
4,328,331.376532492682
5,328,213.259932886469
6,328,311.211779153311
7,328,410.198740646775
8,328,292.959402972796
9,328,203.449633656712
10,328,443.347573704244
11,328,244.644614795903
12,328,235.420802996466
13,328,257.194100655182
14,328,234.563082133905
15,328,313.185584647025
16,328,323.674871069391
17,328,273.549941470438
18,328,364.411997883714
1,329,332.63098377858
2,329,218.984414451526
3,329,350.322239491633
4,329,217.93320989862
5,329,292.566845825146
6,329,279.421410601995
7,329,246.015498890307
8,329,392.261172973415
9,329,300.440641384595
10,329,338.549454443972
11,329,295.315392786297
12,329,240.973716055528
13,329,343.727034090071
14,329,246.135358000534
15,329,366.824382025847
16,329,530.866454605538
17,329,324.460320406964
18,329,351.609108376054
1,330,331.940055203584
2,330,404.301618222764
3,330,220.580105675097
4,330,236.789288734894
5,330,303.964565617702
6,330,294.276664771903
7,330,225.898826470751
8,330,195.189113524943
9,330,266.319847958156
10,330,444.833747611649
11,330,514.329326745918
12,330,365.551288253008
13,330,201.605939587632
14,330,358.046902687864
15,330,261.931978296114
16,330,307.974787587009
17,330,351.84457222918
18,330,446.427506707623
1,331,308.451495890482
2,331,251.772184093099
3,331,359.379371082754
4,331,364.185874526675
5,331,371.682837486232
6,331,393.937198291578
7,331,320.209512903266
8,331,237.555066676448
9,331,308.364321383795
10,331,194.795014814939
11,331,394.607348911472
12,331,337.492717473709
13,331,353.998712720377
14,331,310.454130507656
15,331,169.78081009643
16,331,257.55698180617
17,331,375.347061717276
18,331,279.406521146627
1,332,365.713487028101
2,332,237.879979662336
3,332,317.841152734329
4,332,261.4345832126
5,332,255.105157079856
6,332,285.419529072649
7,332,452.399007016889
8,332,311.292422937974
9,332,315.104464293848
10,332,439.121084086939
11,332,278.460103023188
12,332,338.480391230304
13,332,250.574874845472
14,332,366.718130023046
15,332,215.413547748857
16,332,294.555538420013
17,332,392.405690090285
18,332,412.9654846109
1,333,292.376042038249
2,333,169.78081009643
3,333,444.841670825744
4,333,256.755838352183
5,333,355.329358632222
6,333,197.911531328885
7,333,267.969366771902
8,333,443.314728466623
9,333,324.441912306598
10,333,324.490516983329
11,333,371.15541683256
12,333,214.488775219542
13,333,300.875904731449
14,333,334.983551456226
15,333,392.893048506697
16,333,245.388161135837
17,333,316.006970122293
18,333,350.886110588344
1,334,530.866454605538
2,334,438.911141178132
3,334,169.78081009643
4,334,299.816877878735
5,334,312.719018246944
6,334,364.044545318308
7,334,252.028165368093
8,334,380.118924799285
9,334,252.424432306728
10,334,291.173128026643
11,334,345.620776236482
12,334,257.659469810045
13,334,304.771994108357
14,334,437.649546225585
15,334,266.835309592044
16,334,225.479899679905
17,334,355.804028577439
18,334,246.87091398282
1,335,279.765248659148
2,335,337.667142941008
3,335,333.885850659404
4,335,397.356253135546
5,335,253.242372546837
6,335,276.381518223764
7,335,254.557741246288
8,335,287.030168651225
9,335,483.528459745365
10,335,294.182726855255
11,335,296.562263538073
12,335,337.972240708128
13,335,222.320495727439
14,335,376.191928699978
15,335,294.374421150695
16,335,251.67915729438
17,335,326.918622491207
18,335,285.604151745808
1,336,287.796444613436
2,336,290.370388810854
3,336,434.396543074561
4,336,261.125379599025
5,336,376.251982024689
6,336,310.704912572803
7,336,279.133698263515
8,336,255.398107922627
9,336,273.152358419281
10,336,279.256307949003
11,336,388.893683466742
12,336,247.060507851589
13,336,444.634177298981
14,336,286.462470097245
15,336,254.827931343008
16,336,251.498475823262
17,336,312.493514160702
18,336,456.061792413039
1,337,282.773964018779
2,337,291.721757864386
3,337,313.78109732223
4,337,303.191468818265
5,337,249.449507909255
6,337,379.367931622759
7,337,221.579776099088
8,337,235.444937175302
9,337,269.971991723886
10,337,279.085298818884
11,337,385.466756497308
12,337,256.723655128498
13,337,285.948740245609
14,337,275.460460611935
15,337,440.404541994215
16,337,424.161711468378
17,337,231.018226205682
18,337,331.883803814643
1,338,218.028031812368
2,338,244.220911320144
3,338,259.315371974782
4,338,243.144421099858
5,338,315.574826885186
6,338,276.745185941207
7,338,321.566418553695
8,338,402.218775729039
9,338,396.553297102869
10,338,180.733891213704
11,338,280.715270602558
12,338,335.107126566549
13,338,395.951471762668
14,338,260.013618807565
15,338,307.96175810466
16,338,443.421951655673
17,338,313.319201551895
18,338,470.415729763324
1,339,174.473406156759
2,339,488.774666853067
3,339,169.78081009643
4,339,392.916199369072
5,339,386.320017045741
6,339,272.306256402713
7,339,275.552942123609
8,339,325.435071513018
9,339,311.116954673659
10,339,316.390016762878
11,339,410.527433417802
12,339,315.626965556547
13,339,181.042213866846
14,339,330.259851872852
15,339,276.105761812814
16,339,366.234797125041
17,339,241.5213570504
18,339,280.976731514645
1,340,205.674527819658
2,340,208.401500302024
3,340,195.618113627334
4,340,300.326529725352
5,340,169.78081009643
6,340,404.650450962339
7,340,255.014549338204
8,340,299.631096643485
9,340,399.156469294489
10,340,321.178318493804
11,340,330.693506930633
12,340,255.881929693074
13,340,218.18359526722
14,340,348.793614632968
15,340,284.234320522293
16,340,298.564962327263
17,340,244.486138014906
18,340,260.885044184154
1,341,171.34442053227
2,341,200.046447169634
3,341,204.0180685224
4,341,285.80232822645
5,341,230.570766223624
6,341,328.09128895572
7,341,301.128062483035
8,341,264.594318223711
9,341,202.335029679572
10,341,253.762359019908
11,341,370.682737406518
12,341,335.139848845191
13,341,276.83361163425
14,341,173.310128649883
15,341,265.381244139614
16,341,169.78081009643
17,341,458.923156082609
18,341,301.017072417656
1,342,405.29400592102
2,342,286.242089463916
3,342,493.735783423052
4,342,240.13793258957
5,342,365.798093469
6,342,297.776946825461
7,342,356.101145289743
8,342,216.551998718269
9,342,513.581942171336
10,342,321.273076621621
11,342,264.706015784032
12,342,223.971426393137
13,342,206.30063488569
14,342,192.253063798551
15,342,196.911771605608
16,342,301.455066341526
17,342,391.82017732361
18,342,325.306350712831
1,343,186.934621952542
2,343,304.837523269349
3,343,429.462412758372
4,343,381.802593836816
5,343,466.782420583256
6,343,330.524744159956
7,343,169.78081009643
8,343,348.862074357308
9,343,314.391657254647
10,343,196.876039476526
11,343,289.206155858499
12,343,253.7041223369
13,343,268.144057063349
14,343,334.691109307105
15,343,258.671850815906
16,343,254.934547372424
17,343,209.757926603043
18,343,311.297661666459
1,344,341.218095318302
2,344,342.938844531184
3,344,398.294317248463
4,344,169.78081009643
5,344,300.981445582938
6,344,216.07670851593
7,344,346.033099665851
8,344,304.4146269306
9,344,230.440698486551
10,344,272.461622280689
11,344,419.465446387219
12,344,261.852113530276
13,344,196.559842156172
14,344,388.759247265348
15,344,396.424604544478
16,344,257.714941037852
17,344,445.799370151336
18,344,286.789269809923
1,345,219.256406731804
2,345,277.224792203638
3,345,317.550090193012
4,345,342.170857599065
5,345,327.777207420501
6,345,402.856934231242
7,345,315.753739281328
8,345,338.402463968796
9,345,382.811675638791
10,345,286.773075296823
11,345,246.450891705176
12,345,278.834393180473
13,345,216.125506991002
14,345,302.185419209413
15,345,337.339828956113
16,345,231.650159937045
17,345,241.841624992423
18,345,228.234732708395
1,346,295.655491875339
2,346,420.859850523084
3,346,256.124905637573
4,346,256.381740648754
5,346,296.740832270255
6,346,235.707786922219
7,346,381.828903652574
8,346,277.50264261177
9,346,392.723103698595
10,346,348.614317387332
11,346,362.003162842084
12,346,208.623658968364
13,346,198.678610423047
14,346,302.865680849726
15,346,273.735652055842
16,346,275.002610937676
17,346,291.263827632036
18,346,440.052503946439
1,347,266.955015831254
2,347,257.062049018938
3,347,442.915064049057
4,347,315.197415085419
5,347,316.63406508832
6,347,218.142656631044
7,347,358.014513815208
8,347,396.31814960562
9,347,354.995076515996
10,347,225.970024786404
11,347,424.321411155754
12,347,277.780130675582
13,347,465.957554444628
14,347,334.161842878717
15,347,330.260256935382
16,347,485.680579422195
17,347,400.14756054676
18,347,333.833988257236
1,348,246.779818062041
2,348,371.483855295592
3,348,359.708140070922
4,348,263.653155231752
5,348,283.123693232908
6,348,279.308415500847
7,348,200.463731989957
8,348,351.909075108361
9,348,208.145308039741
10,348,324.640256493796
11,348,205.243138014613
12,348,376.448438462822
13,348,364.416739892086
14,348,470.023162217268
15,348,223.992928572114
16,348,376.31035499876
17,348,283.380138157021
18,348,314.610004302306
1,349,270.054900387227
2,349,330.161586707243
3,349,228.07294019264
4,349,239.934953812919
5,349,364.260296514706
6,349,169.78081009643
7,349,279.468912173166
8,349,268.107303847079
9,349,357.777679921909
10,349,331.410160359622
11,349,215.034006484311
12,349,427.677265380254
13,349,385.618952839999
14,349,423.023630128721
15,349,235.855011940143
16,349,473.700727560172
17,349,399.884619167893
18,349,395.180884537764
1,350,222.675311574681
2,350,293.685705589527
3,350,312.506626111332
4,350,214.292672013208
5,350,284.340098093409
6,350,360.474840080421
7,350,322.245217961099
8,350,316.545415003282
9,350,423.954577221563
10,350,248.66725950494
11,350,361.839283712806
12,350,386.732750378348
13,350,217.50454577002
14,350,184.298940944979
15,350,376.828259220536
16,350,280.966810447211
17,350,530.866454605538
18,350,322.536732874651
1,351,296.582025178768
2,351,196.274388063441
3,351,245.388240375823
4,351,213.764026946581
5,351,530.866454605538
6,351,218.958446860968
7,351,347.091967023423
8,351,413.271317390333
9,351,276.03342983667
10,351,309.199841338913
11,351,229.708888707015
12,351,298.135557022328
13,351,273.556484760333
14,351,248.744404053578
15,351,345.044235150552
16,351,244.00403433938
17,351,205.31889722213
18,351,364.470747584016
1,352,313.547387172042
2,352,201.482801972584
3,352,251.747680566592
4,352,366.975109995652
5,352,234.452378571763
6,352,360.247212062482
7,352,275.78850705754
8,352,211.739947702794
9,352,334.652956166827
10,352,169.78081009643
11,352,255.248351488601
12,352,292.410556251566
13,352,317.28711915579
14,352,317.755113483577
15,352,306.974219637633
16,352,417.647673235055
17,352,452.384710200879
18,352,465.430925871599
1,353,217.283680687199
2,353,245.562912613306
3,353,220.072880681504
4,353,269.774844717138
5,353,321.499284574296
6,353,312.414483511192
7,353,282.299345776656
8,353,287.539427370523
9,353,269.798508491699
10,353,242.359167624567
11,353,249.934655948796
12,353,244.22222164653
13,353,264.033410333812
14,353,212.944948526623
15,353,402.534559224269
16,353,479.069041273502
17,353,217.411598913617
18,353,404.749729604158
1,354,306.875237657913
2,354,300.509917208054
3,354,302.827625334248
4,354,333.548005626014
5,354,306.093079762378
6,354,242.343470770491
7,354,308.72935072005
8,354,369.05258773953
9,354,281.976810176232
10,354,221.907776155153
11,354,200.098187170928
12,354,347.202391224968
13,354,293.978228498671
14,354,258.585403742513
15,354,315.346243884598
16,354,252.225837593063
17,354,292.666888606942
18,354,319.986289828435
1,355,182.158418026076
2,355,235.20311994827
3,355,216.740722482918
4,355,221.215692593643
5,355,434.954526811831
6,355,397.756522076009
7,355,359.326514194241
8,355,272.909035676131
9,355,397.845655481236
10,355,222.084066924364
11,355,184.06298737301
12,355,169.78081009643
13,355,315.476968634817
14,355,301.218350017313
15,355,246.539040946476
16,355,336.145159014832
17,355,301.64911287186
18,355,277.458848524243
1,356,406.588242901939
2,356,423.250628284102
3,356,384.377751719876
4,356,345.011925222354
5,356,234.227878185452
6,356,281.129555258554
7,356,295.37191639755
8,356,309.589915894566
9,356,391.474394997566
10,356,211.662298758794
11,356,214.963081127496
12,356,294.254456394944
13,356,209.040170923288
14,356,391.359860674357
15,356,286.645710379924
16,356,169.78081009643
17,356,281.801271196285
18,356,314.263489884224
1,357,247.667320235249
2,357,219.693053704376
3,357,299.511773126591
4,357,401.658473864461
5,357,265.814981522289
6,357,390.753609679632
7,357,419.294990873513
8,357,219.78608875126
9,357,368.255076745539
10,357,290.855933512586
11,357,316.890595272966
12,357,456.854002318709
13,357,378.651842162621
14,357,265.622121299613
15,357,207.529688139909
16,357,326.032322878328
17,357,339.289136655967
18,357,400.656038446106
1,358,422.169813935871
2,358,314.571919140219
3,358,310.940904056567
4,358,332.222559657499
5,358,388.218023903909
6,358,310.929755279222
7,358,271.703400979738
8,358,231.254494026132
9,358,299.55627476091
10,358,297.464391501305
11,358,298.598046100063
12,358,271.367108573976
13,358,258.725856388688
14,358,373.681492475277
15,358,288.365051156321
16,358,435.591176886223
17,358,246.966439293594
18,358,190.970944580929
1,359,287.214105523307
2,359,372.413199475508
3,359,287.66637537571
4,359,203.642103537036
5,359,259.248818336797
6,359,295.756347738455
7,359,409.563504484631
8,359,391.986003553279
9,359,363.423432635719
10,359,334.700141158391
11,359,245.13842375292
12,359,363.426611156214
13,359,401.124972434181
14,359,357.404082825207
15,359,397.076464481644
16,359,321.403208477442
17,359,382.160247880945
18,359,419.53538184284
1,360,236.119016774097
2,360,431.4511631547
3,360,359.372912292487
4,360,354.228356119984
5,360,303.937158774471
6,360,236.87964734975
7,360,220.531606500067
8,360,321.293380548206
9,360,288.304588062213
10,360,386.489195518901
11,360,297.389172970536
12,360,272.888985921234
13,360,430.640448169369
14,360,279.972610927302
15,360,253.545502598044
16,360,351.337540897248
17,360,429.790617562908
18,360,235.62798346312
1,361,279.438849716481
2,361,274.597452895214
3,361,300.95013519703
4,361,323.518735830706
5,361,356.354847260668
6,361,384.810183900633
7,361,250.177354279338
8,361,297.55932441871
9,361,361.358677756881
10,361,258.50806047842
11,361,333.480530129089
12,361,455.636390721917
13,361,215.647057587178
14,361,355.849174096027
15,361,293.387100599126
16,361,234.243884950876
17,361,318.241338831044
18,361,295.009802559415
1,362,232.965568600431
2,362,300.009369752692
3,362,343.998121244496
4,362,284.611911361515
5,362,461.56112910502
6,362,436.042806674386
7,362,248.869948343165
8,362,416.985293268628
9,362,405.333544558949
10,362,255.213268970829
11,362,436.685432876112
12,362,447.058174386432
13,362,347.495121491511
14,362,370.628702839185
15,362,233.595823030251
16,362,469.074117810993
17,362,258.559079833746
18,362,273.586124821398
1,363,337.975916861252
2,363,306.124842842017
3,363,448.93929672969
4,363,249.860792213455
5,363,262.086062272812
6,363,318.237660319713
7,363,342.263411481898
8,363,530.866454605538
9,363,217.878803215375
10,363,391.363912883561
11,363,370.400171416218
12,363,390.03691798768
13,363,219.520803280458
14,363,326.09390348677
15,363,264.76521311754
16,363,195.219896282922
17,363,239.930049679597
18,363,231.826790765378
1,364,444.030192556477
2,364,251.509001004819
3,364,371.154657735784
4,364,345.79329110998
5,364,246.26286805494
6,364,340.16179386374
7,364,341.665590255048
8,364,225.807872728748
9,364,355.92778864767
10,364,298.17441933382
11,364,281.736341645902
12,364,240.914384144431
13,364,286.235141990935
14,364,229.542009770901
15,364,296.836974614046
16,364,289.114975983131
17,364,281.33651583899
18,364,391.074921264306
1,365,256.969599909897
2,365,289.145005475787
3,365,368.097576194864
4,365,411.221310367915
5,365,291.11980636303
6,365,303.326843096481
7,365,389.696830873769
8,365,322.630639204047
9,365,323.56959376744
10,365,280.332751973153
11,365,305.878445979
12,365,299.092123950595
13,365,343.295580618534
14,365,288.235731602285
15,365,277.147676263899
16,365,293.191431755306
17,365,267.122186136121
18,365,434.491399122068
1,366,230.939616253008
2,366,400.56189072412
3,366,297.812875999417
4,366,182.969669083928
5,366,261.634275809886
6,366,395.102749919793
7,366,218.254387723213
8,366,308.31173005007
9,366,221.716859623889
10,366,304.490049663267
11,366,382.639362291658
12,366,284.080597881622
13,366,376.501793342113
14,366,356.258668138701
15,366,400.25521090513
16,366,412.389930328403
17,366,380.483799311399
18,366,328.20151137748
1,367,303.108927045639
2,367,308.694851717769
3,367,326.048179449658
4,367,240.031203043446
5,367,258.519327004645
6,367,264.621424468457
7,367,262.949912967046
8,367,278.876461464942
9,367,294.57863207562
10,367,246.257954072711
11,367,173.732076371118
12,367,486.841248372863
13,367,244.967799739073
14,367,382.485441196968
15,367,257.06054548268
16,367,337.006286001363
17,367,288.828259348017
18,367,345.412170724738
1,368,190.738980270583
2,368,316.27031871617
3,368,287.95728168097
4,368,417.888062070874
5,368,275.531532754392
6,368,271.768723792699
7,368,191.202229412606
8,368,310.690909162586
9,368,346.882821426984
10,368,282.066743834527
11,368,259.208516573057
12,368,325.812595870874
13,368,223.422920067693
14,368,322.231251066513
15,368,381.58978756678
16,368,286.905610270326
17,368,271.753519640462
18,368,274.343798943197
1,369,335.881740384271
2,369,219.313295720536
3,369,243.436309900769
4,369,207.912986983437
5,369,279.865415650568
6,369,295.844986418661
7,369,304.862697180749
8,369,286.661884739179
9,369,191.651395808387
10,369,219.095742200589
11,369,277.905604255723
12,369,319.206333010183
13,369,312.482855672246
14,369,231.561083981037
15,369,382.449878810399
16,369,301.868196872004
17,369,274.338305769107
18,369,318.654273869503
1,370,367.112402085657
2,370,345.469111375824
3,370,271.24925750624
4,370,224.251462389241
5,370,368.016049212304
6,370,231.761487297095
7,370,252.809972228307
8,370,394.091844427628
9,370,262.759937700925
10,370,280.621891637183
11,370,334.837525699335
12,370,412.638378274213
13,370,235.213178135072
14,370,357.4892386318
15,370,296.502251736043
16,370,421.320495699554
17,370,376.830461444952
18,370,295.228354321627
1,371,248.66028175416
2,371,217.970553438179
3,371,233.746859267064
4,371,268.222669150284
5,371,222.816048817439
6,371,288.366591003986
7,371,262.214071079937
8,371,482.208044218431
9,371,389.754626415862
10,371,337.706444610312
11,371,260.772341584567
12,371,486.762291473524
13,371,279.069479572731
14,371,295.912275366694
15,371,187.019339525787
16,371,389.265643556965
17,371,294.630806027108
18,371,233.431074132312
1,372,298.009046664339
2,372,387.637645414464
3,372,304.535329503636
4,372,321.348141280728
5,372,385.999051458036
6,372,239.076111992653
7,372,281.064459462651
8,372,352.937638499654
9,372,212.914484451006
10,372,399.075164166473
11,372,229.930815836146
12,372,318.659077259753
13,372,311.676570110079
14,372,258.519413490928
15,372,314.640723462566
16,372,284.976916486484
17,372,370.79222582252
18,372,215.504228001943
1,373,408.907483013698
2,373,280.82297303397
3,373,249.442460610229
4,373,230.763650197658
5,373,387.885992273013
6,373,205.640040706046
7,373,308.719268508738
8,373,258.402067933176
9,373,247.831677583685
10,373,287.16009493471
11,373,302.851383927949
12,373,273.025329194511
13,373,249.086427701898
14,373,356.266827688839
15,373,350.449686771107
16,373,445.2267579276
17,373,234.950976254624
18,373,233.850178793502
1,374,245.043068431521
2,374,226.090682110676
3,374,482.91748724203
4,374,169.78081009643
5,374,212.055906305132
6,374,248.383607980533
7,374,281.722397997531
8,374,288.052511982636
9,374,381.814026575175
10,374,407.236242806758
11,374,231.9640121066
12,374,315.307506997454
13,374,198.326312392178
14,374,370.574474674719
15,374,241.559486820385
16,374,332.554446131495
17,374,234.597222745899
18,374,299.792571926884
1,375,298.031008988005
2,375,230.215153968394
3,375,327.338552566895
4,375,530.866454605538
5,375,300.044381175325
6,375,269.920435558246
7,375,263.523552772067
8,375,273.58991391904
9,375,311.035394835165
10,375,241.707939497316
11,375,431.713254106339
12,375,345.496690046645
13,375,373.449724355445
14,375,417.515844544412
15,375,229.292115723374
16,375,237.920434645859
17,375,323.311010381311
18,375,265.787166240452
1,376,337.942319825449
2,376,293.562488313098
3,376,354.277148011311
4,376,202.254634269531
5,376,354.003559605202
6,376,190.897597616869
7,376,297.24421293987
8,376,334.628586773179
9,376,246.254499373477
10,376,429.528190594527
11,376,314.775426527629
12,376,202.122970591927
13,376,435.950642622678
14,376,321.908666641151
15,376,279.239228271977
16,376,355.917356215686
17,376,220.524892668539
18,376,298.688652854551
1,377,319.773599488249
2,377,169.78081009643
3,377,270.321764782977
4,377,252.554513779
5,377,325.433429931104
6,377,391.026849063673
7,377,309.445170203929
8,377,245.818635643318
9,377,293.062938862259
10,377,233.730985551796
11,377,233.828744011842
12,377,169.78081009643
13,377,280.269657150879
14,377,344.277283265323
15,377,318.869190908971
16,377,231.56856651358
17,377,266.525500599333
18,377,392.68864055663
1,378,357.156175872023
2,378,340.271123939969
3,378,276.210600327133
4,378,294.778665381829
5,378,227.912526971333
6,378,301.39720698892
7,378,329.324830809069
8,378,302.56018234822
9,378,314.510277892041
10,378,169.78081009643
11,378,320.031342188619
12,378,275.8022368846
13,378,219.921502009161
14,378,277.534350149632
15,378,312.633275832528
16,378,236.855337201331
17,378,300.114697691473
18,378,224.372952086061
1,379,229.718769499044
2,379,463.427615293202
3,379,360.173942939063
4,379,203.619240761434
5,379,281.857973241572
6,379,308.210265179604
7,379,277.12903034918
8,379,389.326277648598
9,379,516.1558793064
10,379,259.478544428037
11,379,366.396331756964
12,379,391.510278755375
13,379,329.450695356329
14,379,334.6163513325
15,379,401.881930439092
16,379,307.447649392786
17,379,184.854665287082
18,379,332.748294599161
1,380,218.527173035755
2,380,257.40191086588
3,380,281.730310431896
4,380,178.521458548747
5,380,285.574548345152
6,380,370.178310920562
7,380,256.739313163466
8,380,208.252177844293
9,380,277.500997544944
10,380,259.827803999122
11,380,321.930677680269
12,380,256.816887434852
13,380,251.903887177115
14,380,325.604120584682
15,380,336.690313390087
16,380,394.053108008081
17,380,386.523124464612
18,380,254.708678074731
1,381,371.840705408199
2,381,216.577862558074
3,381,310.375528424719
4,381,184.452018808766
5,381,329.335124933546
6,381,230.178332226307
7,381,293.274214875048
8,381,319.069205927433
9,381,207.578060552814
10,381,371.139313789437
11,381,389.446919970137
12,381,319.326666130355
13,381,221.33014771841
14,381,208.343779331272
15,381,207.394202039023
16,381,267.958422549531
17,381,290.943280194611
18,381,325.243925908918
1,382,362.069160295454
2,382,263.313201036291
3,382,389.881702487375
4,382,272.97619186589
5,382,207.53345757406
6,382,354.92594449875
7,382,341.715764075563
8,382,307.225500316297
9,382,336.311435097446
10,382,422.241947842939
11,382,275.612340062802
12,382,381.369202239971
13,382,261.255303051452
14,382,417.633123970857
15,382,286.822846410413
16,382,282.189087682882
17,382,346.994851386669
18,382,345.907225856858
1,383,423.365130871336
2,383,334.586666120491
3,383,381.168241596177
4,383,352.399421139246
5,383,265.781994811871
6,383,405.90566120132
7,383,236.122169241313
8,383,382.420894520867
9,383,240.3402422363
10,383,378.509042051562
11,383,290.573012969643
12,383,301.11796782664
13,383,476.789801436988
14,383,248.330450933092
15,383,384.8461511988
16,383,253.257050511415
17,383,300.377383858477
18,383,289.773622325794
1,384,477.942477322805
2,384,406.388560890658
3,384,304.071919398364
4,384,308.443245229384
5,384,304.539330542691
6,384,213.78394837068
7,384,198.51544375852
8,384,285.328875711777
9,384,284.077842885806
10,384,250.368821434991
11,384,240.506273973503
12,384,294.781560217934
13,384,460.029927342641
14,384,274.220153294062
15,384,392.369271985694
16,384,281.261583515127
17,384,321.824884900353
18,384,505.642719893516
1,385,320.690078601906
2,385,255.151946376658
3,385,197.437896201461
4,385,263.657614557377
5,385,380.249366410485
6,385,266.722014703113
7,385,363.797098402202
8,385,281.669866118163
9,385,212.537114167931
10,385,188.572600934791
11,385,233.730572237408
12,385,299.104782613744
13,385,264.702634317153
14,385,246.708050344955
15,385,305.124846403394
16,385,229.100025585556
17,385,377.556623895822
18,385,258.295327823637
1,386,286.229085736038
2,386,239.848319092496
3,386,340.936433891946
4,386,326.956339259529
5,386,268.048452159241
6,386,185.254540699389
7,386,310.369153699805
8,386,331.02540830412
9,386,336.291624284957
10,386,385.035494344987
11,386,244.770540533808
12,386,249.648052986405
13,386,218.983897655096
14,386,367.53597135051
15,386,267.098804916855
16,386,246.082312832818
17,386,295.246769294185
18,386,285.064199210689
1,387,255.960965997273
2,387,480.851937463945
3,387,249.519415410402
4,387,393.708993021685
5,387,345.29966094722
6,387,463.676804599567
7,387,306.62457324317
8,387,299.221706557607
9,387,257.151474021392
10,387,223.127248591104
11,387,277.520415316737
12,387,258.592570008328
13,387,263.472053627799
14,387,326.801383218597
15,387,267.903392637823
16,387,169.78081009643
17,387,283.821863898776
18,387,312.503520971791
1,388,293.497689341864
2,388,313.47241525949
3,388,267.697328344049
4,388,376.079913012587
5,388,275.023279931636
6,388,267.153030471053
7,388,373.570103574148
8,388,398.642657389263
9,388,269.744631153395
10,388,289.543712588751
11,388,251.361264639334
12,388,308.114033187151
13,388,455.559982694079
14,388,369.204439203636
15,388,349.137607785023
16,388,334.314338679569
17,388,283.642425545099
18,388,199.387803275258
1,389,357.996188333539
2,389,309.237444638678
3,389,263.293975208613
4,389,410.25641670146
5,389,366.474521203544
6,389,400.305289865821
7,389,357.857190867233
8,389,248.21520393919
9,389,280.678350078824
10,389,187.917981937374
11,389,284.358174604826
12,389,194.049668722616
13,389,306.799778680861
14,389,309.947905492715
15,389,257.020704901702
16,389,296.890426211104
17,389,201.717882884611
18,389,327.304319414517
1,390,473.429049362967
2,390,345.453983053139
3,390,454.331482715585
4,390,288.127598081967
5,390,279.462466058921
6,390,394.29045348612
7,390,337.470834609309
8,390,362.536842226151
9,390,288.939308645106
10,390,295.141170520211
11,390,317.224131809088
12,390,301.735904366382
13,390,361.695084929425
14,390,273.096614200277
15,390,238.887431886347
16,390,427.335905176284
17,390,249.679834371774
18,390,320.177749782743
1,391,190.192115329733
2,391,255.442533577071
3,391,530.866454605538
4,391,305.260330270955
5,391,363.892732124861
6,391,340.571853704725
7,391,211.650159019381
8,391,367.697474468852
9,391,233.082528662791
10,391,354.874391019921
11,391,222.921469258286
12,391,296.29292551781
13,391,339.510590639506
14,391,275.881409924298
15,391,288.277360199957
16,391,343.041169632817
17,391,355.505647933718
18,391,431.321130218049
1,392,530.866454605538
2,392,290.52075374907
3,392,412.067899512391
4,392,353.138702279343
5,392,303.67181664098
6,392,294.768929053867
7,392,234.504129907787
8,392,379.620179897089
9,392,383.876542471063
10,392,264.370039818357
11,392,223.157303924628
12,392,300.767386642642
13,392,391.393761206601
14,392,455.249460635593
15,392,260.896289535989
16,392,289.997159326011
17,392,452.231441680052
18,392,270.789105786974
1,393,233.728164509354
2,393,324.903114295879
3,393,530.866454605538
4,393,248.815621673583
5,393,266.226074814279
6,393,291.144588391222
7,393,302.873205856677
8,393,271.716750892915
9,393,335.266630113969
10,393,254.676801557339
11,393,288.982013586509
12,393,351.712246911884
13,393,308.266571648753
14,393,352.894846586185
15,393,213.146149388255
16,393,244.152273548075
17,393,287.574236546377
18,393,203.85932044934
1,394,312.678630234538
2,394,373.279255126003
3,394,289.219663088889
4,394,200.627759366059
5,394,281.157436860211
6,394,217.875374962287
7,394,279.973084276183
8,394,212.622597922101
9,394,181.990296072379
10,394,367.022479019523
11,394,317.965217484746
12,394,225.169694336278
13,394,212.042800790758
14,394,221.699076074796
15,394,262.142772176807
16,394,399.476185391104
17,394,327.33292351529
18,394,236.742493685115
1,395,378.403821577482
2,395,213.113043759913
3,395,448.321956530083
4,395,280.982737136838
5,395,422.475375213027
6,395,233.359956394271
7,395,296.373999742571
8,395,263.829716063092
9,395,324.279646421296
10,395,236.001678331539
11,395,221.887786874781
12,395,237.184814101212
13,395,458.039315610582
14,395,316.460744516515
15,395,383.089871570825
16,395,248.207448201485
17,395,290.617793734403
18,395,291.978714958733
1,396,279.272515665209
2,396,288.699416186066
3,396,320.760399479646
4,396,246.400550924452
5,396,359.844888620222
6,396,461.305007575586
7,396,294.225709949314
8,396,338.65780107007
9,396,314.192074211917
10,396,295.914000507523
11,396,332.801318629214
12,396,294.447184795159
13,396,241.843728680939
14,396,292.203282509842
15,396,400.985630610041
16,396,342.790206262437
17,396,328.591749927841
18,396,290.442962887621
1,397,341.3785902582
2,397,182.570891105321
3,397,293.63834558455
4,397,207.688673495094
5,397,270.625457117419
6,397,212.648398595214
7,397,405.927265336046
8,397,252.671299374881
9,397,265.223619765447
10,397,402.772028621794
11,397,363.611443398338
12,397,274.781534497939
13,397,183.001761082518
14,397,365.711215051187
15,397,272.739473566697
16,397,251.620152090808
17,397,261.991270795653
18,397,227.623481387864
1,398,211.692138552553
2,398,233.616342543332
3,398,388.189072712564
4,398,231.752781550732
5,398,276.029883608418
6,398,339.031499769162
7,398,332.620045465107
8,398,186.16990101665
9,398,425.490083744085
10,398,311.724660987167
11,398,380.417918055664
12,398,237.899105208703
13,398,267.834577638862
14,398,279.729052615569
15,398,349.687538890168
16,398,222.086987212443
17,398,265.833297238907
18,398,347.409382435247
1,399,389.231517520597
2,399,239.752001184272
3,399,420.405118232887
4,399,289.125106791226
5,399,284.962398819424
6,399,351.481788297763
7,399,369.197859815411
8,399,248.44305602455
9,399,368.162863626379
10,399,237.227165040338
11,399,365.849344812915
12,399,262.552775884762
13,399,246.729287494563
14,399,385.926590030405
15,399,334.610599153285
16,399,222.254694001613
17,399,368.667304217355
18,399,279.831271396993
1,400,342.665271356328
2,400,333.5473725871
3,400,236.023111375168
4,400,290.373879188112
5,400,296.875981881167
6,400,268.750404940835
7,400,184.136159658566
8,400,264.00420846157
9,400,336.23625329745
10,400,377.333609192114
11,400,394.067243176233
12,400,354.950019109054
13,400,284.325740327989
14,400,274.56966367702
15,400,259.368833254087
16,400,374.841880886635
17,400,257.945273295816
18,400,313.662588685098
1,401,373.886244185567
2,401,325.714572977534
3,401,312.391432941311
4,401,269.683344491673
5,401,225.072987991413
6,401,279.200513704382
7,401,242.61725626028
8,401,308.828455765532
9,401,300.857506987271
10,401,275.18451615023
11,401,343.62219510991
12,401,424.75844878456
13,401,302.611392863925
14,401,340.397496923392
15,401,232.833638179951
16,401,291.418813360414
17,401,300.817297216888
18,401,333.649711175927
1,402,327.733913647619
2,402,311.423523821763
3,402,328.282286773088
4,402,240.844135884636
5,402,312.707651375864
6,402,201.251492384465
7,402,372.24016805956
8,402,352.40244576336
9,402,295.006040529568
10,402,449.467165521821
11,402,261.421416951175
12,402,406.403963465172
13,402,353.865271741741
14,402,507.579117987784
15,402,406.077041658357
16,402,359.076630756652
17,402,343.857193961125
18,402,339.816874994084
1,403,368.067497946463
2,403,359.238452851112
3,403,399.376414438527
4,403,288.580301674815
5,403,458.504651073678
6,403,296.717491952673
7,403,217.574482674322
8,403,406.684392589896
9,403,211.506273594191
10,403,301.353801057793
11,403,243.080313877741
12,403,409.887460523956
13,403,350.798462221345
14,403,253.039294010767
15,403,386.589702484549
16,403,314.760129342567
17,403,353.57896372075
18,403,372.385538393692
1,404,264.03828503869
2,404,318.555570637091
3,404,169.78081009643
4,404,274.205814814733
5,404,366.538641374019
6,404,382.1877584459
7,404,344.840992128405
8,404,316.974691640618
9,404,357.957698438828
10,404,238.438430811823
11,404,253.546775177781
12,404,239.330783113179
13,404,325.146910573407
14,404,303.145101107052
15,404,328.475279251751
16,404,328.235320163534
17,404,395.610010141569
18,404,455.392961777627
1,405,217.39841080674
2,405,331.742525674194
3,405,257.656483942037
4,405,420.269053793395
5,405,353.71245187983
6,405,398.529191105748
7,405,221.270071639355
8,405,304.582578780152
9,405,441.361975347698
10,405,242.078274400132
11,405,234.584379602988
12,405,288.369972573274
13,405,253.925985872908
14,405,365.376155119197
15,405,269.533963598389
16,405,283.845746773139
17,405,215.31520461675
18,405,325.308979053513
1,406,351.566384495691
2,406,218.743430783057
3,406,424.240158509534
4,406,238.394605687277
5,406,333.435660122687
6,406,311.401100842378
7,406,241.551697017814
8,406,261.170983094585
9,406,375.772678120576
10,406,293.83765992477
11,406,287.041528228854
12,406,373.921024395684
13,406,327.424921069801
14,406,281.955632588847
15,406,312.679548736676
16,406,216.200363947554
17,406,318.055315178604
18,406,507.705200519868
1,407,282.822631001552
2,407,260.789037777399
3,407,416.626520094533
4,407,365.487021903154
5,407,421.03154277401
6,407,344.661961335419
7,407,329.731747833608
8,407,352.813367172558
9,407,242.638794619755
10,407,318.689859353992
11,407,332.189385931796
12,407,469.356511709602
13,407,367.498956515576
14,407,443.919150012023
15,407,302.844236758676
16,407,243.499152498806
17,407,245.105456984281
18,407,218.462203529399
1,408,193.191720186667
2,408,272.488026947924
3,408,265.72562410025
4,408,420.921197781337
5,408,201.319487598546
6,408,310.293833454549
7,408,269.152993930453
8,408,350.122077350143
9,408,360.076273200637
10,408,243.586854958509
11,408,286.519750719
12,408,283.343805419996
13,408,231.366858480007
14,408,307.211478575785
15,408,273.313901250104
16,408,255.071428024212
17,408,233.314996723421
18,408,302.807032214144
1,409,304.326689560067
2,409,255.415407484537
3,409,439.981788401313
4,409,225.345692141654
5,409,285.178906117788
6,409,250.320744112124
7,409,367.400878130145
8,409,391.270465472574
9,409,169.78081009643
10,409,259.402583771797
11,409,188.237905508881
12,409,465.966563572979
13,409,308.816611360278
14,409,332.070967437391
15,409,299.776163798145
16,409,204.729045562494
17,409,203.357087840489
18,409,369.668533051549
1,410,325.947092454878
2,410,250.164312452191
3,410,211.189897335914
4,410,353.116898301763
5,410,239.722200156366
6,410,277.705484924584
7,410,361.421246320396
8,410,241.014350599066
9,410,216.605943731855
10,410,476.93158674404
11,410,263.040353924979
12,410,460.985356305815
13,410,266.670843335075
14,410,331.13245340878
15,410,338.928447590432
16,410,224.463448072244
17,410,249.723254281631
18,410,469.334052632961
1,411,296.859519790437
2,411,386.069718810564
3,411,200.670711927273
4,411,374.326344031619
5,411,277.433696599846
6,411,286.101168725522
7,411,262.119534821295
8,411,293.35667599972
9,411,312.770248047359
10,411,196.163423554595
11,411,245.851273830268
12,411,333.116528910995
13,411,289.874173186279
14,411,306.208504368791
15,411,277.70406262057
16,411,401.109775275346
17,411,298.711112404386
18,411,292.882226070114
1,412,352.920822315103
2,412,520.860448561001
3,412,340.696395416015
4,412,395.451323426147
5,412,244.419455353231
6,412,303.951909577819
7,412,264.930441684727
8,412,370.859970352466
9,412,309.185813470003
10,412,348.828564145762
11,412,530.866454605538
12,412,254.563915917621
13,412,341.408602579642
14,412,232.674911893926
15,412,250.107728533115
16,412,390.432838517636
17,412,292.605913242072
18,412,325.233667547697
1,413,250.985530192674
2,413,289.301894277844
3,413,235.007317420694
4,413,344.749063981411
5,413,239.172010699593
6,413,276.336481236589
7,413,268.932627611173
8,413,310.011516690379
9,413,270.79018500785
10,413,218.137340864905
11,413,319.538614719855
12,413,359.202442126903
13,413,447.572027868695
14,413,209.959260210073
15,413,421.727916817081
16,413,232.947049916285
17,413,285.352446105463
18,413,222.627196922197
1,414,432.437961512789
2,414,308.844788668528
3,414,295.493083178244
4,414,331.909993630132
5,414,530.866454605538
6,414,254.653088835603
7,414,332.795433393665
8,414,305.675450867098
9,414,311.199415465505
10,414,391.201339472963
11,414,313.612470283538
12,414,292.920861636456
13,414,322.30146807755
14,414,251.142960805807
15,414,470.314505404663
16,414,468.578041597874
17,414,246.154938928028
18,414,188.930186230694
1,415,479.13630732756
2,415,336.404845066901
3,415,212.325105694919
4,415,245.301012899024
5,415,232.639795133662
6,415,308.230770815142
7,415,279.295018465367
8,415,416.620055400829
9,415,468.792774546171
10,415,372.200023524012
11,415,297.035950319436
12,415,391.45122155375
13,415,249.090187463031
14,415,255.07158027835
15,415,300.340025567162
16,415,285.442224381061
17,415,247.423204400342
18,415,326.672944244122
1,416,256.606438614489
2,416,393.026263718784
3,416,274.200722269724
4,416,273.561499092962
5,416,293.979517269972
6,416,415.322319628456
7,416,346.225115522969
8,416,326.119182132694
9,416,382.765256514373
10,416,229.574644611778
11,416,394.218060273621
12,416,299.201831678208
13,416,210.43307193565
14,416,258.904279037082
15,416,273.248739947528
16,416,431.504064123876
17,416,183.99764777913
18,416,274.492341901013
1,417,236.313354876268
2,417,318.726017714903
3,417,299.886746794637
4,417,385.606207861979
5,417,379.621609554239
6,417,354.855442376477
7,417,461.354369482538
8,417,229.718132127073
9,417,264.974250539315
10,417,377.195794329552
11,417,259.224099052257
12,417,220.577001928113
13,417,324.99799633567
14,417,363.716450644049
15,417,263.42909543513
16,417,169.78081009643
17,417,228.869715190751
18,417,220.243977218718
1,418,255.844689384284
2,418,271.580719944884
3,418,379.932006340174
4,418,211.480320576941
5,418,257.474432910187
6,418,249.621719680297
7,418,422.136390758081
8,418,207.995282547882
9,418,205.28388349453
10,418,384.110578105524
11,418,301.048801918757
12,418,259.259998764008
13,418,250.67953440533
14,418,169.78081009643
15,418,318.852467702118
16,418,288.468317550724
17,418,390.148798760211
18,418,266.0319424862
1,419,381.281233750902
2,419,317.405086321367
3,419,357.30448107867
4,419,193.204159211253
5,419,379.682633664274
6,419,360.954459258507
7,419,410.482197829781
8,419,294.560140553801
9,419,229.542835298745
10,419,288.469594511854
11,419,358.49217934638
12,419,369.681776401468
13,419,412.08754522569
14,419,293.804257626385
15,419,437.714023863647
16,419,246.63932667209
17,419,169.78081009643
18,419,315.591670531259
1,420,296.011723640792
2,420,217.667388201416
3,420,308.71337017781
4,420,221.280736182648
5,420,243.844922985687
6,420,419.098028188341
7,420,169.78081009643
8,420,322.630837061034
9,420,267.275283706671
10,420,256.779781762239
11,420,308.169729914444
12,420,265.606475779634
13,420,262.328952478116
14,420,213.315237033139
15,420,439.907466056191
16,420,371.821226729568
17,420,219.54553469467
18,420,276.715983667861
1,421,350.302862650051
2,421,260.463265071164
3,421,301.831925323767
4,421,307.160714063139
5,421,443.2613319744
6,421,246.843920509829
7,421,359.556374891933
8,421,258.574240574475
9,421,279.217647702393
10,421,294.986627238962
11,421,322.031278218113
12,421,306.410517078089
13,421,265.68875176214
14,421,297.649512862287
15,421,317.457300571638
16,421,330.402000676485
17,421,215.693747105237
18,421,283.006220811528
1,422,462.019953847812
2,422,260.158406612924
3,422,302.354213280511
4,422,380.052120751573
5,422,222.1499151116
6,422,216.867259326758
7,422,396.465333371616
8,422,347.673715675685
9,422,228.430043306288
10,422,427.14323748296
11,422,381.180088750514
12,422,456.22689528691
13,422,222.705340071553
14,422,384.311156278663
15,422,305.755591948981
16,422,187.819136415476
17,422,243.256889238634
18,422,357.10457280675
1,423,359.57338186825
2,423,208.855446310624
3,423,299.486778202524
4,423,190.04272404954
5,423,370.016071638378
6,423,336.41179529132
7,423,455.955613308129
8,423,280.199557777545
9,423,337.009465730797
10,423,252.659854426031
11,423,235.302354223792
12,423,378.670693160248
13,423,373.441021588383
14,423,323.480237587229
15,423,333.508308341816
16,423,322.404462401602
17,423,329.689895435459
18,423,312.587156403606
1,424,216.857751132417
2,424,183.829574072541
3,424,216.923840424066
4,424,403.870624365375
5,424,227.607019451918
6,424,345.306569685022
7,424,362.289538348283
8,424,312.173733233092
9,424,322.940994954707
10,424,349.548529785895
11,424,438.179051883155
12,424,298.426458030942
13,424,277.038019335638
14,424,256.719689949691
15,424,374.786441971893
16,424,306.090513417022
17,424,388.644815591136
18,424,215.193419009115
1,425,267.344898587046
2,425,280.958659245216
3,425,337.466535511943
4,425,349.847510298209
5,425,283.384433721113
6,425,315.433299331215
7,425,225.544821057972
8,425,488.647047455183
9,425,280.429086927404
10,425,291.547569447838
11,425,274.077031101541
12,425,234.702905642166
13,425,368.550597980962
14,425,192.250866376951
15,425,276.36569711089
16,425,307.738898650084
17,425,209.13724016668
18,425,386.815176135808
1,426,265.639972270299
2,426,350.322046029546
3,426,192.192564656135
4,426,279.075682490766
5,426,303.509319993049
6,426,215.219977532399
7,426,373.093462560432
8,426,318.952828006203
9,426,291.799490288487
10,426,311.752091778564
11,426,294.692316003118
12,426,351.229164228057
13,426,312.041936565716
14,426,433.492763909519
15,426,269.898643041042
16,426,369.032691612802
17,426,308.94518422961
18,426,504.163231489421
1,427,300.572897168508
2,427,308.000191978029
3,427,274.114163394524
4,427,180.052360500365
5,427,185.051833084003
6,427,288.885018193138
7,427,305.313617763845
8,427,252.57629994397
9,427,346.61186947304
10,427,415.312668417928
11,427,452.220881280114
12,427,176.053637311824
13,427,363.311742793673
14,427,375.558438440499
15,427,353.159436282695
16,427,392.418899779261
17,427,288.090753213612
18,427,278.442706167109
1,428,382.232162854842
2,428,253.412996695538
3,428,370.691748546682
4,428,245.847266616392
5,428,258.965764107867
6,428,252.016735029428
7,428,369.791013821913
8,428,294.265700573405
9,428,340.15930073355
10,428,530.866454605538
11,428,234.645892644117
12,428,411.841118658876
13,428,347.291090928582
14,428,299.68526019544
15,428,224.243203624184
16,428,530.866454605538
17,428,199.74585341601
18,428,248.06131755297
1,429,392.234701625265
2,429,204.879274771173
3,429,332.18047740293
4,429,204.249506156748
5,429,333.224623567036
6,429,505.990096448154
7,429,313.26748544336
8,429,335.498077495995
9,429,356.04958622962
10,429,246.192354095639
11,429,236.569517992633
12,429,262.4974621537
13,429,325.525073730522
14,429,230.245844153471
15,429,293.136844349413
16,429,362.409795776551
17,429,261.431784621877
18,429,294.485135722653
1,430,311.482881543019
2,430,202.056808468635
3,430,286.808683892047
4,430,222.958776784636
5,430,280.731388278447
6,430,337.532309718465
7,430,347.561313107988
8,430,240.674319795477
9,430,223.01666663124
10,430,459.297551148404
11,430,187.553384704965
12,430,228.154591820483
13,430,275.964539899359
14,430,293.35206417689
15,430,256.348124595607
16,430,215.081556413133
17,430,291.849215483765
18,430,218.709578108312
1,431,264.628172561576
2,431,330.762555212661
3,431,383.239636008089
4,431,389.882032207849
5,431,372.240591751181
6,431,279.287923901686
7,431,195.085632574273
8,431,204.482688910317
9,431,352.507951954279
10,431,171.552922518442
11,431,357.358214945318
12,431,300.023285750977
13,431,474.795144478536
14,431,297.797902541097
15,431,177.593324874858
16,431,364.591794837085
17,431,389.248519190605
18,431,270.312257904044
1,432,277.968119326584
2,432,329.2742578289
3,432,317.634899917739
4,432,297.531253032441
5,432,302.592665996322
6,432,482.799660956649
7,432,389.646945034176
8,432,490.401485327209
9,432,270.702414969257
10,432,270.217587262155
11,432,276.940932685295
12,432,355.596980977337
13,432,459.999013213616
14,432,330.773969097276
15,432,276.426188990272
16,432,321.726255658691
17,432,275.2310309944
18,432,285.090712071938
1,433,236.056742327309
2,433,309.064693003571
3,433,269.679829715527
4,433,233.38787627196
5,433,299.410425057302
6,433,335.506116276163
7,433,287.349826244406
8,433,280.797591710057
9,433,282.003911984165
10,433,379.352719963237
11,433,355.922750936145
12,433,296.668078667704
13,433,239.566372941701
14,433,302.349250964484
15,433,219.55536300935
16,433,389.508956425459
17,433,326.563896648967
18,433,428.200627592744
1,434,388.955443071325
2,434,333.711213873984
3,434,266.747647484633
4,434,290.187599340865
5,434,223.709556135183
6,434,284.471652014203
7,434,395.800575213203
8,434,310.9667442212
9,434,310.486767056774
10,434,268.743894165607
11,434,411.597930487377
12,434,339.222564975669
13,434,242.964998522617
14,434,320.188134308419
15,434,390.496223356572
16,434,280.305442717007
17,434,301.492620544384
18,434,274.469472314292
1,435,407.722623345959
2,435,307.284361328726
3,435,530.866454605538
4,435,184.900300111939
5,435,295.26325941978
6,435,370.484280136695
7,435,280.489491453599
8,435,492.695340192357
9,435,297.763309550829
10,435,232.371955884662
11,435,268.387439079538
12,435,282.652991845699
13,435,306.369201708825
14,435,310.47948677699
15,435,428.287716669449
16,435,252.835789759994
17,435,266.919411918211
18,435,297.780418167562
1,436,225.779220302037
2,436,314.013830186061
3,436,319.709992587274
4,436,223.181197224612
5,436,220.675003555321
6,436,293.59591422926
7,436,253.210416853488
8,436,355.590554495211
9,436,260.403972746386
10,436,292.932814538252
11,436,332.340692383401
12,436,247.706108781336
13,436,373.240227387409
14,436,321.500903304272
15,436,515.768089070943
16,436,276.501028949946
17,436,185.16708021623
18,436,396.632989195027
1,437,299.278054730017
2,437,440.567919720791
3,437,236.227164158031
4,437,530.866454605538
5,437,420.834774861112
6,437,284.229913584847
7,437,391.27253253269
8,437,292.945552127554
9,437,483.290808132662
10,437,258.423732548946
11,437,311.129097577295
12,437,232.499526472599
13,437,292.079773377834
14,437,239.808014936802
15,437,454.975858677847
16,437,276.093514988758
17,437,258.303368224441
18,437,392.140086703438
1,438,196.254883867067
2,438,385.558735987567
3,438,251.294909765401
4,438,312.71797585985
5,438,215.890688145264
6,438,347.009196134019
7,438,377.494455786994
8,438,324.804767502208
9,438,254.151804440315
10,438,344.618764692267
11,438,282.402332709066
12,438,312.127298565171
13,438,268.706900297195
14,438,530.866454605538
15,438,194.80203114731
16,438,347.987091642917
17,438,474.509315047156
18,438,243.248234645422
1,439,197.430513967143
2,439,222.175149855326
3,439,306.814235362838
4,439,420.910374526551
5,439,352.036343581208
6,439,310.765429933049
7,439,233.652164774162
8,439,248.780544827366
9,439,303.532411358114
10,439,303.528152633315
11,439,287.531789401392
12,439,190.875614739334
13,439,317.346227769602
14,439,282.137596106064
15,439,203.386850610798
16,439,195.938298296556
17,439,310.712800143963
18,439,239.974539740396
1,440,191.564313335726
2,440,291.633507060089
3,440,336.40634839423
4,440,383.132798590112
5,440,234.726334161044
6,440,296.063789230351
7,440,392.60533388149
8,440,208.129076214536
9,440,393.774829288441
10,440,464.444623421163
11,440,249.678821228844
12,440,288.937579000624
13,440,169.78081009643
14,440,184.647779306245
15,440,409.324278656429
16,440,169.78081009643
17,440,305.739183712181
18,440,229.925672519564
1,441,282.161164998489
2,441,257.001895478463
3,441,285.059555541869
4,441,287.976407928788
5,441,331.733694013792
6,441,277.973427759294
7,441,389.856056067309
8,441,231.257170208606
9,441,294.985297440325
10,441,179.408426797422
11,441,336.149655910133
12,441,309.441317669433
13,441,361.902866109452
14,441,212.995189190305
15,441,261.73953440146
16,441,222.728004006496
17,441,292.904698770742
18,441,244.563223168823
1,442,277.539423733067
2,442,391.318640791565
3,442,466.869902873062
4,442,186.970275730064
5,442,214.865162479357
6,442,396.955570402932
7,442,304.165257622062
8,442,234.912418508667
9,442,353.377336044223
10,442,225.201121096214
11,442,288.283072917081
12,442,326.527687689868
13,442,361.672568603643
14,442,351.818604288133
15,442,340.905714715594
16,442,329.717767682914
17,442,377.810860402917
18,442,274.185994259409
1,443,229.189637798724
2,443,329.922884444611
3,443,326.842742249113
4,443,379.483281951868
5,443,234.125846998163
6,443,325.107628265247
7,443,267.807654147016
8,443,349.927797922103
9,443,393.556342925323
10,443,366.526071851595
11,443,233.093104690955
12,443,241.808174665465
13,443,257.414664420734
14,443,332.161744176646
15,443,251.251382972453
16,443,314.177981563824
17,443,390.722991912411
18,443,340.587588516822
1,444,404.041240780987
2,444,305.02341862947
3,444,318.283759033924
4,444,235.275549924525
5,444,347.893171298071
6,444,195.995780024463
7,444,214.971494522438
8,444,326.103565012883
9,444,238.901139674389
10,444,326.763708046163
11,444,218.061109714004
12,444,300.497778230308
13,444,198.151899247357
14,444,334.921768946916
15,444,194.935336084144
16,444,318.510849119632
17,444,299.322487500593
18,444,374.263069734051
1,445,530.5213754383
2,445,193.329323121843
3,445,273.524613063919
4,445,254.348647037655
5,445,253.136008779983
6,445,218.442245484756
7,445,335.755059049504
8,445,315.181206153114
9,445,337.929201669372
10,445,462.737048304322
11,445,197.625295904604
12,445,320.108270620313
13,445,279.71683462538
14,445,272.331503809739
15,445,252.32435924862
16,445,284.886916097814
17,445,374.671843024061
18,445,244.635704997301
1,446,276.942376017628
2,446,330.651157631751
3,446,333.184671508938
4,446,456.100120651798
5,446,277.626802188168
6,446,286.063737485858
7,446,193.858456025247
8,446,410.329387582999
9,446,356.42150036193
10,446,379.739779936181
11,446,234.339463890661
12,446,431.929896618523
13,446,252.377710224963
14,446,430.316236132062
15,446,295.753256473074
16,446,343.453228288992
17,446,309.466824195238
18,446,243.429053158656
1,447,287.156268357778
2,447,262.590366917102
3,447,233.13388667752
4,447,288.470193007226
5,447,240.806316550058
6,447,297.211288216525
7,447,312.162339261584
8,447,355.285594804747
9,447,242.986115237901
10,447,351.553082146861
11,447,298.904709476908
12,447,273.613101040181
13,447,391.467613010808
14,447,317.002870762046
15,447,246.631125117721
16,447,219.582893187146
17,447,324.318640455664
18,447,248.463184622305
1,448,462.7457208089
2,448,340.708028035231
3,448,169.78081009643
4,448,233.034089836665
5,448,220.76181487668
6,448,233.367970740009
7,448,200.256493458397
8,448,338.759533154591
9,448,327.127193524823
10,448,330.983368197167
11,448,391.997365758924
12,448,296.020707729379
13,448,423.102707262555
14,448,227.156330132134
15,448,252.873718397936
16,448,247.26694518596
17,448,272.439109974408
18,448,239.831095045549
1,449,348.926731201387
2,449,289.440588213397
3,449,390.814027045916
4,449,206.265690823288
5,449,205.99841663571
6,449,253.256456097004
7,449,241.613001065401
8,449,206.518604716176
9,449,328.360989618618
10,449,351.194508569954
11,449,410.966268655807
12,449,338.012935613582
13,449,331.471981145383
14,449,409.548492041114
15,449,271.697916405966
16,449,307.947827699111
17,449,320.255677259867
18,449,530.608543216162
1,450,331.36559017716
2,450,246.814261892872
3,450,334.355250578852
4,450,226.164211985456
5,450,227.863976794624
6,450,400.373901029429
7,450,224.697280769659
8,450,204.249787220275
9,450,266.4103573639
10,450,256.125375938244
11,450,322.116162271041
12,450,281.708496683572
13,450,530.866454605538
14,450,412.461590272154
15,450,184.109636038467
16,450,322.594036294058
17,450,270.241261594108
18,450,360.301355158475
1,451,233.395688294322
2,451,263.217410943787
3,451,303.719248298651
4,451,329.729584333695
5,451,199.927852496283
6,451,271.468336210653
7,451,182.103656447736
8,451,340.367411731301
9,451,254.107675675581
10,451,417.198496324567
11,451,397.58827340887
12,451,247.040307162057
13,451,325.169396174768
14,451,396.468719918323
15,451,333.986904696406
16,451,228.13193429032
17,451,185.022396876276
18,451,316.847584815765
1,452,250.828041796995
2,452,416.423107165985
3,452,244.7218454351
4,452,349.545414523516
5,452,374.619487797513
6,452,362.106530921851
7,452,198.323261618215
8,452,208.932100365776
9,452,264.957197323868
10,452,384.359320512695
11,452,403.45889844971
12,452,468.362906709922
13,452,238.35791680402
14,452,254.854795342411
15,452,296.806603636073
16,452,403.894643888917
17,452,187.766217349805
18,452,221.993257272794
1,453,456.176709964241
2,453,361.040632726131
3,453,177.939659651866
4,453,387.246947959667
5,453,327.837807473933
6,453,252.043115737778
7,453,298.156473156387
8,453,348.314866360556
9,453,325.199773308516
10,453,362.065524097527
11,453,433.318496081309
12,453,328.172561470215
13,453,208.547992238676
14,453,303.056872636596
15,453,169.78081009643
16,453,281.515399792252
17,453,246.00343910104
18,453,238.580738035035
1,454,257.20890717844
2,454,530.866454605538
3,454,234.328181902983
4,454,239.379971949137
5,454,272.228870293093
6,454,272.036467950804
7,454,530.866454605538
8,454,296.687260304158
9,454,287.920281746302
10,454,266.531809738723
11,454,392.223014921727
12,454,283.614096417832
13,454,334.589582793475
14,454,306.550360733382
15,454,204.504450775249
16,454,245.277305429109
17,454,298.650889490206
18,454,399.641100418344
1,455,321.994615557001
2,455,308.168600066975
3,455,245.64016096692
4,455,373.69190380459
5,455,375.592146998683
6,455,276.168174633172
7,455,360.031500415768
8,455,281.587496420641
9,455,314.367073803246
10,455,364.700874159889
11,455,342.218822146872
12,455,248.80329778092
13,455,327.22649706181
14,455,262.889655649063
15,455,285.093522320651
16,455,239.935675799427
17,455,296.831888192252
18,455,368.860973543998
1,456,276.793744636631
2,456,355.548178936913
3,456,291.219298553861
4,456,341.884965584868
5,456,204.862934818617
6,456,354.619246793435
7,456,254.954326932779
8,456,268.49414867816
9,456,317.932314671584
10,456,336.338987831633
11,456,264.80106270157
12,456,232.508015128506
13,456,252.358317938583
14,456,219.642773879693
15,456,391.976438006634
16,456,327.43830768877
17,456,297.687002997492
18,456,232.297491843923
1,457,367.726550068232
2,457,312.636465259922
3,457,196.514386647395
4,457,271.794739372885
5,457,276.368814605533
6,457,276.000594567477
7,457,300.750245747833
8,457,328.348299820856
9,457,398.917594105553
10,457,290.461738568092
11,457,256.28851637965
12,457,223.902279109161
13,457,323.869306633039
14,457,269.1812866411
15,457,346.260685097139
16,457,241.787063024287
17,457,277.964139831543
18,457,220.11752255051
1,458,341.51332921453
2,458,284.137505539921
3,458,530.866454605538
4,458,268.523297587482
5,458,245.188843137173
6,458,480.454036908466
7,458,476.445955259621
8,458,433.027527991512
9,458,322.639117957175
10,458,356.847356261177
11,458,373.76299406246
12,458,392.360491861407
13,458,254.098535092594
14,458,246.488533761798
15,458,388.615312339453
16,458,224.673875086819
17,458,328.075613981711
18,458,249.88203623467
1,459,490.417508965124
2,459,378.11240357274
3,459,339.29793268363
4,459,313.106991167407
5,459,245.385929312951
6,459,265.897365358439
7,459,305.763766279035
8,459,315.129290787621
9,459,323.143379351848
10,459,169.78081009643
11,459,325.300675799805
12,459,344.089817025977
13,459,390.011286509917
14,459,436.213512808092
15,459,369.279989986143
16,459,381.796671625721
17,459,269.535581408653
18,459,261.518118078036
1,460,242.104104904491
2,460,443.618433207029
3,460,181.859559601049
4,460,317.73422718307
5,460,301.474779104809
6,460,332.477164887149
7,460,366.046936607081
8,460,214.671370358431
9,460,362.367555224891
10,460,329.110653945349
11,460,293.93336309843
12,460,267.59419545096
13,460,328.294996927213
14,460,248.69115332578
15,460,328.947871388788
16,460,299.200579806541
17,460,199.85661509752
18,460,454.465625818738
1,461,495.628241912454
2,461,386.387141761698
3,461,270.103498568405
4,461,258.848626709435
5,461,388.81313486311
6,461,374.993185229527
7,461,389.466739571725
8,461,279.828874138622
9,461,394.580621541042
10,461,460.070744477693
11,461,310.886431468143
12,461,312.307799311528
13,461,301.143736248679
14,461,224.374445838251
15,461,225.492823423472
16,461,259.156565006799
17,461,334.034851400685
18,461,318.201096060644
1,462,401.124399925961
2,462,240.592701520372
3,462,290.765775700482
4,462,266.198887243327
5,462,313.357821653477
6,462,347.596400234846
7,462,449.90630645251
8,462,446.806932550811
9,462,467.807942568699
10,462,347.193092712349
11,462,462.218649551017
12,462,228.375807770452
13,462,309.484652320297
14,462,424.25758111135
15,462,278.044188511058
16,462,335.077954751427
17,462,359.15974635849
18,462,283.661152201388
1,463,404.396763227294
2,463,340.617378016659
3,463,246.563979200881
4,463,397.270786060942
5,463,221.462215408996
6,463,375.209587391285
7,463,245.818394693882
8,463,346.057396349384
9,463,332.329665356513
10,463,396.932815457179
11,463,330.352986106954
12,463,366.736359318373
13,463,251.235810396528
14,463,292.020767133868
15,463,385.818890413756
16,463,243.531123545354
17,463,233.172530215848
18,463,287.127145256836
1,464,289.896126967381
2,464,298.732677189606
3,464,523.605165954359
4,464,207.400151431515
5,464,239.016474919202
6,464,244.556408310791
7,464,423.937231091149
8,464,404.225920837214
9,464,238.120059362302
10,464,230.475947822769
11,464,275.561314495389
12,464,184.14999285089
13,464,336.423375299031
14,464,293.000828686028
15,464,196.942408684488
16,464,281.839857467317
17,464,295.323876015044
18,464,365.667516231337
1,465,294.638920216059
2,465,251.194640372051
3,465,255.59481579518
4,465,414.314010078736
5,465,277.414020664049
6,465,320.951696341991
7,465,329.439042774549
8,465,332.491822750598
9,465,207.483013683502
10,465,352.671853171324
11,465,398.145680809293
12,465,491.317020672462
13,465,216.958556314898
14,465,226.347088255114
15,465,332.227676841009
16,465,264.077164565957
17,465,404.322437543848
18,465,206.937958096722
1,466,326.729685682607
2,466,327.895927907048
3,466,369.944311131061
4,466,371.601935112812
5,466,306.785105728918
6,466,199.913528358761
7,466,323.436999820174
8,466,327.244104005966
9,466,190.799648968381
10,466,392.052898094746
11,466,306.514598364019
12,466,227.79378427633
13,466,319.00633006662
14,466,376.431950068673
15,466,343.931796999774
16,466,270.632844245659
17,466,529.044573806045
18,466,285.368998994782
1,467,323.619072734629
2,467,335.195207986259
3,467,375.498546699252
4,467,366.549002749923
5,467,297.177759074341
6,467,289.16164019702
7,467,229.821460311039
8,467,330.268685108408
9,467,354.933449156962
10,467,269.610742626237
11,467,367.1402280225
12,467,303.115444755063
13,467,339.024144708913
14,467,249.424135864377
15,467,387.093194503867
16,467,218.389377474017
17,467,496.451507050652
18,467,285.924673355329
1,468,212.422397439851
2,468,231.799515550261
3,468,183.853531421637
4,468,284.149687561267
5,468,312.571777162461
6,468,255.438038478149
7,468,286.584759456788
8,468,217.759662759693
9,468,382.033908416303
10,468,286.789050225442
11,468,319.949507721656
12,468,499.346362068328
13,468,378.241504848679
14,468,223.915818272016
15,468,392.120666468526
16,468,199.239947280358
17,468,530.866454605538
18,468,426.872472168986
1,469,204.597220486312
2,469,243.5329563033
3,469,434.915301764624
4,469,225.391234298991
5,469,530.866454605538
6,469,411.683338650653
7,469,365.618221654507
8,469,267.563284818069
9,469,447.75723130908
10,469,312.006221347786
11,469,388.110259714701
12,469,259.772767229939
13,469,363.589698867713
14,469,235.883295877308
15,469,262.19742469091
16,469,285.803125069185
17,469,399.587654025809
18,469,312.079461845143
1,470,267.529986161188
2,470,231.767778934553
3,470,249.715343310362
4,470,322.19125003433
5,470,325.655067368857
6,470,278.64142036508
7,470,253.673850626596
8,470,180.716185654641
9,470,327.21934715353
10,470,272.792492201239
11,470,295.294553865717
12,470,288.775167228987
13,470,181.859620959605
14,470,292.258191459621
15,470,462.206395036691
16,470,467.406538574894
17,470,207.467743023371
18,470,300.784033672101
1,471,180.383665978305
2,471,258.676382594389
3,471,454.916337438884
4,471,365.285350642702
5,471,274.737491867515
6,471,271.293046330178
7,471,292.702584897061
8,471,224.139922774875
9,471,305.910720023208
10,471,243.503320522143
11,471,215.015712054424
12,471,244.506404430299
13,471,384.663248641331
14,471,231.317008122849
15,471,236.738772088919
16,471,169.976623597063
17,471,340.477828011072
18,471,304.949891128839
1,472,271.845060099669
2,472,371.986907125737
3,472,300.05237471702
4,472,343.220403019176
5,472,269.638639193007
6,472,255.998345348811
7,472,390.041548113613
8,472,365.397360366426
9,472,372.580203765028
10,472,330.273285242342
11,472,289.852794381292
12,472,241.886357299465
13,472,482.266751236002
14,472,309.946599361179
15,472,274.688411099979
16,472,458.541529672224
17,472,449.300665641211
18,472,254.058862766713
1,473,298.380112133418
2,473,278.574486801967
3,473,376.469548995566
4,473,276.754113837236
5,473,318.962051869151
6,473,301.582217320622
7,473,298.214719217291
8,473,235.665354369893
9,473,309.17486044362
10,473,333.504807928917
11,473,301.311754532642
12,473,272.896449684273
13,473,342.392953138366
14,473,307.498982796799
15,473,365.346638917059
16,473,232.962927288366
17,473,478.611152400187
18,473,231.817165948643
1,474,265.051246564411
2,474,358.140486849484
3,474,328.139562791271
4,474,208.256480526786
5,474,256.228708923881
6,474,356.100688230666
7,474,502.658083521532
8,474,452.196906592252
9,474,479.422235281718
10,474,393.733345277605
11,474,335.876926353145
12,474,279.107689274867
13,474,351.51370329744
14,474,257.305338132653
15,474,183.742905533784
16,474,400.530471778085
17,474,263.460774516935
18,474,356.074539465893
1,475,196.541656596978
2,475,169.78081009643
3,475,290.476556162652
4,475,210.246091272527
5,475,273.010816276603
6,475,324.176663656323
7,475,262.186942899509
8,475,300.762818839814
9,475,250.462421726501
10,475,228.853914695685
11,475,281.909321167868
12,475,381.636546118173
13,475,228.6144819124
14,475,369.101534947712
15,475,261.730342225755
16,475,216.554029246294
17,475,348.23310883577
18,475,356.366455626252
1,476,396.113254119449
2,476,344.690056429808
3,476,295.476511880968
4,476,431.648283808598
5,476,268.540872568979
6,476,292.46538516351
7,476,275.599640990095
8,476,357.696131373434
9,476,272.622432798669
10,476,349.65854752907
11,476,210.88027063113
12,476,247.193182546333
13,476,320.57043283057
14,476,312.932958292104
15,476,252.035885992349
16,476,418.315076815751
17,476,364.123640432993
18,476,304.870118946177
1,477,320.704405852107
2,477,279.825304000427
3,477,401.019608273337
4,477,326.623860178266
5,477,183.851363607144
6,477,300.874961627204
7,477,295.001688042276
8,477,233.335602542064
9,477,273.015952313923
10,477,452.531239249037
11,477,530.866454605538
12,477,388.802925492552
13,477,268.076049917454
14,477,379.751845865468
15,477,353.838279566951
16,477,457.121884046853
17,477,255.072341502474
18,477,370.164402935758
1,478,530.866454605538
2,478,179.404843193894
3,478,369.347047258714
4,478,411.326744011692
5,478,336.115540031944
6,478,343.146059673511
7,478,248.676973301916
8,478,249.822517589444
9,478,232.888356775955
10,478,196.829592203898
11,478,331.588450969136
12,478,306.694051491292
13,478,296.441753171551
14,478,310.15169904472
15,478,270.077559637103
16,478,458.498267182419
17,478,325.578900337681
18,478,297.07093960743
1,479,230.945136489369
2,479,235.340774212869
3,479,248.969386847622
4,479,334.578010413566
5,479,372.805378519354
6,479,260.301195089802
7,479,243.536381856402
8,479,250.125848150931
9,479,229.582357246442
10,479,306.606514744913
11,479,401.71422235259
12,479,169.78081009643
13,479,292.903333415597
14,479,410.229555668461
15,479,246.635056792685
16,479,290.864819250114
17,479,361.965059613446
18,479,326.219174132664
1,480,323.446424157504
2,480,171.535547849553
3,480,270.256015414768
4,480,285.234119385111
5,480,386.061081282332
6,480,322.541443212621
7,480,358.77059613954
8,480,367.277377181441
9,480,210.128777116915
10,480,340.460612303584
11,480,337.664647005713
12,480,218.417381623089
13,480,180.034206910318
14,480,316.769324201367
15,480,333.535795532671
16,480,252.483599847912
17,480,382.723267317067
18,480,214.320476539608
1,481,477.416443702859
2,481,346.5837366884
3,481,428.437194491303
4,481,363.87756247388
5,481,324.609392252623
6,481,328.366850286343
7,481,407.74294251474
8,481,391.201973586924
9,481,317.364325800613
10,481,490.874311799148
11,481,231.307886695507
12,481,217.703047721562
13,481,530.866454605538
14,481,246.34062065224
15,481,439.068765658845
16,481,364.340747743031
17,481,269.067766859423
18,481,299.603961172349
1,482,270.823354047623
2,482,305.791463137269
3,482,264.758786601611
4,482,230.135015805258
5,482,352.717028646952
6,482,278.038634398267
7,482,285.400411530667
8,482,274.359121463694
9,482,324.741321486094
10,482,235.4586296606
11,482,323.542275266753
12,482,263.299049806738
13,482,282.599676909941
14,482,264.902366378604
15,482,302.842120977718
16,482,332.180908514881
17,482,242.236604905098
18,482,259.98372361253
1,483,289.374929751034
2,483,202.726041933596
3,483,289.991127757831
4,483,445.579958519384
5,483,273.489854032032
6,483,295.744583521754
7,483,228.664132517802
8,483,275.422901993006
9,483,338.459146027115
10,483,361.216243841895
11,483,310.2817844003
12,483,282.094776930758
13,483,224.515855572355
14,483,297.604169264466
15,483,321.833333238689
16,483,272.390692948534
17,483,375.601263302103
18,483,315.713749983257
1,484,236.965494391909
2,484,273.286451883104
3,484,256.187122528829
4,484,219.605293322142
5,484,226.888156074613
6,484,274.207431692498
7,484,249.353677589238
8,484,309.524979796159
9,484,187.961810681496
10,484,214.458974319717
11,484,416.306185577822
12,484,273.74124261514
13,484,317.855149428562
14,484,362.420002893245
15,484,293.404495714019
16,484,402.187658655017
17,484,363.983207652996
18,484,490.12886286321
1,485,371.212166147127
2,485,476.667782175181
3,485,300.900847457506
4,485,225.502137437033
5,485,387.348625863058
6,485,277.22866144015
7,485,335.585974915493
8,485,455.559155734893
9,485,362.373879573695
10,485,207.649979591539
11,485,430.466676531048
12,485,356.969372692357
13,485,291.224027271691
14,485,253.745166012175
15,485,295.8479346574
16,485,218.163838374523
17,485,173.498472173103
18,485,247.114919610446
1,486,296.037833715729
2,486,221.782458190517
3,486,173.661850732437
4,486,344.262595118949
5,486,247.112787822377
6,486,301.922483548601
7,486,169.78081009643
8,486,362.119811620879
9,486,239.116270846923
10,486,399.69757685681
11,486,303.381753729226
12,486,314.333600806594
13,486,320.869987309379
14,486,290.97197429801
15,486,349.554257355887
16,486,474.751794135309
17,486,321.848379853988
18,486,289.395587184768
1,487,283.604997078256
2,487,223.595893591625
3,487,311.530417906303
4,487,212.188933519055
5,487,229.096400360007
6,487,420.636044860491
7,487,205.833544400436
8,487,500.432393277528
9,487,353.915072733219
10,487,457.939007821444
11,487,333.187336208088
12,487,285.270629734364
13,487,449.647750215787
14,487,300.035649890558
15,487,269.620348919996
16,487,259.415065449143
17,487,261.587279048869
18,487,332.893759465393
1,488,328.541660077313
2,488,303.265468372138
3,488,191.828005663708
4,488,227.760770291553
5,488,172.451499685625
6,488,222.138271559463
7,488,467.346634307273
8,488,431.748865397668
9,488,250.449398619615
10,488,403.982950619763
11,488,288.811572107516
12,488,285.795776342334
13,488,385.389882767502
14,488,289.359770535254
15,488,400.181564212509
16,488,320.563002542262
17,488,235.294989094854
18,488,329.47217351291
1,489,295.925582978526
2,489,263.473703586148
3,489,283.981330459828
4,489,299.258295815574
5,489,347.628173086283
6,489,303.764125507333
7,489,314.066924004858
8,489,219.221244539079
9,489,285.294351071606
10,489,290.932504147561
11,489,273.605632317844
12,489,270.765427860813
13,489,299.319503820043
14,489,298.73294881443
15,489,335.03162151863
16,489,423.168029451706
17,489,283.112829073809
18,489,279.951516002424
1,490,497.990215937203
2,490,270.392198978752
3,490,261.027028534727
4,490,337.973131900832
5,490,288.745327177776
6,490,335.472440918429
7,490,360.119737101318
8,490,530.866454605538
9,490,402.222894499329
10,490,375.206273256718
11,490,321.61100634083
12,490,271.124566978368
13,490,302.230159286403
14,490,232.549677449415
15,490,363.562493127167
16,490,347.934933320183
17,490,407.674083440889
18,490,234.25809956689
1,491,280.23666316573
2,491,235.799893610483
3,491,283.711727271255
4,491,314.31676289797
5,491,365.121924393402
6,491,321.053054272469
7,491,256.928521662805
8,491,292.173097576617
9,491,236.516704013098
10,491,329.532861114748
11,491,342.844485924571
12,491,220.418229413094
13,491,359.390334715335
14,491,374.493842043098
15,491,349.667093430663
16,491,369.373171744999
17,491,237.591409835874
18,491,240.473308009251
1,492,411.694899673122
2,492,356.199513508936
3,492,277.270973383549
4,492,345.166604187606
5,492,463.174575085088
6,492,312.494640544947
7,492,270.742323018177
8,492,259.330896054356
9,492,225.851050982322
10,492,313.800800261775
11,492,337.86921239772
12,492,311.28130502633
13,492,325.204041266877
14,492,287.82134427622
15,492,334.639670030808
16,492,244.284242579251
17,492,282.940045472501
18,492,295.73333645927
1,493,411.357881729161
2,493,181.255071818549
3,493,517.964570632178
4,493,251.955336495597
5,493,387.824350212443
6,493,279.981466298809
7,493,278.530474866903
8,493,289.301934635427
9,493,169.78081009643
10,493,530.866454605538
11,493,317.821742562835
12,493,351.211877903127
13,493,258.510172025187
14,493,250.60973667266
15,493,414.498285338434
16,493,361.574693949925
17,493,391.503765964072
18,493,276.599201230596
1,494,216.030710411495
2,494,257.69110561663
3,494,446.818231621778
4,494,204.09167667663
5,494,458.400214515176
6,494,265.103692412536
7,494,204.212856586417
8,494,226.645430296257
9,494,324.982801168638
10,494,278.530177830436
11,494,169.78081009643
12,494,273.086793221067
13,494,436.902136614449
14,494,274.782468909785
15,494,434.700323190073
16,494,252.996200575988
17,494,357.219996796651
18,494,274.448736435641
1,495,372.035051492053
2,495,190.741942913442
3,495,313.671738461377
4,495,414.812311151225
5,495,243.311674638332
6,495,446.111682824251
7,495,270.681981446024
8,495,260.549977650402
9,495,228.179472339008
10,495,342.682704311725
11,495,228.338524809601
12,495,211.997694484406
13,495,280.793766540221
14,495,195.708989249987
15,495,240.804989806115
16,495,478.915635944936
17,495,301.996901714831
18,495,367.483441979279
1,496,201.526953740107
2,496,176.199241167102
3,496,376.736002235557
4,496,305.744164519114
5,496,442.303205501398
6,496,384.48306133197
7,496,174.252020566837
8,496,399.619836139756
9,496,233.281282200505
10,496,292.305724585551
11,496,318.022606947199
12,496,253.047281830539
13,496,247.921729532503
14,496,299.419097258118
15,496,318.743305180344
16,496,202.736521526594
17,496,458.727989198819
18,496,413.817891931962
1,497,275.574135674656
2,497,198.116444122074
3,497,382.740260072003
4,497,486.887935936216
5,497,227.731930940728
6,497,310.551754685746
7,497,209.77054063913
8,497,264.50169713579
9,497,347.688902630258
10,497,210.123740131947
11,497,228.887266316725
12,497,274.089170392977
13,497,261.779691438355
14,497,299.868068221665
15,497,290.23223827057
16,497,185.514031970438
17,497,218.95219968316
18,497,309.385349987753
1,498,334.428894503085
2,498,424.223570401901
3,498,344.208885192142
4,498,296.813825374865
5,498,345.788742214727
6,498,228.790297748033
7,498,171.605057348762
8,498,281.420576274262
9,498,278.038395741681
10,498,244.678893439332
11,498,173.301038289648
12,498,214.428768614258
13,498,428.648688732915
14,498,227.848177595299
15,498,296.954610030946
16,498,274.887793923871
17,498,449.309508141701
18,498,309.176436528742
1,499,487.987937298329
2,499,384.621901637213
3,499,205.193754756712
4,499,306.508248972389
5,499,333.625279149756
6,499,256.195953545268
7,499,271.919011171369
8,499,300.573784192951
9,499,187.125928497961
10,499,177.756691086066
11,499,250.836508601672
12,499,331.867503153997
13,499,392.508718302674
14,499,169.78081009643
15,499,283.317882679449
16,499,239.322501314385
17,499,258.501803006609
18,499,379.611824486849
1,500,486.471914368085
2,500,275.607582399207
3,500,302.101683474608
4,500,195.380885184258
5,500,530.866454605538
6,500,296.302183660417
7,500,354.685535832297
8,500,333.891791525857
9,500,220.036696066966
10,500,310.661838447268
11,500,217.016884997497
12,500,305.853699360685
13,500,321.803951984023
14,500,236.013529571392
15,500,213.957796688346
16,500,302.982651303507
17,500,305.9077298629
18,500,306.378003715679
1,501,476.805668127214
2,501,257.133632743624
3,501,260.514931258308
4,501,234.881707043779
5,501,530.866454605538
6,501,250.661402383879
7,501,412.471919652058
8,501,222.145207081936
9,501,419.353194286932
10,501,323.600681191909
11,501,244.849059996772
12,501,321.692306060449
13,501,392.970282082437
14,501,374.298376662137
15,501,315.23147289785
16,501,269.816407556173
17,501,200.145296651027
18,501,235.484451659247
1,502,228.267553157922
2,502,346.211323753181
3,502,269.16402360365
4,502,336.464971012211
5,502,359.837994535154
6,502,370.071525276358
7,502,466.080699009103
8,502,270.828613653802
9,502,276.304788572637
10,502,252.670971950248
11,502,411.231801667733
12,502,269.423148501472
13,502,294.49002381984
14,502,257.804739355555
15,502,280.572183781753
16,502,321.181839250971
17,502,237.82237754016
18,502,375.209446945449
1,503,224.736126347046
2,503,367.03036782757
3,503,253.028417986848
4,503,239.485658786803
5,503,395.027815190441
6,503,297.647249939589
7,503,314.500929801173
8,503,420.609614141339
9,503,360.013126607137
10,503,292.703807927188
11,503,237.120760120338
12,503,318.304280060727
13,503,272.644733397661
14,503,365.105265460326
15,503,227.39088967709
16,503,252.727366510506
17,503,530.866454605538
18,503,412.909572306641
1,504,230.58792250442
2,504,263.941258530725
3,504,290.621338341956
4,504,249.103584250733
5,504,369.501158395582
6,504,317.201296710579
7,504,438.797913933622
8,504,290.8520303893
9,504,370.536469628964
10,504,324.474987120928
11,504,211.924214511374
12,504,212.668341422788
13,504,304.415344432905
14,504,194.281729520774
15,504,238.159632201617
16,504,351.965255614895
17,504,352.664490752168
18,504,267.216026500759
1,505,302.264240070478
2,505,224.706368191785
3,505,290.909562778329
4,505,371.320097344515
5,505,406.022791575845
6,505,220.008248456584
7,505,274.01362158474
8,505,287.963942789425
9,505,310.228001320678
10,505,219.78957656144
11,505,310.477890600183
12,505,338.234672639993
13,505,439.719462803465
14,505,226.100602519702
15,505,342.344343507109
16,505,276.576649276871
17,505,197.704309590222
18,505,480.932591998345
1,506,233.635767853377
2,506,252.66604901474
3,506,277.307968572249
4,506,321.135015017843
5,506,308.02033454267
6,506,206.730994653919
7,506,249.99541811435
8,506,348.388560644952
9,506,239.675045755954
10,506,314.603144248759
11,506,306.147713463809
12,506,374.375462632609
13,506,347.131028474802
14,506,325.516622363971
15,506,382.678282336249
16,506,323.250320272285
17,506,244.566755090324
18,506,274.812470535247
1,507,253.116526432892
2,507,248.732049379933
3,507,399.826525016889
4,507,380.841769226719
5,507,325.473454598445
6,507,298.988347043256
7,507,297.737953696544
8,507,263.637293649304
9,507,336.080501774003
10,507,214.775770924489
11,507,225.112452831651
12,507,350.703082964602
13,507,244.067647593166
14,507,359.856211356049
15,507,305.49285134293
16,507,315.456240199375
17,507,283.408369801038
18,507,265.621303196493
1,508,450.357541965662
2,508,271.741199379557
3,508,530.866454605538
4,508,317.042891108521
5,508,301.618688764834
6,508,343.165269521256
7,508,356.497531462889
8,508,202.891732324726
9,508,289.532783006231
10,508,312.959087763389
11,508,218.545099830792
12,508,227.537895261201
13,508,259.989036366817
14,508,340.146032049407
15,508,265.924001925913
16,508,239.332835558796
17,508,207.945870348362
18,508,194.212389770138
1,509,354.992757203437
2,509,362.163291397872
3,509,218.507296383161
4,509,231.65622968989
5,509,303.904043859876
6,509,489.033952132399
7,509,457.41977040351
8,509,273.853003863074
9,509,249.742522059715
10,509,467.345317684466
11,509,428.44891618975
12,509,200.292927550748
13,509,224.594078346053
14,509,356.181199497323
15,509,287.088677717188
16,509,169.78081009643
17,509,307.43329064618
18,509,440.009138443603
1,510,300.372278471784
2,510,370.622785110365
3,510,242.507101351031
4,510,291.291181194182
5,510,375.72327590774
6,510,288.154521223782
7,510,293.920137640457
8,510,312.107837018717
9,510,233.707867769359
10,510,244.669159388403
11,510,268.505255179444
12,510,235.48057819408
13,510,393.811502759741
14,510,241.34757402007
15,510,290.288443221949
16,510,414.512301513346
17,510,268.939769064645
18,510,250.421229051661
1,511,314.65148001909
2,511,300.702172556878
3,511,313.418865078078
4,511,237.663279526532
5,511,252.997970970147
6,511,345.426080482227
7,511,169.78081009643
8,511,401.168927537313
9,511,319.468991320553
10,511,206.929195818263
11,511,188.379687724981
12,511,238.02926557016
13,511,387.75432690999
14,511,326.90377972908
15,511,280.201046080175
16,511,315.607855093018
17,511,404.852115380587
18,511,290.451047999382
1,512,284.45406239446
2,512,274.562533355026
3,512,284.155645540019
4,512,185.159037379562
5,512,287.651733002872
6,512,521.037515049181
7,512,289.031792229322
8,512,350.023120134354
9,512,273.173520852581
10,512,428.9463760937
11,512,353.82832905852
12,512,292.853278738538
13,512,274.308509399039
14,512,267.38830843895
15,512,245.701609343291
16,512,340.797971170116
17,512,316.326647424538
18,512,388.50663311403
1,513,259.818388211049
2,513,206.617063137525
3,513,185.624480215342
4,513,169.78081009643
5,513,358.598567084562
6,513,297.801151450011
7,513,353.48914595984
8,513,370.106537401753
9,513,256.965233883122
10,513,443.463298330048
11,513,492.537919323205
12,513,310.196444854329
13,513,281.905105350255
14,513,345.82901560868
15,513,371.250260260153
16,513,412.301466420768
17,513,356.179035080334
18,513,289.738036732893
1,514,325.570730353135
2,514,270.96883347054
3,514,238.672479032635
4,514,208.703809048218
5,514,211.436462717316
6,514,271.188303820719
7,514,340.273386353161
8,514,379.518196678592
9,514,308.158706812777
10,514,281.702004202546
11,514,193.287309526536
12,514,281.267234156088
13,514,241.555139454391
14,514,216.61962279704
15,514,229.041385743503
16,514,269.734041225552
17,514,273.594113845874
18,514,394.894307131131
1,515,510.244069313221
2,515,335.578043690536
3,515,290.505502365315
4,515,458.36146120511
5,515,343.255025618381
6,515,316.690976939862
7,515,400.880096470929
8,515,203.524420727637
9,515,328.827191192076
10,515,298.404767541022
11,515,373.162986017022
12,515,244.639023727372
13,515,260.517162482276
14,515,385.105395269526
15,515,324.985791060137
16,515,247.214266907157
17,515,243.394669054038
18,515,247.813557974419
1,516,322.777361608738
2,516,358.975355384195
3,516,218.898160542709
4,516,347.02331499864
5,516,328.807807578843
6,516,315.72246435379
7,516,313.606006955325
8,516,256.134160133354
9,516,180.964635338915
10,516,254.225360817606
11,516,210.393234425538
12,516,303.39212275296
13,516,195.247313433257
14,516,316.147908325568
15,516,526.24650927392
16,516,397.135475755476
17,516,379.983008264916
18,516,283.803648293985
1,517,253.993642489726
2,517,211.373226423965
3,517,346.518051859257
4,517,360.062091147052
5,517,365.99785319339
6,517,255.176641411743
7,517,273.040124962333
8,517,208.094454343186
9,517,296.94702920399
10,517,238.479465289735
11,517,213.359265554619
12,517,225.444725040135
13,517,289.768897697831
14,517,314.825223862932
15,517,368.820943029504
16,517,185.665789639654
17,517,434.255201113142
18,517,239.89080367269
1,518,323.816325043773
2,518,378.976022842007
3,518,241.91365811213
4,518,236.978425843743
5,518,314.716858226433
6,518,223.361382456243
7,518,270.460930831246
8,518,236.851094118875
9,518,318.835378944954
10,518,354.878194478865
11,518,386.187196476137
12,518,276.543417633903
13,518,292.266035039492
14,518,292.857289937037
15,518,294.957793811894
16,518,283.819361898853
17,518,248.224567441767
18,518,312.607820330252
1,519,258.154352965544
2,519,296.10183763421
3,519,292.275769491464
4,519,219.421446308262
5,519,395.298311020581
6,519,312.69731124376
7,519,273.696962534681
8,519,338.003105337143
9,519,230.980573833099
10,519,471.048083891514
11,519,337.318328904683
12,519,278.410866352346
13,519,392.813184478324
14,519,310.952163802131
15,519,258.933710040674
16,519,212.553050315748
17,519,295.633222393418
18,519,347.042857119726
1,520,323.152648715461
2,520,212.8238676105
3,520,330.505331017036
4,520,261.033105931965
5,520,299.236520648674
6,520,403.936387297239
7,520,323.782327918413
8,520,339.354367041673
9,520,244.114513987538
10,520,315.194130830585
11,520,209.892064518432
12,520,367.589708220159
13,520,248.289291648715
14,520,222.658159077897
15,520,242.42887301514
16,520,349.545473390834
17,520,312.284738430554
18,520,181.94146382734
1,521,176.200443195776
2,521,271.229990298951
3,521,240.786831102907
4,521,301.597477947115
5,521,261.464725373044
6,521,268.775492621786
7,521,320.043686694225
8,521,349.926795941745
9,521,270.346442908256
10,521,334.052140964581
11,521,192.047987986662
12,521,249.600748080796
13,521,319.558461600872
14,521,272.593574477848
15,521,348.063978891617
16,521,225.890122195212
17,521,361.483741833975
18,521,360.886422620771
1,522,311.814233897981
2,522,293.677035943177
3,522,370.516309778158
4,522,282.877007300064
5,522,320.28038603888
6,522,227.180910500091
7,522,252.683515380895
8,522,327.853315958902
9,522,258.47448134448
10,522,276.14118829549
11,522,388.270124829225
12,522,311.17327009538
13,522,337.43466415392
14,522,381.745629386038
15,522,280.465529779371
16,522,276.526404069076
17,522,384.288863727776
18,522,197.902597277508
1,523,327.063907800116
2,523,306.284801436564
3,523,438.233201861985
4,523,285.940720842532
5,523,313.572791685773
6,523,219.158812002184
7,523,274.601155830319
8,523,228.566814735507
9,523,344.915367895366
10,523,304.569102902465
11,523,275.228372092371
12,523,318.042680668903
13,523,415.366734695892
14,523,254.30785506967
15,523,339.016479793651
16,523,300.901895206352
17,523,230.888047432125
18,523,202.279443588991
1,524,405.045236343573
2,524,434.023795726476
3,524,401.912387231509
4,524,235.349857107037
5,524,273.391254100242
6,524,477.749772679863
7,524,358.3523312717
8,524,350.330530079631
9,524,465.593461338317
10,524,227.168543344342
11,524,265.814588634935
12,524,262.581735576954
13,524,269.907872123213
14,524,229.294793844878
15,524,305.375392421866
16,524,284.209059549381
17,524,238.350890692381
18,524,467.823810037654
1,525,303.028024675838
2,525,169.78081009643
3,525,276.094201002949
4,525,169.78081009643
5,525,281.524423490493
6,525,327.118985767769
7,525,261.065268799507
8,525,296.142936738195
9,525,323.677603911564
10,525,271.991224237183
11,525,416.971766852869
12,525,470.798461304174
13,525,363.604838225879
14,525,377.320283993443
15,525,526.037881269462
16,525,289.105868412241
17,525,311.44131944907
18,525,204.851407929126
1,526,294.036713098322
2,526,262.081517616534
3,526,288.541560189155
4,526,307.816650110562
5,526,289.083010510625
6,526,278.667257232892
7,526,169.78081009643
8,526,401.058267222027
9,526,347.859001205848
10,526,192.986542539687
11,526,300.939015210472
12,526,422.652033237781
13,526,459.642896396714
14,526,530.866454605538
15,526,260.992741030125
16,526,376.059868857309
17,526,420.71671686667
18,526,247.850177228998
1,527,343.893676003584
2,527,321.438863638566
3,527,407.209286418625
4,527,317.695242931761
5,527,281.259312135258
6,527,335.891389966568
7,527,230.614661201568
8,527,350.641887503664
9,527,273.390072475952
10,527,333.38039842808
11,527,315.705257863863
12,527,319.637534148721
13,527,250.532021614216
14,527,290.804054306051
15,527,268.647744498843
16,527,345.179981873588
17,527,486.67447263446
18,527,342.254258721819
1,528,222.351211863459
2,528,224.877247496056
3,528,300.43669977753
4,528,380.590740429947
5,528,420.950997313275
6,528,228.274170553631
7,528,306.201377591818
8,528,308.138071766632
9,528,290.680359179537
10,528,221.071048224645
11,528,347.418258854259
12,528,187.80197862082
13,528,352.785723091994
14,528,203.617471605023
15,528,275.095117842414
16,528,288.109262403077
17,528,253.596180837418
18,528,260.13259474115
1,529,334.657508428884
2,529,409.268841491451
3,529,301.235762309843
4,529,258.481916192829
5,529,254.109701322481
6,529,355.156646581853
7,529,266.830757010203
8,529,205.198734940826
9,529,301.763309806914
10,529,372.258369550073
11,529,333.891871342396
12,529,451.843357312128
13,529,530.866454605538
14,529,347.392587621194
15,529,285.898115731632
16,529,406.1614127763
17,529,357.786497328813
18,529,499.097189161049
1,530,324.733251703958
2,530,286.901354220279
3,530,366.155503833197
4,530,315.011934391951
5,530,329.360540216676
6,530,413.665331785908
7,530,219.455587514614
8,530,258.337651884899
9,530,250.889347173546
10,530,239.217625682778
11,530,302.746910257797
12,530,266.077515380379
13,530,352.39264524663
14,530,407.953774019853
15,530,253.070395994981
16,530,329.99956866851
17,530,322.295839017131
18,530,238.132776148878
1,531,317.679051768311
2,531,246.842491743964
3,531,230.726858065601
4,531,191.527880699074
5,531,452.285773588633
6,531,289.556799190546
7,531,275.373818756795
8,531,422.451895287016
9,531,500.613417299276
10,531,250.619339134075
11,531,222.401018355617
12,531,292.970707864575
13,531,209.969271731457
14,531,256.852116669411
15,531,291.261384255446
16,531,262.929791589696
17,531,449.103494795916
18,531,315.958266628033
1,532,307.592405952266
2,532,447.739353431602
3,532,430.549284318994
4,532,276.494232154719
5,532,299.440138416843
6,532,236.513048267102
7,532,252.778772893663
8,532,210.294889346098
9,532,349.827679206441
10,532,282.539268733776
11,532,342.201449372188
12,532,283.646896165191
13,532,209.457290935877
14,532,230.884010801365
15,532,357.741318726787
16,532,248.049101259706
17,532,211.451848302331
18,532,201.641287087466
1,533,258.528431426272
2,533,324.606044850233
3,533,274.500124783545
4,533,262.523190344432
5,533,293.782847412289
6,533,304.375099920521
7,533,375.043969549222
8,533,303.286635670318
9,533,289.272492650924
10,533,272.96924805804
11,533,233.908181798204
12,533,289.6093661672
13,533,215.071287507467
14,533,425.882605696103
15,533,313.683386226226
16,533,187.482919529096
17,533,219.259894583294
18,533,353.942138298746
1,534,171.596317285085
2,534,352.544995422594
3,534,321.241326730042
4,534,250.94861088714
5,534,259.469845628546
6,534,217.868246125658
7,534,224.121716328399
8,534,272.577303208553
9,534,209.230204217877
10,534,277.944610478722
11,534,260.47838670055
12,534,309.865710954605
13,534,337.348303133716
14,534,317.86858279041
15,534,346.529210775666
16,534,310.379354562572
17,534,255.642904129889
18,534,282.11152192979
1,535,415.016298888154
2,535,439.657190782424
3,535,333.605117494042
4,535,231.897559722471
5,535,323.425412445976
6,535,401.221234817259
7,535,228.659180834972
8,535,391.197094962889
9,535,205.690481610261
10,535,284.213117137834
11,535,413.272493059896
12,535,301.12473058231
13,535,352.171764237086
14,535,290.249591924461
15,535,246.765194558505
16,535,410.903856185717
17,535,325.042163390813
18,535,265.229308214028
1,536,220.073451753617
2,536,322.094400622969
3,536,271.331106573469
4,536,355.718479181396
5,536,380.43651394434
6,536,467.725026872466
7,536,299.041371335165
8,536,310.38889601976
9,536,271.262860870877
10,536,251.401514814847
11,536,169.78081009643
12,536,222.987515664237
13,536,348.421592899771
14,536,444.993429933442
15,536,213.298825813925
16,536,357.791149754396
17,536,268.894015945395
18,536,361.672535345962
1,537,455.557284365657
2,537,236.622918929593
3,537,180.317859328294
4,537,277.789848825833
5,537,352.989895170886
6,537,375.877350144591
7,537,336.042824810903
8,537,289.099916793241
9,537,530.866454605538
10,537,376.710082383842
11,537,272.056017366675
12,537,311.551837711702
13,537,362.946376044381
14,537,333.498638420107
15,537,296.766377822614
16,537,312.722745313927
17,537,335.329484937504
18,537,258.777531572304
1,538,280.764773166194
2,538,362.066901806605
3,538,269.546200573606
4,538,348.131675123441
5,538,227.930174150638
6,538,372.197188310585
7,538,406.076619770909
8,538,267.363640167397
9,538,203.384086797125
10,538,321.41389876265
11,538,316.815120864238
12,538,204.822656774826
13,538,345.085674418787
14,538,182.386502658063
15,538,247.976994703337
16,538,445.207485654371
17,538,360.855932073511
18,538,306.41382872678
1,539,169.78081009643
2,539,304.71154379371
3,539,230.453895250466
4,539,301.587195399355
5,539,307.915166016045
6,539,333.403221811882
7,539,277.365781714423
8,539,287.725462357438
9,539,265.301518420901
10,539,307.799892588783
11,539,254.95912975811
12,539,345.718495525328
13,539,236.839722530233
14,539,217.358256063562
15,539,292.383020091662
16,539,267.267809635497
17,539,332.936482447351
18,539,206.135613905687
1,540,318.086450007736
2,540,378.514573132205
3,540,240.43353261111
4,540,360.387314358613
5,540,364.833839919968
6,540,344.463450818446
7,540,228.788573317846
8,540,276.735664131273
9,540,322.983536861613
10,540,210.665639061487
11,540,243.199718733082
12,540,335.725510616758
13,540,387.300969074581
14,540,323.197089494842
15,540,264.696714453136
16,540,255.993972247475
17,540,476.078657860046
18,540,274.945645155499
1,541,353.08380300338
2,541,227.085914689118
3,541,233.984740391006
4,541,270.951834070775
5,541,325.630880609528
6,541,368.159003198188
7,541,299.180417271082
8,541,334.684687133439
9,541,291.514008970544
10,541,324.497059027366
11,541,210.631594750607
12,541,302.644193725103
13,541,283.991677003558
14,541,285.553218535081
15,541,256.813756637138
16,541,453.849703513306
17,541,243.588448930664
18,541,278.940087256587
1,542,243.734820142579
2,542,279.329311962442
3,542,334.778228515782
4,542,174.096109154675
5,542,285.574776653987
6,542,278.024849274282
7,542,226.275229512248
8,542,287.017106270751
9,542,318.584795994577
10,542,317.739536709848
11,542,264.266066966979
12,542,523.067990595637
13,542,275.721491502756
14,542,202.567589374373
15,542,261.25309157272
16,542,376.7612428768
17,542,248.797538772117
18,542,293.709460626005
1,543,271.106213912551
2,543,252.871356883001
3,543,411.047413249547
4,543,190.528668403371
5,543,297.063261853387
6,543,286.446340577166
7,543,422.594952291831
8,543,294.311070589715
9,543,383.641625925194
10,543,316.176169434398
11,543,243.79803418427
12,543,327.366905063318
13,543,228.446033967268
14,543,223.918523956257
15,543,400.680136556761
16,543,314.261053844058
17,543,203.36053145428
18,543,257.408065007348
1,544,346.000298295627
2,544,319.411591344471
3,544,268.074251757063
4,544,237.358519528696
5,544,279.807339385364
6,544,371.953318690304
7,544,260.246846684923
8,544,376.847414503908
9,544,349.787160305756
10,544,280.333884434234
11,544,192.046058586593
12,544,244.436388108817
13,544,349.750742930937
14,544,463.649652786443
15,544,365.200595695308
16,544,235.055509705972
17,544,316.139618781018
18,544,271.57042126548
1,545,260.497463160787
2,545,228.870416438169
3,545,247.955274054992
4,545,366.083957102363
5,545,470.962198493211
6,545,348.931446567356
7,545,224.583785443044
8,545,251.549984950072
9,545,497.73880944852
10,545,266.917231835946
11,545,246.711962853146
12,545,267.143169815569
13,545,530.866454605538
14,545,325.458328369407
15,545,278.351134011509
16,545,388.737340236807
17,545,212.917546058563
18,545,290.164099773878
1,546,353.881155725528
2,546,227.549001928899
3,546,265.433139164401
4,546,330.764239772817
5,546,213.162785103605
6,546,182.857889715821
7,546,278.252790289452
8,546,489.006483438261
9,546,246.173591942204
10,546,213.575959628531
11,546,289.826508664681
12,546,402.523661757316
13,546,237.67630266872
14,546,346.726838061122
15,546,278.826315037664
16,546,185.346295462059
17,546,294.239940020587
18,546,324.377002483178
1,547,283.062021457019
2,547,307.879183727549
3,547,241.957882347176
4,547,252.251576873692
5,547,288.853007892121
6,547,411.337031659598
7,547,215.270138523275
8,547,246.770628728153
9,547,295.433413067027
10,547,221.32222992145
11,547,215.852070916766
12,547,278.402889442495
13,547,264.64989993117
14,547,341.500626947218
15,547,271.692349229105
16,547,208.853113924465
17,547,530.866454605538
18,547,265.299550983364
1,548,530.866454605538
2,548,238.029251988022
3,548,340.243429312921
4,548,255.294801062548
5,548,386.6407506878
6,548,256.600489876686
7,548,297.39928305215
8,548,340.407104467647
9,548,275.324004162698
10,548,251.076410902236
11,548,284.133158746535
12,548,190.313547725551
13,548,284.181597737818
14,548,263.093735427475
15,548,300.163096477088
16,548,201.836509475157
17,548,347.070639845956
18,548,294.016267351852
1,549,230.102324475617
2,549,406.721370396206
3,549,288.612562949474
4,549,196.755456982248
5,549,434.630792593354
6,549,259.530361664714
7,549,312.889238991349
8,549,442.311676910971
9,549,349.532929824141
10,549,303.012032462067
11,549,318.29144579702
12,549,263.331926821459
13,549,370.875419715185
14,549,314.092606178474
15,549,256.531750714743
16,549,262.235130778286
17,549,339.712180873625
18,549,237.328194637435
1,550,355.031810571274
2,550,365.764890545908
3,550,235.830238193112
4,550,399.63139976343
5,550,274.20002236673
6,550,425.231597956631
7,550,331.289027232244
8,550,208.649486978526
9,550,355.172769431575
10,550,245.511382149372
11,550,267.414521921707
12,550,327.402745717442
13,550,384.578278131439
14,550,265.92847503234
15,550,307.85068535612
16,550,204.810303244572
17,550,178.747897032254
18,550,189.329333263021
1,551,245.599358082265
2,551,382.658900712046
3,551,237.883783889026
4,551,235.932407282644
5,551,278.213056232724
6,551,228.982886366315
7,551,344.550247653893
8,551,313.485209398606
9,551,353.107834121003
10,551,238.140178427467
11,551,292.007455175337
12,551,299.246840481647
13,551,329.853484144691
14,551,307.31179045568
15,551,250.013815987238
16,551,356.620798286729
17,551,326.137490871937
18,551,290.109555423849
1,552,269.251803757932
2,552,361.091581182186
3,552,455.845158504879
4,552,426.321387216555
5,552,266.846594450467
6,552,290.796868894331
7,552,266.214004782966
8,552,311.542958714757
9,552,275.396399918126
10,552,447.159090563596
11,552,274.512628348244
12,552,268.230207950722
13,552,290.305280420841
14,552,285.298868646655
15,552,352.512316921167
16,552,339.869892135113
17,552,203.61831725528
18,552,254.442482848737
1,553,268.909755409717
2,553,375.288539775686
3,553,297.084208754047
4,553,336.995999269328
5,553,292.94827692516
6,553,268.41148357284
7,553,350.744685284459
8,553,525.556649808823
9,553,299.076874086702
10,553,169.78081009643
11,553,236.714741912048
12,553,282.621023427899
13,553,204.742413589187
14,553,322.403571985512
15,553,259.15601369224
16,553,353.506773448345
17,553,375.365194490225
18,553,192.333517697909
1,554,342.264599647635
2,554,377.946999974541
3,554,253.175653933478
4,554,238.520192984591
5,554,186.759563912575
6,554,377.099321800361
7,554,494.710294255794
8,554,290.260408270622
9,554,390.411483846119
10,554,402.034126707952
11,554,305.987768295271
12,554,301.488659897823
13,554,490.943627261031
14,554,267.89848836115
15,554,224.221918348069
16,554,403.105397165473
17,554,258.272845949624
18,554,208.797036294078
1,555,275.208292063035
2,555,243.454616015358
3,555,234.638326025193
4,555,517.678243562125
5,555,299.305828721068
6,555,341.81788841273
7,555,179.094544151646
8,555,306.134068483384
9,555,193.008838153177
10,555,334.87214848277
11,555,355.920371035637
12,555,269.224929150053
13,555,262.148565073264
14,555,411.508958459786
15,555,229.18061921883
16,555,321.814254184477
17,555,336.390900857105
18,555,357.130527961127
1,556,290.155731624848
2,556,310.270061655051
3,556,235.732736479758
4,556,374.999358541753
5,556,258.811370333216
6,556,232.907942805615
7,556,273.151671300075
8,556,248.495660197392
9,556,387.830837848859
10,556,255.366880457776
11,556,530.34918461093
12,556,286.738440766641
13,556,373.771040974896
14,556,260.162606470172
15,556,315.307019549645
16,556,392.81177318749
17,556,417.19460172932
18,556,282.189151226661
1,557,202.569966165763
2,557,277.740690965401
3,557,279.275883565069
4,557,296.381520591614
5,557,388.773491207592
6,557,234.003402350825
7,557,201.010304939306
8,557,360.12916461524
9,557,296.533635889659
10,557,325.491310089417
11,557,216.45955515536
12,557,251.704085228515
13,557,283.051117414733
14,557,495.862859446363
15,557,454.125108301326
16,557,301.170388822065
17,557,386.479843207317
18,557,260.185939040362
1,558,272.469045022196
2,558,292.183163020781
3,558,211.774049443434
4,558,298.03879796321
5,558,315.903687114799
6,558,227.656814295612
7,558,209.077028761216
8,558,530.866454605538
9,558,266.003307172687
10,558,333.076214225904
11,558,263.381665493333
12,558,434.630295849788
13,558,272.565950214628
14,558,334.135771899392
15,558,358.017680786706
16,558,262.159665505795
17,558,256.051096450222
18,558,386.523616526027
1,559,411.394098922347
2,559,314.788637979149
3,559,220.131402418898
4,559,364.671704058041
5,559,249.11627165102
6,559,286.929694611534
7,559,415.467641936986
8,559,200.459136488265
9,559,357.675799930014
10,559,320.54268844084
11,559,318.772060741242
12,559,318.158518580493
13,559,277.474258988913
14,559,309.807077504315
15,559,275.110712568938
16,559,317.059064665798
17,559,257.097042573307
18,559,322.200979397107
1,560,426.795500500342
2,560,237.567958422915
3,560,266.142481722955
4,560,260.470052461505
5,560,396.344633319359
6,560,275.409820034064
7,560,379.092745854279
8,560,294.628912000632
9,560,255.543114245175
10,560,365.390534563993
11,560,255.293680621705
12,560,265.982736725075
13,560,266.152779303094
14,560,376.408283535705
15,560,498.124302139401
16,560,215.40855339312
17,560,242.224968439092
18,560,232.236082047477
1,561,219.034591551468
2,561,312.131168845594
3,561,309.470358881967
4,561,272.750884714172
5,561,264.002137268352
6,561,347.79741697266
7,561,182.077187879229
8,561,409.924926410748
9,561,306.543388242553
10,561,367.190048128486
11,561,292.780400551432
12,561,300.503630878958
13,561,278.547032017462
14,561,260.665656659382
15,561,381.160798094388
16,561,304.83137975507
17,561,222.242033480061
18,561,329.936092140686
1,562,240.358511195147
2,562,176.917244253578
3,562,290.025910805617
4,562,291.447940060862
5,562,333.407623907535
6,562,416.135189133019
7,562,372.35940542488
8,562,247.88515887542
9,562,342.438124585937
10,562,304.137268890115
11,562,337.013885089474
12,562,271.633128143306
13,562,253.624574416235
14,562,382.959081750703
15,562,306.698091594953
16,562,351.673931401259
17,562,255.557243157673
18,562,169.78081009643
1,563,266.535284131357
2,563,309.135535533045
3,563,485.894615906726
4,563,296.333108554807
5,563,171.854251194212
6,563,265.699253457116
7,563,234.947483621608
8,563,337.298533197689
9,563,280.655212452992
10,563,348.851372821088
11,563,371.491422275356
12,563,238.49616665645
13,563,385.722571722598
14,563,250.653859147759
15,563,285.617298914184
16,563,273.668779672094
17,563,179.350135893857
18,563,273.791513251512
1,564,180.676138955082
2,564,207.714918606093
3,564,313.423613226244
4,564,323.812561569557
5,564,352.28707181533
6,564,254.263728139092
7,564,336.811966668274
8,564,394.279480157074
9,564,267.12856151731
10,564,342.410670846198
11,564,199.257850955674
12,564,272.098117028831
13,564,297.955246239588
14,564,337.864507759975
15,564,238.2037356667
16,564,280.508909731821
17,564,307.215951750572
18,564,371.700468402439
1,565,362.032759443978
2,565,286.887589586117
3,565,320.452399390279
4,565,320.183635242623
5,565,246.975857294212
6,565,530.866454605538
7,565,314.096321911622
8,565,335.47768308697
9,565,216.229133019231
10,565,281.954877279991
11,565,285.927154573149
12,565,363.058228108811
13,565,336.293352725121
14,565,284.097302256166
15,565,335.573517004461
16,565,327.390853727523
17,565,384.45816752431
18,565,393.116982018271
1,566,337.460993653973
2,566,225.885297935137
3,566,276.998419469012
4,566,273.197495175738
5,566,432.725280210338
6,566,283.646336966951
7,566,254.997854235906
8,566,481.976279386933
9,566,436.735133171771
10,566,290.446549544884
11,566,337.904939047237
12,566,226.45778309196
13,566,344.0497932531
14,566,260.469692668198
15,566,288.306377203235
16,566,243.727619179531
17,566,178.250254208319
18,566,212.712576492685
1,567,366.18193716657
2,567,215.28084476128
3,567,258.272296055151
4,567,236.832588853414
5,567,288.263664521825
6,567,344.754342558352
7,567,275.001245911
8,567,236.622448034182
9,567,344.784198439412
10,567,306.951946672217
11,567,422.641600479364
12,567,292.298952879468
13,567,381.174294539241
14,567,272.192370681328
15,567,374.508089635349
16,567,306.205819091276
17,567,262.270488706595
18,567,303.733481251542
1,568,316.462346953469
2,568,449.654006944761
3,568,382.679036388789
4,568,269.69029630425
5,568,295.903455675041
6,568,359.382339175601
7,568,207.529987316721
8,568,314.461812976457
9,568,316.812704111239
10,568,397.11344772091
11,568,348.097378845877
12,568,360.164299239618
13,568,329.33535108558
14,568,369.899143355063
15,568,530.866454605538
16,568,308.058928294722
17,568,375.333281308449
18,568,394.895060533306
1,569,220.194987681159
2,569,293.176094408107
3,569,272.437693553464
4,569,245.390519146226
5,569,246.519530610984
6,569,256.373668746725
7,569,255.802783010743
8,569,373.125659421031
9,569,352.062225712
10,569,293.121754543685
11,569,299.554282161165
12,569,469.431464971599
13,569,216.067704139965
14,569,312.068985273082
15,569,349.612986150522
16,569,317.959646388073
17,569,268.071776933388
18,569,333.621257003722
1,570,285.061487915704
2,570,257.493225320374
3,570,297.875115061387
4,570,311.991152238326
5,570,300.527752719397
6,570,397.6203357309
7,570,373.664765038822
8,570,366.065870500474
9,570,254.274638249272
10,570,371.038941956612
11,570,302.420423980451
12,570,366.492639193529
13,570,325.399251444859
14,570,268.136149032288
15,570,313.156882749977
16,570,261.318455876356
17,570,276.268214512066
18,570,450.719870763094
1,571,420.19527906105
2,571,269.785258732276
3,571,265.268183234682
4,571,400.216669825986
5,571,297.699561068621
6,571,323.902877378647
7,571,294.069818217929
8,571,397.368943686377
9,571,320.410074791879
10,571,281.848230496195
11,571,368.109299638863
12,571,375.34433253256
13,571,337.179296046353
14,571,431.218985430879
15,571,270.447706704987
16,571,284.79278218818
17,571,268.399984013563
18,571,372.339421542133
1,572,296.04228723239
2,572,281.751961789023
3,572,169.78081009643
4,572,308.174768070371
5,572,287.411477259917
6,572,530.866454605538
7,572,227.232586049905
8,572,364.186181519542
9,572,342.842538245731
10,572,296.892249811693
11,572,329.74077491066
12,572,369.208100084723
13,572,284.028183587393
14,572,256.816070481772
15,572,257.200599415961
16,572,175.691264562383
17,572,282.045015521164
18,572,297.582808861093
1,573,414.549438726336
2,573,339.473622092765
3,573,368.667284890602
4,573,226.43504530445
5,573,337.669616432001
6,573,245.086289745593
7,573,319.173433431698
8,573,447.791414072823
9,573,217.158606941593
10,573,297.318821489292
11,573,293.112723764243
12,573,346.762668137529
13,573,488.994635195454
14,573,175.074681182626
15,573,396.122643059437
16,573,251.456529178681
17,573,304.886910687024
18,573,388.321602610092
1,574,432.536780191325
2,574,426.174319371412
3,574,458.213902473246
4,574,180.252984852865
5,574,261.169830507763
6,574,276.632362707589
7,574,343.152861825379
8,574,238.762956984789
9,574,267.337365950239
10,574,296.593166414178
11,574,191.865489907896
12,574,327.692513909183
13,574,294.811049722792
14,574,379.664369363081
15,574,231.603957205644
16,574,293.007776873658
17,574,392.471921765087
18,574,191.12670107952
1,575,358.285874424717
2,575,292.608461808327
3,575,217.480118882574
4,575,249.764614252104
5,575,240.243590610654
6,575,315.256150100567
7,575,437.963447977987
8,575,316.37783855803
9,575,262.006681906985
10,575,276.792421111686
11,575,334.38378361778
12,575,304.693750645644
13,575,344.936137121733
14,575,308.125094018681
15,575,301.423293533138
16,575,225.556784736158
17,575,224.990361296242
18,575,235.094643470385
1,576,294.995297177374
2,576,292.273677730177
3,576,500.364424997861
4,576,398.708500807221
5,576,397.488379103136
6,576,354.033343312544
7,576,277.308972452358
8,576,328.919613622368
9,576,292.652810274764
10,576,239.002854896773
11,576,322.852347355927
12,576,244.108391617333
13,576,530.232441013468
14,576,277.600228416609
15,576,296.639595573927
16,576,223.568183514718
17,576,217.954668628248
18,576,350.805252875142
1,577,338.710928003728
2,577,408.575041967741
3,577,243.667306495479
4,577,263.281721634799
5,577,526.039881036359
6,577,364.537867676145
7,577,300.912286725601
8,577,268.255798529705
9,577,264.015403343066
10,577,249.868580590683
11,577,366.568325839999
12,577,285.433030277707
13,577,282.450426810118
14,577,227.880095230527
15,577,466.48303184988
16,577,329.924525043319
17,577,252.293596629231
18,577,287.939009690995
1,578,244.856880658172
2,578,269.710254378779
3,578,244.793766399507
4,578,368.296364321271
5,578,362.364453959821
6,578,370.235316130087
7,578,280.875260135009
8,578,260.62755101022
9,578,169.78081009643
10,578,352.098234609666
11,578,238.402971533665
12,578,452.74473067025
13,578,282.120214621745
14,578,307.566699172869
15,578,376.121747439617
16,578,254.124313663481
17,578,332.394728508815
18,578,397.645854251636
1,579,315.01026225169
2,579,464.644743827831
3,579,270.20964423196
4,579,366.392202853205
5,579,355.831036516457
6,579,315.182456968965
7,579,409.184980406137
8,579,288.48565674035
9,579,287.007433956836
10,579,308.27230804478
11,579,352.359269829125
12,579,240.768465911341
13,579,220.502885799172
14,579,234.174819946334
15,579,263.900354706198
16,579,368.145988511247
17,579,327.974343496532
18,579,303.930377599919
1,580,363.106025310102
2,580,387.775461113399
3,580,204.062169131922
4,580,289.906702353839
5,580,283.697919324675
6,580,408.759710973447
7,580,271.367185487134
8,580,308.927235890356
9,580,393.467180016135
10,580,422.951798171317
11,580,360.486734761664
12,580,294.878956467383
13,580,324.792992173266
14,580,179.804687167713
15,580,213.62981240336
16,580,199.755675477343
17,580,385.763919837513
18,580,361.945316907253
1,581,390.379563214932
2,581,357.200474944033
3,581,284.948948974568
4,581,337.332125909288
5,581,349.387334064547
6,581,405.320704359641
7,581,247.731749954914
8,581,325.13170521954
9,581,217.577704035769
10,581,191.018182447395
11,581,206.765861797803
12,581,187.262882123376
13,581,241.491330559832
14,581,219.600654735707
15,581,464.179243136161
16,581,359.853590167197
17,581,281.338871000499
18,581,271.079355849964
1,582,426.538627220766
2,582,317.866404632389
3,582,247.525656044906
4,582,289.582621960721
5,582,301.663040564414
6,582,290.725287795567
7,582,511.921477714792
8,582,378.094792267554
9,582,344.480030539193
10,582,263.451469975636
11,582,434.449391561672
12,582,364.401087560388
13,582,199.193685974246
14,582,253.131881384658
15,582,442.063403241874
16,582,189.879836668511
17,582,268.320350692202
18,582,308.484159722187
1,583,226.848072282871
2,583,405.264733464277
3,583,261.656553999694
4,583,270.92946703107
5,583,202.539323308595
6,583,299.987914624826
7,583,259.025716788871
8,583,268.178823014461
9,583,283.198142490034
10,583,392.40326012016
11,583,253.856201852076
12,583,255.765935723268
13,583,304.369129908079
14,583,323.855282032283
15,583,191.701696417769
16,583,214.285598648794
17,583,301.773145953877
18,583,369.003205244115
1,584,314.081862034383
2,584,257.350770058249
3,584,283.790931851526
4,584,377.677091814192
5,584,359.198881639983
6,584,225.788739669462
7,584,379.186437562698
8,584,254.252671772275
9,584,343.354569189928
10,584,288.758950798427
11,584,286.643617536648
12,584,343.310627714196
13,584,530.866454605538
14,584,296.248838660483
15,584,245.37987436076
16,584,383.974915894501
17,584,277.084453572573
18,584,295.413551430398
1,585,238.006603899095
2,585,331.800278066661
3,585,210.919507561331
4,585,224.071872337769
5,585,334.343105023172
6,585,416.383427027957
7,585,370.562777707956
8,585,358.585493337196
9,585,204.594347975142
10,585,333.407998106675
11,585,250.639839684002
12,585,303.236988934987
13,585,412.903099576723
14,585,205.553765174991
15,585,370.018284213088
16,585,191.931892228135
17,585,213.744858365013
18,585,315.219169214581
1,586,443.60880408126
2,586,260.585605477149
3,586,239.89331409008
4,586,297.099210587906
5,586,380.189354231538
6,586,367.135912670678
7,586,292.109707004167
8,586,380.836595788386
9,586,311.998661576137
10,586,293.057071233535
11,586,301.719596604385
12,586,393.57654386078
13,586,246.063850455523
14,586,233.221464799485
15,586,276.940880150817
16,586,290.714475963944
17,586,343.107156385352
18,586,328.77403915782
1,587,459.646250058155
2,587,278.465903188144
3,587,473.951864553828
4,587,419.557024658805
5,587,365.719533943572
6,587,321.791157101114
7,587,313.979867862706
8,587,190.521908524592
9,587,206.953072462582
10,587,246.507866804625
11,587,304.690808269004
12,587,405.125552948784
13,587,236.789956395701
14,587,321.636191057261
15,587,176.559395646228
16,587,530.866454605538
17,587,284.817922285072
18,587,188.734859986495
1,588,384.426435414526
2,588,402.43180493892
3,588,360.089314752817
4,588,374.590283806124
5,588,283.414113680375
6,588,411.294795609846
7,588,282.108719891067
8,588,188.474748209826
9,588,473.13620653886
10,588,398.552522140711
11,588,356.726526851138
12,588,219.410781722698
13,588,373.558165185986
14,588,288.901741466254
15,588,396.411936717337
16,588,480.53146044215
17,588,264.201289304441
18,588,339.444398936286
1,589,415.743478130385
2,589,390.183711903996
3,589,302.263637594031
4,589,260.105150147067
5,589,347.75528066178
6,589,352.226618334833
7,589,244.264350650283
8,589,204.078328548036
9,589,341.887739733365
10,589,297.028129179001
11,589,248.87553658672
12,589,298.823540872841
13,589,381.067438229483
14,589,319.96903899512
15,589,284.468981440515
16,589,251.485059177648
17,589,302.407738456056
18,589,281.318364538807
1,590,301.096998605359
2,590,364.08991014184
3,590,383.668052795561
4,590,212.248111121428
5,590,340.788287568775
6,590,272.376335423801
7,590,346.293091932013
8,590,177.169761196326
9,590,530.866454605538
10,590,295.574404495268
11,590,283.850113630284
12,590,318.885140578683
13,590,240.475088904835
14,590,300.57205050214
15,590,331.647246885991
16,590,275.32037819442
17,590,373.110971334568
18,590,266.58204478192
1,591,343.721634526491
2,591,279.850220412504
3,591,193.733525065912
4,591,322.04442026628
5,591,307.146682067347
6,591,357.962382118323
7,591,441.543060631962
8,591,301.18567111214
9,591,402.327108299823
10,591,301.363601700707
11,591,263.721215351701
12,591,265.965485303431
13,591,377.815043352192
14,591,301.352979059873
15,591,359.546674178909
16,591,306.779719321406
17,591,237.606375546592
18,591,307.440758999967
1,592,239.325543669271
2,592,182.989164772003
3,592,240.388255922305
4,592,208.864903632226
5,592,223.145388959674
6,592,250.386333268513
7,592,361.844101979173
8,592,269.919795821287
9,592,266.588231135801
10,592,227.670613057869
11,592,287.969020926626
12,592,376.447828532644
13,592,360.569895160144
14,592,358.513170391424
15,592,333.291741873418
16,592,223.733824795341
17,592,318.316838713749
18,592,257.623896536667
1,593,285.454253043768
2,593,396.37338561066
3,593,304.416335186489
4,593,328.328589326858
5,593,333.534839868307
6,593,339.702006097885
7,593,230.171206878512
8,593,327.702470736829
9,593,365.838285906921
10,593,235.996333972982
11,593,263.319894952022
12,593,181.495130248342
13,593,319.168864982966
14,593,289.39996657704
15,593,227.081337424706
16,593,266.939904638165
17,593,211.112017919855
18,593,370.286228423894
1,594,247.966681684139
2,594,339.512870858762
3,594,280.00801340792
4,594,331.949582150973
5,594,255.499347442168
6,594,370.607043917619
7,594,292.196303959865
8,594,333.914663932574
9,594,334.728379316631
10,594,357.785912041119
11,594,303.694999720092
12,594,331.210308825327
13,594,260.856786255669
14,594,176.317008138709
15,594,374.604680812859
16,594,303.707537587847
17,594,245.405758984748
18,594,239.126416036961
1,595,294.173611555402
2,595,189.220984503353
3,595,406.073969995402
4,595,282.31610689298
5,595,304.779511127514
6,595,331.327485516275
7,595,199.785742942936
8,595,443.432717701955
9,595,453.399276719468
10,595,203.857618570135
11,595,219.642041875373
12,595,321.805761085221
13,595,356.660254742233
14,595,169.78081009643
15,595,530.866454605538
16,595,237.095858578814
17,595,281.119141185667
18,595,295.638141144409
1,596,271.082659379107
2,596,256.250216112528
3,596,302.663623209668
4,596,421.447411747518
5,596,412.829149546058
6,596,214.882350358281
7,596,265.183037180261
8,596,455.597180186194
9,596,434.873238478782
10,596,233.156274794065
11,596,468.998482158419
12,596,235.297753999935
13,596,256.406255792074
14,596,313.489168617172
15,596,285.041208009711
16,596,189.546941452732
17,596,221.672738874053
18,596,364.149564526037
1,597,169.78081009643
2,597,332.708620154604
3,597,211.558082981179
4,597,287.370885643883
5,597,295.840625654676
6,597,404.651788846839
7,597,266.296593484529
8,597,261.703054140953
9,597,366.156380416916
10,597,271.146930823293
11,597,336.284866321861
12,597,383.209902021825
13,597,249.408902045364
14,597,357.951925405893
15,597,273.012251049392
16,597,335.013725576994
17,597,269.354656569735
18,597,444.275261481696
1,598,380.977656657895
2,598,284.835266673464
3,598,169.78081009643
4,598,408.167435941325
5,598,285.702755210192
6,598,216.046760620263
7,598,307.261789162385
8,598,300.122880254881
9,598,267.104984556388
10,598,383.144704802623
11,598,243.569519950943
12,598,312.066114788293
13,598,220.261750822543
14,598,327.039543123657
15,598,322.435269561001
16,598,208.522255604098
17,598,273.06906076129
18,598,353.000980327942
1,599,399.368655241679
2,599,340.908073370181
3,599,274.27442851741
4,599,508.883257431611
5,599,266.546537349137
6,599,225.556445223394
7,599,253.91201026214
8,599,413.773012100616
9,599,270.859047356101
10,599,339.124275480874
11,599,444.443975386831
12,599,274.975058015717
13,599,254.854590705924
14,599,265.142715134125
15,599,530.866454605538
16,599,247.366184910687
17,599,322.61527022907
18,599,369.634368276838
1,600,226.849320936316
2,600,330.887162852649
3,600,376.258254765969
4,600,297.208045320304
5,600,246.107663348692
6,600,284.855202946881
7,600,326.464777979908
8,600,264.194265144405
9,600,353.191377784241
10,600,281.018152577386
11,600,254.670323588088
12,600,429.536929431578
13,600,210.124395901542
14,600,322.770446273656
15,600,280.10525305278
16,600,290.912333355489
17,600,291.297466164952
18,600,244.953395192847
1,601,255.962583513137
2,601,263.773893206139
3,601,375.309672065116
4,601,377.681637673965
5,601,359.935030034091
6,601,373.297795721442
7,601,508.963386561421
8,601,530.866454605538
9,601,267.895949531374
10,601,196.402745140817
11,601,340.741401514867
12,601,250.081515413624
13,601,326.613015186268
14,601,226.359440008424
15,601,337.207649839667
16,601,222.248079581737
17,601,477.926349633386
18,601,238.964051501171
1,602,392.083389682884
2,602,238.238845406702
3,602,328.822958419195
4,602,267.622523773322
5,602,352.002613805695
6,602,413.16494604175
7,602,454.848543941462
8,602,315.87801115825
9,602,228.434049479073
10,602,249.28843801533
11,602,481.930963425796
12,602,308.025038806532
13,602,268.834842867164
14,602,338.09940173573
15,602,211.721056950082
16,602,269.713130121895
17,602,244.490081579881
18,602,169.78081009643
1,603,334.946108304261
2,603,262.099058248828
3,603,315.310048170123
4,603,367.645202708252
5,603,295.412794124329
6,603,381.382453889642
7,603,238.798609161933
8,603,300.469719173536
9,603,233.922042891984
10,603,408.786615610863
11,603,361.731931957527
12,603,221.960099956873
13,603,349.135051103744
14,603,330.654762255522
15,603,349.707992550456
16,603,504.095003777667
17,603,245.766157131911
18,603,318.915171843226
1,604,363.555432859952
2,604,287.856431921389
3,604,271.993912298069
4,604,324.926872302005
5,604,364.542885617459
6,604,224.003721175212
7,604,286.672417230182
8,604,280.065839041978
9,604,302.279518987135
10,604,437.331305904133
11,604,243.877011436592
12,604,289.065171446575
13,604,205.599535274456
14,604,255.995540289033
15,604,287.444586918224
16,604,270.112773530202
17,604,258.464595080556
18,604,325.273045999153
1,605,294.076126785221
2,605,252.053047406985
3,605,226.68467901023
4,605,353.512084518138
5,605,227.755486457814
6,605,365.991649556889
7,605,291.628986537987
8,605,329.562013680005
9,605,203.901997230324
10,605,296.314350789977
11,605,312.991572915937
12,605,462.502912514026
13,605,382.158789272698
14,605,270.189254130648
15,605,503.772584825477
16,605,217.113873999848
17,605,328.910275086203
18,605,323.765092408745
1,606,385.720603114365
2,606,338.55371345164
3,606,293.833959588576
4,606,268.306205315346
5,606,216.418294706555
6,606,397.672471847873
7,606,297.018234862639
8,606,257.617988425931
9,606,373.515548262852
10,606,362.828082637072
11,606,319.478341509438
12,606,199.545127658421
13,606,335.198230159175
14,606,530.866454605538
15,606,208.295501555715
16,606,259.028610360655
17,606,393.403119933455
18,606,310.718144403443
1,607,332.824351451698
2,607,323.612392248923
3,607,273.076258799443
4,607,344.426023887631
5,607,316.546390265428
6,607,230.84838118901
7,607,196.348441187154
8,607,296.436565063487
9,607,175.073546299768
10,607,261.955277963901
11,607,291.64991506964
12,607,530.866454605538
13,607,169.78081009643
14,607,379.247757868257
15,607,251.209180660145
16,607,185.607182447059
17,607,220.272072966757
18,607,343.668709378649
1,608,284.202823487205
2,608,302.26564367382
3,608,270.973749792192
4,608,289.058323866378
5,608,208.085967215029
6,608,369.838678354689
7,608,398.938141945644
8,608,352.962300421033
9,608,220.947103898813
10,608,276.259796756452
11,608,344.994165033857
12,608,338.330245394242
13,608,173.254263931171
14,608,206.862655302387
15,608,248.559904222136
16,608,190.073656552936
17,608,366.503930548902
18,608,271.635419767704
1,609,375.409491430591
2,609,286.945814454172
3,609,410.376884382166
4,609,169.78081009643
5,609,249.92568567483
6,609,372.342757148119
7,609,321.788036245787
8,609,280.239943210589
9,609,429.076099693661
10,609,272.270058989392
11,609,530.866454605538
12,609,296.427883273029
13,609,244.449799203639
14,609,287.264486767491
15,609,354.216721140037
16,609,407.577369433042
17,609,378.077025479433
18,609,240.739941260757
1,610,186.754226614759
2,610,342.002480157638
3,610,307.054718338428
4,610,454.021475184444
5,610,325.025144128236
6,610,420.708877336873
7,610,282.426783952189
8,610,295.927368355531
9,610,285.346878755113
10,610,434.025141221479
11,610,357.037981970162
12,610,254.513321030965
13,610,305.825763154396
14,610,242.713287993424
15,610,169.78081009643
16,610,252.203315407166
17,610,267.372402664199
18,610,260.238595122434
1,611,366.503024437777
2,611,205.5626483778
3,611,276.345925703435
4,611,322.053618233642
5,611,307.695888077952
6,611,257.27412872566
7,611,400.792215704186
8,611,530.866454605538
9,611,300.60897578094
10,611,309.293732105519
11,611,415.102744131545
12,611,357.897257842417
13,611,341.192889165203
14,611,220.684341534312
15,611,269.543886581469
16,611,217.906792853342
17,611,236.031867565434
18,611,231.965963626747
1,612,371.003043519844
2,612,203.669102191374
3,612,318.586856864293
4,612,271.025482827661
5,612,319.28971924255
6,612,221.410732298282
7,612,358.390682168268
8,612,320.248891989513
9,612,351.642222002366
10,612,247.434276117335
11,612,233.749622129457
12,612,200.814446772475
13,612,258.329993252393
14,612,244.443895863683
15,612,306.372190629696
16,612,283.243538170974
17,612,336.414445181077
18,612,345.776018381073
1,613,299.107495839997
2,613,356.472698162006
3,613,410.827444212532
4,613,346.691239187072
5,613,379.9339461347
6,613,426.892199608637
7,613,324.171364609109
8,613,295.386060252561
9,613,339.292827996764
10,613,334.584840108041
11,613,307.900688978737
12,613,257.885011350408
13,613,345.030981517835
14,613,244.22657514407
15,613,258.465400468783
16,613,279.708795035415
17,613,250.214505292533
18,613,280.738831131863
1,614,529.787676905092
2,614,376.094152835941
3,614,248.214563540701
4,614,530.866454605538
5,614,257.434375986805
6,614,314.955506937938
7,614,405.080107340553
8,614,395.925470825095
9,614,384.356496454979
10,614,242.97683479597
11,614,215.424776984932
12,614,420.292407315332
13,614,294.549220716621
14,614,317.575457935176
15,614,333.58205476761
16,614,195.393081647254
17,614,289.786291051669
18,614,370.821499856574
1,615,339.905451034172
2,615,404.497166176371
3,615,268.442026272385
4,615,293.112129456167
5,615,301.39212069472
6,615,280.491954391291
7,615,266.779304694289
8,615,236.586913792881
9,615,280.86714899307
10,615,216.528040428535
11,615,208.882055466607
12,615,262.05701651863
13,615,217.007133472717
14,615,520.093722609906
15,615,324.771893891679
16,615,371.677251136928
17,615,263.521237996209
18,615,207.47391885671
1,616,265.906673916393
2,616,397.369405517554
3,616,387.543616914831
4,616,244.126675854435
5,616,185.480198649121
6,616,274.036380885651
7,616,277.894268212547
8,616,365.330664230124
9,616,256.730516643229
10,616,204.329953194444
11,616,352.002295118819
12,616,248.978316567945
13,616,322.403378382309
14,616,285.329028385478
15,616,268.075920621598
16,616,321.670163871049
17,616,336.933708333708
18,616,238.128882838774
1,617,278.016153440129
2,617,387.996800400882
3,617,279.783686477925
4,617,207.592338294332
5,617,224.325081603412
6,617,358.274079409607
7,617,267.413559551166
8,617,312.645578927004
9,617,429.474422730799
10,617,395.385916565517
11,617,307.702656462736
12,617,278.425915290526
13,617,322.112664697531
14,617,258.09333718959
15,617,311.357377718868
16,617,384.1864246512
17,617,256.727384495645
18,617,376.260064345898
1,618,369.787922503834
2,618,355.362295549565
3,618,349.696634795899
4,618,267.094103755382
5,618,373.396318811766
6,618,337.881335914981
7,618,169.78081009643
8,618,323.403886517105
9,618,339.971612735004
10,618,322.83007440082
11,618,293.637197534813
12,618,346.023221829465
13,618,261.708798491429
14,618,410.157551089179
15,618,332.456440282532
16,618,266.867145910569
17,618,367.752005351019
18,618,411.932352956693
1,619,246.933962030725
2,619,239.974638845431
3,619,246.633009901492
4,619,188.254307425747
5,619,282.164368483269
6,619,200.375202031649
7,619,400.202588653801
8,619,331.455561079219
9,619,274.453661867112
10,619,234.248039482193
11,619,351.885266059692
12,619,336.917556984531
13,619,279.944747688687
14,619,436.186534993745
15,619,194.40022987227
16,619,297.306617509563
17,619,313.810935793859
18,619,345.817249476016
1,620,231.666726810471
2,620,374.364270674271
3,620,268.056033682824
4,620,359.937008373504
5,620,265.600306546695
6,620,228.844652466273
7,620,219.638449098085
8,620,396.117528330044
9,620,300.909199637505
10,620,219.255580568001
11,620,289.42077872433
12,620,247.396036332608
13,620,215.217141055637
14,620,320.847704922895
15,620,257.352021359368
16,620,242.765961607767
17,620,398.889033701723
18,620,312.277440744778
1,621,329.231358907053
2,621,437.183367445262
3,621,314.391553630975
4,621,207.50829734428
5,621,332.377729684199
6,621,431.483411618986
7,621,263.3577099724
8,621,530.866454605538
9,621,316.712485521509
10,621,317.303462613332
11,621,330.904345859472
12,621,388.315796703342
13,621,233.883059973633
14,621,421.695364061289
15,621,433.890562854284
16,621,424.152971391584
17,621,326.650033890544
18,621,169.78081009643
1,622,298.418447294107
2,622,346.417803796972
3,622,362.514184764369
4,622,318.72910093587
5,622,421.039737709248
6,622,365.952510526984
7,622,298.626472572471
8,622,257.347602327987
9,622,240.864175350845
10,622,419.776333767082
11,622,319.693281792027
12,622,414.747697217564
13,622,186.557563594145
14,622,253.893234964003
15,622,181.155749258491
16,622,342.573803500001
17,622,362.37105354856
18,622,245.392132067838
1,623,377.333396371883
2,623,397.629380060673
3,623,399.641458311761
4,623,244.787875290433
5,623,278.707095874229
6,623,402.35960783339
7,623,301.488163746662
8,623,445.109038968033
9,623,402.146115181215
10,623,387.24754618402
11,623,232.133965334264
12,623,362.351091270553
13,623,305.31482570566
14,623,417.845213152029
15,623,238.164624373755
16,623,303.603130600539
17,623,326.626298732509
18,623,336.309878698551
1,624,274.598456643308
2,624,479.952267986014
3,624,334.710176515684
4,624,227.074213756915
5,624,169.78081009643
6,624,305.89171627529
7,624,362.053672577897
8,624,353.436195695627
9,624,300.463314255434
10,624,272.503749329224
11,624,276.098554973949
12,624,362.277065629271
13,624,274.929936242534
14,624,438.477252969731
15,624,262.575549449652
16,624,478.330487841467
17,624,326.255903372042
18,624,303.805891877143
1,625,212.712835287789
2,625,391.245814245572
3,625,290.134177091434
4,625,250.86078417233
5,625,228.453269299068
6,625,297.99663245987
7,625,266.937931477603
8,625,378.395439201592
9,625,327.667837390464
10,625,233.006716177804
11,625,266.153946046332
12,625,295.845048723517
13,625,319.380561459333
14,625,255.033623776342
15,625,405.134903471538
16,625,264.843365840717
17,625,288.889653605959
18,625,322.915639804053
1,626,312.928706056139
2,626,247.725103004742
3,626,302.458638094732
4,626,382.595769190425
5,626,213.897654459969
6,626,250.408018760986
7,626,416.448402076582
8,626,459.515341862931
9,626,334.467259828135
10,626,169.78081009643
11,626,344.80762940894
12,626,293.336665338912
13,626,363.32755955768
14,626,281.598870627764
15,626,224.478073062499
16,626,266.762960426135
17,626,283.429925593165
18,626,247.576461344433
1,627,366.891692336136
2,627,297.05625185325
3,627,304.707869295968
4,627,250.008625840807
5,627,349.754619466789
6,627,290.669101391295
7,627,380.085282294466
8,627,270.083045592234
9,627,272.502278294259
10,627,289.432371776641
11,627,226.827078410998
12,627,420.681342754609
13,627,450.967158992912
14,627,260.784143575291
15,627,325.262295836573
16,627,315.297707818599
17,627,287.761831763044
18,627,324.086926752082
1,628,322.515392456169
2,628,264.907786784327
3,628,287.446931987308
4,628,342.455797028212
5,628,335.189318841621
6,628,236.581885038631
7,628,428.558935149399
8,628,306.59710197332
9,628,381.036873405098
10,628,255.819694295026
11,628,268.414697149165
12,628,310.554576230877
13,628,324.754650607872
14,628,336.816883927526
15,628,340.280413750176
16,628,242.661101263506
17,628,363.610525170621
18,628,281.941777320226
1,629,323.579819029129
2,629,185.583310302534
3,629,304.204013017469
4,629,299.928795451694
5,629,271.007018705846
6,629,377.17340954922
7,629,268.312813496498
8,629,418.626342857866
9,629,271.835014133411
10,629,301.109618236794
11,629,259.116875816614
12,629,346.927563339759
13,629,353.182606981309
14,629,327.161473853268
15,629,248.229367036121
16,629,236.464315717173
17,629,299.591384004739
18,629,254.751969328738
1,630,261.947146768562
2,630,390.307984527299
3,630,344.198269832277
4,630,468.854573309078
5,630,347.38795726732
6,630,296.156626440039
7,630,218.798311679222
8,630,367.275626758843
9,630,243.985427921768
10,630,409.996725762534
11,630,492.143536310699
12,630,238.205868931544
13,630,240.670114719331
14,630,367.030404446983
15,630,290.302832642688
16,630,376.058109812435
17,630,362.760340008635
18,630,297.211580178731
1,631,244.138116857723
2,631,404.860236233592
3,631,253.569008878671
4,631,376.413679645323
5,631,360.937438151684
6,631,181.139567765856
7,631,187.54040117908
8,631,244.220153351211
9,631,442.865693336198
10,631,262.945720124107
11,631,280.831930728684
12,631,267.031531566167
13,631,169.78081009643
14,631,411.610667004084
15,631,367.683459304328
16,631,316.602920346193
17,631,219.02341606559
18,631,413.658150044354
1,632,348.870700824319
2,632,347.344701109909
3,632,362.886782185877
4,632,306.951257773813
5,632,350.246476035425
6,632,305.403445960861
7,632,389.431242678573
8,632,347.409681395493
9,632,350.698245150088
10,632,355.029004521145
11,632,275.300433937154
12,632,348.319257807935
13,632,386.132077319691
14,632,328.724281755634
15,632,238.001414517668
16,632,262.207747741023
17,632,255.543117135558
18,632,372.580572656258
1,633,329.712609618074
2,633,265.328240853857
3,633,394.858982126867
4,633,325.370739578881
5,633,313.897473952788
6,633,293.613469518499
7,633,200.228319814751
8,633,530.866454605538
9,633,254.362542423902
10,633,287.195429819729
11,633,253.768502893231
12,633,353.812553903004
13,633,337.735264843107
14,633,272.592558314581
15,633,277.807796012111
16,633,194.364807336714
17,633,414.643494515758
18,633,257.724254630061
1,634,274.946470271014
2,634,346.827383799846
3,634,260.161400429235
4,634,264.792581860971
5,634,189.407329926898
6,634,276.207542862799
7,634,214.659376874809
8,634,362.487712613167
9,634,290.983775461102
10,634,302.092785198751
11,634,447.133584551277
12,634,169.78081009643
13,634,279.407750101161
14,634,284.718736756612
15,634,360.968197639535
16,634,235.769488337912
17,634,269.2925261735
18,634,257.189875900128
1,635,321.958803625722
2,635,296.747062286288
3,635,333.85933992768
4,635,261.400589033503
5,635,278.003951121449
6,635,287.629072871455
7,635,281.827570191045
8,635,221.787240870447
9,635,455.685849137798
10,635,409.375897408495
11,635,288.758839803306
12,635,302.210560773835
13,635,250.827899804529
14,635,322.043574551358
15,635,210.761738129814
16,635,337.502470466117
17,635,183.356663010791
18,635,232.24477995703
1,636,479.470819124132
2,636,292.973766708289
3,636,280.447524352435
4,636,290.224334890135
5,636,263.239598614071
6,636,375.751190874996
7,636,281.868846530382
8,636,355.079129023684
9,636,464.616855613906
10,636,434.983977366227
11,636,266.569284551407
12,636,295.317006760325
13,636,362.315348214133
14,636,246.173033604994
15,636,235.475204103831
16,636,322.704195152684
17,636,418.693060914876
18,636,277.530221164878
1,637,310.620603604463
2,637,199.204508075127
3,637,385.202361440069
4,637,259.787453319826
5,637,332.317171179368
6,637,235.92317335453
7,637,256.000138226814
8,637,510.345837267777
9,637,478.914786348563
10,637,247.227350224623
11,637,358.596576856278
12,637,246.90228965973
13,637,270.569817135649
14,637,369.407261017563
15,637,288.731264749899
16,637,432.482650211989
17,637,390.162398142573
18,637,208.119489751242
1,638,247.039179662133
2,638,238.896417919672
3,638,361.789527126198
4,638,252.416159239211
5,638,235.603357271703
6,638,279.244793990782
7,638,243.830521111033
8,638,248.052157381254
9,638,399.68013670374
10,638,232.650992475266
11,638,198.01401105666
12,638,398.621663660349
13,638,433.404885945315
14,638,410.261507062621
15,638,264.578182495909
16,638,397.711004763564
17,638,278.840730236953
18,638,322.093773460359
1,639,230.857289971401
2,639,358.520861201162
3,639,209.222623922918
4,639,224.60839534461
5,639,211.450491336584
6,639,405.352879212961
7,639,194.857555354388
8,639,336.517250772753
9,639,374.007304111014
10,639,423.616304366776
11,639,482.278697016745
12,639,212.463600494018
13,639,383.155956614373
14,639,212.253636816696
15,639,294.71622974164
16,639,376.381158885291
17,639,260.785696407596
18,639,307.782569062078
1,640,463.535922564166
2,640,310.600770235708
3,640,250.552072091941
4,640,343.707051863859
5,640,245.369476149315
6,640,286.85410909904
7,640,365.636080180024
8,640,243.935811040321
9,640,420.835831366473
10,640,386.712422413685
11,640,289.792237630053
12,640,357.58108809651
13,640,411.921569538566
14,640,213.182167903074
15,640,347.512936148924
16,640,214.138849960566
17,640,268.842168804688
18,640,429.445563914099
1,641,353.394729712789
2,641,459.624436461584
3,641,346.575605211521
4,641,375.804203862715
5,641,169.78081009643
6,641,213.331814233051
7,641,319.352888034723
8,641,173.943261629738
9,641,274.864793989066
10,641,256.664077652716
11,641,333.649313454776
12,641,300.59817379808
13,641,375.40313954211
14,641,254.456126399463
15,641,305.035248032485
16,641,220.283175797932
17,641,348.403718019919
18,641,222.65664327319
1,642,356.00569656043
2,642,530.866454605538
3,642,295.688705427495
4,642,343.551634300798
5,642,398.967613842476
6,642,336.613670834429
7,642,409.21488153718
8,642,236.919629264091
9,642,191.33045055299
10,642,341.02358041107
11,642,288.888938370941
12,642,268.410178723201
13,642,311.878269814581
14,642,230.434908918172
15,642,226.634584887669
16,642,389.542542504964
17,642,393.554759202436
18,642,284.01378203049
1,643,406.568573995863
2,643,353.14686181199
3,643,317.506922313038
4,643,194.386699941366
5,643,393.524808980152
6,643,445.143860887071
7,643,313.551753931181
8,643,291.582045976335
9,643,308.633917630494
10,643,305.766059137427
11,643,212.963239554106
12,643,246.194841392372
13,643,401.140264183444
14,643,292.561128607923
15,643,277.726233645361
16,643,351.095672321708
17,643,403.812573337112
18,643,244.680170179443
1,644,303.155922502127
2,644,258.209427265244
3,644,319.111621942235
4,644,430.167802099144
5,644,402.513573438429
6,644,317.824569216236
7,644,290.084192405728
8,644,260.85553252465
9,644,185.446711174656
10,644,232.231649996237
11,644,312.994423001154
12,644,210.415330957544
13,644,333.464059937452
14,644,336.3009386606
15,644,246.600135835474
16,644,316.464199549416
17,644,346.692139350267
18,644,225.804211743699
1,645,186.500148502737
2,645,352.270417313557
3,645,399.793134662277
4,645,488.054830571212
5,645,333.335762043465
6,645,206.367869400329
7,645,228.94817853255
8,645,266.744784391176
9,645,363.877224902271
10,645,322.77881348968
11,645,285.518720828997
12,645,238.052123129615
13,645,355.935539939381
14,645,369.778902933586
15,645,378.522644441347
16,645,215.316429122532
17,645,369.835060074688
18,645,219.501175732265
1,646,330.611951595449
2,646,396.830253198588
3,646,254.700378330435
4,646,371.094418057049
5,646,270.46425410152
6,646,322.155966095129
7,646,515.965049073416
8,646,293.03918331159
9,646,247.77839811622
10,646,270.265653119633
11,646,270.604047250224
12,646,359.480700617858
13,646,223.793233192274
14,646,256.269454903236
15,646,363.344987999751
16,646,308.067254784033
17,646,530.866454605538
18,646,316.915116293624
1,647,253.306406440959
2,647,235.776660731337
3,647,405.383111387933
4,647,247.042530465807
5,647,309.789215468074
6,647,255.793833038245
7,647,397.746242057517
8,647,352.621252578246
9,647,305.792389275661
10,647,426.794348455012
11,647,204.73105563198
12,647,289.260200109823
13,647,217.139473883005
14,647,315.924740255422
15,647,369.033069616934
16,647,325.782435338415
17,647,242.516824788216
18,647,275.28014459313
1,648,261.072684804126
2,648,268.104151235576
3,648,283.998824278727
4,648,356.361710092338
5,648,233.016896409812
6,648,267.413429885848
7,648,421.187865739482
8,648,363.560924661199
9,648,365.05851508557
10,648,411.041300006283
11,648,319.292046607509
12,648,374.558469033626
13,648,262.191805544414
14,648,226.555813505883
15,648,237.097175404274
16,648,246.894013204273
17,648,203.971424131439
18,648,384.183671695589
1,649,252.640269238461
2,649,194.511924552157
3,649,229.635425393022
4,649,225.109843782421
5,649,187.79893252015
6,649,331.377983084077
7,649,315.778842297574
8,649,194.175492129557
9,649,441.006192959784
10,649,253.066802455391
11,649,264.759993907563
12,649,266.304571981516
13,649,169.78081009643
14,649,322.287380603233
15,649,284.290526680651
16,649,275.248949685333
17,649,353.994475084342
18,649,322.200840921798
1,650,255.253099485117
2,650,276.457121831006
3,650,202.844341967781
4,650,530.866454605538
5,650,230.83057754378
6,650,251.278362932501
7,650,444.024707652473
8,650,323.942503502368
9,650,216.234050387639
10,650,336.486971231263
11,650,255.936586752785
12,650,281.330117626731
13,650,371.997554513505
14,650,233.811175331003
15,650,240.764759586866
16,650,302.733484535286
17,650,218.251091664931
18,650,296.651294493819
1,651,204.741809283097
2,651,247.679566684754
3,651,479.748468435405
4,651,342.566895223633
5,651,287.716027313638
6,651,225.423452190224
7,651,361.971492798909
8,651,230.600726364624
9,651,263.644587778228
10,651,230.598136411743
11,651,255.475106535323
12,651,363.978543872425
13,651,256.347374050683
14,651,428.526569305786
15,651,315.977094217552
16,651,298.003937804329
17,651,217.093986838386
18,651,323.84878357347
1,652,291.90196614315
2,652,349.218459990684
3,652,236.059047420861
4,652,448.733398534001
5,652,325.57385651356
6,652,237.73156957571
7,652,302.908295555621
8,652,305.791525615633
9,652,322.991030035309
10,652,211.910578615188
11,652,366.889364108364
12,652,237.691558512539
13,652,263.295533432365
14,652,339.050024933026
15,652,269.490679163974
16,652,286.246173063011
17,652,243.06930031345
18,652,243.993372260408
1,653,345.677856286897
2,653,378.188417406489
3,653,225.63102726744
4,653,251.139768464804
5,653,255.040171759045
6,653,197.735365980181
7,653,283.298889268679
8,653,316.425720576262
9,653,295.264492853161
10,653,276.119821624152
11,653,348.742360471317
12,653,530.866454605538
13,653,170.063708685933
14,653,195.092489228861
15,653,318.466963101953
16,653,427.616462429113
17,653,204.619742755697
18,653,291.134501900835
1,654,402.746219642638
2,654,370.021043319025
3,654,306.581325219038
4,654,301.354673068103
5,654,346.429278117446
6,654,283.376084247951
7,654,445.734532843556
8,654,260.834611225334
9,654,253.475909629133
10,654,375.694915941532
11,654,329.794185993009
12,654,409.512923924322
13,654,178.654261100704
14,654,288.508410375268
15,654,270.649403279032
16,654,272.771333294617
17,654,383.315151429702
18,654,212.46620187167
1,655,307.941785259787
2,655,393.589674843015
3,655,353.951601956316
4,655,191.996608791501
5,655,263.62762788205
6,655,235.55178637034
7,655,238.578377454035
8,655,241.970279751582
9,655,355.114513440442
10,655,231.822699328663
11,655,362.411083925391
12,655,300.60568959696
13,655,223.367776077515
14,655,317.022276409238
15,655,393.442596494701
16,655,325.710653876616
17,655,377.328350132118
18,655,327.225345602399
1,656,307.985784868499
2,656,177.546334978928
3,656,381.16044530294
4,656,204.714416380993
5,656,213.963349717244
6,656,335.732886665451
7,656,330.495529191658
8,656,323.354515812645
9,656,448.903222154307
10,656,376.385602797383
11,656,258.125883178796
12,656,229.174913984694
13,656,432.610851940888
14,656,279.757994447079
15,656,297.046263331639
16,656,401.196658428127
17,656,271.294309475265
18,656,269.444459873098
1,657,247.78281902867
2,657,358.394567418358
3,657,242.590122249877
4,657,177.186702030319
5,657,230.400600070899
6,657,290.155242732996
7,657,237.62587632513
8,657,319.598510881269
9,657,322.098419313421
10,657,202.084354543674
11,657,280.454986659729
12,657,371.662708583105
13,657,327.868148953189
14,657,306.339220355945
15,657,193.624025493972
16,657,308.637155979361
17,657,418.186624301307
18,657,404.51303863121
1,658,266.606695176459
2,658,372.315868883522
3,658,369.793676375502
4,658,419.840397779317
5,658,363.996033420501
6,658,211.977127174214
7,658,358.884256733135
8,658,181.581217508517
9,658,391.785031808619
10,658,407.519224415713
11,658,316.864090722545
12,658,186.459208361153
13,658,386.755329650877
14,658,373.32734389004
15,658,408.720882143104
16,658,286.99667051761
17,658,294.903375582271
18,658,413.908233664264
1,659,344.044742214314
2,659,229.582852528073
3,659,347.937422737816
4,659,330.735496508925
5,659,353.151892151574
6,659,338.975519365143
7,659,338.694702098697
8,659,357.537537219189
9,659,278.121335435608
10,659,423.064605367526
11,659,240.203364014079
12,659,338.796977231017
13,659,183.293186900225
14,659,304.097042374687
15,659,295.362706559241
16,659,263.536669376408
17,659,204.061356994368
18,659,186.312002503501
1,660,288.510883062585
2,660,193.372133314494
3,660,290.715662299894
4,660,233.729693150627
5,660,381.72395069414
6,660,359.212131147227
7,660,260.493342310441
8,660,375.871683467565
9,660,489.133376599387
10,660,355.94663223279
11,660,333.520327922011
12,660,254.881555309179
13,660,242.910016499631
14,660,291.209938847103
15,660,359.037129748778
16,660,239.003738130961
17,660,244.662522054072
18,660,264.459854335618
1,661,252.725388286869
2,661,288.982889660035
3,661,224.538635619719
4,661,207.060548299123
5,661,424.533402961864
6,661,344.161911549125
7,661,324.97511988016
8,661,201.605514279139
9,661,169.78081009643
10,661,376.064335082442
11,661,352.732849261881
12,661,341.159207770896
13,661,355.961643174224
14,661,370.414797227895
15,661,302.284992294731
16,661,203.219593437261
17,661,287.972546999212
18,661,439.292024521554
1,662,259.224842081872
2,662,230.051320349275
3,662,188.745849748575
4,662,322.904918172494
5,662,355.275301485601
6,662,370.652745734141
7,662,345.332839193395
8,662,380.922161452711
9,662,410.716289229275
10,662,266.785730095925
11,662,246.143907998571
12,662,361.06259575599
13,662,462.607385716444
14,662,305.556092663737
15,662,370.737253556948
16,662,379.630307818143
17,662,266.904284973232
18,662,309.260458710665
1,663,331.942757673276
2,663,353.734722400596
3,663,268.679123033362
4,663,222.200631626526
5,663,351.248690648403
6,663,207.214626114075
7,663,266.25466145644
8,663,381.638003150302
9,663,265.572989607923
10,663,313.300607687988
11,663,242.722167989513
12,663,320.024241280577
13,663,356.659912175365
14,663,394.18529976184
15,663,344.290061568355
16,663,289.797595047367
17,663,241.309950548887
18,663,279.603721647193
1,664,355.415845982488
2,664,454.813026233711
3,664,317.932049532138
4,664,263.178449240796
5,664,225.965242279584
6,664,275.20161695939
7,664,437.764018078435
8,664,209.596287443485
9,664,233.975179557424
10,664,322.137914621488
11,664,169.78081009643
12,664,417.679796384031
13,664,280.114369197468
14,664,282.053481854487
15,664,342.54554532991
16,664,530.866454605538
17,664,234.289157467987
18,664,253.815552212589
1,665,342.074428240511
2,665,203.806976270483
3,665,295.70582871269
4,665,315.295000280343
5,665,317.077813803665
6,665,302.497142133036
7,665,353.786863505278
8,665,272.467807765408
9,665,316.057797242316
10,665,375.357809471363
11,665,344.021990949844
12,665,314.541818940459
13,665,305.916102006666
14,665,530.866454605538
15,665,280.17973336347
16,665,281.691382307911
17,665,316.438183956469
18,665,377.870514085071
1,666,297.956639906398
2,666,301.487862412574
3,666,247.834251413303
4,666,418.417885101028
5,666,270.606852696337
6,666,322.174826542724
7,666,399.277800584446
8,666,200.237803232309
9,666,414.571465724609
10,666,341.807870587609
11,666,280.826787670233
12,666,348.60227891211
13,666,259.641768357679
14,666,297.886321064595
15,666,244.960418194523
16,666,335.48518843841
17,666,280.061195392378
18,666,282.365705386858
1,667,419.549310524876
2,667,427.285978568716
3,667,252.057676555488
4,667,367.835728329157
5,667,336.222412924283
6,667,357.254333778731
7,667,347.735841104796
8,667,258.486004391882
9,667,298.719124019564
10,667,254.669486330404
11,667,277.246839441106
12,667,264.260410811011
13,667,287.865139995742
14,667,362.528327252059
15,667,223.944677267855
16,667,331.411368244716
17,667,314.670144402772
18,667,376.893793076696
1,668,204.745504781324
2,668,340.712256370381
3,668,323.251526897196
4,668,265.213532941789
5,668,307.680762471818
6,668,272.700462486813
7,668,447.479703346177
8,668,321.427429744523
9,668,289.33171014814
10,668,294.157513656221
11,668,257.900692678408
12,668,318.700513633855
13,668,236.10187734258
14,668,312.686844297914
15,668,189.95426945642
16,668,278.22758435327
17,668,390.280480643278
18,668,270.435777621271
1,669,351.174612589759
2,669,492.50965019442
3,669,382.909281197898
4,669,348.519728877099
5,669,360.689266961754
6,669,214.457283107951
7,669,238.919267180839
8,669,489.32176075171
9,669,262.781094683592
10,669,393.773888484602
11,669,335.84667157013
12,669,218.008487735161
13,669,356.561122467336
14,669,263.151550483633
15,669,267.977507488689
16,669,260.967474202999
17,669,381.693636532694
18,669,358.993622537379
1,670,338.306600044699
2,670,354.091079346844
3,670,189.742302423165
4,670,295.499582982247
5,670,259.395666918144
6,670,248.03100098812
7,670,244.421121432259
8,670,271.500692257817
9,670,245.087076935441
10,670,231.54683063907
11,670,207.67199924187
12,670,470.363511114659
13,670,334.747459237788
14,670,306.033994864194
15,670,418.007735760418
16,670,233.142583088927
17,670,300.881517529958
18,670,379.950485896707
1,671,267.951667180737
2,671,218.433784776918
3,671,259.395068836801
4,671,249.597257608052
5,671,333.596818593807
6,671,370.259496492906
7,671,300.015284367599
8,671,272.872783139317
9,671,172.616248269593
10,671,281.66766670755
11,671,351.862226186849
12,671,236.590365054524
13,671,317.920131369289
14,671,314.992807689524
15,671,222.807202081384
16,671,427.732092425349
17,671,339.757545342539
18,671,365.77586462574
1,672,265.334585471633
2,672,429.104169414544
3,672,259.456877681732
4,672,313.069954369243
5,672,218.137197621993
6,672,246.696549205716
7,672,289.439578878335
8,672,356.524255233961
9,672,265.116326286764
10,672,255.94843634744
11,672,297.102314795861
12,672,193.683927802369
13,672,230.155429078482
14,672,204.035234386113
15,672,392.246861293992
16,672,289.547836076383
17,672,302.41575003181
18,672,290.25405640165
1,673,213.459307676649
2,673,247.074892750818
3,673,356.291773014112
4,673,311.51100079857
5,673,367.356579988972
6,673,323.806738040527
7,673,290.817216301708
8,673,267.736187429812
9,673,469.535954496335
10,673,276.45322411443
11,673,281.595256523782
12,673,323.676224248927
13,673,314.519818286579
14,673,211.006813812343
15,673,284.711777384341
16,673,343.540427659945
17,673,221.151100833817
18,673,398.112510518251
1,674,231.153273219353
2,674,189.233616965553
3,674,216.180573400303
4,674,400.255837845452
5,674,381.336865008895
6,674,493.612453595246
7,674,290.175352233061
8,674,267.717226948925
9,674,381.55745307945
10,674,378.545172964811
11,674,195.021570757037
12,674,286.822849494556
13,674,289.967216916536
14,674,196.640758930186
15,674,280.12378194798
16,674,239.302117267613
17,674,316.074912327237
18,674,364.821145540265
1,675,250.477865975687
2,675,316.465767480227
3,675,278.435859836813
4,675,279.752559600002
5,675,447.873566962301
6,675,267.518969201486
7,675,313.504440121212
8,675,268.114081723897
9,675,325.352121724771
10,675,530.866454605538
11,675,242.076186489786
12,675,232.99848093173
13,675,274.405146940292
14,675,242.990008364065
15,675,281.902177137589
16,675,208.822293812037
17,675,303.801981282002
18,675,186.242271659945
1,676,244.722583660317
2,676,281.667057308121
3,676,225.641746708018
4,676,320.459451855458
5,676,230.612807638383
6,676,291.723936685222
7,676,318.889521214348
8,676,243.373007188118
9,676,245.140427177336
10,676,380.694969569025
11,676,262.417598907634
12,676,385.065920841852
13,676,235.434755863281
14,676,213.224651729427
15,676,346.823961700465
16,676,302.748882958176
17,676,304.444118872829
18,676,217.532193087961
1,677,418.197204638281
2,677,300.231796386693
3,677,301.063005738781
4,677,244.791100771037
5,677,169.78081009643
6,677,246.805556641275
7,677,262.479457567391
8,677,324.990388448645
9,677,260.968933234856
10,677,398.351615270466
11,677,293.81561075784
12,677,328.52215422956
13,677,338.210280095127
14,677,318.825287189597
15,677,315.221181004342
16,677,386.429575443747
17,677,320.747804224834
18,677,266.363245579023
1,678,519.975273102692
2,678,383.189173436568
3,678,283.291030695447
4,678,330.267688197471
5,678,405.608926956041
6,678,280.670025381796
7,678,391.524859796221
8,678,355.294666846039
9,678,248.125503492702
10,678,198.323227171221
11,678,387.021571178003
12,678,530.866454605538
13,678,430.286852167015
14,678,309.864656998173
15,678,329.634435964849
16,678,530.866454605538
17,678,464.223823717224
18,678,333.905431009336
1,679,312.371475319038
2,679,389.407589028453
3,679,406.373488322013
4,679,305.879090677296
5,679,222.14187268225
6,679,280.043379163651
7,679,169.78081009643
8,679,268.379012468179
9,679,257.079300624884
10,679,299.75796826768
11,679,188.192066505051
12,679,198.836490037074
13,679,375.414697606089
14,679,272.366517033784
15,679,344.377293186828
16,679,364.035427093787
17,679,478.613566250376
18,679,256.792424638276
1,680,307.752630120059
2,680,530.866454605538
3,680,334.084200358556
4,680,441.985509228872
5,680,385.624323242198
6,680,245.793898395036
7,680,340.986847141135
8,680,206.25812072424
9,680,453.131542912799
10,680,315.915111161837
11,680,256.62591823827
12,680,267.254103132069
13,680,469.106420995601
14,680,323.052945811873
15,680,501.692915903144
16,680,247.120606192147
17,680,382.318268247261
18,680,229.477051090816
1,681,278.002533891003
2,681,415.278129135066
3,681,352.407172875582
4,681,329.608137964064
5,681,420.093434772006
6,681,448.735813280081
7,681,323.208380303346
8,681,304.784975422997
9,681,280.954431153453
10,681,305.794444697201
11,681,272.48157746815
12,681,212.889904019349
13,681,275.072726082435
14,681,253.137947161291
15,681,295.389992383669
16,681,252.603100629742
17,681,233.083326531208
18,681,269.973427265471
1,682,328.109371265602
2,682,270.23064248375
3,682,211.418250879055
4,682,357.305373072589
5,682,235.761901588875
6,682,172.069553741305
7,682,289.220823876312
8,682,281.803030953132
9,682,298.058713456967
10,682,169.78081009643
11,682,246.762788116107
12,682,169.78081009643
13,682,236.842886736796
14,682,334.993199198436
15,682,396.083669769488
16,682,317.811853638067
17,682,245.898338215111
18,682,324.880853414226
1,683,313.011312827607
2,683,320.592526665419
3,683,216.465045762477
4,683,245.692061240478
5,683,281.567591991474
6,683,330.073379639787
7,683,369.178486873695
8,683,169.78081009643
9,683,327.481842992437
10,683,269.119022782579
11,683,259.215710633722
12,683,264.36201609237
13,683,294.687699844031
14,683,287.546850601422
15,683,301.060661945953
16,683,426.139203328519
17,683,289.035914507998
18,683,312.232312869324
1,684,253.211256645325
2,684,384.068192125751
3,684,248.780890117834
4,684,296.585594024998
5,684,252.819991270961
6,684,369.404166575135
7,684,318.130966017548
8,684,512.198983443421
9,684,256.905730566785
10,684,392.85072469186
11,684,256.995992013493
12,684,243.648465298834
13,684,253.054412943053
14,684,241.723533163464
15,684,261.27574424819
16,684,329.781574579203
17,684,233.117233913565
18,684,340.720448454456
1,685,245.605705205643
2,685,393.619962346658
3,685,277.078600849042
4,685,282.946833615921
5,685,449.67299429471
6,685,391.766624770228
7,685,363.97965837338
8,685,218.319880550062
9,685,413.318859728199
10,685,358.683597396619
11,685,221.078647833132
12,685,221.037606550333
13,685,427.887180224695
14,685,416.843847582329
15,685,327.115602919002
16,685,326.113817282691
17,685,440.811666836639
18,685,206.583504176124
1,686,298.853920568905
2,686,287.387889389745
3,686,332.782820867514
4,686,267.77187742433
5,686,340.643181741053
6,686,297.407193471676
7,686,269.019059586414
8,686,456.432117715469
9,686,200.68769651113
10,686,296.783938984245
11,686,237.071487222692
12,686,263.070529526796
13,686,394.190493993807
14,686,433.743810289055
15,686,221.793100136121
16,686,343.086586004856
17,686,176.691745728725
18,686,169.78081009643
1,687,236.435238128169
2,687,311.310490334468
3,687,227.424910336022
4,687,284.519215756585
5,687,193.08374927107
6,687,427.094874637728
7,687,190.831473407813
8,687,251.328126210835
9,687,268.027448181762
10,687,236.473813861348
11,687,267.921840212855
12,687,257.062729268365
13,687,277.906601899776
14,687,200.127016236512
15,687,340.564571781509
16,687,211.478400376095
17,687,259.204609340298
18,687,382.328945785394
1,688,271.388224872432
2,688,292.726184699609
3,688,284.003628571595
4,688,285.605863340358
5,688,421.937546497135
6,688,477.44871151377
7,688,229.784210050924
8,688,324.641342746021
9,688,259.652347651283
10,688,266.436152761084
11,688,270.400135782811
12,688,219.73588243013
13,688,296.876911458261
14,688,336.25581770565
15,688,338.568389866368
16,688,240.007101538603
17,688,357.297091841679
18,688,202.904063335279
1,689,208.137543277851
2,689,378.27264638951
3,689,353.583097880907
4,689,249.465863133395
5,689,266.127157818045
6,689,287.945505758538
7,689,223.935131952413
8,689,259.527147480408
9,689,266.265413535256
10,689,239.817485523483
11,689,261.181210406555
12,689,237.413356476308
13,689,268.543150739537
14,689,250.376344829012
15,689,376.87392191685
16,689,452.601390130643
17,689,251.56245876837
18,689,440.688895170946
1,690,286.406990125687
2,690,202.694267132331
3,690,255.218573313098
4,690,344.521693551942
5,690,273.865205756796
6,690,370.169203532032
7,690,287.110890707604
8,690,183.646852929791
9,690,198.51287317155
10,690,469.198876154578
11,690,382.848769497621
12,690,318.711189864765
13,690,242.704111873505
14,690,345.917919594529
15,690,201.375686159659
16,690,382.531224600718
17,690,328.104775788149
18,690,258.87485921287
1,691,271.167787445106
2,691,238.1233032136
3,691,332.414748315523
4,691,239.92631175234
5,691,214.64813568761
6,691,347.219306599428
7,691,293.061746823731
8,691,324.310759845977
9,691,213.1575440671
10,691,331.958496064618
11,691,354.212355859073
12,691,314.299741231077
13,691,221.78983650745
14,691,393.651629641574
15,691,271.799767505855
16,691,390.4893479686
17,691,438.718206244061
18,691,315.342820676797
1,692,306.047328602874
2,692,433.810215277655
3,692,244.186449769798
4,692,361.591956352085
5,692,327.164201262054
6,692,277.832120613237
7,692,201.176458028803
8,692,383.248338474197
9,692,358.450328392284
10,692,285.985517640429
11,692,331.270035392728
12,692,236.555355847687
13,692,320.759935376277
14,692,271.792804143548
15,692,299.20033368631
16,692,295.552758772932
17,692,242.101668348959
18,692,325.025457531068
1,693,267.175491072856
2,693,367.462886094504
3,693,482.117339836107
4,693,283.822910756992
5,693,276.083254591678
6,693,277.19875333446
7,693,354.675985852527
8,693,280.164567493268
9,693,320.709006004056
10,693,233.811663921445
11,693,337.780756738107
12,693,291.15541502933
13,693,236.335546694736
14,693,253.97150773766
15,693,339.566066474618
16,693,225.823187379748
17,693,229.817896048672
18,693,340.262663985758
1,694,268.614749228041
2,694,190.151859807373
3,694,371.666815937129
4,694,269.261749398265
5,694,234.148837385164
6,694,433.975099612588
7,694,184.07248443942
8,694,236.175393578136
9,694,348.884697172591
10,694,172.49069389595
11,694,380.83397679002
12,694,289.382701790635
13,694,275.495853285584
14,694,294.260084122063
15,694,217.288866551706
16,694,254.580673141772
17,694,224.517726672872
18,694,290.2689628296
1,695,263.417368374552
2,695,289.404254387706
3,695,292.579094051508
4,695,241.203422020418
5,695,169.78081009643
6,695,359.523023327177
7,695,530.866454605538
8,695,333.787845243347
9,695,299.302922406524
10,695,435.971450003589
11,695,329.9855854971
12,695,223.828328871351
13,695,355.017144875828
14,695,344.050508304706
15,695,220.431613694852
16,695,189.329533437429
17,695,299.443323679676
18,695,251.48632490356
1,696,327.376932547943
2,696,303.404378577205
3,696,455.187481598228
4,696,443.155040581342
5,696,341.536162420088
6,696,254.017979396878
7,696,210.685695053109
8,696,262.444193688706
9,696,222.241695383555
10,696,366.468205357139
11,696,254.571482866234
12,696,318.386931183991
13,696,346.474811749567
14,696,387.670114304997
15,696,381.377889799505
16,696,289.545380503152
17,696,309.458436849568
18,696,264.977641474673
1,697,306.324594153883
2,697,201.273820226909
3,697,209.754707600207
4,697,336.682475537966
5,697,302.975822473857
6,697,312.790318179849
7,697,225.460348309751
8,697,320.01100570058
9,697,530.866454605538
10,697,410.314773344363
11,697,262.424573751596
12,697,238.048998386362
13,697,428.462936709872
14,697,315.495908818015
15,697,261.41131852201
16,697,199.039340489425
17,697,266.611120871184
18,697,230.518309120388
1,698,202.441211414149
2,698,349.943423016591
3,698,357.686415174096
4,698,338.871730416171
5,698,316.070156618676
6,698,240.994946321232
7,698,329.262874980457
8,698,359.855154249811
9,698,313.225382188706
10,698,500.047507158645
11,698,252.65396458918
12,698,349.605482439375
13,698,195.728438070209
14,698,530.866454605538
15,698,245.33398890567
16,698,219.24677767515
17,698,237.881751202265
18,698,316.939291387796
1,699,232.582194102118
2,699,262.40204083152
3,699,316.477751524673
4,699,281.441908229362
5,699,302.841537131143
6,699,238.413407014964
7,699,262.528398272697
8,699,265.307146653066
9,699,443.81873589253
10,699,274.586114828141
11,699,255.171271728427
12,699,352.584371089385
13,699,365.829932105105
14,699,301.073349671085
15,699,376.696683091036
16,699,251.154097540207
17,699,414.533008919463
18,699,244.907029311114
1,700,359.716220847527
2,700,251.392681210752
3,700,410.295186270484
4,700,297.116429579407
5,700,231.591954167392
6,700,268.385863706395
7,700,319.323066365609
8,700,300.452280019121
9,700,198.919558500063
10,700,409.499286126861
11,700,291.453765345205
12,700,195.779882476771
13,700,348.494327226812
14,700,265.892912494594
15,700,351.540808038729
16,700,349.335929726112
17,700,197.271372192132
18,700,345.203657787167
1,701,262.098530479247
2,701,271.114687077785
3,701,299.547610732622
4,701,316.359859006492
5,701,290.479925037463
6,701,356.887254059146
7,701,214.059299907033
8,701,261.420133365999
9,701,318.356264428575
10,701,302.108962852162
11,701,423.48994449377
12,701,300.621322665273
13,701,397.337110106445
14,701,199.219059644617
15,701,294.710954127707
16,701,303.890849656801
17,701,231.197445064942
18,701,437.738252061831
1,702,257.184406097943
2,702,338.102060353355
3,702,381.218075694148
4,702,470.898379593663
5,702,336.941769667053
6,702,269.632019726569
7,702,169.78081009643
8,702,303.885672787744
9,702,272.741719619387
10,702,367.481647202976
11,702,430.497079072907
12,702,201.501063427085
13,702,308.888515431697
14,702,235.775631288332
15,702,389.902345863631
16,702,298.963152306045
17,702,336.115715809013
18,702,275.092095146992
1,703,422.599562398385
2,703,213.17196549537
3,703,390.747009384476
4,703,495.514152290164
5,703,359.913507940012
6,703,285.783019203221
7,703,272.342588510407
8,703,286.962987128408
9,703,304.382003432052
10,703,327.173453930332
11,703,437.953003850416
12,703,329.687319261462
13,703,320.799035431011
14,703,331.896552779092
15,703,403.74146450157
16,703,393.570811335189
17,703,260.158567641363
18,703,307.081681869633
1,704,279.073288859438
2,704,247.625389745548
3,704,267.41114066407
4,704,303.139251631621
5,704,194.913432106815
6,704,306.867803241217
7,704,195.621778741901
8,704,298.154783814862
9,704,250.809521392431
10,704,256.654759368398
11,704,247.992175584777
12,704,242.428156679532
13,704,376.374921994475
14,704,266.828082748959
15,704,302.313960900838
16,704,379.593873954616
17,704,310.941937101995
18,704,305.598231924119
1,705,231.092763825701
2,705,359.449532554387
3,705,416.487034288394
4,705,337.366824162987
5,705,270.812168191301
6,705,354.379208099994
7,705,169.78081009643
8,705,255.124808689031
9,705,304.334115736921
10,705,493.094968442639
11,705,225.631982150574
12,705,250.172545705701
13,705,264.014192823581
14,705,264.662370163253
15,705,315.222339403315
16,705,329.892900507006
17,705,263.391355269686
18,705,305.805239338584
1,706,306.945992620967
2,706,235.425314525945
3,706,210.812095637136
4,706,315.246444853431
5,706,290.829602366443
6,706,289.596982125047
7,706,440.357530979643
8,706,382.426108408436
9,706,336.136379249169
10,706,212.466533240163
11,706,236.893914026673
12,706,424.962433231732
13,706,405.382532677982
14,706,207.128039921873
15,706,364.872369381221
16,706,245.478319802696
17,706,432.203252216446
18,706,287.877920758675
1,707,338.578759463181
2,707,414.207563817951
3,707,394.017926398185
4,707,292.567160193454
5,707,397.020104030442
6,707,255.972158624046
7,707,321.958834166429
8,707,261.769376110011
9,707,329.262898106156
10,707,216.964621888195
11,707,345.159494173523
12,707,403.036083139094
13,707,406.97540542733
14,707,289.016165786966
15,707,528.955327946197
16,707,260.336563092254
17,707,324.454303117579
18,707,216.666558953887
1,708,326.073240354453
2,708,317.315872919768
3,708,208.960219609633
4,708,301.387969217213
5,708,322.586365299303
6,708,336.413313441234
7,708,313.164588475413
8,708,250.234495668851
9,708,214.147592998517
10,708,427.168947346096
11,708,276.42277528874
12,708,403.195076056617
13,708,184.201986038352
14,708,487.248965675695
15,708,229.920560597333
16,708,279.160549289196
17,708,362.578620112784
18,708,317.468621154648
1,709,250.739354731104
2,709,169.78081009643
3,709,301.520496454027
4,709,240.993812264748
5,709,169.78081009643
6,709,270.390384712964
7,709,329.602749569271
8,709,255.820769995598
9,709,296.530781068137
10,709,328.459277382981
11,709,195.113034980376
12,709,405.374333724279
13,709,293.134802607733
14,709,530.866454605538
15,709,402.63182138751
16,709,466.26709217386
17,709,278.003613434666
18,709,260.219864555699
1,710,332.242658997979
2,710,313.302076823515
3,710,210.76316355314
4,710,373.482664149662
5,710,344.97058947632
6,710,327.353782706755
7,710,296.301457971316
8,710,252.103441387098
9,710,237.7479061272
10,710,236.483733265891
11,710,169.78081009643
12,710,475.31958065118
13,710,386.189445462998
14,710,236.976113464647
15,710,289.572931914899
16,710,277.724173595499
17,710,280.271388807165
18,710,282.527160004736
1,711,352.718151617535
2,711,287.128426177231
3,711,319.416133971952
4,711,357.289075445267
5,711,334.387827342771
6,711,290.102284844084
7,711,329.442767227965
8,711,169.78081009643
9,711,264.154041762117
10,711,428.154040143408
11,711,321.838889987737
12,711,423.560953260333
13,711,275.877850142888
14,711,233.537781785539
15,711,237.680884318696
16,711,302.181957490305
17,711,216.914482977108
18,711,399.112302316192
1,712,318.868844361466
2,712,275.26699601373
3,712,404.640708271308
4,712,316.524608769763
5,712,277.796301742062
6,712,196.521534088775
7,712,213.506539543715
8,712,263.311375559448
9,712,268.414784781063
10,712,316.369674768021
11,712,219.829249476562
12,712,198.758582919579
13,712,251.453598660972
14,712,421.295577491196
15,712,252.030651242135
16,712,312.085158786328
17,712,291.831427200087
18,712,252.674464056863
1,713,233.338682142555
2,713,252.306697953565
3,713,226.190713159218
4,713,367.649214346224
5,713,297.281524798448
6,713,309.269084871212
7,713,293.163652084081
8,713,282.069517851614
9,713,312.766717498927
10,713,304.534194939262
11,713,270.041465153525
12,713,399.455890362235
13,713,382.379865150592
14,713,277.224923126972
15,713,300.124487539096
16,713,296.20068930328
17,713,334.04894491514
18,713,384.921446063533
1,714,228.643304617677
2,714,277.260298586537
3,714,209.613495346582
4,714,266.067719576998
5,714,320.817942484175
6,714,281.985340254046
7,714,237.063383298395
8,714,298.009398612071
9,714,263.650333698361
10,714,289.54735025567
11,714,272.671603089743
12,714,254.526773477354
13,714,401.311579948422
14,714,180.123135164905
15,714,296.793370728649
16,714,325.639381919316
17,714,269.081438788763
18,714,288.855438772354
1,715,301.012556308371
2,715,305.060934486559
3,715,297.374318149117
4,715,209.164235524644
5,715,462.78121849669
6,715,310.356869100781
7,715,274.315488383057
8,715,234.240429726849
9,715,374.15001121055
10,715,312.821135803786
11,715,336.267167394618
12,715,320.48232498569
13,715,382.149212106315
14,715,334.620149930945
15,715,296.830702776397
16,715,294.592898900579
17,715,360.48073375754
18,715,313.571028718852
1,716,268.666518087025
2,716,353.303302800475
3,716,273.403703809417
4,716,213.81661353482
5,716,511.693882050268
6,716,283.832081812195
7,716,274.92275528509
8,716,470.444381213556
9,716,437.579719030245
10,716,189.340580085453
11,716,281.214094368981
12,716,169.78081009643
13,716,259.621395711049
14,716,285.028567907791
15,716,283.775858675884
16,716,217.929719437273
17,716,268.188416808362
18,716,285.939214029137
1,717,236.745615763792
2,717,280.099481399162
3,717,225.213133024885
4,717,169.78081009643
5,717,289.043387547698
6,717,287.106544713697
7,717,203.864772880789
8,717,338.684250823369
9,717,380.445589812118
10,717,315.046428682151
11,717,324.269101405996
12,717,290.117377330542
13,717,278.412080779742
14,717,333.574555941182
15,717,260.304451043932
16,717,364.359634344246
17,717,276.517224707357
18,717,350.397451954008
1,718,496.17604853406
2,718,298.83668487763
3,718,253.856377680642
4,718,377.589214585764
5,718,263.758864962215
6,718,348.816678733283
7,718,262.191294134547
8,718,299.5625528428
9,718,312.526040351176
10,718,272.203671017035
11,718,455.205007124096
12,718,277.090372171527
13,718,298.374885728767
14,718,352.00095674483
15,718,354.544032950128
16,718,308.377065564665
17,718,288.560889560463
18,718,381.822314240529
1,719,324.951263717737
2,719,380.304590903405
3,719,266.925813717609
4,719,497.369640902974
5,719,444.216849804341
6,719,238.687612350394
7,719,276.95859207379
8,719,250.42714520354
9,719,407.122491987865
10,719,321.791577218738
11,719,312.250043153072
12,719,247.653643269681
13,719,458.031447861279
14,719,396.389384613434
15,719,330.497598721089
16,719,450.479317499927
17,719,310.62355539039
18,719,271.30543611474
1,720,169.78081009643
2,720,238.404382892596
3,720,194.93131359771
4,720,169.78081009643
5,720,169.78081009643
6,720,260.105875009112
7,720,324.901390143412
8,720,240.756962903923
9,720,314.948145181327
10,720,227.845811534097
11,720,406.277039157666
12,720,220.359876914772
13,720,389.310608992022
14,720,282.921813771015
15,720,217.911769810698
16,720,336.897450502813
17,720,421.184949352479
18,720,282.770645008025
1,721,343.354981789195
2,721,298.535402610129
3,721,315.289250310025
4,721,277.665234117998
5,721,265.825128344353
6,721,241.767970035182
7,721,302.568775077099
8,721,239.216749734581
9,721,334.775288338334
10,721,293.218204120676
11,721,176.226195025863
12,721,169.78081009643
13,721,192.871109874313
14,721,222.470500934631
15,721,260.738067004577
16,721,327.369838158859
17,721,218.255315362627
18,721,181.015725531577
1,722,321.082489832796
2,722,312.737803692221
3,722,247.7119917028
4,722,315.526130680706
5,722,274.449558689087
6,722,442.028099826891
7,722,285.379477241199
8,722,227.766251663821
9,722,366.551336587823
10,722,369.4162878276
11,722,369.587794948941
12,722,360.629444312382
13,722,213.54832269366
14,722,325.475286662088
15,722,222.848763692642
16,722,298.500468028637
17,722,299.809576693171
18,722,297.837617520741
1,723,249.169442790218
2,723,253.34115697083
3,723,250.139232395754
4,723,399.440876245742
5,723,212.145058134428
6,723,196.734088848438
7,723,350.817314957733
8,723,268.967898716134
9,723,275.68398632375
10,723,436.095227801939
11,723,169.78081009643
12,723,237.600791402414
13,723,294.855832047234
14,723,348.572327805017
15,723,383.142388627183
16,723,417.245243103425
17,723,317.496191759923
18,723,342.370167660113
1,724,342.616457520344
2,724,407.456934537931
3,724,309.452420752005
4,724,339.039796845578
5,724,299.990297014084
6,724,344.0778771746
7,724,379.068859453874
8,724,298.300699700589
9,724,259.330069532112
10,724,229.637113682121
11,724,220.085104350858
12,724,227.362012297421
13,724,296.746350809341
14,724,219.869075707129
15,724,169.78081009643
16,724,444.663834140187
17,724,388.140993379704
18,724,299.09300328672
1,725,323.080123823427
2,725,304.561080483204
3,725,321.126706341405
4,725,284.162431055724
5,725,353.914196309743
6,725,351.152465794913
7,725,486.827829738695
8,725,356.915788373352
9,725,527.303199240458
10,725,366.286861741882
11,725,452.722243964059
12,725,334.650459943003
13,725,306.220983121241
14,725,329.248572228961
15,725,428.96061976386
16,725,341.244959292314
17,725,365.589126540809
18,725,180.672055484395
1,726,278.120638473426
2,726,327.11831650449
3,726,277.317517312622
4,726,321.237684918759
5,726,383.950607182722
6,726,359.787860095827
7,726,301.836813819416
8,726,361.410831072237
9,726,303.374334706466
10,726,421.966834856745
11,726,228.050865625142
12,726,501.389514788335
13,726,205.158750001758
14,726,255.342964181379
15,726,333.781539134278
16,726,487.775275877261
17,726,279.75533468978
18,726,341.503277748477
1,727,258.215503062818
2,727,399.499112065253
3,727,212.130986423552
4,727,340.947956284966
5,727,422.52927257537
6,727,382.236519223644
7,727,376.586458494222
8,727,315.676944995065
9,727,237.510236021626
10,727,416.257650597534
11,727,247.422638345102
12,727,368.542991554748
13,727,249.535149370757
14,727,290.08833381907
15,727,252.790877121584
16,727,196.484722904143
17,727,318.307094233376
18,727,384.297925690926
1,728,330.307177101395
2,728,324.933362852722
3,728,252.540451385148
4,728,449.093696761845
5,728,246.207968431384
6,728,401.328038137154
7,728,444.160354961715
8,728,379.212926831826
9,728,202.904474743918
10,728,295.43334262403
11,728,295.399216726697
12,728,411.137131017594
13,728,255.1394956784
14,728,323.757300370324
15,728,296.888887421735
16,728,298.007430249708
17,728,315.514360303784
18,728,307.522991342418
1,729,366.415845196556
2,729,263.782077396611
3,729,480.68896492826
4,729,402.089658384888
5,729,299.31050108667
6,729,235.184192856501
7,729,296.594122105931
8,729,301.237484589425
9,729,336.47594171648
10,729,294.379136888779
11,729,219.757893015436
12,729,444.020634607871
13,729,254.654993946393
14,729,237.494497336647
15,729,185.06796623312
16,729,210.408550151652
17,729,225.473501140796
18,729,288.809157873372
1,730,424.793697870234
2,730,285.893438376992
3,730,323.472745574995
4,730,294.170080628467
5,730,466.857541504779
6,730,309.833563345623
7,730,340.597783834813
8,730,309.094312737939
9,730,232.822240335899
10,730,306.870635315075
11,730,268.535038630504
12,730,414.731653836087
13,730,248.638669871534
14,730,306.30568497698
15,730,352.716794852791
16,730,322.693473780647
17,730,262.796861049971
18,730,272.425282907898
1,731,396.000346314486
2,731,266.464629656049
3,731,334.104021463114
4,731,378.983364445983
5,731,324.783816002922
6,731,201.3297259814
7,731,364.330943797185
8,731,442.517839562487
9,731,326.507079432484
10,731,317.006583373928
11,731,340.56728739098
12,731,223.040475143067
13,731,286.081232326711
14,731,265.860854947971
15,731,468.589487573721
16,731,419.850289681388
17,731,367.162193931906
18,731,265.063470239881
1,732,341.004392195899
2,732,201.871394189171
3,732,377.616452253729
4,732,342.956505677831
5,732,336.847561663051
6,732,287.512794980973
7,732,377.846296259903
8,732,448.279553253922
9,732,200.030876204858
10,732,317.825774571861
11,732,343.474194489601
12,732,228.942183793709
13,732,380.735448161601
14,732,440.387094706296
15,732,429.239543474309
16,732,328.11147484286
17,732,452.580055199015
18,732,329.288222773609
1,733,280.168491394845
2,733,282.595617129145
3,733,357.608350900269
4,733,386.30990309636
5,733,231.322541798621
6,733,331.59309964926
7,733,265.854921123528
8,733,320.788480965387
9,733,238.701412911628
10,733,247.900437740736
11,733,302.211969628737
12,733,208.849621923973
13,733,255.729853470885
14,733,169.78081009643
15,733,291.493880445105
16,733,468.03062144687
17,733,233.230593425479
18,733,308.710660478475
1,734,245.637051042647
2,734,335.090637042172
3,734,332.150672066282
4,734,328.202396775347
5,734,314.465027613622
6,734,374.675994138027
7,734,204.317630872002
8,734,280.440957419555
9,734,291.86682156811
10,734,209.557654784401
11,734,316.99393142025
12,734,334.478356276827
13,734,277.904478254603
14,734,269.586887341564
15,734,451.785628690317
16,734,382.546105749697
17,734,197.391279156153
18,734,276.732537509768
1,735,279.768469796196
2,735,315.157436736226
3,735,297.841462716834
4,735,322.86123403085
5,735,295.909168526395
6,735,371.740549775033
7,735,390.855783706728
8,735,174.272548697801
9,735,439.274168201285
10,735,246.915217129736
11,735,174.290013235977
12,735,408.583727377794
13,735,290.79469039545
14,735,418.330307489896
15,735,273.900157301975
16,735,381.429249263151
17,735,195.122616017912
18,735,341.717529565776
1,736,223.70277874432
2,736,376.46737509388
3,736,286.270142858922
4,736,343.233246099716
5,736,305.065977150039
6,736,220.118815295508
7,736,312.461440022629
8,736,312.059579766138
9,736,232.018011568396
10,736,270.512331121284
11,736,304.265712869473
12,736,530.866454605538
13,736,287.209095572156
14,736,199.861024462848
15,736,303.253055451026
16,736,282.010186330619
17,736,265.558368480274
18,736,355.18603358195
1,737,324.806155203737
2,737,315.962460448451
3,737,357.695350255631
4,737,263.07785286464
5,737,316.285794877716
6,737,456.165106581651
7,737,334.340349277835
8,737,182.454066030191
9,737,359.417394721068
10,737,187.173060545488
11,737,190.183529871628
12,737,265.625354301528
13,737,394.844590695436
14,737,287.218589900358
15,737,305.814089120936
16,737,255.948592149705
17,737,247.990599857383
18,737,411.312389784372
1,738,254.673061814323
2,738,282.98175670211
3,738,219.872272336905
4,738,304.571994618987
5,738,287.881918046562
6,738,382.544611659997
7,738,219.149958618769
8,738,247.570731807613
9,738,380.602208131219
10,738,234.52882401607
11,738,328.195681086797
12,738,383.923259295311
13,738,361.77091092506
14,738,177.095244559458
15,738,415.540591711645
16,738,213.887001791393
17,738,388.303286104237
18,738,379.442414163778
1,739,200.977537325117
2,739,275.253779241655
3,739,361.096205880999
4,739,203.098543118621
5,739,281.260438891023
6,739,228.944993788629
7,739,468.219299864736
8,739,343.497187290438
9,739,428.291967782166
10,739,252.850677922476
11,739,530.866454605538
12,739,248.473711257613
13,739,367.218199075167
14,739,261.217270083429
15,739,200.149719702293
16,739,420.698537290539
17,739,275.66923966601
18,739,247.870019491693
1,740,292.013494550367
2,740,256.616079505248
3,740,339.506886959646
4,740,446.055090546622
5,740,220.792556634686
6,740,201.78418821207
7,740,310.671299698357
8,740,333.372858968075
9,740,271.425837310312
10,740,244.645685563713
11,740,326.686556121098
12,740,360.784173195876
13,740,252.770273654859
14,740,232.552864937801
15,740,344.777509607704
16,740,253.092505980192
17,740,311.54519483147
18,740,328.999025469578
1,741,336.495695546769
2,741,267.148828065552
3,741,290.660599099497
4,741,258.676688509771
5,741,211.364572249997
6,741,260.364470238188
7,741,373.700232964747
8,741,316.774113294859
9,741,279.783844735598
10,741,291.943271944656
11,741,409.614845465067
12,741,446.604170691005
13,741,312.39007269476
14,741,279.79917293241
15,741,427.217459815931
16,741,265.360330791896
17,741,309.034683878937
18,741,252.834988590252
1,742,233.677269749304
2,742,227.579909123992
3,742,353.275747291472
4,742,336.196882730339
5,742,243.88661625326
6,742,252.299053632728
7,742,343.34329750669
8,742,277.856410265897
9,742,277.330407382059
10,742,349.794134283957
11,742,302.788988165102
12,742,347.914243755799
13,742,210.955864880699
14,742,320.804583179222
15,742,326.07179528645
16,742,347.115042932785
17,742,278.633470231929
18,742,476.466822467175
1,743,428.910540177235
2,743,273.849853344587
3,743,256.389435040532
4,743,393.378757196653
5,743,268.792922909186
6,743,319.72169892371
7,743,260.197623775681
8,743,282.738053116944
9,743,275.827676903335
10,743,389.451907324017
11,743,203.266256645663
12,743,221.087466098388
13,743,324.513504975765
14,743,373.011834639707
15,743,299.36543243807
16,743,320.112833444296
17,743,452.507563433886
18,743,318.864959832812
1,744,415.71416870269
2,744,241.279344073729
3,744,349.05248707408
4,744,227.951631334172
5,744,315.790394473081
6,744,280.21564764918
7,744,273.650662606843
8,744,381.477048453587
9,744,297.522160356889
10,744,255.722705840239
11,744,484.561796355771
12,744,497.131112109747
13,744,237.212864004472
14,744,380.761769000454
15,744,359.397018878784
16,744,324.911603087683
17,744,329.485333234641
18,744,396.685733967539
1,745,431.048988560189
2,745,211.513599202389
3,745,288.88004416805
4,745,295.17931267841
5,745,469.623239450823
6,745,353.839642941315
7,745,236.000528352039
8,745,345.64883436436
9,745,195.214690157648
10,745,342.996812804502
11,745,342.244077433185
12,745,463.166133123628
13,745,297.771272013918
14,745,348.246358269965
15,745,318.990533297662
16,745,253.623611281129
17,745,262.733576927187
18,745,227.051981433256
1,746,343.636239739426
2,746,317.62027420368
3,746,247.431109347034
4,746,228.422651440322
5,746,242.297259367233
6,746,269.544752100515
7,746,169.78081009643
8,746,300.489322525332
9,746,371.787407571481
10,746,300.956241340717
11,746,392.102975257619
12,746,275.463250189633
13,746,309.330538320082
14,746,256.092698567909
15,746,196.408633501434
16,746,322.547299255787
17,746,338.462766138709
18,746,326.819545146658
1,747,214.593347022629
2,747,257.165200848302
3,747,231.588205987526
4,747,247.810224417672
5,747,282.521612125845
6,747,252.747119494612
7,747,359.014308497319
8,747,276.547946493823
9,747,251.104161571032
10,747,251.468372823728
11,747,360.851782332653
12,747,249.739389631654
13,747,306.641385062578
14,747,319.460378803963
15,747,234.740158119357
16,747,409.765203591787
17,747,267.709778734881
18,747,344.63274907487
1,748,191.278864191667
2,748,245.492054246309
3,748,423.103194367241
4,748,241.098786149561
5,748,423.354286065954
6,748,312.934000798175
7,748,265.790556103714
8,748,297.439902439394
9,748,228.851953593536
10,748,264.569693437341
11,748,378.504377910175
12,748,231.040662742123
13,748,337.201274750884
14,748,267.440643742785
15,748,299.813862270571
16,748,237.37736697739
17,748,363.890906190114
18,748,384.329809878083
1,749,307.399475937912
2,749,324.402192292017
3,749,220.83390074876
4,749,427.988250317077
5,749,306.542305104032
6,749,381.346181845426
7,749,461.310968234759
8,749,222.176580792276
9,749,227.146919787616
10,749,361.756404979671
11,749,372.192444391798
12,749,222.669671208964
13,749,290.365906873373
14,749,354.099416713132
15,749,325.907014005539
16,749,273.983915524627
17,749,232.928555741289
18,749,466.425268550647
1,750,169.78081009643
2,750,222.301542863729
3,750,354.549782628351
4,750,417.928356202515
5,750,355.412616320742
6,750,356.493041095929
7,750,271.397690662917
8,750,306.93882873221
9,750,463.790816085311
10,750,423.119217206932
11,750,399.660253821325
12,750,272.564428304109
13,750,177.859079249674
14,750,206.452523311003
15,750,487.796908419753
16,750,269.471639938373
17,750,285.840713242113
18,750,303.152408941631
1,751,225.936876872867
2,751,288.800560039548
3,751,269.705682899322
4,751,359.167534360662
5,751,299.780879173513
6,751,221.410009830886
7,751,269.637339962281
8,751,228.726174696088
9,751,372.444578401896
10,751,289.71437856902
11,751,371.208674366245
12,751,311.272128850177
13,751,276.604685123779
14,751,177.845763991484
15,751,356.586480630422
16,751,302.156650532136
17,751,285.640621100071
18,751,280.800270104495
1,752,303.1445786802
2,752,359.782049691948
3,752,322.57711921724
4,752,212.280777107928
5,752,328.863658568401
6,752,362.512361231817
7,752,334.087350202898
8,752,374.670046139927
9,752,191.694969109838
10,752,290.732040427466
11,752,349.98867217364
12,752,304.096633706966
13,752,310.350619484964
14,752,346.166769100398
15,752,375.277818119487
16,752,239.988559878974
17,752,252.361648302408
18,752,258.669708828977
1,753,357.096721291819
2,753,294.241751652298
3,753,354.363706373582
4,753,286.328264612852
5,753,244.005274746056
6,753,450.679727264683
7,753,480.321687711911
8,753,297.689340162305
9,753,219.186103030195
10,753,438.331622240457
11,753,292.825133112587
12,753,335.123913772109
13,753,209.058312048431
14,753,454.281146047788
15,753,449.590104627414
16,753,311.1106588754
17,753,258.364258972565
18,753,174.807099761128
1,754,272.25270360151
2,754,356.763894380968
3,754,359.708844952625
4,754,257.200779610117
5,754,443.916587975439
6,754,341.545916354886
7,754,301.253430959262
8,754,284.621945260257
9,754,260.448972268695
10,754,270.576486605219
11,754,316.974206124615
12,754,294.93620027537
13,754,433.049269076429
14,754,296.5549730684
15,754,250.136590510865
16,754,187.649249010997
17,754,397.894262753041
18,754,278.320680125244
1,755,212.41811044468
2,755,241.258449872211
3,755,530.866454605538
4,755,218.655928536401
5,755,320.477355921713
6,755,191.030146479628
7,755,281.627619306004
8,755,322.701313745105
9,755,281.552639024896
10,755,299.148588729309
11,755,282.016470158087
12,755,372.94011709389
13,755,293.064486747475
14,755,441.268017285191
15,755,357.190182030021
16,755,291.515652111163
17,755,390.045661096643
18,755,301.268473339608
1,756,323.237788522742
2,756,279.956787583026
3,756,169.78081009643
4,756,264.965827656946
5,756,208.14936680147
6,756,300.014397902752
7,756,308.389992995076
8,756,329.594604691583
9,756,318.683189449618
10,756,509.949950643312
11,756,300.224328303325
12,756,353.19565007722
13,756,303.516721954019
14,756,465.422301865523
15,756,356.791295889534
16,756,391.41587743334
17,756,182.954983054533
18,756,339.586683719566
1,757,245.643079157678
2,757,373.129085665545
3,757,288.10948336904
4,757,352.368520451424
5,757,332.011552876069
6,757,185.015229955181
7,757,237.566493752481
8,757,262.621188376984
9,757,363.837956892307
10,757,272.96252848663
11,757,285.011649344219
12,757,323.688896302281
13,757,292.619473735868
14,757,227.176441066711
15,757,460.764426757991
16,757,253.12794764774
17,757,294.874104462876
18,757,267.570576138697
1,758,250.623720480988
2,758,259.782504843608
3,758,283.459340365488
4,758,225.006922307285
5,758,469.301264841856
6,758,280.078313626249
7,758,213.00718464658
8,758,381.303071810944
9,758,289.221801990886
10,758,256.781295854709
11,758,259.650248917779
12,758,289.983775453769
13,758,199.826607273416
14,758,290.446541202553
15,758,474.590891430072
16,758,175.573452393719
17,758,349.526543295613
18,758,322.792932032982
1,759,530.866454605538
2,759,260.654218162216
3,759,266.290913693429
4,759,281.65333236267
5,759,290.603000314358
6,759,248.781362141214
7,759,307.175546033856
8,759,484.903891583172
9,759,324.64193747093
10,759,370.765065816509
11,759,297.971833421357
12,759,411.808874284652
13,759,283.72188412143
14,759,300.339802071346
15,759,238.154072574003
16,759,289.706254924104
17,759,268.634649485216
18,759,309.836066609635
1,760,347.259143634566
2,760,379.694636245523
3,760,314.56764516951
4,760,467.732573989889
5,760,308.206407453705
6,760,275.68388371545
7,760,357.737872327104
8,760,260.493253622855
9,760,311.401313981321
10,760,280.702872128911
11,760,225.000267597617
12,760,328.809009838462
13,760,265.135594490212
14,760,271.697513748651
15,760,263.904399038304
16,760,312.826493126295
17,760,185.349907772985
18,760,169.78081009643
1,761,361.906370572866
2,761,417.571770897656
3,761,326.095021628058
4,761,318.059580257625
5,761,372.260841108349
6,761,231.857750117208
7,761,238.769014038932
8,761,294.257105951616
9,761,446.71176776105
10,761,339.03946134399
11,761,367.438140992908
12,761,517.369268083979
13,761,216.612320757186
14,761,292.209437787114
15,761,186.847745381383
16,761,258.734498623757
17,761,241.81901368122
18,761,359.642508317898
1,762,257.17190579073
2,762,268.887923627851
3,762,290.802761877284
4,762,381.397737725164
5,762,447.349468192441
6,762,273.278909322246
7,762,336.114720430835
8,762,221.639522191926
9,762,206.396683216066
10,762,346.17087172889
11,762,177.438890820768
12,762,356.45763776868
13,762,347.282360840171
14,762,323.925701081846
15,762,294.904629348123
16,762,312.992219710805
17,762,245.730404712997
18,762,235.186860679792
1,763,357.194841601624
2,763,296.942516697915
3,763,169.78081009643
4,763,202.057463253303
5,763,372.617783749299
6,763,298.194620749294
7,763,436.299534485263
8,763,257.006776097552
9,763,450.666592957397
10,763,294.840681773705
11,763,211.45413221456
12,763,272.111966842628
13,763,257.929832882117
14,763,193.498767465287
15,763,291.419726211074
16,763,426.799031049136
17,763,330.972792730206
18,763,276.799640015763
1,764,268.14255560421
2,764,397.123206234863
3,764,344.157592835689
4,764,244.591761913117
5,764,356.596341889077
6,764,351.072925206657
7,764,253.108273905618
8,764,287.288113651463
9,764,357.978211189606
10,764,202.495724121835
11,764,311.193724135709
12,764,221.62322479022
13,764,222.308155301071
14,764,352.721170945537
15,764,271.279638685698
16,764,331.003148951906
17,764,378.426169362296
18,764,399.00495882908
1,765,210.627372346377
2,765,252.936897923201
3,765,247.037191806595
4,765,276.762510495552
5,765,418.903760000423
6,765,288.704109159225
7,765,192.933615881237
8,765,245.059082265219
9,765,336.941192491909
10,765,231.420920904923
11,765,245.281389158636
12,765,433.147558122439
13,765,236.879795570843
14,765,244.281686631598
15,765,326.228295179462
16,765,376.111240676189
17,765,281.775871210219
18,765,301.835939331801
1,766,409.590660017979
2,766,265.205776488797
3,766,257.670229094462
4,766,324.201775146862
5,766,417.823643670051
6,766,242.434182827234
7,766,408.515351279056
8,766,284.104342998627
9,766,277.803246922489
10,766,387.504875256459
11,766,414.008081837687
12,766,237.548651649687
13,766,247.181507917366
14,766,279.062249811126
15,766,235.25862929169
16,766,230.007097227445
17,766,341.234414069534
18,766,318.248925908025
1,767,302.272933941694
2,767,302.264589980847
3,767,408.766985135279
4,767,302.651101713102
5,767,355.990014198782
6,767,310.168333564919
7,767,265.691398273298
8,767,325.807034804215
9,767,406.527667176624
10,767,255.754204336643
11,767,349.998151859198
12,767,237.562237484439
13,767,252.887357055568
14,767,315.585632952208
15,767,336.851816981598
16,767,471.094343585995
17,767,270.878901445965
18,767,217.902412316715
1,768,347.405033903436
2,768,211.012576781001
3,768,276.346473666035
4,768,345.293074408361
5,768,251.171418481545
6,768,389.193382421075
7,768,199.769749353084
8,768,169.78081009643
9,768,459.153941181565
10,768,355.258397201761
11,768,459.837882375169
12,768,329.558168925531
13,768,298.30099695501
14,768,325.388768808259
15,768,253.143296722817
16,768,416.389128308977
17,768,265.212721368776
18,768,275.653818044463
1,769,244.359260414001
2,769,328.226785160687
3,769,220.626503721483
4,769,285.774486948561
5,769,169.78081009643
6,769,317.205871908299
7,769,340.357573053946
8,769,386.015998107511
9,769,250.44894694884
10,769,202.063290601571
11,769,447.973894044678
12,769,195.57122368174
13,769,437.311000074961
14,769,230.298904790413
15,769,336.810833966518
16,769,304.175454562325
17,769,290.776600202539
18,769,241.651026851686
1,770,254.603057991799
2,770,252.569900816981
3,770,346.211943083629
4,770,334.937810165628
5,770,273.28519792283
6,770,317.435358728246
7,770,332.344112520107
8,770,276.209543845165
9,770,271.086267339934
10,770,415.26425272398
11,770,175.190979445359
12,770,315.26671458621
13,770,448.609850071332
14,770,259.72042207682
15,770,247.773650505099
16,770,354.336844372087
17,770,388.361738190227
18,770,250.486027843013
1,771,386.896171803147
2,771,232.320891225808
3,771,258.463343932688
4,771,352.562368101209
5,771,352.515427591919
6,771,336.286351741678
7,771,235.901448108259
8,771,376.312261399753
9,771,326.174257765217
10,771,447.434992110534
11,771,259.356173506071
12,771,473.366479903388
13,771,307.607026847682
14,771,498.81809573892
15,771,240.670608915121
16,771,253.655907856241
17,771,309.422533697235
18,771,269.227896750734
1,772,261.988056000259
2,772,427.086746594321
3,772,239.978427913885
4,772,456.247716165062
5,772,303.711726281375
6,772,294.2275107492
7,772,222.851057829158
8,772,305.236267260567
9,772,245.430582934022
10,772,530.866454605538
11,772,260.368012926706
12,772,322.622440296248
13,772,305.775656805311
14,772,338.218508344729
15,772,228.643502477983
16,772,202.851626955306
17,772,391.408584935475
18,772,349.101722075225
1,773,455.225400517006
2,773,344.617336011016
3,773,373.835674278914
4,773,444.367293699238
5,773,366.55584849217
6,773,336.225510860159
7,773,238.090787224477
8,773,309.207548037529
9,773,346.830861793323
10,773,333.114231858566
11,773,254.867976010223
12,773,226.821799242445
13,773,353.582768396849
14,773,294.365007645319
15,773,307.917950520264
16,773,350.518252785226
17,773,279.858289736082
18,773,391.118581327815
1,774,257.940809595894
2,774,286.567468027499
3,774,446.643058543113
4,774,318.472780996406
5,774,299.384810762457
6,774,249.153690004268
7,774,221.223404549143
8,774,316.075910962097
9,774,314.800924611759
10,774,429.434997740839
11,774,271.498190606954
12,774,317.37430901597
13,774,291.439758646179
14,774,415.488624366897
15,774,262.362063016534
16,774,329.049213492786
17,774,417.063821670479
18,774,360.246708963558
1,775,360.140201637062
2,775,272.689733483683
3,775,336.096442422675
4,775,229.616547099857
5,775,336.599705420861
6,775,328.095320462382
7,775,345.832422172891
8,775,372.867008244577
9,775,369.402504201816
10,775,403.454799365933
11,775,260.125002897086
12,775,266.843158603802
13,775,344.970823645767
14,775,367.655807870708
15,775,226.712114017778
16,775,289.778186066987
17,775,219.447008835422
18,775,294.957592172405
1,776,386.955794035082
2,776,296.695870041364
3,776,228.088659521481
4,776,201.75076309968
5,776,484.581822768419
6,776,182.84713378847
7,776,252.372398822597
8,776,256.127487825254
9,776,280.935911770316
10,776,300.589060807823
11,776,267.25597787434
12,776,359.344583785561
13,776,413.395973786021
14,776,250.374897357645
15,776,354.997766131475
16,776,292.646911067981
17,776,221.293013018484
18,776,207.617339737014
1,777,234.120419181512
2,777,239.142543752572
3,777,460.579122049825
4,777,244.427698916396
5,777,255.514930709549
6,777,438.297575358341
7,777,229.189796681358
8,777,314.632184521329
9,777,200.465745968336
10,777,208.532199085143
11,777,198.328174417983
12,777,308.777206127653
13,777,271.668967997137
14,777,306.946017643583
15,777,309.689622103417
16,777,350.528970720148
17,777,264.113119176935
18,777,497.693011325199
1,778,426.786733743234
2,778,260.633297008571
3,778,258.932312698151
4,778,257.101876251607
5,778,530.866454605538
6,778,187.357761502855
7,778,324.36945063
8,778,219.162867588811
9,778,231.890120040013
10,778,363.728343355606
11,778,378.903796808998
12,778,274.67598709051
13,778,320.978268928145
14,778,274.140538897764
15,778,239.474282963672
16,778,319.582256213367
17,778,232.294271848679
18,778,318.993102412628
1,779,340.130978187543
2,779,337.061626165646
3,779,470.573918221767
4,779,261.523494662295
5,779,314.027858766275
6,779,255.291281968839
7,779,330.701638107065
8,779,301.380940386557
9,779,275.891062962656
10,779,476.311432564492
11,779,218.905026087278
12,779,243.011729872591
13,779,231.653824453477
14,779,496.728208626035
15,779,319.935302000306
16,779,361.672257016348
17,779,371.847483190513
18,779,279.624756684621
1,780,266.603520032033
2,780,332.013554303277
3,780,406.982968120065
4,780,169.78081009643
5,780,402.204302150782
6,780,266.137842504186
7,780,260.953212961148
8,780,335.159342192347
9,780,352.97001741451
10,780,406.149121228307
11,780,342.632627229275
12,780,404.607640501111
13,780,318.98477671223
14,780,344.91445222916
15,780,331.045345540313
16,780,240.34011911488
17,780,259.495553153778
18,780,310.84936179091
1,781,224.72676520006
2,781,338.385517136909
3,781,341.808237035398
4,781,318.829302012144
5,781,346.821184305964
6,781,344.752755875678
7,781,225.372944031749
8,781,298.922872473585
9,781,355.202652924062
10,781,276.724021007893
11,781,353.003086275016
12,781,326.142261672516
13,781,203.581297428366
14,781,325.433751573851
15,781,356.583967574301
16,781,408.108616536638
17,781,247.17618881288
18,781,295.375588177175
1,782,217.901839384336
2,782,334.782969166421
3,782,319.886859524231
4,782,263.295890929495
5,782,235.019834863452
6,782,275.01468140465
7,782,327.64105034438
8,782,169.78081009643
9,782,377.39361481019
10,782,321.214101964521
11,782,286.541489064339
12,782,304.436040120109
13,782,530.866454605538
14,782,264.419352276666
15,782,190.727005892725
16,782,214.291010520299
17,782,298.725993556875
18,782,303.606627491017
1,783,236.896783131383
2,783,343.186934145874
3,783,261.015452834637
4,783,294.581074283756
5,783,348.995702612766
6,783,315.701250318373
7,783,255.522483880757
8,783,256.582025353803
9,783,447.113591295444
10,783,261.590399794801
11,783,471.919690588451
12,783,303.531046972313
13,783,326.841022595337
14,783,365.665754000482
15,783,302.574548284323
16,783,275.75451607718
17,783,398.756824604203
18,783,218.590589782584
1,784,452.087636130907
2,784,405.202775407602
3,784,395.179121212728
4,784,393.007762400382
5,784,530.866454605538
6,784,251.13632379949
7,784,442.532004218092
8,784,311.381818898193
9,784,242.072754931921
10,784,260.503922457764
11,784,200.0364824216
12,784,387.647096391476
13,784,404.230564303432
14,784,392.879758801162
15,784,481.215516738529
16,784,290.424916881046
17,784,366.672154698518
18,784,300.118363074489
1,785,275.110683339259
2,785,265.762652083969
3,785,222.047027800194
4,785,330.992632650107
5,785,231.458832275642
6,785,336.515779406891
7,785,293.143839311807
8,785,394.707552235874
9,785,331.936552660302
10,785,230.066684442607
11,785,302.889745068176
12,785,186.295489820715
13,785,216.277711101855
14,785,370.092977166938
15,785,408.258914011403
16,785,272.327863693247
17,785,269.318970786172
18,785,265.423418179664
1,786,320.180260136596
2,786,455.756398761189
3,786,236.031368822816
4,786,487.438998237396
5,786,380.366204132487
6,786,278.062296395941
7,786,200.594653327299
8,786,325.192463924725
9,786,403.643597653825
10,786,358.049466090807
11,786,359.401133062775
12,786,241.992534129296
13,786,236.157598707242
14,786,410.911119487879
15,786,315.517080571058
16,786,223.6033191374
17,786,388.791523886503
18,786,204.020837038546
1,787,364.192221507676
2,787,194.689990224879
3,787,284.627657766627
4,787,209.633129060728
5,787,305.725027665326
6,787,278.245594036515
7,787,209.871171237017
8,787,341.426424346253
9,787,474.011968283922
10,787,197.339985432698
11,787,256.177266668974
12,787,246.189183622167
13,787,376.535380633493
14,787,265.122788488893
15,787,201.249908674096
16,787,261.682735155167
17,787,211.565397261707
18,787,267.143179803202
1,788,238.822217305979
2,788,250.498870720601
3,788,274.031480041527
4,788,245.302645602594
5,788,221.934853463365
6,788,280.606169221879
7,788,259.110106367147
8,788,335.25054360169
9,788,265.997778784403
10,788,320.204889734662
11,788,272.579352103848
12,788,279.429222397423
13,788,372.04440644205
14,788,371.795673862127
15,788,408.324985471283
16,788,242.619354690634
17,788,274.828376848431
18,788,315.03084599184
1,789,282.487884730009
2,789,276.054009117172
3,789,329.811417066926
4,789,400.287652760321
5,789,420.26815820735
6,789,223.788605722422
7,789,406.096261364929
8,789,370.261826908727
9,789,402.743562486831
10,789,325.462757878322
11,789,170.749871480923
12,789,208.892409126835
13,789,377.221285423768
14,789,266.553551058213
15,789,405.083405814834
16,789,297.241462643351
17,789,224.032053085623
18,789,294.218915827737
1,790,245.752388489366
2,790,315.267626614731
3,790,217.729855559077
4,790,337.988133082725
5,790,294.918513918849
6,790,374.516506881283
7,790,510.908348398957
8,790,278.401351049472
9,790,362.754280692025
10,790,337.479389136519
11,790,183.208773953887
12,790,208.414850743264
13,790,261.118828406339
14,790,275.236977343315
15,790,329.662001375881
16,790,305.340083967466
17,790,294.539305031668
18,790,350.022251753821
1,791,355.583393680083
2,791,261.188005592727
3,791,233.878005150816
4,791,274.338279836616
5,791,254.830711129203
6,791,236.844906631293
7,791,287.394436107244
8,791,278.42932768706
9,791,316.131475553236
10,791,329.793868583775
11,791,458.536531207271
12,791,475.05463842222
13,791,363.879620241412
14,791,394.822748574307
15,791,244.859751884616
16,791,187.122247730808
17,791,411.832973329528
18,791,249.077260239239
1,792,290.064560459313
2,792,240.969824317044
3,792,342.955038224722
4,792,275.428160384508
5,792,300.599243730592
6,792,281.44210987642
7,792,217.073163905452
8,792,256.519251150209
9,792,530.866454605538
10,792,316.757497627167
11,792,254.830138946992
12,792,279.328728513234
13,792,313.594290023134
14,792,320.067748441291
15,792,359.022445035239
16,792,218.430702602024
17,792,375.504264803533
18,792,278.846496887084
1,793,289.732557685321
2,793,283.609909689959
3,793,267.822518057648
4,793,336.705551249264
5,793,284.39502547793
6,793,378.21661048047
7,793,266.208532185364
8,793,308.255022595124
9,793,299.632988182516
10,793,325.224600610827
11,793,318.191920419586
12,793,349.418861484231
13,793,349.368816399206
14,793,282.218450805198
15,793,169.78081009643
16,793,322.060405259359
17,793,366.740387042031
18,793,381.912748680089
1,794,326.89540290543
2,794,294.440060714888
3,794,301.73899644698
4,794,261.356427185388
5,794,197.450858390864
6,794,216.608072567098
7,794,331.674358765478
8,794,304.42060177865
9,794,367.014916667482
10,794,274.706875491212
11,794,307.354054229066
12,794,264.915240573143
13,794,220.118896389773
14,794,476.64712751014
15,794,270.443466877953
16,794,323.114438169247
17,794,325.547556858619
18,794,406.632516973309
1,795,271.539023591267
2,795,282.832121092195
3,795,275.038704812446
4,795,374.988588668341
5,795,257.807943049552
6,795,241.824744806141
7,795,273.116351782369
8,795,340.752932930563
9,795,306.823093395579
10,795,384.338999600628
11,795,302.958739683434
12,795,239.045951648197
13,795,389.94688997549
14,795,372.90795084161
15,795,223.067020040842
16,795,321.295070954715
17,795,271.216843380431
18,795,530.866454605538
1,796,220.74945693463
2,796,169.78081009643
3,796,312.266237442646
4,796,323.972959344172
5,796,318.521348806393
6,796,222.823090193218
7,796,255.9799457942
8,796,303.724707442622
9,796,247.727672619351
10,796,308.092310369503
11,796,239.111871645297
12,796,289.660526579172
13,796,301.627540256245
14,796,241.278609606592
15,796,340.191950231278
16,796,230.243254906134
17,796,419.517586548966
18,796,530.866454605538
1,797,439.438410315797
2,797,431.707087263703
3,797,237.634386989543
4,797,284.86124953026
5,797,179.223454666135
6,797,356.175150299647
7,797,227.115914652577
8,797,298.239385179121
9,797,304.253786570518
10,797,388.746531549879
11,797,481.657581018691
12,797,365.337332642667
13,797,311.183090878473
14,797,261.57602386166
15,797,296.928673357234
16,797,521.317657743155
17,797,253.656098708578
18,797,302.15612728823
1,798,269.572718808578
2,798,213.981624886934
3,798,530.866454605538
4,798,219.734598813601
5,798,383.90609923761
6,798,311.159271723425
7,798,266.619989420981
8,798,293.718265225148
9,798,271.227860353971
10,798,353.232717467341
11,798,304.304216274971
12,798,217.698235763452
13,798,268.379943852334
14,798,286.338141659835
15,798,337.448856763763
16,798,349.143954552227
17,798,422.62540461547
18,798,292.551702782142
1,799,245.543288254069
2,799,337.018112714821
3,799,258.375719936659
4,799,497.299939629255
5,799,175.62409195318
6,799,269.074985486495
7,799,234.685248551183
8,799,340.33992071984
9,799,199.833467565821
10,799,294.116934063283
11,799,284.39856384126
12,799,224.171564052691
13,799,257.26381252398
14,799,384.472838814299
15,799,271.665595490412
16,799,288.679545410805
17,799,302.238067666733
18,799,220.711293845099
1,800,335.025851371602
2,800,275.907272718131
3,800,487.626153201164
4,800,276.880154834212
5,800,431.434053166418
6,800,358.639162546585
7,800,296.748866089644
8,800,241.362324190355
9,800,429.513447713332
10,800,240.790978834783
11,800,404.528490992671
12,800,299.907666990944
13,800,211.51668062739
14,800,289.74614076956
15,800,530.866454605538
16,800,530.866454605538
17,800,379.86217591074
18,800,284.683091933658
1,801,270.58505781101
2,801,241.03517557783
3,801,272.394573090831
4,801,355.646119139992
5,801,313.922934210596
6,801,193.263780927413
7,801,471.858500957215
8,801,268.250145368825
9,801,401.193868942972
10,801,318.037418050928
11,801,258.414391242806
12,801,276.834767141129
13,801,458.044497482489
14,801,307.534635136761
15,801,390.524964610728
16,801,361.682374187092
17,801,230.080442875984
18,801,260.204464185376
1,802,282.704230900602
2,802,228.732225724795
3,802,246.341609952246
4,802,455.330645836007
5,802,326.853287745592
6,802,318.17564972887
7,802,426.569741014632
8,802,402.330412627272
9,802,274.602847445844
10,802,277.257548265802
11,802,198.313560036581
12,802,201.844197128986
13,802,390.180053287809
14,802,317.714899872407
15,802,315.79318229071
16,802,222.776747439504
17,802,245.628942800656
18,802,290.023180709707
1,803,287.036777968577
2,803,363.891276883984
3,803,391.384733846232
4,803,420.584344779262
5,803,278.781181011175
6,803,331.483383664284
7,803,338.101969379773
8,803,276.430876675193
9,803,370.608896080876
10,803,317.898267692039
11,803,380.498342995061
12,803,348.313790440636
13,803,354.587300080133
14,803,192.655259975937
15,803,334.300698729256
16,803,274.412167107874
17,803,245.826470626118
18,803,440.955707111485
1,804,219.814573620713
2,804,411.387989345043
3,804,305.218842919043
4,804,187.736611092204
5,804,323.93712502976
6,804,172.928748467639
7,804,344.165701171301
8,804,402.636365629024
9,804,293.378088616148
10,804,330.811739275709
11,804,448.282025594092
12,804,244.931505004314
13,804,318.155438621093
14,804,416.195436634596
15,804,346.644820094294
16,804,312.400015907133
17,804,242.770386417892
18,804,220.8282562801
1,805,254.758823772307
2,805,370.778968889958
3,805,337.932881702059
4,805,395.159200344376
5,805,249.400513254924
6,805,237.147988627378
7,805,357.906390356713
8,805,345.962005624822
9,805,233.652158247356
10,805,339.98913358872
11,805,204.795937414535
12,805,278.935493557552
13,805,215.28202612492
14,805,226.79275821244
15,805,247.641832400164
16,805,300.38936489928
17,805,418.589045454371
18,805,327.640404488838
1,806,243.588481029086
2,806,263.361753824049
3,806,412.157976762352
4,806,212.743184147897
5,806,285.720601469166
6,806,172.451454558032
7,806,289.52383419408
8,806,359.277746158562
9,806,272.784096799685
10,806,291.810752879909
11,806,282.467549884196
12,806,328.476905892468
13,806,307.998969589552
14,806,333.841510281884
15,806,300.87261752751
16,806,406.108553960395
17,806,275.412324264074
18,806,389.100473721032
1,807,317.787028626916
2,807,274.092134072915
3,807,478.623262113816
4,807,364.521621713274
5,807,408.237511832022
6,807,243.713159882877
7,807,321.289270252923
8,807,346.495393426161
9,807,307.325877133912
10,807,330.546636330134
11,807,232.27863408606
12,807,312.556958893493
13,807,346.890629801363
14,807,272.414365607126
15,807,319.034242628469
16,807,244.746779290421
17,807,195.828761133564
18,807,238.09059547878
1,808,256.666343391714
2,808,319.853831725511
3,808,244.168999243794
4,808,462.540963826524
5,808,294.173512663764
6,808,388.440548444097
7,808,314.374128100367
8,808,333.178145794
9,808,286.637543395851
10,808,366.623360836326
11,808,203.235319700375
12,808,279.848333626055
13,808,332.630931564354
14,808,312.409362467246
15,808,275.22052240295
16,808,248.441184078745
17,808,179.602678116045
18,808,318.149713294479
1,809,244.430918324847
2,809,229.353982963457
3,809,463.378834219746
4,809,244.427247976507
5,809,279.152185613166
6,809,246.750678392642
7,809,431.161633476571
8,809,327.764354521565
9,809,256.60527291328
10,809,380.403120777827
11,809,306.150609813158
12,809,228.967052711924
13,809,276.004834286263
14,809,346.404598605249
15,809,355.719956480357
16,809,325.654532655619
17,809,334.271406089005
18,809,380.009220594319
1,810,338.006485663732
2,810,329.136456987323
3,810,318.423305221217
4,810,223.693328747401
5,810,265.733902695886
6,810,306.281003035297
7,810,260.770197207721
8,810,373.707757986522
9,810,359.302460999955
10,810,396.411627082665
11,810,389.173138493668
12,810,242.953123464924
13,810,234.922675655029
14,810,209.424829907105
15,810,329.241024213413
16,810,220.480183788808
17,810,193.740362609508
18,810,479.007356577609
1,811,297.730253809586
2,811,523.861473793781
3,811,309.403316575768
4,811,313.634847282335
5,811,222.746458496589
6,811,388.266600798321
7,811,320.384617709395
8,811,375.189910622732
9,811,336.837290034994
10,811,402.530886844156
11,811,316.897798389353
12,811,225.902950659415
13,811,308.141392622703
14,811,238.525291367455
15,811,293.599444700998
16,811,253.345744378452
17,811,169.78081009643
18,811,233.081632800038
1,812,456.059914690367
2,812,332.754929977826
3,812,275.607577985141
4,812,261.589565409879
5,812,312.613573708737
6,812,231.223442687644
7,812,298.245175540061
8,812,313.863920461132
9,812,333.082782345029
10,812,359.287605971503
11,812,273.459736173447
12,812,310.920655232307
13,812,337.144173577653
14,812,289.705998991941
15,812,272.054697113287
16,812,296.940640431354
17,812,241.407225479037
18,812,313.303692181832
1,813,387.151014134508
2,813,298.863672600004
3,813,301.160166468366
4,813,245.210084733519
5,813,294.867041072084
6,813,252.632965795159
7,813,322.549936162155
8,813,395.259252485501
9,813,278.056413783262
10,813,262.683582748262
11,813,283.19670050223
12,813,395.622736916412
13,813,293.485850979405
14,813,170.107752304625
15,813,266.990621160063
16,813,348.645005659597
17,813,333.35640831314
18,813,255.037037014761
1,814,184.150412274603
2,814,284.585465379935
3,814,395.866699828725
4,814,421.651354654615
5,814,454.401475087937
6,814,337.065026445913
7,814,245.734957210679
8,814,297.840911029904
9,814,205.64993294662
10,814,249.766207883111
11,814,176.882312036196
12,814,186.530753419352
13,814,378.005043904374
14,814,202.333408925508
15,814,263.751983522223
16,814,363.925167036352
17,814,318.380225821319
18,814,351.273353642593
1,815,283.473968338138
2,815,296.215543011485
3,815,213.723282675094
4,815,293.479874363465
5,815,362.153494149244
6,815,298.637400590462
7,815,462.278267417481
8,815,279.124291815001
9,815,350.623198520389
10,815,231.256374929675
11,815,241.023636522245
12,815,201.155639388741
13,815,376.584727126644
14,815,202.128778644296
15,815,226.845754978211
16,815,274.711085295672
17,815,169.78081009643
18,815,279.870943660219
1,816,197.543375401264
2,816,441.992006053951
3,816,296.16212224115
4,816,305.921866774545
5,816,409.471943402593
6,816,254.295826065074
7,816,347.5811027716
8,816,303.686011451658
9,816,330.605897943003
10,816,188.202188060433
11,816,383.434000156902
12,816,372.762797269657
13,816,500.788877147135
14,816,286.820294781623
15,816,320.660280744374
16,816,300.09960028425
17,816,450.789953309753
18,816,210.020636709971
1,817,243.715311480343
2,817,292.712927724764
3,817,188.614391063328
4,817,289.958928146384
5,817,311.531799084142
6,817,373.99940271422
7,817,403.225990753394
8,817,198.029543807467
9,817,440.543409585534
10,817,266.090507902224
11,817,391.525994323394
12,817,251.25526205941
13,817,346.829025748273
14,817,282.296167672415
15,817,322.886076919779
16,817,259.010772038872
17,817,279.868465260982
18,817,396.376882621723
1,818,290.011271842684
2,818,269.863900454833
3,818,277.994907931031
4,818,316.363887740318
5,818,233.129154188227
6,818,392.350948342159
7,818,273.627853373928
8,818,270.589957021127
9,818,280.133122755778
10,818,226.68814551269
11,818,358.48109592452
12,818,236.883550777034
13,818,386.838947098403
14,818,224.460610535643
15,818,189.068798045549
16,818,282.253972884982
17,818,273.534083027754
18,818,291.593636362903
1,819,285.036845325327
2,819,201.853626455494
3,819,470.916426231723
4,819,259.334179031618
5,819,370.02463352693
6,819,360.686138891164
7,819,233.836488277671
8,819,288.21781691041
9,819,351.536922132472
10,819,318.719120144183
11,819,230.727793426632
12,819,218.009056213866
13,819,337.163503742477
14,819,302.006036328997
15,819,359.775382811097
16,819,373.730688892245
17,819,276.665143902915
18,819,340.813187457316
1,820,323.698286615341
2,820,215.380765656032
3,820,385.977149813085
4,820,251.431852773356
5,820,394.489445240532
6,820,193.456704278997
7,820,312.508256990738
8,820,381.131701961885
9,820,241.002890517035
10,820,213.830257243155
11,820,261.363032353282
12,820,455.35210831376
13,820,274.115930279489
14,820,328.912551084679
15,820,207.76552141683
16,820,350.824146193243
17,820,335.344845925497
18,820,340.219988115018
1,821,247.656589102091
2,821,217.022444463382
3,821,319.22297185874
4,821,351.919085023827
5,821,352.898530729694
6,821,357.350398891474
7,821,427.762622394153
8,821,373.070391151516
9,821,269.741618101462
10,821,265.058220518468
11,821,182.902993485437
12,821,258.740170037188
13,821,358.83323563868
14,821,291.488981534876
15,821,358.764055947744
16,821,380.703982943458
17,821,373.249198388127
18,821,494.023429665164
1,822,364.755097468538
2,822,263.142223119956
3,822,254.376188731611
4,822,438.557135064951
5,822,297.743449527108
6,822,389.507401515576
7,822,277.805777598076
8,822,253.4718168896
9,822,363.330528378991
10,822,193.248626422653
11,822,295.046600264144
12,822,184.225035754007
13,822,388.649590970603
14,822,260.075693453023
15,822,267.968122965831
16,822,360.974024685573
17,822,209.028206166518
18,822,209.800023815978
1,823,306.38897137296
2,823,268.95002392828
3,823,352.309899750879
4,823,325.17931918424
5,823,333.873467618046
6,823,210.811348091894
7,823,450.908819379519
8,823,183.080073513219
9,823,356.779031275719
10,823,226.140968527226
11,823,220.472848827622
12,823,325.892775256233
13,823,285.442396494965
14,823,249.737653888975
15,823,221.858346926504
16,823,322.495907600417
17,823,359.416960177908
18,823,309.67227601657
1,824,319.952685602963
2,824,334.681518918841
3,824,302.364607884403
4,824,268.516603505365
5,824,247.268533330725
6,824,419.757653085534
7,824,435.233765427613
8,824,367.107481162206
9,824,207.39620549207
10,824,334.762919306706
11,824,374.674622129017
12,824,272.717775332803
13,824,186.447155885114
14,824,390.702130278087
15,824,277.28095097984
16,824,313.926162435857
17,824,324.651314651622
18,824,247.944032824901
1,825,384.123263294641
2,825,530.866454605538
3,825,427.972596683641
4,825,334.456811949065
5,825,188.521295355989
6,825,169.78081009643
7,825,327.136618865902
8,825,304.815899627662
9,825,272.532010421342
10,825,324.996500628863
11,825,325.975094033647
12,825,303.220526854693
13,825,330.826681431267
14,825,485.418117378501
15,825,237.693575194527
16,825,241.484688797239
17,825,208.78771083455
18,825,281.674516881131
1,826,320.979479729445
2,826,328.335707776411
3,826,317.054827313529
4,826,169.78081009643
5,826,311.04098352412
6,826,231.339357365975
7,826,199.557555071179
8,826,360.400370369165
9,826,371.476482075063
10,826,333.309912614441
11,826,312.42264492162
12,826,251.579830379172
13,826,391.646464432272
14,826,530.866454605538
15,826,342.020872433579
16,826,252.906967675048
17,826,341.001552128835
18,826,263.48036352895
1,827,258.571388246609
2,827,277.828194833324
3,827,244.681913365943
4,827,328.437294665927
5,827,380.863826809341
6,827,322.384969906854
7,827,349.509187410232
8,827,300.090126279043
9,827,296.825685094111
10,827,360.863889094776
11,827,225.199818035186
12,827,412.670849732837
13,827,263.775913536831
14,827,261.324945328857
15,827,305.475483294327
16,827,258.949171719483
17,827,258.909406044516
18,827,254.402230906749
1,828,323.441422228995
2,828,424.466019937529
3,828,260.46949277985
4,828,193.912154246088
5,828,271.038184176813
6,828,331.703657452585
7,828,262.794866562146
8,828,252.68291039899
9,828,419.290261009687
10,828,271.571485910586
11,828,328.466011264335
12,828,268.597075409712
13,828,426.925587363635
14,828,303.881843840874
15,828,309.766345364282
16,828,213.574488378003
17,828,249.454701710338
18,828,450.338124469832
1,829,375.952776635056
2,829,419.14410791441
3,829,301.152064844696
4,829,257.926066330797
5,829,278.334702042348
6,829,398.213892711878
7,829,355.643468578361
8,829,248.644933785826
9,829,333.369251955571
10,829,322.777193105287
11,829,296.307592901052
12,829,288.232856717107
13,829,309.833973864122
14,829,390.566095397918
15,829,392.996575402224
16,829,294.358950902193
17,829,371.402688957128
18,829,252.337371817809
1,830,204.580445210113
2,830,256.959382462734
3,830,206.221921843094
4,830,389.564355840377
5,830,357.243835980947
6,830,280.77189840455
7,830,391.581068655295
8,830,329.936772722147
9,830,352.725253053132
10,830,368.165752230719
11,830,266.02115904982
12,830,359.666101194852
13,830,310.328451083118
14,830,261.558449898501
15,830,402.080560594755
16,830,513.972103566247
17,830,429.106706631768
18,830,234.597718299253
1,831,287.485866975767
2,831,338.772244745348
3,831,511.777037705892
4,831,218.246223145791
5,831,339.597377309409
6,831,366.50515315721
7,831,397.53963761159
8,831,518.957288122312
9,831,294.424401574516
10,831,243.838704510035
11,831,268.275780256884
12,831,279.272046758378
13,831,210.698572932554
14,831,203.526251838173
15,831,255.311703665137
16,831,262.123501951532
17,831,232.927597574676
18,831,322.793979938642
1,832,215.98536730789
2,832,231.877036329878
3,832,261.968208614901
4,832,451.430506031898
5,832,302.220869054792
6,832,382.260147746613
7,832,234.25117657604
8,832,313.754283619592
9,832,192.29844296073
10,832,466.66883433186
11,832,346.368026187068
12,832,189.214436020745
13,832,435.305863039295
14,832,426.097902846602
15,832,300.998889878166
16,832,221.00278395501
17,832,314.756837835881
18,832,301.648765518813
1,833,487.554216577119
2,833,305.571631567579
3,833,204.181688482746
4,833,328.627883826729
5,833,359.131640499129
6,833,364.51466852048
7,833,392.476183926104
8,833,284.620981161632
9,833,336.15200290597
10,833,350.933826278348
11,833,245.298738024566
12,833,259.90386515198
13,833,217.586430321738
14,833,276.984905457933
15,833,355.228964697774
16,833,255.695902708214
17,833,229.937320859902
18,833,275.888508136691
1,834,360.847154194954
2,834,248.793235133317
3,834,382.612799738285
4,834,265.060374084023
5,834,378.146630286817
6,834,203.786721536605
7,834,215.055320601519
8,834,259.455803714511
9,834,242.335992521714
10,834,377.935216856779
11,834,346.902980822528
12,834,417.696807642248
13,834,208.212868881531
14,834,348.592444547291
15,834,326.95182466748
16,834,326.591737139879
17,834,347.966030007535
18,834,207.038661267333
1,835,343.079393743646
2,835,285.305942939668
3,835,310.397349870344
4,835,272.556021976293
5,835,355.787351293491
6,835,376.812664054633
7,835,284.045534161019
8,835,317.690247193823
9,835,444.122349036239
10,835,178.452888768675
11,835,304.987634102794
12,835,458.561869875396
13,835,271.036494612164
14,835,244.990770151463
15,835,314.026777263811
16,835,243.361306065665
17,835,200.418921849325
18,835,264.461227559565
1,836,170.189550148967
2,836,238.633228343786
3,836,326.608745484299
4,836,357.43516503152
5,836,298.350105335758
6,836,292.363857424987
7,836,292.055298406388
8,836,339.778252207975
9,836,205.825304605773
10,836,275.556594316633
11,836,366.918107575132
12,836,260.725073366549
13,836,228.514203482286
14,836,310.832217049594
15,836,332.728290769223
16,836,320.449110514713
17,836,347.248476993802
18,836,232.342850610502
1,837,368.74389743521
2,837,352.848166739474
3,837,319.355958524096
4,837,337.208610564708
5,837,209.128664051685
6,837,480.210950863873
7,837,256.224715865816
8,837,395.742311677501
9,837,401.649896782536
10,837,214.155763174596
11,837,266.772781842344
12,837,296.43198967923
13,837,239.495342798143
14,837,325.448102592712
15,837,289.491531676379
16,837,261.050250213702
17,837,248.089935988371
18,837,369.851391884166
1,838,324.214194403062
2,838,220.865903083054
3,838,446.811375161087
4,838,392.399921147891
5,838,297.696614284363
6,838,481.014588494887
7,838,226.278385790307
8,838,200.684553637193
9,838,169.78081009643
10,838,255.303035962591
11,838,259.638978641907
12,838,371.924116424756
13,838,405.323147275359
14,838,310.338753248052
15,838,281.375657472684
16,838,263.197748955525
17,838,371.96219456109
18,838,249.730109668991
1,839,286.929434456624
2,839,261.254577161212
3,839,263.388684537752
4,839,294.205491220565
5,839,311.860674898
6,839,327.268066796043
7,839,253.968261270859
8,839,210.856796572915
9,839,464.095845054308
10,839,349.085966718152
11,839,378.357970938853
12,839,238.524015032909
13,839,225.186779559574
14,839,314.120548695031
15,839,236.737756849918
16,839,353.156276799577
17,839,346.576093845209
18,839,390.719466025508
1,840,292.847083481882
2,840,271.759771836199
3,840,214.443286474717
4,840,307.031815783859
5,840,506.735103859192
6,840,287.39725281552
7,840,262.141721248147
8,840,209.197350225727
9,840,286.678030269648
10,840,197.597358158712
11,840,355.587456960751
12,840,307.191400970939
13,840,530.866454605538
14,840,320.880046933486
15,840,363.290927895994
16,840,530.866454605538
17,840,244.477212849993
18,840,265.282800690236
1,841,226.231571789954
2,841,247.726959461234
3,841,293.197892366677
4,841,237.653534190758
5,841,292.746031506234
6,841,338.197121216469
7,841,409.386304631407
8,841,169.78081009643
9,841,221.013127477515
10,841,339.71244458304
11,841,530.866454605538
12,841,225.090198800528
13,841,234.53450175532
14,841,434.092362852671
15,841,210.036802263476
16,841,407.357802983899
17,841,221.050939728572
18,841,173.192895011974
1,842,258.963549695401
2,842,422.514695086359
3,842,303.349804039131
4,842,294.157928008805
5,842,324.00947580557
6,842,288.382774050727
7,842,520.69183040706
8,842,353.810515220331
9,842,321.191107918089
10,842,229.217753251938
11,842,273.338998583779
12,842,215.900718783655
13,842,247.792937337045
14,842,250.152632531205
15,842,237.196344923482
16,842,247.100003045236
17,842,287.050910095093
18,842,382.854964727163
1,843,423.931648277983
2,843,275.773285767949
3,843,432.728101999058
4,843,395.105753829523
5,843,426.009837831249
6,843,403.371356549651
7,843,312.398789911951
8,843,169.78081009643
9,843,323.870199509851
10,843,229.808998743807
11,843,295.42191601484
12,843,385.27600306846
13,843,311.102596692923
14,843,321.093332114077
15,843,390.654041292468
16,843,250.772968754524
17,843,470.836534662049
18,843,269.817342450157
1,844,273.828441774473
2,844,285.414226291689
3,844,371.6698355935
4,844,381.113823466279
5,844,278.82384683952
6,844,331.6046954408
7,844,378.550515622537
8,844,282.944282433518
9,844,299.749407434326
10,844,269.702244785377
11,844,335.14577019009
12,844,262.319851324322
13,844,428.645111265068
14,844,283.773760434523
15,844,287.723815999916
16,844,373.452525898981
17,844,491.035992653859
18,844,329.375323715065
1,845,494.389653330096
2,845,270.536138258888
3,845,336.409739085491
4,845,296.636239421893
5,845,511.544836086624
6,845,279.039657582106
7,845,530.866454605538
8,845,332.502638440094
9,845,301.956552923162
10,845,266.945076503688
11,845,251.343837777424
12,845,296.925975675575
13,845,262.538992628047
14,845,340.864594321018
15,845,387.390250923711
16,845,298.548406148339
17,845,313.663403702156
18,845,332.024461733658
1,846,217.659570854965
2,846,321.676480128927
3,846,313.54304434941
4,846,376.112485713667
5,846,339.659542175122
6,846,260.655862363295
7,846,380.948282691564
8,846,274.233405508152
9,846,269.004232706226
10,846,222.888138457911
11,846,418.61808925679
12,846,346.060502662818
13,846,378.946482842513
14,846,304.798550668549
15,846,262.585916707615
16,846,530.866454605538
17,846,233.386157563044
18,846,223.147944696786
1,847,406.916213790531
2,847,281.803030685631
3,847,364.66138061437
4,847,210.877212071755
5,847,328.065720732227
6,847,197.447013743359
7,847,270.452379235786
8,847,245.077507825317
9,847,324.178337117798
10,847,293.078044886533
11,847,288.56130922195
12,847,265.183557533109
13,847,315.305668493782
14,847,382.051816633347
15,847,363.822675131371
16,847,298.891613277696
17,847,403.663591765543
18,847,265.002686514869
1,848,371.179427742019
2,848,346.528733737577
3,848,270.959883040538
4,848,299.269007213732
5,848,347.7366748234
6,848,392.928252372434
7,848,280.874602167849
8,848,314.283262938564
9,848,337.437841322395
10,848,328.750184882207
11,848,360.772578756007
12,848,268.263305351309
13,848,263.110232091859
14,848,381.724289062602
15,848,302.643412260765
16,848,210.814952755882
17,848,294.899651801626
18,848,473.009421798484
1,849,204.101592795387
2,849,169.78081009643
3,849,273.57694945977
4,849,294.48260758086
5,849,360.162513685739
6,849,200.029799331497
7,849,216.164551962197
8,849,298.800474197123
9,849,341.99620826707
10,849,372.265064887943
11,849,204.035153694955
12,849,292.542328873644
13,849,327.799238364586
14,849,239.881284515887
15,849,222.993268585207
16,849,382.868344012964
17,849,249.606884360036
18,849,441.545341590956
1,850,419.122984708207
2,850,289.603527896008
3,850,233.12038398006
4,850,178.853306843703
5,850,362.696835859249
6,850,286.75863987159
7,850,484.804772407436
8,850,483.755030946412
9,850,236.261412218921
10,850,304.409694870394
11,850,293.749932275072
12,850,530.866454605538
13,850,459.510040745165
14,850,287.23381495821
15,850,246.730073821362
16,850,392.481371876243
17,850,225.083358887775
18,850,359.844135199718
1,851,434.745555325651
2,851,326.297481699378
3,851,271.37648726087
4,851,306.26336187762
5,851,302.290718075481
6,851,311.761081615355
7,851,319.639893507685
8,851,368.34955876412
9,851,298.054942131807
10,851,334.068537048162
11,851,242.666841077459
12,851,443.888870163617
13,851,315.068854435468
14,851,461.431260997253
15,851,337.132177782714
16,851,347.989836590648
17,851,410.43886922004
18,851,295.477888489902
1,852,250.609450044373
2,852,332.765712732743
3,852,344.371845057968
4,852,325.984530107621
5,852,304.110666739901
6,852,257.023949346234
7,852,249.002576385753
8,852,212.331605830551
9,852,239.207094340825
10,852,269.508911167876
11,852,362.327296903511
12,852,358.964254425852
13,852,387.988551392253
14,852,286.920775513233
15,852,285.863524570732
16,852,204.375388747682
17,852,397.898770562531
18,852,383.987623137794
1,853,229.946992660367
2,853,296.563032034063
3,853,227.16097471486
4,853,412.24520824205
5,853,288.948486123286
6,853,226.508241764841
7,853,355.541798814637
8,853,290.427388204284
9,853,317.211541952232
10,853,216.074687556005
11,853,319.217107841508
12,853,290.680910334406
13,853,302.241707891987
14,853,245.01693078803
15,853,288.796324450501
16,853,273.718029157973
17,853,294.938882498388
18,853,329.838953478134
1,854,459.917075965586
2,854,370.069249889273
3,854,290.338821208845
4,854,216.344518453741
5,854,198.359461074797
6,854,326.60974643841
7,854,376.757869427433
8,854,530.866454605538
9,854,362.860396524036
10,854,323.517845434572
11,854,300.240457394849
12,854,289.26724469773
13,854,304.677394293333
14,854,271.029940646378
15,854,332.179456300144
16,854,202.357739347784
17,854,251.318611296714
18,854,277.948401429951
1,855,308.24330442479
2,855,373.109643866426
3,855,237.553069242289
4,855,347.951944820493
5,855,332.494808916183
6,855,394.740303175451
7,855,296.630321950743
8,855,398.40558452923
9,855,284.316069480389
10,855,352.093141339292
11,855,371.954541905006
12,855,241.655678744665
13,855,194.706894620175
14,855,276.786347264766
15,855,319.732691520055
16,855,286.2050037825
17,855,272.816558614501
18,855,190.936280690821
1,856,197.912654576486
2,856,210.240030681295
3,856,227.423407902516
4,856,217.106204620696
5,856,290.581471290989
6,856,310.705080804517
7,856,284.421599627536
8,856,401.61249282633
9,856,445.019875545398
10,856,317.151516114002
11,856,326.190970014247
12,856,530.866454605538
13,856,280.275620785572
14,856,220.338037366639
15,856,282.214212878511
16,856,385.53468998701
17,856,277.126203597175
18,856,528.198674698306
1,857,201.56607402744
2,857,293.025916607121
3,857,226.477824807786
4,857,271.323509316591
5,857,243.56017106599
6,857,363.93699042243
7,857,285.237438743161
8,857,203.051098690583
9,857,438.059494962438
10,857,278.914811638623
11,857,287.97551274451
12,857,250.355781300454
13,857,197.531246183938
14,857,268.271271181646
15,857,293.977854161676
16,857,262.718894105926
17,857,261.654481726925
18,857,207.035439744421
1,858,405.056072575287
2,858,307.272502435069
3,858,329.078213590697
4,858,444.059575435294
5,858,207.268146241557
6,858,197.99323921064
7,858,351.681328381194
8,858,436.603944091285
9,858,303.615799979176
10,858,387.824193605316
11,858,357.82064853342
12,858,295.905594316894
13,858,324.908132876462
14,858,211.505275640128
15,858,237.63478411149
16,858,289.371862455456
17,858,327.091218107652
18,858,289.679320560573
1,859,227.564684787962
2,859,277.331359553
3,859,359.428337446721
4,859,310.301828465094
5,859,245.975090372279
6,859,216.157326252071
7,859,269.543714637796
8,859,419.245302285861
9,859,256.884078175861
10,859,324.991322117038
11,859,331.229793835203
12,859,299.869009572862
13,859,530.866454605538
14,859,309.365967798074
15,859,272.989720470874
16,859,361.733006792824
17,859,311.904130401361
18,859,307.831293237364
1,860,209.316468836732
2,860,280.442239454851
3,860,264.313205926166
4,860,382.525417967673
5,860,290.520272851552
6,860,430.352243894434
7,860,400.725533196026
8,860,310.759811170993
9,860,351.428672312361
10,860,360.075094984834
11,860,341.988896905471
12,860,353.073586948079
13,860,238.61486812348
14,860,285.369948702606
15,860,299.864052153484
16,860,320.893511980179
17,860,324.317693029008
18,860,300.166289207109
1,861,279.287981481991
2,861,228.686829370691
3,861,237.60023597385
4,861,254.889912397679
5,861,361.053961970136
6,861,324.357456099572
7,861,456.299069385822
8,861,496.814675351144
9,861,227.529227755308
10,861,279.744961384287
11,861,330.59182916849
12,861,480.418530346993
13,861,193.445119191767
14,861,400.969471757294
15,861,295.605959989124
16,861,278.727307133638
17,861,358.154480818417
18,861,491.45793830606
1,862,297.085285404433
2,862,232.74461970467
3,862,263.37506984678
4,862,377.886632678099
5,862,333.785825174939
6,862,284.966091187985
7,862,291.520081179581
8,862,275.143284685624
9,862,389.73458687833
10,862,357.588890907097
11,862,291.492779230281
12,862,239.376930309795
13,862,404.44963986902
14,862,307.506462912732
15,862,290.719994006587
16,862,315.273072203666
17,862,317.703602940246
18,862,358.946640067088
1,863,440.757648499486
2,863,169.78081009643
3,863,310.349130585628
4,863,279.077347577568
5,863,385.291336271382
6,863,304.653992275478
7,863,324.972115016073
8,863,300.761639509533
9,863,277.948752354959
10,863,530.866454605538
11,863,212.569714469865
12,863,230.197651418999
13,863,326.639126390281
14,863,271.026713196962
15,863,311.590139164043
16,863,221.016829778605
17,863,331.183954094336
18,863,292.27506626643
1,864,187.412267082302
2,864,281.586591846938
3,864,192.877698361462
4,864,287.422660226852
5,864,293.292260900527
6,864,201.088648440715
7,864,385.310417079796
8,864,310.363573736026
9,864,285.182542098545
10,864,375.426238983691
11,864,294.729769737646
12,864,232.685105852967
13,864,386.946893509243
14,864,339.808023357506
15,864,232.761081435631
16,864,342.315846380394
17,864,340.070126630002
18,864,301.542330911633
1,865,359.172098071997
2,865,528.377060200615
3,865,377.494530905299
4,865,520.039686768145
5,865,442.156470522535
6,865,264.372948085776
7,865,309.09141336685
8,865,244.56666382559
9,865,316.939899154087
10,865,286.711522673984
11,865,331.953361460663
12,865,279.86214967932
13,865,267.865424460271
14,865,271.05359619046
15,865,345.903582909182
16,865,234.405469144777
17,865,240.482419393168
18,865,220.843274612358
1,866,195.428875563766
2,866,364.053556517338
3,866,386.102586046523
4,866,309.58355539709
5,866,291.576878674629
6,866,354.303212245756
7,866,261.143609641505
8,866,358.849668266879
9,866,339.148306539795
10,866,188.060395664783
11,866,328.255325533165
12,866,257.883400238316
13,866,242.71254056768
14,866,359.223604995483
15,866,337.109502626158
16,866,394.606519223687
17,866,451.462091567921
18,866,341.102331789327
1,867,229.274557823621
2,867,353.758872754113
3,867,299.22369556786
4,867,237.98793394721
5,867,292.295556268628
6,867,256.915065516323
7,867,238.217222086284
8,867,230.526759432537
9,867,293.595607094461
10,867,205.209919799035
11,867,183.780305410008
12,867,379.745252568704
13,867,293.910421031696
14,867,312.93843257406
15,867,463.567073300517
16,867,229.771454270354
17,867,488.907950545307
18,867,333.82030538301
1,868,296.314835052414
2,868,411.176692908244
3,868,286.604324993487
4,868,233.678030987314
5,868,241.34021037428
6,868,273.512165147257
7,868,203.134642554806
8,868,252.096603683113
9,868,325.25105192436
10,868,229.802299262116
11,868,344.007522815798
12,868,294.914351137943
13,868,265.071821667086
14,868,223.156541681333
15,868,279.296672609046
16,868,279.034991691148
17,868,390.888652141216
18,868,278.411273114599
1,869,365.14712406588
2,869,496.218845445067
3,869,231.836278666511
4,869,276.674184386697
5,869,360.505878546153
6,869,408.985504160808
7,869,311.554765579933
8,869,204.492004918308
9,869,270.604660222123
10,869,244.775862431497
11,869,278.652790114097
12,869,312.676918254003
13,869,272.492679775237
14,869,530.866454605538
15,869,309.498751744523
16,869,244.852421129142
17,869,293.394276111027
18,869,249.146779146008
1,870,382.976634026077
2,870,314.3507002061
3,870,223.247346647827
4,870,317.13306956166
5,870,281.444721947266
6,870,268.9044150851
7,870,348.968179562043
8,870,333.746713803439
9,870,353.41080793549
10,870,272.489004968269
11,870,336.487789013384
12,870,306.141560426505
13,870,169.78081009643
14,870,294.811924869416
15,870,266.548160398693
16,870,292.485764047979
17,870,314.230507963102
18,870,231.305897308707
1,871,235.710700263987
2,871,342.839474006908
3,871,266.279065865504
4,871,247.085276796828
5,871,309.608715476226
6,871,284.986108766391
7,871,273.910165837959
8,871,257.163500057523
9,871,317.129363597019
10,871,357.19617735872
11,871,337.653091379605
12,871,256.025567079241
13,871,198.111722933003
14,871,243.542556137301
15,871,224.08266305263
16,871,341.428036464646
17,871,357.847425091851
18,871,375.281556481942
1,872,299.866222346278
2,872,192.525726081025
3,872,530.866454605538
4,872,232.501861465338
5,872,299.637609187823
6,872,263.251483183243
7,872,258.573613195098
8,872,444.870337229615
9,872,436.261688769196
10,872,189.247202096073
11,872,215.090291266215
12,872,218.474507512771
13,872,294.669104220625
14,872,318.274531577627
15,872,339.376899437696
16,872,290.4874131555
17,872,343.984147987526
18,872,215.118311530449
1,873,182.016057294266
2,873,243.765917975201
3,873,219.234908438094
4,873,334.679832282633
5,873,187.797604700813
6,873,275.636892354498
7,873,238.342918145281
8,873,308.466888026866
9,873,304.638492105415
10,873,234.247325291616
11,873,317.619956848443
12,873,283.577856292917
13,873,380.606146572246
14,873,338.582771969284
15,873,272.489341172118
16,873,316.704264822987
17,873,283.584117655976
18,873,265.480941530825
1,874,169.78081009643
2,874,417.061573156624
3,874,279.718790046797
4,874,421.560315800588
5,874,453.516701286938
6,874,219.486256796264
7,874,349.270339255264
8,874,275.83054936394
9,874,421.179286979398
10,874,280.903406977663
11,874,316.216219625438
12,874,301.417965553246
13,874,347.973481735583
14,874,172.827960445329
15,874,300.909005339939
16,874,305.165618916944
17,874,444.39858199947
18,874,311.833660373085
1,875,283.9414075134
2,875,320.957083335137
3,875,282.562353812275
4,875,296.963828792186
5,875,281.632137502159
6,875,248.726447413482
7,875,354.456505554867
8,875,239.071581088535
9,875,243.618090232928
10,875,273.689027464391
11,875,328.669003880592
12,875,316.74466104985
13,875,297.456704759915
14,875,276.337665047023
15,875,264.515462362349
16,875,364.370743230023
17,875,259.512022320592
18,875,248.907688175268
1,876,260.762666571265
2,876,264.31909734129
3,876,269.801404070236
4,876,337.978805460367
5,876,361.647105774505
6,876,244.199378014132
7,876,249.766462175407
8,876,290.174872284861
9,876,323.119192376436
10,876,304.749104500851
11,876,305.351475835659
12,876,290.487019909113
13,876,173.635026192628
14,876,398.44316525022
15,876,387.508650909675
16,876,253.90922044771
17,876,340.39941239916
18,876,436.987239464855
1,877,312.625777466617
2,877,333.939766951996
3,877,327.844452495206
4,877,247.770697205761
5,877,383.667166250302
6,877,237.383889128381
7,877,366.437381711681
8,877,356.020568514538
9,877,269.461662016176
10,877,437.910509502662
11,877,279.414690931732
12,877,345.24938868361
13,877,251.093621326966
14,877,286.854574722242
15,877,253.513444158045
16,877,299.79922732686
17,877,220.813249445601
18,877,252.833190213785
1,878,300.725516641807
2,878,216.378982127967
3,878,390.591190790712
4,878,365.367809835288
5,878,206.293314590451
6,878,303.337126495782
7,878,286.448280856705
8,878,169.78081009643
9,878,317.698802099647
10,878,231.61608453171
11,878,189.830311224817
12,878,281.687505307118
13,878,271.650002099945
14,878,220.628193970567
15,878,321.38552174923
16,878,294.622113328168
17,878,343.52615554666
18,878,335.242855033192
1,879,263.650357988146
2,879,211.874121588694
3,879,384.524872684639
4,879,227.898570394583
5,879,260.109449736282
6,879,231.98366961898
7,879,414.684916593317
8,879,208.946315950827
9,879,384.986748202484
10,879,410.428839113119
11,879,329.776939254031
12,879,328.793348827672
13,879,239.512648283461
14,879,267.489981791065
15,879,359.499870859748
16,879,287.856542099956
17,879,448.459593191483
18,879,484.846260257005
1,880,322.861878287481
2,880,267.998019118138
3,880,317.574928373509
4,880,356.098688369156
5,880,428.762171294918
6,880,267.293276181195
7,880,286.317363334219
8,880,324.152111377751
9,880,314.733844078358
10,880,253.399613407926
11,880,307.74750891065
12,880,278.763362370438
13,880,407.071251294298
14,880,294.837050463731
15,880,209.718839464045
16,880,478.411411345113
17,880,213.981100837264
18,880,220.129507882136
1,881,320.435326555574
2,881,283.890642633698
3,881,234.320265959947
4,881,297.24863818273
5,881,278.073531373167
6,881,197.534144679822
7,881,318.874831639637
8,881,409.150645796264
9,881,361.624005829514
10,881,372.163298748983
11,881,341.02749108796
12,881,313.840099890321
13,881,287.942483939237
14,881,220.205706225798
15,881,236.011371516874
16,881,305.484829882347
17,881,193.703861880563
18,881,299.788495025593
1,882,261.728461227594
2,882,451.302711258901
3,882,403.73991258728
4,882,269.404929231324
5,882,332.59786496162
6,882,201.762871710414
7,882,218.252539704424
8,882,358.686657008525
9,882,308.291596510694
10,882,236.098434278392
11,882,332.056346998594
12,882,323.520110758858
13,882,297.011420290389
14,882,332.428969412732
15,882,244.746089433198
16,882,262.166101361942
17,882,253.907367816721
18,882,275.622689474932
1,883,327.596986924957
2,883,317.582694977475
3,883,171.11172267631
4,883,296.267784400063
5,883,326.075271054645
6,883,343.831472237554
7,883,475.991804076686
8,883,328.310026076884
9,883,188.031101107768
10,883,290.327714944787
11,883,201.101519537195
12,883,461.254642081788
13,883,480.183136455313
14,883,360.263538691691
15,883,238.580172387191
16,883,254.153176059963
17,883,393.76531001344
18,883,226.767870118825
1,884,321.144226748716
2,884,309.381655426614
3,884,413.640229135685
4,884,245.241234802569
5,884,264.834526990335
6,884,367.214070882173
7,884,236.516702822885
8,884,286.454052562581
9,884,313.559554193178
10,884,236.258268385807
11,884,224.13069329167
12,884,413.218727570596
13,884,287.143958510844
14,884,292.153841775778
15,884,460.485760434804
16,884,258.025501361432
17,884,407.129392063137
18,884,207.134922156633
1,885,310.574413954598
2,885,239.512381218373
3,885,215.564240395791
4,885,317.617931573683
5,885,393.409549257679
6,885,320.259530270075
7,885,246.168053460339
8,885,231.322013379806
9,885,204.699297605414
10,885,333.108724089383
11,885,276.7291579381
12,885,325.546389929915
13,885,447.982245482635
14,885,361.444385081978
15,885,169.78081009643
16,885,242.42596888693
17,885,323.445135667457
18,885,300.433392086159
1,886,284.720510976482
2,886,210.825848103327
3,886,404.333806548692
4,886,271.498013666965
5,886,292.224194687303
6,886,402.220380973411
7,886,205.204358556761
8,886,256.077673016043
9,886,287.26673978803
10,886,223.284023172973
11,886,214.32271762063
12,886,260.500279711246
13,886,258.876916834539
14,886,294.57246075721
15,886,274.605896567969
16,886,312.054721213633
17,886,424.512644823397
18,886,457.847748072479
1,887,241.148433549382
2,887,249.544721971832
3,887,294.721734677562
4,887,435.10477456493
5,887,347.206761994131
6,887,297.391125154331
7,887,243.72627473898
8,887,445.32167510583
9,887,239.506024410887
10,887,268.063820859972
11,887,221.767649676162
12,887,303.274498877099
13,887,494.316012219298
14,887,399.660111780746
15,887,314.766057979183
16,887,306.879669093292
17,887,212.38058028153
18,887,313.7337700674
1,888,407.792240530301
2,888,333.250266181162
3,888,281.229240367708
4,888,357.378736657173
5,888,290.728656948294
6,888,297.078697154134
7,888,340.541724457473
8,888,227.601723301074
9,888,314.164419945266
10,888,207.45861857584
11,888,530.866454605538
12,888,308.00432100689
13,888,213.014169371088
14,888,223.991593948452
15,888,356.992975261082
16,888,186.414729013078
17,888,239.086740433948
18,888,257.10166755288
1,889,241.099663002171
2,889,385.299253929957
3,889,260.99974444308
4,889,235.561013997616
5,889,353.718114014517
6,889,406.122381138781
7,889,434.693099047649
8,889,323.69298169042
9,889,374.996049519037
10,889,381.956936547683
11,889,237.286574803217
12,889,255.456356279566
13,889,281.980543723857
14,889,304.45932641493
15,889,264.944461231827
16,889,385.201914205378
17,889,229.13497415384
18,889,215.906892170119
1,890,390.652577918982
2,890,363.386916000071
3,890,241.460327796763
4,890,313.934890431815
5,890,277.893744881699
6,890,364.540507544094
7,890,256.242967333083
8,890,232.145426392531
9,890,445.190200454486
10,890,331.732457875723
11,890,308.426619717559
12,890,433.566604247619
13,890,267.884014502718
14,890,350.845723735799
15,890,244.582275094153
16,890,266.59876736146
17,890,420.205868414134
18,890,245.844124019354
1,891,343.115347438452
2,891,237.662049072897
3,891,377.643043688094
4,891,340.215901835154
5,891,195.510730250738
6,891,200.529780287859
7,891,360.392590810411
8,891,236.502231314792
9,891,377.47377055907
10,891,177.288526651376
11,891,530.866454605538
12,891,286.55010470317
13,891,356.297236235902
14,891,225.616664650189
15,891,421.530956668589
16,891,337.934894035027
17,891,269.779349360999
18,891,169.78081009643
1,892,248.204439334963
2,892,280.483370891107
3,892,238.252772719594
4,892,334.612660593496
5,892,169.78081009643
6,892,308.397887592552
7,892,248.643037630378
8,892,298.388416994917
9,892,245.884124489017
10,892,321.56537529638
11,892,412.168617051642
12,892,367.953467699083
13,892,217.861667961472
14,892,306.227384841877
15,892,320.192137578569
16,892,307.032409270931
17,892,412.786917269507
18,892,250.794648816693
1,893,271.937441729165
2,893,270.669952480203
3,893,312.687782350593
4,893,250.554931013483
5,893,269.88977869936
6,893,486.5028937379
7,893,440.574857185571
8,893,343.678196959962
9,893,274.554881322549
10,893,287.563783047659
11,893,238.244835497149
12,893,245.637715066295
13,893,395.566739756613
14,893,362.745168402826
15,893,185.950104316548
16,893,328.738094937408
17,893,499.465576498017
18,893,276.068083635724
1,894,310.128613283513
2,894,337.95268913764
3,894,292.586834118119
4,894,246.170566311097
5,894,247.617182071465
6,894,324.326599664085
7,894,229.429929441581
8,894,403.330521423782
9,894,341.714293518623
10,894,354.112745642057
11,894,315.462031882795
12,894,357.442434343707
13,894,530.866454605538
14,894,327.746547242186
15,894,271.189732841692
16,894,260.016215447624
17,894,469.528528691954
18,894,283.439820006234
1,895,323.471296893357
2,895,255.681045316274
3,895,236.414269151963
4,895,259.973329778543
5,895,324.43404941133
6,895,188.215879140292
7,895,253.295267893271
8,895,313.252141199094
9,895,242.385023494178
10,895,347.185214217496
11,895,290.912910707766
12,895,231.27208686829
13,895,356.808401808602
14,895,313.636723151464
15,895,308.645010031073
16,895,412.467652247017
17,895,210.714328899454
18,895,169.78081009643
1,896,467.779030652975
2,896,321.919598645472
3,896,308.033957745037
4,896,286.000045157494
5,896,368.399639536252
6,896,389.646804799369
7,896,209.201753676622
8,896,240.694460156932
9,896,468.706809519814
10,896,227.813201981926
11,896,262.507221731935
12,896,378.500920970081
13,896,257.798227941744
14,896,443.935907042132
15,896,266.779743187602
16,896,256.427211656673
17,896,353.770875613054
18,896,193.091400948414
1,897,296.196508511913
2,897,268.156021545098
3,897,384.844698753256
4,897,230.212384171504
5,897,263.643103633021
6,897,326.03647785139
7,897,301.671180874987
8,897,256.49453529557
9,897,213.493133734197
10,897,263.630969427425
11,897,365.749651730586
12,897,492.471102815359
13,897,310.472271484203
14,897,203.583949477544
15,897,211.925494684956
16,897,273.427224625551
17,897,297.621482953021
18,897,269.600571530956
1,898,293.802082159876
2,898,507.203286129404
3,898,227.21155351529
4,898,241.894836038719
5,898,362.692216092752
6,898,330.486351265184
7,898,318.60836009539
8,898,530.866454605538
9,898,270.13998429942
10,898,256.547299495065
11,898,425.199254607964
12,898,208.980803506027
13,898,255.445838379694
14,898,365.104440265877
15,898,298.828484241359
16,898,345.500507625079
17,898,356.809641607262
18,898,337.611506624589
1,899,353.326903294697
2,899,254.018959248233
3,899,281.88203359421
4,899,333.345756630542
5,899,364.495747253447
6,899,530.866454605538
7,899,341.721185079289
8,899,253.549231967657
9,899,309.15912230974
10,899,217.662813013209
11,899,357.578305963338
12,899,324.796102881902
13,899,333.332902600466
14,899,387.886642014097
15,899,322.746737092104
16,899,268.210414866889
17,899,391.611216261042
18,899,288.022162964356
1,900,218.881253711191
2,900,319.436978456519
3,900,249.911446708018
4,900,361.921858216983
5,900,448.917172815596
6,900,237.331528224922
7,900,260.032520355567
8,900,229.991418540392
9,900,215.579662504767
10,900,255.523168835491
11,900,177.481328257119
12,900,316.019080546675
13,900,325.061537196644
14,900,299.041905868503
15,900,328.708416129624
16,900,349.06708888762
17,900,250.586234761034
18,900,350.819275248064
1,901,332.966055915757
2,901,286.109424481173
3,901,387.984307543794
4,901,375.258591977946
5,901,228.746353875875
6,901,349.776251112574
7,901,169.78081009643
8,901,238.707975145889
9,901,228.171570177167
10,901,371.788552582187
11,901,393.899568969717
12,901,296.346593159046
13,901,240.305876696137
14,901,364.959285047937
15,901,296.205046582209
16,901,207.540463069476
17,901,378.736283500101
18,901,374.061235556624
1,902,317.788184968741
2,902,407.353580197003
3,902,434.939074871147
4,902,491.389333364767
5,902,385.33965406516
6,902,433.586313750708
7,902,277.017139289292
8,902,432.215227504245
9,902,234.920780905172
10,902,462.844117110258
11,902,272.412203244016
12,902,219.85545756158
13,902,240.25586108344
14,902,289.207903154831
15,902,191.390843571369
16,902,355.49928258777
17,902,403.404837005298
18,902,200.881647334995
1,903,462.042042275343
2,903,434.075089827943
3,903,274.707052388542
4,903,332.783988388118
5,903,239.74536261328
6,903,264.120551062402
7,903,320.772970414635
8,903,375.699211995368
9,903,252.659580305145
10,903,281.463243431939
11,903,344.496272736981
12,903,321.894569472299
13,903,286.138124773193
14,903,262.516269004385
15,903,240.367795235976
16,903,236.300458113793
17,903,345.432220711538
18,903,323.301481852413
1,904,237.169309775333
2,904,417.150897671178
3,904,169.78081009643
4,904,270.024033243879
5,904,310.635086700253
6,904,173.226463439722
7,904,409.45347151153
8,904,261.798885881977
9,904,393.311197742343
10,904,265.242907940753
11,904,204.969999046789
12,904,351.780965949215
13,904,277.468169482989
14,904,292.75100536908
15,904,278.019905006182
16,904,289.106115017819
17,904,255.729498429534
18,904,266.722098733086
1,905,271.718911524812
2,905,381.700214076039
3,905,215.167725926041
4,905,354.805772721274
5,905,292.850802669198
6,905,359.920621629206
7,905,298.377593559158
8,905,185.255725341591
9,905,201.838114977132
10,905,235.281492433804
11,905,297.234110537407
12,905,302.667447085088
13,905,273.210660682873
14,905,272.064644100628
15,905,314.197232365655
16,905,218.379548707977
17,905,260.882561850623
18,905,223.252715530703
1,906,417.695434665261
2,906,181.134185361046
3,906,183.874743733769
4,906,199.516928942754
5,906,292.493200698696
6,906,296.512127090327
7,906,264.740037549645
8,906,260.018005006814
9,906,345.766576820489
10,906,217.557080192604
11,906,293.326613008033
12,906,288.545632657229
13,906,251.791338838622
14,906,314.220970387732
15,906,362.182664706468
16,906,263.762282022465
17,906,251.010757699683
18,906,477.628802142154
1,907,287.163860791522
2,907,169.78081009643
3,907,341.772879975287
4,907,365.317676122271
5,907,287.282907403852
6,907,416.103290986366
7,907,261.310433827753
8,907,306.383133355898
9,907,234.6887809663
10,907,278.412480307319
11,907,239.658417611234
12,907,199.355071832321
13,907,295.211039892864
14,907,200.447095122133
15,907,290.213123423407
16,907,394.169338803178
17,907,266.752303623543
18,907,175.572819515924
1,908,281.776589101256
2,908,277.251368479339
3,908,245.636246558507
4,908,467.261849166961
5,908,253.759222108247
6,908,440.855955339421
7,908,265.940645476718
8,908,304.247105836765
9,908,286.557773708458
10,908,260.952319286589
11,908,242.075889708176
12,908,245.82158535329
13,908,245.62849314147
14,908,319.973108882256
15,908,273.731710096829
16,908,283.019992993292
17,908,297.585071876425
18,908,294.661930386221
1,909,224.876946672984
2,909,289.158983630645
3,909,251.619960268105
4,909,290.63728439681
5,909,245.255836814253
6,909,274.384386631944
7,909,285.166412667633
8,909,530.866454605538
9,909,193.275396844835
10,909,309.008270829281
11,909,293.361561547563
12,909,258.683867682487
13,909,249.86271564874
14,909,298.772845256945
15,909,327.62821722838
16,909,282.22358050737
17,909,213.879716748771
18,909,360.571160654484
1,910,329.830410840848
2,910,252.314382489454
3,910,351.330044462728
4,910,314.997173712478
5,910,273.647745720094
6,910,323.929810954962
7,910,271.855630709212
8,910,218.979675058351
9,910,293.533824079443
10,910,517.889413894101
11,910,311.207682833899
12,910,266.104886209347
13,910,342.392871806774
14,910,262.831540489009
15,910,221.100992213946
16,910,239.721790804283
17,910,383.546436779816
18,910,386.561700933254
1,911,267.452789717848
2,911,419.434404134032
3,911,253.308072224256
4,911,339.805930046462
5,911,169.78081009643
6,911,309.658702758548
7,911,465.502614638529
8,911,183.849615540748
9,911,243.217656671824
10,911,460.90305691189
11,911,300.92510197319
12,911,428.42745186584
13,911,328.707046217369
14,911,481.990060314731
15,911,294.595696882337
16,911,285.841019175688
17,911,180.049649168702
18,911,226.920358106334
1,912,262.271291609444
2,912,375.839966483231
3,912,285.278784106414
4,912,402.116552793202
5,912,481.588534792419
6,912,350.477356616158
7,912,316.32897003094
8,912,208.119006327016
9,912,381.795578427538
10,912,464.413273895864
11,912,276.953432088572
12,912,280.605960522763
13,912,373.927889433036
14,912,289.384065341612
15,912,202.875572748449
16,912,227.898655923383
17,912,398.092350306915
18,912,433.140106638857
1,913,278.111726576746
2,913,361.486831733199
3,913,204.450357323381
4,913,278.095587717404
5,913,272.293993611659
6,913,316.014398724028
7,913,261.061985271416
8,913,273.630541935749
9,913,305.465315297889
10,913,235.762743391811
11,913,232.983846526891
12,913,366.006266533154
13,913,234.892766892478
14,913,388.050953715242
15,913,208.496059095288
16,913,281.830143169159
17,913,176.846316915861
18,913,310.681286445674
1,914,315.997192706849
2,914,348.658658784637
3,914,234.96319938128
4,914,169.78081009643
5,914,274.590179528158
6,914,209.881921607015
7,914,278.576551427492
8,914,375.140256669089
9,914,349.342523275286
10,914,385.789510777407
11,914,329.995286837637
12,914,304.710676133877
13,914,445.600558155812
14,914,320.672576027631
15,914,341.159776431685
16,914,367.644329793058
17,914,272.559935599284
18,914,262.468097967089
1,915,215.559472738599
2,915,298.306473623871
3,915,348.475464507681
4,915,264.810919380764
5,915,329.781552782186
6,915,302.818776832178
7,915,329.202289358037
8,915,254.471732847184
9,915,274.148083241142
10,915,268.098378417545
11,915,297.257278038804
12,915,332.825749137809
13,915,275.826887493569
14,915,195.697723962975
15,915,258.462449807354
16,915,222.011542983476
17,915,249.32272630146
18,915,318.39588501101
1,916,319.206519481924
2,916,433.110891967127
3,916,281.204959856876
4,916,259.502726135624
5,916,298.578691093759
6,916,244.994173515341
7,916,345.473459518056
8,916,320.875492305168
9,916,315.391956630521
10,916,382.200864635248
11,916,436.250346038951
12,916,269.921574214056
13,916,397.379324466589
14,916,316.587087627981
15,916,440.402135587434
16,916,442.589501834635
17,916,368.886715817261
18,916,447.409494648478
1,917,292.887346897049
2,917,218.509900901432
3,917,287.619116968619
4,917,209.739574910098
5,917,316.660350885948
6,917,285.123284426583
7,917,299.906138802702
8,917,236.295055878311
9,917,314.38721233937
10,917,351.31374432403
11,917,284.794989916506
12,917,296.712619822431
13,917,263.319661942637
14,917,286.639801398403
15,917,244.404113935654
16,917,233.398998154508
17,917,308.001557281092
18,917,227.284177765524
1,918,217.880152502051
2,918,317.745292202552
3,918,342.397646230179
4,918,362.268768803314
5,918,226.089532168281
6,918,445.058826443129
7,918,284.593836190823
8,918,365.742077494429
9,918,205.886839822985
10,918,352.907188380547
11,918,328.288556637138
12,918,334.022620223054
13,918,461.095140939414
14,918,338.620337812796
15,918,355.68034907481
16,918,304.659841908163
17,918,307.474107289788
18,918,326.89266546234
1,919,340.031984456466
2,919,240.176548171118
3,919,323.557752602839
4,919,265.636208341837
5,919,216.147293702127
6,919,293.155668129666
7,919,208.903613134847
8,919,270.423672423078
9,919,315.278516034376
10,919,229.348765473164
11,919,217.393359790925
12,919,428.377155095091
13,919,323.101036863063
14,919,274.458443891866
15,919,405.326682855097
16,919,247.268685717469
17,919,338.907967045579
18,919,275.568585271739
1,920,342.461412284921
2,920,336.742273132702
3,920,359.696368483049
4,920,318.327470663787
5,920,349.018145236706
6,920,235.124905897989
7,920,388.836604351831
8,920,191.079371283609
9,920,187.152274076533
10,920,247.235195511608
11,920,303.037055314979
12,920,311.978339162298
13,920,385.231885110651
14,920,385.63424572177
15,920,260.384025358507
16,920,348.253803160372
17,920,336.60875449487
18,920,399.313963248172
1,921,299.831210410794
2,921,334.748268278701
3,921,267.410742545232
4,921,308.303980556635
5,921,249.843380004446
6,921,192.971224495497
7,921,392.750342386158
8,921,350.563808549795
9,921,277.654055645014
10,921,229.665863902654
11,921,209.218515494951
12,921,268.909808605394
13,921,335.559299335233
14,921,351.388491102777
15,921,295.077572570012
16,921,263.739514812523
17,921,428.027018358965
18,921,286.685056907346
1,922,304.83460451902
2,922,257.574405813232
3,922,326.162672264911
4,922,351.583598207906
5,922,341.436915958981
6,922,331.950753376543
7,922,411.562320960414
8,922,341.617747778012
9,922,246.904235346933
10,922,248.970814838961
11,922,255.932745758077
12,922,265.290844025142
13,922,463.871254644948
14,922,259.132752702422
15,922,299.632524797647
16,922,342.971183860148
17,922,276.507945705102
18,922,409.679488615481
1,923,217.280429573366
2,923,399.74783447918
3,923,364.24770540963
4,923,519.676393166569
5,923,289.308744768405
6,923,319.317154266837
7,923,429.07159209085
8,923,209.608931642663
9,923,290.16779589632
10,923,297.063972716616
11,923,272.885804575635
12,923,368.289164192872
13,923,275.870744488802
14,923,258.652523287813
15,923,330.038102088652
16,923,286.455795603452
17,923,323.925305189329
18,923,205.192047293114
1,924,308.129668376758
2,924,394.334624490375
3,924,244.381878003457
4,924,180.248788878185
5,924,343.63270924807
6,924,188.594995433534
7,924,280.374195753365
8,924,421.181767025539
9,924,241.148693737145
10,924,218.700894549293
11,924,313.059778519658
12,924,325.284101558513
13,924,285.361764985539
14,924,326.238972668298
15,924,319.459566167257
16,924,422.360177137297
17,924,382.0287606334
18,924,375.093201211428
1,925,256.354357608713
2,925,203.130637170799
3,925,288.422307484762
4,925,224.114760074339
5,925,387.126529441706
6,925,260.90022047821
7,925,284.098408863022
8,925,482.61057866497
9,925,304.530606002109
10,925,228.299775215734
11,925,381.108287623639
12,925,189.029755417657
13,925,401.181939008303
14,925,453.197070528884
15,925,169.78081009643
16,925,266.029811778123
17,925,293.996278817776
18,925,299.918759623791
1,926,337.522996683297
2,926,304.041090720038
3,926,275.561177002664
4,926,294.970365692905
5,926,343.292000712711
6,926,263.464937279978
7,926,246.600298799483
8,926,354.932562604824
9,926,333.833797724166
10,926,237.439095518858
11,926,410.678427020959
12,926,241.673988344959
13,926,278.103251942757
14,926,320.462361760687
15,926,311.24528717118
16,926,231.343736952295
17,926,262.327213181898
18,926,422.805180658466
1,927,236.230234125447
2,927,271.115094885098
3,927,313.297394516903
4,927,294.863149952717
5,927,259.83370723763
6,927,247.169481636665
7,927,230.398472948695
8,927,280.409078118247
9,927,378.687055546824
10,927,446.474952642691
11,927,385.632421933637
12,927,251.045696545878
13,927,392.182383528956
14,927,317.762726401047
15,927,284.276463100228
16,927,221.936787744823
17,927,291.071969627719
18,927,279.018326727696
1,928,385.199247856654
2,928,352.866150017368
3,928,396.269226780314
4,928,254.960330530017
5,928,208.381879051318
6,928,240.170961869988
7,928,274.584011413781
8,928,258.089276003237
9,928,295.844279175791
10,928,508.183736623984
11,928,169.953111713332
12,928,304.558397303665
13,928,315.912975477264
14,928,298.049097213853
15,928,263.751068306744
16,928,257.518845722628
17,928,388.357204773817
18,928,313.806763183173
1,929,349.989941756586
2,929,223.439945784127
3,929,306.321600034533
4,929,198.031468969957
5,929,306.67340444493
6,929,266.094930506045
7,929,391.935250222984
8,929,319.562715713391
9,929,389.462023897238
10,929,431.440443671179
11,929,355.337369618851
12,929,326.497140596043
13,929,286.047233668213
14,929,206.473180503013
15,929,301.665740239952
16,929,321.19632170784
17,929,296.965683345397
18,929,183.999631693655
1,930,271.723664083581
2,930,297.849654274561
3,930,282.753570518278
4,930,305.490424119214
5,930,484.802796489061
6,930,174.501379009645
7,930,229.077731352334
8,930,371.749814408859
9,930,320.751503331802
10,930,267.610302048771
11,930,222.201949403127
12,930,304.820681693435
13,930,286.249932861882
14,930,201.402038711226
15,930,241.62990782126
16,930,328.971586764756
17,930,231.895585149537
18,930,336.018663372856
1,931,350.719080800607
2,931,288.422764941176
3,931,302.021264200691
4,931,315.251293807175
5,931,339.068218012401
6,931,208.596890957727
7,931,230.916920847606
8,931,240.305413277448
9,931,375.71744115009
10,931,530.866454605538
11,931,358.467865973112
12,931,361.405140357096
13,931,180.073001560371
14,931,225.879620638121
15,931,262.321738284602
16,931,300.329950227496
17,931,265.192099809685
18,931,368.967978737863
1,932,310.468016267643
2,932,184.523718962404
3,932,281.555502041908
4,932,230.308669925439
5,932,289.39025920605
6,932,410.496585027547
7,932,243.44955812526
8,932,386.859370192814
9,932,238.096739157587
10,932,255.556855993136
11,932,315.47660975084
12,932,293.005105546582
13,932,530.866454605538
14,932,198.041257338795
15,932,306.977463626545
16,932,427.619079496724
17,932,291.8229741181
18,932,298.031699429257
1,933,368.988807430177
2,933,272.881938183499
3,933,328.891649255584
4,933,455.608426260007
5,933,322.023707754966
6,933,306.440560618403
7,933,224.183427681845
8,933,277.979334092691
9,933,246.665342219761
10,933,249.420129827942
11,933,329.935751558953
12,933,376.292300878118
13,933,223.251527725099
14,933,245.584599455216
15,933,187.688144996103
16,933,289.116101043451
17,933,396.717851583102
18,933,299.236921600079
1,934,320.755186979155
2,934,249.257615882007
3,934,211.542810978048
4,934,308.628482156015
5,934,213.12673656197
6,934,229.956741522381
7,934,322.900565034124
8,934,322.576122083498
9,934,303.569609564511
10,934,365.801463529754
11,934,283.889601021558
12,934,316.98706040473
13,934,241.9674755589
14,934,223.068086813767
15,934,309.292041235202
16,934,231.270050560475
17,934,354.826857252394
18,934,191.067406136223
1,935,373.896855370557
2,935,260.799865481069
3,935,404.25007291642
4,935,258.008040475446
5,935,295.951283123197
6,935,229.318105402814
7,935,277.953899490948
8,935,475.123990631647
9,935,482.455073593564
10,935,224.533249128334
11,935,300.703158449726
12,935,350.52740850673
13,935,447.953964389107
14,935,306.598283910224
15,935,433.279969915179
16,935,344.289236937775
17,935,260.207155840359
18,935,317.527033641523
1,936,229.47452325911
2,936,312.796400475578
3,936,318.920701710427
4,936,303.237751244815
5,936,433.159480726794
6,936,246.19378502746
7,936,488.195534071644
8,936,357.450478649788
9,936,306.509990356522
10,936,235.054357675736
11,936,189.238354258734
12,936,221.855337098878
13,936,309.642552566439
14,936,257.994047488688
15,936,224.12996059194
16,936,423.600960245731
17,936,236.357982310516
18,936,240.100113210382
1,937,252.036487326125
2,937,370.805978296713
3,937,273.110121187116
4,937,401.629056744776
5,937,322.423871905824
6,937,392.316075872202
7,937,270.047291719101
8,937,228.842328109264
9,937,181.21019478015
10,937,260.009741491287
11,937,205.175711365944
12,937,320.782646103486
13,937,268.296290045813
14,937,274.768751192169
15,937,227.486809662708
16,937,276.850752581616
17,937,195.039645940483
18,937,395.298510465028
1,938,243.410301784882
2,938,246.552505733602
3,938,310.034826185916
4,938,275.130787721885
5,938,282.938133471431
6,938,396.906442474712
7,938,191.108396165026
8,938,293.822261726856
9,938,263.182592579723
10,938,333.425504518649
11,938,320.738821114214
12,938,181.954431198123
13,938,209.963794189147
14,938,267.704044659042
15,938,460.095287795071
16,938,241.093882690165
17,938,292.935605253786
18,938,367.197893949646
1,939,530.866454605538
2,939,517.668754498757
3,939,432.149650141895
4,939,310.668523605566
5,939,234.042650261737
6,939,284.150908591384
7,939,385.194333195799
8,939,403.007981103567
9,939,285.56802451498
10,939,244.647205117014
11,939,263.296533244583
12,939,233.525871469648
13,939,530.866454605538
14,939,370.262123364286
15,939,233.321124899481
16,939,229.446911569046
17,939,392.899571734403
18,939,271.175391195679
1,940,312.577266468642
2,940,189.756331706059
3,940,275.684397297334
4,940,367.66330046181
5,940,411.446275288202
6,940,299.068023221425
7,940,192.524119121626
8,940,293.173204296976
9,940,317.622159648569
10,940,253.76332056926
11,940,249.167033478531
12,940,250.621119027913
13,940,477.592555153605
14,940,433.024158652675
15,940,276.033442041515
16,940,180.541686805484
17,940,243.42444698021
18,940,255.969782100484
1,941,231.86595744978
2,941,359.831066196656
3,941,273.384355904081
4,941,332.757589708764
5,941,294.262865503613
6,941,201.190050997017
7,941,323.295157986205
8,941,286.415511577791
9,941,235.803158520023
10,941,241.871400426819
11,941,305.192000822174
12,941,175.226827652399
13,941,216.561921093489
14,941,290.706718756432
15,941,261.743191848981
16,941,254.141087021823
17,941,377.219051121351
18,941,293.658156467092
1,942,336.8694724009
2,942,200.368829243886
3,942,368.869537570695
4,942,279.788714321888
5,942,263.906704604033
6,942,264.728674094269
7,942,347.586024455958
8,942,200.69138096966
9,942,169.78081009643
10,942,194.740885645566
11,942,397.264911861864
12,942,316.598121761335
13,942,378.00529801941
14,942,333.331993062516
15,942,523.186831755521
16,942,356.953425698051
17,942,299.24196869914
18,942,294.522338030777
1,943,306.327083997695
2,943,416.640303629328
3,943,460.924057658864
4,943,434.479822436191
5,943,299.773118653468
6,943,192.309001221782
7,943,205.177680105655
8,943,233.880994833168
9,943,279.897077356805
10,943,244.39125175172
11,943,219.902527902646
12,943,284.325831253693
13,943,234.609279696201
14,943,270.42552136076
15,943,530.866454605538
16,943,210.729871093652
17,943,227.513536432668
18,943,474.579588695528
1,944,264.127660097254
2,944,258.271975278728
3,944,276.08992937505
4,944,188.861984027086
5,944,503.444065851076
6,944,257.753780108142
7,944,300.264954404893
8,944,265.460888961601
9,944,364.526004371699
10,944,296.946133360388
11,944,408.861579170366
12,944,530.866454605538
13,944,227.910571484617
14,944,301.838383256352
15,944,265.040665108039
16,944,291.140101571806
17,944,284.015008432072
18,944,451.125000562899
1,945,469.974040621642
2,945,354.998099698891
3,945,325.995169304881
4,945,247.060847105618
5,945,342.6371531074
6,945,282.007205661337
7,945,243.512687850465
8,945,232.574795170546
9,945,355.199780852275
10,945,278.7432368578
11,945,226.743709876566
12,945,256.117287217436
13,945,414.2406527747
14,945,185.321964194858
15,945,352.922092039018
16,945,397.159454622591
17,945,395.498533417233
18,945,348.286967559705
1,946,202.790576466211
2,946,286.996440281925
3,946,210.44651861106
4,946,256.214686702248
5,946,310.250309846419
6,946,325.546580151502
7,946,397.472384799369
8,946,305.522881852018
9,946,294.588105657559
10,946,287.583216214566
11,946,295.353276606891
12,946,232.560413195055
13,946,174.882103741888
14,946,205.192065194764
15,946,368.654319454775
16,946,471.506112825333
17,946,256.066437007723
18,946,267.49483938639
1,947,282.196983413208
2,947,355.011834714589
3,947,236.091350612944
4,947,245.76913337587
5,947,275.259530713937
6,947,353.306183673597
7,947,410.854194142445
8,947,297.675402010477
9,947,336.074644179148
10,947,221.197068845095
11,947,248.015786673671
12,947,210.271992403211
13,947,225.793449361103
14,947,209.272134200255
15,947,380.69020921
16,947,266.535773125158
17,947,326.384064791423
18,947,331.447118768533
1,948,218.306074908404
2,948,318.193897928194
3,948,396.97005073483
4,948,283.980048207741
5,948,292.701026583474
6,948,295.710805989217
7,948,272.267133669224
8,948,282.949861639357
9,948,324.99651378703
10,948,315.747923514212
11,948,252.533277655079
12,948,268.160567400982
13,948,530.866454605538
14,948,190.073931126367
15,948,376.155689970517
16,948,390.792768015474
17,948,200.968816241561
18,948,271.29743795523
1,949,219.462131675237
2,949,233.675098574263
3,949,320.543429841027
4,949,346.758753078154
5,949,273.700021754384
6,949,298.851780842523
7,949,291.609377734331
8,949,329.307950507928
9,949,174.93808615285
10,949,493.905963451754
11,949,276.697761600567
12,949,271.379317975075
13,949,478.064218461553
14,949,255.158438284044
15,949,330.851361407543
16,949,279.562202385047
17,949,290.292187746623
18,949,245.194552625096
1,950,348.915652522329
2,950,430.937372756374
3,950,339.103442971843
4,950,229.940279290381
5,950,227.513153727297
6,950,380.978507967299
7,950,280.249815242236
8,950,303.792262356222
9,950,300.024594926934
10,950,295.665599904179
11,950,320.232453636902
12,950,385.080558775396
13,950,204.391579902253
14,950,229.163096140476
15,950,291.684946808219
16,950,271.537223088276
17,950,471.674251000001
18,950,265.513541728272
1,951,247.11425479862
2,951,242.23044678654
3,951,224.550155957345
4,951,403.536466310079
5,951,302.73868212585
6,951,351.596209119042
7,951,248.795552552674
8,951,283.171874548061
9,951,324.592358908044
10,951,342.950295294507
11,951,320.519493012144
12,951,285.439047943436
13,951,305.691033775336
14,951,264.614224083018
15,951,356.734692554335
16,951,382.501239645956
17,951,181.992014786022
18,951,169.78081009643
1,952,314.976842591919
2,952,444.11861202937
3,952,305.028376084407
4,952,339.660834500588
5,952,335.336638493883
6,952,239.322118010856
7,952,320.375690000194
8,952,371.463506229056
9,952,241.559171037862
10,952,479.113861931068
11,952,310.893086502093
12,952,243.399326563556
13,952,329.171511937593
14,952,395.891232132787
15,952,296.485054123332
16,952,305.304558218757
17,952,291.581663032747
18,952,322.362283091339
1,953,245.26553532856
2,953,286.307094532466
3,953,249.798143338782
4,953,298.844081857994
5,953,223.118144082289
6,953,292.379263236872
7,953,381.592689734455
8,953,331.040168873968
9,953,288.232075378505
10,953,530.866454605538
11,953,321.221040924841
12,953,187.587030192048
13,953,340.410482289893
14,953,405.139018099267
15,953,419.956580132854
16,953,336.431630198847
17,953,375.356230647088
18,953,361.75371033793
1,954,408.491393257935
2,954,191.672486172821
3,954,245.141183328038
4,954,247.714526714773
5,954,277.675844490378
6,954,282.972434766356
7,954,270.779428243938
8,954,299.827305019821
9,954,248.066206634412
10,954,484.470600537324
11,954,321.74154153262
12,954,283.865305741406
13,954,261.356681774905
14,954,310.652338842443
15,954,275.620220205709
16,954,306.261610649147
17,954,312.314056805432
18,954,267.273608226693
1,955,400.330639738696
2,955,529.988693775037
3,955,213.686278090397
4,955,331.857304272234
5,955,263.22210551874
6,955,371.43512296023
7,955,253.927188612357
8,955,324.077353492146
9,955,244.477156681155
10,955,277.875305482121
11,955,198.877323712643
12,955,275.207659697156
13,955,494.032339168095
14,955,322.561769064769
15,955,266.575742500686
16,955,530.866454605538
17,955,374.665925416079
18,955,294.951109213502
1,956,235.867344588796
2,956,212.146041535358
3,956,347.979982963244
4,956,273.334423861006
5,956,519.93592593422
6,956,299.261424868334
7,956,284.0458029118
8,956,261.203732156272
9,956,221.864962641219
10,956,300.236349143201
11,956,189.962034022537
12,956,277.011535043362
13,956,203.828392302467
14,956,254.271492260496
15,956,444.915721621423
16,956,290.989914522677
17,956,236.390682299783
18,956,211.542004894882
1,957,224.067709941139
2,957,368.642514499999
3,957,480.581715356083
4,957,282.351662121032
5,957,282.839787775647
6,957,266.656240692918
7,957,481.619200895838
8,957,193.498741487333
9,957,368.15438079303
10,957,224.487234757523
11,957,391.115217480622
12,957,346.012565300539
13,957,352.173673387654
14,957,226.555600103021
15,957,250.317356477177
16,957,169.78081009643
17,957,243.573719418117
18,957,219.139396950834
1,958,286.374459117609
2,958,284.990245198434
3,958,247.388516896127
4,958,256.191807080975
5,958,195.287726875849
6,958,357.345409638363
7,958,319.631481710632
8,958,344.949271430573
9,958,377.467361198479
10,958,277.634985899295
11,958,467.242076589881
12,958,239.116839018771
13,958,305.771313094124
14,958,392.66470012964
15,958,337.44845150372
16,958,248.321793714078
17,958,242.258714159673
18,958,386.635725863663
1,959,272.514664764552
2,959,261.927489519283
3,959,240.584275691787
4,959,323.799581180803
5,959,432.000897194096
6,959,429.23621803965
7,959,386.471725731589
8,959,204.841854892634
9,959,423.764743950608
10,959,364.708659466274
11,959,447.911369259624
12,959,230.20970431111
13,959,229.195118274381
14,959,282.254151409377
15,959,276.762530477162
16,959,344.04126254351
17,959,277.274662102257
18,959,284.28890114711
1,960,230.432786499689
2,960,352.924024019317
3,960,421.27052124778
4,960,287.602705484118
5,960,274.42639396465
6,960,339.839363425346
7,960,257.770910631896
8,960,277.525763656868
9,960,224.795317787266
10,960,265.605832255239
11,960,437.94183978489
12,960,268.330282036095
13,960,367.942294082215
14,960,209.127287016058
15,960,396.268914211336
16,960,252.523236466269
17,960,186.84359206925
18,960,293.168344006644
1,961,232.639383203051
2,961,311.571942421927
3,961,295.890920649264
4,961,530.866454605538
5,961,342.929643020286
6,961,407.236460120541
7,961,408.328817643087
8,961,306.279280576598
9,961,293.575140616379
10,961,198.611469379053
11,961,349.382871844411
12,961,382.334297500168
13,961,242.11892423224
14,961,232.215974910416
15,961,373.354036863566
16,961,363.881443586801
17,961,259.964114567338
18,961,252.014305460807
1,962,265.304246462538
2,962,425.784163174467
3,962,300.805150237652
4,962,337.436168511402
5,962,315.196171184075
6,962,436.622687565764
7,962,199.058055114148
8,962,329.41900513595
9,962,312.481739618946
10,962,375.208248252868
11,962,325.466616954343
12,962,221.196339572112
13,962,230.219903130294
14,962,269.773086470992
15,962,267.852361210282
16,962,379.727979945001
17,962,379.945398219812
18,962,275.024701141431
1,963,239.194026381277
2,963,421.413879947577
3,963,443.604199374962
4,963,302.600393152593
5,963,255.134552884515
6,963,254.781005940525
7,963,326.240400124326
8,963,339.938560532467
9,963,530.866454605538
10,963,309.171162146573
11,963,337.855115941987
12,963,222.953101403516
13,963,331.395761043475
14,963,289.681440856699
15,963,416.581477200189
16,963,271.192992093186
17,963,204.783281875044
18,963,274.467511667521
1,964,241.912530463866
2,964,342.727401946886
3,964,305.703739417868
4,964,313.021467454909
5,964,422.358190230981
6,964,353.337164059071
7,964,260.403195156091
8,964,295.001567731764
9,964,279.867249352623
10,964,427.230538054999
11,964,433.177091468134
12,964,234.714118744283
13,964,212.712032316808
14,964,426.226720762487
15,964,290.08062832405
16,964,200.31014609234
17,964,317.496478765814
18,964,241.489246581874
1,965,247.051509305114
2,965,310.461698667031
3,965,208.025147917885
4,965,324.839313959563
5,965,243.618811552791
6,965,328.117396755426
7,965,424.963005593879
8,965,263.044816400085
9,965,385.541359862332
10,965,238.571916927127
11,965,238.531355399475
12,965,299.98422155677
13,965,272.547036703882
14,965,219.556525840369
15,965,239.585878802048
16,965,451.252185775815
17,965,268.852717624935
18,965,181.670919758945
1,966,325.982167063985
2,966,240.874749108624
3,966,203.289267578314
4,966,295.727407939734
5,966,175.197235536877
6,966,169.78081009643
7,966,218.718635085741
8,966,395.320538753304
9,966,234.683964286567
10,966,277.490328384007
11,966,308.878954446266
12,966,248.410023140778
13,966,308.730597407197
14,966,188.156150860815
15,966,305.33526084923
16,966,259.836843915558
17,966,348.030305766444
18,966,254.250493524287
1,967,284.689908855337
2,967,369.321080184685
3,967,222.777744217163
4,967,260.673787561061
5,967,260.241673836206
6,967,196.194186725615
7,967,357.182249684166
8,967,205.507841007939
9,967,385.690338943072
10,967,218.233261046776
11,967,483.361372674922
12,967,375.442224662552
13,967,341.903338402688
14,967,358.103790213594
15,967,395.987924715912
16,967,262.271890821329
17,967,224.808094174346
18,967,245.167566911152
1,968,169.78081009643
2,968,240.10648938662
3,968,261.555383158623
4,968,281.422807944336
5,968,315.250937915973
6,968,275.472953052197
7,968,245.821088682432
8,968,326.238298141926
9,968,390.186289775139
10,968,397.675971620624
11,968,333.200609298243
12,968,411.159812677689
13,968,262.989508677838
14,968,385.011814204117
15,968,274.267752549042
16,968,289.295771988675
17,968,265.008650778683
18,968,229.838429028928
1,969,302.773698874596
2,969,372.909442348818
3,969,247.866241395178
4,969,369.515289967156
5,969,258.313845536044
6,969,224.465171746165
7,969,289.103315340334
8,969,230.186251419042
9,969,272.00403362052
10,969,204.534938268989
11,969,242.165440994214
12,969,355.777234906027
13,969,290.90574340802
14,969,282.650605806136
15,969,332.503601480086
16,969,354.286229417802
17,969,338.124394983919
18,969,190.364504798629
1,970,336.131135401001
2,970,274.099978544248
3,970,363.644883705279
4,970,292.510146886022
5,970,267.635544350901
6,970,279.381397732646
7,970,530.866454605538
8,970,333.102728359878
9,970,466.906518632536
10,970,257.082639356767
11,970,210.71586695987
12,970,247.947160087981
13,970,300.932338661954
14,970,287.444898454497
15,970,368.034829757427
16,970,239.45870239108
17,970,263.607720036602
18,970,241.536017491135
1,971,420.811048460448
2,971,286.311092949103
3,971,248.724554242149
4,971,401.126437484703
5,971,284.400996703947
6,971,421.382018958684
7,971,220.841332251661
8,971,425.666359683705
9,971,301.673699192802
10,971,247.710452501338
11,971,216.119934611622
12,971,530.866454605538
13,971,236.29823851186
14,971,252.377516287235
15,971,248.762880443326
16,971,379.928494846217
17,971,322.105898986499
18,971,246.649057956173
1,972,292.2359328984
2,972,400.23787051979
3,972,276.861206849113
4,972,368.634791405165
5,972,243.852043514554
6,972,357.614984681937
7,972,322.619871358289
8,972,410.814595237714
9,972,425.829018444884
10,972,285.314654014033
11,972,275.534712880002
12,972,374.89799642321
13,972,362.910118234398
14,972,227.632167959514
15,972,348.578317093257
16,972,275.673392398227
17,972,240.681294317621
18,972,370.166762952035
1,973,169.78081009643
2,973,261.303801536139
3,973,340.656415173309
4,973,381.670311667511
5,973,246.471577062186
6,973,275.366559533933
7,973,341.457982567879
8,973,390.043914029219
9,973,256.019700398557
10,973,292.299987603634
11,973,329.408264149644
12,973,225.934402789058
13,973,323.047880192624
14,973,228.189394488377
15,973,298.280692020022
16,973,389.689268628109
17,973,247.421113535104
18,973,338.9150754836
1,974,336.528938339347
2,974,261.806166065281
3,974,356.786979176315
4,974,263.517512968084
5,974,354.699454745708
6,974,349.534029580845
7,974,256.678156134332
8,974,254.756817340268
9,974,320.162739782222
10,974,234.701777217273
11,974,233.285713602934
12,974,387.255095131865
13,974,392.102691433258
14,974,273.169716991266
15,974,366.225853578393
16,974,309.261808187748
17,974,316.302281914197
18,974,291.41340917445
1,975,422.447202137877
2,975,202.117251801851
3,975,415.268721365319
4,975,355.390566762671
5,975,322.414109893618
6,975,349.405666902191
7,975,231.804780941499
8,975,291.104493855369
9,975,266.918394901786
10,975,334.603136251264
11,975,437.290540892127
12,975,187.367058544896
13,975,393.254883979626
14,975,313.66179149565
15,975,324.851395659655
16,975,245.053829077263
17,975,241.988642444399
18,975,233.617193253069
1,976,530.866454605538
2,976,449.838533610745
3,976,289.215099331762
4,976,445.244168119598
5,976,203.097534856702
6,976,381.14102243984
7,976,269.413554874727
8,976,487.467103208373
9,976,380.977737151492
10,976,194.177325535468
11,976,386.286071955809
12,976,202.336454296356
13,976,481.985933854687
14,976,192.759658263737
15,976,224.257834005907
16,976,310.158710391149
17,976,252.496838381131
18,976,327.072223386436
1,977,219.293872174153
2,977,209.162777568316
3,977,349.055746545333
4,977,268.185367615495
5,977,274.914387604861
6,977,366.282789138246
7,977,226.79820272117
8,977,280.399921526545
9,977,219.007784601872
10,977,423.432389858015
11,977,334.595411198883
12,977,302.218389887663
13,977,365.306411603274
14,977,410.231941182593
15,977,264.219338129161
16,977,273.119051876621
17,977,313.683043796456
18,977,368.617188478346
1,978,320.245808418724
2,978,310.082183000148
3,978,285.209630805072
4,978,259.731613894119
5,978,258.673259125495
6,978,255.6874888791
7,978,245.568692216272
8,978,284.325787330595
9,978,169.78081009643
10,978,321.574196168095
11,978,235.279372874876
12,978,288.844918759738
13,978,297.687842932863
14,978,530.866454605538
15,978,326.838898962875
16,978,376.267415659698
17,978,423.867332322322
18,978,338.305665543863
1,979,270.785370352897
2,979,260.678830978918
3,979,237.849335022105
4,979,264.041046264691
5,979,345.521951269312
6,979,185.984145386506
7,979,483.196772720364
8,979,314.943815716077
9,979,264.03658290933
10,979,231.324369574223
11,979,346.677961722513
12,979,199.402903825908
13,979,333.761960981116
14,979,258.510378210772
15,979,346.807361270772
16,979,315.016721795171
17,979,287.500564420277
18,979,273.192670311175
1,980,263.037917957486
2,980,337.19012650461
3,980,226.649077604968
4,980,288.802095139283
5,980,250.293528867056
6,980,218.013314792684
7,980,250.074059881309
8,980,249.611681796494
9,980,410.238922693521
10,980,233.858540006893
11,980,358.170052206802
12,980,446.307741620758
13,980,192.801722635449
14,980,169.78081009643
15,980,355.836747644865
16,980,355.56766546435
17,980,530.866454605538
18,980,248.238367403233
1,981,300.640435754135
2,981,216.316662652373
3,981,311.57163501312
4,981,278.576644452529
5,981,407.683463118536
6,981,389.538255074679
7,981,317.84271737713
8,981,375.63220876694
9,981,275.226201801647
10,981,366.507419273605
11,981,243.74934096048
12,981,375.909163730851
13,981,246.362981785483
14,981,217.380964071444
15,981,312.217921048031
16,981,307.731031190908
17,981,375.962070856934
18,981,377.953717245736
1,982,403.346998726022
2,982,308.851685055661
3,982,382.002865198029
4,982,235.755079626843
5,982,332.76052172914
6,982,291.379143804127
7,982,299.733676860341
8,982,261.958030089979
9,982,208.413819383413
10,982,336.600581133046
11,982,363.482470678053
12,982,320.999461322082
13,982,379.355029132588
14,982,530.866454605538
15,982,530.866454605538
16,982,310.444240217532
17,982,256.924778900045
18,982,287.538360324246
1,983,226.906644332676
2,983,314.382854344708
3,983,328.082062258057
4,983,224.76424514637
5,983,306.274394319273
6,983,368.212901855281
7,983,304.178727741324
8,983,263.255958348167
9,983,375.542912193461
10,983,219.757446233638
11,983,325.255495105683
12,983,307.795892919421
13,983,304.816583095617
14,983,175.532102486049
15,983,347.203519669802
16,983,299.76947673453
17,983,326.677108687431
18,983,250.611883726612
1,984,185.253939056092
2,984,346.405995134079
3,984,257.135888996029
4,984,198.34693012351
5,984,473.754156990946
6,984,351.408288460542
7,984,312.908505050476
8,984,393.571914543489
9,984,199.864925616984
10,984,338.836532349125
11,984,302.952682576805
12,984,295.470086309253
13,984,338.719058503547
14,984,322.553103692353
15,984,327.362701103398
16,984,267.313465221337
17,984,297.872317769357
18,984,221.740008713891
1,985,312.004373500196
2,985,296.340721075285
3,985,253.196171555197
4,985,262.489538290465
5,985,312.162225429197
6,985,317.703142283059
7,985,300.231052375435
8,985,285.340934961602
9,985,347.844602335106
10,985,295.571086798388
11,985,358.142545948407
12,985,220.015218695214
13,985,273.339114883388
14,985,530.866454605538
15,985,298.970341123444
16,985,346.110248926105
17,985,530.866454605538
18,985,312.961110693462
1,986,324.085823370125
2,986,292.494165601708
3,986,395.071418157591
4,986,194.464694685033
5,986,272.489284285192
6,986,262.975093961629
7,986,374.835464089499
8,986,259.979311341371
9,986,484.013174113382
10,986,248.020675997938
11,986,311.72107467168
12,986,310.966083042076
13,986,241.827544244497
14,986,289.531832806631
15,986,406.348658496057
16,986,337.122219921819
17,986,358.240995102897
18,986,329.800603451885
1,987,266.595927848936
2,987,311.336600358803
3,987,235.204816707943
4,987,305.19792411654
5,987,269.822701457299
6,987,530.866454605538
7,987,335.89076039241
8,987,420.977311399694
9,987,253.39161323838
10,987,302.829348076115
11,987,326.243570546781
12,987,328.965521718035
13,987,318.16419334813
14,987,417.512376469254
15,987,324.608936644818
16,987,197.399600296663
17,987,422.324181793135
18,987,276.083144736519
1,988,243.224978781598
2,988,325.131651353343
3,988,339.902976377716
4,988,311.659686775778
5,988,271.996107362918
6,988,393.594864953359
7,988,439.07141449398
8,988,319.515729359312
9,988,355.450914645424
10,988,295.276521490531
11,988,187.719925761369
12,988,240.8208656436
13,988,200.53545251836
14,988,392.21867247665
15,988,305.137802630784
16,988,325.158509795174
17,988,224.325666218595
18,988,349.55368575326
1,989,473.576746506506
2,989,263.868957369135
3,989,338.028983188125
4,989,252.704084802524
5,989,305.354253995052
6,989,240.168763601273
7,989,270.407703430609
8,989,413.3297622568
9,989,296.407737178732
10,989,299.455174188404
11,989,176.122639063708
12,989,254.723800483443
13,989,246.737214131946
14,989,249.064969134239
15,989,349.99687506845
16,989,401.962387688117
17,989,200.351754051068
18,989,319.104123646446
1,990,182.54810756134
2,990,226.933441730737
3,990,349.58793276777
4,990,298.051840182907
5,990,222.893661403692
6,990,169.78081009643
7,990,348.690094212217
8,990,344.000370959471
9,990,479.036090909786
10,990,413.806973791557
11,990,280.293055770671
12,990,288.698134621849
13,990,285.174505487615
14,990,271.731557632422
15,990,185.680345807704
16,990,334.119016474126
17,990,364.701264629973
18,990,244.085098692601
1,991,261.825478965736
2,991,290.99701219592
3,991,211.218047187778
4,991,252.529278354579
5,991,238.429083315095
6,991,245.854681919418
7,991,338.483895816303
8,991,349.555883490028
9,991,303.165136562301
10,991,273.163809593995
11,991,285.040466028678
12,991,509.342810714252
13,991,287.877588848458
14,991,270.372634667081
15,991,285.857279187387
16,991,262.448342972144
17,991,314.0632741716
18,991,377.273780957639
1,992,310.875157656333
2,992,259.897296702932
3,992,321.306654591659
4,992,253.039308489508
5,992,241.357671086685
6,992,351.990891198586
7,992,362.900282433386
8,992,289.880040898663
9,992,239.374170166095
10,992,378.232581147693
11,992,358.739396234236
12,992,455.037935378178
13,992,318.462217951122
14,992,402.011037624017
15,992,209.348193287462
16,992,381.191229659428
17,992,222.481606250786
18,992,260.515060884035
1,993,336.648494403609
2,993,314.946414895421
3,993,231.489503707377
4,993,282.224828171203
5,993,308.196167658674
6,993,258.69547641069
7,993,308.730229656686
8,993,246.602194142603
9,993,328.841921771137
10,993,360.868104162589
11,993,364.152454845313
12,993,241.462025908185
13,993,316.386017269948
14,993,261.623527621774
15,993,245.501777495254
16,993,248.814496973549
17,993,282.621105507604
18,993,328.841756498717
1,994,222.306838300084
2,994,327.966561818092
3,994,200.062405115871
4,994,315.254684374173
5,994,280.812847153896
6,994,225.430138791944
7,994,323.198901977062
8,994,248.295799023686
9,994,355.696399332591
10,994,221.801818959761
11,994,169.78081009643
12,994,285.35618575145
13,994,310.681916544516
14,994,333.643822160556
15,994,388.981756115473
16,994,530.866454605538
17,994,478.181327456007
18,994,330.492573607935
1,995,287.593568516368
2,995,486.101875703595
3,995,344.271048599085
4,995,255.360859030253
5,995,351.397564929892
6,995,309.682642959053
7,995,282.211070097424
8,995,242.439823481558
9,995,222.38073747675
10,995,318.546075522044
11,995,256.445282257799
12,995,209.998632679336
13,995,213.572541575914
14,995,272.735050730931
15,995,424.113183341766
16,995,226.931043187857
17,995,318.508315983457
18,995,247.609506876165
1,996,190.689072347251
2,996,247.815950945284
3,996,261.173209536731
4,996,298.37381474604
5,996,314.682105060646
6,996,346.903698502231
7,996,269.48844934831
8,996,422.676670477096
9,996,328.038155588017
10,996,245.84388306369
11,996,298.035913128985
12,996,286.443928193706
13,996,399.774452967007
14,996,248.870814964473
15,996,319.271067097873
16,996,279.495872097001
17,996,323.707279232908
18,996,407.036450583649
1,997,364.595530968015
2,997,456.689214855687
3,997,222.497220212219
4,997,205.715473709835
5,997,318.034246876972
6,997,306.544926716072
7,997,412.382202921716
8,997,233.520082746166
9,997,306.215091537945
10,997,337.110240938287
11,997,268.934770563146
12,997,202.75324792937
13,997,259.062547798273
14,997,331.458286272212
15,997,381.632931460679
16,997,237.348685151071
17,997,348.027530896314
18,997,319.900927867169
1,998,367.868004250814
2,998,292.850652642678
3,998,530.866454605538
4,998,306.70148289176
5,998,398.632797706872
6,998,233.610978087273
7,998,352.045768640351
8,998,281.556645029204
9,998,311.988538409256
10,998,275.345482050967
11,998,250.052684540265
12,998,310.102786832586
13,998,236.237572168443
14,998,251.543571211449
15,998,309.61024476318
16,998,311.015272263889
17,998,209.657064958714
18,998,216.884841546297
1,999,209.376122273399
2,999,397.466120748148
3,999,209.739495032799
4,999,352.25409689675
5,999,314.894796169687
6,999,438.129266385385
7,999,289.30668520382
8,999,208.364253733171
9,999,336.285057952181
10,999,457.098022651424
11,999,295.566664281561
12,999,332.223375711375
13,999,253.513258991818
14,999,193.945770507721
15,999,174.636565418272
16,999,370.632383699164
17,999,416.273881020478
18,999,263.138130929484
1,1000,280.885469976771
2,1000,271.803691899342
3,1000,336.148827816328
4,1000,493.703626817531
5,1000,448.388699332337
6,1000,449.394122677378
7,1000,289.499517770501
8,1000,435.527565731872
9,1000,237.927676272328
10,1000,261.463228784459
11,1000,256.276664450747
12,1000,302.740402756536
13,1000,423.058529873157
14,1000,263.323904423767
15,1000,375.961319876675
16,1000,370.452019498985
17,1000,244.880654798152
18,1000,195.205006539211
