"year","iteration","yield_t"
1,1,91.143717402597
2,1,93.4876558572961
3,1,119.682082295467
4,1,106.177729686239
5,1,115.982960021489
6,1,79.8854169181637
7,1,97.8881058955088
8,1,81.8934528614693
9,1,127.169895198998
10,1,111.779306633624
11,1,126.876635870149
12,1,81.7407624426137
13,1,94.8121802080783
14,1,89.4994609695189
15,1,108.125178951673
16,1,130.126420942472
17,1,71.6522458110618
18,1,82.0923872858179
1,2,77.3516068900917
2,2,104.138371884489
3,2,81.0266573479934
4,2,92.3951144427948
5,2,90.1049371374787
6,2,90.44414826929
7,2,93.5790513008717
8,2,104.012037995169
9,2,90.8587001580949
10,2,79.6174462558686
11,2,95.541892544022
12,2,92.5874074313388
13,2,123.257795529211
14,2,103.218538154488
15,2,98.0226837465218
16,2,75.7453799736767
17,2,66.1484747002806
18,2,119.736371671786
1,3,91.9124857634004
2,3,138.445178215334
3,3,141.291168790838
4,3,66.3952546854959
5,3,98.2995977041166
6,3,93.1749533273483
7,3,102.349057812951
8,3,79.6497609957593
9,3,86.7731588065337
10,3,70.9156783667024
11,3,94.1364590709515
12,3,133.306084594694
13,3,109.688210127672
14,3,113.503484970102
15,3,136.666188441465
16,3,96.5146238497998
17,3,104.135197950216
18,3,95.8974796797657
1,4,124.970483894638
2,4,75.6210021529575
3,4,73.098714243507
4,4,107.412905957835
5,4,88.3177224285511
6,4,92.2513139879384
7,4,96.9486893789574
8,4,91.2104869310678
9,4,98.4623498423048
10,4,116.80638966859
11,4,118.977829123226
12,4,97.8790927282655
13,4,114.73570560112
14,4,72.9880659558053
15,4,141.585661944255
16,4,110.135746796334
17,4,88.7252535684806
18,4,92.5248258458308
1,5,120.669003739242
2,5,115.595970853876
3,5,107.41204118775
4,5,66.7598310451295
5,5,81.4444888854961
6,5,86.4721082478022
7,5,88.4266598635897
8,5,98.1473212259582
9,5,81.4447900697317
10,5,126.705152632038
11,5,101.017268428682
12,5,92.7341343858587
13,5,127.339584240204
14,5,126.2592513194
15,5,109.192382634487
16,5,78.8803049039643
17,5,124.284846667455
18,5,89.1449082879485
1,6,61.6141926951739
2,6,78.2932700414293
3,6,79.0120339204435
4,6,85.8700969483348
5,6,89.4408233911047
6,6,90.2614348867708
7,6,99.1583879880512
8,6,124.695486596312
9,6,98.7080196281944
10,6,116.186722849378
11,6,81.9804102740743
12,6,108.726319672185
13,6,112.459611876816
14,6,107.191187681715
15,6,88.555125410691
16,6,105.018990041342
17,6,111.047489669335
18,6,103.71636816518
1,7,73.2673405516104
2,7,79.8571369642799
3,7,119.040730881832
4,7,97.4230706122541
5,7,119.277274543485
6,7,77.320149306266
7,7,140.975996895193
8,7,79.6251789080449
9,7,113.735807866348
10,7,83.2069699830016
11,7,129.774263741441
12,7,94.9789830778996
13,7,145.167719803994
14,7,69.5113327743396
15,7,114.235119641829
16,7,104.564956519052
17,7,101.126675337916
18,7,156.336040772776
1,8,81.8076178573896
2,8,104.86351508836
3,8,116.914991660452
4,8,95.7580253422451
5,8,111.776205078603
6,8,86.7024879083484
7,8,136.857465812842
8,8,137.122821719065
9,8,82.482619871182
10,8,122.782628018567
11,8,94.6022475426009
12,8,68.4749778164854
13,8,136.541470142331
14,8,117.714409638716
15,8,120.680563623378
16,8,129.995265096827
17,8,100.28879910772
18,8,78.4326968134466
1,9,110.293045785196
2,9,118.353015913405
3,9,92.8187142068935
4,9,156.988312406242
5,9,96.6027827634186
6,9,137.26737960494
7,9,99.5082451396083
8,9,112.353501293688
9,9,113.728450408575
10,9,91.3199390030784
11,9,99.4584857277656
12,9,78.0372547974225
13,9,107.938843681933
14,9,122.29672995695
15,9,109.506264319244
16,9,71.9115530971077
17,9,102.514430960413
18,9,101.89872248028
1,10,121.213895033558
2,10,119.331556391419
3,10,129.4584594295
4,10,120.391015749712
5,10,80.4519449619992
6,10,117.818924509782
7,10,121.180457288253
8,10,96.7477070367326
9,10,142.872910659777
10,10,120.380727415711
11,10,72.5115305783583
12,10,80.085597704516
13,10,124.969970413991
14,10,122.630027361666
15,10,86.3980600809867
16,10,79.6302078619617
17,10,93.3181952377983
18,10,124.679834326436
1,11,91.4068042350202
2,11,123.470032177064
3,11,84.2740474655767
4,11,78.8987879433704
5,11,85.7108273957656
6,11,93.435379950445
7,11,125.180354191791
8,11,133.058686371256
9,11,77.5092961744526
10,11,92.9966348147671
11,11,80.8647106931369
12,11,104.693266350229
13,11,80.7316830636536
14,11,97.2986274270352
15,11,77.627164181182
16,11,138.541420175773
17,11,150.970910654528
18,11,114.201143942517
1,12,109.128971057901
2,12,80.9366294797612
3,12,76.8279948807582
4,12,74.8254358727154
5,12,107.49895032437
6,12,141.630228469095
7,12,67.7416676329824
8,12,85.2542834634105
9,12,121.175286598274
10,12,98.3704632023966
11,12,107.375598903544
12,12,72.327418312309
13,12,76.8341390926262
14,12,120.501225176641
15,12,82.2847555129569
16,12,85.210159376156
17,12,107.014846759345
18,12,75.2848792051583
1,13,112.832005396468
2,13,97.5693453964281
3,13,95.3880095176814
4,13,86.9388398623035
5,13,108.451440260639
6,13,139.033897213081
7,13,115.555219323306
8,13,89.4384931977394
9,13,78.9562727481038
10,13,85.7720800161939
11,13,84.0760875732401
12,13,96.2140768903733
13,13,122.988061124372
14,13,82.5026717748943
15,13,116.787721766059
16,13,86.5082610502678
17,13,84.6741828116251
18,13,101.525675042082
1,14,97.4139977294043
2,14,86.5092134021977
3,14,127.609325370388
4,14,137.713668778028
5,14,64.1640593712781
6,14,140.61986193209
7,14,95.9699719801577
8,14,100.892568566796
9,14,129.194471040274
10,14,127.214248085492
11,14,98.4105189636931
12,14,89.1311500450536
13,14,118.778048438534
14,14,63.2830458171265
15,14,135.390997329505
16,14,103.791636011432
17,14,77.4747266568337
18,14,110.087792216567
1,15,68.9925809262358
2,15,98.2905660487474
3,15,119.355704497373
4,15,105.943797753405
5,15,86.7317076664692
6,15,77.9031160556982
7,15,114.755878822672
8,15,110.434414543441
9,15,91.882638398078
10,15,81.2972868076705
11,15,93.9501832068464
12,15,93.8337235367949
13,15,123.102763410606
14,15,112.01883332673
15,15,96.6477405495964
16,15,94.1765134175468
17,15,103.28343989376
18,15,89.7075572869553
1,16,81.2715595997825
2,16,81.501857423733
3,16,110.794354681739
4,16,97.9240976655385
5,16,119.484897743926
6,16,114.417097929697
7,16,87.7183717270632
8,16,128.885171485987
9,16,88.1931191491474
10,16,117.502919614351
11,16,132.659140405299
12,16,84.2256209516117
13,16,124.614451338612
14,16,115.496514569521
15,16,142.477123079874
16,16,123.836529722204
17,16,90.740338043913
18,16,115.338197196998
1,17,148.631181375744
2,17,83.8259899011282
3,17,61.9009320547532
4,17,83.193686480114
5,17,130.418884772138
6,17,93.9097793872424
7,17,99.5578525914988
8,17,106.274191872283
9,17,69.4098003455546
10,17,81.7561985223709
11,17,92.0003309777434
12,17,140.631779610515
13,17,66.2409966118388
14,17,90.0931234851216
15,17,137.58544076768
16,17,97.6820473657053
17,17,140.056568522125
18,17,88.2476814993093
1,18,99.9726271388234
2,18,96.9491623536633
3,18,103.240662667183
4,18,113.862663105207
5,18,122.807339394965
6,18,96.0724693014513
7,18,98.1982348585365
8,18,98.2250925462218
9,18,88.8232607964575
10,18,87.6764157366356
11,18,111.015578597071
12,18,120.988607563656
13,18,85.0562080632933
14,18,86.7900862988192
15,18,80.8440116500647
16,18,87.7396184959083
17,18,137.14476341585
18,18,131.721438832342
1,19,113.01169928338
2,19,91.7931512640595
3,19,96.3772064999879
4,19,140.997592397872
5,19,91.7667500461736
6,19,109.036394164265
7,19,143.229389878239
8,19,141.871484556752
9,19,105.012629720868
10,19,93.8222775469413
11,19,124.939208985175
12,19,137.336789356278
13,19,65.9712826856027
14,19,72.441772775585
15,19,117.813036551215
16,19,127.380596183653
17,19,99.6682959205857
18,19,106.023848115894
1,20,109.7378319718
2,20,110.619274777036
3,20,90.7002332023623
4,20,120.510207518903
5,20,116.906911629093
6,20,71.5426432469181
7,20,77.9931331522786
8,20,105.190254147645
9,20,103.501632748364
10,20,116.91968184412
11,20,106.522434886563
12,20,115.500457035777
13,20,74.5631864801353
14,20,102.994886219533
15,20,61.7679550608944
16,20,146.524145298646
17,20,96.9243323278095
18,20,130.971671210313
1,21,100.855462922831
2,21,119.074998624006
3,21,96.1175069069016
4,21,83.6534718228916
5,21,130.188411101813
6,21,146.408136349001
7,21,118.807710003057
8,21,97.8354729617346
9,21,97.3289999200635
10,21,90.7965610922965
11,21,111.367899584918
12,21,98.8459361270814
13,21,124.990907139545
14,21,96.4480661020788
15,21,71.0555151256824
16,21,91.2595262248688
17,21,102.536385108795
18,21,117.544132004895
1,22,96.2777351348404
2,22,108.338421015729
3,22,134.251254872148
4,22,109.981152715199
5,22,91.8346072501737
6,22,133.580859072699
7,22,130.274945537666
8,22,147.612950132471
9,22,68.9845759921758
10,22,117.880494108267
11,22,119.988479337797
12,22,74.7875043219296
13,22,97.7234737005788
14,22,104.918985135323
15,22,83.6795615552546
16,22,112.08249398825
17,22,145.023440068446
18,22,102.388032357451
1,23,105.562538278245
2,23,117.604620752704
3,23,142.630065081075
4,23,109.816047256283
5,23,98.1317274310454
6,23,87.2517839607561
7,23,114.65441673622
8,23,62.5410167173266
9,23,124.572778557921
10,23,60.9316428972739
11,23,93.9247008826228
12,23,112.522112994788
13,23,118.682284059254
14,23,88.755552318389
15,23,100.788682095618
16,23,131.22247603601
17,23,98.2173250839573
18,23,109.917320338222
1,24,81.5558552180592
2,24,135.476415328447
3,24,116.117884510102
4,24,96.2701463299845
5,24,73.0597744758078
6,24,100.514787149378
7,24,93.8548975036321
8,24,118.902250163262
9,24,88.210440505325
10,24,107.582125265325
11,24,106.149052764512
12,24,109.704681469128
13,24,146.182828707245
14,24,134.802231861005
15,24,113.02632282008
16,24,91.6691087017177
17,24,125.687203219561
18,24,86.9239874452696
1,25,103.62080627922
2,25,70.6507200438527
3,25,94.474466261769
4,25,127.120097232859
5,25,116.309091278279
6,25,103.954013849743
7,25,117.743229712418
8,25,88.8474029025432
9,25,148.744158069569
10,25,81.3358954559948
11,25,144.035811136518
12,25,73.6450926491016
13,25,133.201168045245
14,25,149.221284363358
15,25,104.88398331006
16,25,66.3538073376169
17,25,82.5710527632767
18,25,101.500713724048
1,26,91.9159217873143
2,26,116.958137248621
3,26,118.637953092252
4,26,99.0342483679075
5,26,82.4097484245787
6,26,116.131093688675
7,26,79.0091897927403
8,26,84.718678083672
9,26,125.450555135504
10,26,99.3332889625368
11,26,102.085653939717
12,26,135.485881341345
13,26,96.0878274162613
14,26,83.6559928492975
15,26,126.953351031755
16,26,89.7263262257673
17,26,93.6974874175244
18,26,65.4814405631433
1,27,126.093765490265
2,27,110.054494532306
3,27,100.009181551537
4,27,63.0020852965891
5,27,105.218763961353
6,27,113.353842284566
7,27,116.962410012041
8,27,101.233449403283
9,27,90.8911293801296
10,27,69.5521320240235
11,27,111.706443144962
12,27,105.834704446937
13,27,129.133829524803
14,27,103.709260934926
15,27,99.0879631101416
16,27,97.6316298481225
17,27,114.287162459686
18,27,83.8320478194044
1,28,103.101056126518
2,28,141.863021829365
3,28,115.346790718703
4,28,86.7353009207063
5,28,94.6777789821442
6,28,86.0577905923642
7,28,117.29225756272
8,28,80.8184773259496
9,28,138.134750728611
10,28,108.939047331663
11,28,84.7243534327448
12,28,90.0037250294755
13,28,110.453443225529
14,28,124.332502845262
15,28,122.99489503239
16,28,64.8124175870604
17,28,118.53908430898
18,28,126.561101483801
1,29,118.44038375477
2,29,125.822473460587
3,29,105.826003647925
4,29,80.4958787579768
5,29,67.194184683591
6,29,132.01805056995
7,29,97.4942534066031
8,29,114.185057781066
9,29,116.871655849448
10,29,88.8638388033726
11,29,103.512037629901
12,29,101.815146329593
13,29,137.296822429401
14,29,116.380707511854
15,29,112.635575160235
16,29,137.403749511463
17,29,108.804956130663
18,29,93.8827293242968
1,30,117.977336652285
2,30,110.944747169432
3,30,114.411174353534
4,30,120.877489131781
5,30,98.9553175891027
6,30,96.6917538900568
7,30,101.581591804633
8,30,129.050843082588
9,30,101.304121647851
10,30,140.381907013348
11,30,90.3805936859935
12,30,94.3099584858356
13,30,76.7609461671593
14,30,108.97973622502
15,30,118.4139102456
16,30,88.1526061982987
17,30,91.0184220110733
18,30,89.3703937174053
1,31,139.324806799586
2,31,145.412204387168
3,31,105.552715635232
4,31,111.637723232052
5,31,61.7305184665354
6,31,68.1199013912073
7,31,109.076197080943
8,31,104.084660830116
9,31,96.4998736838361
10,31,110.32417657986
11,31,125.154062494278
12,31,137.315530682859
13,31,132.207889339855
14,31,134.956260941395
15,31,114.63156229622
16,31,85.2292374272629
17,31,125.005082829458
18,31,100.301181383312
1,32,90.4208141390719
2,32,115.773785878303
3,32,134.241021059485
4,32,76.0825679273994
5,32,85.4648696578613
6,32,93.2844746745025
7,32,118.448071533722
8,32,93.2900025190575
9,32,116.607204594884
10,32,121.465103680265
11,32,79.6033409337721
12,32,106.260127547184
13,32,84.8530674539458
14,32,100.305956594473
15,32,92.5400591095905
16,32,145.5099644697
17,32,106.923288751013
18,32,109.251297063837
1,33,102.207113573205
2,33,124.657314242881
3,33,127.295879909347
4,33,106.496817006355
5,33,112.448881512789
6,33,110.963253486111
7,33,111.314259243854
8,33,76.9251875175112
9,33,103.874613243341
10,33,126.274778653279
11,33,86.1210210561211
12,33,153.735578030127
13,33,92.2777664989956
14,33,101.401330847307
15,33,141.13644764568
16,33,88.9904547449735
17,33,150.58474817204
18,33,79.0152221764037
1,34,114.110140584185
2,34,107.015561439526
3,34,93.5742503003545
4,34,105.048754414547
5,34,128.213234610037
6,34,122.817335984708
7,34,90.2476660366769
8,34,129.153365362748
9,34,149.552916867712
10,34,117.141224077981
11,34,97.7652271073157
12,34,103.72527350971
13,34,92.1852073295475
14,34,130.150828151103
15,34,143.878737519405
16,34,80.5117169759152
17,34,78.8471805540965
18,34,84.2836004737077
1,35,98.7324326357918
2,35,133.869325586969
3,35,78.3458462815932
4,35,95.2759502069705
5,35,119.704472710684
6,35,120.99347850574
7,35,113.315266927976
8,35,84.0065891650413
9,35,120.065015401906
10,35,83.1697315400439
11,35,127.240220330383
12,35,95.5163520873832
13,35,89.2532467681618
14,35,138.076692216103
15,35,88.6199963921834
16,35,132.166080493661
17,35,98.6783119917263
18,35,96.1058962299696
1,36,123.553599204933
2,36,93.7733335915367
3,36,98.7270920437827
4,36,117.242765618515
5,36,93.5257151175285
6,36,69.3102618009436
7,36,98.9582555376066
8,36,130.79656090069
9,36,102.392597497422
10,36,103.008731073192
11,36,95.6857148323331
12,36,109.038689464459
13,36,103.418046195456
14,36,82.1743711760949
15,36,96.4607684878452
16,36,123.144999692522
17,36,113.612979222918
18,36,65.46745937051
1,37,82.3030421299661
2,37,114.889294480789
3,37,121.884974941048
4,37,89.5732601138813
5,37,150.417802058141
6,37,84.9863367654131
7,37,82.8080130132299
8,37,140.571770402058
9,37,113.279994659638
10,37,115.097095601495
11,37,113.066555895966
12,37,140.824072190109
13,37,105.733215579237
14,37,69.3208697148576
15,37,123.060755075751
16,37,139.837929134041
17,37,100.776245803843
18,37,110.751897996397
1,38,157.668174060976
2,38,100.412782335287
3,38,97.0444639933471
4,38,101.324625606245
5,38,99.4002715884864
6,38,96.8959942688601
7,38,97.9183019370297
8,38,96.8459923434361
9,38,76.6885503231594
10,38,65.5131060987204
11,38,64.029402449356
12,38,108.217666119072
13,38,72.6409891151218
14,38,109.716950809618
15,38,63.3414947658826
16,38,88.880251699728
17,38,133.05937057056
18,38,109.746591655052
1,39,67.1160878452065
2,39,69.9337593544865
3,39,115.908927384976
4,39,94.8660371616782
5,39,77.1023163825031
6,39,99.0958487591032
7,39,101.7737077386
8,39,118.129755396341
9,39,93.1593895552625
10,39,79.3869087207085
11,39,86.5309811345119
12,39,110.798620981765
13,39,94.126582443053
14,39,112.902698103834
15,39,78.2614660543628
16,39,87.1704168828723
17,39,102.057112334599
18,39,105.966967716916
1,40,107.327203450598
2,40,61.7506761647953
3,40,76.4386121350086
4,40,85.0233243094019
5,40,105.241381351849
6,40,78.0003700788721
7,40,65.8699950348772
8,40,78.0602977669797
9,40,133.349029236101
10,40,74.5735696480173
11,40,86.8320141496969
12,40,100.317173196956
13,40,136.645615563561
14,40,102.327604148798
15,40,99.22689647849
16,40,113.917653795684
17,40,82.8790967817015
18,40,128.578428909304
1,41,96.9493052903448
2,41,90.4470129138777
3,41,81.7924542317475
4,41,89.3621442834284
5,41,114.921967555354
6,41,129.788475502564
7,41,140.688023970789
8,41,102.545668498654
9,41,89.9421420930427
10,41,97.2094117909149
11,41,81.0945067155355
12,41,104.498775859561
13,41,104.069856729956
14,41,86.3536861755283
15,41,68.160471771056
16,41,97.7121956196227
17,41,114.280687491657
18,41,77.048109520507
1,42,123.449662518469
2,42,97.2932047348903
3,42,87.1680584738991
4,42,114.839608902987
5,42,102.494847679413
6,42,131.633679855353
7,42,133.862005132541
8,42,99.2108352683825
9,42,85.9401852964345
10,42,133.493143077479
11,42,102.501595684731
12,42,84.8002501809606
13,42,114.911702509516
14,42,138.081025431191
15,42,109.277369666547
16,42,82.0562328708259
17,42,120.632097727706
18,42,62.3900318619529
1,43,80.6742612319018
2,43,90.7638926423821
3,43,76.8564906780902
4,43,90.8776193863929
5,43,124.746329617327
6,43,124.555752106012
7,43,122.036677721625
8,43,136.660063062297
9,43,136.884039611052
10,43,126.526422074264
11,43,145.713390223752
12,43,87.7442548413341
13,43,109.564200049
14,43,67.5603160302971
15,43,98.9345192127667
16,43,128.211140157072
17,43,89.6095167512675
18,43,78.4154134194758
1,44,101.116358949682
2,44,99.9227101871084
3,44,120.874136779189
4,44,67.3817774707811
5,44,145.125165817913
6,44,101.616678231761
7,44,68.0076431900369
8,44,119.970843801653
9,44,154.624138753625
10,44,92.340768861215
11,44,82.0552604203889
12,44,89.1842487685988
13,44,107.055164838003
14,44,123.424735098548
15,44,126.498787909572
16,44,82.838676416173
17,44,96.9007300814466
18,44,101.852712993699
1,45,115.957586784136
2,45,132.487951049193
3,45,74.5833522286232
4,45,106.756546771803
5,45,129.26326680289
6,45,83.2607139562049
7,45,116.346977379069
8,45,126.216884130159
9,45,125.298538425739
10,45,95.6899958911724
11,45,111.762339512192
12,45,141.59174773248
13,45,123.713819190318
14,45,103.526130651344
15,45,92.2349442563985
16,45,83.6775392498776
17,45,76.4770955230516
18,45,84.9271321912928
1,46,119.002710125264
2,46,101.219666847457
3,46,97.932509839533
4,46,108.938052977278
5,46,68.8566336886537
6,46,85.4432507713192
7,46,104.447998018192
8,46,90.7391363023923
9,46,111.206109575284
10,46,145.583664973543
11,46,102.142117567435
12,46,69.7226008137032
13,46,119.400428210946
14,46,118.193384078967
15,46,87.9515689746044
16,46,76.7253057149888
17,46,138.627492615396
18,46,129.748660836284
1,47,145.865109327123
2,47,124.84371862295
3,47,89.8225244462654
4,47,80.6246742879781
5,47,82.9460373414532
6,47,126.180472070062
7,47,89.5710911603506
8,47,127.975928316009
9,47,127.249110681861
10,47,99.6011541657996
11,47,101.882592398498
12,47,89.8796402981494
13,47,118.63008048433
14,47,101.569535328002
15,47,143.531477833093
16,47,137.624221067432
17,47,121.326507588638
18,47,88.5125013122253
1,48,76.2958759669285
2,48,118.406896014995
3,48,93.2819228588332
4,48,100.525773444726
5,48,92.744268692988
6,48,106.765131323481
7,48,103.284746881
8,48,135.238153011448
9,48,127.494611947314
10,48,151.081433584852
11,48,130.001099102392
12,48,86.3313855640475
13,48,106.680883887415
14,48,143.12777744415
15,48,92.4229911647626
16,48,63.3861926997816
17,48,96.5179214104491
18,48,94.1768890911084
1,49,82.8576451101381
2,49,126.747458443322
3,49,129.19480037663
4,49,93.7195206359945
5,49,133.600911648042
6,49,81.5879037990005
7,49,79.3215521254967
8,49,100.944932522093
9,49,102.885294278963
10,49,90.4194191737042
11,49,69.7496285025918
12,49,116.935673620787
13,49,70.0989624233138
14,49,104.199957987733
15,49,68.392787635
16,49,143.883306074754
17,49,97.7396743534036
18,49,65.1873374050114
1,50,96.3913843683132
2,50,79.1236560555881
3,50,80.4922399273563
4,50,123.286947386873
5,50,132.776677156148
6,50,111.460459600085
7,50,151.041553548882
8,50,143.63628392713
9,50,96.2145628666443
10,50,126.848543952101
11,50,99.2096978409525
12,50,118.998794842178
13,50,143.637548361457
14,50,112.770622098019
15,50,118.222524734029
16,50,118.893197882661
17,50,112.888909376812
18,50,89.6638211848007
1,51,81.94067997375
2,51,135.631990889664
3,51,87.8986624591749
4,51,128.039301473924
5,51,142.653548559902
6,51,122.035648213451
7,51,90.0208738603109
8,51,93.026101118059
9,51,109.972240819098
10,51,122.777775192904
11,51,96.1704371887767
12,51,114.420943967006
13,51,123.619649298144
14,51,100.198492044753
15,51,115.998422529611
16,51,120.542924833438
17,51,147.221640084789
18,51,60.9842336453602
1,52,84.9359796411241
2,52,112.190085985363
3,52,147.802904087927
4,52,143.243372646345
5,52,132.109659328772
6,52,117.706618783786
7,52,132.85713482547
8,52,131.129597097763
9,52,100.028476005122
10,52,80.9348603088453
11,52,101.463540073097
12,52,119.327456090455
13,52,111.449866999125
14,52,129.956796693015
15,52,110.479856419616
16,52,93.9890043525089
17,52,74.8231795957567
18,52,99.1005915309068
1,53,72.3003520422293
2,53,106.84466960826
3,53,93.3400046533821
4,53,94.9668861097822
5,53,65.4264340117804
6,53,85.4147052637976
7,53,94.6775827676402
8,53,112.550686218157
9,53,102.608905839816
10,53,113.549573231055
11,53,92.5575261079405
12,53,130.36450298191
13,53,69.8345128757298
14,53,80.3767948266882
15,53,130.935011510967
16,53,118.439480149808
17,53,109.568682783731
18,53,142.083877581179
1,54,153.2237838973
2,54,69.9199565224454
3,54,81.096407004676
4,54,105.157611717956
5,54,110.425936422626
6,54,115.67901381257
7,54,145.646029640853
8,54,147.273712920356
9,54,94.3638003928873
10,54,82.6515874142729
11,54,99.8721013583956
12,54,121.794775050249
13,54,83.170621774771
14,54,75.4961335910643
15,54,124.575576305118
16,54,73.2715023886682
17,54,101.890577143459
18,54,131.77889070735
1,55,98.1613408182362
2,55,142.922852734795
3,55,112.013395803047
4,55,132.763468550628
5,55,101.856253885175
6,55,100.340243849797
7,55,148.057353517499
8,55,125.652020486533
9,55,97.1815282355994
10,55,112.321106234188
11,55,134.468195827189
12,55,107.406569671699
13,55,134.395502727941
14,55,154.925137050511
15,55,76.0193324862566
16,55,96.6832809678018
17,55,124.79902508192
18,55,116.352243893774
1,56,71.342894864493
2,56,100.754961804516
3,56,95.8067685343221
4,56,74.0710854519597
5,56,113.834199398137
6,56,85.8160366138078
7,56,146.941026681218
8,56,64.7900282548443
9,56,146.76276793443
10,56,106.424019859644
11,56,122.156969973814
12,56,141.631596502537
13,56,86.5651265758161
14,56,85.8732138018126
15,56,58.2041037149741
16,56,111.987620106747
17,56,81.3035071157972
18,56,76.0337139157031
1,57,87.5699496332497
2,57,96.0322302137093
3,57,92.6067403021043
4,57,106.892306295307
5,57,97.7984493090928
6,57,97.1958596842471
7,57,89.9171607934826
8,57,61.7077958447675
9,57,113.15306359943
10,57,62.4333790853709
11,57,68.4258833774939
12,57,87.1592953256148
13,57,84.8843097184312
14,57,145.104562235428
15,57,77.0749899481222
16,57,84.8261013121665
17,57,153.873017652881
18,57,94.6986859963831
1,58,124.103613869429
2,58,113.702065752642
3,58,83.7767192506915
4,58,69.0483745655409
5,58,76.0977396217061
6,58,64.7839728811549
7,58,65.324535963244
8,58,131.2153207449
9,58,151.881695199479
10,58,127.380049510791
11,58,109.4739647622
12,58,82.1355689319444
13,58,105.566155546732
14,58,129.192152342813
15,58,116.551224167164
16,58,58.8177428941533
17,58,132.098852465943
18,58,88.8575353231962
1,59,102.079818008269
2,59,114.892016726797
3,59,117.762223908478
4,59,62.7666317229714
5,59,90.1216895097191
6,59,81.4290950246881
7,59,105.096327985523
8,59,93.0139063393628
9,59,130.358968292019
10,59,143.205605226097
11,59,90.0344810430254
12,59,87.0713485584617
13,59,99.4418074893346
14,59,100.236029067584
15,59,74.3388525698946
16,59,95.7784630484408
17,59,83.3087076569665
18,59,85.4001683081174
1,60,138.778288711559
2,60,119.202159504219
3,60,135.998751423947
4,60,97.4336395987516
5,60,108.201141404446
6,60,82.1757555170555
7,60,69.5403761994712
8,60,99.4264455411213
9,60,109.498869389525
10,60,96.9417576321197
11,60,117.723722071498
12,60,77.7283394865144
13,60,109.651094423859
14,60,61.0767378660479
15,60,83.8564458504064
16,60,129.960883066424
17,60,119.660092733404
18,60,137.972769357467
1,61,109.359947167387
2,61,78.8037526082415
3,61,156.740798435856
4,61,124.25013790397
5,61,87.0023970391303
6,61,114.867877747898
7,61,146.24987760095
8,61,133.213333970186
9,61,110.303328132934
10,61,125.038410177633
11,61,66.5491293569695
12,61,122.924288772655
13,61,131.725112819045
14,61,112.215532804207
15,61,130.547392883063
16,61,72.8553270123519
17,61,85.2003747662853
18,61,121.634101056279
1,62,151.428191284586
2,62,109.397225502987
3,62,127.482016233633
4,62,60.9676504064833
5,62,92.7357819416173
6,62,107.299115630904
7,62,95.7646321906085
8,62,150.903651007036
9,62,109.466848262895
10,62,74.1534353077089
11,62,126.54510294783
12,62,86.3059342260335
13,62,100.432557526595
14,62,99.8666314108375
15,62,88.3131595460012
16,62,117.958041902946
17,62,82.5846522167393
18,62,135.233329392703
1,63,92.7717782722613
2,63,85.6653317564584
3,63,66.6929103283615
4,63,70.9861059484157
5,63,79.3194001927516
6,63,122.464208953546
7,63,108.021597812158
8,63,77.2907690222786
9,63,111.660599500278
10,63,149.478475811916
11,63,89.3594410221346
12,63,78.0097386615376
13,63,84.69293799824
14,63,115.133273368117
15,63,82.0690583589355
16,63,98.4922511168322
17,63,100.810191096583
18,63,153.048174555245
1,64,63.6778863778673
2,64,96.8646481451447
3,64,107.33801667023
4,64,76.8856408552181
5,64,81.4090125888656
6,64,92.7385984284554
7,64,110.789752604935
8,64,133.704192172386
9,64,84.8500054278053
10,64,67.953935179826
11,64,77.3666302057475
12,64,93.9678853910538
13,64,70.251878674049
14,64,89.4923075039503
15,64,114.130518801714
16,64,137.593659908925
17,64,117.021882157818
18,64,106.516549126522
1,65,119.703469711249
2,65,99.4369232914032
3,65,97.5147047302703
4,65,100.79109459159
5,65,140.198451254543
6,65,86.509142813182
7,65,115.243245974614
8,65,93.6892335564383
9,65,114.845336104839
10,65,74.8987114965449
11,65,116.496244304498
12,65,95.5884185050535
13,65,85.1074188134518
14,65,96.6198061558843
15,65,112.51876656145
16,65,102.426065375247
17,65,126.944873413313
18,65,78.289132179468
1,66,80.8541794841205
2,66,114.731673058093
3,66,71.4672889135094
4,66,147.171217651395
5,66,86.5559073509741
6,66,126.695757567126
7,66,84.5059739281427
8,66,92.5301797165663
9,66,98.5627247151426
10,66,107.693940586962
11,66,106.553673413188
12,66,103.026394788793
13,66,87.3051475492383
14,66,84.9820173900579
15,66,128.631065186546
16,66,77.9976598002107
17,66,98.2307057762619
18,66,100.683332456175
1,67,83.576862012416
2,67,88.2629202217956
3,67,107.298400375835
4,67,70.3074727670158
5,67,106.599125209532
6,67,110.477816546662
7,67,127.717381173516
8,67,72.1700430581526
9,67,126.939837590612
10,67,121.448224882635
11,67,145.660582557971
12,67,127.019797389214
13,67,110.042070784652
14,67,117.37779219989
15,67,102.586326286609
16,67,109.718557590903
17,67,138.870524752031
18,67,85.5267773868873
1,68,102.588731026346
2,68,82.2071079637668
3,68,116.073513231821
4,68,141.472764758975
5,68,64.7154173927414
6,68,94.2111139798434
7,68,88.5493152686241
8,68,146.872027034017
9,68,69.5839662422224
10,68,125.877706049242
11,68,92.1863936311677
12,68,125.6959418589
13,68,102.656538056208
14,68,98.059769206139
15,68,114.641072920066
16,68,103.696187336593
17,68,113.768637998677
18,68,140.501434234651
1,69,109.753820901855
2,69,107.49052062021
3,69,100.617679499391
4,69,114.924829395097
5,69,94.701393915192
6,69,93.6827379934211
7,69,113.864558031187
8,69,140.446201479189
9,69,80.6408845392691
10,69,72.4237565030224
11,69,102.950669708609
12,69,105.672402201162
13,69,125.137709261952
14,69,100.73018347887
15,69,109.245362753962
16,69,141.255820674448
17,69,94.1320185137482
18,69,83.7005882775101
1,70,94.033514325573
2,70,126.197797683441
3,70,110.895317752059
4,70,92.388437459612
5,70,95.6122966201015
6,70,94.2108626500511
7,70,130.027712436015
8,70,136.231175670111
9,70,97.4689368404194
10,70,102.778472556583
11,70,82.1558173280462
12,70,85.3664661910335
13,70,90.505035980776
14,70,76.3880456640011
15,70,84.663404232092
16,70,132.095065044675
17,70,84.3124174938723
18,70,81.9997479533335
1,71,63.2558479330357
2,71,105.696450010282
3,71,93.2882395195387
4,71,113.044273045562
5,71,131.420803555633
6,71,109.329273629592
7,71,92.3819981832511
8,71,65.3190309936304
9,71,104.868613139027
10,71,83.9297720265564
11,71,126.951122139295
12,71,98.2121605616533
13,71,77.7741807338955
14,71,97.4471701414257
15,71,131.822894349436
16,71,79.6380843394338
17,71,76.7216953954808
18,71,101.824211296651
1,72,75.5744185195713
2,72,96.9235627991079
3,72,78.8594879933464
4,72,102.97293048814
5,72,121.332139780297
6,72,72.0978461272234
7,72,75.9533439154141
8,72,90.7811175754072
9,72,90.6907993473522
10,72,112.687835145285
11,72,146.436561879951
12,72,81.5338643520743
13,72,99.7746143468097
14,72,75.8569060875644
15,72,104.880747054812
16,72,82.4773948746372
17,72,83.1538911363302
18,72,102.600420975067
1,73,97.1002705792397
2,73,98.8317685147579
3,73,120.341877618089
4,73,92.8649498737175
5,73,104.272456733561
6,73,140.005835871459
7,73,151.514232731424
8,73,106.578543875072
9,73,83.8159585632048
10,73,143.816406319026
11,73,102.087667525157
12,73,109.821382749854
13,73,72.4052605813971
14,73,99.2973906568333
15,73,102.746292041498
16,73,92.2670573827017
17,73,111.713708064255
18,73,92.7051755333484
1,74,118.268001734947
2,74,70.6238824938195
3,74,128.667250986491
4,74,96.4313387517575
5,74,103.34699039923
6,74,94.6138397231082
7,74,123.099877868156
8,74,98.9643757895106
9,74,70.0281601899576
10,74,91.7857295844789
11,74,91.4073013103545
12,74,59.1998915976337
13,74,98.7722393957305
14,74,107.694591982818
15,74,125.590377886593
16,74,109.643572642583
17,74,118.330781977148
18,74,96.1251524808531
1,75,112.283262479705
2,75,130.794927230123
3,75,120.256956537093
4,75,95.6014921252022
5,75,86.2522596091618
6,75,87.3603837808896
7,75,102.961762825538
8,75,98.1302501858306
9,75,111.747765715276
10,75,104.104465898805
11,75,88.7829816892827
12,75,105.851556534613
13,75,115.492452967935
14,75,120.955721750582
15,75,86.2295152988854
16,75,101.483497379663
17,75,100.63149593979
18,75,94.1155030800016
1,76,102.247165000155
2,76,67.416475033146
3,76,141.53111941472
4,76,89.9981691913279
5,76,112.140040746826
6,76,91.9815427465893
7,76,90.229713753526
8,76,141.102197067146
9,76,129.418264807239
10,76,136.492666053693
11,76,87.1846383146158
12,76,65.783399768761
13,76,114.126710121834
14,76,131.548948122057
15,76,131.540074771241
16,76,115.096011478244
17,76,110.85846017753
18,76,131.761720187711
1,77,102.618363090541
2,77,88.1369463482053
3,77,96.3781773156041
4,77,85.7899482149056
5,77,99.343360126814
6,77,124.269887642888
7,77,67.8270880186253
8,77,86.7048745176305
9,77,92.8228061804625
10,77,105.7994030505
11,77,113.951567920877
12,77,113.043541317917
13,77,101.712956313534
14,77,116.650382483247
15,77,129.086451349878
16,77,144.110797807478
17,77,72.7748040542754
18,77,124.614726603352
1,78,103.45236910135
2,78,90.6876206524337
3,78,75.8900802680891
4,78,127.398478494451
5,78,120.799649903972
6,78,131.005265974341
7,78,88.4754692703376
8,78,103.819711614552
9,78,110.924194381639
10,78,90.4033436711108
11,78,78.9871068821707
12,78,141.424409711789
13,78,84.0718922074139
14,78,128.43765878741
15,78,77.3065808403565
16,78,129.170996660234
17,78,112.32405919594
18,78,132.83618521144
1,79,105.144863194897
2,79,120.724137828209
3,79,83.4340040372759
4,79,101.145703314603
5,79,130.048739231712
6,79,93.0534872074478
7,79,108.813047300394
8,79,99.3256468094946
9,79,71.3377001645155
10,79,95.3363523232594
11,79,142.26529696127
12,79,121.349389303306
13,79,98.0963936434948
14,79,94.9499836121995
15,79,102.543667975266
16,79,115.778257537753
17,79,88.4428362059111
18,79,83.3903653884485
1,80,133.970472049238
2,80,85.9500930323707
3,80,125.609517251462
4,80,112.027808080698
5,80,102.02663349991
6,80,83.3535910883407
7,80,99.6136435024669
8,80,79.7784303338387
9,80,82.6807450179079
10,80,93.163593452023
11,80,152.886471937565
12,80,116.728092622336
13,80,124.907098748715
14,80,88.8783105476804
15,80,129.621951860232
16,80,90.4587984890936
17,80,95.8325592866384
18,80,90.5722789653969
1,81,123.429224260275
2,81,116.831819780751
3,81,91.4569735661504
4,81,132.200440584494
5,81,93.872953881398
6,81,127.433969527881
7,81,118.302611110966
8,81,64.2729023017098
9,81,109.035396487658
10,81,85.3451184304582
11,81,134.910065365235
12,81,128.300795539262
13,81,84.7085971656686
14,81,102.689062920294
15,81,139.767731714928
16,81,109.90259254637
17,81,99.6762503781145
18,81,66.1208587471188
1,82,137.339952623512
2,82,128.633923422211
3,82,117.902748556273
4,82,91.117833679146
5,82,82.1121726426627
6,82,120.100316224062
7,82,86.3768028263472
8,82,101.45418899461
9,82,107.330761469669
10,82,63.7263909684113
11,82,68.6662348205822
12,82,134.185118529158
13,82,113.698228222817
14,82,121.86866794627
15,82,80.8245793633787
16,82,95.5329845290361
17,82,131.961713116614
18,82,137.907244029601
1,83,96.0233819450625
2,83,72.2377383080624
3,83,97.8405595986379
4,83,93.4699612293237
5,83,111.570251739304
6,83,68.3517932016812
7,83,89.6182991724585
8,83,99.9239459406949
9,83,83.6914501395714
10,83,89.7749306612255
11,83,111.923786086758
12,83,115.710700834995
13,83,86.0115487868287
14,83,109.244318456745
15,83,143.383720040635
16,83,94.2581187481577
17,83,90.6837646687176
18,83,109.320556533592
1,84,89.3229268173754
2,84,78.2932272403837
3,84,117.14262660848
4,84,115.393639424741
5,84,115.418388582423
6,84,74.613208768307
7,84,131.029925543063
8,84,74.4395647258838
9,84,117.155597109726
10,84,128.626732442051
11,84,105.934917749438
12,84,77.9272215347673
13,84,78.4919233076014
14,84,90.1576905148387
15,84,127.32015281074
16,84,138.934874234086
17,84,106.123794063666
18,84,77.8744936942418
1,85,102.305746904627
2,85,93.6056848188213
3,85,119.432789370079
4,85,105.400435416007
5,85,121.045469659066
6,85,104.922697597431
7,85,100.806965811419
8,85,90.008931269446
9,85,129.083476107914
10,85,123.101246262775
11,85,102.97424903755
12,85,110.511129445849
13,85,107.88594035347
14,85,89.599606440329
15,85,134.517174181121
16,85,113.819285396041
17,85,94.1756093966648
18,85,92.8700377653729
1,86,82.4564621729538
2,86,100.691429772512
3,86,98.6322254231562
4,86,98.0211735127496
5,86,84.5071519578656
6,86,86.6903226659052
7,86,116.894014975617
8,86,134.863759463369
9,86,99.0467011665813
10,86,85.4614901177442
11,86,102.833141646721
12,86,65.3940985717565
13,86,119.50998358111
14,86,108.037499622878
15,86,129.219946534829
16,86,114.594266789154
17,86,130.339344016333
18,86,97.6355294449921
1,87,117.537964982864
2,87,119.694202283276
3,87,93.5755453289146
4,87,118.536331652324
5,87,77.1675060078033
6,87,83.8135864214466
7,87,121.675970140879
8,87,128.345577635202
9,87,66.1001971709984
10,87,101.585437641287
11,87,78.8508481679409
12,87,98.1504569937836
13,87,113.428147910729
14,87,113.678642472904
15,87,112.157212745596
16,87,130.941612959829
17,87,133.919188878672
18,87,94.1054265966242
1,88,88.7844859377786
2,88,86.5369664672312
3,88,122.111467500829
4,88,94.7163859486108
5,88,124.130688312508
6,88,144.722049391483
7,88,100.701409284381
8,88,80.3768419443389
9,88,91.70992657203
10,88,101.665422486091
11,88,84.210954983492
12,88,128.903172453821
13,88,114.296312814379
14,88,113.778421752619
15,88,72.8748846368138
16,88,119.500200563169
17,88,102.114685558582
18,88,137.332139386097
1,89,122.741107216338
2,89,82.0767612407765
3,89,123.680853497806
4,89,69.8797326652701
5,89,126.817814006484
6,89,114.613204262461
7,89,116.820688713367
8,89,127.692022227767
9,89,94.5331677645718
10,89,66.9787480122082
11,89,123.463550869308
12,89,113.831598028989
13,89,114.043189886029
14,89,94.3298393367951
15,89,91.3061905124333
16,89,131.898538820195
17,89,121.645341753707
18,89,134.804000484432
1,90,124.587349514467
2,90,75.5501348803656
3,90,115.528547110979
4,90,107.048549904159
5,90,109.849866930798
6,90,80.825000488301
7,90,138.525523291595
8,90,97.1108161716734
9,90,99.6451623450774
10,90,99.633907128726
11,90,140.24591281734
12,90,101.086757459211
13,90,100.018897956536
14,90,91.7548619195028
15,90,107.715776841253
16,90,95.8719720241733
17,90,64.6067364340681
18,90,61.858406988559
1,91,111.409618811848
2,91,90.9895025347637
3,91,112.825674816712
4,91,107.199194282655
5,91,71.7906253962082
6,91,77.1405200389735
7,91,102.594651477388
8,91,136.480968562801
9,91,111.094473539838
10,91,86.8613193026563
11,91,101.825715538025
12,91,113.158571063852
13,91,122.51790645803
14,91,136.09277230124
15,91,88.4777130279604
16,91,114.917052979021
17,91,79.8806618367031
18,91,99.2100112891547
1,92,77.1201144526151
2,92,95.0390943705407
3,92,91.7433632200393
4,92,149.076361796471
5,92,77.0509055625992
6,92,138.661260315025
7,92,101.521971169247
8,92,99.3793459127839
9,92,143.119653939455
10,92,94.2081883020031
11,92,81.6129834044987
12,92,111.459629436401
13,92,105.765586756787
14,92,60.5724660725357
15,92,97.7246004925163
16,92,106.121614500525
17,92,132.437672474214
18,92,133.454526427325
1,93,131.059696111685
2,93,84.2353693437477
3,93,93.9071637528623
4,93,91.9923094904284
5,93,82.7086489157124
6,93,81.6472889503474
7,93,102.107518929415
8,93,104.685190314346
9,93,99.6295465009686
10,93,73.1278652941434
11,93,70.5476277241029
12,93,127.736425405795
13,93,107.010465090514
14,93,119.577469060297
15,93,96.0810967346995
16,93,99.4749615293964
17,93,118.005795780539
18,93,91.1279328683917
1,94,93.3088240374488
2,94,105.612200237215
3,94,112.013997523823
4,94,87.2335919182435
5,94,118.809130768533
6,94,73.2192118861248
7,94,89.6220105325411
8,94,80.4883520810311
9,94,93.7623435030048
10,94,139.663478763775
11,94,87.7546455719469
12,94,108.713463760473
13,94,98.584570494348
14,94,139.018764319988
15,94,142.625446041301
16,94,89.859990814667
17,94,95.7693054255604
18,94,113.960460771519
1,95,77.1032456064431
2,95,102.410933986009
3,95,109.341032324182
4,95,96.0350822880373
5,95,122.931512768099
6,95,102.155459683888
7,95,89.139649489311
8,95,114.833114314641
9,95,99.2918357552993
10,95,72.3023488615748
11,95,131.004736098448
12,95,105.276134886821
13,95,123.166342834046
14,95,113.588820587143
15,95,107.133045330753
16,95,98.1813850051864
17,95,82.7506727261175
18,95,138.220441670167
1,96,106.977988379413
2,96,94.4315143084604
3,96,92.1777987059238
4,96,85.9259102180883
5,96,118.121376857722
6,96,126.213592162286
7,96,84.3004449205758
8,96,96.1933867934422
9,96,104.175321574085
10,96,95.7819866673347
11,96,72.5215034882286
12,96,97.1360422915298
13,96,82.5909620148665
14,96,101.97929559932
15,96,97.9292907769342
16,96,110.877687449322
17,96,128.955501127805
18,96,91.9114457471703
1,97,83.6296485905046
2,97,120.579428971585
3,97,58.3416504188137
4,97,88.8469201614053
5,97,95.301951359604
6,97,126.560796655351
7,97,85.8363541410056
8,97,123.912680056295
9,97,117.8844842623
10,97,108.288496272031
11,97,87.2112120468553
12,97,95.7690265076475
13,97,86.8392169470772
14,97,91.6247941669704
15,97,118.908431011404
16,97,134.643611694349
17,97,130.705190073984
18,97,112.766652836843
1,98,92.9611564809325
2,98,92.2857917563827
3,98,104.988596983343
4,98,90.3078808490461
5,98,64.278238972284
6,98,108.335088481299
7,98,146.332757504587
8,98,108.995860030178
9,98,111.056921249545
10,98,79.047278973073
11,98,77.5143839597839
12,98,111.75767593379
13,98,106.853419645679
14,98,123.979857182908
15,98,83.3150613369002
16,98,125.07292927511
17,98,114.562852316173
18,98,77.3108665263154
1,99,106.693514749918
2,99,130.170189544199
3,99,100.932707511843
4,99,84.7613773963202
5,99,107.920515598102
6,99,137.185094973988
7,99,78.3201262171217
8,99,103.18157938156
9,99,147.926012540951
10,99,103.760789796868
11,99,90.4208366525575
12,99,89.2005241257275
13,99,106.463306185617
14,99,95.7110303427035
15,99,123.185750269952
16,99,84.976315314068
17,99,121.829104225177
18,99,140.570995850332
1,100,105.517543387801
2,100,131.808070650843
3,100,118.346849016629
4,100,116.887298157535
5,100,96.8783960016682
6,100,79.1832333960999
7,100,145.472081297221
8,100,132.074388566214
9,100,131.237195422589
10,100,111.067273933591
11,100,115.88530834574
12,100,99.2055546404251
13,100,66.0613688505203
14,100,87.2636590663041
15,100,124.321324991104
16,100,93.178598363082
17,100,70.4764156419279
18,100,95.356290373434
1,101,117.999862482361
2,101,76.1097559589149
3,101,99.2666188584767
4,101,80.1490389465358
5,101,83.8181795726277
6,101,83.227600547387
7,101,121.02767130464
8,101,118.320109316669
9,101,129.552196034954
10,101,116.883355322814
11,101,68.0334441930705
12,101,116.603141752028
13,101,130.446370727588
14,101,85.1797822234361
15,101,111.37958217417
16,101,119.598182180816
17,101,102.378752921422
18,101,81.9714035476625
1,102,98.2779577352755
2,102,72.7249124256127
3,102,88.7245159706579
4,102,99.0220870879778
5,102,95.7967041684563
6,102,104.648443578344
7,102,103.289057961964
8,102,78.2326529094215
9,102,76.1253814621272
10,102,78.8047624871403
11,102,115.238992094796
12,102,77.2046805216002
13,102,98.5878625819465
14,102,80.7048308431815
15,102,81.0912989073477
16,102,90.3618852544533
17,102,122.294061009716
18,102,109.867998492897
1,103,83.1267618627208
2,103,93.9185570418012
3,103,120.202398954682
4,103,112.280768061225
5,103,125.880993801864
6,103,99.1260370213352
7,103,68.1311108966729
8,103,59.3811785034561
9,103,88.3903343974366
10,103,85.4639135866155
11,103,84.6043219822711
12,103,62.7974393611424
13,103,87.05038143319
14,103,100.796343380805
15,103,70.1038152030007
16,103,119.041052929207
17,103,98.648487626745
18,103,79.6465750997686
1,104,132.297719937858
2,104,91.3850608380753
3,104,127.264904263672
4,104,107.010429124544
5,104,103.074078184994
6,104,76.5637269682776
7,104,108.789566525819
8,104,96.2907531088297
9,104,73.1592618596126
10,104,92.8376521260405
11,104,103.444166745427
12,104,92.2017808380489
13,104,97.64275006999
14,104,81.1541111452376
15,104,101.832237037076
16,104,144.480358193663
17,104,96.0722940828092
18,104,104.048320506111
1,105,128.019742829098
2,105,102.558572382209
3,105,78.3114189625482
4,105,114.49378455548
5,105,147.061698030234
6,105,125.374362542579
7,105,115.626770974895
8,105,86.5135226673
9,105,96.2006750685944
10,105,114.629049832021
11,105,74.8019459867979
12,105,92.8769146620695
13,105,73.2776617377511
14,105,80.0248816769052
15,105,110.92842187648
16,105,99.8117867745347
17,105,124.60933536388
18,105,104.214262859064
1,106,60.0061237580928
2,106,109.559919128489
3,106,88.5965761068683
4,106,96.0185652326246
5,106,85.8273886360052
6,106,100.652367471658
7,106,86.2663479980327
8,106,125.246075465616
9,106,109.83637843851
10,106,107.366984476269
11,106,136.189731272656
12,106,101.226588066394
13,106,139.282282287271
14,106,113.491941723765
15,106,143.802530582665
16,106,131.143440416447
17,106,128.961397965897
18,106,131.90655185328
1,107,139.652581147575
2,107,103.913090127524
3,107,102.466531379327
4,107,142.307151439988
5,107,85.3992434894436
6,107,138.258847185075
7,107,66.0307950339904
8,107,99.6734968893594
9,107,141.376683621244
10,107,74.3567693042864
11,107,94.5211511732919
12,107,117.615145809468
13,107,115.027602205196
14,107,81.7839370586084
15,107,115.391513983823
16,107,94.3299788132719
17,107,65.1616500784952
18,107,74.2332264541127
1,108,123.514681033826
2,108,92.975717787296
3,108,67.8744980798174
4,108,114.610871169299
5,108,135.220049932222
6,108,143.074765555669
7,108,99.1220370437497
8,108,124.638030074763
9,108,100.711584800186
10,108,144.478604267079
11,108,72.0878322211573
12,108,104.80712090758
13,108,109.841320817348
14,108,145.043799980664
15,108,142.872649124651
16,108,132.022554892805
17,108,132.811604563185
18,108,109.426317342331
1,109,100.794058556054
2,109,66.5786109380014
3,109,115.148973296252
4,109,100.4975995614
5,109,121.482710278611
6,109,100.793478744813
7,109,145.765065436319
8,109,85.8603385536566
9,109,139.039509280357
10,109,98.3982460668628
11,109,121.743188074821
12,109,145.882731496296
13,109,71.0961958392521
14,109,76.7311803213101
15,109,89.6412660090573
16,109,95.5089920607296
17,109,146.673735436105
18,109,110.846100806857
1,110,86.9308801484007
2,110,86.0283441107113
3,110,79.2460491247167
4,110,86.2030207248381
5,110,120.75444724034
6,110,139.15119528282
7,110,91.1149820488386
8,110,77.9813961123374
9,110,96.7506315064049
10,110,113.860904560847
11,110,85.0486395594062
12,110,73.1677198206028
13,110,66.9485397727639
14,110,102.381678422888
15,110,112.888479103975
16,110,100.222652287979
17,110,128.89960425313
18,110,148.701723076034
1,111,83.4124228275555
2,111,125.124426495882
3,111,95.385268720693
4,111,102.349358531921
5,111,102.111105287911
6,111,71.8777493813704
7,111,129.129390393356
8,111,99.3118939833934
9,111,109.94147930995
10,111,123.269768831578
11,111,133.723350452382
12,111,133.182478982656
13,111,115.387860506239
14,111,92.8982122730792
15,111,114.214842403761
16,111,101.196811640911
17,111,92.5426255450702
18,111,96.1890192279068
1,112,120.662066261148
2,112,135.570332460977
3,112,97.8001389292564
4,112,132.237107817905
5,112,92.9356246138483
6,112,79.6017525034838
7,112,101.305975721624
8,112,94.3547946547057
9,112,138.391385496116
10,112,80.8638593611174
11,112,88.0973275167616
12,112,95.004842701272
13,112,115.844521762848
14,112,88.0726835990666
15,112,125.073509205725
16,112,85.2436123140282
17,112,104.428015684856
18,112,73.8882552508938
1,113,91.7489906706907
2,113,100.074219815841
3,113,156.536874249323
4,113,101.913532321736
5,113,133.106133477732
6,113,107.62390257127
7,113,78.7171713264125
8,113,140.928176390334
9,113,87.8140709959242
10,113,88.191443895524
11,113,76.3380163261935
12,113,98.8338872710439
13,113,104.715894594083
14,113,103.725906849076
15,113,126.130462364237
16,113,70.6663419022173
17,113,106.523392093815
18,113,103.135633242599
1,114,107.565073207263
2,114,100.366237794206
3,114,119.240862560237
4,114,111.58446560116
5,114,103.927095262377
6,114,93.8608300464757
7,114,118.424432139471
8,114,151.480387051504
9,114,68.9369597807911
10,114,93.6910886495466
11,114,123.275532503359
12,114,95.4248734207914
13,114,60.7225678910696
14,114,87.9080123479757
15,114,82.1459239264596
16,114,118.642954379336
17,114,128.143621472202
18,114,123.921809384453
1,115,129.979870930615
2,115,111.476352786212
3,115,90.858579918648
4,115,106.848957630648
5,115,100.590517342015
6,115,89.9969117725715
7,115,96.8953645812762
8,115,74.5551612132522
9,115,93.0189714745988
10,115,123.255110590323
11,115,89.7275138464322
12,115,96.3837051214063
13,115,104.295376682987
14,115,111.684120195776
15,115,79.2679167160859
16,115,121.904329412645
17,115,102.311556244253
18,115,123.292927907628
1,116,68.0750511096122
2,116,85.5564974281276
3,116,126.791811974601
4,116,121.373420875928
5,116,99.3227934166235
6,116,79.9461585907401
7,116,94.1179897737045
8,116,72.4849706582146
9,116,105.37146822263
10,116,100.62280195733
11,116,69.792183816844
12,116,142.475249471828
13,116,127.49053743661
14,116,151.06833063174
15,116,98.3773192307443
16,116,133.400767254998
17,116,144.74981807473
18,116,76.3168000099515
1,117,110.50219702506
2,117,123.509144672275
3,117,72.2110034868256
4,117,77.9169922047674
5,117,74.1962291188455
6,117,103.931599778842
7,117,128.112272282316
8,117,73.917769682647
9,117,152.696454409118
10,117,137.745138078223
11,117,132.167258620888
12,117,80.012162598208
13,117,86.4243961693959
14,117,152.879751350365
15,117,139.866634813238
16,117,152.138375932092
17,117,87.8608837371949
18,117,89.0507438603915
1,118,71.3441898629687
2,118,104.856172040675
3,118,80.2959193845197
4,118,96.3096551845936
5,118,80.817478346665
6,118,82.3384052724219
7,118,93.4612913076698
8,118,109.336991893879
9,118,136.35518639637
10,118,108.884709730462
11,118,81.8579037073025
12,118,130.737977018447
13,118,127.90450841643
14,118,81.7578479234444
15,118,110.483868909731
16,118,143.005537870395
17,118,97.5081293441562
18,118,76.2855439005688
1,119,93.3253405257399
2,119,101.564177631877
3,119,88.4201127574051
4,119,109.444923638414
5,119,106.64229236921
6,119,101.218235055944
7,119,134.809149481871
8,119,105.515265872871
9,119,64.2009708919461
10,119,86.116814479261
11,119,129.584966771525
12,119,64.4443137301314
13,119,123.54816720151
14,119,98.328772526924
15,119,86.5699645504792
16,119,112.977227529065
17,119,120.98055847609
18,119,124.1929260968
1,120,101.122728119989
2,120,66.4093017559339
3,120,84.8238363556462
4,120,78.0847137695967
5,120,113.104057407126
6,120,107.457767953326
7,120,98.1198886799421
8,120,90.7015082013131
9,120,74.3374242732522
10,120,145.092900317574
11,120,114.06070456937
12,120,78.7668792819697
13,120,105.223289894765
14,120,113.433317206577
15,120,133.802240653979
16,120,109.867298587664
17,120,118.86491613726
18,120,114.091956171048
1,121,135.475061043733
2,121,144.32157869871
3,121,112.6674287648
4,121,106.607512521986
5,121,90.8130028214429
6,121,90.5985137944705
7,121,107.624715995043
8,121,129.87215880538
9,121,130.075720877462
10,121,90.5179359761942
11,121,112.788262316826
12,121,129.663735652849
13,121,100.223591755442
14,121,81.2629712414835
15,121,108.189634793867
16,121,107.098367262756
17,121,109.257424476594
18,121,107.512727687698
1,122,90.4595755944545
2,122,114.017727359822
3,122,156.697941397712
4,122,65.2600320345779
5,122,112.834261145369
6,122,125.889181912676
7,122,103.440390650316
8,122,128.07875225541
9,122,135.644161883824
10,122,86.0707818404512
11,122,142.915471337979
12,122,58.7808147772578
13,122,152.89441209105
14,122,108.698718588037
15,122,105.101113889093
16,122,97.989917999039
17,122,95.2195524095843
18,122,112.998303050576
1,123,78.148152705223
2,123,65.8077801723975
3,123,83.6098306592781
4,123,139.345347237926
5,123,89.2154120888271
6,123,109.442478188408
7,123,112.949168643022
8,123,99.2671130733301
9,123,135.525322945045
10,123,94.6829361275629
11,123,102.499860275756
12,123,99.9197789845223
13,123,90.7051199390029
14,123,120.686146020068
15,123,134.222461109846
16,123,138.79779301368
17,123,136.469367762356
18,123,92.9841607857318
1,124,104.979733027738
2,124,90.3684420966613
3,124,122.472681111991
4,124,135.594941490342
5,124,135.138475148436
6,124,97.9209995907638
7,124,136.557392394941
8,124,80.3786991669067
9,124,93.186202961462
10,124,147.198478706606
11,124,101.589483871225
12,124,97.1503528892949
13,124,105.561939100909
14,124,116.508669560363
15,124,138.653248433867
16,124,137.022353490949
17,124,96.5280462297805
18,124,77.5604197010891
1,125,86.3137208778162
2,125,120.678499076355
3,125,94.0023409208118
4,125,94.7200034911765
5,125,133.212156524776
6,125,61.6124244421153
7,125,86.9884022658442
8,125,114.119062832958
9,125,115.725475148416
10,125,101.629358702518
11,125,113.245320931634
12,125,90.1137240849722
13,125,83.7718006186404
14,125,118.76004957127
15,125,94.9295068192709
16,125,84.6305244008183
17,125,125.592165561077
18,125,107.413681388138
1,126,100.246061845343
2,126,102.009959077089
3,126,115.40536789903
4,126,111.896413638166
5,126,114.282155254283
6,126,116.060572493968
7,126,130.31893188527
8,126,80.0741496007343
9,126,122.840062003434
10,126,101.246575725711
11,126,91.646063428304
12,126,67.2768587990771
13,126,100.528487154157
14,126,130.457185864343
15,126,147.544431649405
16,126,131.279059035404
17,126,78.0376660547228
18,126,119.878118047716
1,127,137.304099841053
2,127,91.1435055652006
3,127,154.056976784163
4,127,86.5527970368459
5,127,102.55888690889
6,127,113.223484425525
7,127,125.606471385119
8,127,109.245518158192
9,127,146.67669600534
10,127,80.3320687160081
11,127,91.686030747609
12,127,112.686887730008
13,127,146.30764509698
14,127,95.0110676444836
15,127,128.872684853447
16,127,114.479951951348
17,127,86.2758910240772
18,127,103.151276456117
1,128,124.82066928787
2,128,112.714372941304
3,128,119.6984478856
4,128,78.4082148105602
5,128,101.742805635008
6,128,130.701756084119
7,128,93.5019021780135
8,128,110.137936398753
9,128,82.772089099844
10,128,104.413856919332
11,128,100.492925812161
12,128,86.2638737531197
13,128,78.9728479389722
14,128,91.0965968537574
15,128,98.2889438468673
16,128,88.9527195139624
17,128,89.3515115209695
18,128,88.7041014255747
1,129,123.381843424288
2,129,99.7915411263867
3,129,105.09741108693
4,129,79.6902420608052
5,129,118.390695444868
6,129,126.257745047756
7,129,103.831218555726
8,129,110.101411218387
9,129,107.092321823023
10,129,80.8048919951338
11,129,100.65288747605
12,129,144.059850747358
13,129,120.46308690457
14,129,149.480849792805
15,129,131.816917498947
16,129,106.678625334563
17,129,97.8070927157971
18,129,98.3104448649257
1,130,84.9447875992821
2,130,82.1829966558913
3,130,101.067992892647
4,130,84.6640619165203
5,130,69.4326276930997
6,130,111.448991370495
7,130,133.716441046969
8,130,108.280649794172
9,130,90.7636706156564
10,130,70.5058403708604
11,130,107.089759506165
12,130,131.446917594499
13,130,98.7218270090649
14,130,105.500008785031
15,130,92.9482828170364
16,130,119.723298465096
17,130,131.836417574031
18,130,106.287534473748
1,131,64.827159405455
2,131,88.0646371719266
3,131,109.825742779507
4,131,70.0966508640246
5,131,86.88602755357
6,131,98.126415838998
7,131,96.0727917800576
8,131,110.109892939726
9,131,90.5292602958158
10,131,117.938852053283
11,131,91.4419261268098
12,131,110.915771923969
13,131,83.9749666646353
14,131,132.505779236969
15,131,68.3365688604636
16,131,125.860992361683
17,131,112.17531155058
18,131,125.280909445798
1,132,105.510662021762
2,132,90.1830112531374
3,132,85.6846110925703
4,132,115.128321362198
5,132,99.8284413152773
6,132,94.2899751481833
7,132,95.2633643393021
8,132,142.688524488211
9,132,124.352305479702
10,132,67.4686215156902
11,132,120.511575494825
12,132,59.6566161860526
13,132,79.2701097397044
14,132,97.4459080815501
15,132,119.895981429662
16,132,91.8637728538777
17,132,114.201633452954
18,132,115.439133523876
1,133,125.033652226348
2,133,83.0071051576165
3,133,101.381994363187
4,133,122.459053147445
5,133,73.6910011707836
6,133,140.02003594647
7,133,111.498171065517
8,133,95.2599281559191
9,133,142.056494346934
10,133,90.9211685486079
11,133,100.372252650577
12,133,84.9131919551496
13,133,144.472824993798
14,133,67.7126892311053
15,133,96.7364495488057
16,133,74.314878431063
17,133,122.243311170993
18,133,86.060781278962
1,134,139.65606737087
2,134,104.718963905798
3,134,117.535299742725
4,134,152.590941912424
5,134,144.108413921921
6,134,105.978561402764
7,134,131.647583972524
8,134,95.4371148953575
9,134,93.6147425710207
10,134,104.379364718612
11,134,119.376744022994
12,134,118.337940210316
13,134,99.6358629393666
14,134,127.639819690052
15,134,124.765794696782
16,134,82.141455743883
17,134,98.2622324886552
18,134,83.5841410977997
1,135,108.498154067798
2,135,112.660336059529
3,135,100.852435544571
4,135,121.697956722752
5,135,81.4004512087733
6,135,102.228762823829
7,135,97.920656910492
8,135,102.145459911301
9,135,82.5433266391692
10,135,68.481161833292
11,135,107.320580684134
12,135,103.809965574699
13,135,66.6230735444144
14,135,138.197916610781
15,135,82.7559929399781
16,135,97.9540624048627
17,135,133.589767768569
18,135,95.6694509354681
1,136,96.5330079325424
2,136,102.938177258906
3,136,97.9854024262449
4,136,123.407063566995
5,136,111.697282938394
6,136,85.197543269649
7,136,140.435945889063
8,136,77.155626398072
9,136,141.051716828261
10,136,114.578151120726
11,136,90.8384757490379
12,136,105.17864484257
13,136,90.1078762094422
14,136,129.082098323956
15,136,132.022336864339
16,136,108.029309904733
17,136,119.568996083802
18,136,92.4965499325112
1,137,71.5216265284227
2,137,110.501369710238
3,137,60.0912998517084
4,137,137.03944478327
5,137,83.3156257849818
6,137,101.137334601189
7,137,155.425398601206
8,137,70.4096022591657
9,137,91.2132535615472
10,137,116.806907236389
11,137,97.7362240546415
12,137,114.724223152214
13,137,95.6301905335304
14,137,84.6076018505435
15,137,108.367379163772
16,137,109.010308397894
17,137,111.586439391103
18,137,95.4168530511223
1,138,136.58600287484
2,138,80.087214571638
3,138,113.128790686416
4,138,113.15963191084
5,138,104.9180561361
6,138,95.1119308983438
7,138,87.8188598328704
8,138,77.1880043894669
9,138,107.893992109603
10,138,150.053239037769
11,138,138.766592862002
12,138,124.348789712652
13,138,115.935335342334
14,138,73.4361445560905
15,138,97.8819848607331
16,138,114.143616162061
17,138,134.981812058282
18,138,106.418927286718
1,139,101.000395377293
2,139,105.355806675422
3,139,156.638351704576
4,139,112.084093998872
5,139,121.417424298914
6,139,111.051714643029
7,139,117.395534034637
8,139,113.713982935862
9,139,118.088590781611
10,139,131.669051690927
11,139,61.7534020378431
12,139,85.1216980274887
13,139,121.854733932675
14,139,76.5532652324062
15,139,99.4572580271404
16,139,114.416840251145
17,139,88.3180644054181
18,139,113.241232440508
1,140,77.875409184057
2,140,89.9440444210809
3,140,145.372668744702
4,140,78.7611237865853
5,140,70.0711245097737
6,140,108.217285355099
7,140,99.732837085198
8,140,64.1149493639832
9,140,71.7078255572551
10,140,125.027167180809
11,140,124.035527584602
12,140,125.212484094566
13,140,152.438571975647
14,140,128.80549998884
15,140,98.446007784232
16,140,107.455294653609
17,140,123.179688935966
18,140,108.960675549613
1,141,94.1362248881675
2,141,79.1598013575233
3,141,110.346165607518
4,141,86.644972665186
5,141,92.4994289511999
6,141,149.273724883691
7,141,91.2934299838115
8,141,80.5379061669309
9,141,98.0879356559884
10,141,107.565585040064
11,141,87.1412504160154
12,141,87.9842051026252
13,141,117.301228616624
14,141,114.02109846013
15,141,130.941392538364
16,141,117.972566596021
17,141,91.3899133082095
18,141,106.597504270424
1,142,101.942911603727
2,142,113.989921783886
3,142,112.16565690633
4,142,138.261509356584
5,142,106.539671379357
6,142,88.8221658771127
7,142,126.862358016644
8,142,106.390399468444
9,142,142.092888908466
10,142,92.5055880921424
11,142,113.728331637962
12,142,70.4071900551869
13,142,62.0275373154427
14,142,88.6502109030079
15,142,89.9743731196891
16,142,111.440648531324
17,142,77.4059760645293
18,142,140.444956881494
1,143,110.545342453728
2,143,79.5881957594105
3,143,79.8397087099816
4,143,104.891377526492
5,143,112.709452835333
6,143,60.8289455956148
7,143,109.830350168606
8,143,97.7773187827286
9,143,127.940853415138
10,143,99.8103657225437
11,143,115.448523949111
12,143,102.477227094456
13,143,75.7896406213276
14,143,100.044513571924
15,143,72.4346707464168
16,143,108.17790497912
17,143,92.8154818758257
18,143,114.650840327135
1,144,93.4475825654516
2,144,99.5209829515054
3,144,95.6871627073106
4,144,83.6306071481549
5,144,63.2091160800875
6,144,92.5052089830721
7,144,135.352539977363
8,144,113.169075766309
9,144,97.4286732140869
10,144,110.107928409707
11,144,138.960009216312
12,144,114.387152585576
13,144,92.8636663913962
14,144,100.279257412471
15,144,119.394896502834
16,144,121.09897666291
17,144,79.270123100884
18,144,88.6041020064976
1,145,115.573329029028
2,145,126.830048951795
3,145,93.5731482071956
4,145,118.026336092856
5,145,94.3532558393291
6,145,107.018306483626
7,145,98.6673982552212
8,145,116.08602196821
9,145,124.937355159057
10,145,80.9835456529659
11,145,88.8526191503034
12,145,92.0318815689087
13,145,116.08403448373
14,145,150.38377106731
15,145,69.3896378252479
16,145,65.6526684273707
17,145,140.491393079648
18,145,136.301075065867
1,146,92.4853612037246
2,146,75.6356859966904
3,146,123.102806294777
4,146,117.14486005847
5,146,96.6038690630903
6,146,138.665627055486
7,146,117.91444094361
8,146,106.096079229132
9,146,69.7968387341981
10,146,130.357353016746
11,146,132.968222374486
12,146,136.025801319913
13,146,136.780039447524
14,146,71.569200544333
15,146,110.918920119911
16,146,95.8632166436019
17,146,81.3235083560038
18,146,62.8577389959264
1,147,131.275943712832
2,147,145.899657951674
3,147,98.6596670722712
4,147,103.209879056737
5,147,90.8526283002469
6,147,112.592185321475
7,147,78.858014722421
8,147,110.352362181032
9,147,72.4686182625514
10,147,75.7590877127111
11,147,109.514580391443
12,147,126.482583305878
13,147,121.12956051384
14,147,120.761008681705
15,147,95.4716010338481
16,147,122.065299159353
17,147,98.7564506156313
18,147,99.7321842949974
1,148,96.083758120103
2,148,127.92000972122
3,148,95.1612265478161
4,148,99.8722648212765
5,148,64.6761989159241
6,148,155.939727530735
7,148,96.0567755619713
8,148,114.876756311849
9,148,127.014385694036
10,148,85.8043463966801
11,148,77.0105634462887
12,148,101.669846798256
13,148,132.835620957233
14,148,149.671788656202
15,148,88.2154704228228
16,148,130.574960790792
17,148,83.485408849196
18,148,96.6626984532648
1,149,62.5091392950221
2,149,124.560134616857
3,149,139.800841956953
4,149,117.236422582232
5,149,114.827593420406
6,149,102.051060674761
7,149,100.171011945392
8,149,129.179469807377
9,149,100.578381909843
10,149,128.320407852082
11,149,85.6597870061772
12,149,97.3202301736049
13,149,147.032572771046
14,149,134.215674908656
15,149,73.5132754373087
16,149,112.680871148194
17,149,70.888699391518
18,149,124.431359851378
1,150,98.9383715795168
2,150,92.4477655918591
3,150,104.606818965332
4,150,99.8215245504924
5,150,116.429603492146
6,150,136.098623446611
7,150,96.298288818182
8,150,86.419257371064
9,150,136.381971557374
10,150,122.017989783992
11,150,89.9725661288787
12,150,137.073311424499
13,150,124.649446368315
14,150,72.5043073141278
15,150,112.516068280282
16,150,75.6871804610413
17,150,101.173479357426
18,150,121.971562618466
1,151,69.7553947817965
2,151,80.6708615012075
3,151,71.3292775560327
4,151,89.3737662310747
5,151,86.117247387191
6,151,87.5980870462771
7,151,103.265294053229
8,151,70.9044854096082
9,151,82.563549040279
10,151,66.3578909020111
11,151,136.861289218561
12,151,75.6635927832243
13,151,77.2497669710617
14,151,108.374484771866
15,151,107.648103442379
16,151,102.675937593752
17,151,124.901419748137
18,151,85.9726776604791
1,152,138.4434991507
2,152,102.304523675659
3,152,95.513508684161
4,152,113.542088287211
5,152,103.110776122243
6,152,139.403943982245
7,152,105.007522247215
8,152,124.354243943075
9,152,88.1272480741684
10,152,97.616138481496
11,152,99.8032070537865
12,152,104.930776994854
13,152,131.979609364669
14,152,127.599361910553
15,152,105.809213289649
16,152,63.8631230862912
17,152,108.180166582981
18,152,90.675851407974
1,153,77.1215169040425
2,153,96.4994911679559
3,153,117.190955169807
4,153,113.95990614092
5,153,76.6692280663933
6,153,91.1843365438175
7,153,128.866511818841
8,153,80.747227233811
9,153,97.3513814731545
10,153,103.989973137219
11,153,79.4282481533128
12,153,81.4473513202125
13,153,80.8450862307764
14,153,138.492499714529
15,153,101.136041801625
16,153,107.711852606207
17,153,59.2834246072778
18,153,82.089923280705
1,154,115.621433874414
2,154,109.35804753617
3,154,143.736614224094
4,154,123.250885750427
5,154,90.0843190413579
6,154,109.952250152681
7,154,76.202195756541
8,154,129.316611512737
9,154,92.0030670513793
10,154,95.8182033780592
11,154,113.882746056529
12,154,100.231978198317
13,154,133.304498116239
14,154,84.3881015028857
15,154,89.3418264103001
16,154,82.0560908202242
17,154,84.1621777522904
18,154,85.8472874484524
1,155,146.080348200333
2,155,96.3857652514005
3,155,107.303724248594
4,155,88.0776948823311
5,155,105.978716622003
6,155,98.3823833726617
7,155,117.186418725594
8,155,108.478969183688
9,155,89.4380665779658
10,155,78.3452982709538
11,155,100.216250151789
12,155,78.4256569380976
13,155,110.880625521646
14,155,99.7544026426333
15,155,125.135238214808
16,155,108.711104542834
17,155,75.050730583044
18,155,77.9935765771711
1,156,99.6698515963232
2,156,113.332575895943
3,156,65.974624693746
4,156,122.471970591851
5,156,82.0167234959684
6,156,127.025163372093
7,156,84.1290909006146
8,156,123.098627710353
9,156,113.562693833723
10,156,130.445033545725
11,156,111.133646017316
12,156,116.635735642456
13,156,106.662309740093
14,156,91.394379612524
15,156,121.230672524379
16,156,85.2700916347432
17,156,108.895998639689
18,156,88.8084460649708
1,157,113.005490458242
2,157,82.3503346766942
3,157,76.929334918251
4,157,99.1755900555636
5,157,91.1897473444966
6,157,113.143606510624
7,157,94.8740928032161
8,157,99.0206779643929
9,157,89.4290871064898
10,157,67.4688673276662
11,157,87.6754262793415
12,157,91.9156056557189
13,157,128.472745756362
14,157,86.2153840574556
15,157,150.250229702333
16,157,153.687602090445
17,157,99.8502109905372
18,157,109.203807934066
1,158,105.856045295866
2,158,107.347586463304
3,158,114.441134441224
4,158,102.196193637456
5,158,130.193442832726
6,158,130.481355672832
7,158,108.949375553975
8,158,90.6809348054579
9,158,94.5965779368941
10,158,103.431811631974
11,158,108.535653967324
12,158,121.016691050915
13,158,76.567376728195
14,158,105.6452423225
15,158,91.0841086240365
16,158,109.983704148543
17,158,90.9851168100085
18,158,127.222925120609
1,159,73.6598057146572
2,159,82.5977417686119
3,159,66.2974462202228
4,159,139.671045365848
5,159,97.3906390376808
6,159,95.3565181701131
7,159,118.635749823835
8,159,101.479810495221
9,159,105.592320061482
10,159,142.034586657949
11,159,88.763862218765
12,159,82.3715323765543
13,159,72.389309094115
14,159,83.0342633575349
15,159,71.5066623331399
16,159,67.2829163145787
17,159,112.702254299455
18,159,120.690381818272
1,160,112.240865229075
2,160,96.2141342501777
3,160,105.924741770412
4,160,120.275335302359
5,160,113.613189325009
6,160,134.447296000643
7,160,105.36896435382
8,160,93.608335752194
9,160,107.473292146458
10,160,113.19034887957
11,160,140.091877276712
12,160,106.570187882167
13,160,128.343678709095
14,160,97.8099134034294
15,160,78.09127140254
16,160,99.3214304547804
17,160,100.551724612411
18,160,87.5118751347128
1,161,89.9527711033535
2,161,114.362883876765
3,161,129.777392478576
4,161,99.5454422176058
5,161,112.442070102324
6,161,81.8364042863995
7,161,104.664642391245
8,161,76.6996715905218
9,161,68.8961976316179
10,161,70.1571834730228
11,161,112.667754996125
12,161,82.2659319197428
13,161,91.7711180637268
14,161,102.770313708545
15,161,115.754157204115
16,161,129.943254908162
17,161,99.891784996642
18,161,134.310826313175
1,162,86.5426753415082
2,162,110.010242837109
3,162,91.9723742610099
4,162,131.284524184194
5,162,135.470680818979
6,162,132.644493859098
7,162,121.744865410327
8,162,138.790520071655
9,162,157.85320887875
10,162,129.998252297286
11,162,105.644889503848
12,162,116.212011953766
13,162,120.166673538223
14,162,92.4780031435839
15,162,107.04196333738
16,162,89.7176730634562
17,162,98.3175464476123
18,162,125.265418452859
1,163,126.422177303861
2,163,111.004614780363
3,163,140.617974137435
4,163,101.248766728794
5,163,128.552739908977
6,163,106.494271777125
7,163,84.4177655043162
8,163,143.560580934214
9,163,115.726630939786
10,163,112.575383729646
11,163,102.717363074985
12,163,95.8029304331579
13,163,88.0217800167839
14,163,131.415789857084
15,163,111.812716210881
16,163,105.128964247099
17,163,114.069859205384
18,163,123.45737392816
1,164,81.3906812002126
2,164,109.332432999497
3,164,85.4248328672214
4,164,128.984529372614
5,164,81.3797480022575
6,164,101.663486324598
7,164,90.5020633277333
8,164,75.6810959831536
9,164,124.785975317975
10,164,100.015464533015
11,164,96.6962905037883
12,164,103.513125053466
13,164,120.915637407901
14,164,114.279209721303
15,164,57.6379066542798
16,164,97.6664101683294
17,164,116.957099116231
18,164,74.3176897949354
1,165,97.0619499457951
2,165,152.548672802342
3,165,65.1864638136607
4,165,112.95784616316
5,165,82.6109800270332
6,165,132.245533432941
7,165,63.3824616554084
8,165,114.82683006056
9,165,117.524647210208
10,165,81.2213344105069
11,165,104.903689815634
12,165,110.455872274729
13,165,71.7144017103868
14,165,106.305162271345
15,165,95.1170736636373
16,165,135.446280452379
17,165,145.549620666613
18,165,138.258576459609
1,166,77.9577841666129
2,166,104.154515426186
3,166,78.5752088343593
4,166,113.451679508202
5,166,104.118427814428
6,166,99.7033973307513
7,166,92.0544638400489
8,166,95.2138830129535
9,166,94.2308319623965
10,166,109.852286158306
11,166,82.7691625163861
12,166,116.401111145217
13,166,120.355527995652
14,166,114.889361387046
15,166,65.6428705153761
16,166,108.666165607216
17,166,90.1792959462681
18,166,61.0495525121199
1,167,68.1613023980363
2,167,80.1996408622282
3,167,64.4243335961566
4,167,108.729079798175
5,167,70.3044115919456
6,167,80.3882619401545
7,167,137.054005562716
8,167,63.7673778908323
9,167,128.106107317839
10,167,87.901507224217
11,167,95.8167794362714
12,167,76.3491794548911
13,167,131.474002751849
14,167,114.727856194683
15,167,87.6010228314303
16,167,119.270703154366
17,167,86.821008232356
18,167,112.233184013766
1,168,91.9542586905952
2,168,114.529256928863
3,168,74.435702519441
4,168,104.579035601653
5,168,89.7608638347768
6,168,143.153374832526
7,168,135.985257516089
8,168,126.113114870512
9,168,121.899480298675
10,168,82.7016196091807
11,168,77.0408209019289
12,168,102.238260815072
13,168,68.6253985016889
14,168,95.7947477531029
15,168,92.3564106804936
16,168,119.872330934684
17,168,151.075634350947
18,168,93.1374880839249
1,169,109.353991742946
2,169,72.1355190307107
3,169,125.174243201197
4,169,126.352028960989
5,169,102.887374373324
6,169,113.757014808544
7,169,90.4934931577309
8,169,137.488919829126
9,169,102.114926355037
10,169,94.0223758467473
11,169,121.605327234258
12,169,117.43307962011
13,169,135.737288675942
14,169,83.4312452989727
15,169,83.2123106612175
16,169,110.581219557261
17,169,130.231583465082
18,169,81.4089201116176
1,170,85.6749482470252
2,170,97.7125669887191
3,170,97.731088366192
4,170,131.603067816603
5,170,120.777268526106
6,170,79.8273274875123
7,170,78.3711538285111
8,170,139.557395296503
9,170,107.542081187537
10,170,69.7847406209364
11,170,66.5098075260061
12,170,72.5403227959685
13,170,111.33041869059
14,170,97.3497997983092
15,170,94.2126080375315
16,170,105.83524380029
17,170,63.9700767077395
18,170,116.201018425141
1,171,98.0355445688781
2,171,117.29151378673
3,171,106.633477001798
4,171,91.1697039260276
5,171,95.8880265762188
6,171,135.634585497073
7,171,105.829381727958
8,171,105.072410835697
9,171,87.2264679226622
10,171,90.6418627073545
11,171,81.2470711641837
12,171,128.186345343468
13,171,106.662322137934
14,171,89.1346987776218
15,171,83.1866248039964
16,171,66.7432472864292
17,171,84.222625196796
18,171,87.819383738792
1,172,140.48037117878
2,172,76.9007487105702
3,172,102.575129940614
4,172,118.832822185405
5,172,125.757051184254
6,172,85.461187251435
7,172,98.367618531948
8,172,98.0708572177845
9,172,75.7585158859265
10,172,129.476343747643
11,172,96.8744901630977
12,172,70.3869901470418
13,172,120.176213375974
14,172,125.839434926496
15,172,121.809020811955
16,172,110.688471736725
17,172,127.187344523368
18,172,130.398858751465
1,173,99.7702677177496
2,173,95.7139298349079
3,173,94.477650402368
4,173,73.6404840266264
5,173,113.124984334097
6,173,97.6712338754925
7,173,121.365171646218
8,173,93.8990397672656
9,173,138.462414450416
10,173,117.863143705496
11,173,106.428994342179
12,173,142.891669731837
13,173,112.173959654198
14,173,95.2298117319055
15,173,85.7781947288093
16,173,81.0859453131953
17,173,60.4245660230059
18,173,141.033440484319
1,174,79.6237000232517
2,174,97.355708693162
3,174,91.9555989852761
4,174,126.656109498269
5,174,104.018354727572
6,174,76.8931217622219
7,174,115.522621137257
8,174,112.514340702496
9,174,79.6752841696309
10,174,111.113183836747
11,174,100.808179746348
12,174,119.989600925446
13,174,92.5731112321195
14,174,105.235235329594
15,174,113.23898266173
16,174,87.5462265414988
17,174,136.43356929502
18,174,116.244312375392
1,175,139.66074357056
2,175,105.247547453038
3,175,77.0399282153512
4,175,118.492580128464
5,175,94.1757006624999
6,175,70.6114241782106
7,175,110.21222630877
8,175,100.686773464303
9,175,83.8404242248826
10,175,81.8546476864673
11,175,87.6594987936057
12,175,74.5317807479708
13,175,127.108385168552
14,175,97.4579141745968
15,175,118.716147819408
16,175,73.9166783180603
17,175,105.070868503267
18,175,117.408676214502
1,176,110.487286963039
2,176,77.4638393287014
3,176,127.656211002773
4,176,136.371012741769
5,176,129.27704038354
6,176,100.771203638473
7,176,96.6719115309646
8,176,96.1902302888085
9,176,89.5618929999831
10,176,120.437192887482
11,176,109.116826349678
12,176,106.137546766604
13,176,115.46646934077
14,176,96.4670070012371
15,176,129.490151676949
16,176,74.5429038491678
17,176,94.3849493768284
18,176,126.104491495949
1,177,141.363356623021
2,177,116.672869899983
3,177,68.3248507308715
4,177,76.4199363377082
5,177,84.0009017047848
6,177,139.429037900598
7,177,82.5008949290651
8,177,88.2779872520305
9,177,69.2748660847218
10,177,119.74126764105
11,177,110.212119062831
12,177,116.275303391751
13,177,136.207494156942
14,177,88.8250077684597
15,177,100.913126925856
16,177,64.5666539410625
17,177,88.9117057795494
18,177,110.118646495839
1,178,73.7458883226386
2,178,113.565426553629
3,178,84.9731355774405
4,178,87.0738789501803
5,178,104.567014142335
6,178,116.834054681388
7,178,82.660397401212
8,178,95.5385076378482
9,178,121.874704850353
10,178,96.614311323551
11,178,129.088352568486
12,178,117.344708341013
13,178,145.551116210063
14,178,90.5615295976615
15,178,101.521528377087
16,178,113.195251503808
17,178,114.378309177536
18,178,112.752162688348
1,179,109.318604501194
2,179,87.0921018053617
3,179,89.8456722624241
4,179,83.1281637886848
5,179,67.1077581538617
6,179,128.060030975431
7,179,70.8601955261602
8,179,102.880796521064
9,179,95.4164833767748
10,179,70.228702347021
11,179,78.2348441315908
12,179,93.840101563128
13,179,94.2287376390681
14,179,119.902942419846
15,179,106.843659359749
16,179,107.287616447381
17,179,114.52698108671
18,179,110.253807849612
1,180,98.5405157684863
2,180,117.795335868856
3,180,136.693897577949
4,180,92.2082173668031
5,180,109.995013712388
6,180,114.002221350565
7,180,116.204494827692
8,180,136.858416199078
9,180,84.3254611078808
10,180,78.8646239075019
11,180,83.0582621848755
12,180,130.789897741141
13,180,110.067158937444
14,180,138.822027310388
15,180,96.0102757777489
16,180,139.265218871788
17,180,109.852217104016
18,180,117.930460293222
1,181,106.8196686536
2,181,137.822515569309
3,181,133.44933522938
4,181,65.5891066781932
5,181,74.8525541038644
6,181,85.7819732446242
7,181,65.5666474047459
8,181,106.260830756063
9,181,109.164101331185
10,181,89.5400382357524
11,181,110.118981976137
12,181,130.321885314217
13,181,118.233554367192
14,181,109.929684506455
15,181,136.332805895315
16,181,126.431690335942
17,181,91.4004278658842
18,181,125.906581163716
1,182,122.371467828381
2,182,99.1605069977117
3,182,115.518186173058
4,182,123.616299933628
5,182,125.48380426642
6,182,146.741298686277
7,182,105.446978866066
8,182,121.577747858864
9,182,101.555656942172
10,182,99.7926691523855
11,182,74.37471225589
12,182,108.797129140422
13,182,65.5800676072139
14,182,103.94739409276
15,182,70.6455289241692
16,182,114.581654160603
17,182,102.715894988078
18,182,111.759749886692
1,183,94.2853516642788
2,183,92.8775632397719
3,183,105.065443948664
4,183,89.2700527351827
5,183,134.797109545597
6,183,125.405654899229
7,183,73.1101839549069
8,183,123.067921833889
9,183,99.3717200670878
10,183,91.6003565055115
11,183,78.6627374930968
12,183,102.661241394656
13,183,67.7639218610382
14,183,101.086446745148
15,183,122.585234959789
16,183,81.1774335307118
17,183,107.220670468165
18,183,84.1855832264019
1,184,144.491039786845
2,184,96.4730298096629
3,184,105.938977169787
4,184,74.5868026769347
5,184,127.361701249554
6,184,144.431250173576
7,184,145.935764104697
8,184,117.898550859802
9,184,91.3393354683114
10,184,80.2014125457931
11,184,113.220871437267
12,184,113.039769014062
13,184,100.281191587011
14,184,131.319528144461
15,184,81.8055939213027
16,184,88.2881374597567
17,184,115.583955455875
18,184,82.7357704559349
1,185,132.781315610233
2,185,122.34300262849
3,185,68.7252670584128
4,185,82.3458541112631
5,185,108.826995574778
6,185,86.3714713216018
7,185,74.3557373154772
8,185,67.8158964059042
9,185,138.568201410371
10,185,82.3311894386942
11,185,116.713383777271
12,185,78.1457194200158
13,185,96.2872448150763
14,185,118.488727304425
15,185,99.9226492427112
16,185,139.659253248006
17,185,109.441459116867
18,185,113.608148875566
1,186,102.166440100303
2,186,91.2631300075269
3,186,102.945800241107
4,186,133.649018764753
5,186,138.495854318981
6,186,103.853578231646
7,186,107.482541986525
8,186,94.414159902687
9,186,102.411049142975
10,186,107.67327422964
11,186,87.6938476647479
12,186,109.582412446486
13,186,71.7140908515471
14,186,90.6554471286904
15,186,91.5054168099412
16,186,154.205354827247
17,186,112.676774484987
18,186,93.4756416882048
1,187,76.2057036336544
2,187,89.8553928889796
3,187,82.3601877940478
4,187,118.244743662436
5,187,96.6460388075105
6,187,111.692405263528
7,187,81.9067185209071
8,187,89.7369711728493
9,187,103.111017965104
10,187,88.7636140260935
11,187,128.240523219542
12,187,127.640203318173
13,187,71.3656937476818
14,187,128.080590700903
15,187,86.3686418715429
16,187,127.533297414011
17,187,106.973211155648
18,187,133.411696298962
1,188,104.506789991502
2,188,114.266786244886
3,188,87.5788552609164
4,188,96.5791849108474
5,188,104.975730080167
6,188,90.8216341561182
7,188,137.753740270723
8,188,104.111623007986
9,188,127.839041283881
10,188,103.979401641275
11,188,131.974400300883
12,188,90.1168520994664
13,188,81.6500916518101
14,188,99.520611760306
15,188,94.9094381475696
16,188,101.38584230773
17,188,94.6834614683119
18,188,103.670069010705
1,189,129.0853448854
2,189,99.9919434845245
3,189,103.238365072415
4,189,76.0929353056346
5,189,126.341855125006
6,189,124.491946846178
7,189,68.231360363848
8,189,96.133298547282
9,189,83.4395607855969
10,189,117.946408619121
11,189,103.817671664841
12,189,103.453693793026
13,189,97.5631389724126
14,189,96.3035296063036
15,189,88.6025562040989
16,189,83.4902487913993
17,189,149.521320039698
18,189,102.110623831587
1,190,81.6470362023086
2,190,93.4345289796569
3,190,123.177547493987
4,190,99.419817999971
5,190,118.705911810166
6,190,91.4032580834619
7,190,123.529508678323
8,190,96.0934803411114
9,190,117.43003776983
10,190,85.1022543834442
11,190,91.0700402892289
12,190,117.369641894398
13,190,82.615241867106
14,190,87.987974590417
15,190,104.401797548819
16,190,72.021293893488
17,190,127.246384468267
18,190,100.179254467998
1,191,145.480025540763
2,191,107.665421799189
3,191,101.845554406702
4,191,128.578359127219
5,191,106.911542608651
6,191,109.117268096395
7,191,86.3650464673351
8,191,98.1712084150172
9,191,91.4924788929501
10,191,101.078107881525
11,191,113.730153950892
12,191,139.693082349559
13,191,97.578915332843
14,191,120.303533516359
15,191,85.6175086583075
16,191,68.6293148302003
17,191,132.947092036264
18,191,67.9210980352012
1,192,150.457840544043
2,192,74.3720440736724
3,192,93.7904483033749
4,192,146.962905872327
5,192,101.886363658084
6,192,91.6209187217635
7,192,84.6602993727032
8,192,94.345789379414
9,192,135.129560628797
10,192,109.473490103416
11,192,72.9560785062017
12,192,137.884220050522
13,192,91.729773082262
14,192,99.2571246632944
15,192,72.0160332940758
16,192,103.658293517758
17,192,115.486114770056
18,192,95.5655700501632
1,193,98.4061537360188
2,193,98.5283959682111
3,193,81.9367553948978
4,193,93.9613986299951
5,193,93.8314503793318
6,193,148.214250621971
7,193,77.6046800620884
8,193,118.081662515929
9,193,102.722116994431
10,193,95.2073605365061
11,193,112.951527893812
12,193,134.642649165657
13,193,121.856855651085
14,193,136.044119598601
15,193,85.6928852889284
16,193,106.505736209626
17,193,118.290745296118
18,193,96.2178100196489
1,194,103.040523406117
2,194,106.494181953362
3,194,93.506865268085
4,194,79.9659597356271
5,194,122.365994096551
6,194,135.926859239137
7,194,147.699817508761
8,194,136.576449726795
9,194,114.536881902133
10,194,105.740345113902
11,194,114.266755805107
12,194,93.9094669514786
13,194,111.157226680252
14,194,86.9154005391419
15,194,81.7415826476562
16,194,112.823435676023
17,194,106.181177658786
18,194,78.9818151268155
1,195,76.631043195245
2,195,89.8838176398621
3,195,125.182543528654
4,195,134.545552775722
5,195,140.143600139991
6,195,77.9552820086272
7,195,93.2890332939576
8,195,108.511349946051
9,195,106.093297154309
10,195,116.618219941922
11,195,116.325885803375
12,195,91.8358965495955
13,195,88.1702132575828
14,195,82.1083641196532
15,195,89.5729944660239
16,195,82.4286520874716
17,195,88.9078028524169
18,195,98.1517281603815
1,196,120.294076730385
2,196,115.244069620735
3,196,92.2317296356302
4,196,109.956394268512
5,196,94.8084718496063
6,196,61.12232722159
7,196,105.020034602493
8,196,133.797356338573
9,196,149.934558342739
10,196,102.502724908788
11,196,112.820463618405
12,196,80.9340902068627
13,196,102.496195231231
14,196,122.468805998089
15,196,131.565279170205
16,196,148.854110458467
17,196,134.950564818395
18,196,126.465573025238
1,197,101.505322317954
2,197,91.2443969746397
3,197,119.18343975041
4,197,91.8651565368989
5,197,111.274992805876
6,197,143.141102446678
7,197,94.9661032929799
8,197,112.391125888773
9,197,109.393287807281
10,197,102.045839151849
11,197,119.601244264541
12,197,75.8415767977911
13,197,103.559383415983
14,197,157.357806864851
15,197,105.886583053238
16,197,119.229479809617
17,197,96.1544077833878
18,197,137.840437989254
1,198,86.8244193095239
2,198,130.567756958887
3,198,130.385778258205
4,198,132.676240585716
5,198,86.9524072820755
6,198,99.287851114362
7,198,96.8918455739936
8,198,105.311203065847
9,198,138.248744078206
10,198,78.7776361518709
11,198,121.528815805125
12,198,91.0538356815784
13,198,130.24466253007
14,198,80.979513543974
15,198,111.854070172976
16,198,89.3871014693635
17,198,148.201209059508
18,198,147.136939666414
1,199,91.2603544358303
2,199,91.6003633936438
3,199,95.6389034652832
4,199,113.771526508741
5,199,108.925900599181
6,199,120.090026325343
7,199,113.974381018898
8,199,150.120072434617
9,199,117.873459052029
10,199,149.414565630399
11,199,80.44271041942
12,199,105.337518143082
13,199,93.171857304468
14,199,122.950537256106
15,199,131.972549267392
16,199,114.070199253497
17,199,128.548574774294
18,199,115.080775360823
1,200,107.77479106845
2,200,102.418215022731
3,200,95.5921107747836
4,200,61.8185955759089
5,200,140.310215673316
6,200,98.1503050718841
7,200,108.177957636427
8,200,98.8370994696311
9,200,124.773062885635
10,200,119.87559360341
11,200,72.0825605576097
12,200,94.0731153650495
13,200,124.815935556783
14,200,62.629260738738
15,200,115.731740388768
16,200,89.1635082633589
17,200,85.7627135805509
18,200,106.811889623978
1,201,139.30681390284
2,201,90.94022900712
3,201,87.8791620654563
4,201,106.00159405793
5,201,150.254354360491
6,201,131.71968981881
7,201,97.6183135823393
8,201,69.1731590743032
9,201,105.665137661595
10,201,129.494507719568
11,201,103.419057939192
12,201,98.0147469084107
13,201,88.61662504544
14,201,102.817998600178
15,201,119.299438294724
16,201,124.14116155917
17,201,98.1203797251387
18,201,110.725852012619
1,202,75.5486004350554
2,202,122.758233594157
3,202,142.996450516193
4,202,93.8855908663818
5,202,113.975465833157
6,202,80.665070382035
7,202,102.398981940631
8,202,97.5186477144189
9,202,101.551309137328
10,202,82.2731658647909
11,202,111.2364986946
12,202,67.5386426332718
13,202,137.74907326525
14,202,116.494579899992
15,202,112.689801326938
16,202,109.550647150907
17,202,111.69827289356
18,202,95.3602918231941
1,203,129.448453032805
2,203,94.816730054922
3,203,80.3947775406589
4,203,144.390047629786
5,203,68.3164381930848
6,203,105.940201246669
7,203,91.9502919657485
8,203,104.719734575609
9,203,99.0770375706171
10,203,104.171983262568
11,203,91.7219593095818
12,203,135.63958777029
13,203,124.791076562586
14,203,103.372047293902
15,203,84.2726096000342
16,203,98.7108299307749
17,203,97.5059837528342
18,203,77.5957018687582
1,204,92.2245196460673
2,204,134.269479895125
3,204,113.05501638799
4,204,121.237620968136
5,204,98.7236361371039
6,204,82.0930787064002
7,204,76.9906798351112
8,204,81.1726756924313
9,204,122.686993954007
10,204,100.299259704114
11,204,111.168947393897
12,204,112.48294651219
13,204,129.74628585499
14,204,84.773216536663
15,204,72.427468024469
16,204,124.4186748363
17,204,99.4494775943134
18,204,102.710683173785
1,205,115.074528391665
2,205,90.2848817680438
3,205,138.33297592828
4,205,102.460047753721
5,205,82.5117546985052
6,205,140.341884788589
7,205,120.596854590637
8,205,142.202083929727
9,205,107.247706925251
10,205,116.003221888911
11,205,117.323174076703
12,205,147.959693430136
13,205,135.981714134837
14,205,135.647972995369
15,205,100.277090820658
16,205,91.9074956420929
17,205,86.2109236483766
18,205,103.028238786546
1,206,125.577313482199
2,206,105.667977285573
3,206,126.209676741628
4,206,70.7096019456892
5,206,93.6467794147958
6,206,79.0442723487801
7,206,91.0798697985061
8,206,77.4402862981066
9,206,133.881654242884
10,206,126.118665758992
11,206,85.4870784204734
12,206,83.9183054786509
13,206,130.26580967066
14,206,122.300823797011
15,206,105.887891568379
16,206,138.602847856033
17,206,111.808944631141
18,206,131.462927991506
1,207,81.6623162796338
2,207,142.994554584142
3,207,97.7031702051801
4,207,83.8923961945537
5,207,90.1235554791566
6,207,93.5233293250084
7,207,112.89197005671
8,207,111.004126446857
9,207,70.0990382781784
10,207,74.5413890485259
11,207,95.2461386239442
12,207,111.19351194048
13,207,83.8260427091618
14,207,152.117102077519
15,207,91.6114611340769
16,207,134.781232236202
17,207,88.2858499378733
18,207,86.726039240951
1,208,134.91829606046
2,208,98.742227658058
3,208,117.224931121549
4,208,139.51873421212
5,208,81.5408771911652
6,208,117.458207584779
7,208,128.719321167051
8,208,104.876782018096
9,208,101.77844263001
10,208,105.274505996653
11,208,102.948718478148
12,208,109.054138973136
13,208,103.573508745463
14,208,144.88713130057
15,208,84.5182182181293
16,208,137.727415592229
17,208,102.280885390729
18,208,78.8400862962956
1,209,109.387010737536
2,209,116.619094038802
3,209,91.2930028994708
4,209,89.3241423333033
5,209,148.077240131643
6,209,136.800501410064
7,209,84.5648005056684
8,209,127.013984415751
9,209,69.8708234125232
10,209,115.182847082916
11,209,109.183105118018
12,209,119.691621163988
13,209,88.6467109109642
14,209,120.199356258397
15,209,108.845116579882
16,209,90.6960597806819
17,209,123.431576869901
18,209,99.7466321777549
1,210,138.510715678441
2,210,93.0132591813326
3,210,131.846475707032
4,210,109.026987128255
5,210,80.9907220475182
6,210,116.599736323466
7,210,145.795136107429
8,210,72.164922461523
9,210,80.1699226045604
10,210,133.95374628347
11,210,108.234507186178
12,210,118.080866325961
13,210,126.450137798158
14,210,97.7536135375535
15,210,135.01943239518
16,210,81.9631255394478
17,210,97.6071497652913
18,210,107.618116005133
1,211,126.685848319879
2,211,130.938811692116
3,211,111.339723545271
4,211,92.7060117500217
5,211,65.940179265565
6,211,58.2345441703281
7,211,121.487586932757
8,211,102.526824106981
9,211,99.4307906011065
10,211,81.5051256094613
11,211,103.097056727229
12,211,80.4641326768269
13,211,106.783540818245
14,211,100.177681265955
15,211,79.8251622287814
16,211,87.6530022977055
17,211,71.5903211770525
18,211,114.108161953628
1,212,94.7481470200082
2,212,99.80449421611
3,212,100.697943876484
4,212,88.8564968803109
5,212,101.568163311948
6,212,97.4677067725867
7,212,89.1788820417192
8,212,103.131544123318
9,212,122.323813642757
10,212,103.072046236969
11,212,135.848728971228
12,212,88.9456462923153
13,212,85.8126357386652
14,212,79.270302399908
15,212,124.35274476356
16,212,128.275362972183
17,212,101.899171108525
18,212,87.2591649517111
1,213,93.6841752039258
2,213,86.612719192604
3,213,91.8385337157423
4,213,91.7288082251894
5,213,137.6880315591
6,213,85.0972049443804
7,213,90.347035490431
8,213,101.257509266728
9,213,80.7868136451324
10,213,134.306339129281
11,213,121.607682188144
12,213,103.943710883861
13,213,125.460487123838
14,213,84.3086741466286
15,213,79.156893102392
16,213,135.083960467269
17,213,130.954882876875
18,213,92.1697925528213
1,214,97.0354312939033
2,214,101.216425456116
3,214,82.9855437306682
4,214,95.646987119682
5,214,88.8314378847611
6,214,121.439412809939
7,214,120.872446445701
8,214,134.238042021286
9,214,99.9572112851689
10,214,87.2085005824791
11,214,79.752825617385
12,214,93.3078240102483
13,214,87.9446699981391
14,214,99.9520391098746
15,214,120.391793843622
16,214,75.0609494527482
17,214,79.5037996428987
18,214,131.533079412094
1,215,85.1950153560905
2,215,107.708439791514
3,215,106.561434480079
4,215,117.917086949584
5,215,101.243814290725
6,215,120.988235510279
7,215,119.243051881151
8,215,89.7805636230073
9,215,143.269549892322
10,215,114.59696434768
11,215,116.108262180518
12,215,109.945271192713
13,215,114.435228901934
14,215,88.3854681690986
15,215,102.49484231766
16,215,138.352726424882
17,215,155.385161293043
18,215,76.775620205655
1,216,106.339583838359
2,216,123.830002304278
3,216,105.821895657882
4,216,104.354376669967
5,216,120.382777588809
6,216,68.9122024577443
7,216,74.4658433025253
8,216,70.4444212907368
9,216,125.907217713916
10,216,148.205347157786
11,216,104.853974017005
12,216,84.2315769557173
13,216,83.0787241781744
14,216,70.2523210242498
15,216,75.9531463765202
16,216,80.8356806192058
17,216,96.1912939562267
18,216,97.1359554609338
1,217,125.019500361983
2,217,113.316246395243
3,217,148.780470078363
4,217,97.4710456418752
5,217,77.3115002331049
6,217,139.79583530939
7,217,78.600089991545
8,217,121.248984365981
9,217,97.8744151033494
10,217,112.462918473295
11,217,129.752894366754
12,217,77.7712985774289
13,217,128.99657647757
14,217,118.415993541109
15,217,85.6096663218041
16,217,99.6457014072057
17,217,84.7608318496186
18,217,86.0668056490359
1,218,114.59337687611
2,218,137.495369248507
3,218,109.069663387583
4,218,90.4148823135067
5,218,130.696685047776
6,218,98.8841524190154
7,218,99.0860842972605
8,218,124.787568647445
9,218,89.7915609462658
10,218,110.064205713388
11,218,138.888034025296
12,218,77.9363582067138
13,218,114.42102156728
14,218,115.617972366666
15,218,81.6093351876607
16,218,128.318421348964
17,218,110.984233949607
18,218,90.9755235559546
1,219,95.3936930012105
2,219,120.6165681315
3,219,110.847108458506
4,219,88.749761409471
5,219,78.4874669801329
6,219,79.5947993600261
7,219,86.2693820681533
8,219,117.127377413994
9,219,109.773676234714
10,219,125.044034873055
11,219,79.5864624463181
12,219,115.87029487731
13,219,109.606429086248
14,219,84.8233987792809
15,219,116.464447071678
16,219,94.8926623597132
17,219,115.404613369063
18,219,73.5054898302957
1,220,123.859605769237
2,220,74.901806714234
3,220,81.3422462340544
4,220,67.972363498114
5,220,92.04719772408
6,220,110.422045025439
7,220,83.3804509820482
8,220,65.1054118729841
9,220,117.46701719088
10,220,112.75035790901
11,220,114.508561141316
12,220,77.5505993866246
13,220,128.992890932478
14,220,122.649170130716
15,220,136.35223489439
16,220,105.318302922848
17,220,133.504263969066
18,220,99.7471619004116
1,221,105.14352846077
2,221,125.696275650998
3,221,116.249657208678
4,221,113.699772052837
5,221,84.1481789323386
6,221,102.598289207146
7,221,116.161279224249
8,221,107.577596046311
9,221,93.1116589567579
10,221,107.11552228167
11,221,110.187261141029
12,221,107.811193024152
13,221,129.566778270756
14,221,58.8489937090768
15,221,80.2362546805248
16,221,111.118819748451
17,221,119.529479467651
18,221,104.792303525135
1,222,90.8288946876531
2,222,120.30101346694
3,222,121.808394268163
4,222,107.652457785592
5,222,72.9163460324765
6,222,104.428989608966
7,222,106.166852448195
8,222,71.095543979351
9,222,100.783805655878
10,222,64.8882360078386
11,222,94.6128169790983
12,222,75.9302918420931
13,222,125.809407851953
14,222,116.555212428013
15,222,69.0641552180569
16,222,96.0644654652411
17,222,129.769868384578
18,222,120.843373376005
1,223,126.771482537491
2,223,117.669310518764
3,223,109.473062603728
4,223,134.012080412649
5,223,139.209578656228
6,223,111.151443694446
7,223,80.9401136677515
8,223,132.899077478198
9,223,96.2998447341388
10,223,93.0606057563696
11,223,72.4696193925035
12,223,109.773198669004
13,223,88.530714672938
14,223,118.253364625299
15,223,108.205491165122
16,223,108.642401721004
17,223,90.8390654984139
18,223,81.7853404187533
1,224,83.0058692246295
2,224,120.647348000524
3,224,73.8698813909172
4,224,96.8073112325568
5,224,94.0720426015223
6,224,148.280671711737
7,224,95.4269565934619
8,224,95.9265990014519
9,224,149.14409365025
10,224,101.477250000584
11,224,77.78421071589
12,224,87.9335061091225
13,224,98.7545652872206
14,224,145.126865200588
15,224,139.962931520287
16,224,133.916505425681
17,224,119.25499697856
18,224,120.561124361849
1,225,130.977550359316
2,225,132.812668472308
3,225,132.518389645892
4,225,77.3787793798693
5,225,101.32961578976
6,225,65.7219648671568
7,225,101.521801493797
8,225,105.320101249949
9,225,109.050386122615
10,225,70.9082424385904
11,225,103.440918191971
12,225,110.814470222667
13,225,77.3420941541246
14,225,121.058177337855
15,225,100.637679245144
16,225,93.3926000760956
17,225,103.096946990489
18,225,98.4090990968268
1,226,113.018702956397
2,226,95.4505802104921
3,226,146.21008840084
4,226,97.8498884585236
5,226,140.489365889467
6,226,106.447403025922
7,226,84.3154944846053
8,226,87.5745792232795
9,226,129.7396997085
10,226,105.584168439965
11,226,119.752481660963
12,226,86.609414943461
13,226,85.5634555641257
14,226,104.463340844835
15,226,73.1213593863263
16,226,86.5827243380559
17,226,99.9119834645409
18,226,98.1899029117862
1,227,128.811814184654
2,227,106.762445890211
3,227,115.46509171398
4,227,108.985042828646
5,227,67.0382736663042
6,227,105.414916465883
7,227,116.343453868225
8,227,76.149255136505
9,227,97.6240907167304
10,227,151.867863979062
11,227,75.506441401977
12,227,100.7710364852
13,227,118.189451942988
14,227,124.148168503127
15,227,119.938597530939
16,227,111.516767548262
17,227,65.8835195017703
18,227,97.904293473414
1,228,102.576302232204
2,228,90.4773504016365
3,228,99.0066885703339
4,228,130.623901821465
5,228,100.9653394908
6,228,120.706028107393
7,228,128.325677925824
8,228,109.665046660204
9,228,140.280101620349
10,228,95.4015326383613
11,228,68.015122974684
12,228,145.850785708772
13,228,115.666203948442
14,228,143.969446985547
15,228,109.67738146594
16,228,78.7207167469913
17,228,94.1295886472715
18,228,112.914564991583
1,229,98.113996209017
2,229,146.654801908784
3,229,107.773618754539
4,229,104.240502540457
5,229,126.69775524976
6,229,92.0382758621538
7,229,113.498715537113
8,229,81.4780744050796
9,229,154.457623826918
10,229,142.656492977143
11,229,112.637758126981
12,229,112.845825148589
13,229,76.4008728143981
14,229,116.755434718689
15,229,99.174960297149
16,229,90.6945046822829
17,229,108.011178959629
18,229,62.6091122721955
1,230,125.000223107165
2,230,106.362307509142
3,230,139.525873557351
4,230,93.5265187299103
5,230,86.8983458130252
6,230,87.3323168586394
7,230,136.034279067876
8,230,100.163666220851
9,230,83.098415062303
10,230,88.1561789869475
11,230,96.0233723980864
12,230,111.474057468006
13,230,92.5942945718085
14,230,73.4418389701776
15,230,80.2527266109201
16,230,67.0875249468717
17,230,89.259752529689
18,230,111.79916849784
1,231,97.1575204830375
2,231,117.442721901024
3,231,92.7006445243547
4,231,95.3322728827917
5,231,101.527545420679
6,231,105.102183490135
7,231,88.7127847385672
8,231,123.376092512504
9,231,100.220040579852
10,231,86.5912190147634
11,231,86.4387268025473
12,231,105.166409729066
13,231,92.556090471315
14,231,117.658127439124
15,231,120.265681935984
16,231,130.566795297983
17,231,116.595551888753
18,231,108.809499192301
1,232,90.4531586792014
2,232,111.984101215053
3,232,89.6097789877714
4,232,116.478612442729
5,232,84.8710942740067
6,232,85.6388773564953
7,232,68.125145555307
8,232,102.683628865391
9,232,124.427565913077
10,232,148.264981325936
11,232,96.5156158349629
12,232,96.1011731296642
13,232,102.361319605335
14,232,109.18106179397
15,232,102.183614099299
16,232,115.268513714464
17,232,97.6233230167791
18,232,107.450417584425
1,233,87.4544097450117
2,233,105.630134671017
3,233,70.0462161751699
4,233,90.6918998356118
5,233,120.565860388803
6,233,92.2325025085213
7,233,77.9268764652375
8,233,96.6057207482266
9,233,124.317331653693
10,233,127.705405279144
11,233,124.076262932102
12,233,117.775815858233
13,233,93.7265288891202
14,233,144.606291895767
15,233,79.6898878264659
16,233,107.509078138022
17,233,139.962534221693
18,233,109.875507204116
1,234,134.533722410741
2,234,107.089602340932
3,234,106.590399399021
4,234,136.523713721091
5,234,107.283164135961
6,234,81.5778665323577
7,234,101.405570966472
8,234,91.653918208025
9,234,77.7009328437318
10,234,129.891075680138
11,234,136.017792393891
12,234,82.7239072241764
13,234,137.555933712544
14,234,128.441070339212
15,234,116.01522207211
16,234,86.6727286054958
17,234,130.470500900862
18,234,93.2821255760205
1,235,151.774982249242
2,235,119.300758868116
3,235,119.601433956604
4,235,131.941729910096
5,235,89.2841853055481
6,235,95.6427102803376
7,235,66.3208785966242
8,235,139.450672931449
9,235,90.2972506623567
10,235,125.232269192884
11,235,92.1436427622583
12,235,91.1378441750498
13,235,88.200768482002
14,235,101.139477626982
15,235,101.720168724303
16,235,91.905947448622
17,235,102.401866709211
18,235,110.888355687308
1,236,86.2375035702993
2,236,80.7464766182909
3,236,128.212571938372
4,236,107.920570425286
5,236,107.176610683407
6,236,110.436332359728
7,236,92.2507370935763
8,236,99.0697676662105
9,236,106.382406116672
10,236,142.06292312175
11,236,81.0173153288652
12,236,66.914255630882
13,236,127.321328508531
14,236,110.504013718899
15,236,106.472427583555
16,236,91.0478192504344
17,236,119.716966092594
18,236,107.82203909591
1,237,116.980339089091
2,237,95.9930283820829
3,237,74.6856889397104
4,237,84.8462618830929
5,237,98.8747525050632
6,237,98.2608821959929
7,237,118.285242123175
8,237,96.9727606200103
9,237,149.167242525645
10,237,105.718278423599
11,237,110.562978573042
12,237,82.0109596616239
13,237,73.9696684112112
14,237,126.592878059585
15,237,112.259415722231
16,237,97.5434539093287
17,237,121.536964537507
18,237,92.1389644108068
1,238,117.976189743673
2,238,108.630657012142
3,238,66.1637773121619
4,238,98.3545766314713
5,238,104.763463742677
6,238,132.03228107103
7,238,112.300925345737
8,238,72.2350135433261
9,238,122.848783709885
10,238,94.4009139130585
11,238,138.027821737238
12,238,120.312890635351
13,238,121.506233840605
14,238,92.4537121254547
15,238,89.3819215728702
16,238,101.766025597127
17,238,62.6396380562415
18,238,65.4404719559624
1,239,121.273051180397
2,239,129.753175473022
3,239,89.5818386860879
4,239,90.4001420215706
5,239,145.790415858487
6,239,124.184968197148
7,239,90.5949237615094
8,239,110.808530622904
9,239,93.8211162069656
10,239,104.900089395172
11,239,103.92545102945
12,239,108.658376277859
13,239,113.310531102282
14,239,130.260161009468
15,239,125.098787570085
16,239,88.3476830629288
17,239,70.9377468797501
18,239,73.3550558496997
1,240,135.001499322112
2,240,85.1937897962185
3,240,98.281617409748
4,240,76.9369425176618
5,240,83.2691920899503
6,240,111.138997221801
7,240,94.3881347813633
8,240,96.4956221737951
9,240,101.38156483473
10,240,80.2911212248968
11,240,97.1169851262729
12,240,126.981117609446
13,240,109.194980875797
14,240,108.646782299543
15,240,112.666810718637
16,240,145.600876436874
17,240,100.825418776889
18,240,65.6567672967946
1,241,117.682569634681
2,241,104.44555833156
3,241,71.7324790149119
4,241,75.0552989287839
5,241,76.9614390130711
6,241,110.789229373633
7,241,114.867115977137
8,241,117.73035049665
9,241,90.1887288789486
10,241,147.316894468917
11,241,146.879647448379
12,241,157.06894546696
13,241,137.645873817866
14,241,122.992981282808
15,241,117.386004825338
16,241,137.141527695276
17,241,71.1862811645801
18,241,116.499387899172
1,242,121.460929034819
2,242,73.6924580862601
3,242,101.976067310148
4,242,129.529921934367
5,242,135.494976293772
6,242,108.39102242574
7,242,132.179629249399
8,242,99.4256812061976
9,242,88.2312052721315
10,242,115.676744560803
11,242,83.9623596081769
12,242,76.9397956375326
13,242,93.7554114421584
14,242,99.6930609740551
15,242,98.915827971881
16,242,153.484202107737
17,242,143.616611423462
18,242,102.427443676421
1,243,92.6250113946072
2,243,107.194659504028
3,243,103.555888545921
4,243,102.381506391925
5,243,107.641898088195
6,243,100.965730510326
7,243,83.7841875625753
8,243,74.8442965450178
9,243,76.9379169904615
10,243,152.790083409081
11,243,98.6688269953577
12,243,96.6835815375328
13,243,97.0257420287606
14,243,111.508808834739
15,243,112.584958719437
16,243,119.19960345787
17,243,121.992497620019
18,243,98.4741069045149
1,244,139.421839084476
2,244,112.532521906444
3,244,109.108239213652
4,244,77.9248308951494
5,244,110.972417213462
6,244,89.2857593182628
7,244,117.58250868924
8,244,138.887952040754
9,244,98.5853000872596
10,244,90.7508542586109
11,244,103.895106732371
12,244,96.0961087687195
13,244,131.216051286789
14,244,113.828434947591
15,244,80.0423197917649
16,244,96.8672560355719
17,244,97.1479011032679
18,244,111.150620546293
1,245,144.663708620274
2,245,103.79776484279
3,245,126.075515935579
4,245,69.4394733702819
5,245,79.8561141712634
6,245,142.14513892735
7,245,107.150288973145
8,245,84.0481477088112
9,245,108.039217051052
10,245,140.337200539652
11,245,93.9338058091972
12,245,84.6660268213631
13,245,85.8629469272839
14,245,95.1593182875317
15,245,97.8577344094313
16,245,120.300685307289
17,245,137.743581341185
18,245,82.5905305551886
1,246,121.54783330702
2,246,101.607211308807
3,246,113.80157570225
4,246,75.4837455939685
5,246,97.0984104245536
6,246,86.277945315974
7,246,114.557797242117
8,246,114.342512465336
9,246,75.8213801989921
10,246,93.4800086823985
11,246,78.3927269907533
12,246,84.4902476361023
13,246,119.697028613056
14,246,106.874278307587
15,246,89.1271164600338
16,246,117.565970682357
17,246,115.958634167707
18,246,100.3508013188
1,247,106.103584870562
2,247,66.9173808459603
3,247,141.296783851177
4,247,87.8493105696611
5,247,125.597350433138
6,247,107.655679275972
7,247,125.305833219062
8,247,69.9183486708574
9,247,124.628338468158
10,247,106.182909030116
11,247,101.737718392889
12,247,82.4596829022682
13,247,111.911717721327
14,247,72.1676297333507
15,247,85.8564853605434
16,247,113.604301912786
17,247,88.7999183602446
18,247,111.541399733981
1,248,91.4833448080958
2,248,137.756259086847
3,248,93.8022238780482
4,248,134.109515083249
5,248,90.6023128041149
6,248,72.1983992355179
7,248,104.098557153468
8,248,120.153621657231
9,248,92.4963130748516
10,248,91.2433174089219
11,248,109.649924253928
12,248,79.1197773465515
13,248,70.183373042612
14,248,136.918734077855
15,248,90.4570049615618
16,248,110.07219170889
17,248,104.361228582956
18,248,128.112677931701
1,249,129.617200996016
2,249,83.213713799936
3,249,103.269112866956
4,249,95.6534762677946
5,249,119.603387465676
6,249,108.200559833268
7,249,121.929886777705
8,249,118.867658301226
9,249,107.236762538728
10,249,118.501639498219
11,249,129.312515669209
12,249,110.75325467432
13,249,87.3124130911582
14,249,71.2447842077723
15,249,105.977344745108
16,249,99.7916740347792
17,249,137.674456747309
18,249,62.8821191062501
1,250,100.881765513035
2,250,128.649254758695
3,250,67.253108994961
4,250,98.3462476734106
5,250,102.600029464511
6,250,109.894244243126
7,250,140.050227528859
8,250,80.0805900296084
9,250,83.4426514006182
10,250,139.67479944652
11,250,107.943129393278
12,250,79.1460441491511
13,250,88.4382915690845
14,250,65.474400372792
15,250,103.368629011105
16,250,79.0237936671373
17,250,64.1932692873498
18,250,100.907726534606
1,251,134.112606904612
2,251,100.289441198254
3,251,117.30429250623
4,251,110.293904990169
5,251,130.686324041033
6,251,78.5842824645888
7,251,92.942251893156
8,251,101.494890090685
9,251,126.544331521795
10,251,77.1140850917165
11,251,67.7556451649433
12,251,116.003673022334
13,251,86.0522069036627
14,251,89.4136692932098
15,251,87.2266768283628
16,251,156.51824327104
17,251,101.398649708962
18,251,87.0896058846556
1,252,111.652797706151
2,252,128.628043132312
3,252,93.0918929985821
4,252,113.309697793869
5,252,142.595803574164
6,252,109.726237248176
7,252,95.9101853105863
8,252,93.9023782805505
9,252,82.8878995305716
10,252,116.597196951357
11,252,104.49716943931
12,252,114.71306372767
13,252,137.518894900661
14,252,88.5577491444791
15,252,109.729345917283
16,252,78.024110825858
17,252,73.4833273099539
18,252,119.835154056611
1,253,95.5907897281812
2,253,102.88470711453
3,253,105.004790532294
4,253,130.591593431043
5,253,72.4884197486477
6,253,84.4487971787009
7,253,67.2640864591545
8,253,86.2334585112193
9,253,99.0673499850052
10,253,92.5198965133599
11,253,140.21586901808
12,253,119.269034666266
13,253,68.4758565701137
14,253,131.936581761643
15,253,99.8309409805903
16,253,143.809259368589
17,253,92.1401646400677
18,253,108.290005918642
1,254,122.707629391159
2,254,99.9227253674984
3,254,116.503712484155
4,254,110.171542492713
5,254,98.6564997573611
6,254,103.059669220993
7,254,100.098406608896
8,254,102.65899355684
9,254,96.995082710437
10,254,95.8780274216232
11,254,110.62402469989
12,254,100.661937076363
13,254,121.762435124547
14,254,94.6338541062917
15,254,106.904594574295
16,254,111.619327796584
17,254,81.742141541615
18,254,86.2816900619178
1,255,89.5603630413513
2,255,104.161596343905
3,255,144.626034249796
4,255,114.702103944157
5,255,129.781232738127
6,255,125.354317055642
7,255,81.256808482467
8,255,103.075794850699
9,255,103.490773713523
10,255,76.5061236976828
11,255,87.5433616892555
12,255,112.407082740248
13,255,90.2879789492194
14,255,102.454727637203
15,255,142.449627306837
16,255,97.9411117665076
17,255,70.7941009013467
18,255,100.181310986923
1,256,83.4831325347061
2,256,122.497885082337
3,256,99.4144305571584
4,256,106.079748505506
5,256,132.681560727135
6,256,119.97785903431
7,256,65.6111239744611
8,256,96.8507114595302
9,256,104.456464299802
10,256,119.508477392517
11,256,141.0466673501
12,256,93.5771914764553
13,256,73.3333475780076
14,256,101.356300406222
15,256,73.1770643381884
16,256,83.7309775686044
17,256,122.470667890546
18,256,116.102742870559
1,257,140.286418325856
2,257,114.633706650122
3,257,102.594477869462
4,257,76.7686264127042
5,257,102.344628763115
6,257,130.243599141738
7,257,74.8745906267775
8,257,103.604882705587
9,257,111.474207609291
10,257,130.26575617507
11,257,149.218041813649
12,257,113.788610437993
13,257,93.6559536603033
14,257,83.0291585995761
15,257,72.267010557365
16,257,131.02475980161
17,257,96.1042647002371
18,257,112.703698836098
1,258,137.286586513132
2,258,117.895411140801
3,258,94.676836879379
4,258,134.079031750628
5,258,150.419528345372
6,258,120.233642135051
7,258,67.9588124204336
8,258,90.669114057525
9,258,120.081443728141
10,258,131.477895035492
11,258,122.36044576296
12,258,117.478064628792
13,258,99.8005582684897
14,258,88.8706041333591
15,258,67.8377259284494
16,258,125.004146517864
17,258,123.338534846038
18,258,108.407152968695
1,259,99.4694410946638
2,259,120.456424799647
3,259,142.865670477275
4,259,87.0540114662664
5,259,101.775824621302
6,259,92.2709977871461
7,259,144.124920466146
8,259,125.523863624425
9,259,102.905394560891
10,259,129.138707462536
11,259,89.3152273831334
12,259,82.6385543872914
13,259,118.635806807773
14,259,84.5485010747482
15,259,77.549875693734
16,259,123.015509869765
17,259,121.271009171636
18,259,114.774253423059
1,260,108.672245147914
2,260,115.076019250958
3,260,140.825409297253
4,260,75.5060236998688
5,260,62.6649274094302
6,260,90.1689117314127
7,260,113.66699501304
8,260,114.920843993975
9,260,138.988643689924
10,260,86.6262555003099
11,260,107.400398681057
12,260,89.8611507132826
13,260,90.7107028716256
14,260,114.042789537335
15,260,62.6288793041282
16,260,107.97861543663
17,260,69.5619150629347
18,260,89.5833999179283
1,261,72.1182051144549
2,261,114.052846164471
3,261,147.595002890003
4,261,78.7033658071432
5,261,138.068534199541
6,261,88.8608597242518
7,261,131.450716402011
8,261,91.5334204728476
9,261,108.581075260208
10,261,96.7725242499217
11,261,89.6636659735665
12,261,73.5849410285472
13,261,140.49778779124
14,261,96.4624769986119
15,261,121.365031767081
16,261,125.982572322402
17,261,80.1083891760367
18,261,137.727205918745
1,262,107.001313836628
2,262,128.639677221433
3,262,86.0577733225726
4,262,102.533723909689
5,262,88.2072591976378
6,262,100.786694154727
7,262,77.3781803201298
8,262,85.6602341522576
9,262,103.982605242502
10,262,117.709392696401
11,262,76.2566944752428
12,262,58.8576575691136
13,262,128.043993596854
14,262,101.346456272813
15,262,102.957319151482
16,262,142.757515996397
17,262,106.511312312469
18,262,94.5310269917839
1,263,99.3615135514404
2,263,122.419949361162
3,263,121.269160853952
4,263,94.9962598981734
5,263,103.401311079816
6,263,142.570190876537
7,263,116.748973409572
8,263,141.196175304002
9,263,141.505723238829
10,263,129.462391750461
11,263,124.559928104996
12,263,84.5281471788298
13,263,123.722119837742
14,263,102.828021527543
15,263,102.43458727939
16,263,98.3008359374458
17,263,111.237607628176
18,263,146.806423087291
1,264,99.4482231578618
2,264,111.164196123854
3,264,85.3918034147115
4,264,109.099776329593
5,264,94.4948273817786
6,264,134.670822036633
7,264,82.0617034839247
8,264,146.797100927994
9,264,104.51285224871
10,264,108.928413130457
11,264,87.4321721512443
12,264,95.0377354160026
13,264,146.335164730721
14,264,107.878536192304
15,264,111.639364764523
16,264,117.199224500817
17,264,119.796869206453
18,264,71.5271567206417
1,265,94.2090787704489
2,265,61.6463198967154
3,265,95.9969059001392
4,265,95.8749996919612
5,265,121.498037290742
6,265,129.824289483079
7,265,97.614386677898
8,265,89.8918615424614
9,265,106.334476946416
10,265,109.137451632995
11,265,129.424087977377
12,265,127.271873230571
13,265,127.219856547323
14,265,103.453196211305
15,265,104.36883114252
16,265,101.507010739309
17,265,70.1011682304902
18,265,102.831919967983
1,266,115.823486550042
2,266,87.5015029584962
3,266,87.4581277348363
4,266,90.4746570052269
5,266,93.3924689964949
6,266,105.627855389456
7,266,91.9969080188708
8,266,69.1041729574447
9,266,142.367333099804
10,266,103.644365718281
11,266,151.524457694944
12,266,101.968613079683
13,266,134.548457821392
14,266,103.344832465493
15,266,151.098263467946
16,266,119.045626929521
17,266,99.825571453261
18,266,79.1129032105983
1,267,141.404653081232
2,267,83.2461334207595
3,267,109.586203018302
4,267,101.405134209949
5,267,101.159088236523
6,267,95.5689179775227
7,267,129.004179259851
8,267,83.4919901223896
9,267,136.28987639753
10,267,91.7590342774748
11,267,82.8460601206773
12,267,119.992847462789
13,267,106.965251175276
14,267,137.159377127201
15,267,111.932807686364
16,267,133.307934748218
17,267,131.704032695669
18,267,134.07641105142
1,268,61.4805968925786
2,268,83.984355824104
3,268,90.1679311493023
4,268,99.5713931714476
5,268,137.057280371219
6,268,125.307881192627
7,268,135.51308115286
8,268,144.574144665025
9,268,92.7713906391951
10,268,98.0848568342545
11,268,139.989344333259
12,268,144.100473758218
13,268,74.4188836525763
14,268,143.379144844414
15,268,71.0795950553175
16,268,113.429838499364
17,268,115.750624881274
18,268,89.1467728295823
1,269,82.4960792721432
2,269,121.220360639771
3,269,101.724099161311
4,269,100.941308094698
5,269,74.7911809446383
6,269,129.809843080717
7,269,95.3938763781572
8,269,102.86181235568
9,269,103.072945112178
10,269,77.5488245017249
11,269,126.89867209296
12,269,90.6926444197142
13,269,120.674885527293
14,269,124.15773408897
15,269,105.814997021387
16,269,92.7336580336664
17,269,103.674090684635
18,269,105.096528775016
1,270,103.835856680195
2,270,142.661273160082
3,270,102.949614899405
4,270,126.56884698049
5,270,76.318010350953
6,270,102.623157869834
7,270,114.766245226653
8,270,82.3911793004185
9,270,68.570957116169
10,270,118.903409262121
11,270,95.3677356095856
12,270,64.3905954250023
13,270,124.433817636894
14,270,134.499683286277
15,270,113.140854011828
16,270,91.7412492119366
17,270,99.1064212132887
18,270,80.1364410705973
1,271,127.753364683655
2,271,103.115069658028
3,271,108.607640720738
4,271,120.180839261626
5,271,94.0104268377379
6,271,102.083466951887
7,271,93.0941157548888
8,271,115.302340854182
9,271,153.30293639081
10,271,97.8829996159027
11,271,109.257458387492
12,271,86.8451559743425
13,271,82.9163490276271
14,271,81.631859954
15,271,88.0554314221421
16,271,106.882567951066
17,271,105.222362665233
18,271,68.1987937570425
1,272,114.44159559863
2,272,99.7411022375821
3,272,98.5888691316182
4,272,106.042425074851
5,272,144.228044455163
6,272,111.386970041027
7,272,111.48506388128
8,272,84.8345984658817
9,272,108.810872577271
10,272,103.261545071557
11,272,95.1893269672957
12,272,109.382125848598
13,272,113.450857596678
14,272,138.532932115024
15,272,81.8504578790907
16,272,95.2161462096604
17,272,60.1827212310671
18,272,101.885340081031
1,273,129.653654257035
2,273,114.933277715965
3,273,113.811534089447
4,273,97.6080500100678
5,273,104.25928933801
6,273,86.6194007925049
7,273,85.8306836856895
8,273,144.436734534711
9,273,64.8335611344551
10,273,111.898707936047
11,273,82.2620436289214
12,273,98.1640069834742
13,273,86.1435424854143
14,273,87.2163902179044
15,273,100.426707302313
16,273,81.6347852421791
17,273,69.8264329741303
18,273,78.6797609419686
1,274,154.444166502573
2,274,130.03172469003
3,274,115.325302193241
4,274,116.776576669773
5,274,65.7945462095966
6,274,93.3601409119812
7,274,94.1416151369531
8,274,106.939070024001
9,274,100.2900153876
10,274,80.2124532438177
11,274,86.4576787648052
12,274,123.345353218155
13,274,150.482661291538
14,274,66.3804674362189
15,274,89.4884613306164
16,274,147.323970836062
17,274,124.229622659259
18,274,80.0125038279373
1,275,125.729980077997
2,275,104.071879058354
3,275,66.3036406669641
4,275,148.200954903024
5,275,139.083405409167
6,275,90.8597097381858
7,275,87.5241864281092
8,275,99.6925075652844
9,275,142.458522689576
10,275,85.7572040638705
11,275,103.124045543539
12,275,84.8613872477201
13,275,125.988173103763
14,275,94.998531138078
15,275,111.888452208971
16,275,96.8525421648601
17,275,100.202950572491
18,275,127.340985822978
1,276,101.719039042145
2,276,86.6712677878222
3,276,132.085466608627
4,276,129.156930600279
5,276,124.065951520923
6,276,105.184897312543
7,276,87.2724969604016
8,276,60.9514397620683
9,276,94.1887653983645
10,276,76.8195268863776
11,276,137.873058089474
12,276,76.5793508641071
13,276,92.4645553950091
14,276,91.9985335670586
15,276,100.057009613773
16,276,97.7203526962912
17,276,89.6842074060107
18,276,95.2549576815467
1,277,103.386076514764
2,277,120.578169574496
3,277,63.8474786672676
4,277,107.573452532208
5,277,106.695759362208
6,277,98.6511284135095
7,277,68.467430881887
8,277,98.8062640621368
9,277,98.2716965728613
10,277,94.3459547040969
11,277,91.2668261781356
12,277,94.4565000549226
13,277,98.1926196255553
14,277,77.4950544819497
15,277,96.3119651360831
16,277,106.617809665552
17,277,149.998227320581
18,277,118.898315856741
1,278,141.156356466659
2,278,95.0564216314218
3,278,107.366148557062
4,278,74.6836026221042
5,278,126.058806315106
6,278,88.6418817263602
7,278,127.625282026402
8,278,95.3601855211127
9,278,116.812410115463
10,278,75.4861109530805
11,278,72.4886844242712
12,278,113.044129092976
13,278,103.757623804103
14,278,104.923070540634
15,278,70.3450766327659
16,278,152.489258132892
17,278,98.0866361068746
18,278,96.019009653814
1,279,109.360270540689
2,279,84.5058118666123
3,279,140.42161166235
4,279,132.458220923277
5,279,117.623481829152
6,279,86.8884992210944
7,279,101.632253853327
8,279,103.511609931955
9,279,142.900428027603
10,279,123.476930666075
11,279,97.5656638114677
12,279,117.856581357252
13,279,131.17837837996
14,279,100.728776607431
15,279,135.465833043358
16,279,96.7418159216948
17,279,121.785122004811
18,279,120.553598928881
1,280,80.4464284209437
2,280,67.3730481296166
3,280,101.947719708027
4,280,132.301122092806
5,280,119.476134302081
6,280,73.6990334623831
7,280,94.2339481305136
8,280,66.8873273232918
9,280,143.522571460963
10,280,85.4842581965139
11,280,124.326745933505
12,280,68.1137256309081
13,280,119.394625250763
14,280,86.8116889467621
15,280,106.546496702926
16,280,103.868789745892
17,280,89.0526459826925
18,280,96.1231945101824
1,281,119.501383330131
2,281,108.392311008508
3,281,87.9149676425412
4,281,123.942165969675
5,281,90.7198807346648
6,281,80.6315798112917
7,281,116.771359859983
8,281,117.188516141016
9,281,105.414268659319
10,281,91.7478864076413
11,281,103.301535357118
12,281,128.581366186734
13,281,102.123808139713
14,281,98.6752011068152
15,281,61.9834992948032
16,281,125.892171785715
17,281,103.058435547914
18,281,105.133356698548
1,282,151.681733200594
2,282,80.3416045032224
3,282,90.1881540934582
4,282,118.556786379134
5,282,84.8835526169495
6,282,89.4230049538531
7,282,128.350234556653
8,282,105.412307675049
9,282,120.30579235877
10,282,155.824776412186
11,282,104.420257569889
12,282,69.8175069599968
13,282,73.0902363398037
14,282,119.492967277773
15,282,101.897870020812
16,282,68.4563207983823
17,282,118.834547666967
18,282,101.319139316516
1,283,109.410295729297
2,283,113.700248420993
3,283,140.448490224927
4,283,148.50752846528
5,283,119.317749816724
6,283,84.6708861786592
7,283,78.1654940056964
8,283,99.2847036548898
9,283,96.3328360633049
10,283,88.8083810990594
11,283,97.1210282636275
12,283,67.2356858487703
13,283,94.6350273327855
14,283,79.644779827603
15,283,127.986646276663
16,283,139.737840901389
17,283,69.0163728540803
18,283,90.982231845697
1,284,111.959474979325
2,284,140.061987289055
3,284,138.659457695896
4,284,125.33489085006
5,284,134.623118934483
6,284,95.6916622213369
7,284,71.0000852045471
8,284,129.961626240453
9,284,101.651784401791
10,284,138.902966901068
11,284,80.4796377088877
12,284,106.00523675218
13,284,110.372198969338
14,284,99.2641232717952
15,284,89.2964440460863
16,284,70.1693643984416
17,284,80.5300506013824
18,284,103.477884813514
1,285,99.3114749285886
2,285,118.60343008184
3,285,121.793224589401
4,285,120.422868855758
5,285,67.1557796237979
6,285,90.7501660195729
7,285,137.779497207328
8,285,96.6968725401587
9,285,153.805044038524
10,285,100.78937914416
11,285,116.464845548533
12,285,92.2061918510903
13,285,88.5138542956224
14,285,87.9082715810341
15,285,67.8541110345585
16,285,133.698700745032
17,285,93.3545981521964
18,285,74.7242658193685
1,286,74.044777537813
2,286,132.976728834431
3,286,62.3712133494522
4,286,133.648381373434
5,286,99.1241710506545
6,286,104.482790670474
7,286,120.918253271982
8,286,83.4308045169796
9,286,115.763035649591
10,286,121.940674507463
11,286,143.226131178361
12,286,119.765933659817
13,286,129.669612898669
14,286,119.919561470855
15,286,121.221947004007
16,286,118.247707358884
17,286,100.852245596384
18,286,131.192621641371
1,287,79.5595688759052
2,287,139.174117174604
3,287,136.022712962499
4,287,135.507617158794
5,287,84.1372233552924
6,287,100.559949099509
7,287,73.0727644657743
8,287,97.3964983038684
9,287,125.67526773325
10,287,106.390747900592
11,287,85.3678725376407
12,287,138.160699608192
13,287,135.995424556579
14,287,90.8933505177565
15,287,108.437392397758
16,287,104.670251112868
17,287,121.65031680348
18,287,100.020555712896
1,288,90.8787770069193
2,288,112.917876703394
3,288,140.930076707775
4,288,110.755205819163
5,288,122.419220232702
6,288,88.2140366817661
7,288,147.838150055284
8,288,106.597098603336
9,288,88.0831696705526
10,288,80.4853858134123
11,288,125.353146623151
12,288,114.372239400282
13,288,108.966461690332
14,288,113.375645434175
15,288,127.269878562194
16,288,112.568816954952
17,288,81.181720334247
18,288,135.370219613683
1,289,73.2706503776468
2,289,79.4642441927976
3,289,101.885611366734
4,289,111.960313661074
5,289,114.692082872111
6,289,99.0145061561867
7,289,83.7083443322098
8,289,104.163809951645
9,289,110.199372269712
10,289,141.90279669219
11,289,110.687698440374
12,289,80.5979297215789
13,289,114.055047074966
14,289,99.4378343374556
15,289,118.082688147916
16,289,115.72657445971
17,289,125.97519971292
18,289,95.2806668844449
1,290,78.1753800120784
2,290,102.813074456718
3,290,110.223016222253
4,290,76.21288307225
5,290,113.654929173476
6,290,114.396667455016
7,290,92.6239477404877
8,290,152.595999443228
9,290,78.964990033975
10,290,99.5533317299141
11,290,117.137691062175
12,290,106.530876977079
13,290,78.0727093103161
14,290,84.7747981892288
15,290,60.6488125326792
16,290,114.627225387619
17,290,128.439247096398
18,290,149.675165480579
1,291,63.3340492349768
2,291,80.3765332092636
3,291,126.198996331309
4,291,97.7992252712896
5,291,121.15688117932
6,291,118.47967392412
7,291,79.8082369876344
8,291,92.0359999915607
9,291,124.271402693131
10,291,122.553991459044
11,291,115.509946156104
12,291,91.4593202330383
13,291,118.228692049809
14,291,109.170224316189
15,291,86.9668477122785
16,291,99.254669643891
17,291,136.000042153088
18,291,126.235922681767
1,292,103.084955104442
2,292,85.9248307364869
3,292,91.6849157038948
4,292,96.4754689599289
5,292,75.8788728953883
6,292,118.85589985944
7,292,124.706117856182
8,292,133.3692742922
9,292,82.1721503882345
10,292,90.7922187169573
11,292,122.90017936203
12,292,106.332228229281
13,292,94.2704016636233
14,292,119.782057404201
15,292,94.7603013912432
16,292,81.4369037660574
17,292,113.306132202507
18,292,85.0241653414959
1,293,117.396234067862
2,293,105.959239688563
3,293,141.785670415357
4,293,126.229742129876
5,293,145.897456226486
6,293,85.5089521173817
7,293,95.6038401823277
8,293,117.794665165206
9,293,107.293326994407
10,293,71.5671220581626
11,293,103.664361522865
12,293,77.4599762095945
13,293,105.992176659011
14,293,110.861591304639
15,293,122.856696523248
16,293,103.602567002924
17,293,141.648215057335
18,293,100.488516000038
1,294,84.8886011771692
2,294,114.451100531476
3,294,124.077346349102
4,294,70.2877444697836
5,294,90.1851469966525
6,294,126.944580764658
7,294,132.168903373676
8,294,87.6202364686062
9,294,108.040843295583
10,294,68.9554773997543
11,294,128.045551030885
12,294,116.217021569172
13,294,99.3732594705215
14,294,95.9518416371325
15,294,119.827722208422
16,294,129.657763152261
17,294,107.971086743915
18,294,99.7434785195684
1,295,82.2432354706993
2,295,85.1293727379941
3,295,103.938371176744
4,295,89.6457090693852
5,295,113.985021230483
6,295,86.4102743601214
7,295,128.300638202698
8,295,123.150638147518
9,295,111.019654913296
10,295,95.826193997016
11,295,95.9581316877509
12,295,104.372955506306
13,295,119.286599113555
14,295,85.8869616286023
15,295,116.325701946555
16,295,103.339808371689
17,295,96.346181440974
18,295,78.9367712815725
1,296,91.5329766274397
2,296,75.0452313669877
3,296,97.1619888359599
4,296,84.8956102149702
5,296,97.3547400822793
6,296,138.897364806192
7,296,118.765944207097
8,296,99.9921065510351
9,296,129.566520851559
10,296,93.9090994116832
11,296,99.1487108477873
12,296,138.114282699325
13,296,147.653021320203
14,296,87.6163413620145
15,296,83.7909978028837
16,296,102.982012288134
17,296,123.925044383547
18,296,140.863901946379
1,297,99.0463405142082
2,297,126.661944740151
3,297,106.567289630109
4,297,99.8769003522684
5,297,87.2632723868234
6,297,133.695384464719
7,297,94.0124449316671
8,297,102.76351261219
9,297,88.7981478648699
10,297,85.6307886533878
11,297,103.045371675889
12,297,120.662904029875
13,297,132.154752822956
14,297,120.158952836516
15,297,131.782206707562
16,297,142.049556276584
17,297,102.628030693113
18,297,144.210997074351
1,298,107.142002383364
2,298,133.470451246989
3,298,104.031500126608
4,298,95.9654157805313
5,298,91.4859095296435
6,298,122.944057870037
7,298,127.856678405063
8,298,78.4385690352471
9,298,103.146100565027
10,298,76.6268389850008
11,298,84.8463366781182
12,298,94.3643531115655
13,298,111.733808691941
14,298,110.240901344746
15,298,144.235356182748
16,298,89.4483814202525
17,298,113.861937599339
18,298,72.7025628396469
1,299,80.2419744247797
2,299,88.0584740429588
3,299,102.293058383602
4,299,90.8549000434105
5,299,98.2087663571235
6,299,124.258262591605
7,299,72.2808004548858
8,299,105.811167910723
9,299,141.820840954018
10,299,116.399223022157
11,299,102.632221760735
12,299,82.6129001227291
13,299,90.9514448701234
14,299,73.7922501675145
15,299,125.441775389674
16,299,106.204643784157
17,299,102.015131554065
18,299,97.0308197998279
1,300,101.964871444503
2,300,82.6576944219578
3,300,126.679359329942
4,300,72.429575909442
5,300,70.8283641893317
6,300,89.0853680825478
7,300,78.990123812974
8,300,80.9915917298741
9,300,142.47001811618
10,300,66.8462111359282
11,300,102.179706834567
12,300,82.923052648246
13,300,145.040008799698
14,300,98.7619409498848
15,300,124.331157801994
16,300,107.578972492049
17,300,78.5321622086368
18,300,82.6527957755311
1,301,134.09390816772
2,301,105.978317353583
3,301,104.977144907723
4,301,110.294562202482
5,301,90.3407440902076
6,301,91.8722595064704
7,301,110.826973733227
8,301,139.029944220474
9,301,103.953436343039
10,301,141.912220787412
11,301,103.798257392856
12,301,93.5866028128482
13,301,95.4290500069486
14,301,78.2161422062482
15,301,124.521885253889
16,301,132.869467556258
17,301,101.567315461272
18,301,142.264050953942
1,302,115.218117134578
2,302,69.0706944322412
3,302,73.7184371501582
4,302,84.8596877274803
5,302,70.1018988047998
6,302,113.56746071536
7,302,114.591104399114
8,302,82.8039170322134
9,302,77.0919490683785
10,302,68.8236954267615
11,302,67.4814886956183
12,302,99.2414144005695
13,302,87.528470634228
14,302,90.0735111080757
15,302,126.708073152766
16,302,101.494756860314
17,302,118.050900763707
18,302,105.477948013862
1,303,81.7198423217653
2,303,119.401307709796
3,303,109.344641215169
4,303,102.704779157955
5,303,75.4389822935618
6,303,80.8447022980082
7,303,87.4175118731832
8,303,77.1359776470782
9,303,128.750601065917
10,303,69.0155424135911
11,303,105.868069160525
12,303,87.9065349918367
13,303,80.1933351191861
14,303,106.059789010292
15,303,76.4572588664292
16,303,90.5983106823181
17,303,93.4829880511779
18,303,112.34494113414
1,304,89.2175608306256
2,304,94.2614460132682
3,304,127.281977482032
4,304,87.6480796598836
5,304,123.778975699097
6,304,99.2355269565392
7,304,152.745020054147
8,304,141.509150029747
9,304,117.612919384584
10,304,153.991264410354
11,304,71.871221146746
12,304,103.588961375095
13,304,83.2741747269914
14,304,110.202641950857
15,304,73.6445150806896
16,304,96.0713397609881
17,304,76.6488286824717
18,304,90.2532042372709
1,305,102.617678024027
2,305,107.088261369543
3,305,126.726503645961
4,305,119.276055460626
5,305,62.9451982992159
6,305,91.4462148116865
7,305,98.7046108443862
8,305,132.5678699294
9,305,121.107731963099
10,305,120.434676160512
11,305,80.439355492862
12,305,98.7153547143784
13,305,94.8589005325247
14,305,112.4960699314
15,305,92.7486552478258
16,305,130.856207964015
17,305,124.714192028679
18,305,80.9218685867313
1,306,111.237987357575
2,306,82.858588275661
3,306,86.7950032306476
4,306,88.6387674080905
5,306,76.7995697675725
6,306,105.407089521872
7,306,90.7282456204685
8,306,113.024139722199
9,306,89.1883235549359
10,306,93.980660938072
11,306,62.4273516746569
12,306,87.0491497102889
13,306,98.7309179874447
14,306,110.769023260114
15,306,140.486644225044
16,306,108.913219239933
17,306,139.893711494166
18,306,127.841192827211
1,307,101.30195030861
2,307,100.73308451242
3,307,79.925753702521
4,307,100.030573648906
5,307,91.5770252912483
6,307,102.022032861532
7,307,116.287096452242
8,307,60.7947035986658
9,307,90.6617751625307
10,307,126.321617696365
11,307,103.177205135203
12,307,99.0727876787371
13,307,100.290537548215
14,307,98.4070928249032
15,307,99.6336112467496
16,307,113.422200467358
17,307,89.3801820345079
18,307,110.54116752417
1,308,154.402539579474
2,308,72.347603683148
3,308,82.0101036415018
4,308,91.1916519985086
5,308,89.4325678112592
6,308,100.631899830444
7,308,108.156057632012
8,308,89.2948953140217
9,308,81.7016240119704
10,308,90.709203299683
11,308,120.736292132751
12,308,98.9464667737807
13,308,143.921240593606
14,308,116.052775657789
15,308,117.594617543235
16,308,130.408220433218
17,308,105.299759348218
18,308,107.159405991072
1,309,95.3357756163782
2,309,100.410577547048
3,309,97.9490537637806
4,309,87.7219437636661
5,309,84.9130854791823
6,309,122.679125817749
7,309,104.112440812615
8,309,118.971134057181
9,309,121.004575993863
10,309,91.716949961393
11,309,99.6031415223668
12,309,100.819782212178
13,309,84.3637799001177
14,309,114.407983710006
15,309,76.9918649970216
16,309,78.206587640261
17,309,103.460629334845
18,309,91.0442347442446
1,310,144.222965843102
2,310,109.572679291833
3,310,83.6681437814721
4,310,137.496538145246
5,310,113.2346014906
6,310,69.4784975844943
7,310,110.732275527113
8,310,130.028738383186
9,310,81.5166576642097
10,310,76.4311830324403
11,310,124.289166947065
12,310,124.634240877299
13,310,104.898779218589
14,310,100.945579416942
15,310,105.74599151885
16,310,59.4988795772065
17,310,104.989040873053
18,310,123.013115188313
1,311,81.0137644478861
2,311,104.600251437936
3,311,94.0031251878636
4,311,66.8183849652288
5,311,90.959545538894
6,311,116.579568504354
7,311,108.134561997209
8,311,92.1724149390518
9,311,113.296847890267
10,311,88.2066590393083
11,311,82.334200848452
12,311,150.141911631697
13,311,80.8218818524539
14,311,80.1467419212221
15,311,111.994012825612
16,311,96.7133143281632
17,311,77.9681182269266
18,311,73.16894224609
1,312,111.853116300527
2,312,110.078955179434
3,312,78.0145879791959
4,312,105.481384976247
5,312,118.526869569372
6,312,119.141379456737
7,312,86.9796998669677
8,312,101.129083142813
9,312,119.946905299039
10,312,104.424717576605
11,312,82.0382090409901
12,312,136.013815592314
13,312,77.7106676173476
14,312,135.614021425185
15,312,129.287105901189
16,312,112.5650236882
17,312,98.8152132492974
18,312,102.492560718068
1,313,103.402709147054
2,313,107.963179737127
3,313,81.8771233951256
4,313,60.3084602600079
5,313,127.163601104893
6,313,86.7177438456056
7,313,111.139581100247
8,313,61.366317135329
9,313,89.5151022995895
10,313,127.289002326724
11,313,62.7499308036536
12,313,113.577658341408
13,313,80.7515355893884
14,313,88.5825577394682
15,313,115.611372731168
16,313,84.3133597627975
17,313,146.101534046206
18,313,100.619579840249
1,314,93.5737815162245
2,314,118.549466693999
3,314,85.3226152582517
4,314,142.631995199372
5,314,121.686604331208
6,314,125.871789014846
7,314,76.3912261007386
8,314,105.920261832431
9,314,119.098351720843
10,314,70.9824378285907
11,314,66.5674187969515
12,314,130.122163584204
13,314,116.296916660665
14,314,67.7804951110596
15,314,94.0841303182342
16,314,103.277094114308
17,314,79.4428024217263
18,314,90.0764796091432
1,315,83.6689681371921
2,315,148.17570900393
3,315,104.165516790035
4,315,135.650784664076
5,315,91.0225983366934
6,315,108.563665629577
7,315,131.178739394667
8,315,106.080552590738
9,315,127.808622765755
10,315,126.826807052214
11,315,106.106640187139
12,315,69.6983021445897
13,315,74.2800516532476
14,315,127.328230436863
15,315,100.135385845885
16,315,83.3476057048962
17,315,124.83517564709
18,315,138.487307421512
1,316,94.1387297598791
2,316,96.3440581485243
3,316,100.353917659428
4,316,116.547218179978
5,316,80.4209365482458
6,316,110.937603504086
7,316,93.5593575313806
8,316,99.6640667307833
9,316,94.376334686725
10,316,74.4871247327296
11,316,97.2342378757561
12,316,148.507441090343
13,316,104.904582890537
14,316,97.703197941805
15,316,95.9999782927863
16,316,108.06635166644
17,316,145.449730309925
18,316,88.3708898455319
1,317,70.873257952061
2,317,98.3959302558829
3,317,101.057390572585
4,317,93.3899738515131
5,317,78.2321684024968
6,317,98.3369181715687
7,317,120.984082012883
8,317,120.803117711621
9,317,95.1941501228545
10,317,120.610197751496
11,317,103.55725815224
12,317,72.7969465453219
13,317,108.654039414317
14,317,95.7054084660758
15,317,96.1284763911132
16,317,141.968294919814
17,317,116.174543266666
18,317,108.480034803701
1,318,125.303317509647
2,318,129.258384664565
3,318,136.986803136322
4,318,120.737222968614
5,318,127.263480008243
6,318,102.122039660175
7,318,85.3577474745114
8,318,93.1214561430462
9,318,92.4786781875368
10,318,89.4950232746186
11,318,136.822027365484
12,318,111.413845985377
13,318,80.9093126608773
14,318,123.604074396328
15,318,93.0369023941336
16,318,108.242356038338
17,318,84.2459270814645
18,318,129.804545845813
1,319,123.743325949893
2,319,102.028897405245
3,319,116.620767034238
4,319,92.8364260093164
5,319,81.620835597812
6,319,116.222278556177
7,319,70.1927722995361
8,319,97.5807526466549
9,319,59.1792133836651
10,319,73.9084217757716
11,319,100.073260083822
12,319,134.612936295276
13,319,80.1086065121378
14,319,62.8328821149436
15,319,81.5244584009979
16,319,96.5208901476715
17,319,112.012186455096
18,319,121.292201394499
1,320,84.3913234411913
2,320,89.2924060680837
3,320,114.738877140081
4,320,101.584288715811
5,320,84.4933797509916
6,320,100.742107154294
7,320,85.8198392049427
8,320,112.853640691366
9,320,71.9340756125663
10,320,100.224348478107
11,320,131.173800052475
12,320,68.2571435535429
13,320,133.977035673895
14,320,117.011264133
15,320,124.766728149716
16,320,118.645411067442
17,320,89.7089347704647
18,320,129.405578497838
1,321,97.3908734089291
2,321,119.902254926249
3,321,101.858149029768
4,321,101.769371697168
5,321,151.746802186002
6,321,68.0038473772688
7,321,65.1461831118321
8,321,82.1992085455795
9,321,118.962189854882
10,321,97.7245390685704
11,321,90.5501452272868
12,321,83.9363324461636
13,321,101.630344827409
14,321,71.8720556809244
15,321,123.3675486783
16,321,97.4948024718048
17,321,88.6751201621233
18,321,97.7608592305993
1,322,148.132871160638
2,322,128.478093177136
3,322,129.94705037248
4,322,132.424926249119
5,322,83.9025555240303
6,322,117.159774122488
7,322,81.2958555836624
8,322,114.983855140886
9,322,77.6743328156404
10,322,102.775731361023
11,322,76.2180653549314
12,322,145.967239727839
13,322,117.276191409984
14,322,75.0922062731088
15,322,109.179235727804
16,322,86.0250478758318
17,322,114.038806514019
18,322,110.249296202563
1,323,71.9993137891177
2,323,86.1188139963331
3,323,131.844740943539
4,323,125.412188529044
5,323,143.315041050741
6,323,108.599761800146
7,323,151.013383015187
8,323,121.732917608037
9,323,145.480794101208
10,323,93.194280000369
11,323,121.462166741211
12,323,96.1991386583108
13,323,139.072477704182
14,323,140.762175704467
15,323,100.41885028056
16,323,125.616694878328
17,323,113.739916076691
18,323,73.3929013328116
1,324,151.016584035094
2,324,118.457479339405
3,324,93.4490805790063
4,324,89.2024807287359
5,324,122.65017467074
6,324,109.483784942537
7,324,93.2688694967307
8,324,66.0825517791284
9,324,105.218655147424
10,324,82.5332655719375
11,324,91.3911526911764
12,324,100.947142835012
13,324,113.525470813699
14,324,121.132010790501
15,324,125.49512755613
16,324,70.0307213534004
17,324,104.218652892095
18,324,149.61514101581
1,325,118.732319108199
2,325,79.4029090200878
3,325,119.581920073342
4,325,60.9998480330413
5,325,97.776186031261
6,325,103.963666959253
7,325,108.62621849497
8,325,118.594789928063
9,325,108.98919957686
10,325,92.7792528570942
11,325,92.2745338100455
12,325,122.424186586072
13,325,115.301371080659
14,325,142.761815219567
15,325,94.0572011517112
16,325,124.374926390978
17,325,120.946556421582
18,325,119.690049871926
1,326,100.692888796193
2,326,92.2032506529234
3,326,152.09770230605
4,326,123.558378935032
5,326,92.1948705651121
6,326,98.0430267820593
7,326,130.459253864243
8,326,120.926134747092
9,326,103.004829248225
10,326,99.1584464114548
11,326,121.839843346515
12,326,104.915276531313
13,326,137.404382369357
14,326,95.5423391040538
15,326,101.955686358908
16,326,132.411455898464
17,326,87.7508915916648
18,326,102.032264615939
1,327,99.3051876983317
2,327,110.700585074486
3,327,80.6379060184944
4,327,121.644284463575
5,327,147.694161939172
6,327,150.17276706599
7,327,100.597622204914
8,327,84.8501184519302
9,327,105.575479254542
10,327,93.4375600159724
11,327,101.142409403293
12,327,107.226702969936
13,327,107.423256094589
14,327,75.5858264684827
15,327,83.394814673698
16,327,134.846264967258
17,327,101.794699424279
18,327,131.510025234603
1,328,128.542927623697
2,328,115.784551824668
3,328,116.894253327006
4,328,98.8795885883887
5,328,71.2001092687778
6,328,86.891235799052
7,328,116.736830436548
8,328,123.205004803908
9,328,90.8293527847334
10,328,85.6230214832056
11,328,80.1376602768007
12,328,116.781762047286
13,328,104.63620046112
14,328,124.224829563944
15,328,115.422781820458
16,328,130.056479271676
17,328,84.1426299996653
18,328,135.119786337624
1,329,118.522542794472
2,329,103.031618281152
3,329,141.421833863354
4,329,92.8272484426447
5,329,119.593051346371
6,329,64.184242311103
7,329,110.627716627309
8,329,95.3230942145134
9,329,88.4936702061525
10,329,132.072686750119
11,329,58.0162515004317
12,329,120.157657155838
13,329,153.931772442878
14,329,111.774823736375
15,329,77.7105993790021
16,329,94.9020980147395
17,329,102.189833889132
18,329,107.591716272867
1,330,109.935530622453
2,330,68.4093420635844
3,330,67.4819599836852
4,330,84.6414230374668
5,330,105.326371006112
6,330,119.27899762054
7,330,89.1272760876895
8,330,126.266221415857
9,330,118.876866571707
10,330,105.976633747608
11,330,114.991043505939
12,330,64.1183718668814
13,330,104.169793606399
14,330,92.4177643383714
15,330,101.539881576782
16,330,89.2656050308038
17,330,90.8847013002033
18,330,88.3515404177254
1,331,115.612319190638
2,331,114.43986171005
3,331,129.178636137201
4,331,82.2462090194534
5,331,64.1925533997996
6,331,121.817429613989
7,331,77.3488947786472
8,331,90.6235295753301
9,331,104.412245526465
10,331,102.590051159876
11,331,79.3730046228075
12,331,87.2326576819172
13,331,106.144819197819
14,331,98.8821333256847
15,331,94.0409384859366
16,331,69.0815745751616
17,331,101.677111569948
18,331,121.99234909406
1,332,113.771520572589
2,332,154.337538496835
3,332,151.497453085272
4,332,119.672572400734
5,332,116.528218051391
6,332,102.393206811539
7,332,75.9901954100589
8,332,85.096590178416
9,332,97.0989467291654
10,332,126.067432228956
11,332,109.310262465965
12,332,118.563403015613
13,332,83.319273622727
14,332,88.0976738033527
15,332,84.5451410046075
16,332,109.641212811397
17,332,93.0271236665993
18,332,122.632082390366
1,333,83.135437211118
2,333,124.933580170111
3,333,92.1923397495232
4,333,142.82820566043
5,333,109.621589701234
6,333,119.61233318075
7,333,119.88042326151
8,333,102.73548815587
9,333,65.7230597615655
10,333,87.6532648571332
11,333,90.4436664723215
12,333,103.699910905396
13,333,88.2148602885236
14,333,95.1512289438928
15,333,126.563059103538
16,333,69.0327582260991
17,333,111.193136064587
18,333,102.034012349823
1,334,106.956650241325
2,334,116.201928435895
3,334,69.8560054457633
4,334,82.2128954393684
5,334,108.711970782184
6,334,111.395327174124
7,334,104.25746272688
8,334,112.162372290754
9,334,98.0442655157187
10,334,112.799433731758
11,334,94.8072528606018
12,334,121.645152181857
13,334,116.753138062198
14,334,113.340136380494
15,334,127.64343522131
16,334,97.9938823568868
17,334,89.7617977819272
18,334,97.4723945277386
1,335,117.339309383306
2,335,105.343533129736
3,335,101.102612818349
4,335,145.229409591845
5,335,119.345405974116
6,335,116.210508373525
7,335,109.644134091966
8,335,87.4412448337841
9,335,84.9255626758424
10,335,104.81001312103
11,335,134.181235966216
12,335,105.380662966804
13,335,76.9109147184473
14,335,124.233368928435
15,335,112.613709187829
16,335,100.46618926184
17,335,100.731355923036
18,335,150.216035083073
1,336,74.9828057102494
2,336,111.797738742995
3,336,128.322338884567
4,336,87.9738737691135
5,336,147.08326059658
6,336,141.529727864494
7,336,117.966829437622
8,336,75.5180372564992
9,336,69.4438114567781
10,336,84.3702950668028
11,336,127.622040955704
12,336,93.114928783779
13,336,107.047601345824
14,336,89.3695493294932
15,336,95.3287970158951
16,336,91.5873008655907
17,336,112.894334156315
18,336,151.293223467409
1,337,80.755809357791
2,337,89.409131628254
3,337,120.028098898543
4,337,115.095509498962
5,337,96.7857947974437
6,337,103.123674887679
7,337,94.7974626015484
8,337,111.257306781827
9,337,65.5189488688825
10,337,99.8141647340083
11,337,115.885818955801
12,337,145.77911171031
13,337,78.4973676570233
14,337,129.648176037774
15,337,116.605275450378
16,337,126.099909636193
17,337,103.250578722928
18,337,116.712418398781
1,338,67.0018228397541
2,338,89.1708692682577
3,338,60.9814729866413
4,338,84.7299397206188
5,338,109.936555752934
6,338,106.271225311517
7,338,105.101150401961
8,338,123.717207558116
9,338,127.288048012938
10,338,85.1646888923516
11,338,114.223084767253
12,338,99.1762257258935
13,338,116.887900994657
14,338,136.892125501347
15,338,72.7768885556013
16,338,66.9760786911858
17,338,126.798794000548
18,338,138.819148878039
1,339,98.4902864199054
2,339,95.98236731226
3,339,96.8457333114243
4,339,122.078151317465
5,339,122.610208443807
6,339,109.111124465914
7,339,107.429499318011
8,339,100.85248182071
9,339,90.3885437248025
10,339,87.073202206197
11,339,102.009614944361
12,339,106.021423038698
13,339,130.119889114978
14,339,122.083619237568
15,339,113.567963869539
16,339,113.648558526082
17,339,140.712452764861
18,339,104.95618950191
1,340,98.1613697753172
2,340,107.012564797292
3,340,135.371394315505
4,340,96.9680688752107
5,340,109.941918286642
6,340,68.1668168703444
7,340,80.3529534111707
8,340,138.311439240156
9,340,98.1380853795353
10,340,102.267835292712
11,340,154.668888310474
12,340,99.1417542281533
13,340,120.179264097345
14,340,103.901979709254
15,340,92.4933260011761
16,340,86.1174187874499
17,340,82.7285680585348
18,340,110.735556915682
1,341,70.3117724115346
2,341,116.456942560772
3,341,122.158660736902
4,341,89.8228321915049
5,341,66.248595745998
6,341,109.683991716601
7,341,133.891538690261
8,341,85.3001840835803
9,341,105.339191290668
10,341,89.2985114888621
11,341,106.493122658369
12,341,101.705377053043
13,341,147.450532451214
14,341,117.637704472405
15,341,109.549895266541
16,341,79.1553039325062
17,341,130.81535586334
18,341,96.2093139927909
1,342,118.414020957879
2,342,133.723296307002
3,342,96.1688005662232
4,342,112.507498043939
5,342,99.6772224692722
6,342,118.482207965586
7,342,124.816024033442
8,342,83.3578585167346
9,342,70.1521718080359
10,342,132.247820262738
11,342,67.9709866059736
12,342,72.9307248775962
13,342,124.244702153142
14,342,130.335276336183
15,342,76.2963003217627
16,342,113.292923197838
17,342,78.680003188251
18,342,106.520458942261
1,343,135.298345012091
2,343,114.844745461459
3,343,139.62290677343
4,343,60.4139634670905
5,343,116.087939053616
6,343,123.373360058046
7,343,120.387795533806
8,343,96.613829464994
9,343,100.213606053073
10,343,149.328777707302
11,343,127.481016903079
12,343,111.306552333147
13,343,115.53985221981
14,343,102.485450894269
15,343,96.2681153595381
16,343,100.997708449691
17,343,87.0946361788611
18,343,88.5713250931311
1,344,104.22837237707
2,344,101.710233529605
3,344,91.9037077177174
4,344,95.8502748445754
5,344,98.2158247453676
6,344,91.7074986834176
7,344,136.464396446659
8,344,76.7808855278424
9,344,92.8780890428043
10,344,64.5592066607003
11,344,67.0208999654889
12,344,113.013768676218
13,344,92.188599351671
14,344,85.9003375866825
15,344,114.775076904554
16,344,143.347424498684
17,344,120.996059428528
18,344,94.9140346807655
1,345,72.9999668862379
2,345,101.347166144034
3,345,109.509191938991
4,345,89.1811079435784
5,345,122.268645402959
6,345,115.646615266582
7,345,129.558012859708
8,345,106.43981524548
9,345,132.963966911175
10,345,110.534261213629
11,345,138.004304309253
12,345,104.297539512948
13,345,79.5043054737458
14,345,110.653511217126
15,345,115.988635036386
16,345,79.0534083374675
17,345,128.429649862366
18,345,114.779113587074
1,346,97.5536483915761
2,346,101.944464635586
3,346,81.4814166806388
4,346,62.9544261513586
5,346,85.7013840084697
6,346,63.7074237853936
7,346,96.327137471763
8,346,103.116620482401
9,346,125.974512188431
10,346,79.8052753031071
11,346,69.9877332477424
12,346,108.399443523706
13,346,108.162415313799
14,346,85.5199420509812
15,346,119.165991523723
16,346,146.444546454555
17,346,131.587216453483
18,346,101.349229726933
1,347,112.110408579418
2,347,106.824696494907
3,347,89.602166622347
4,347,108.478359350432
5,347,106.700949244774
6,347,98.4038856664572
7,347,111.090081996199
8,347,91.2636286270675
9,347,93.1048581708711
10,347,103.523582141664
11,347,89.2769053553026
12,347,113.463401033891
13,347,96.9312620975431
14,347,88.8242279397744
15,347,91.8430007131153
16,347,102.984096139477
17,347,119.781707937231
18,347,82.9995212288639
1,348,78.1817651682487
2,348,136.995713855876
3,348,129.758609034972
4,348,82.3248404843526
5,348,66.5093151296389
6,348,86.7716824503315
7,348,101.796777565275
8,348,84.2243719291928
9,348,118.546169635432
10,348,89.3438617733759
11,348,137.613829902442
12,348,117.794137504058
13,348,81.1076039497691
14,348,91.1838898675925
15,348,123.28885930525
16,348,105.536918705196
17,348,122.141086666745
18,348,92.8184077414582
1,349,74.4453236881536
2,349,99.7477745748811
3,349,136.60709518528
4,349,68.0648824247663
5,349,77.4366264526894
6,349,140.415760254855
7,349,104.023506113206
8,349,98.6308788224146
9,349,142.053093324086
10,349,102.976954984194
11,349,95.9305278809518
12,349,106.648351736517
13,349,97.8185423322112
14,349,136.880073132837
15,349,92.8779590077797
16,349,114.406556523282
17,349,126.218926890399
18,349,90.0813051889889
1,350,129.969960160296
2,350,107.192311475175
3,350,110.124047539305
4,350,95.376191359699
5,350,142.365422828161
6,350,77.5197935229673
7,350,131.989313522037
8,350,72.9814816367046
9,350,84.4885849915987
10,350,136.963277205236
11,350,103.234369786099
12,350,77.3719451632511
13,350,114.44117285573
14,350,111.560673195848
15,350,132.370168929142
16,350,85.6101922289126
17,350,64.3668481104108
18,350,91.5992280482437
1,351,102.326921546013
2,351,86.6415889159464
3,351,116.973906697418
4,351,141.842254540688
5,351,98.1061847986091
6,351,140.345886345197
7,351,134.272638278176
8,351,110.55793191637
9,351,136.056998236629
10,351,87.7081665106427
11,351,104.718540737365
12,351,74.3809338498589
13,351,92.3522558626892
14,351,100.329508960661
15,351,153.878483861486
16,351,151.255311640297
17,351,99.7552126928974
18,351,92.4846599099603
1,352,93.482413284418
2,352,89.2176270702137
3,352,123.070879279415
4,352,75.9653613667978
5,352,66.9476100339161
6,352,129.054754715157
7,352,127.39767101335
8,352,67.3129657348599
9,352,81.8373481078029
10,352,114.005403367373
11,352,141.982312498544
12,352,74.3545906695166
13,352,74.7426308276652
14,352,152.899842215959
15,352,64.1531072053789
16,352,99.4274565293189
17,352,101.505577998481
18,352,110.915735046695
1,353,64.4024082122407
2,353,71.7476522715736
3,353,75.2852665344316
4,353,107.659264623081
5,353,90.4738314811131
6,353,84.519623797721
7,353,114.267591988215
8,353,72.1692772011697
9,353,141.257410913737
10,353,105.523378405301
11,353,75.4568157255877
12,353,97.1840102529867
13,353,84.8170006220892
14,353,74.6808461567416
15,353,95.5305209882216
16,353,112.165105756738
17,353,68.4019788703092
18,353,122.165385875495
1,354,90.8462625181074
2,354,91.1259429218995
3,354,146.37826740726
4,354,143.344810735364
5,354,89.5194003146384
6,354,97.388643719879
7,354,71.4941278181796
8,354,122.764011955453
9,354,112.325764990534
10,354,77.7031937961054
11,354,80.9165011035767
12,354,121.558800126141
13,354,72.3929605329876
14,354,126.801836897033
15,354,121.155306227723
16,354,84.1774787465766
17,354,134.019895645138
18,354,120.803520522205
1,355,129.56106524275
2,355,81.7897932552527
3,355,94.2544234010344
4,355,122.313462086734
5,355,106.220355817321
6,355,83.0557505374479
7,355,98.766794898517
8,355,99.6359666879105
9,355,120.075530586344
10,355,60.6228062851949
11,355,81.7598837448174
12,355,128.024247524107
13,355,116.78095465562
14,355,108.690688237807
15,355,85.5166021101684
16,355,89.3949432562208
17,355,97.8311859444333
18,355,112.897890032799
1,356,103.92681234605
2,356,85.9027577598036
3,356,97.1573710132411
4,356,104.975872808008
5,356,67.4732190393874
6,356,71.9621029243993
7,356,132.651980871408
8,356,93.0966974986578
9,356,71.3687300314913
10,356,116.935632078357
11,356,92.3226373536881
12,356,67.5360211314647
13,356,90.9880933887398
14,356,129.364386159922
15,356,110.176709328228
16,356,105.171335221475
17,356,107.400149312588
18,356,107.751528308997
1,357,110.400100926346
2,357,137.445905587554
3,357,101.160373409772
4,357,123.444637395811
5,357,133.78734294248
6,357,103.742001931199
7,357,95.1295291839887
8,357,89.1683433531007
9,357,104.31605725464
10,357,118.657961155078
11,357,68.8789173818601
12,357,111.179400642175
13,357,118.871972444896
14,357,142.876984850955
15,357,110.571086213514
16,357,102.120145841195
17,357,85.672328410616
18,357,120.008622912432
1,358,80.8248782417767
2,358,136.125801817109
3,358,106.352731209761
4,358,133.441917744314
5,358,114.307521516634
6,358,107.75057347663
7,358,71.9825801069081
8,358,68.6098053175001
9,358,111.91016636072
10,358,92.4888733903876
11,358,116.918223279028
12,358,132.92433465971
13,358,96.4095917016833
14,358,96.468509737767
15,358,139.208726461841
16,358,104.23833107763
17,358,103.75209102122
18,358,64.4455844482899
1,359,129.887624160246
2,359,78.5785526017597
3,359,85.0655676635161
4,359,129.90493438519
5,359,78.0042090680616
6,359,98.9280692085843
7,359,133.175078833958
8,359,112.028298344641
9,359,64.919660759633
10,359,99.0655647892909
11,359,130.511427815535
12,359,91.9034737396486
13,359,98.6320778871639
14,359,91.4378300440006
15,359,89.1894050183697
16,359,96.2340662850896
17,359,109.467462973049
18,359,82.8770675644932
1,360,85.4462810066634
2,360,106.551999729629
3,360,82.7819657681178
4,360,100.704595769868
5,360,89.2512692802677
6,360,88.2711615013599
7,360,73.4730245256487
8,360,96.7315161491055
9,360,97.7772052163843
10,360,110.151994247969
11,360,109.944606834767
12,360,91.6670989648081
13,360,84.1692713337337
14,360,95.3578928503388
15,360,102.234883962463
16,360,75.8965641825549
17,360,141.951782363769
18,360,97.6025159326218
1,361,94.2158122853866
2,361,70.1060581256638
3,361,103.245471590642
4,361,103.530841637826
5,361,82.8935041571869
6,361,121.971796732187
7,361,155.18152565809
8,361,91.6252368628548
9,361,62.0492350269358
10,361,157.131489965896
11,361,138.817859661636
12,361,133.096791144941
13,361,120.159969315156
14,361,134.023531583032
15,361,72.9197812118775
16,361,83.7193367924284
17,361,114.356240633735
18,361,125.526568983385
1,362,90.1526455440494
2,362,97.8509430851539
3,362,82.6449577689018
4,362,117.134964660175
5,362,94.6233340621276
6,362,99.2607394374217
7,362,118.650042552014
8,362,139.911894707222
9,362,99.2938626675234
10,362,103.571152810101
11,362,78.8334791839596
12,362,116.674149307231
13,362,98.0484545849152
14,362,81.1774526563749
15,362,76.8625445254407
16,362,117.561481076185
17,362,99.0876110822746
18,362,114.215519685485
1,363,103.542374330548
2,363,123.356533951161
3,363,91.6684295669726
4,363,111.850051167235
5,363,125.118732610423
6,363,131.294888600161
7,363,141.368672317859
8,363,87.7166953112051
9,363,80.9028752370714
10,363,113.800019589368
11,363,112.656230583257
12,363,135.102378308055
13,363,81.660469667826
14,363,93.283327183485
15,363,72.4194877268928
16,363,83.4064890366366
17,363,114.001649830859
18,363,89.663262146234
1,364,73.6178759649833
2,364,135.425135182167
3,364,127.32308275767
4,364,102.033859554859
5,364,98.6210020840954
6,364,93.1832327469522
7,364,114.505261885068
8,364,107.248284738556
9,364,99.7825889727966
10,364,122.256272223536
11,364,79.8099249571122
12,364,88.2080319899856
13,364,124.681898013152
14,364,92.7470684794279
15,364,108.535319369958
16,364,81.3395054647692
17,364,81.2180939073003
18,364,126.700162735276
1,365,71.3483797118635
2,365,89.8980554574956
3,365,72.5114122742262
4,365,133.379335991928
5,365,107.365805701645
6,365,82.1281048494076
7,365,81.5151484484665
8,365,81.5881088694805
9,365,116.537098508092
10,365,105.106285422329
11,365,101.330397742955
12,365,109.393132378213
13,365,119.883229189338
14,365,71.8778096422397
15,365,112.582191960854
16,365,134.522099596571
17,365,85.8654471042398
18,365,86.890288405877
1,366,66.3090517921132
2,366,125.325291868954
3,366,105.013967587172
4,366,135.331655352614
5,366,94.7517647301146
6,366,101.644388942763
7,366,79.3474878870725
8,366,90.5638564986796
9,366,106.041316073592
10,366,98.8684741064344
11,366,108.977908989843
12,366,113.805370887107
13,366,107.137211602395
14,366,93.4220392551795
15,366,116.602269096463
16,366,100.21473408945
17,366,74.6906897855572
18,366,106.790273647967
1,367,97.9585300304853
2,367,90.8662893242301
3,367,130.948726075173
4,367,124.324941079445
5,367,91.8096656391913
6,367,116.000851750278
7,367,92.0204045145124
8,367,86.8800742355737
9,367,98.354909159715
10,367,150.911480335598
11,367,71.407630229624
12,367,136.159629815443
13,367,101.808052416855
14,367,117.14739105593
15,367,99.7856794714107
16,367,149.681424593332
17,367,135.841440695101
18,367,125.959945421538
1,368,130.149300912911
2,368,94.7325798951105
3,368,125.310766558202
4,368,108.826435862314
5,368,138.13446265045
6,368,72.9698320502002
7,368,86.9829196969226
8,368,104.238404304934
9,368,104.835345720658
10,368,144.468283287363
11,368,95.2902258011616
12,368,71.6539255930578
13,368,120.294167999547
14,368,95.0103107090931
15,368,113.554816531444
16,368,71.1474954575977
17,368,79.5097552393745
18,368,96.8935860746758
1,369,74.7130353658958
2,369,84.7713356954822
3,369,105.095777886217
4,369,112.709650375915
5,369,81.9927562774423
6,369,116.142659527416
7,369,125.89625259954
8,369,110.97483075705
9,369,117.025341468997
10,369,87.6338633519482
11,369,91.2805266755779
12,369,91.8422210820435
13,369,116.486617403008
14,369,141.055399650702
15,369,86.1997522946862
16,369,117.284123482769
17,369,69.9788326668236
18,369,76.0450916813962
1,370,131.52059773613
2,370,76.5914418890776
3,370,118.647741761822
4,370,146.633600126973
5,370,68.0620303513641
6,370,125.637363690351
7,370,114.991067399779
8,370,74.739756304727
9,370,132.482959240863
10,370,135.841653685314
11,370,83.4147744896285
12,370,123.848490498523
13,370,112.892294984692
14,370,90.0160045085362
15,370,76.6566769483675
16,370,116.667326809443
17,370,83.1099470203263
18,370,71.3672678509107
1,371,122.633388451926
2,371,119.715636852563
3,371,91.3986339484176
4,371,87.8135627421886
5,371,89.8717536509789
6,371,103.378367838518
7,371,103.051394144434
8,371,104.586439776393
9,371,131.229753593892
10,371,78.1407092799893
11,371,91.2986557987443
12,371,140.790364311733
13,371,104.095465951151
14,371,98.8515142022354
15,371,85.2920146859585
16,371,130.896486316586
17,371,130.166751394337
18,371,65.5897603658788
1,372,103.208665577401
2,372,76.7408622319018
3,372,98.8082016807552
4,372,96.1822767485398
5,372,84.2616439289975
6,372,72.8400182077118
7,372,127.383862568962
8,372,93.5322966380737
9,372,62.7081793140625
10,372,69.8399034875881
11,372,116.197502434866
12,372,76.0509886240653
13,372,89.7484317642646
14,372,70.4736639119051
15,372,107.844047001108
16,372,144.099197033551
17,372,92.1118820283707
18,372,122.698153239305
1,373,84.1919350759813
2,373,128.358908168727
3,373,75.4409652773714
4,373,76.5127090168212
5,373,75.2658424029109
6,373,95.1989881720429
7,373,123.411599269563
8,373,108.498700266734
9,373,94.0398748016581
10,373,92.2333883222731
11,373,113.562888799935
12,373,101.26241145465
13,373,77.7653488963278
14,373,107.931624329833
15,373,117.053779297857
16,373,73.7195358714653
17,373,132.232711730983
18,373,126.56390183385
1,374,113.153855552101
2,374,90.5182369857057
3,374,72.0003368207316
4,374,132.10979096969
5,374,119.782640087288
6,374,138.29131731912
7,374,110.448520777085
8,374,75.8913312955374
9,374,98.4570120763963
10,374,117.796692228349
11,374,87.5732031096916
12,374,77.1915773155824
13,374,117.288116806589
14,374,98.9363131666977
15,374,134.365997086676
16,374,116.537258724373
17,374,66.0763259864552
18,374,125.996725216205
1,375,84.2249918829837
2,375,85.9145327740839
3,375,135.774716788766
4,375,78.5162116023181
5,375,73.3559985021241
6,375,106.99387192335
7,375,78.7989939174599
8,375,82.5670151911269
9,375,93.5568679912684
10,375,96.8413633580635
11,375,109.770071644174
12,375,106.741496136794
13,375,81.0339138926865
14,375,87.3120195374709
15,375,61.602657792886
16,375,70.367506675334
17,375,156.651633698254
18,375,125.181148646358
1,376,71.5679675055792
2,376,139.271414059627
3,376,88.477295104244
4,376,97.1911046649192
5,376,101.506127949026
6,376,77.326985050452
7,376,71.9931775925758
8,376,112.295614773474
9,376,64.9727824867636
10,376,88.2595920579948
11,376,66.4590367884971
12,376,77.8041882403953
13,376,95.022791540575
14,376,91.3406822237922
15,376,119.247537208552
16,376,145.565375545057
17,376,105.730639165328
18,376,143.23728866267
1,377,92.1133085324701
2,377,92.4466901020959
3,377,111.520423962787
4,377,77.0103892012781
5,377,130.358623714179
6,377,92.0539354588346
7,377,125.884715906804
8,377,142.558372556241
9,377,134.156771889737
10,377,105.217855746923
11,377,99.4990323826847
12,377,121.930686140214
13,377,104.738354194111
14,377,115.390068815261
15,377,119.46423713457
16,377,129.795782045598
17,377,87.2205539578596
18,377,105.675475608903
1,378,71.0664320168425
2,378,74.6984133749558
3,378,97.3976082487216
4,378,142.938063122169
5,378,86.402151360074
6,378,84.8467810485048
7,378,73.2839256207466
8,378,66.0845339627413
9,378,81.3745820706834
10,378,93.435464380135
11,378,99.797247093649
12,378,86.5138229404871
13,378,100.172061649998
14,378,98.3728494911772
15,378,94.0115164517667
16,378,103.915563524284
17,378,84.5040463546706
18,378,119.676677939364
1,379,99.6342389781384
2,379,118.776421648546
3,379,95.3954138010951
4,379,110.95666486607
5,379,136.262261093727
6,379,88.9347174557532
7,379,83.6624650612259
8,379,111.66623458118
9,379,122.997574496174
10,379,123.556708626555
11,379,136.394373525759
12,379,81.2416460656079
13,379,79.17312860515
14,379,105.847243968901
15,379,119.457854126027
16,379,93.0699223321359
17,379,125.416642527742
18,379,100.021883544394
1,380,130.77714933992
2,380,115.966683722838
3,380,116.974829922268
4,380,141.281198000313
5,380,113.057263628532
6,380,110.06817286689
7,380,86.0280660881099
8,380,87.3132893584474
9,380,95.2005085604787
10,380,74.1718044219338
11,380,128.355685098177
12,380,110.910221126031
13,380,74.5139406749644
14,380,87.8487506006556
15,380,68.8602082762951
16,380,134.552679493989
17,380,77.7874196058523
18,380,91.6870412296755
1,381,105.330400043441
2,381,92.7597164779084
3,381,126.92996963289
4,381,78.2716899210438
5,381,67.9660483849509
6,381,125.178805366992
7,381,132.738000811419
8,381,96.2429345682225
9,381,118.495419454237
10,381,123.847006585068
11,381,96.8431786169089
12,381,106.85584869192
13,381,65.3448383098265
14,381,122.387599607311
15,381,86.2140206907518
16,381,117.735853636219
17,381,72.1909100369236
18,381,111.074576691188
1,382,78.358007995996
2,382,95.9234888823467
3,382,129.424169027639
4,382,145.305671977177
5,382,102.348123618047
6,382,143.232678593179
7,382,81.9379878279122
8,382,84.0653144157664
9,382,100.116048969719
10,382,85.230651491818
11,382,66.576202810955
12,382,105.083654431321
13,382,78.4338009359965
14,382,125.1247223217
15,382,153.374262305109
16,382,100.686601010074
17,382,107.067483635982
18,382,93.7079918121471
1,383,136.392185678919
2,383,108.51721633048
3,383,127.7259913989
4,383,57.0935883833757
5,383,99.4539273365215
6,383,121.989578866859
7,383,67.1256678227437
8,383,121.924300656885
9,383,126.781578634144
10,383,90.0885096503635
11,383,82.588506138196
12,383,70.3150620554028
13,383,89.075266535342
14,383,97.0303625865823
15,383,142.641756257555
16,383,88.4181797530991
17,383,99.6013333529533
18,383,129.813852931507
1,384,81.8160669523519
2,384,136.831870160425
3,384,72.82888984905
4,384,112.92182178931
5,384,79.4534434011902
6,384,153.430204118263
7,384,112.382126934446
8,384,110.963677260639
9,384,118.405973061352
10,384,83.649844592777
11,384,128.768714176621
12,384,73.5605216996616
13,384,84.0012606249742
14,384,113.883643181329
15,384,125.2463059923
16,384,111.604500160515
17,384,116.110983245783
18,384,88.411693154536
1,385,94.6621720258958
2,385,110.557993121189
3,385,93.6507375050683
4,385,88.9921204228792
5,385,107.189289955991
6,385,129.456069326336
7,385,108.6387530752
8,385,111.936757688718
9,385,90.5583572859456
10,385,103.461163725829
11,385,92.9210432859956
12,385,106.055967656683
13,385,131.209558501184
14,385,88.0355980833712
15,385,73.1913557565452
16,385,114.446815377097
17,385,135.02750726087
18,385,76.329638721964
1,386,124.68152240373
2,386,109.037152345081
3,386,123.29331807683
4,386,115.241871219926
5,386,98.3211242492719
6,386,126.456130522471
7,386,79.18871545538
8,386,122.465852530256
9,386,110.033717401089
10,386,65.7945616504457
11,386,122.941259374927
12,386,128.116617920721
13,386,116.514580388316
14,386,146.255392914767
15,386,96.1586644970955
16,386,116.264671701675
17,386,73.466542103128
18,386,118.987203873601
1,387,74.1109047024142
2,387,80.2944830255682
3,387,138.480363029489
4,387,109.526761483693
5,387,111.416917411298
6,387,93.5110319396736
7,387,134.388778338989
8,387,102.014164529992
9,387,113.880083161501
10,387,100.935993561253
11,387,98.6403557300223
12,387,65.3403762059415
13,387,122.546799966307
14,387,151.87616442036
15,387,80.8175035216325
16,387,97.8674470238119
17,387,140.949634697767
18,387,78.8893269329064
1,388,77.2201158597346
2,388,108.676628876466
3,388,79.2266769454268
4,388,100.428133729184
5,388,116.828569955235
6,388,109.620490908868
7,388,74.7464184145371
8,388,141.621091675227
9,388,80.0011654344798
10,388,128.300949704416
11,388,102.879207012288
12,388,102.898065352265
13,388,114.921117024115
14,388,103.797421057513
15,388,107.568178319914
16,388,121.274146819316
17,388,117.100209626734
18,388,110.974481308712
1,389,88.276822974694
2,389,90.4477037046174
3,389,72.1413161892311
4,389,139.442887820717
5,389,135.132793195639
6,389,97.3429347800794
7,389,104.888962175513
8,389,86.9181913870061
9,389,146.811929800017
10,389,91.5100591463174
11,389,102.128116160621
12,389,137.913504983615
13,389,105.126985294656
14,389,130.067784467993
15,389,69.4922557885775
16,389,109.912624104182
17,389,132.581214076269
18,389,115.862067659252
1,390,95.7221823470262
2,390,76.4349115579154
3,390,78.0718633139473
4,390,76.3041798346051
5,390,80.8969639938563
6,390,118.002007529682
7,390,102.528818325987
8,390,89.802692892559
9,390,106.39506264734
10,390,131.156248365317
11,390,114.272636008265
12,390,112.609101353247
13,390,129.805602932951
14,390,100.826267271454
15,390,124.670771059231
16,390,71.7446932004153
17,390,91.0660082779101
18,390,110.032271951622
1,391,65.1811403816498
2,391,135.321661792109
3,391,107.100074626492
4,391,111.39775154747
5,391,82.4583878730384
6,391,118.813324321468
7,391,99.6528714083227
8,391,115.357499910361
9,391,75.1025719195612
10,391,92.0514819138359
11,391,128.349699310308
12,391,112.032171029474
13,391,95.6717865128992
14,391,114.280757462914
15,391,70.1306848293144
16,391,119.169925367131
17,391,128.670103253807
18,391,90.8677812760445
1,392,110.777434192974
2,392,98.8334693510091
3,392,109.360818697695
4,392,104.24732740044
5,392,101.685311970931
6,392,124.935409962653
7,392,89.3976296418496
8,392,79.4706840046271
9,392,106.844436531643
10,392,116.347373780654
11,392,83.139761898943
12,392,87.0100890089139
13,392,133.932837458118
14,392,114.139783199792
15,392,98.2419702764709
16,392,99.922008228382
17,392,98.3190865761631
18,392,96.9058512775182
1,393,120.924316830584
2,393,79.8490727372931
3,393,125.615354822307
4,393,106.23821090712
5,393,67.6287952833178
6,393,104.332192954477
7,393,92.6683366356775
8,393,97.6150014759272
9,393,86.1179222454049
10,393,97.2006670189995
11,393,85.0565874780749
12,393,103.107789539053
13,393,90.5366283832255
14,393,117.240411109253
15,393,138.708379339083
16,393,90.4349097202337
17,393,126.571809477082
18,393,94.0366688550317
1,394,104.640955213222
2,394,124.493250863842
3,394,125.31440287615
4,394,96.1686077148372
5,394,136.425475391457
6,394,99.1716030066688
7,394,99.5446912866068
8,394,129.339592581586
9,394,124.41787015571
10,394,149.819736134116
11,394,84.7821611355161
12,394,87.6188855562342
13,394,92.9538082805844
14,394,95.1781614581013
15,394,131.929884460608
16,394,100.993657053898
17,394,84.4460502804775
18,394,139.110930074018
1,395,111.254413622978
2,395,104.887949001509
3,395,84.510687843217
4,395,103.377584617682
5,395,108.634938511125
6,395,110.001959032215
7,395,111.058980339137
8,395,127.49213956869
9,395,107.480318367509
10,395,131.310727046589
11,395,121.144559550392
12,395,114.650193540504
13,395,94.5808333597243
14,395,125.423871318869
15,395,75.0732664751927
16,395,69.1089203332333
17,395,120.08790907928
18,395,106.642384142213
1,396,100.009667498974
2,396,109.587251921298
3,396,85.1692219530074
4,396,83.528308473136
5,396,113.31056264723
6,396,97.060459215997
7,396,118.416636857557
8,396,102.341177858137
9,396,96.2460669888397
10,396,115.7550062841
11,396,150.600346565354
12,396,67.4094800446969
13,396,65.313098541538
14,396,110.627529881538
15,396,144.143804895775
16,396,94.1858351403633
17,396,142.562545082196
18,396,98.4624528784712
1,397,61.1453958759726
2,397,105.770408012535
3,397,95.5392828327941
4,397,89.6247457320621
5,397,96.1806738543998
6,397,109.166623430007
7,397,94.1181309132981
8,397,113.531719244504
9,397,149.807040733304
10,397,107.833929834337
11,397,89.5939048400852
12,397,104.217392539993
13,397,74.5358997328296
14,397,134.533233476747
15,397,99.0944501428896
16,397,76.7309819658669
17,397,91.7012660510354
18,397,107.721075623523
1,398,76.7900234073548
2,398,63.4506174679428
3,398,82.8159990205872
4,398,150.062916047321
5,398,128.531290771013
6,398,134.082625697184
7,398,64.4302115456915
8,398,91.1987519219396
9,398,92.4531182064212
10,398,112.028085407703
11,398,79.8785642527771
12,398,124.444688674163
13,398,90.1421262974437
14,398,96.2251617307382
15,398,70.0817690157332
16,398,110.41444375306
17,398,87.9173558668557
18,398,129.180010690826
1,399,74.8304107981851
2,399,80.8833003299651
3,399,80.442461621596
4,399,70.282872772772
5,399,98.4712366222046
6,399,123.840804945001
7,399,140.520662243597
8,399,90.9234304354219
9,399,116.155258164349
10,399,94.2091411018083
11,399,113.199312124921
12,399,76.3137201433432
13,399,64.7665527107823
14,399,134.366218483059
15,399,70.0494830440229
16,399,106.782476517885
17,399,108.606447078529
18,399,143.761595851274
1,400,109.008508364925
2,400,92.4451762184603
3,400,108.324139506276
4,400,109.054485945031
5,400,109.684872662636
6,400,142.833902943242
7,400,91.055244116507
8,400,89.1802330114376
9,400,111.814393564344
10,400,74.8235693921807
11,400,83.997580081538
12,400,109.850453456974
13,400,73.3373896022804
14,400,92.6420342652487
15,400,97.4699542189526
16,400,124.681727212806
17,400,111.61294785002
18,400,75.9758099874796
1,401,107.134870593458
2,401,142.701873500798
3,401,98.4657611111817
4,401,120.681072640878
5,401,80.9266082031321
6,401,121.856649261628
7,401,90.7945368742433
8,401,78.8296632765372
9,401,101.115804597063
10,401,91.1170119870909
11,401,87.4868371021623
12,401,127.05800640941
13,401,108.054499525619
14,401,91.9263781592575
15,401,120.431425088307
16,401,115.629854361076
17,401,108.521374009818
18,401,65.5734071805661
1,402,130.918379337051
2,402,90.3720485612594
3,402,82.9930569192776
4,402,148.163290238842
5,402,123.814754492295
6,402,120.340061400047
7,402,113.581109131844
8,402,82.0620091327557
9,402,151.110008777513
10,402,70.779813343579
11,402,95.2901816074541
12,402,69.3782397577062
13,402,87.2457668750767
14,402,86.0501111952156
15,402,128.450299263715
16,402,70.7845200607295
17,402,95.0749956261189
18,402,68.9300288324023
1,403,136.898561505536
2,403,101.563731963431
3,403,95.1914607620243
4,403,76.7298525552263
5,403,103.919516121173
6,403,107.181661563236
7,403,104.416386775785
8,403,95.4979268411527
9,403,106.829374624597
10,403,81.0079246865242
11,403,116.24992365419
12,403,115.533890983336
13,403,115.267650754737
14,403,113.188827127905
15,403,94.2447072168667
16,403,82.0936444312142
17,403,66.4929475539642
18,403,98.6468475989849
1,404,78.2853816431088
2,404,69.0110514792062
3,404,119.147934023091
4,404,96.7489214890597
5,404,72.5130589814027
6,404,110.848394214247
7,404,132.411395464822
8,404,109.371764179225
9,404,96.3951195278853
10,404,100.297349702801
11,404,100.951753588599
12,404,98.6810532894397
13,404,64.3407101643623
14,404,84.2770554080003
15,404,89.6398548507663
16,404,104.127204275036
17,404,88.5876175718562
18,404,91.6010630496644
1,405,134.838004017378
2,405,82.1357087999907
3,405,97.708891900755
4,405,90.4843739575226
5,405,122.957791274456
6,405,114.02985595996
7,405,140.409146710016
8,405,121.027801306709
9,405,99.3760212947052
10,405,125.264467178736
11,405,99.746351516802
12,405,122.305683113966
13,405,96.7274316044007
14,405,154.162318930196
15,405,92.9038688043077
16,405,89.125541678682
17,405,86.9466869069361
18,405,117.609859938499
1,406,123.822402418181
2,406,109.305064860405
3,406,68.8980069565316
4,406,93.6192626549569
5,406,122.137686022773
6,406,112.863594382654
7,406,112.862328835747
8,406,92.8425818667102
9,406,69.1407037544577
10,406,115.012246692916
11,406,61.0135684988273
12,406,131.012425158672
13,406,126.896796028324
14,406,98.3668607406012
15,406,108.186189705268
16,406,106.601250373761
17,406,91.3062413791922
18,406,143.619670460954
1,407,110.930637655101
2,407,114.357275873609
3,407,107.890726944421
4,407,114.531406188771
5,407,76.673015608192
6,407,88.986145636207
7,407,99.5502951668189
8,407,108.02535837237
9,407,85.9225192496337
10,407,128.855460256488
11,407,108.253816479678
12,407,66.304082482152
13,407,95.5870017123623
14,407,112.209095584186
15,407,103.183061212725
16,407,98.0177898770071
17,407,101.160742940365
18,407,72.514190443645
1,408,105.677418315583
2,408,89.3446807522057
3,408,103.187958414142
4,408,104.263336839227
5,408,72.2829871500386
6,408,115.783223033099
7,408,90.5615452747466
8,408,97.2081360085199
9,408,143.806540835799
10,408,87.8227920851417
11,408,86.7075836379883
12,408,117.224271013328
13,408,105.395112805812
14,408,120.825358946646
15,408,91.8711496230564
16,408,95.9085360718767
17,408,141.528257926722
18,408,100.341973303223
1,409,121.096936485377
2,409,119.204090597277
3,409,138.920914738301
4,409,96.9718754625455
5,409,103.532004371568
6,409,87.231668671923
7,409,101.331341977693
8,409,109.091357413806
9,409,66.2275063034811
10,409,147.093457030868
11,409,59.9429223799004
12,409,127.366380637917
13,409,118.535450874226
14,409,128.097975607246
15,409,91.2158994092362
16,409,74.5587050874653
17,409,116.561596683841
18,409,98.6364711943534
1,410,98.4237269213901
2,410,128.319964610794
3,410,84.1833278294552
4,410,115.105584945646
5,410,109.246305348833
6,410,107.071194660787
7,410,104.259556952843
8,410,147.80712647673
9,410,84.6831276879099
10,410,103.344610322316
11,410,87.5649290112082
12,410,95.7842301392218
13,410,80.5569528779058
14,410,85.4192665823773
15,410,112.437068124052
16,410,110.120814032008
17,410,99.7092936232659
18,410,106.350453524657
1,411,90.1659626879397
2,411,65.4722757703816
3,411,105.146064934179
4,411,98.5120520837534
5,411,154.709593645879
6,411,93.4793282777413
7,411,71.3096283741708
8,411,81.4621185935935
9,411,78.0543430481561
10,411,109.730357637298
11,411,113.394920913574
12,411,110.712490377205
13,411,103.219477818399
14,411,96.1925248263749
15,411,83.5996072496338
16,411,96.6628216809645
17,411,138.10854084549
18,411,76.4662718532571
1,412,99.7979757305577
2,412,142.744952579275
3,412,113.545717003431
4,412,134.591555711026
5,412,98.8783197031948
6,412,112.282762853791
7,412,87.5142864600443
8,412,90.0596364230882
9,412,113.875250684789
10,412,146.18515162955
11,412,84.3268687727818
12,412,100.431609492547
13,412,120.233375701262
14,412,73.6727386681409
15,412,128.325120122546
16,412,139.82622841927
17,412,147.778823721418
18,412,114.510407491891
1,413,98.1279493706866
2,413,82.683182987955
3,413,106.381105093044
4,413,108.089106129755
5,413,80.213839415125
6,413,82.545980028738
7,413,110.112841068765
8,413,141.981330566382
9,413,83.8132103270938
10,413,121.677104381871
11,413,97.8273405163848
12,413,119.233500728002
13,413,106.82219996729
14,413,87.2318922732726
15,413,75.4831132704757
16,413,73.8102050040482
17,413,100.40560967602
18,413,88.1693499513216
1,414,87.0180999812877
2,414,83.5724330600331
3,414,111.395146792223
4,414,119.959139370349
5,414,95.845066462677
6,414,102.26999764648
7,414,95.0404707350282
8,414,114.143158285142
9,414,95.5686239873096
10,414,130.121360905801
11,414,96.0222973741808
12,414,103.599357121669
13,414,121.150451400229
14,414,129.559577318413
15,414,91.5520692076001
16,414,145.240611727515
17,414,106.954639711289
18,414,140.023657568372
1,415,118.781268005145
2,415,98.2009006473676
3,415,135.091887664587
4,415,125.67248383305
5,415,94.2176808576314
6,415,145.666191848663
7,415,112.745468224614
8,415,123.734266604806
9,415,96.9183085955408
10,415,91.7827205187799
11,415,104.979442930345
12,415,73.3953501418174
13,415,84.1409631968689
14,415,90.4687694859546
15,415,101.221589617687
16,415,117.19713026498
17,415,95.4694087311113
18,415,87.4093051910839
1,416,67.5832538106656
2,416,94.0854757494004
3,416,118.956826092579
4,416,89.8028156890908
5,416,110.203118899875
6,416,135.060804113728
7,416,122.322687625399
8,416,103.54029759274
9,416,120.887338180189
10,416,114.086705887458
11,416,89.3221029533429
12,416,129.272751633522
13,416,145.490915818159
14,416,104.362256424656
15,416,107.727654318719
16,416,83.5267462714944
17,416,87.6343793895565
18,416,95.079344858669
1,417,116.216932537022
2,417,89.082684657613
3,417,112.916855162741
4,417,64.9688305320201
5,417,151.754860740891
6,417,109.21175032922
7,417,105.861916830163
8,417,69.3892418997671
9,417,84.5639547311698
10,417,146.172301104623
11,417,92.9186349797783
12,417,68.7994130022728
13,417,89.4345248917097
14,417,65.1322702851764
15,417,87.175445419586
16,417,108.700847594945
17,417,96.9207021922949
18,417,117.944623694631
1,418,100.150784612614
2,418,95.9263790275374
3,418,79.0073899716227
4,418,100.586331963295
5,418,109.306745606112
6,418,78.315984038797
7,418,84.6487666622916
8,418,78.2534159053396
9,418,136.447467153764
10,418,149.404743599417
11,418,84.51005721847
12,418,84.8781126559046
13,418,128.646155134219
14,418,91.4779339031668
15,418,88.4920110551785
16,418,101.108413909303
17,418,82.6279661070985
18,418,122.789884650152
1,419,102.317783107083
2,419,128.729094419735
3,419,109.377419861164
4,419,134.135981490326
5,419,102.119511061675
6,419,92.0072967318466
7,419,110.854350419444
8,419,88.2508131500653
9,419,133.259856837157
10,419,116.436260767413
11,419,101.446179194942
12,419,78.8195309057547
13,419,127.140857280885
14,419,97.190474603039
15,419,83.178090055365
16,419,145.669261187766
17,419,115.935048591138
18,419,127.818400862106
1,420,96.6361005008047
2,420,72.2201141209706
3,420,82.4521472165201
4,420,124.480359327337
5,420,86.8689671026436
6,420,145.724821558539
7,420,110.055452029326
8,420,130.252689736097
9,420,105.582904039299
10,420,132.668382844127
11,420,141.929919606777
12,420,81.8052944406298
13,420,117.024153477282
14,420,78.3024821711077
15,420,98.0475793316855
16,420,123.181777419545
17,420,132.386637450518
18,420,133.174644832759
1,421,97.5122399773923
2,421,111.126217495103
3,421,92.4529103445636
4,421,77.6520430067607
5,421,125.354303897843
6,421,80.9649514837686
7,421,91.3404399624113
8,421,76.2694346280981
9,421,101.278833671616
10,421,80.7677045489969
11,421,95.2362392319976
12,421,90.8559919041373
13,421,143.287370733223
14,421,94.378166634758
15,421,94.594922908568
16,421,80.8879003399801
17,421,94.7998993314494
18,421,101.365344434392
1,422,119.901419886051
2,422,122.464661582059
3,422,92.3395821538307
4,422,84.616762836427
5,422,88.9088888737852
6,422,92.138420835871
7,422,112.383442182901
8,422,95.5178005887387
9,422,101.174761057723
10,422,122.50498353809
11,422,72.0807904776862
12,422,135.146131081998
13,422,72.3985824860107
14,422,75.813003001946
15,422,78.9252619236176
16,422,106.24685833129
17,422,129.792278843093
18,422,104.443852265596
1,423,95.9560069702093
2,423,97.2213697331185
3,423,125.58866051405
4,423,103.735778989078
5,423,80.8831989278897
6,423,94.2285152268873
7,423,70.2229730088613
8,423,119.603247082673
9,423,74.9864263997759
10,423,113.286473957553
11,423,70.7995682324361
12,423,123.822842494199
13,423,109.596002381971
14,423,125.91887127592
15,423,104.322339477726
16,423,96.8260340594637
17,423,75.9704534844901
18,423,140.379208777488
1,424,104.673256317389
2,424,146.321579925366
3,424,132.69198935841
4,424,89.2676837865858
5,424,129.200716629835
6,424,122.160933360426
7,424,98.7925383195239
8,424,89.0791492237402
9,424,134.355638461232
10,424,101.55586030707
11,424,90.9205921754408
12,424,70.1644418012846
13,424,141.913277676711
14,424,129.011195018757
15,424,111.790468555415
16,424,86.8014686594707
17,424,114.149983964477
18,424,87.5043221960618
1,425,123.971444049836
2,425,81.9215357025634
3,425,135.433623713696
4,425,114.805964099415
5,425,72.2364967399107
6,425,98.5084340174777
7,425,132.773849564993
8,425,121.662735861423
9,425,153.612575047539
10,425,131.534800342338
11,425,105.501256945537
12,425,106.794357132766
13,425,121.760997773461
14,425,93.4237409407836
15,425,101.077307072111
16,425,97.018087477903
17,425,80.3906473575095
18,425,136.069701587145
1,426,100.259728049441
2,426,81.5041081532483
3,426,97.0222314414876
4,426,111.192766371358
5,426,126.22342003806
6,426,116.741910193072
7,426,76.1355093636279
8,426,112.22472949611
9,426,140.261340678851
10,426,101.297760809459
11,426,147.224641668785
12,426,92.8006101035386
13,426,113.15623659677
14,426,121.369291175781
15,426,83.6933857445596
16,426,96.8761278524448
17,426,96.0484012122643
18,426,93.8201122748409
1,427,75.5902200148006
2,427,121.083927754913
3,427,95.3529986224412
4,427,84.837462567403
5,427,89.7793657566949
6,427,128.071017836508
7,427,116.292160656999
8,427,123.722012760905
9,427,100.536633687667
10,427,82.5803348553316
11,427,99.2446546782461
12,427,101.089790101664
13,427,83.5455715025923
14,427,124.594929633295
15,427,74.606709509471
16,427,102.540762281918
17,427,105.338353223058
18,427,93.005580548147
1,428,96.8741370933246
2,428,81.9398167947034
3,428,105.509486283904
4,428,113.67538962539
5,428,79.0370098159313
6,428,122.311327364562
7,428,128.238042009589
8,428,95.7735976394284
9,428,107.398047238878
10,428,88.546540684944
11,428,112.724579839841
12,428,98.3586630397832
13,428,73.0964622012624
14,428,118.520975137351
15,428,108.86530467351
16,428,146.367194773756
17,428,104.704159334254
18,428,91.9575006245563
1,429,146.606378744499
2,429,138.740341702046
3,429,74.1027668515387
4,429,71.0374289587861
5,429,89.7017915355735
6,429,125.531322501027
7,429,90.0464181528035
8,429,105.738202931167
9,429,120.045910378649
10,429,78.9215651745928
11,429,132.158298847407
12,429,123.407211904518
13,429,77.5988500205017
14,429,124.913586273826
15,429,73.3055110376487
16,429,85.9319373623668
17,429,126.489568921861
18,429,147.220247395573
1,430,111.124990632974
2,430,95.5508408944384
3,430,93.447515327144
4,430,117.55437766483
5,430,74.9242871740267
6,430,111.398325129218
7,430,129.943393577939
8,430,126.702420094137
9,430,94.7018059175167
10,430,106.865768328518
11,430,89.8886152513946
12,430,101.4359621607
13,430,102.538164720996
14,430,124.152013451964
15,430,86.5148905720252
16,430,125.509415888977
17,430,123.124308864573
18,430,79.5335441529296
1,431,109.796195711665
2,431,131.318368305585
3,431,86.6461081078951
4,431,93.4807291873397
5,431,108.130352585175
6,431,130.760137668025
7,431,102.58849646461
8,431,73.5457398232045
9,431,76.7016011904137
10,431,79.8737385881041
11,431,84.8343024284557
12,431,103.542699295635
13,431,100.598062436676
14,431,91.1871801522104
15,431,98.7340966392612
16,431,80.8736619381157
17,431,131.361875760337
18,431,99.2003560889749
1,432,102.409162990886
2,432,96.4026391954266
3,432,64.7647910987715
4,432,87.9977581907541
5,432,108.838190770009
6,432,83.3394147687901
7,432,131.840478206156
8,432,120.696002151635
9,432,86.6964691890745
10,432,114.380489735431
11,432,105.871913219836
12,432,79.8114610163268
13,432,128.356706697022
14,432,107.528163266133
15,432,93.6262084443924
16,432,107.480257303097
17,432,134.566643644864
18,432,92.4225561948503
1,433,123.700884145399
2,433,85.1288303487908
3,433,98.9878052798761
4,433,69.5449679362643
5,433,95.8548730469306
6,433,150.225098516518
7,433,114.174779248454
8,433,89.5048293063326
9,433,113.933997796015
10,433,105.644218319153
11,433,85.8777581571225
12,433,97.9691274338228
13,433,73.7948602929111
14,433,81.0223377552998
15,433,136.267411950519
16,433,130.087328476641
17,433,82.6799446353813
18,433,127.847910816329
1,434,91.6199558741161
2,434,67.2065617012483
3,434,132.009386599492
4,434,132.321592762254
5,434,123.739862679702
6,434,120.663693300976
7,434,77.1882300428329
8,434,122.056996787324
9,434,98.5245144559617
10,434,114.744298144945
11,434,129.247680282026
12,434,104.342281708221
13,434,99.0027396173338
14,434,105.906801773804
15,434,82.8449542592997
16,434,85.7284579010332
17,434,72.4006991141926
18,434,95.1701407526731
1,435,73.0865762537493
2,435,85.125262641133
3,435,97.6063920220487
4,435,89.6400651406562
5,435,89.4106037887985
6,435,87.2268836503862
7,435,83.4925144614436
8,435,72.0743989963874
9,435,79.2257938248399
10,435,118.578796821241
11,435,93.4322257719999
12,435,93.2375596464476
13,435,87.6502868960468
14,435,131.168348283946
15,435,104.930945844267
16,435,98.2188917794564
17,435,92.0653633701227
18,435,113.238114064404
1,436,99.3175824157447
2,436,101.685847563789
3,436,104.101290944063
4,436,76.1503153365677
5,436,73.8028305743437
6,436,114.647731176469
7,436,109.494375845487
8,436,98.4971798399176
9,436,81.487440753749
10,436,110.517102169193
11,436,84.2029588877384
12,436,110.987187089333
13,436,94.1859476811931
14,436,84.1212186400147
15,436,101.93198718379
16,436,93.6182633122465
17,436,96.0373663594921
18,436,83.6975740178044
1,437,85.2961419837234
2,437,89.7025628669047
3,437,123.456282097645
4,437,101.204849093355
5,437,70.2987772292198
6,437,135.687755049026
7,437,108.33737247654
8,437,78.0547938771742
9,437,94.9187907423613
10,437,104.265805530342
11,437,78.134668281859
12,437,114.933233288807
13,437,97.1933577646607
14,437,93.1538645770464
15,437,114.104350781371
16,437,133.333164518357
17,437,82.0504381002726
18,437,119.135363227737
1,438,89.8015489815435
2,438,78.8644830239694
3,438,80.4355144356998
4,438,80.5039258251566
5,438,87.0173669769414
6,438,111.803863052439
7,438,121.400344239815
8,438,99.2186930553249
9,438,97.2913587535784
10,438,86.7360876123944
11,438,146.853246441394
12,438,109.015815256094
13,438,97.9222530805274
14,438,107.363947450842
15,438,121.463588055581
16,438,145.217860759252
17,438,84.4738766975017
18,438,128.616821392414
1,439,84.067220145365
2,439,106.97855373268
3,439,106.49529056242
4,439,140.742864504983
5,439,120.029462199613
6,439,119.823416985228
7,439,68.5195705272792
8,439,82.5953551277424
9,439,80.4037800507736
10,439,106.24690340523
11,439,104.426267932032
12,439,132.146476061002
13,439,119.57424618467
14,439,123.495487378199
15,439,123.379134074994
16,439,84.9959106770331
17,439,110.079382324751
18,439,98.8903371864998
1,440,95.4406225056315
2,440,73.7838166684734
3,440,117.7513896274
4,440,133.733425577324
5,440,74.7261336740556
6,440,102.487237809215
7,440,122.033361598341
8,440,79.0738646197205
9,440,98.561325841052
10,440,140.02157759494
11,440,128.849093772944
12,440,101.244785245232
13,440,140.016996183677
14,440,90.164441805793
15,440,127.073579713182
16,440,84.7582278679591
17,440,122.217369353095
18,440,127.918354746508
1,441,114.4105429493
2,441,135.623955345072
3,441,102.397110894231
4,441,117.046289758629
5,441,127.363109889002
6,441,123.940457754223
7,441,131.37235504384
8,441,67.2564085782311
9,441,81.2558249268321
10,441,119.615790102721
11,441,107.421795217996
12,441,64.1698180449266
13,441,119.229699389538
14,441,78.9904119815551
15,441,72.1943944352509
16,441,115.041518946541
17,441,83.8123912098727
18,441,120.381855854756
1,442,120.923820908265
2,442,92.2234223089836
3,442,101.237725368107
4,442,100.368751816049
5,442,129.597866171308
6,442,89.00092769906
7,442,150.233544036845
8,442,74.0840104935415
9,442,78.7039582919142
10,442,91.3614544173526
11,442,79.1866214093686
12,442,141.129094216762
13,442,100.172843780258
14,442,134.889321473366
15,442,115.895072438668
16,442,95.2765043706898
17,442,81.7793644602711
18,442,85.313012268415
1,443,106.15188452876
2,443,93.5688312896664
3,443,62.1087416567382
4,443,110.102907207513
5,443,78.4781287801361
6,443,83.1488303560652
7,443,116.910571414565
8,443,91.9363292310397
9,443,115.402905662764
10,443,114.38561650042
11,443,145.300014056862
12,443,152.784132089631
13,443,139.29218139791
14,443,92.3156181614339
15,443,132.784973680886
16,443,107.717619836304
17,443,105.363196170679
18,443,90.3551174825349
1,444,145.406581634308
2,444,118.167286275891
3,444,135.48142502753
4,444,86.2484278788308
5,444,75.9642820630207
6,444,99.6192428752365
7,444,83.2485934087529
8,444,82.2903457059081
9,444,71.3457597094248
10,444,99.1210330056415
11,444,89.2838856011543
12,444,123.986232099696
13,444,120.886285378109
14,444,110.373775732866
15,444,119.313811561715
16,444,109.582886858028
17,444,83.1935114275562
18,444,75.9384581532957
1,445,83.5907451267903
2,445,73.4232727862585
3,445,97.9124494103756
4,445,125.729232423698
5,445,112.162590855011
6,445,103.674344698348
7,445,95.5222048190728
8,445,127.036656922631
9,445,105.614337490764
10,445,105.18201401209
11,445,81.7488601135503
12,445,96.5163376934818
13,445,88.3936776131732
14,445,100.842833898827
15,445,105.487815820944
16,445,103.858633468833
17,445,96.7206110715148
18,445,110.463302729538
1,446,135.213317612758
2,446,95.4692258098938
3,446,71.4041613585119
4,446,83.2901850986056
5,446,136.95501233228
6,446,74.1653358604113
7,446,147.91724637963
8,446,94.9690412637447
9,446,118.057419111433
10,446,80.4005056199588
11,446,97.6786813082179
12,446,84.3271804894708
13,446,97.1087096939843
14,446,108.324588581311
15,446,90.8672075016606
16,446,81.9515832286574
17,446,110.280303939252
18,446,75.5905305810231
1,447,128.94930993608
2,447,138.995884868047
3,447,123.372057067585
4,447,97.0987142725172
5,447,130.447567143564
6,447,87.2098449806235
7,447,133.937736460728
8,447,124.887924113811
9,447,134.678267824442
10,447,98.3910368566151
11,447,104.919427798123
12,447,110.515253323376
13,447,122.581253289992
14,447,122.772455826701
15,447,106.680586429345
16,447,64.6090782261916
17,447,101.054087915471
18,447,107.931106695127
1,448,115.518702224578
2,448,102.914891276969
3,448,119.966162430567
4,448,106.458713937989
5,448,125.029080989494
6,448,94.6012438882079
7,448,76.2335925081886
8,448,110.029947403264
9,448,100.363839097446
10,448,115.938824422741
11,448,106.101397842754
12,448,109.931354384328
13,448,132.518407275202
14,448,122.165910124359
15,448,123.784097573747
16,448,108.472275303234
17,448,80.5612375524507
18,448,73.957097753971
1,449,96.091624192178
2,449,76.3469266428573
3,449,131.26912606575
4,449,74.698979395939
5,449,93.3344622754257
6,449,125.612943763915
7,449,75.6945214289829
8,449,117.885272847636
9,449,117.359762778744
10,449,135.631874276101
11,449,92.0132766409321
12,449,88.4223655944929
13,449,95.9936982833284
14,449,100.541325555429
15,449,109.428153733432
16,449,129.981471745118
17,449,102.704106783383
18,449,136.029971856877
1,450,151.150032280274
2,450,100.280455578019
3,450,115.628768531529
4,450,137.825972219475
5,450,114.005730090868
6,450,66.8015349048176
7,450,111.85552092511
8,450,105.960439718434
9,450,109.125608601783
10,450,121.89022369187
11,450,121.88132226511
12,450,153.709570365111
13,450,116.192391113585
14,450,140.429330930306
15,450,91.8241036973156
16,450,144.205489427642
17,450,81.5134236847641
18,450,88.2649031043795
1,451,129.038842785308
2,451,69.07665030469
3,451,101.85934467151
4,451,75.8959933742506
5,451,128.201823205335
6,451,78.1922211639174
7,451,74.5460371294006
8,451,70.6128978742264
9,451,86.2580541606536
10,451,86.8679265307718
11,451,110.00971584633
12,451,99.8063488965944
13,451,78.1048249252178
14,451,99.165791070608
15,451,78.5052729583797
16,451,143.867092695986
17,451,142.699162751838
18,451,103.893827034478
1,452,80.531327459626
2,452,93.3804818536135
3,452,118.640176431877
4,452,127.445013698748
5,452,83.506339118519
6,452,126.000739860432
7,452,89.4484589167455
8,452,72.1621015511251
9,452,139.598575739246
10,452,131.629536576383
11,452,95.7895241394251
12,452,66.0975272873047
13,452,100.486667364645
14,452,93.0347305693014
15,452,149.081911937397
16,452,87.1116445622329
17,452,107.323385558338
18,452,71.8427499360958
1,453,112.102755264486
2,453,93.9632560269973
3,453,106.877382517237
4,453,82.2119354056245
5,453,104.328129994974
6,453,96.8174645786364
7,453,101.157554174589
8,453,143.061425515696
9,453,87.2702206718121
10,453,102.658054576102
11,453,133.149860390324
12,453,88.2485279685791
13,453,123.075437253904
14,453,86.1327104228877
15,453,124.684718339261
16,453,121.349229054676
17,453,133.812691244049
18,453,112.685734282216
1,454,92.3888225438544
2,454,91.0283215318059
3,454,70.1720186110891
4,454,100.13961637767
5,454,102.577896095876
6,454,111.362299088932
7,454,110.693101383672
8,454,134.65398750265
9,454,114.639156111267
10,454,76.3008688294299
11,454,134.368029016291
12,454,126.297275728574
13,454,129.14414025355
14,454,84.7394527321703
15,454,96.8964461601887
16,454,107.458118902105
17,454,112.497763785283
18,454,135.927703987643
1,455,81.5568218613341
2,455,126.876062304254
3,455,134.472149637091
4,455,92.1731330353883
5,455,142.996508115749
6,455,146.170927414144
7,455,152.055703508338
8,455,71.6628645715914
9,455,95.6667927926863
10,455,129.709820932714
11,455,140.299217675871
12,455,98.8106113010947
13,455,127.586979425391
14,455,140.069468414395
15,455,92.9968145498284
16,455,61.9443536060306
17,455,91.8302179199055
18,455,80.3035697186435
1,456,105.894244804692
2,456,79.6793034819061
3,456,112.978609786704
4,456,91.2424867684889
5,456,88.2546456461489
6,456,116.34621169364
7,456,128.237472513865
8,456,101.924408996568
9,456,114.862793825206
10,456,106.141565454194
11,456,139.755420806865
12,456,95.5005249438748
13,456,106.318648789119
14,456,95.7719857091916
15,456,113.940569096747
16,456,72.307831579914
17,456,107.366860192606
18,456,91.2017185598393
1,457,151.450225345018
2,457,124.794130063422
3,457,121.136344102498
4,457,140.670520132531
5,457,127.773242185952
6,457,129.287570717853
7,457,98.4900911176598
8,457,69.0897581741339
9,457,94.10769434633
10,457,111.573960030557
11,457,124.031576846771
12,457,125.77376272715
13,457,128.171998008919
14,457,87.5343425646056
15,457,91.5304070345431
16,457,118.468450944127
17,457,105.631096469642
18,457,79.7719859611185
1,458,129.14601764524
2,458,102.200980536903
3,458,101.121898371574
4,458,91.1485061392878
5,458,108.133877989163
6,458,100.067431742015
7,458,81.4027512235886
8,458,111.842055381107
9,458,99.9863361525927
10,458,105.434744936261
11,458,108.74699651214
12,458,81.0982527392857
13,458,91.1680625406327
14,458,102.594517427786
15,458,107.685058685228
16,458,73.4139441302536
17,458,96.2624767836873
18,458,92.4550200763643
1,459,150.094642542687
2,459,117.725842951982
3,459,99.6894913139149
4,459,90.4690537717167
5,459,93.9187028583078
6,459,65.301875445917
7,459,121.73547908896
8,459,81.0506311617248
9,459,127.799468825168
10,459,96.7829800186296
11,459,69.6478974075713
12,459,104.29066799832
13,459,93.3096500725418
14,459,123.945573981337
15,459,139.381600795006
16,459,101.628081748563
17,459,103.720874196946
18,459,80.0053384453015
1,460,139.793344156268
2,460,88.072467766121
3,460,81.6030279263283
4,460,110.916452657065
5,460,135.631937075272
6,460,68.010497295107
7,460,80.7004794421743
8,460,88.7607216734653
9,460,101.205588047398
10,460,87.1179892875034
11,460,101.339064191909
12,460,92.0493840418323
13,460,76.1422286537157
14,460,135.397864006607
15,460,88.4395365714061
16,460,98.2012721774738
17,460,102.125557401193
18,460,92.3401852725756
1,461,74.4427089181461
2,461,66.9495531872881
3,461,69.0824956549426
4,461,117.862464329742
5,461,81.0213738384388
6,461,115.315500321621
7,461,121.903988348147
8,461,70.4603014912149
9,461,90.1005667685603
10,461,145.418267157463
11,461,108.205132949395
12,461,73.5258561567604
13,461,80.9126492709924
14,461,108.65505328971
15,461,114.69616078983
16,461,105.79016831862
17,461,104.022523931735
18,461,93.6217087707823
1,462,91.8147404842081
2,462,119.901261838923
3,462,84.336412162005
4,462,98.5407863179377
5,462,78.6018444285968
6,462,126.835836804039
7,462,93.0317452625002
8,462,97.7250347461906
9,462,120.215183037326
10,462,122.415786572992
11,462,129.276453644077
12,462,152.027457801394
13,462,112.459891869985
14,462,144.968395583057
15,462,117.194340323086
16,462,75.1484637386452
17,462,63.0136817616298
18,462,122.728804626862
1,463,89.4414065314857
2,463,115.802270729468
3,463,100.987996448199
4,463,120.443110593189
5,463,96.3610084321929
6,463,83.8151555052285
7,463,129.493079711111
8,463,116.150860806027
9,463,130.855859148964
10,463,83.2386638091895
11,463,99.2665279040953
12,463,116.42741049457
13,463,88.9761915805722
14,463,82.5239663512554
15,463,134.298330524597
16,463,91.8632152551712
17,463,92.555320037914
18,463,95.8652505642505
1,464,135.28247760494
2,464,95.4394899804343
3,464,103.999714749703
4,464,89.8404503551238
5,464,95.1704263305691
6,464,99.2530921415723
7,464,149.573892411664
8,464,119.516916618025
9,464,105.977658021815
10,464,97.7740801589417
11,464,129.246338394664
12,464,112.834050737951
13,464,87.696858307204
14,464,102.079992371254
15,464,95.0471859404712
16,464,149.532423700584
17,464,96.0267317860356
18,464,84.1071294294294
1,465,93.4658042409214
2,465,118.932682637703
3,465,93.2392043747442
4,465,101.334213156662
5,465,97.7147870059547
6,465,116.717597074346
7,465,147.043216952712
8,465,82.8627374852638
9,465,59.1623603686589
10,465,129.877122594937
11,465,108.814461866832
12,465,96.681128892126
13,465,66.261347031083
14,465,99.2004916955468
15,465,110.331630994362
16,465,111.471824225086
17,465,77.9316389464522
18,465,112.207021197348
1,466,143.451213706279
2,466,109.179031026702
3,466,115.868100300209
4,466,89.8766642008892
5,466,111.836240949913
6,466,132.875458402593
7,466,100.060237678563
8,466,116.641276642976
9,466,87.5699447504696
10,466,99.7237911346328
11,466,98.2041822029955
12,466,115.509380613515
13,466,110.497943883164
14,466,129.745127237511
15,466,117.382939711242
16,466,77.5294256791356
17,466,99.6643594991923
18,466,99.3813423953384
1,467,100.881065999184
2,467,99.8775304925176
3,467,63.1026924162174
4,467,134.277993760009
5,467,126.350768756255
6,467,130.994437570967
7,467,125.76238557815
8,467,106.674886329003
9,467,125.02518786326
10,467,82.1236280780234
11,467,91.5103213913848
12,467,135.839697371737
13,467,117.903984068192
14,467,80.1996085596148
15,467,91.8758018675607
16,467,131.374610382987
17,467,93.0520557786145
18,467,97.0114029605198
1,468,85.7502731058827
2,468,119.43769099399
3,468,99.8900464739531
4,468,108.491376301044
5,468,98.855418844401
6,468,94.1843212888423
7,468,94.0239388643046
8,468,83.9578115135898
9,468,73.2891414221675
10,468,93.0802160021766
11,468,120.193025894592
12,468,69.9940515837849
13,468,93.5597392154505
14,468,80.6545877378769
15,468,62.9770765667929
16,468,89.2142692113595
17,468,120.893985189162
18,468,80.3357818589941
1,469,132.407505385828
2,469,85.5497432541951
3,469,110.959221011228
4,469,147.065756662274
5,469,138.338201915356
6,469,71.7504178478079
7,469,115.816872004961
8,469,69.0107613605877
9,469,91.3842153864212
10,469,98.9488451860383
11,469,89.2536436954354
12,469,128.612834077069
13,469,114.407181289176
14,469,90.0937234278052
15,469,142.365754249891
16,469,122.016119952075
17,469,107.256969056045
18,469,96.2756205401638
1,470,133.92416898867
2,470,117.581624383134
3,470,107.197644818199
4,470,130.154441992261
5,470,107.990860592291
6,470,74.9048745967434
7,470,129.086295406506
8,470,81.4069858190882
9,470,93.01549138016
10,470,99.3666251011949
11,470,110.345434508679
12,470,98.3404576299557
13,470,104.848918052803
14,470,92.2559960560561
15,470,88.6853986047033
16,470,113.394098654006
17,470,89.7092368589054
18,470,118.757792372649
1,471,101.455624792417
2,471,97.7915238481768
3,471,74.9523768400693
4,471,82.3651235153493
5,471,109.678636912118
6,471,92.3888903263522
7,471,104.346454102777
8,471,134.922265856619
9,471,79.8246550638652
10,471,89.961896503409
11,471,118.086225384273
12,471,95.135460014798
13,471,115.291335787695
14,471,150.688593199075
15,471,78.6508290878091
16,471,89.7765871053447
17,471,111.837315286193
18,471,117.40975202132
1,472,103.844670188521
2,472,126.359645078616
3,472,82.2107190383403
4,472,109.876559130346
5,472,84.2370883679864
6,472,99.9065528938005
7,472,91.2201434647212
8,472,103.528641317742
9,472,99.7705891614501
10,472,88.7626654597102
11,472,114.510488218623
12,472,86.6115072609511
13,472,113.842053474307
14,472,109.808863498785
15,472,103.968551470681
16,472,80.9277541603378
17,472,90.9902563128654
18,472,67.4572880466691
1,473,121.433644678085
2,473,76.629161814581
3,473,75.2725606515782
4,473,99.5278807399479
5,473,120.848044870069
6,473,105.137461273363
7,473,112.014983539418
8,473,66.4839084786836
9,473,103.905550810249
10,473,103.494818031737
11,473,74.1874493176342
12,473,107.648005217045
13,473,130.941680174373
14,473,84.0193197187659
15,473,111.026619806816
16,473,132.817999844707
17,473,79.0471221907172
18,473,103.430170408719
1,474,136.098881053907
2,474,117.631833628391
3,474,99.983986059144
4,474,132.293134073161
5,474,130.088848317223
6,474,100.311018761134
7,474,92.3358860296264
8,474,109.282857437475
9,474,73.9102686885873
10,474,108.462381942633
11,474,93.7221564004846
12,474,139.651929488968
13,474,99.6672302699691
14,474,114.360347832498
15,474,130.630214854818
16,474,86.6075515056104
17,474,99.2494077041202
18,474,137.76400612698
1,475,89.7147743279894
2,475,105.147013785725
3,475,90.6896132070508
4,475,86.6936528707243
5,475,67.7280696242068
6,475,77.0706184585714
7,475,122.294388898164
8,475,64.043657319796
9,475,87.3083688814227
10,475,130.587821603982
11,475,65.2008421704119
12,475,137.086714509115
13,475,123.051516868936
14,475,78.751646478797
15,475,78.7549614441787
16,475,91.0552415083733
17,475,124.640008702054
18,475,113.099706604187
1,476,130.029948327508
2,476,133.576496547883
3,476,121.918058205353
4,476,110.641113401712
5,476,97.2341916106431
6,476,106.79333036037
7,476,93.4596273884274
8,476,85.2051916060536
9,476,134.826657661492
10,476,89.7451738623747
11,476,86.4791936339294
12,476,102.488706360751
13,476,126.448596892308
14,476,113.796726289923
15,476,123.135507825299
16,476,110.522259029172
17,476,98.5840294246889
18,476,103.858822538757
1,477,134.957824206506
2,477,107.923921406981
3,477,105.608032642518
4,477,94.8230093672432
5,477,133.086569201499
6,477,93.1632142534768
7,477,125.603153018731
8,477,113.891520395233
9,477,65.8020251079505
10,477,129.51725194614
11,477,92.1629331382213
12,477,99.7279376702688
13,477,74.4361954090598
14,477,80.8425649319337
15,477,101.592166499303
16,477,88.0876130991687
17,477,105.500482033931
18,477,77.0547823861311
1,478,106.789922255255
2,478,79.0269332715636
3,478,117.72736854964
4,478,144.93653630787
5,478,72.3331119396723
6,478,80.0642208642991
7,478,91.6640896412375
8,478,90.5451225351357
9,478,154.83040890653
10,478,122.78449773505
11,478,136.196246684628
12,478,93.4475678144683
13,478,97.6060630597461
14,478,95.9923066985364
15,478,95.7946088286767
16,478,64.749860304204
17,478,131.019778179491
18,478,108.531136620275
1,479,150.101989162457
2,479,113.970524025236
3,479,105.201854238359
4,479,76.1860962371251
5,479,93.30764538973
6,479,102.415066090185
7,479,118.012229430172
8,479,123.607068641336
9,479,74.572429046659
10,479,122.538115680814
11,479,122.101401656936
12,479,110.53935610718
13,479,101.560050414935
14,479,87.3836631281386
15,479,92.0965733483897
16,479,97.2838850532951
17,479,64.1368161836333
18,479,149.228206790887
1,480,87.8236562291289
2,480,98.5143351881639
3,480,98.73299771874
4,480,97.2770637612557
5,480,110.500736927784
6,480,106.826247766868
7,480,136.995905140382
8,480,92.2395241857789
9,480,92.0961083412005
10,480,107.918026280038
11,480,121.932825663839
12,480,115.717062329325
13,480,104.862992639976
14,480,97.3060120955439
15,480,123.198973418357
16,480,147.352745586618
17,480,78.0406941078389
18,480,118.649224545206
1,481,103.176287966687
2,481,88.6230705032307
3,481,126.877475079571
4,481,133.672134124348
5,481,127.024168718645
6,481,98.243258685533
7,481,101.285514226146
8,481,93.4521557674246
9,481,100.995993317803
10,481,72.5498080001762
11,481,77.2416726596148
12,481,86.3815594699788
13,481,108.004185909501
14,481,102.551582172877
15,481,75.0992161770581
16,481,82.3429953426328
17,481,100.834022151627
18,481,86.3120071442667
1,482,104.335480523644
2,482,120.888724516506
3,482,124.703489389665
4,482,106.359058282827
5,482,89.3263209037172
6,482,123.340292271394
7,482,120.103127522663
8,482,114.004804497383
9,482,107.067810087549
10,482,139.576705028025
11,482,88.7069702573153
12,482,125.914479163354
13,482,125.930429550423
14,482,99.0036908715756
15,482,87.4345495500917
16,482,95.7727284471074
17,482,107.962281645903
18,482,90.9380570088974
1,483,128.535835409142
2,483,112.546523517403
3,483,60.1558570580687
4,483,118.183007621805
5,483,80.9675034615596
6,483,63.7693913733625
7,483,123.084342847135
8,483,68.5881727724905
9,483,144.215731805236
10,483,113.914875354848
11,483,103.410989276351
12,483,129.146078319925
13,483,111.775801906024
14,483,103.783561033247
15,483,102.105752954595
16,483,103.994406893575
17,483,108.294120841758
18,483,113.751994394692
1,484,98.0204712483105
2,484,144.665679939203
3,484,122.654272746021
4,484,136.816130560756
5,484,98.3770700218486
6,484,66.4191781046472
7,484,154.765851393249
8,484,87.1964896095821
9,484,82.3048445459295
10,484,108.645295582807
11,484,109.817345812498
12,484,74.995282678801
13,484,104.99762791649
14,484,90.4723129805239
15,484,139.090556249524
16,484,103.484236721838
17,484,82.2274768823223
18,484,129.787484086746
1,485,92.7996745974859
2,485,92.7386141104941
3,485,129.011396243876
4,485,125.243507025619
5,485,90.688997671642
6,485,120.703607719974
7,485,104.326967072669
8,485,97.1048091346718
9,485,120.400500677282
10,485,120.254002433658
11,485,143.46408503748
12,485,124.416620909427
13,485,91.6088322313237
14,485,111.251853271087
15,485,86.3553567553357
16,485,80.6134472254024
17,485,100.396703521991
18,485,99.5313078341759
1,486,91.4631302261368
2,486,120.372657838369
3,486,90.4506989854831
4,486,127.559793420953
5,486,95.7940139874233
6,486,110.046222378962
7,486,97.0736247693487
8,486,81.3085462488114
9,486,123.699618191325
10,486,120.72815633264
11,486,78.3093901001301
12,486,101.852185476383
13,486,128.454918063414
14,486,90.4507273736768
15,486,128.928566194579
16,486,120.375019703359
17,486,74.7027177540847
18,486,124.401825247374
1,487,103.1215788256
2,487,135.697760308348
3,487,119.717051624674
4,487,109.945367405776
5,487,111.046006238087
6,487,116.832989190133
7,487,80.0532860049164
8,487,96.389884572178
9,487,97.6514830327377
10,487,113.891878776959
11,487,98.7408695470459
12,487,111.099218305334
13,487,112.259753960823
14,487,73.494670559597
15,487,73.2341068847638
16,487,135.722029465187
17,487,92.7892349660884
18,487,87.0565270703895
1,488,104.514095869751
2,488,95.3997423018466
3,488,126.981322528287
4,488,86.5066115780725
5,488,93.5024001287407
6,488,123.566949468283
7,488,117.140133405861
8,488,111.472189033547
9,488,95.6415880962361
10,488,124.026806560367
11,488,123.272620929442
12,488,106.200770382938
13,488,96.9561970708163
14,488,95.0594067102054
15,488,122.551062290941
16,488,95.8986595703481
17,488,104.244561246206
18,488,142.510266407935
1,489,92.9296289588918
2,489,119.392817836088
3,489,97.4481970054267
4,489,77.9294560612467
5,489,136.706759589036
6,489,108.239823706919
7,489,121.404104262308
8,489,100.723962184052
9,489,94.3028092785394
10,489,123.06012132529
11,489,95.9429966476457
12,489,97.0339220332201
13,489,98.5602296181392
14,489,128.436630523461
15,489,102.147162286459
16,489,95.5051381489949
17,489,79.0798192660948
18,489,115.659837362804
1,490,107.064250950808
2,490,149.034782301979
3,490,143.00845765565
4,490,88.6392156919395
5,490,123.290439549819
6,490,104.081079580151
7,490,119.632039047964
8,490,122.966622099403
9,490,113.528255712576
10,490,97.6798759944287
11,490,136.416667094229
12,490,140.669156412875
13,490,71.2789444108861
14,490,105.346232252041
15,490,98.6240663252748
16,490,113.107015366242
17,490,84.1188524410595
18,490,112.816768727743
1,491,96.3601219430969
2,491,105.033585204097
3,491,85.7275405843035
4,491,81.692294677423
5,491,83.9297837112387
6,491,74.0175945319267
7,491,154.808560240989
8,491,88.0044320835158
9,491,81.6801943387941
10,491,89.3151926195333
11,491,101.262803022337
12,491,90.5765378768993
13,491,126.817703715757
14,491,122.501506939812
15,491,90.108146787784
16,491,61.0899988928031
17,491,126.833632647363
18,491,101.209512593494
1,492,85.5314129340992
2,492,75.1174793176087
3,492,140.557039448291
4,492,102.38442442386
5,492,78.0826889585436
6,492,128.027037555195
7,492,124.249258269204
8,492,110.436497111494
9,492,79.9483705867131
10,492,89.8598446969077
11,492,98.0967482602187
12,492,68.5875481785614
13,492,104.194111879175
14,492,138.82265696834
15,492,66.6159571050828
16,492,125.7459407901
17,492,90.5966187207475
18,492,103.010804556325
1,493,113.46317975967
2,493,80.8556500276401
3,493,97.3248932530566
4,493,101.072137933641
5,493,124.854703831371
6,493,102.429988460818
7,493,103.909758641903
8,493,112.705789292554
9,493,102.926082521925
10,493,103.83431887459
11,493,78.6139888532234
12,493,109.407121695963
13,493,101.653934713123
14,493,106.366988292703
15,493,77.5820249433382
16,493,109.81785169095
17,493,136.376901696968
18,493,84.1483328205528
1,494,75.9725953108101
2,494,151.657404556175
3,494,119.140913578632
4,494,97.7328143895407
5,494,82.3992537450007
6,494,66.5101205241683
7,494,113.002760066467
8,494,75.0118508909162
9,494,75.6310388840772
10,494,119.076908483221
11,494,82.1923140857415
12,494,113.135066101701
13,494,117.91527750217
14,494,113.985809581276
15,494,88.6714884247875
16,494,94.8263232530901
17,494,96.4172043878137
18,494,138.230198747826
1,495,84.4910700611901
2,495,108.409656910303
3,495,77.6114409008839
4,495,79.793667919983
5,495,72.7438528905667
6,495,134.002407170235
7,495,80.0366111739295
8,495,134.632952588204
9,495,70.8525380366336
10,495,131.019527178146
11,495,125.495169023054
12,495,89.2433092600834
13,495,111.794645111286
14,495,104.053708065953
15,495,94.7949762819605
16,495,105.140109999343
17,495,125.75492307323
18,495,91.8672512416094
1,496,72.3841513916051
2,496,77.2327786944041
3,496,96.044051353563
4,496,93.8556570827402
5,496,85.9898554444822
6,496,86.432047256394
7,496,86.0569863472734
8,496,139.318912233288
9,496,103.563556449717
10,496,87.1784927454511
11,496,129.159466067802
12,496,78.8410069915593
13,496,107.267837653152
14,496,137.060718519607
15,496,77.8490176165345
16,496,100.668756448344
17,496,83.8763160834527
18,496,100.965557963193
1,497,96.3543022036911
2,497,79.5161212359766
3,497,105.213281652355
4,497,125.978198194834
5,497,102.239673949795
6,497,87.425990880714
7,497,107.021710965035
8,497,78.6843827887118
9,497,151.312889343888
10,497,82.7978956262524
11,497,111.115098712441
12,497,100.740576928719
13,497,95.5556666133781
14,497,81.2244763737056
15,497,93.9976555663115
16,497,106.200361706718
17,497,109.023287667937
18,497,105.435914998096
1,498,89.6979349158761
2,498,90.0525791235626
3,498,95.0333223412771
4,498,123.998543965922
5,498,93.656220669958
6,498,107.134795987628
7,498,66.3030813771417
8,498,126.851692048957
9,498,114.35241951346
10,498,106.264486320173
11,498,125.007419119027
12,498,134.150928384078
13,498,128.470567467876
14,498,108.336493970034
15,498,110.78899127359
16,498,86.3817840668306
17,498,119.340701765177
18,498,92.5102150828598
1,499,95.1787886868638
2,499,102.370504951043
3,499,79.7016575031089
4,499,122.135941922367
5,499,128.794186378099
6,499,88.8745272610201
7,499,86.643994368088
8,499,100.352138841929
9,499,80.460174388031
10,499,103.118884510464
11,499,63.5807038026676
12,499,99.8675570798806
13,499,117.836346003643
14,499,102.717446305919
15,499,99.6835821851627
16,499,81.6491411237355
17,499,122.895587843828
18,499,125.461525316187
1,500,143.699918325455
2,500,99.4076932595072
3,500,128.913171379341
4,500,87.8252847414045
5,500,142.992682031054
6,500,95.5691985630267
7,500,85.3492000267913
8,500,69.5886391856089
9,500,140.392693235442
10,500,102.928755122401
11,500,79.9912623575284
12,500,103.067183280448
13,500,117.286753558305
14,500,80.0311847022679
15,500,113.58670642441
16,500,62.2272410768665
17,500,154.182414998123
18,500,82.8427594438185
1,501,100.296251753977
2,501,108.193030992529
3,501,80.5972281281842
4,501,90.3418457985005
5,501,113.000343198428
6,501,103.312308357008
7,501,141.555485582219
8,501,112.441086607151
9,501,88.5778150484967
10,501,84.2171073301848
11,501,133.744722139769
12,501,91.1834470274187
13,501,97.0969912243102
14,501,110.663635815682
15,501,131.35431980765
16,501,111.701545029794
17,501,77.3308956643588
18,501,123.4230235612
1,502,126.31843625268
2,502,144.230528187556
3,502,101.7352172242
4,502,90.8202780317811
5,502,99.93278203995
6,502,93.1495171017342
7,502,107.56100525944
8,502,79.3487281927628
9,502,57.9835354927995
10,502,151.83419748566
11,502,97.1195570563273
12,502,114.359551093897
13,502,96.5788789640018
14,502,124.276817712247
15,502,81.6573948731909
16,502,92.9535284310359
17,502,129.523882195599
18,502,98.2534552668828
1,503,71.8919613950215
2,503,107.769733881732
3,503,80.7091533456022
4,503,103.841909629518
5,503,66.3336953021663
6,503,73.5091385478024
7,503,81.0551202518179
8,503,112.074706162846
9,503,95.5627331770358
10,503,106.221072393449
11,503,112.264369345195
12,503,99.2056848889493
13,503,104.21666898658
14,503,119.53709965337
15,503,73.8130552110126
16,503,105.805947934894
17,503,82.5099682575571
18,503,80.6983397924754
1,504,116.093780219355
2,504,77.8473426822298
3,504,111.21438105456
4,504,105.412038398747
5,504,104.910696459806
6,504,127.791364600849
7,504,101.56856019449
8,504,138.756499754556
9,504,72.1139910988328
10,504,141.494349941873
11,504,85.9322792141344
12,504,110.783695238625
13,504,77.9425854480091
14,504,124.401216809319
15,504,107.85751645607
16,504,103.268048373729
17,504,145.449530338568
18,504,105.48753008361
1,505,105.831493618387
2,505,95.0944879091166
3,505,100.291084260609
4,505,102.045585879393
5,505,141.326818963542
6,505,123.337797730944
7,505,82.4423937048555
8,505,91.9028802273491
9,505,90.0862423229151
10,505,80.4951496856428
11,505,70.7552193813534
12,505,87.5332890732728
13,505,64.0851737555003
14,505,101.362005660404
15,505,90.9652902550982
16,505,118.701771679351
17,505,108.113900235101
18,505,117.490871598393
1,506,132.692440517534
2,506,130.520779351276
3,506,97.3443764750213
4,506,93.5436324814318
5,506,75.3850965065134
6,506,77.9425856517222
7,506,124.008445346271
8,506,102.662068520859
9,506,108.627385790092
10,506,68.672946328986
11,506,103.706704815163
12,506,131.291963273666
13,506,64.56270772141
14,506,129.627173295329
15,506,80.9260572681632
16,506,104.699920794822
17,506,114.323361495321
18,506,82.4417942598568
1,507,89.9450617808838
2,507,130.896925575369
3,507,88.8829836900169
4,507,71.7959466724576
5,507,88.8548280944525
6,507,120.004421737975
7,507,128.034655573995
8,507,70.8532212704206
9,507,98.1514511596609
10,507,86.8012909665453
11,507,81.5231287064885
12,507,143.738925308179
13,507,99.2425734407343
14,507,118.726976762073
15,507,108.472924313415
16,507,71.1941066984553
17,507,112.055009623326
18,507,147.859965905695
1,508,100.11911234448
2,508,88.0380387856274
3,508,110.961957952848
4,508,86.1954280911752
5,508,100.732603675265
6,508,112.744024334164
7,508,80.6671904868755
8,508,135.616219431116
9,508,125.897039634458
10,508,122.998865178677
11,508,89.0658474786118
12,508,102.363258325386
13,508,135.545146312552
14,508,90.0475307672494
15,508,140.769584835754
16,508,142.095737288176
17,508,126.255293731264
18,508,80.9745634982522
1,509,109.843673395197
2,509,138.55628533068
3,509,109.511239394278
4,509,109.01265695688
5,509,80.9049680245633
6,509,92.9556885872324
7,509,98.2185425077715
8,509,82.9358613782202
9,509,122.827530385328
10,509,96.0508911181113
11,509,117.638851956616
12,509,132.524237478506
13,509,149.90318988475
14,509,95.7815041309753
15,509,68.934188808352
16,509,76.8727544674122
17,509,128.181409910486
18,509,97.1433409749387
1,510,76.1608863455968
2,510,72.8223264064284
3,510,84.6034596314817
4,510,67.665011213113
5,510,73.2853366304056
6,510,68.2241061115649
7,510,86.1578718603609
8,510,83.3146090717982
9,510,99.0334784537714
10,510,97.3281434297779
11,510,104.120963498356
12,510,136.357327494148
13,510,93.7609658714202
14,510,113.596575211251
15,510,75.6784419121569
16,510,120.29989005845
17,510,110.242511139347
18,510,94.5790325705828
1,511,118.773078999567
2,511,90.9802415759656
3,511,98.5026289410349
4,511,106.248221061249
5,511,100.071061697764
6,511,107.362746830672
7,511,111.936396435215
8,511,133.781547226876
9,511,98.8863974422685
10,511,106.275712196385
11,511,118.655880801265
12,511,95.5643264581983
13,511,134.363637265992
14,511,97.7278622923255
15,511,97.8926506663097
16,511,84.5792100206822
17,511,84.647799745082
18,511,127.196777811317
1,512,153.413219380274
2,512,109.51833612031
3,512,91.3985460494723
4,512,85.2613682177836
5,512,141.95630378723
6,512,139.21530585703
7,512,136.570075838804
8,512,75.2998242124551
9,512,141.585999742643
10,512,139.172151348
11,512,74.5716070528168
12,512,142.5678315167
13,512,107.101488629002
14,512,101.037169952568
15,512,117.765460216357
16,512,87.6359816855206
17,512,105.351025130084
18,512,125.220611199635
1,513,83.6059530427137
2,513,110.013641449711
3,513,57.1144845612959
4,513,151.0849809843
5,513,70.3988292032571
6,513,98.2324293531176
7,513,80.7934914108327
8,513,102.580833709082
9,513,108.423847304124
10,513,107.358779282371
11,513,128.131930146133
12,513,107.852499640936
13,513,108.454788781755
14,513,101.607705993779
15,513,81.3266796388046
16,513,100.094006746249
17,513,96.176324992808
18,513,102.772594661125
1,514,97.3764297163652
2,514,93.0606525195537
3,514,107.39566155549
4,514,72.1026280330674
5,514,84.677920404489
6,514,119.649270541456
7,514,92.4118844999645
8,514,111.804623451094
9,514,127.421767884625
10,514,95.2289094309056
11,514,152.979344838964
12,514,105.110170851159
13,514,67.0104138971179
14,514,116.350917999
15,514,102.535119988865
16,514,63.7646403454636
17,514,118.321235914068
18,514,131.861839406967
1,515,111.957128727223
2,515,72.0096312015055
3,515,95.9482911590457
4,515,107.984159656527
5,515,96.0686927421116
6,515,128.116941124748
7,515,127.571634092587
8,515,106.48361428091
9,515,94.3487839530812
10,515,115.049039396804
11,515,120.769578481175
12,515,114.695071725804
13,515,105.900129349062
14,515,118.59299286558
15,515,107.300959413525
16,515,138.944801029799
17,515,81.7932636073423
18,515,118.463723891548
1,516,91.4188771011931
2,516,71.4508381524967
3,516,95.7423521153513
4,516,85.4219898921953
5,516,59.4820310232241
6,516,70.4178016739073
7,516,121.318301151975
8,516,80.295150174371
9,516,145.486812668055
10,516,111.220990212805
11,516,129.594234902749
12,516,97.6437427657422
13,516,97.8675931406815
14,516,89.9803970042126
15,516,131.319343428931
16,516,87.9903509972117
17,516,79.9596016832784
18,516,100.995886420172
1,517,109.01178358878
2,517,92.5299542548513
3,517,90.2159382943943
4,517,103.61246480833
5,517,83.3079718895148
6,517,114.557738369433
7,517,131.063337263475
8,517,92.3617527426495
9,517,92.5248071924584
10,517,120.556523890391
11,517,93.418385838195
12,517,90.3016421931784
13,517,110.741566203856
14,517,93.0982807052153
15,517,127.351102455786
16,517,74.7822193874482
17,517,111.546220427796
18,517,107.312271168401
1,518,137.520752294424
2,518,140.642441132603
3,518,98.0003299769404
4,518,126.136270706487
5,518,141.94942234207
6,518,122.52112770934
7,518,132.262265502223
8,518,120.542176630737
9,518,66.870427326527
10,518,75.6783709904223
11,518,99.0868272430084
12,518,105.941243303617
13,518,119.779593400541
14,518,121.530805298754
15,518,113.377999349175
16,518,88.7159352508278
17,518,91.9768903793702
18,518,137.569309327393
1,519,127.076316759425
2,519,152.416974305278
3,519,117.361461866575
4,519,102.110666960541
5,519,97.869877298789
6,519,98.9774440586787
7,519,125.376995100773
8,519,134.571895492323
9,519,133.565059449105
10,519,104.29785828957
11,519,87.3627161564626
12,519,132.711810822123
13,519,93.5968876512125
14,519,93.6196551020055
15,519,104.841625303586
16,519,110.571395425169
17,519,100.695816026135
18,519,75.67601644684
1,520,121.724039399341
2,520,103.187238068319
3,520,107.022557407139
4,520,125.9363700218
5,520,91.0148795638537
6,520,71.4268254172707
7,520,125.582566270067
8,520,78.760301229855
9,520,98.7181303236247
10,520,118.432997604697
11,520,94.288459787157
12,520,121.113736213709
13,520,131.657027720758
14,520,100.128900404235
15,520,77.4581649663394
16,520,122.390820354367
17,520,151.642106961422
18,520,69.0978840529656
1,521,150.450050655154
2,521,110.390405061534
3,521,97.3745630817394
4,521,130.830777862578
5,521,89.7467845098983
6,521,114.32850598039
7,521,82.0700760706942
8,521,95.3806621391086
9,521,101.711015579967
10,521,125.403136022637
11,521,76.1898225201046
12,521,112.498278931719
13,521,123.382583882421
14,521,124.342462283121
15,521,86.0446190178117
16,521,76.0073270875645
17,521,110.476120658707
18,521,110.986292543215
1,522,74.5982273324064
2,522,139.998585293787
3,522,118.065283972294
4,522,142.67962806641
5,522,98.1331371414314
6,522,109.915370364555
7,522,102.691354027443
8,522,58.4863737377359
9,522,79.2354384309708
10,522,112.816821988451
11,522,121.330626108165
12,522,123.761151572923
13,522,102.979759972437
14,522,102.438087694277
15,522,71.8535841488575
16,522,129.981961968337
17,522,110.081443003322
18,522,80.1476660102643
1,523,100.373198493052
2,523,80.2647515955742
3,523,97.2945939298311
4,523,98.6344291657093
5,523,97.725016391666
6,523,91.7258029358064
7,523,98.6333346442699
8,523,75.0188415359404
9,523,82.843034588178
10,523,92.6240123312562
11,523,126.175245730057
12,523,146.937530582188
13,523,129.308663308885
14,523,98.9448733144893
15,523,115.976159612993
16,523,97.1278313588782
17,523,139.459134252561
18,523,106.485653824412
1,524,113.448857995105
2,524,114.291329695189
3,524,89.752466978123
4,524,103.146729474549
5,524,125.102465965439
6,524,94.6764975806536
7,524,128.545854364951
8,524,107.768910223939
9,524,97.2890348112856
10,524,98.1154755066391
11,524,100.571625721142
12,524,97.7738297246394
13,524,66.5730792650902
14,524,131.737714423152
15,524,113.397100886769
16,524,92.7507497412387
17,524,137.051143584104
18,524,118.357845751798
1,525,92.4720256717936
2,525,114.06985378449
3,525,97.1965199514525
4,525,141.259419481262
5,525,84.2992845256623
6,525,117.530389576689
7,525,109.846141948002
8,525,122.516778433918
9,525,119.303294011122
10,525,95.2055933101875
11,525,88.2645771234457
12,525,135.068325750636
13,525,102.047671412083
14,525,77.2276988491749
15,525,105.133588372381
16,525,66.4439373814713
17,525,117.216360028446
18,525,95.2352498060997
1,526,142.818844660502
2,526,145.393990465999
3,526,145.106905859747
4,526,81.2679483650733
5,526,108.417338599024
6,526,120.165631916977
7,526,73.4537656517698
8,526,83.7005500212941
9,526,80.4927929368833
10,526,106.609644586039
11,526,69.9285600803796
12,526,70.9796269305419
13,526,95.6430435101249
14,526,94.6347218825046
15,526,87.0053162997339
16,526,92.4278131223291
17,526,106.112101337891
18,526,114.131366738251
1,527,71.7776783340127
2,527,114.325728379286
3,527,101.641989649612
4,527,122.018526988595
5,527,82.7773251798711
6,527,108.093657297538
7,527,91.0811738622623
8,527,107.268658969319
9,527,82.481568744136
10,527,128.254644047455
11,527,98.6432371443012
12,527,94.8608982015515
13,527,130.117515377776
14,527,101.863800868111
15,527,108.118477199084
16,527,93.408376092223
17,527,104.802115946899
18,527,131.074738233589
1,528,89.7558734066653
2,528,114.883596830084
3,528,86.0718566658584
4,528,113.205606736392
5,528,79.5685328729384
6,528,109.152883664323
7,528,118.952004763047
8,528,115.737929337904
9,528,67.0580995519806
10,528,119.737565826143
11,528,117.538955663172
12,528,102.479847153454
13,528,134.602327560087
14,528,120.239351814514
15,528,73.7714355102956
16,528,74.9673341416711
17,528,74.4944637218543
18,528,113.112986239025
1,529,106.928512602985
2,529,74.9733606790018
3,529,95.9692593236766
4,529,117.181522981707
5,529,71.1748112520042
6,529,107.196284577312
7,529,111.364520597696
8,529,85.0088688815464
9,529,101.308614833432
10,529,112.221056735122
11,529,96.1855358621065
12,529,110.282635240907
13,529,69.165369792906
14,529,64.9298522699099
15,529,81.8805487785372
16,529,78.4245806701273
17,529,77.682188584238
18,529,124.773946407612
1,530,111.053686923682
2,530,113.760195180436
3,530,99.7880688499721
4,530,115.599290412592
5,530,104.012114845178
6,530,83.6992459618837
7,530,100.877132482474
8,530,88.6414920742839
9,530,68.1590329570774
10,530,90.3256343666271
11,530,95.7143918601329
12,530,70.901458109336
13,530,104.95274640736
14,530,121.120868383897
15,530,76.6178208059195
16,530,126.996699598541
17,530,84.2704330544193
18,530,90.3030119573177
1,531,95.0954546960961
2,531,104.255481679932
3,531,121.39291823794
4,531,101.116454304232
5,531,125.907405987322
6,531,91.9598603308705
7,531,111.525470299577
8,531,117.904621264926
9,531,101.357647784484
10,531,59.1033816227502
11,531,141.076644759628
12,531,128.570172299518
13,531,113.935728850868
14,531,83.507667409139
15,531,105.301374313826
16,531,133.582871279757
17,531,98.4113644663942
18,531,104.90431488124
1,532,127.130046631015
2,532,119.039012758035
3,532,97.9708995279276
4,532,119.064812241899
5,532,108.299543846277
6,532,58.6773613093774
7,532,120.589602211235
8,532,82.2103787001891
9,532,129.647270221318
10,532,125.511164129233
11,532,82.6113753202071
12,532,117.115117928262
13,532,81.5889791871205
14,532,112.776073511527
15,532,101.123420974613
16,532,84.935574213291
17,532,133.697306492804
18,532,141.913984701546
1,533,97.8978607208925
2,533,115.674616847416
3,533,83.8074601853039
4,533,139.197688614347
5,533,125.824228520193
6,533,110.804317504441
7,533,96.7424705487675
8,533,90.9575621956088
9,533,85.5242164569018
10,533,90.1535835775156
11,533,104.859669039244
12,533,101.556229285147
13,533,77.9574126514249
14,533,117.127339624441
15,533,146.092573226842
16,533,95.6557037149874
17,533,68.8774856952109
18,533,126.63654416131
1,534,103.803242958478
2,534,114.762017543351
3,534,132.594917836941
4,534,107.465619295316
5,534,98.8310279445266
6,534,86.7634793373754
7,534,125.352086106317
8,534,121.871796681838
9,534,115.026241267699
10,534,96.6435608900116
11,534,149.500103507655
12,534,134.729308297871
13,534,93.9810507548391
14,534,99.5038752295679
15,534,99.9289067136122
16,534,88.142399029629
17,534,95.8610280041346
18,534,96.5209270125281
1,535,85.3898550754064
2,535,86.5820692374379
3,535,76.1239599578843
4,535,66.5468102757408
5,535,111.843903018238
6,535,100.510939644456
7,535,86.0395499212065
8,535,104.868239912068
9,535,86.581359140868
10,535,110.38319212676
11,535,89.4545477253251
12,535,126.537412957349
13,535,70.8367514074736
14,535,131.119741566989
15,535,106.098743513988
16,535,86.0096643463702
17,535,143.196088114246
18,535,96.1321936113975
1,536,73.3819528580888
2,536,139.574957416923
3,536,101.760159055219
4,536,67.4053197195163
5,536,129.172217721121
6,536,118.690474034943
7,536,102.133230000503
8,536,93.7561058546072
9,536,73.4324079053651
10,536,102.025165592783
11,536,107.540412553347
12,536,70.6445007600183
13,536,68.8896114401688
14,536,154.102336600881
15,536,105.745176202076
16,536,145.097495592785
17,536,91.82388308517
18,536,78.2080620755486
1,537,106.082844707523
2,537,128.150888165047
3,537,104.445714244807
4,537,134.433649468558
5,537,118.444340402163
6,537,122.060129842018
7,537,85.7295863868939
8,537,64.1701478599559
9,537,96.5963893486361
10,537,106.0198408678
11,537,88.71302574145
12,537,125.538985547786
13,537,78.4070350480839
14,537,97.4578009889857
15,537,74.726712367474
16,537,96.0392726915034
17,537,91.6580898436472
18,537,92.3072966703367
1,538,105.561581028242
2,538,143.432264953756
3,538,126.588109812913
4,538,105.801160341024
5,538,80.805374016508
6,538,105.12883213163
7,538,110.260544051757
8,538,114.087042699797
9,538,111.319576320925
10,538,104.699371623667
11,538,133.759956764469
12,538,64.2362351331562
13,538,90.0571835151859
14,538,73.3785232782066
15,538,99.9157294449937
16,538,93.7731077012309
17,538,97.7546056701215
18,538,118.479659638582
1,539,112.650097384967
2,539,140.032715818333
3,539,89.209070162978
4,539,124.103773230797
5,539,135.23759984241
6,539,131.683740345628
7,539,101.62782652446
8,539,112.589101759555
9,539,115.214296994333
10,539,143.920236050168
11,539,96.186157603834
12,539,98.0019973291635
13,539,117.309899112552
14,539,104.207966136383
15,539,88.2706567526309
16,539,91.5552210139649
17,539,107.412012265309
18,539,103.010308112218
1,540,108.058544573449
2,540,120.328586393128
3,540,71.6383127211355
4,540,113.691559895569
5,540,95.0309274513377
6,540,128.721843674877
7,540,76.5179692148471
8,540,105.615291074145
9,540,114.90401763092
10,540,94.1971016018431
11,540,113.133174679016
12,540,104.624658916363
13,540,84.5256759783379
14,540,101.360585697458
15,540,137.670791046722
16,540,120.406548499648
17,540,79.1353287373257
18,540,114.912027177776
1,541,94.8327043737709
2,541,96.593095224608
3,541,106.869650968717
4,541,99.5199645055481
5,541,100.508035672878
6,541,103.217363085375
7,541,114.980567180311
8,541,76.2951337041515
9,541,66.8500526683019
10,541,99.8396806889338
11,541,68.1714610662052
12,541,77.4936796162315
13,541,94.58190171543
14,541,83.0933608833013
15,541,124.134459385012
16,541,112.990721660171
17,541,141.43813682352
18,541,129.998169943398
1,542,82.6537457801394
2,542,155.196420984214
3,542,88.31548494887
4,542,99.1839342341665
5,542,107.906519043757
6,542,91.7499105083198
7,542,95.9946952769244
8,542,109.043941880752
9,542,78.2313846511676
10,542,126.256231351967
11,542,142.514868267857
12,542,106.820505832879
13,542,105.921564288449
14,542,96.9755235665696
15,542,97.7712244594114
16,542,88.4778600539642
17,542,100.68572635163
18,542,97.8849251249687
1,543,66.4021391443454
2,543,102.838857433756
3,543,92.3174564578315
4,543,89.1017869355603
5,543,110.807474825302
6,543,78.0608441390812
7,543,106.489941541792
8,543,126.52561955183
9,543,139.905508349953
10,543,96.0429908819148
11,543,91.7107679524784
12,543,128.222839048498
13,543,92.1901605558772
14,543,96.3394655132296
15,543,95.0036655228256
16,543,66.3085006729601
17,543,101.085746150803
18,543,78.9844798288641
1,544,84.4476643549855
2,544,101.625178431595
3,544,71.9902056373085
4,544,66.44397334054
5,544,122.440110952429
6,544,131.093874316251
7,544,111.09142401503
8,544,110.566482480337
9,544,98.6325755227487
10,544,151.233616798856
11,544,145.701642454895
12,544,102.002565063511
13,544,108.257427462545
14,544,137.314490449976
15,544,111.01092807319
16,544,89.8767419052194
17,544,96.9044261250787
18,544,100.758464313673
1,545,83.1245182518877
2,545,104.027503845343
3,545,118.410558742268
4,545,95.2664481515002
5,545,102.610461635292
6,545,92.6877133549096
7,545,119.680310377323
8,545,98.7139968623867
9,545,75.5087482555558
10,545,138.480530619067
11,545,108.577939385208
12,545,123.823589993841
13,545,98.2265880856937
14,545,80.0569967008066
15,545,100.744740313187
16,545,101.413255226776
17,545,109.896657024753
18,545,78.2408959711779
1,546,77.1048902234931
2,546,121.107359887499
3,546,64.4295864362467
4,546,87.6687292332643
5,546,88.0801138894597
6,546,118.535319637846
7,546,131.514863820277
8,546,118.761473323323
9,546,135.958477922032
10,546,89.8656026948422
11,546,148.807650464479
12,546,98.3566925192725
13,546,125.342720605299
14,546,89.249965907833
15,546,109.175805853783
16,546,130.7609925839
17,546,101.715265043603
18,546,92.8345008469012
1,547,85.9302605592307
2,547,63.3622762206612
3,547,112.967498779239
4,547,120.837879504518
5,547,107.272400338226
6,547,139.515538909339
7,547,84.1037974634923
8,547,100.185212537985
9,547,100.021366624432
10,547,80.4360594581121
11,547,81.6455136808985
12,547,72.3590527691054
13,547,79.6355584334612
14,547,122.024127773474
15,547,133.166616824162
16,547,90.7738342842781
17,547,70.1021787965357
18,547,95.7294043649
1,548,70.9040612938491
2,548,89.735564031299
3,548,82.0829962844892
4,548,105.211031279366
5,548,91.8971626853475
6,548,104.761751032317
7,548,84.7091099185572
8,548,107.252950367636
9,548,97.8550332330526
10,548,77.1196872361593
11,548,98.906356241073
12,548,133.221966629784
13,548,94.6866762679786
14,548,105.428843719799
15,548,98.9559708830505
16,548,119.325458440358
17,548,96.5038138477803
18,548,119.838867270301
1,549,123.568617213372
2,549,148.140183405691
3,549,74.4122715068473
4,549,89.4406565191639
5,549,107.608372325012
6,549,77.1891962158019
7,549,94.2848927757717
8,549,124.962595197787
9,549,80.3631992222425
10,549,96.8992775686562
11,549,87.3350631762365
12,549,99.4143548544319
13,549,65.134667477421
14,549,71.324555126918
15,549,80.466507881601
16,549,101.712523539283
17,549,83.4683818853346
18,549,115.084935872472
1,550,144.653226616857
2,550,96.1228576999174
3,550,118.683388588652
4,550,103.165840792529
5,550,93.6683224059611
6,550,123.431191202663
7,550,119.069514086039
8,550,101.346168816566
9,550,132.832268328911
10,550,102.166761758067
11,550,116.60992766981
12,550,114.898700059698
13,550,100.591988100278
14,550,96.4963919021431
15,550,82.2634037769427
16,550,90.4427760078217
17,550,67.8788965543168
18,550,115.169650518737
1,551,72.9625203900209
2,551,91.0015048263657
3,551,140.029509356575
4,551,136.412617531391
5,551,96.646573363456
6,551,67.6168514227853
7,551,117.031092099746
8,551,67.8740825171078
9,551,65.3447192019281
10,551,101.000225160615
11,551,107.547094080767
12,551,89.1875716626011
13,551,120.090244596012
14,551,92.2840601040932
15,551,94.5184315951738
16,551,104.896251667167
17,551,154.412378816688
18,551,71.8117669254775
1,552,148.914640038733
2,552,129.160651694596
3,552,97.5354508347069
4,552,118.219130037756
5,552,77.2119138870212
6,552,83.0432842189126
7,552,150.211959979628
8,552,96.3452568641192
9,552,129.683705731306
10,552,114.935154654979
11,552,89.0522654450721
12,552,83.5765625092745
13,552,94.5531464689176
14,552,128.176780193192
15,552,122.612590223692
16,552,95.643061824811
17,552,67.6874604667252
18,552,107.320608576918
1,553,116.479881959004
2,553,87.1124747701513
3,553,98.8390052785981
4,553,105.764554390412
5,553,73.9330933265711
6,553,112.819028837162
7,553,87.3968309688709
8,553,147.516575438901
9,553,77.6543086111244
10,553,91.5369576605929
11,553,103.811361005361
12,553,75.3955801274599
13,553,86.7835379368084
14,553,86.6963079242959
15,553,109.604433824606
16,553,81.2985228184914
17,553,99.8029840630286
18,553,140.239339713184
1,554,103.063071423298
2,554,131.068553965019
3,554,134.903685426767
4,554,97.0087302166199
5,554,132.911181039366
6,554,132.265952362884
7,554,88.7123744322271
8,554,151.482560458518
9,554,112.961400742493
10,554,140.487803677661
11,554,85.5560991849488
12,554,118.440362582945
13,554,133.937228405123
14,554,101.63323788566
15,554,116.930905659012
16,554,96.6010492631401
17,554,84.9114936498677
18,554,102.791095499609
1,555,109.28403908047
2,555,117.465277855068
3,555,88.5273329470745
4,555,107.120899884562
5,555,101.732628502137
6,555,104.365827681916
7,555,71.2805776912546
8,555,111.294792600577
9,555,142.39090087137
10,555,101.793044986124
11,555,98.9802339328073
12,555,92.2255346436282
13,555,121.346760102332
14,555,121.67602679003
15,555,112.066107844358
16,555,117.104424650298
17,555,100.374818892851
18,555,91.1653688628323
1,556,77.6244463843577
2,556,118.852214580507
3,556,100.333832652883
4,556,148.363025193314
5,556,143.78625965566
6,556,104.125755364377
7,556,90.5000781078282
8,556,113.023028344581
9,556,95.1499402666427
10,556,102.247564884237
11,556,142.068179541652
12,556,91.2386320350159
13,556,87.6951441728717
14,556,124.490143286158
15,556,98.2467172001161
16,556,108.556444009224
17,556,107.659631873608
18,556,125.153243791125
1,557,78.068097963802
2,557,129.32482507701
3,557,90.3284966558456
4,557,83.2081763689505
5,557,101.443879873049
6,557,92.5733903874359
7,557,113.422158641139
8,557,119.692811359905
9,557,76.8696038751882
10,557,126.479080055777
11,557,92.7116256398687
12,557,103.513994010549
13,557,98.4641564619802
14,557,76.4476431034021
15,557,115.714080035259
16,557,132.424744799144
17,557,117.590902748275
18,557,145.917843992962
1,558,86.622932529203
2,558,89.0064606025436
3,558,117.911439489165
4,558,99.7858710564055
5,558,93.4694631943721
6,558,105.355095386762
7,558,90.7956045946126
8,558,83.467264087427
9,558,121.067363918807
10,558,108.1742371363
11,558,102.829123945077
12,558,123.769658979241
13,558,90.9107135376522
14,558,112.426402105963
15,558,98.2088725806368
16,558,114.885976129232
17,558,81.1868235817108
18,558,124.223562909464
1,559,79.0300001991369
2,559,114.438224652203
3,559,91.2501565352475
4,559,140.612145422175
5,559,129.042548376912
6,559,113.106468790724
7,559,60.6153142112606
8,559,80.4617501294152
9,559,97.6176932708773
10,559,134.521698338396
11,559,136.122895968706
12,559,90.2950187858542
13,559,100.932218517589
14,559,81.4833967932806
15,559,105.843312420542
16,559,130.906029760829
17,559,123.729616161864
18,559,140.946443954782
1,560,137.750150967311
2,560,86.6188039803473
3,560,100.436975153052
4,560,59.8014000107176
5,560,144.469087290472
6,560,96.4231479076479
7,560,88.7870950616387
8,560,106.582890573374
9,560,66.9844577641472
10,560,94.498006765028
11,560,74.0503760574859
12,560,146.077490680464
13,560,96.5357186556053
14,560,111.70582977121
15,560,65.4351042129104
16,560,112.653208470803
17,560,84.1503230832995
18,560,122.995638815952
1,561,108.482464778415
2,561,101.433138046286
3,561,118.756172181177
4,561,114.919464469658
5,561,117.552489149853
6,561,70.6597063555839
7,561,96.8335003530777
8,561,67.6830092433154
9,561,93.4821073288446
10,561,101.009467316168
11,561,122.676559116956
12,561,97.0581581970828
13,561,138.391777371195
14,561,93.2288425474395
15,561,100.542152280347
16,561,124.883489151243
17,561,141.200361290058
18,561,132.735225282539
1,562,90.2413060356698
2,562,108.261089312731
3,562,89.8302297259898
4,562,116.884217107154
5,562,111.279568502851
6,562,102.730225997683
7,562,95.2196954665109
8,562,99.6160491019389
9,562,125.957205977905
10,562,100.968230238954
11,562,104.471866415483
12,562,100.870382931119
13,562,100.701148868679
14,562,61.3265208780995
15,562,113.859023830781
16,562,136.009087663402
17,562,109.690474263403
18,562,81.8200052310426
1,563,103.921366539289
2,563,120.056954804302
3,563,113.578669131308
4,563,114.988526189156
5,563,81.795169325609
6,563,89.6990417554565
7,563,74.8891464294721
8,563,151.554086992162
9,563,74.2826706615786
10,563,114.390094165557
11,563,99.2907155620234
12,563,91.38633706031
13,563,109.160075430158
14,563,110.88154103862
15,563,121.359845532739
16,563,117.313346155998
17,563,106.253410757953
18,563,123.418470577578
1,564,93.8625110097921
2,564,112.628613014935
3,564,111.213914607781
4,564,119.192840291726
5,564,115.853999251581
6,564,80.2255065326283
7,564,128.530991959121
8,564,100.294733569119
9,564,63.1454136134806
10,564,101.817270736709
11,564,95.9880856992958
12,564,134.83014400905
13,564,111.164815714389
14,564,95.3959472171251
15,564,74.1719877538837
16,564,79.0760044822955
17,564,146.639241226259
18,564,79.0404372940137
1,565,74.560977551915
2,565,113.197162174114
3,565,80.8282979204278
4,565,80.5892099139072
5,565,96.8017494126598
6,565,125.233117415098
7,565,123.327638513931
8,565,64.5010988899697
9,565,78.8277822660384
10,565,92.3659768364381
11,565,117.999199369579
12,565,82.9037725226231
13,565,118.701949441685
14,565,121.347395433838
15,565,99.1616103324979
16,565,127.617315074251
17,565,119.205011672375
18,565,138.702655343941
1,566,126.769859704468
2,566,106.440178248432
3,566,125.782621129042
4,566,103.530601285057
5,566,88.322917928719
6,566,85.7740635438367
7,566,118.853158875512
8,566,63.7292065083581
9,566,126.78534001777
10,566,102.537268855067
11,566,101.828208557526
12,566,99.1342548533295
13,566,137.068304969931
14,566,136.251111463316
15,566,102.788233487827
16,566,92.0658329352849
17,566,135.572287507784
18,566,75.8835460264547
1,567,96.4465897916907
2,567,99.0588509640963
3,567,94.3381045410686
4,567,108.56627219953
5,567,124.598327865765
6,567,99.6713909278294
7,567,124.174083381972
8,567,80.8873116291587
9,567,102.428409903181
10,567,102.270412553118
11,567,127.838021521811
12,567,105.437022956916
13,567,110.162406963269
14,567,89.0710535637422
15,567,85.1111971262811
16,567,68.3433294625938
17,567,81.6005462153422
18,567,60.8075408896317
1,568,68.8177056083004
2,568,137.831585645175
3,568,66.7209406445739
4,568,133.562404728694
5,568,85.0298377362727
6,568,95.8395751930303
7,568,100.611877612499
8,568,72.1819225456413
9,568,131.18731046695
10,568,133.942008947956
11,568,154.572143200312
12,568,93.7706767981388
13,568,77.1525901627798
14,568,113.354038453109
15,568,90.1570913268301
16,568,76.9950340613179
17,568,132.128333494065
18,568,113.168014170039
1,569,129.624834560657
2,569,80.4535364566958
3,569,96.1740439102566
4,569,87.8020796860551
5,569,117.173504567684
6,569,99.1461420996766
7,569,71.1494721222145
8,569,96.4014789283193
9,569,93.0190486974712
10,569,121.992138439855
11,569,86.9344666809989
12,569,101.617424630557
13,569,117.894541704976
14,569,111.782900615476
15,569,110.498155603418
16,569,63.6568422117622
17,569,95.2315365287766
18,569,71.5885500629431
1,570,129.05177814491
2,570,95.4041694918355
3,570,93.1211223990814
4,570,105.085123857722
5,570,136.108528846511
6,570,109.103965223269
7,570,121.137247920654
8,570,112.768921000521
9,570,124.630739325717
10,570,113.04568540103
11,570,84.364128736025
12,570,61.3770250882033
13,570,102.759284352911
14,570,107.465737665219
15,570,68.5014980770506
16,570,122.549845104105
17,570,95.0151747624199
18,570,109.251696845937
1,571,100.83735357965
2,571,130.872493488061
3,571,92.1954038176724
4,571,98.1796174009003
5,571,71.8371374091146
6,571,107.897276206878
7,571,123.938270950272
8,571,102.160683262444
9,571,106.696407088915
10,571,104.389152997055
11,571,144.211531786746
12,571,121.945942261088
13,571,96.8012348270858
14,571,78.6234196322919
15,571,96.8085059808181
16,571,133.894715252969
17,571,75.473437728578
18,571,137.091687458385
1,572,127.486983885328
2,572,109.39963508715
3,572,93.2472839065842
4,572,108.3103757886
5,572,95.5292049758308
6,572,123.650693784903
7,572,130.424451376647
8,572,111.613669626332
9,572,102.362325689961
10,572,93.2714401780387
11,572,94.1719927613167
12,572,116.43998526461
13,572,123.40282364129
14,572,114.498279749742
15,572,93.265840092925
16,572,85.756381570633
17,572,80.7972992965371
18,572,118.490422663728
1,573,67.01934054568
2,573,106.904034291784
3,573,74.2111101128455
4,573,61.2432587688506
5,573,103.706991412773
6,573,97.9869321064556
7,573,112.197021495434
8,573,119.026956979577
9,573,95.1440608006677
10,573,80.0026513748452
11,573,63.011540140771
12,573,112.551036248968
13,573,115.57119096583
14,573,115.096846802833
15,573,90.1270791659403
16,573,112.090738485198
17,573,105.899357920439
18,573,90.4949098200369
1,574,92.0955791642122
2,574,77.2587183045202
3,574,76.8287708272133
4,574,88.2402226332953
5,574,104.392221322456
6,574,114.763392578286
7,574,99.401565052554
8,574,107.285901807048
9,574,109.805930033884
10,574,92.1563675207317
11,574,83.4374942974212
12,574,121.4863747415
13,574,98.4764140246532
14,574,134.682951659676
15,574,85.9570533817814
16,574,77.0105788068546
17,574,110.251367105591
18,574,101.252431489183
1,575,105.967759097343
2,575,74.09443085784
3,575,92.3064638368103
4,575,120.28874671257
5,575,118.340801816094
6,575,128.157531082295
7,575,109.743236473167
8,575,118.942722438797
9,575,59.297787961685
10,575,112.208612775126
11,575,123.198706347713
12,575,69.3854478109502
13,575,73.3880121100183
14,575,112.424438293669
15,575,100.030474633057
16,575,93.760236081205
17,575,92.6816081010839
18,575,108.224119103566
1,576,87.2300168702971
2,576,98.4303820799417
3,576,131.02967030054
4,576,146.950598621902
5,576,82.3941136788972
6,576,85.392305194607
7,576,114.178626828402
8,576,118.402859995879
9,576,91.1760374600753
10,576,96.3525779843647
11,576,144.78461677922
12,576,100.017001346561
13,576,104.734006365872
14,576,94.5890862396251
15,576,70.0442684699142
16,576,81.4140543069843
17,576,98.1118348428749
18,576,109.010224689317
1,577,77.1553181085323
2,577,136.600776751063
3,577,78.6819554580204
4,577,113.734764452326
5,577,99.3715200484181
6,577,111.04747867784
7,577,91.188522005651
8,577,121.393362224254
9,577,112.069493246551
10,577,112.96575922182
11,577,94.1513439925898
12,577,74.3862492501767
13,577,117.201106877803
14,577,95.4255406047051
15,577,117.015581407512
16,577,119.163409683813
17,577,131.550455403721
18,577,97.1530966611361
1,578,145.741230090954
2,578,123.534104628853
3,578,87.6201366816543
4,578,130.078501497001
5,578,119.229624157642
6,578,83.7197798156456
7,578,75.2887515164262
8,578,91.0184527525763
9,578,120.983684823645
10,578,81.7317599890267
11,578,133.32143398894
12,578,117.666296627967
13,578,130.955511162861
14,578,102.959427528687
15,578,126.003963657298
16,578,87.2758261555719
17,578,114.203306387675
18,578,64.2245534814376
1,579,132.855680358515
2,579,119.450161573635
3,579,116.752305522432
4,579,82.6386645401715
5,579,89.0779927755314
6,579,93.8041915008547
7,579,151.049319961067
8,579,95.0742587471178
9,579,134.272956386552
10,579,114.478572115728
11,579,90.6369494595986
12,579,117.287319026244
13,579,129.262495156958
14,579,137.244989426699
15,579,118.322014877575
16,579,111.587658754209
17,579,94.0708683967759
18,579,82.9222581451702
1,580,86.2303108673326
2,580,106.663413565431
3,580,99.4112657700439
4,580,106.7827198904
5,580,81.441857193951
6,580,152.094756902321
7,580,106.380296492896
8,580,90.5244267171289
9,580,124.058592324068
10,580,109.308355140288
11,580,119.945094720426
12,580,125.918517092991
13,580,122.638801791672
14,580,75.555845845199
15,580,79.2211299999872
16,580,68.7947242944023
17,580,148.631828070355
18,580,87.0008263863051
1,581,89.2308925550809
2,581,102.398966878407
3,581,95.5577689860888
4,581,63.2234829706321
5,581,118.397328903924
6,581,144.145027377444
7,581,83.3858878772667
8,581,73.6345818383636
9,581,95.724326515752
10,581,126.893353004863
11,581,89.943465650271
12,581,109.329624108253
13,581,129.578630415589
14,581,141.417529272746
15,581,105.139108406156
16,581,128.584441865162
17,581,77.4004353956194
18,581,88.4385073353415
1,582,83.5905345589073
2,582,116.183153941012
3,582,94.9831416875692
4,582,111.904881553272
5,582,105.076656288101
6,582,94.1028298229592
7,582,95.6307245665023
8,582,121.933843781232
9,582,82.4331942971682
10,582,101.338208321599
11,582,63.9377142241707
12,582,89.580166705347
13,582,73.2991048315569
14,582,103.791918095647
15,582,119.92469656025
16,582,90.4088776532288
17,582,128.576995947348
18,582,141.532800506501
1,583,150.537743625843
2,583,101.439211633129
3,583,122.320524140306
4,583,89.468200183822
5,583,107.97551086592
6,583,124.333532422991
7,583,104.177567573984
8,583,129.541615438787
9,583,80.1299945517657
10,583,99.0577077346764
11,583,72.1266438398468
12,583,87.9195149439644
13,583,96.0506890808276
14,583,96.7715135069904
15,583,87.945459666914
16,583,110.509709284485
17,583,127.302592174076
18,583,82.6074977032721
1,584,104.674125702919
2,584,118.026521856395
3,584,108.424362402128
4,584,94.3256140897505
5,584,94.85534720892
6,584,101.100195320592
7,584,132.987154157322
8,584,133.798997120595
9,584,84.7286743221886
10,584,97.6015041271352
11,584,104.37696976721
12,584,103.423573423425
13,584,106.918029203527
14,584,94.5338939590798
15,584,94.8323143930264
16,584,91.3198553578605
17,584,76.3040535508576
18,584,77.0424451833451
1,585,116.498889272773
2,585,85.2288061977594
3,585,80.0637272244068
4,585,75.3545943390164
5,585,104.936094761377
6,585,77.0056119134714
7,585,127.793800904351
8,585,120.910527020611
9,585,126.418427039045
10,585,142.019449180349
11,585,94.0609705321492
12,585,105.239088375769
13,585,102.116097497981
14,585,94.7271525557014
15,585,148.791388094078
16,585,83.9978715448282
17,585,118.302361386763
18,585,91.4359670014249
1,586,117.221132537074
2,586,88.1231940784888
3,586,120.261632729803
4,586,72.2534764576851
5,586,139.029056375661
6,586,99.2653968757513
7,586,107.793598587314
8,586,99.1727916735694
9,586,101.729904148026
10,586,85.3280685381541
11,586,102.680047799071
12,586,129.457534897386
13,586,66.7048648425657
14,586,122.113250707861
15,586,82.6429717703528
16,586,79.5911848537997
17,586,136.721004641705
18,586,97.3225586241095
1,587,124.130047268209
2,587,95.6643000158684
3,587,87.7167116449538
4,587,63.7504265408344
5,587,137.298775822042
6,587,93.3559712030355
7,587,111.905995695619
8,587,92.4995916473428
9,587,95.5497329959595
10,587,147.099846186525
11,587,105.479875515605
12,587,94.3140187799658
13,587,108.836343945455
14,587,105.877606296751
15,587,109.1473118203
16,587,105.98517600833
17,587,117.373067806354
18,587,116.386565961261
1,588,116.219632616045
2,588,94.8919928322803
3,588,80.1871531193998
4,588,85.5666110929695
5,588,116.757028837956
6,588,126.676409271293
7,588,81.7820269989281
8,588,101.416518983665
9,588,102.692005947135
10,588,100.126490890186
11,588,113.825185344214
12,588,126.861705093704
13,588,60.5734696242894
14,588,100.009734622734
15,588,104.925131434761
16,588,113.596578345467
17,588,126.057259502143
18,588,73.9449132379941
1,589,111.221248242506
2,589,89.337687758458
3,589,109.144592059274
4,589,120.92819568933
5,589,141.581178262806
6,589,95.8373554979329
7,589,118.077186924534
8,589,77.8640052354351
9,589,89.9264918708474
10,589,136.237153134588
11,589,99.1905596011127
12,589,78.6355439484061
13,589,74.7772307455403
14,589,76.0161777833126
15,589,96.9755901957604
16,589,131.3117631918
17,589,117.793772734777
18,589,133.813069521537
1,590,96.8723188507534
2,590,122.410692057335
3,590,93.5782927827821
4,590,95.1563055928686
5,590,85.6385127521754
6,590,97.7537123739814
7,590,106.59669027013
8,590,126.69479980926
9,590,119.283450561068
10,590,78.179873927184
11,590,104.780713511397
12,590,97.4600924979015
13,590,84.585755836832
14,590,98.6169485234583
15,590,124.091303127727
16,590,115.449984664333
17,590,108.744913450845
18,590,128.748805227993
1,591,110.269078746319
2,591,122.550992130772
3,591,115.279012864082
4,591,137.910586797926
5,591,117.052671744379
6,591,81.2089228368431
7,591,107.14916939132
8,591,105.563355891051
9,591,100.519160431606
10,591,126.636242778104
11,591,125.369298948991
12,591,138.327443646515
13,591,87.5468706502211
14,591,82.2743493179546
15,591,131.472136917398
16,591,125.246848185845
17,591,138.956527147087
18,591,109.467314350691
1,592,125.614846751795
2,592,109.436296983435
3,592,105.412581010749
4,592,125.0655597974
5,592,98.8839967161404
6,592,114.377049489836
7,592,115.93761401269
8,592,127.855070737368
9,592,98.2364683345473
10,592,123.669434900165
11,592,132.423520365007
12,592,119.613567443241
13,592,86.1626401405187
14,592,96.2666066889563
15,592,86.5759170065947
16,592,104.728412464691
17,592,106.596056282528
18,592,107.213900994672
1,593,96.9442146746043
2,593,123.369785057814
3,593,101.353216004385
4,593,91.5591732838583
5,593,130.413687444195
6,593,62.4972277011961
7,593,98.695081398259
8,593,75.8135137716681
9,593,70.2429118997995
10,593,130.161135028299
11,593,122.593710545304
12,593,93.1217176407155
13,593,96.0478346685539
14,593,101.382977001848
15,593,106.437492521257
16,593,89.2343980662336
17,593,126.751434504848
18,593,140.063344259019
1,594,96.156011888288
2,594,105.580323873517
3,594,94.8186135865265
4,594,95.9656391201767
5,594,132.914433940609
6,594,98.3459847033193
7,594,111.873447810714
8,594,92.6622681738364
9,594,102.423553066735
10,594,69.9443831885095
11,594,112.628598259953
12,594,90.5005817062721
13,594,76.0346922522475
14,594,131.009047814319
15,594,132.507339347588
16,594,114.727483521107
17,594,82.7374306961867
18,594,95.2532647660326
1,595,76.7270930750248
2,595,112.546648623889
3,595,96.9112186421756
4,595,78.7107071136344
5,595,59.4387023982891
6,595,82.7881513683761
7,595,121.583827375438
8,595,126.083241198326
9,595,77.0018078180967
10,595,117.063479152819
11,595,121.518937064987
12,595,105.272243398838
13,595,106.972467163017
14,595,132.433671560321
15,595,85.0179502848162
16,595,107.890671633607
17,595,131.324193048926
18,595,86.4492063187743
1,596,97.4401204366764
2,596,99.0580453824196
3,596,129.638814289412
4,596,73.2328973783364
5,596,106.507824837706
6,596,99.569923248468
7,596,101.804525143423
8,596,131.163603828641
9,596,83.1410621512954
10,596,88.8080223366669
11,596,128.153951655566
12,596,101.082775608069
13,596,139.288077890245
14,596,82.009651788139
15,596,108.796434766869
16,596,92.46659982381
17,596,115.588199639785
18,596,102.135209113595
1,597,104.137473833383
2,597,96.2754420538251
3,597,130.693765600715
4,597,131.908512906029
5,597,92.4208427388509
6,597,89.9720710825203
7,597,94.6542033943967
8,597,127.328905040595
9,597,101.831615903477
10,597,127.550646923921
11,597,81.377580308854
12,597,102.032685866979
13,597,99.5703834170149
14,597,67.1388573393805
15,597,83.8968185882305
16,597,107.669656369936
17,597,72.6300486539048
18,597,118.673459165918
1,598,87.0745083089175
2,598,84.7493691341271
3,598,94.0849683489428
4,598,80.5274859797404
5,598,68.2049644321048
6,598,96.8910025283
7,598,129.70588462103
8,598,108.994209994626
9,598,103.539557897428
10,598,107.040964605675
11,598,105.657896551161
12,598,132.284074649621
13,598,124.29362523649
14,598,114.52862107233
15,598,80.8324127201242
16,598,73.1894487827081
17,598,119.985843871153
18,598,99.110626348318
1,599,133.196567036934
2,599,128.163085159619
3,599,75.2724354389404
4,599,130.033861458776
5,599,93.086042142672
6,599,104.696197291612
7,599,66.6692530366044
8,599,93.2046089374059
9,599,143.772674060847
10,599,93.4570095176786
11,599,93.2216534872403
12,599,118.285092129533
13,599,131.920131492153
14,599,89.9589613871199
15,599,130.498778734854
16,599,83.8319500324591
17,599,115.712804639779
18,599,99.5437365017138
1,600,101.503160284719
2,600,91.2244928111094
3,600,100.404175687468
4,600,75.0616556008935
5,600,76.637241489002
6,600,91.6271002542068
7,600,81.9283656233087
8,600,127.71498873797
9,600,143.426353093074
10,600,132.077618684662
11,600,74.8975642280324
12,600,94.950739407425
13,600,115.24411297538
14,600,118.44806454151
15,600,118.97780940719
16,600,113.890109436476
17,600,93.7215493751663
18,600,90.7281338259933
1,601,96.8796868923489
2,601,81.7469903083261
3,601,71.2580054312979
4,601,133.234910555811
5,601,102.098602713219
6,601,128.603713896712
7,601,127.483175869953
8,601,111.992773706035
9,601,131.505844198404
10,601,93.965187707293
11,601,106.655293765299
12,601,107.055452125956
13,601,116.948656706121
14,601,103.987756826813
15,601,106.308930154963
16,601,95.1254067526775
17,601,87.7280780573567
18,601,103.038837350412
1,602,96.4404424068075
2,602,115.212696755857
3,602,98.8966340374918
4,602,96.4400223685998
5,602,104.331548879241
6,602,87.6563757902559
7,602,96.0344199875731
8,602,136.556954417283
9,602,89.176377585033
10,602,144.705518019833
11,602,105.66429882708
12,602,103.212832102041
13,602,135.240181816431
14,602,95.1056235348908
15,602,119.965329336792
16,602,92.0401830859249
17,602,87.4926247215261
18,602,108.988973187228
1,603,121.720361373097
2,603,139.588214608912
3,603,136.023495776936
4,603,139.976309752125
5,603,86.5527448898854
6,603,108.552009463158
7,603,76.2990603427238
8,603,104.89252030867
9,603,114.443265072639
10,603,113.55065167391
11,603,117.142205456652
12,603,125.539843103369
13,603,107.917944007573
14,603,96.0431225865107
15,603,75.7490587918112
16,603,94.0782206245998
17,603,99.725372775965
18,603,119.470307136752
1,604,88.2973830036852
2,604,78.7961732108957
3,604,148.878816501624
4,604,101.006818051034
5,604,114.786362336848
6,604,89.7373420848876
7,604,96.9052323167284
8,604,64.7512595388468
9,604,146.320753307793
10,604,96.0611363476956
11,604,114.165371405511
12,604,77.2032505052778
13,604,98.415749278309
14,604,129.575538738573
15,604,124.377209003966
16,604,137.844433939025
17,604,101.146196254794
18,604,149.802347185266
1,605,98.3446901500408
2,605,142.467778941606
3,605,117.651735989605
4,605,69.3229158085611
5,605,106.456421799093
6,605,71.9204814278616
7,605,101.898515230072
8,605,133.953364710917
9,605,96.5194856874703
10,605,91.4971025568858
11,605,131.134985195621
12,605,115.814164419044
13,605,110.94441423364
14,605,88.0408246897702
15,605,69.6731183673545
16,605,69.3618329517512
17,605,76.8278972524933
18,605,88.4003343826523
1,606,98.8855514637356
2,606,101.803580481326
3,606,102.249956550343
4,606,86.480486260618
5,606,81.9311280981351
6,606,88.5839400101071
7,606,88.7116675020676
8,606,94.632507377188
9,606,131.936044239746
10,606,66.3699932093084
11,606,94.5621007182289
12,606,113.698122356771
13,606,122.047258486359
14,606,102.125903605984
15,606,88.306215867846
16,606,62.6226380147476
17,606,94.7361607199538
18,606,72.2711286080017
1,607,95.9842554020065
2,607,98.5988847045864
3,607,119.896565927978
4,607,129.938150850322
5,607,95.9342539539339
6,607,117.42804272087
7,607,146.030718830977
8,607,129.110301530282
9,607,92.8257396168888
10,607,124.047547686093
11,607,113.232499477918
12,607,112.139550958887
13,607,125.595113220168
14,607,79.2234890128556
15,607,117.826878098867
16,607,96.5403371635086
17,607,125.652906093539
18,607,128.409435880807
1,608,85.7742615844831
2,608,69.9534924203818
3,608,109.646054744894
4,608,113.155437195196
5,608,70.8481716296959
6,608,116.72900306247
7,608,99.8081897207615
8,608,128.730168513462
9,608,89.4365788752528
10,608,129.973315864189
11,608,134.465704377312
12,608,91.6447008473791
13,608,96.7159354635048
14,608,143.55878628144
15,608,94.5082805788634
16,608,83.0925514089005
17,608,89.6218659662253
18,608,95.5408952499022
1,609,103.59680046779
2,609,122.958378875693
3,609,120.326902203208
4,609,66.2750474399547
5,609,110.653945072604
6,609,91.4941364787304
7,609,100.803295610898
8,609,88.303795090763
9,609,103.378076173941
10,609,119.668795302541
11,609,116.492149441511
12,609,94.1335922328376
13,609,91.0314981198579
14,609,86.481821611637
15,609,110.143182281689
16,609,113.55912500548
17,609,111.959085040951
18,609,139.82869339371
1,610,96.5387008772468
2,610,103.987100564162
3,610,101.800929879988
4,610,109.921811836208
5,610,95.3959020728184
6,610,101.088057296899
7,610,96.2994344051808
8,610,101.832517271317
9,610,103.702128286219
10,610,118.408592109051
11,610,136.336681635713
12,610,93.9919836018306
13,610,78.0787296517453
14,610,131.891420226021
15,610,104.273225159687
16,610,114.019580963633
17,610,114.155029368364
18,610,122.458197803708
1,611,109.67776414657
2,611,118.442010324093
3,611,106.99756195036
4,611,113.899051945141
5,611,97.1073845810227
6,611,135.066485096341
7,611,92.5741839771683
8,611,139.044180006682
9,611,141.038651741206
10,611,84.4906148281084
11,611,128.070795267045
12,611,108.954789457419
13,611,106.389589220636
14,611,100.129467968397
15,611,80.3549230520918
16,611,102.171259867454
17,611,89.6871228659616
18,611,98.0772704919247
1,612,101.971446641759
2,612,75.3299875714869
3,612,100.120932796845
4,612,81.3050992637349
5,612,100.798730579328
6,612,99.8644125119163
7,612,122.147598651459
8,612,93.7624376817256
9,612,97.5713437786448
10,612,121.983861561218
11,612,96.8283279361602
12,612,118.738933999016
13,612,93.1236971016101
14,612,83.3269515228248
15,612,106.13638054747
16,612,117.049621412406
17,612,140.847703611825
18,612,80.4497876396235
1,613,123.071117900223
2,613,88.0082277860751
3,613,102.253391177421
4,613,82.6107661356888
5,613,94.3158792209478
6,613,86.1522786315202
7,613,75.0993830620907
8,613,110.222882266358
9,613,82.8055262037831
10,613,99.210010114776
11,613,115.595563798313
12,613,70.9334683228974
13,613,83.2936764406234
14,613,124.659003811593
15,613,85.7600994571578
16,613,131.719114157709
17,613,112.907961797767
18,613,123.300389358186
1,614,96.1427170712152
2,614,123.07040949748
3,614,94.7391320839934
4,614,85.5498863728101
5,614,107.509549747009
6,614,117.412542424575
7,614,130.551381442741
8,614,140.578387586504
9,614,97.9700496131726
10,614,100.5512646315
11,614,70.5603010994703
12,614,92.5388247641477
13,614,76.6842653768434
14,614,78.9288906454325
15,614,113.378506176828
16,614,105.325756772074
17,614,71.3134514236454
18,614,121.868830964797
1,615,94.2611306829939
2,615,106.686032828422
3,615,110.278011290723
4,615,108.175997763753
5,615,90.6382054808258
6,615,106.094310588821
7,615,90.4680645314198
8,615,123.21609523811
9,615,74.7029342430291
10,615,112.488047022798
11,615,106.619619053018
12,615,97.6283761749568
13,615,88.255194162999
14,615,86.1548175342629
15,615,96.5801759711255
16,615,123.367132713715
17,615,69.9718695575273
18,615,58.7840717165831
1,616,117.100290115671
2,616,103.507978973274
3,616,80.3972015057329
4,616,96.537588609979
5,616,88.7459480575393
6,616,82.2610981413586
7,616,109.335167836827
8,616,100.800955690089
9,616,117.474977174055
10,616,123.219128319321
11,616,117.906701097262
12,616,100.636941080382
13,616,98.3329500025296
14,616,105.921393372969
15,616,99.0313308602524
16,616,120.911465688641
17,616,150.638461367357
18,616,99.0911157790086
1,617,74.3187867297447
2,617,150.041130396657
3,617,102.895448297151
4,617,76.9367772148907
5,617,96.8552731660465
6,617,68.7025534757896
7,617,138.485836208766
8,617,96.1702945160004
9,617,128.111742474411
10,617,97.3943424150995
11,617,100.362583844733
12,617,126.526059451191
13,617,108.393814505562
14,617,120.604251936734
15,617,87.814756305803
16,617,87.0356639483653
17,617,88.5165049752501
18,617,90.3156108586959
1,618,81.2037898886827
2,618,123.700590615434
3,618,101.240667979771
4,618,105.081830177277
5,618,82.8046012058384
6,618,86.9385554993443
7,618,107.15783748256
8,618,134.359853246073
9,618,126.547554107532
10,618,115.016077462805
11,618,73.3348886142047
12,618,66.6822392099209
13,618,106.247332102401
14,618,82.4513602027684
15,618,99.8829481521253
16,618,118.687686700131
17,618,115.773404141709
18,618,66.1687579692275
1,619,144.624610138282
2,619,129.169047542438
3,619,71.0240334023484
4,619,130.720640136678
5,619,124.826484273484
6,619,116.483626125583
7,619,125.327626826081
8,619,106.805985855406
9,619,122.679954537934
10,619,92.6044608126081
11,619,96.4148011558586
12,619,88.4342420121274
13,619,99.9758760021014
14,619,83.0844338161314
15,619,127.332055076611
16,619,87.9955504028162
17,619,105.496719083685
18,619,85.0447112881715
1,620,92.4149722416683
2,620,106.414232571164
3,620,131.817050196281
4,620,81.7869375430675
5,620,100.531549353721
6,620,115.911657728962
7,620,67.4844219424759
8,620,107.581921049116
9,620,102.631122413227
10,620,78.7528182959999
11,620,77.144245597879
12,620,97.992772590984
13,620,146.645597643945
14,620,105.954691594868
15,620,116.046841449599
16,620,103.375500381551
17,620,97.6078738454304
18,620,81.4267013415645
1,621,141.181528499967
2,621,117.589874790699
3,621,139.90344911674
4,621,138.446591069173
5,621,98.970596834648
6,621,87.4028103013389
7,621,113.835184602548
8,621,98.5998563735794
9,621,99.6820176990615
10,621,71.5390470231131
11,621,123.591033163884
12,621,74.9161468669949
13,621,79.5411353927239
14,621,132.068240247992
15,621,92.464722398469
16,621,97.0815323965827
17,621,126.508233739997
18,621,103.942408267976
1,622,97.1924181898362
2,622,104.463667016586
3,622,61.0624016710816
4,622,94.2134174775817
5,622,76.9308522225233
6,622,103.618942873049
7,622,86.0941207504979
8,622,138.310788003676
9,622,106.664136508703
10,622,126.614269398984
11,622,134.375219998812
12,622,129.244803707946
13,622,96.8925392171916
14,622,88.0144350204036
15,622,99.5442953286958
16,622,90.8999413857415
17,622,96.2645303826288
18,622,106.967492247249
1,623,78.9161437344521
2,623,65.1577634420471
3,623,120.277712294099
4,623,97.0082881537802
5,623,109.832531147683
6,623,101.852507128326
7,623,87.069063413655
8,623,94.0657408189914
9,623,131.685864283176
10,623,80.8906795418866
11,623,103.240691820061
12,623,84.1494054720655
13,623,107.03142711778
14,623,79.5392201701386
15,623,98.6154654296387
16,623,87.2159516399172
17,623,103.288685435582
18,623,116.046584448309
1,624,117.2814385533
2,624,82.8795893363209
3,624,89.7847466643443
4,624,67.0394655009451
5,624,126.393250282014
6,624,74.5167008360785
7,624,132.166409366122
8,624,90.5947474604325
9,624,62.4580221519462
10,624,119.20363285577
11,624,102.407250497446
12,624,85.5499749371117
13,624,109.634010301371
14,624,143.624122761138
15,624,95.0347839023447
16,624,137.957141102797
17,624,64.1854985738375
18,624,149.666176323848
1,625,67.7401995997973
2,625,105.355279493242
3,625,88.6702149590977
4,625,124.004885337938
5,625,97.3248136823538
6,625,95.9711289226491
7,625,63.2803603909836
8,625,82.3547059099361
9,625,137.482670326101
10,625,91.3525055164358
11,625,113.91920692318
12,625,104.866443181711
13,625,83.3150064339996
14,625,115.470797775683
15,625,121.868729291067
16,625,97.7610248056475
17,625,98.3249323444018
18,625,85.8045414032085
1,626,71.7804572474072
2,626,100.306179955837
3,626,105.375808933072
4,626,131.471875666825
5,626,140.886134646071
6,626,133.143691045072
7,626,132.872503847426
8,626,98.2124241988273
9,626,97.4063363500523
10,626,77.5747234076422
11,626,77.8294599630248
12,626,140.88817002982
13,626,88.2197327824482
14,626,114.514473252546
15,626,117.960772598443
16,626,100.631139792895
17,626,99.0750708466785
18,626,123.393744923584
1,627,72.1831827188055
2,627,80.3827730652696
3,627,115.17802915082
4,627,142.32116102944
5,627,139.259807521478
6,627,128.035908884362
7,627,82.2475254776363
8,627,124.752023194042
9,627,86.2566612328502
10,627,87.5996356572475
11,627,147.211820338329
12,627,87.2597084100302
13,627,87.632307714722
14,627,104.293897140468
15,627,101.375096304793
16,627,98.624596333992
17,627,94.0849105156557
18,627,94.3787397589296
1,628,104.091452143564
2,628,86.1171682173505
3,628,119.562633692995
4,628,108.258710060791
5,628,108.864162001229
6,628,101.830661318074
7,628,94.9035291377629
8,628,98.1113472901714
9,628,89.775094512259
10,628,127.602713225506
11,628,79.8270544207381
12,628,82.5346914317617
13,628,115.829321066304
14,628,98.4773886278682
15,628,132.492385764509
16,628,82.0727747238938
17,628,62.8004077001941
18,628,89.8266716707339
1,629,130.214722396917
2,629,102.553329610863
3,629,102.693479227932
4,629,100.250896325748
5,629,85.2097899680141
6,629,104.070343068588
7,629,89.7436750590573
8,629,114.538466711008
9,629,79.9640910309377
10,629,102.950678026199
11,629,79.3117226082418
12,629,79.8587483152506
13,629,68.3210357867713
14,629,104.044964571055
15,629,144.502131317423
16,629,71.1542806075261
17,629,116.160897811973
18,629,76.8810031654192
1,630,106.433673950495
2,630,118.115334293422
3,630,117.052683664691
4,630,103.926924483667
5,630,99.9180990224937
6,630,138.244438481234
7,630,102.867399277238
8,630,77.5265050216982
9,630,86.3906946938439
10,630,124.551865269463
11,630,80.2624364618664
12,630,116.474431015866
13,630,94.5285565203032
14,630,122.774291558948
15,630,141.827566068298
16,630,61.4081708722919
17,630,88.6248115573957
18,630,114.868792086583
1,631,72.3776553738113
2,631,116.381312892705
3,631,89.7661395536662
4,631,129.256654047833
5,631,103.67571233106
6,631,61.5080460093408
7,631,100.687169850028
8,631,84.7811841708844
9,631,103.873407560239
10,631,114.690758464428
11,631,71.7950128489704
12,631,77.7167567616516
13,631,106.399453071799
14,631,93.4353241666708
15,631,96.4826924659528
16,631,89.4222821206058
17,631,108.71669359337
18,631,93.3481075959481
1,632,108.862490100547
2,632,116.2222288608
3,632,115.216347788153
4,632,103.795294667586
5,632,127.612059973346
6,632,95.9435062465847
7,632,71.5303854490877
8,632,66.1833288194951
9,632,90.8377125338668
10,632,135.952945934472
11,632,132.90661159135
12,632,108.448814776631
13,632,100.001038961633
14,632,79.3735833819027
15,632,127.219973872244
16,632,120.34080339224
17,632,100.654184366545
18,632,75.9964899638633
1,633,129.796224742347
2,633,76.1721541964888
3,633,87.1599139776199
4,633,93.4621609670673
5,633,86.0749014092528
6,633,96.2619361625176
7,633,136.94557080931
8,633,67.2781695162324
9,633,84.7625864822944
10,633,93.6412634179057
11,633,79.1729005738901
12,633,137.107876244197
13,633,96.6762750272159
14,633,149.187101297829
15,633,100.034168129614
16,633,119.380078508508
17,633,137.984272194721
18,633,91.8913976847452
1,634,120.347679181445
2,634,91.9211631700891
3,634,93.0159918945541
4,634,90.30669346287
5,634,116.581383396946
6,634,121.670075145511
7,634,108.807504422597
8,634,81.9647419272964
9,634,63.7539504625804
10,634,85.8051361253783
11,634,121.32273912565
12,634,71.2115752648813
13,634,86.2566554822671
14,634,122.171674265854
15,634,125.625388309292
16,634,113.131162851326
17,634,107.814719482978
18,634,114.376021792591
1,635,67.135585687315
2,635,58.4454908886455
3,635,91.0218227532229
4,635,107.532207342308
5,635,132.648257718003
6,635,135.853736978343
7,635,114.57642514925
8,635,111.543222152951
9,635,102.150697609562
10,635,111.396724853135
11,635,111.304222811106
12,635,110.412316447995
13,635,107.776704623853
14,635,101.962608436859
15,635,89.287226717349
16,635,96.0638641620513
17,635,83.1464376878504
18,635,101.198800591703
1,636,83.5497438956426
2,636,119.249547377475
3,636,64.3372684867934
4,636,82.2120000478064
5,636,117.366176988952
6,636,109.480954748921
7,636,106.549926288977
8,636,109.393464035665
9,636,93.5912529227658
10,636,79.0367051282732
11,636,132.884246780473
12,636,132.299309697611
13,636,147.551355047033
14,636,69.4813536255743
15,636,87.1956440742477
16,636,140.641273205431
17,636,134.297808348439
18,636,107.248052528325
1,637,74.8679618636075
2,637,120.914501671854
3,637,129.380700749835
4,637,105.682828421104
5,637,101.072704267282
6,637,88.2669011805235
7,637,109.578857012592
8,637,104.079310522365
9,637,107.770478994429
10,637,99.2461059512452
11,637,101.393037027272
12,637,92.9439100097577
13,637,98.8459938430579
14,637,87.0124313569106
15,637,99.7447386095585
16,637,101.815208427147
17,637,112.111669656521
18,637,92.1477290751828
1,638,78.3090079774977
2,638,107.637237071785
3,638,92.185589317636
4,638,113.991826614778
5,638,101.789789371439
6,638,94.9328925689446
7,638,104.76808884381
8,638,74.923432556688
9,638,123.677701826073
10,638,70.1104018197963
11,638,75.7868161061699
12,638,91.8126329420977
13,638,123.523684520767
14,638,91.1549644025617
15,638,75.4336553728354
16,638,128.342187921077
17,638,119.414965938881
18,638,124.075216669017
1,639,111.302341877694
2,639,98.2174263535261
3,639,141.88390235706
4,639,76.7789148138517
5,639,98.1615424122174
6,639,106.777698923373
7,639,105.874710432872
8,639,99.3039192047139
9,639,77.7659128082144
10,639,155.118490791505
11,639,116.304596772106
12,639,85.6664677454979
13,639,106.848283848795
14,639,94.0561363039122
15,639,138.947859235871
16,639,91.842227689856
17,639,92.7510978093369
18,639,121.919745392396
1,640,90.8439498793143
2,640,92.5514182358565
3,640,140.350260644592
4,640,122.317813949866
5,640,128.757480826029
6,640,82.4531864588205
7,640,98.087521710933
8,640,117.667178043256
9,640,98.4159410191382
10,640,83.4971080767359
11,640,85.4368447421334
12,640,101.941485151758
13,640,119.697631689555
14,640,108.952839533663
15,640,101.030739972035
16,640,98.2973007616679
17,640,97.9829448575704
18,640,137.811862423822
1,641,109.77517949786
2,641,69.4487461957604
3,641,110.098372723793
4,641,97.2093145640223
5,641,134.338610370853
6,641,125.257383371331
7,641,108.616866067376
8,641,107.838366382358
9,641,98.0315144225548
10,641,84.3860281358361
11,641,85.9262755662641
12,641,142.853037934692
13,641,146.28772801831
14,641,80.4492286703426
15,641,94.8439131290583
16,641,73.9967044749642
17,641,99.5649345373609
18,641,89.95496043452
1,642,90.0806553691301
2,642,90.3886393267931
3,642,141.339111164747
4,642,115.912575809564
5,642,105.779123500701
6,642,102.316395181839
7,642,109.296948889641
8,642,124.601346324777
9,642,114.078555857192
10,642,97.6483320281047
11,642,84.0453366396628
12,642,105.036224642197
13,642,86.107204282219
14,642,126.16784437457
15,642,98.2070587947367
16,642,93.2648412127547
17,642,113.907557159257
18,642,93.2958551981334
1,643,130.089480980131
2,643,98.2145467763614
3,643,89.7518892790983
4,643,110.833236725523
5,643,100.923480066698
6,643,129.817866101835
7,643,111.271608551825
8,643,104.91299940048
9,643,110.730291926425
10,643,81.4082344762258
11,643,92.201844783247
12,643,105.446934718326
13,643,119.082508391277
14,643,108.31551152078
15,643,105.088397316469
16,643,114.843989528705
17,643,88.769671960878
18,643,124.745415174237
1,644,118.683948836957
2,644,88.167677645319
3,644,105.688293031456
4,644,141.051380403386
5,644,129.322793881063
6,644,120.444098940314
7,644,83.1776198092395
8,644,130.10656302523
9,644,65.0554461497512
10,644,126.352115823666
11,644,128.707582855672
12,644,126.918899623443
13,644,106.807393519484
14,644,83.2741705613108
15,644,91.4571784397475
16,644,102.129324686368
17,644,104.2582937775
18,644,114.477134563827
1,645,108.120772186838
2,645,111.580295338828
3,645,137.438607154069
4,645,90.4366385233544
5,645,92.1438448747862
6,645,88.8615178004173
7,645,81.4015934513248
8,645,114.742754452145
9,645,143.51936723096
10,645,104.192458768345
11,645,122.703119271396
12,645,91.8861906984693
13,645,130.439760442572
14,645,73.1841078801276
15,645,84.131676531786
16,645,148.618391373035
17,645,108.19155799789
18,645,61.8397471633313
1,646,114.698780457617
2,646,82.3509655921667
3,646,110.038573284328
4,646,97.4357748312095
5,646,93.3283191396631
6,646,128.767819638566
7,646,80.8327914050583
8,646,125.926884653618
9,646,92.5950469769532
10,646,106.899376603575
11,646,105.795984531196
12,646,66.6979424057067
13,646,145.947731820228
14,646,79.5126963296062
15,646,134.711350134887
16,646,116.250452120019
17,646,75.0412002786957
18,646,110.894476834284
1,647,96.4732614421702
2,647,77.016682545592
3,647,106.354381424899
4,647,77.3220349935038
5,647,62.0784036208445
6,647,76.516303773994
7,647,98.2523815273017
8,647,106.845716963482
9,647,116.874856422836
10,647,106.788604224226
11,647,118.677351869815
12,647,120.767029428861
13,647,96.1005995879716
14,647,124.101310152845
15,647,139.410727607413
16,647,133.426019267147
17,647,117.62516425337
18,647,127.696702310395
1,648,126.123269776102
2,648,95.603495753965
3,648,77.4647407877464
4,648,69.9491559826759
5,648,60.8020738104644
6,648,72.9264796079098
7,648,97.1927425800855
8,648,106.925241983064
9,648,117.774818591259
10,648,116.643780853855
11,648,114.659102545318
12,648,69.7625238009557
13,648,95.1249076162785
14,648,74.7716112546246
15,648,112.041408483493
16,648,102.33759560203
17,648,101.121666637282
18,648,96.7567453100693
1,649,125.298235017173
2,649,88.0590565408871
3,649,100.281206238018
4,649,113.542747615381
5,649,106.968252651212
6,649,79.0625438803936
7,649,97.9789299605168
8,649,100.660922742201
9,649,84.6517104940266
10,649,127.078105883609
11,649,95.3607206309638
12,649,85.5827236077334
13,649,144.708326808403
14,649,120.998492151163
15,649,109.533727710498
16,649,108.151320599612
17,649,83.0335968419912
18,649,121.06798857196
1,650,104.784189565433
2,650,87.6764942774623
3,650,140.863295756455
4,650,121.322462127089
5,650,75.3177948032999
6,650,125.904132175696
7,650,86.7598968883815
8,650,84.3069351862793
9,650,127.05934245183
10,650,148.191136270313
11,650,114.635034328413
12,650,103.225287961433
13,650,144.808865896106
14,650,86.3026299645622
15,650,72.8075618361501
16,650,93.9821715588014
17,650,116.300303355362
18,650,84.0158511936266
1,651,96.4399125559408
2,651,98.1766121452855
3,651,94.2622012814028
4,651,90.6647062950917
5,651,141.661217856922
6,651,98.6504940944037
7,651,117.978307700716
8,651,85.1648677152976
9,651,67.1197153821272
10,651,140.824455032289
11,651,93.8444429542342
12,651,90.8323638635675
13,651,104.927889034708
14,651,90.289848788902
15,651,106.288809143271
16,651,123.862374151782
17,651,120.310526346965
18,651,92.5628472482293
1,652,96.7416633275037
2,652,82.0506804272039
3,652,92.0185386355417
4,652,79.7249218318749
5,652,75.8406693882798
6,652,95.8303911053618
7,652,105.715936077689
8,652,91.601560928001
9,652,100.527358438676
10,652,112.792451654135
11,652,88.060362295924
12,652,68.202499311325
13,652,132.488213561647
14,652,78.0654192795855
15,652,98.4870517170285
16,652,141.067777990356
17,652,73.6504458169825
18,652,73.850660728643
1,653,87.4113198220389
2,653,89.487047744943
3,653,117.780533820525
4,653,92.6416017909514
5,653,105.496463952809
6,653,94.3853550344642
7,653,75.4539414177591
8,653,120.237228459205
9,653,129.028095114978
10,653,128.512016962645
11,653,69.0835331619871
12,653,93.0587752532594
13,653,72.8080942943233
14,653,77.3433566134291
15,653,112.039690669079
16,653,150.113247973575
17,653,98.4154948279236
18,653,99.7640597339159
1,654,78.3679846701824
2,654,117.09112731689
3,654,146.677577481632
4,654,126.580427955499
5,654,70.1411523101561
6,654,128.223398344877
7,654,95.814699744301
8,654,136.703926928359
9,654,108.173956429252
10,654,109.841639401513
11,654,63.2741940712669
12,654,120.969311424669
13,654,92.4831408015449
14,654,125.68804596521
15,654,101.920923948144
16,654,94.3046116101068
17,654,106.274991397708
18,654,115.845538746129
1,655,115.114210291638
2,655,99.1272688020472
3,655,84.8360929104338
4,655,116.017265967771
5,655,112.086239503502
6,655,126.868273932143
7,655,134.17232298903
8,655,75.6082483087914
9,655,102.771764669913
10,655,91.3400175168259
11,655,127.367075999602
12,655,130.881871890461
13,655,128.181966861763
14,655,93.8248207770158
15,655,85.220502843738
16,655,99.6661272847808
17,655,141.990754444495
18,655,94.1425196931522
1,656,77.1734165200158
2,656,138.692355500386
3,656,100.606528430318
4,656,96.6300527861256
5,656,111.941934945906
6,656,94.1908595062937
7,656,96.5390955745518
8,656,68.2795420835706
9,656,92.5746042211639
10,656,88.204246643423
11,656,76.3173414410546
12,656,94.0298074050849
13,656,121.531925817283
14,656,95.1202598443419
15,656,147.977901986301
16,656,112.996037377422
17,656,77.8950539333587
18,656,82.8382675518744
1,657,97.6677958665224
2,657,74.6288967791944
3,657,75.8752990674965
4,657,118.334368285844
5,657,82.5087655992577
6,657,100.41453761267
7,657,105.868565994418
8,657,102.930456475035
9,657,76.7873466428342
10,657,88.965905604
11,657,105.13152761835
12,657,131.23295323382
13,657,92.2164083235335
14,657,96.6210088791325
15,657,119.602009286915
16,657,119.357257127957
17,657,145.082704646966
18,657,136.722637725094
1,658,118.005758120052
2,658,103.526249623738
3,658,66.523379930941
4,658,130.931182393341
5,658,90.0765680346227
6,658,96.1201932012142
7,658,126.283134268428
8,658,106.300536019152
9,658,96.8548934866632
10,658,101.57994434207
11,658,135.376010173188
12,658,91.7737729150642
13,658,133.388955287984
14,658,97.4777562221115
15,658,118.072506758443
16,658,92.3430347916109
17,658,97.724818394674
18,658,94.0853820985919
1,659,98.3201005591426
2,659,97.4385762293477
3,659,115.076598775169
4,659,86.2271025538161
5,659,80.1014683668995
6,659,143.670681810681
7,659,118.015919947382
8,659,94.7038080806541
9,659,75.6290657497199
10,659,77.4422572154258
11,659,99.6054950791086
12,659,79.8453648336302
13,659,141.424607536307
14,659,92.0726621178498
15,659,105.342717836077
16,659,61.6610274954919
17,659,102.478598278285
18,659,114.308396623
1,660,125.360141416502
2,660,111.37498256558
3,660,112.001160632003
4,660,108.287252827264
5,660,91.6633087886187
6,660,136.244728664304
7,660,108.493958951262
8,660,86.525437317682
9,660,95.3706228127778
10,660,78.5741132660062
11,660,124.145725832117
12,660,82.2567867909159
13,660,91.2111508587936
14,660,79.4996088660608
15,660,131.803439920139
16,660,113.101042259318
17,660,90.0137350816409
18,660,101.44171021609
1,661,127.665835828725
2,661,85.1419792097925
3,661,110.525132299101
4,661,110.055891770053
5,661,91.3301531844095
6,661,99.9598365848646
7,661,119.185036819298
8,661,116.000654415402
9,661,121.043408127071
10,661,111.502611530893
11,661,100.315239944701
12,661,85.0816533192768
13,661,134.608662085115
14,661,85.4185392902927
15,661,90.8873949151442
16,661,107.100256929655
17,661,92.9192916987687
18,661,84.8901462558443
1,662,90.2527036708462
2,662,95.4881484242284
3,662,96.1806648336262
4,662,137.888031793025
5,662,88.9153147265807
6,662,84.347132999823
7,662,72.8858676548632
8,662,84.1358590714079
9,662,92.4879688278519
10,662,104.399335518908
11,662,123.758568340235
12,662,79.9505438504897
13,662,84.6202481853469
14,662,76.6327773269257
15,662,57.5990688928085
16,662,119.42907064589
17,662,124.605384807318
18,662,66.3023945383043
1,663,101.573307724139
2,663,101.320351612148
3,663,80.6250712471653
4,663,81.439232536579
5,663,69.8744244784984
6,663,101.866663570298
7,663,93.3233071501605
8,663,87.1363848583519
9,663,91.8294672719396
10,663,140.665545861257
11,663,120.991791957814
12,663,116.473842867257
13,663,114.596657395246
14,663,66.3127168345199
15,663,88.5320499694303
16,663,106.965446260195
17,663,125.036142934743
18,663,103.796126886507
1,664,97.763712460165
2,664,146.623215541917
3,664,101.127162122131
4,664,108.565577465034
5,664,99.6794035492586
6,664,137.256838915249
7,664,98.5528872459875
8,664,98.3998055341595
9,664,119.782697018074
10,664,104.402940319326
11,664,113.357569343509
12,664,79.0441270178308
13,664,102.245375427057
14,664,144.583632466564
15,664,97.4408502558384
16,664,91.1337433837214
17,664,64.8728964364751
18,664,80.8563167033621
1,665,84.2674114356811
2,665,86.1331574935292
3,665,77.5714651436325
4,665,79.9628590679874
5,665,120.098558336528
6,665,88.1167087869358
7,665,98.0668311599152
8,665,82.5064083956556
9,665,100.538072920015
10,665,85.9303034189597
11,665,88.6040110230671
12,665,103.408326773241
13,665,132.846752119144
14,665,102.198810748288
15,665,93.0207179768949
16,665,110.881981025606
17,665,128.369282965079
18,665,100.42844695128
1,666,108.671148380789
2,666,130.263329006233
3,666,142.473171856362
4,666,115.000361048896
5,666,143.344659080092
6,666,61.1310851257233
7,666,120.275787193498
8,666,145.905685174394
9,666,111.471284869063
10,666,87.2777272162454
11,666,115.518742970193
12,666,109.54721430609
13,666,88.5168268396418
14,666,130.241082853655
15,666,91.7244786882498
16,666,84.1716300176739
17,666,139.897219571793
18,666,120.852808817585
1,667,123.521956768147
2,667,99.8120756458185
3,667,112.61749726523
4,667,95.8611493666524
5,667,137.683512915491
6,667,104.33198948324
7,667,88.5491058154258
8,667,69.5752909434161
9,667,81.7091601023375
10,667,114.550738118096
11,667,76.9699178015976
12,667,95.3460678520816
13,667,113.65665591757
14,667,143.289269431488
15,667,89.8205591838553
16,667,124.07339019572
17,667,77.2572034435588
18,667,102.034848329929
1,668,111.640025969708
2,668,147.253663758977
3,668,106.836089661745
4,668,113.016031724482
5,668,149.006984401856
6,668,101.673507665182
7,668,115.118129406345
8,668,97.2871470433321
9,668,103.591843038744
10,668,97.1668478478991
11,668,121.838532433202
12,668,94.9259133091965
13,668,115.054408631272
14,668,109.94266578861
15,668,129.629772111902
16,668,146.521310992901
17,668,94.1230267506911
18,668,92.0524939740219
1,669,129.628093010298
2,669,100.693774215751
3,669,86.4790357888114
4,669,114.269104125082
5,669,100.197154329034
6,669,69.3982749702771
7,669,106.682388519502
8,669,105.725140025644
9,669,146.595736145098
10,669,81.2351572481518
11,669,69.814373382792
12,669,132.103229720613
13,669,127.452398112051
14,669,100.446840116947
15,669,82.7663013713479
16,669,101.936169537361
17,669,111.603706271281
18,669,90.5494198185979
1,670,114.036218290194
2,670,85.6516223882041
3,670,89.6215600793136
4,670,108.906874204424
5,670,143.166066337081
6,670,74.2549519159661
7,670,63.9511485986061
8,670,124.200300671143
9,670,129.638072724196
10,670,131.92125705406
11,670,98.1233147521707
12,670,105.428841532984
13,670,133.783467859079
14,670,82.3795539422504
15,670,100.543074879343
16,670,98.7262753681112
17,670,112.397777951743
18,670,111.127870812633
1,671,78.4741362581567
2,671,73.9157695250081
3,671,78.703707019464
4,671,110.184909461555
5,671,78.7898950259689
6,671,113.75766897258
7,671,128.789885437457
8,671,85.2565691975178
9,671,78.0276928359341
10,671,81.0233493444297
11,671,100.140799096926
12,671,124.593660951084
13,671,114.148368852554
14,671,102.038186362154
15,671,112.089874482919
16,671,126.602847734049
17,671,100.669913122538
18,671,71.4622720944785
1,672,107.907948763287
2,672,96.669718764742
3,672,116.232530867954
4,672,115.256037019297
5,672,107.455402142636
6,672,107.612268732002
7,672,117.555303908
8,672,93.6670430269653
9,672,122.475692927361
10,672,89.2315726336934
11,672,108.02271679824
12,672,148.692036544047
13,672,98.5255878100378
14,672,90.5000034709837
15,672,98.5739659988887
16,672,104.114433690294
17,672,127.426060793434
18,672,105.921909059595
1,673,79.5817259517187
2,673,99.8126502411577
3,673,86.9671922506624
4,673,95.3707273042244
5,673,122.785897064556
6,673,129.319440381784
7,673,118.774834666999
8,673,97.9770557212597
9,673,70.3977167125331
10,673,82.1509795320013
11,673,121.749794419729
12,673,90.7218475758586
13,673,95.9653245762924
14,673,121.823481973962
15,673,128.707643927425
16,673,128.000066299481
17,673,98.1795709521464
18,673,124.570218903484
1,674,83.15220371023
2,674,117.293265306782
3,674,110.454790880383
4,674,116.078599836062
5,674,101.106529673898
6,674,95.7336796326749
7,674,84.4040250855679
8,674,113.242503526362
9,674,106.339984580849
10,674,83.9157098777331
11,674,135.941253014113
12,674,100.568822235242
13,674,95.2405591402747
14,674,109.761434664043
15,674,78.715103178692
16,674,121.188675224998
17,674,90.8285623499464
18,674,130.979935344677
1,675,84.9638263214175
2,675,87.3068180452499
3,675,108.913351132656
4,675,82.3946509462664
5,675,85.1867950895279
6,675,127.259792399078
7,675,136.136049091835
8,675,116.937183943243
9,675,112.788414032726
10,675,107.981503697002
11,675,75.5043320244145
12,675,137.932212236789
13,675,79.4206252783548
14,675,92.3086721812382
15,675,90.6691386901184
16,675,69.8088639388022
17,675,98.2335414528756
18,675,112.340063769054
1,676,102.586977966809
2,676,98.996951108875
3,676,83.4601792080602
4,676,116.066429807166
5,676,128.394629310756
6,676,88.9955370065777
7,676,104.133238345432
8,676,118.350065397766
9,676,100.484481170156
10,676,118.640489451632
11,676,69.6137647569599
12,676,114.885109633735
13,676,112.729432485542
14,676,99.5461201773264
15,676,113.170254998377
16,676,80.1657019168091
17,676,85.8232356048812
18,676,124.725867403528
1,677,100.119902200735
2,677,75.6224075962306
3,677,98.7354863559635
4,677,139.574087970021
5,677,124.955485954094
6,677,115.537500675658
7,677,87.2766875927129
8,677,123.426651681042
9,677,64.7382461421102
10,677,123.090003620831
11,677,141.371931244198
12,677,124.593700458242
13,677,113.350027981877
14,677,94.6075188421515
15,677,129.6087944221
16,677,118.230578002686
17,677,116.380848185561
18,677,127.332484251605
1,678,110.979609866895
2,678,105.777825790545
3,678,104.641085430784
4,678,135.521836038901
5,678,94.8285182926278
6,678,65.2725524216508
7,678,82.4612484974009
8,678,144.82696084214
9,678,99.7812678283121
10,678,70.8771776015883
11,678,87.4020939318774
12,678,99.438227812804
13,678,80.4983914226608
14,678,98.1961430200003
15,678,111.688213553665
16,678,98.0214599541731
17,678,109.907689141944
18,678,80.3208961680865
1,679,99.9530048812206
2,679,137.465631817944
3,679,128.999891825279
4,679,135.171244947812
5,679,109.037536242807
6,679,72.3267687216932
7,679,99.4123962044122
8,679,60.9665361970371
9,679,105.906677798634
10,679,103.156901321593
11,679,119.234047380497
12,679,85.9485428685542
13,679,105.541179342481
14,679,145.972947047979
15,679,86.8915448330347
16,679,80.2134883278891
17,679,105.40611238435
18,679,104.397839402704
1,680,106.6666381105
2,680,120.938988942606
3,680,147.367294937133
4,680,94.2520172928428
5,680,103.699606462983
6,680,82.3642444011016
7,680,107.720647560241
8,680,111.493123510459
9,680,123.903719926371
10,680,63.0845260566582
11,680,96.7180257330949
12,680,99.6316775035761
13,680,83.6424467357849
14,680,86.7303314199122
15,680,95.6278443214544
16,680,66.6959922793109
17,680,81.1119126986423
18,680,77.996021492755
1,681,105.231818522584
2,681,92.5055262083164
3,681,102.693493745832
4,681,111.93845986174
5,681,95.8932914823632
6,681,111.879387601911
7,681,98.6337799764608
8,681,82.9474090734137
9,681,107.508993339343
10,681,96.5123620987583
11,681,81.671912195316
12,681,116.411708020059
13,681,130.418849930379
14,681,92.2068183826154
15,681,140.547925061996
16,681,98.7053615653164
17,681,103.885753152744
18,681,82.8851701683885
1,682,143.158322907405
2,682,101.932150076548
3,682,87.4497581314826
4,682,117.756741349957
5,682,81.9521249554746
6,682,140.762313996443
7,682,59.6128548363307
8,682,86.7696958637122
9,682,92.7247903131243
10,682,106.097144029845
11,682,110.440217307349
12,682,88.1750506996986
13,682,118.743912195995
14,682,134.884657358372
15,682,114.267967557403
16,682,94.1487543956121
17,682,131.006579647092
18,682,93.2714288607533
1,683,148.250248155089
2,683,118.182460171433
3,683,78.3459216353087
4,683,88.5590059114342
5,683,125.71732075409
6,683,114.005439774938
7,683,80.149639933577
8,683,82.7813083128744
9,683,103.414434733683
10,683,123.229324076483
11,683,131.83536596719
12,683,119.216992584107
13,683,74.2187484157586
14,683,69.9819425860015
15,683,142.27526041252
16,683,109.569493604986
17,683,129.631715243583
18,683,81.0786999062673
1,684,132.992582784251
2,684,95.7050595700162
3,684,102.774271159014
4,684,124.373862030486
5,684,66.818481235231
6,684,108.421134011985
7,684,113.658846635892
8,684,110.408451524869
9,684,77.7583834475364
10,684,104.328618908344
11,684,97.6706474228825
12,684,84.402180058632
13,684,89.4067017083929
14,684,139.880596116663
15,684,104.24069716627
16,684,84.1625382537045
17,684,89.1991334183573
18,684,94.4731570738528
1,685,133.951564520974
2,685,80.2226368442077
3,685,78.3972136966824
4,685,87.1935015425629
5,685,110.686651063135
6,685,119.392934569036
7,685,140.672470056384
8,685,112.405141737441
9,685,99.1673452856483
10,685,112.814456456712
11,685,99.8431642207015
12,685,112.055477011291
13,685,98.7026170905629
14,685,70.1402352935886
15,685,119.563684490975
16,685,101.410350937599
17,685,127.901055510471
18,685,126.087609793395
1,686,94.6433103425123
2,686,89.03148954698
3,686,86.5911574464258
4,686,88.3409566828758
5,686,70.0650336952804
6,686,93.2115821376669
7,686,87.0318989114334
8,686,99.0598467152886
9,686,100.293834373159
10,686,148.000741284739
11,686,137.83359891694
12,686,128.842204088892
13,686,91.4890902853148
14,686,89.5217202772012
15,686,133.402399483066
16,686,69.8195798030561
17,686,89.612177907968
18,686,96.5497845734106
1,687,88.2862045327985
2,687,103.862920006665
3,687,128.791983611182
4,687,82.2726911848656
5,687,79.3522398806286
6,687,96.4000546072606
7,687,105.959689092547
8,687,104.97855318618
9,687,111.819168470709
10,687,132.704274114165
11,687,95.3039631398928
12,687,89.2011019752879
13,687,121.079508883277
14,687,145.771528202405
15,687,88.6805426378734
16,687,89.9873655726071
17,687,87.3172086517192
18,687,80.3095791912142
1,688,96.3397219845819
2,688,128.107248148531
3,688,105.569974333789
4,688,92.4639715840317
5,688,115.475757078602
6,688,111.61092759766
7,688,80.5251106078826
8,688,107.603865210913
9,688,102.17874964231
10,688,80.7517448991592
11,688,78.8443789214428
12,688,90.9776610462875
13,688,80.6871892752462
14,688,104.678997513492
15,688,74.6567036173519
16,688,102.112761230653
17,688,103.888510311308
18,688,107.768725687765
1,689,85.0603152123147
2,689,104.051610905805
3,689,67.923902162178
4,689,105.794376226544
5,689,75.1984842034715
6,689,97.4756223247373
7,689,120.179541742041
8,689,65.6463993696626
9,689,142.335504465122
10,689,94.9106200116947
11,689,88.3304749051325
12,689,96.4340025027523
13,689,93.8826933372161
14,689,146.465014703609
15,689,148.597250319035
16,689,117.78582446059
17,689,101.034094903257
18,689,76.4109218333572
1,690,124.835951082436
2,690,125.154463888575
3,690,72.1147610536864
4,690,125.299689860494
5,690,82.2894485750175
6,690,79.5552082373718
7,690,108.574513888507
8,690,71.9952472442435
9,690,129.099464903743
10,690,113.143538439049
11,690,73.8129460734664
12,690,72.3729411663237
13,690,98.9513886218186
14,690,101.793992273806
15,690,74.5093285016728
16,690,74.7687510993386
17,690,110.074910339765
18,690,95.6322185350995
1,691,106.839708230014
2,691,85.0822803658862
3,691,100.004816142025
4,691,93.2903501733704
5,691,105.980379771308
6,691,109.525413139076
7,691,116.897150480666
8,691,94.5418836900516
9,691,119.203003636077
10,691,95.0114634582581
11,691,73.5344752385996
12,691,89.5903007111728
13,691,117.462559723746
14,691,119.742974637224
15,691,137.618327180528
16,691,97.4405681909403
17,691,123.114155885697
18,691,144.121865659247
1,692,110.138888739224
2,692,123.40209212108
3,692,82.3036990158121
4,692,155.025915515455
5,692,81.7530052058253
6,692,93.4611000875904
7,692,118.921413974016
8,692,138.614083847171
9,692,147.164255113762
10,692,103.974615156682
11,692,101.830770738566
12,692,72.8512803428848
13,692,88.9784017650206
14,692,81.6378549596379
15,692,121.301424236116
16,692,129.186807599024
17,692,114.513419664211
18,692,137.809835828346
1,693,96.1842872352073
2,693,86.662357847331
3,693,110.221605879926
4,693,100.007063397144
5,693,106.724582440247
6,693,82.0697320327507
7,693,82.1638095235217
8,693,129.249979988492
9,693,107.321039953238
10,693,92.5291073791308
11,693,118.419413977526
12,693,111.028233589709
13,693,97.3426428256955
14,693,103.056455247116
15,693,120.108694154849
16,693,106.239201642953
17,693,112.398657878733
18,693,59.4320161336312
1,694,83.0708161363698
2,694,78.1741808258113
3,694,117.519765072176
4,694,123.307316516392
5,694,83.4359787476443
6,694,89.0185641802443
7,694,119.304500577239
8,694,94.797889150859
9,694,89.4265161070096
10,694,151.463905736478
11,694,79.1681531483848
12,694,90.6578684896148
13,694,74.4846280813601
14,694,84.8243835262494
15,694,97.0841308172732
16,694,77.9210067780621
17,694,108.006511857517
18,694,112.676260195685
1,695,93.8411159839133
2,695,123.649248867614
3,695,95.7496274907131
4,695,144.629781977941
5,695,113.330723429987
6,695,126.613726685293
7,695,147.308073891918
8,695,117.629675435541
9,695,132.194589035233
10,695,99.0064591674965
11,695,115.675146915084
12,695,96.0891878497917
13,695,130.729088554088
14,695,126.528454128822
15,695,87.6167368962717
16,695,95.8885507472998
17,695,119.8422331912
18,695,135.709586807147
1,696,68.702013442524
2,696,92.8174886764367
3,696,93.1400274405661
4,696,125.775129966598
5,696,151.12504094382
6,696,105.893443610556
7,696,73.0655319987548
8,696,106.900189211019
9,696,82.4641836511889
10,696,80.2609948857153
11,696,86.7977413841596
12,696,71.0708503882511
13,696,74.3295563957569
14,696,96.7356768276481
15,696,87.6907025642822
16,696,94.6319201007675
17,696,59.6391734280375
18,696,140.260313962024
1,697,104.447902378179
2,697,127.897502514703
3,697,79.1488168808633
4,697,85.4907913903326
5,697,58.7980678442321
6,697,101.778097396511
7,697,105.094035836097
8,697,112.478682818179
9,697,125.242710512429
10,697,85.9655465399678
11,697,106.213541315163
12,697,83.5518506610501
13,697,100.451736349091
14,697,84.3267871404148
15,697,110.187674094605
16,697,107.683117665147
17,697,110.762982126663
18,697,85.3262404154959
1,698,98.3637815358475
2,698,87.0674039715776
3,698,149.529807584538
4,698,62.5922536184511
5,698,125.471428287913
6,698,99.0504186865053
7,698,70.195653471575
8,698,147.160563485778
9,698,98.4622416478762
10,698,130.039842781941
11,698,90.255192159171
12,698,74.9707669513688
13,698,123.581736512125
14,698,86.2001299324469
15,698,106.48569663708
16,698,78.7274173621724
17,698,145.571376754438
18,698,117.122429661346
1,699,97.9291695852487
2,699,101.323509947553
3,699,108.561355995879
4,699,83.3146646265468
5,699,72.4672574281659
6,699,86.1591172769499
7,699,143.536987693185
8,699,71.2335410807934
9,699,100.508211898206
10,699,128.228851457395
11,699,134.567552089008
12,699,125.963905806932
13,699,125.632274612087
14,699,101.569611592431
15,699,85.5354563029872
16,699,64.4158785331961
17,699,72.3645145793666
18,699,89.9483464900253
1,700,89.676166897233
2,700,74.6050964080813
3,700,107.408237920915
4,700,97.1449570817564
5,700,92.3458812316521
6,700,120.133621739652
7,700,84.0647796725559
8,700,124.140779956304
9,700,107.219028001074
10,700,80.8087787090028
11,700,80.4357889043096
12,700,96.4692234814248
13,700,105.540700086697
14,700,106.177492775842
15,700,80.3346246491294
16,700,72.2187959087079
17,700,74.8510086981657
18,700,97.097075406342
1,701,100.049073701495
2,701,89.337705939997
3,701,117.132730184046
4,701,82.4587856103576
5,701,115.103041336365
6,701,111.201644607527
7,701,92.7359042387821
8,701,98.6294575544484
9,701,72.7564825449269
10,701,124.233056559563
11,701,122.403237390354
12,701,117.617753988021
13,701,93.8634412569299
14,701,99.3582565901237
15,701,103.835580167623
16,701,127.321200304296
17,701,129.972569204966
18,701,75.7101171774964
1,702,88.0712408213479
2,702,82.1739339932673
3,702,110.03829172413
4,702,121.234430032259
5,702,62.8850104706209
6,702,84.9395889702333
7,702,75.875489459479
8,702,128.824373853833
9,702,118.459200046414
10,702,93.244402364915
11,702,132.08465029684
12,702,120.191170717321
13,702,112.373572419957
14,702,101.501994885201
15,702,113.041944660496
16,702,88.1977656910207
17,702,98.0133516980927
18,702,93.3057210608151
1,703,126.731596094464
2,703,121.260263498866
3,703,127.17567176095
4,703,129.187186987225
5,703,132.124374039055
6,703,64.5153312682875
7,703,102.066318591854
8,703,90.2855771594767
9,703,142.599214030307
10,703,103.222183325181
11,703,99.8344947488463
12,703,97.9650668821468
13,703,77.7188634252148
14,703,96.0575187929576
15,703,107.478481306192
16,703,75.7371329390049
17,703,81.5072541003029
18,703,87.1109217062278
1,704,134.144223337474
2,704,110.497280695541
3,704,86.2712475748809
4,704,151.483236229875
5,704,79.3625188638038
6,704,105.584390670337
7,704,109.413812979517
8,704,90.1352605044526
9,704,142.062891254259
10,704,101.438136670686
11,704,93.4776576389461
12,704,86.0577466552392
13,704,88.3012101908987
14,704,79.2190643271017
15,704,89.1447227379237
16,704,88.1842943266403
17,704,96.8601497366221
18,704,88.12371864414
1,705,77.8889365541356
2,705,137.041792742325
3,705,109.838341478131
4,705,140.584468707803
5,705,95.8004237693834
6,705,123.205959186199
7,705,89.2962870468969
8,705,102.665759543173
9,705,103.45631756283
10,705,59.2705195710962
11,705,120.327034929279
12,705,103.557457392634
13,705,58.0373004348173
14,705,89.2697602362249
15,705,117.359933097025
16,705,90.1871190807929
17,705,108.018331672445
18,705,81.3392305529269
1,706,127.390653209747
2,706,95.6353790995407
3,706,120.87940825468
4,706,146.668747245341
5,706,71.0162012605958
6,706,125.945927416592
7,706,96.9580780734069
8,706,145.161235110657
9,706,110.050588718655
10,706,97.3929984341608
11,706,117.676441891192
12,706,85.5857491159811
13,706,95.8708954523448
14,706,135.725039141162
15,706,97.7799088649554
16,706,145.856603432769
17,706,105.819988513791
18,706,88.3673734571562
1,707,121.255882129198
2,707,114.361504449668
3,707,101.687102147252
4,707,60.428480065874
5,707,136.063793727961
6,707,111.232666389952
7,707,94.6341880944384
8,707,139.206306406823
9,707,134.005688379762
10,707,109.787295520813
11,707,77.5334486026095
12,707,118.935334824532
13,707,87.6798165032782
14,707,82.2329933759717
15,707,87.2389086656227
16,707,144.535211120631
17,707,116.225498069494
18,707,69.4450698822157
1,708,116.044551699708
2,708,99.7942132878005
3,708,129.378421411446
4,708,101.023381619288
5,708,76.7646764315527
6,708,134.617590061589
7,708,91.8865898202314
8,708,114.625396455511
9,708,68.2906216122293
10,708,99.1352063225499
11,708,104.614648649397
12,708,103.685320194507
13,708,88.562651394411
14,708,136.474961836053
15,708,91.6500608557191
16,708,129.271722334905
17,708,97.4212679330538
18,708,98.5645085260554
1,709,105.816839204653
2,709,140.890295119372
3,709,97.6120880482447
4,709,113.256363115673
5,709,92.070418732614
6,709,83.499329544152
7,709,102.260055070153
8,709,120.273771045231
9,709,106.043629359838
10,709,81.3111237871179
11,709,112.256559634508
12,709,83.1326914459123
13,709,96.2699160206069
14,709,105.419900277222
15,709,89.8663094052331
16,709,130.441628179082
17,709,101.048505534081
18,709,93.4742328417761
1,710,116.05974849224
2,710,97.7478023506882
3,710,82.8801830625867
4,710,88.7118656793892
5,710,70.4244589093909
6,710,97.4783758233202
7,710,122.524182490947
8,710,80.4614212342852
9,710,106.332483710188
10,710,86.2939694610979
11,710,105.163240438026
12,710,57.7468189626538
13,710,125.21354534712
14,710,113.798941665548
15,710,120.834139019165
16,710,102.151588638368
17,710,114.767560376624
18,710,137.661422823908
1,711,74.5695898880499
2,711,116.460493902135
3,711,82.3226790181081
4,711,100.058821391261
5,711,103.996740413811
6,711,85.636358290598
7,711,97.1049471803061
8,711,131.727303566655
9,711,101.993425512041
10,711,87.014909703179
11,711,101.337707151723
12,711,116.384718145712
13,711,133.20140264702
14,711,88.1645158295915
15,711,113.276617828325
16,711,78.061291342581
17,711,124.025000145572
18,711,78.1183248789656
1,712,66.3768777618097
2,712,125.554668887639
3,712,85.1116709369787
4,712,100.486904887469
5,712,124.854589026621
6,712,121.184324649476
7,712,76.536184584147
8,712,107.707060820115
9,712,117.002446627287
10,712,111.918212360032
11,712,77.7838006967166
12,712,98.2319169839645
13,712,84.7466989364976
14,712,76.0759932521269
15,712,112.382798341495
16,712,85.4132810314532
17,712,93.8468606123779
18,712,89.31514184748
1,713,123.529565469843
2,713,72.3419082070065
3,713,121.852993214678
4,713,78.8714172419718
5,713,91.6196151765418
6,713,132.10628408876
7,713,92.5191396154668
8,713,129.559942314117
9,713,93.7783030130197
10,713,81.7860726832046
11,713,113.330759020259
12,713,144.466587273047
13,713,96.9073050997411
14,713,98.7017835018112
15,713,117.417401442666
16,713,138.453397782729
17,713,143.433630435118
18,713,60.4315681349346
1,714,136.638920189585
2,714,99.6007726668247
3,714,134.205851416535
4,714,86.4832717380818
5,714,58.7437333747336
6,714,124.741044910446
7,714,121.32164425859
8,714,112.590570701492
9,714,131.018722975049
10,714,67.3549356991771
11,714,142.619484973557
12,714,110.100367470754
13,714,122.099046263373
14,714,104.996828350088
15,714,79.2412893588871
16,714,105.510772311835
17,714,125.085158926725
18,714,123.979628480338
1,715,104.754937243982
2,715,130.045938057306
3,715,124.187656188885
4,715,154.746763034538
5,715,107.239548092274
6,715,122.133055678612
7,715,117.816420906381
8,715,75.7029969693381
9,715,69.4057691503359
10,715,122.747219702942
11,715,129.366090051748
12,715,109.888327723106
13,715,99.2672687186185
14,715,129.331963321319
15,715,130.860520559103
16,715,97.2014887134105
17,715,97.2548560184991
18,715,88.5712742582569
1,716,88.6963118118856
2,716,96.0834125056224
3,716,129.766101053094
4,716,95.9619859212451
5,716,126.259350243952
6,716,117.943236694804
7,716,82.0290685348209
8,716,69.656169020297
9,716,130.091271110668
10,716,59.3300852934487
11,716,129.417755947759
12,716,78.2794066168305
13,716,104.397831412159
14,716,112.378462281122
15,716,93.4270322080562
16,716,107.52470777402
17,716,75.6663904738922
18,716,108.881992927549
1,717,114.241806517551
2,717,98.5379874373088
3,717,69.0488265257843
4,717,116.584801353009
5,717,106.893536190398
6,717,77.212549182012
7,717,70.9528279428199
8,717,86.6962870879117
9,717,84.7677117237696
10,717,105.575975642284
11,717,78.9513382746457
12,717,110.159619631416
13,717,65.8561465667736
14,717,80.128656312932
15,717,70.3665875027963
16,717,132.743448518057
17,717,102.540152630311
18,717,97.5519881120377
1,718,157.008411011878
2,718,86.019990433607
3,718,121.457390297826
4,718,84.1921832525733
5,718,89.2763197529393
6,718,111.670398468131
7,718,103.339536030586
8,718,84.8273641411424
9,718,145.52093169309
10,718,78.9433373070217
11,718,104.895065653728
12,718,127.382334047835
13,718,123.153670224801
14,718,102.861427061099
15,718,129.321516912545
16,718,90.6589016115614
17,718,141.663031958632
18,718,114.033823791245
1,719,86.2041969247503
2,719,85.4242063318856
3,719,136.997428859161
4,719,97.6462173652866
5,719,112.291999484698
6,719,92.2473556183799
7,719,110.422993054821
8,719,94.3050873779526
9,719,80.709596203282
10,719,76.8101014567771
11,719,99.0399611608814
12,719,70.6434419443387
13,719,123.034185146751
14,719,98.8084374293772
15,719,88.8507778434874
16,719,144.303362392883
17,719,100.87514506289
18,719,63.0523404696736
1,720,129.463533697516
2,720,143.014024067456
3,720,102.558055669202
4,720,81.7915432863612
5,720,148.544114355895
6,720,131.972331322148
7,720,91.6413257992819
8,720,76.1942226345328
9,720,95.8144030131081
10,720,135.862755714422
11,720,101.574128601199
12,720,142.798474675281
13,720,87.1737003355039
14,720,143.007493775221
15,720,85.4260038908096
16,720,100.319850017995
17,720,121.096594003007
18,720,88.4535881100517
1,721,133.605405451268
2,721,122.676841938244
3,721,98.6894365279948
4,721,113.140987220233
5,721,80.3115503967342
6,721,94.8443921565595
7,721,87.4022208070118
8,721,132.354230791517
9,721,114.189895651908
10,721,76.7342164323423
11,721,62.3586790901475
12,721,145.299977050437
13,721,72.6914658053317
14,721,90.7432044451574
15,721,144.294972220204
16,721,109.524436374876
17,721,107.489921915933
18,721,136.844865093992
1,722,121.482572424599
2,722,117.927710556893
3,722,89.9286199133109
4,722,124.073120338996
5,722,94.3388348213429
6,722,85.681401282413
7,722,96.6833679109862
8,722,121.896538998105
9,722,72.1793901119078
10,722,88.6248322556438
11,722,94.3202370396858
12,722,145.837186040633
13,722,63.9795314369856
14,722,71.7176620355013
15,722,73.9562760465351
16,722,66.7376765822855
17,722,63.3973947218545
18,722,95.600873415398
1,723,94.7002225544647
2,723,83.9815092537888
3,723,119.915870476715
4,723,104.030685002883
5,723,106.878202928142
6,723,133.798265131006
7,723,128.709868588636
8,723,124.284530201548
9,723,99.1450393703205
10,723,141.626081337635
11,723,93.0291405344315
12,723,99.383730389164
13,723,86.5986808478123
14,723,109.694066713397
15,723,109.820333909355
16,723,88.997875014098
17,723,135.54988919997
18,723,144.649450015688
1,724,107.113240235639
2,724,87.1533179508656
3,724,62.8501080462259
4,724,128.611433943958
5,724,111.214362261598
6,724,149.110700157284
7,724,100.21566680882
8,724,91.6638982809053
9,724,113.880732270183
10,724,96.735898951444
11,724,115.865259045774
12,724,82.7878766437081
13,724,124.425478888488
14,724,122.039017519839
15,724,120.636703500655
16,724,118.15263170238
17,724,132.061517070902
18,724,134.276110728218
1,725,107.49178167352
2,725,125.23858485183
3,725,95.4862640940176
4,725,96.5798126649692
5,725,123.746401440541
6,725,99.8445871930801
7,725,76.5870950911771
8,725,96.5416460426513
9,725,136.777850127005
10,725,88.7691604945582
11,725,112.009455730348
12,725,65.4200816273095
13,725,144.489177918806
14,725,150.990887186469
15,725,117.944824289651
16,725,132.175709578683
17,725,114.756017915244
18,725,119.738901022628
1,726,107.096639945849
2,726,85.7000636215763
3,726,92.1195981918437
4,726,78.6150352371058
5,726,119.591444786091
6,726,128.253240720606
7,726,122.539126114524
8,726,99.8226562064156
9,726,88.3816514303649
10,726,110.395553998815
11,726,79.7711333339141
12,726,125.57898866741
13,726,106.40726427687
14,726,110.361695314536
15,726,73.9376302430582
16,726,129.598025380745
17,726,131.982577864767
18,726,140.194026927657
1,727,115.51441527268
2,727,129.574086375647
3,727,106.490335633473
4,727,104.152294162782
5,727,76.9288970638538
6,727,102.154320753782
7,727,141.783970224279
8,727,99.2345272482434
9,727,94.9661489681213
10,727,87.9717718709786
11,727,92.6087110755024
12,727,96.3924200152347
13,727,78.5834694665506
14,727,73.092021836607
15,727,125.998460201441
16,727,99.0788689206902
17,727,64.2009351925771
18,727,105.699318987074
1,728,92.6042613390058
2,728,102.555983614003
3,728,83.8013654981201
4,728,96.9976941178892
5,728,112.073398917846
6,728,116.874662749067
7,728,91.0742165571856
8,728,108.358339024319
9,728,116.425298273564
10,728,92.6886564618392
11,728,144.543015852413
12,728,138.465863545516
13,728,89.1229506246388
14,728,93.726962925304
15,728,114.478190924983
16,728,102.708037810439
17,728,91.6227559942919
18,728,131.856086245933
1,729,121.836206432128
2,729,130.213862228557
3,729,101.915641710198
4,729,119.388133871092
5,729,121.062563745671
6,729,111.638482991533
7,729,82.0854715746412
8,729,89.9062456085216
9,729,117.398917394932
10,729,85.3887225388272
11,729,63.1264148469903
12,729,77.8038768243634
13,729,94.8949135258015
14,729,126.987202977997
15,729,124.16728873164
16,729,92.0122510583412
17,729,98.7087153923116
18,729,83.3177103039992
1,730,90.8560052463008
2,730,93.5310224902184
3,730,129.810571231116
4,730,79.4656404903173
5,730,133.094519217425
6,730,128.65457183585
7,730,112.679767660151
8,730,74.0258872396242
9,730,117.459390686847
10,730,97.8117566154577
11,730,116.0208001591
12,730,112.289588816273
13,730,102.429202119363
14,730,72.1098721723869
15,730,108.944622133635
16,730,93.0565996422415
17,730,91.5650767322441
18,730,110.278963105262
1,731,102.691625945651
2,731,81.991408405347
3,731,125.265741824146
4,731,124.987229158511
5,731,82.2028230926986
6,731,115.120469034247
7,731,139.94865685012
8,731,112.260998091445
9,731,128.314909110507
10,731,153.575895059401
11,731,94.3523641254367
12,731,121.232513324097
13,731,104.290355137984
14,731,90.750930780632
15,731,107.564148788175
16,731,74.0731613616681
17,731,96.6684540413721
18,731,127.834471696755
1,732,137.758044930309
2,732,128.182886606628
3,732,83.2046471883346
4,732,99.1664261713733
5,732,112.956537249869
6,732,113.436637420204
7,732,84.4879675527583
8,732,84.7220804035241
9,732,139.54754795744
10,732,81.6840297787351
11,732,75.1830960371478
12,732,127.053581976765
13,732,93.5702455359779
14,732,117.902170737632
15,732,88.5488884671533
16,732,98.5637513416967
17,732,79.1895645677079
18,732,87.3790048118586
1,733,128.194686580748
2,733,85.9386502200917
3,733,96.2256166865154
4,733,103.245795438481
5,733,97.5272524315725
6,733,92.1266517269697
7,733,89.4762025781128
8,733,109.683105362719
9,733,104.734800159232
10,733,98.6058944351801
11,733,98.1652513280282
12,733,108.770743377571
13,733,109.021375506233
14,733,109.712650200858
15,733,109.99979226511
16,733,92.458021375488
17,733,82.8254802666203
18,733,131.425763519109
1,734,106.750078330144
2,734,99.151070532908
3,734,134.205392458736
4,734,101.448208831732
5,734,76.4713085327573
6,734,134.130176103323
7,734,87.8201153569852
8,734,93.505912118651
9,734,126.368094043069
10,734,94.0018407892323
11,734,70.5121177251718
12,734,82.5160228416202
13,734,90.5324877951103
14,734,73.2027208479533
15,734,60.8504121567374
16,734,124.837663057126
17,734,134.639025866279
18,734,115.928393435227
1,735,85.4637793816121
2,735,97.5936779264783
3,735,108.603250918738
4,735,122.812442161821
5,735,80.2872937450385
6,735,151.091794133789
7,735,67.8300386042042
8,735,94.0557301771203
9,735,123.601646603675
10,735,92.7029291564365
11,735,144.2481910212
12,735,108.880650450961
13,735,73.563294329415
14,735,89.8160806865294
15,735,68.9747092990855
16,735,107.035632839065
17,735,103.600847515459
18,735,58.4486871510217
1,736,123.401019067698
2,736,129.522389771133
3,736,115.928515435146
4,736,126.683025089936
5,736,99.0094835109148
6,736,75.8548464811469
7,736,98.9521426750888
8,736,74.2182832237806
9,736,103.191791857751
10,736,123.438833601849
11,736,107.877160035151
12,736,99.503010224094
13,736,123.257874571954
14,736,97.515216778592
15,736,104.883856033114
16,736,119.903279751663
17,736,79.7462500164077
18,736,66.6705815008297
1,737,91.9146254081592
2,737,82.3246687042906
3,737,111.987889567234
4,737,115.761791621452
5,737,87.4587642257502
6,737,143.177418079861
7,737,111.422768166908
8,737,87.997196390962
9,737,94.4254223483172
10,737,117.071165063779
11,737,76.699204099117
12,737,82.5538740907681
13,737,96.0406649592191
14,737,59.2604789698215
15,737,132.072568066295
16,737,71.1358712411227
17,737,75.6313836856389
18,737,100.128682493172
1,738,97.7923826119041
2,738,77.9482780633415
3,738,117.919190537954
4,738,78.7499685704719
5,738,64.1159900513138
6,738,91.4028959548376
7,738,98.2114406842935
8,738,72.6075702636586
9,738,107.966690168249
10,738,98.2426800228648
11,738,70.2843015007155
12,738,62.3934576884491
13,738,92.6949996130632
14,738,130.873989822547
15,738,151.211774034629
16,738,103.104259805655
17,738,101.531900488619
18,738,108.810268477654
1,739,102.329258407759
2,739,93.3245596788374
3,739,95.3404577736635
4,739,88.4103848228837
5,739,132.36677424375
6,739,99.8973889813864
7,739,83.8221451621065
8,739,101.513831683609
9,739,95.0585100350121
10,739,85.945864412128
11,739,94.9218173532639
12,739,99.4792894687574
13,739,103.279487159712
14,739,136.420293155413
15,739,125.364674062085
16,739,99.5280724462172
17,739,103.440174220717
18,739,120.570248359881
1,740,98.7409523094087
2,740,70.2716856934491
3,740,100.254261598689
4,740,88.1892515687464
5,740,100.592572681489
6,740,113.094288406727
7,740,133.48411954125
8,740,147.917674619525
9,740,99.1525396932591
10,740,111.385487429402
11,740,97.1632555996926
12,740,101.410559781283
13,740,100.052381542875
14,740,93.8952240464663
15,740,104.811902696604
16,740,102.658456001748
17,740,107.020914614809
18,740,120.021648999713
1,741,112.816937752101
2,741,109.838352032321
3,741,139.554344499892
4,741,92.1440448113227
5,741,107.642672148885
6,741,90.0825969123822
7,741,88.5754147841292
8,741,99.4182980067827
9,741,66.1697533860812
10,741,141.543286459165
11,741,80.8178810632129
12,741,142.309894093248
13,741,75.3306889704008
14,741,127.346538904231
15,741,143.41421900506
16,741,76.1896908140896
17,741,146.465194565271
18,741,78.7608499895203
1,742,77.1839848017637
2,742,90.7162108118404
3,742,101.164840041062
4,742,86.1056989339459
5,742,87.2084101078061
6,742,100.515368912855
7,742,67.8953159091838
8,742,136.928974145701
9,742,85.5989496231699
10,742,99.2653619420389
11,742,93.3384890552566
12,742,97.3762171506814
13,742,106.194950591728
14,742,121.96930131139
15,742,72.5972363837673
16,742,83.7902942370121
17,742,102.36189750616
18,742,117.112127444929
1,743,119.32453904958
2,743,71.7829991194542
3,743,149.985494276863
4,743,97.6080321315373
5,743,99.8160636707909
6,743,114.071952160711
7,743,113.94964250383
8,743,101.290523195534
9,743,83.1217041587039
10,743,114.676885285888
11,743,122.025413296519
12,743,151.814859071122
13,743,137.075199666132
14,743,121.366908661178
15,743,96.2284284492423
16,743,88.7918632660389
17,743,103.805134900819
18,743,154.350631839288
1,744,92.6324200388338
2,744,85.446465168789
3,744,128.465091146891
4,744,140.931097541131
5,744,106.633448513824
6,744,113.423880033802
7,744,104.119482875589
8,744,137.357093810332
9,744,99.2118873155266
10,744,70.2231153250258
11,744,72.9502774036988
12,744,96.4795224017047
13,744,102.322530032807
14,744,112.59836844468
15,744,84.3142107600824
16,744,94.8253898791636
17,744,106.275138873396
18,744,109.810829212455
1,745,97.1716866764273
2,745,100.645388395353
3,745,88.1015680229805
4,745,85.3682171106256
5,745,115.268231608221
6,745,95.9128650115703
7,745,59.409941903045
8,745,100.491960336081
9,745,81.9498662928434
10,745,106.56400402278
11,745,78.1988371522896
12,745,93.0701974071463
13,745,110.239615252284
14,745,135.085528117037
15,745,105.075857004436
16,745,89.3070280724947
17,745,83.0907654812292
18,745,75.2843032118826
1,746,131.777550042533
2,746,84.5016376226353
3,746,115.623375075048
4,746,110.616134374647
5,746,121.638681218522
6,746,72.8378972453407
7,746,115.339088327694
8,746,97.4658503806665
9,746,106.159890947414
10,746,94.678207493647
11,746,78.2184907642382
12,746,104.48461658104
13,746,106.056379812687
14,746,127.209340367661
15,746,110.019547838027
16,746,90.1091921547441
17,746,98.9623723811524
18,746,121.294463162443
1,747,92.1217819584133
2,747,113.177075113492
3,747,105.719387710089
4,747,123.643476917636
5,747,79.6519188974403
6,747,99.0094724772905
7,747,62.5614501588036
8,747,83.1317741186706
9,747,127.121242737933
10,747,109.960414563865
11,747,133.771169587716
12,747,77.3015008512062
13,747,135.053197513195
14,747,142.908335443336
15,747,85.059044910106
16,747,96.6451853998007
17,747,125.440766353889
18,747,119.693392196855
1,748,150.397785094654
2,748,112.358354768141
3,748,83.5669353765322
4,748,99.720892501096
5,748,65.1293348395826
6,748,98.527054082726
7,748,120.065485488757
8,748,129.490971068357
9,748,122.474464271378
10,748,127.26475078054
11,748,83.9811609964614
12,748,109.958570977415
13,748,136.865692885662
14,748,137.946114987994
15,748,110.342554992354
16,748,116.782905913702
17,748,94.6507068640126
18,748,116.234610943428
1,749,130.830347524895
2,749,99.2027437493584
3,749,87.1743702255773
4,749,61.4245585935848
5,749,127.58691430215
6,749,131.475844246427
7,749,93.4035933823809
8,749,148.066879489989
9,749,101.250544322379
10,749,94.0228685644568
11,749,125.118124155445
12,749,98.6225900805988
13,749,87.9146022414118
14,749,109.955086909329
15,749,106.373966199951
16,749,84.6832331776172
17,749,82.0227947474627
18,749,110.425357762927
1,750,109.664660826282
2,750,99.0396313494498
3,750,112.492897011085
4,750,100.927062086735
5,750,100.805323611536
6,750,118.107492853318
7,750,121.663574488375
8,750,122.790280025641
9,750,96.0099605725211
10,750,118.174568729535
11,750,64.0701772378571
12,750,98.4230721268889
13,750,97.9234566802131
14,750,112.206426822189
15,750,107.719482725284
16,750,115.47236127156
17,750,79.7233604705147
18,750,73.2327991015327
1,751,109.106684845648
2,751,109.441586782441
3,751,94.9536597473116
4,751,116.467941294336
5,751,110.020590412884
6,751,157.154093771605
7,751,142.15077049044
8,751,108.588647099385
9,751,114.905868579946
10,751,89.3753204794525
11,751,92.8412526925315
12,751,113.421691490447
13,751,101.485811467338
14,751,128.857146879145
15,751,69.969711248946
16,751,101.338046475364
17,751,71.9403479773801
18,751,80.1973444006609
1,752,121.935311210783
2,752,121.46709817255
3,752,126.660217136802
4,752,116.557715595198
5,752,92.6117567346102
6,752,110.775519074655
7,752,85.5709911451438
8,752,147.224117484996
9,752,128.695596655856
10,752,142.536116520072
11,752,111.841704656434
12,752,108.836640566202
13,752,133.237157686363
14,752,122.55739902998
15,752,87.8976299965569
16,752,122.690164638526
17,752,66.6360229076384
18,752,82.2526961704277
1,753,67.9596479211844
2,753,85.1399413005477
3,753,145.546156505638
4,753,131.148538880082
5,753,73.6941959067811
6,753,87.3652205627763
7,753,97.1653799814811
8,753,93.6909219174493
9,753,85.4544009105003
10,753,108.214644149551
11,753,104.067257520583
12,753,138.698063749935
13,753,146.231978719817
14,753,97.768973727376
15,753,132.962975116096
16,753,80.8368521624614
17,753,128.177645952483
18,753,98.9879467880312
1,754,126.056925257443
2,754,93.52999448999
3,754,96.9996310000729
4,754,83.1435680942432
5,754,73.1991124442592
6,754,116.866750869514
7,754,97.4460354054076
8,754,124.51541666453
9,754,103.425496249707
10,754,94.0475244537296
11,754,98.0459992744204
12,754,90.684511996125
13,754,96.0874922131217
14,754,89.8241616641415
15,754,99.8949796602759
16,754,88.6771276790385
17,754,140.154077305678
18,754,102.302059331611
1,755,107.563894516058
2,755,134.887231393011
3,755,88.6675396186309
4,755,84.4281572030833
5,755,121.115773349651
6,755,74.8869631251396
7,755,101.695142186908
8,755,102.096120817243
9,755,116.3892221757
10,755,99.2960019039956
11,755,107.751313605221
12,755,117.68453019159
13,755,111.043710121299
14,755,150.741260271074
15,755,111.039518600403
16,755,91.7157185254366
17,755,132.956881042376
18,755,106.065868844862
1,756,91.4306929835963
2,756,141.102961832853
3,756,106.400127713868
4,756,100.867185687646
5,756,82.2206742395404
6,756,91.0849252717312
7,756,89.8134977734306
8,756,100.491696822609
9,756,62.9096590631787
10,756,85.3287687077753
11,756,91.7674842415206
12,756,123.431844702042
13,756,102.762775710903
14,756,88.8655110314125
15,756,101.272967562103
16,756,70.4054692034953
17,756,149.424500991206
18,756,69.0081074043186
1,757,74.9057413216889
2,757,125.963197221657
3,757,67.1273461904337
4,757,90.4938955480161
5,757,145.700742850292
6,757,110.089661661246
7,757,86.3118670780293
8,757,107.592081026657
9,757,85.85867161738
10,757,93.4738347461383
11,757,122.518799924872
12,757,103.539704574014
13,757,134.293696395503
14,757,147.530559418567
15,757,107.93895251534
16,757,61.083919792983
17,757,93.455964640238
18,757,79.5021743362944
1,758,79.9186871959288
2,758,87.9000426503633
3,758,131.016919018333
4,758,139.347741022259
5,758,75.4360565639972
6,758,108.332824037945
7,758,100.936792831863
8,758,131.986236263753
9,758,76.3484252275001
10,758,81.2282308217431
11,758,122.94317982703
12,758,82.6916540425794
13,758,116.930573062195
14,758,120.539080889181
15,758,109.972128722592
16,758,110.952391742965
17,758,94.5297322262624
18,758,93.4195122196879
1,759,97.6155528934566
2,759,94.6578415602815
3,759,85.9180293391067
4,759,86.1963165931787
5,759,97.1232814317919
6,759,68.1892456061699
7,759,125.887914091224
8,759,90.3186733083221
9,759,99.4326756824329
10,759,114.7932102236
11,759,91.3442224544972
12,759,145.62205346923
13,759,74.8352733192223
14,759,139.97850513819
15,759,94.1646765428379
16,759,115.39811323554
17,759,81.5978781312695
18,759,89.5749211337224
1,760,95.9894529748338
2,760,85.239010086482
3,760,105.745085289751
4,760,84.2077398591823
5,760,101.563386351126
6,760,115.958385800165
7,760,65.1983597451109
8,760,124.067726030525
9,760,92.1613487972689
10,760,105.564976561125
11,760,96.6005516392789
12,760,117.984785151672
13,760,119.621907135777
14,760,81.6411456638585
15,760,138.979991104849
16,760,77.2031678317698
17,760,105.476591551273
18,760,95.6723953204772
1,761,87.6947086327169
2,761,120.871471247831
3,761,85.3608133748135
4,761,141.826627429908
5,761,134.145062764424
6,761,127.279046306758
7,761,87.346464426423
8,761,75.0851652796854
9,761,78.5941284584105
10,761,71.1175464727729
11,761,122.972235196731
12,761,108.378563522067
13,761,69.3441019450254
14,761,145.116989937384
15,761,79.1604098672501
16,761,118.467713331572
17,761,130.509367313379
18,761,114.208031092738
1,762,80.2979358202889
2,762,91.8181631603497
3,762,106.234744402624
4,762,89.9799619523071
5,762,99.6062401478509
6,762,67.342915283388
7,762,122.114381703593
8,762,102.445524845054
9,762,75.1809018167039
10,762,89.890976711208
11,762,86.5065838892831
12,762,120.824123385312
13,762,81.1021479595406
14,762,100.128958731027
15,762,147.617883433824
16,762,107.56840767538
17,762,69.0232497072794
18,762,121.951539892236
1,763,71.8973978950047
2,763,117.061330033534
3,763,82.711286064591
4,763,88.914427829963
5,763,135.873751294093
6,763,87.6349971039994
7,763,85.8616103512014
8,763,99.8248986806652
9,763,127.732916660187
10,763,81.1879724646577
11,763,95.2516736896037
12,763,126.011541864708
13,763,80.9528561607851
14,763,105.946661140537
15,763,111.176980688467
16,763,84.9381445981675
17,763,113.231407884004
18,763,134.799564546913
1,764,139.602094485822
2,764,119.116719375574
3,764,122.246883471237
4,764,78.9408058101705
5,764,102.438643421849
6,764,134.933958592156
7,764,95.6009707862845
8,764,134.313033479493
9,764,75.9217930662002
10,764,76.3968722714121
11,764,150.256629949783
12,764,151.408516849269
13,764,102.202838592811
14,764,137.897227831491
15,764,88.9704482246916
16,764,109.986015728616
17,764,87.970581369432
18,764,97.4285759372351
1,765,57.373793976962
2,765,108.742921636818
3,765,91.0772671283543
4,765,95.5322888560926
5,765,107.695650504632
6,765,101.498945132998
7,765,104.974244402444
8,765,81.678199998045
9,765,88.1875696555665
10,765,134.082158802021
11,765,133.007350369775
12,765,95.9392042466384
13,765,101.097308965933
14,765,75.0513579006257
15,765,125.370267802611
16,765,90.4199993722292
17,765,149.899013870832
18,765,127.395694212923
1,766,82.4849965044819
2,766,119.867981595769
3,766,116.610266620489
4,766,87.9361998722016
5,766,132.09954395092
6,766,121.830501191725
7,766,89.7251084003975
8,766,100.548745452818
9,766,58.1420161610218
10,766,79.4949771498287
11,766,122.076162554576
12,766,75.5785695667688
13,766,108.681904610328
14,766,97.0579531878715
15,766,109.39955260536
16,766,96.9856205599838
17,766,93.2126846876901
18,766,100.470303887278
1,767,80.604539226183
2,767,126.214876024622
3,767,67.5191215277287
4,767,100.004040438407
5,767,85.2488304756918
6,767,127.07880811524
7,767,88.5488042221842
8,767,96.9105361674572
9,767,89.4797907640003
10,767,100.056845819994
11,767,87.4159782399581
12,767,122.160719930903
13,767,144.160601790601
14,767,105.333058156318
15,767,86.3694098662129
16,767,79.4968822735774
17,767,75.9756224259222
18,767,105.088767384071
1,768,100.328703663295
2,768,100.101330326687
3,768,102.87287333247
4,768,109.609585133198
5,768,113.426814834744
6,768,105.02160348989
7,768,111.643952958028
8,768,73.3878649627637
9,768,123.827870023435
10,768,86.9102455225084
11,768,91.7328840037227
12,768,87.0144667590339
13,768,101.261114320298
14,768,136.223096336151
15,768,106.322339268883
16,768,104.931062969473
17,768,89.9323744036209
18,768,102.154154141728
1,769,105.547924268918
2,769,71.1360901215563
3,769,123.50096750638
4,769,101.379604156152
5,769,73.599908108959
6,769,68.6775349672832
7,769,91.5960001459795
8,769,78.3067573853253
9,769,87.7268634143532
10,769,108.399478170989
11,769,100.981859530649
12,769,76.5519318525865
13,769,85.5383817414423
14,769,97.6373868684976
15,769,99.8268832614976
16,769,103.454096162596
17,769,96.4598003016666
18,769,137.541870087401
1,770,111.167939858565
2,770,81.7064363252368
3,770,92.5556155500396
4,770,112.963767079632
5,770,100.845955503334
6,770,112.047995917339
7,770,95.7135024653633
8,770,109.345328035337
9,770,82.0902374421404
10,770,122.949763066164
11,770,107.742113842794
12,770,91.9540404210531
13,770,123.714129749305
14,770,129.660616091272
15,770,72.0158693903881
16,770,108.936247374546
17,770,125.058447648669
18,770,116.297409632403
1,771,78.0282171791712
2,771,111.558243785788
3,771,76.3601649321032
4,771,153.22977147777
5,771,111.683049517234
6,771,92.6769264859421
7,771,90.0007934724848
8,771,111.790605271119
9,771,86.051906403379
10,771,88.5051656726122
11,771,85.2393130919817
12,771,90.0351680584139
13,771,99.606013420534
14,771,72.4635105430326
15,771,98.5552041636445
16,771,144.267648816699
17,771,151.853325974644
18,771,92.6105932446901
1,772,117.309640546616
2,772,83.0645751371429
3,772,76.3675498226837
4,772,120.500013530447
5,772,80.1382646534056
6,772,101.006484569171
7,772,113.940387991962
8,772,113.957575243438
9,772,110.633534841517
10,772,111.454169615684
11,772,77.7082157040426
12,772,115.776212282828
13,772,130.0858992187
14,772,121.132866154469
15,772,121.710225796212
16,772,96.3594583240602
17,772,91.865367561086
18,772,105.257508709401
1,773,124.688238943444
2,773,143.162934734085
3,773,111.543988091192
4,773,124.474711259409
5,773,89.8437000406824
6,773,124.170675362042
7,773,98.913166195851
8,773,91.4438378944335
9,773,85.0863110672621
10,773,97.8782681734177
11,773,107.615158535153
12,773,95.4742285864882
13,773,115.079035457785
14,773,88.6948478538267
15,773,97.1871026481816
16,773,112.06602096591
17,773,96.8740704522723
18,773,114.054784380653
1,774,107.81931648252
2,774,77.5282464130242
3,774,118.054236302613
4,774,94.7943090017868
5,774,101.748895961645
6,774,107.549421612411
7,774,101.644333053313
8,774,67.7443269402297
9,774,97.8517283896487
10,774,73.2012372057662
11,774,143.329052714119
12,774,130.882403269212
13,774,126.087484638775
14,774,119.4023891108
15,774,72.8691200916821
16,774,81.9502310525714
17,774,68.6188574425321
18,774,92.4637873064892
1,775,97.941938435125
2,775,116.729395311628
3,775,128.621146868314
4,775,86.1613683964982
5,775,72.6333714068138
6,775,89.0510106412388
7,775,113.07008104729
8,775,117.089691755416
9,775,108.88330204864
10,775,108.074743965359
11,775,96.9215836560123
12,775,150.789302889709
13,775,110.707639704229
14,775,136.360749405451
15,775,74.0793080489762
16,775,144.17796746961
17,775,72.7715891166157
18,775,120.36946665112
1,776,73.627084139679
2,776,95.0110951407674
3,776,116.185461759064
4,776,79.5573778860677
5,776,87.0676703871604
6,776,84.7491217154527
7,776,89.4790935714567
8,776,124.467044215856
9,776,97.4449932179104
10,776,139.691315948924
11,776,114.402812078746
12,776,119.276254880417
13,776,121.299250203845
14,776,80.7766452020367
15,776,92.2141857531918
16,776,126.212198153221
17,776,91.7172520043494
18,776,114.516326449063
1,777,82.9620772528908
2,777,127.460056849491
3,777,111.706412992321
4,777,95.2426315049953
5,777,109.559443427911
6,777,107.415737744007
7,777,90.5375167415525
8,777,98.5734868355027
9,777,123.972021810027
10,777,125.894075843699
11,777,81.5556900709535
12,777,124.722991754965
13,777,89.5876570200696
14,777,95.1204598749573
15,777,106.105372998375
16,777,118.693600993508
17,777,107.162039536807
18,777,140.308180685641
1,778,79.7337448845845
2,778,93.6385754468277
3,778,86.0732179196103
4,778,102.496484255586
5,778,130.37970818059
6,778,76.351537275476
7,778,114.796119299635
8,778,68.9527115174743
9,778,88.6097733701778
10,778,110.823187990149
11,778,88.9335020658761
12,778,125.287284682619
13,778,108.189014383959
14,778,79.8954866685629
15,778,77.2632328342129
16,778,114.578758690466
17,778,70.386468908279
18,778,122.678399551271
1,779,148.784429771556
2,779,101.720661047168
3,779,92.333216133002
4,779,92.5637244700021
5,779,99.6656095722256
6,779,95.9017206365995
7,779,138.706287157867
8,779,86.5545197065492
9,779,109.715351307841
10,779,144.214978627722
11,779,93.9577870743797
12,779,72.1043415677718
13,779,121.373170253446
14,779,128.287591087762
15,779,111.376767524345
16,779,113.04939540536
17,779,104.58348039251
18,779,117.157160836267
1,780,92.8652120083084
2,780,82.4029072859159
3,780,119.838133625677
4,780,107.62613553632
5,780,92.3357632560455
6,780,94.9053317524577
7,780,72.7198794110284
8,780,94.6396912613149
9,780,104.349929011019
10,780,107.78098855222
11,780,104.170497563589
12,780,93.6603525096639
13,780,90.3029335297129
14,780,75.9564876675658
15,780,78.6624474763239
16,780,117.746593008433
17,780,98.8163733527096
18,780,61.9196049766745
1,781,83.3310930228091
2,781,82.3191710615291
3,781,135.591067527891
4,781,90.8756737031685
5,781,102.028363270401
6,781,118.476233885575
7,781,109.357256841946
8,781,98.5995879788354
9,781,132.496512801069
10,781,65.7207044961354
11,781,92.6870110927413
12,781,120.671138465414
13,781,106.138003243166
14,781,119.969640715597
15,781,80.5151458289486
16,781,127.672338242628
17,781,107.664670721916
18,781,126.244958396144
1,782,91.1850624816609
2,782,90.1584126418166
3,782,118.13077013818
4,782,101.536703087512
5,782,104.959868345867
6,782,93.5055373138992
7,782,114.598951245759
8,782,123.14733344984
9,782,102.061251930798
10,782,94.4731086738415
11,782,138.977156854539
12,782,75.1059220158525
13,782,130.312445536339
14,782,85.6246791796534
15,782,85.6779520493986
16,782,63.7258638667752
17,782,91.3536538972645
18,782,87.7259205736066
1,783,131.405527167444
2,783,87.7088636886629
3,783,120.850442542172
4,783,111.482190315598
5,783,107.028528495797
6,783,117.692512552298
7,783,64.0879857839093
8,783,98.689257649207
9,783,70.3083235652786
10,783,113.570574181335
11,783,124.717959272281
12,783,112.004591181475
13,783,118.332086804363
14,783,109.112117005249
15,783,132.024201280972
16,783,95.0512716223913
17,783,109.29547882373
18,783,118.389265349219
1,784,79.2632202891262
2,784,75.0814451579011
3,784,105.949170083038
4,784,114.058782239127
5,784,112.026877347412
6,784,111.430579024467
7,784,101.596211347044
8,784,136.977614942956
9,784,134.298012712109
10,784,102.421287976207
11,784,85.3468005350526
12,784,106.243081253966
13,784,150.286873287628
14,784,103.897992263106
15,784,106.014598271443
16,784,81.1178961095897
17,784,75.741947915795
18,784,108.469891843587
1,785,106.972215066684
2,785,70.9460762711416
3,785,93.2364128753869
4,785,100.723524946803
5,785,98.6132438311021
6,785,137.708322675111
7,785,143.159394477264
8,785,100.368606707385
9,785,125.057526397381
10,785,113.114220291853
11,785,96.9345700537757
12,785,128.404643231595
13,785,98.5957854779309
14,785,113.846381400639
15,785,95.8396377790519
16,785,101.413255328421
17,785,85.5220662784977
18,785,76.8395431687171
1,786,102.442304209439
2,786,85.7926070803644
3,786,106.461927350828
4,786,117.898528987978
5,786,77.890637283126
6,786,64.539779370612
7,786,145.89402780033
8,786,87.7520219384129
9,786,111.823842005708
10,786,100.06921334385
11,786,136.719522096793
12,786,103.765230830049
13,786,101.077160298052
14,786,104.544097844715
15,786,111.017115571461
16,786,120.065754042282
17,786,66.3798342226039
18,786,87.5382860955132
1,787,93.6318477443826
2,787,84.9759821235686
3,787,73.3137584611564
4,787,134.026400879705
5,787,117.866527095691
6,787,118.12736900344
7,787,133.455455224628
8,787,120.019840727048
9,787,116.601935024292
10,787,99.4294970860533
11,787,96.822461960596
12,787,93.3199029980782
13,787,66.3971427374145
14,787,123.843811332116
15,787,98.3696254038365
16,787,68.8311876689807
17,787,131.327415551496
18,787,86.5274810378876
1,788,96.2740804799822
2,788,97.6395762433759
3,788,95.5266898483863
4,788,98.4145884530024
5,788,106.421980322054
6,788,101.305738358576
7,788,76.6613713929324
8,788,91.8978796187431
9,788,89.9317435969328
10,788,74.4608517089237
11,788,105.547357502629
12,788,96.6363581253809
13,788,124.975170878579
14,788,127.794584142615
15,788,141.388889284907
16,788,135.391794463158
17,788,90.9300988719163
18,788,85.8177385399581
1,789,70.8756018249136
2,789,101.872440554043
3,789,122.876245241747
4,789,124.190973471735
5,789,102.911149945864
6,789,126.991459502236
7,789,82.4246775062235
8,789,74.5887670252284
9,789,101.503997508809
10,789,123.963690197106
11,789,79.9314109205298
12,789,101.710114902992
13,789,101.222064685249
14,789,108.634581790349
15,789,103.899270995933
16,789,113.383132697564
17,789,97.5326352156204
18,789,95.0803915916135
1,790,123.884166016588
2,790,101.754133703752
3,790,125.308997861322
4,790,150.000964704826
5,790,95.4028205816022
6,790,130.859410126714
7,790,118.514797408393
8,790,128.971420294975
9,790,100.62095370436
10,790,114.982360656789
11,790,132.195785302008
12,790,98.6028031766021
13,790,77.075825451603
14,790,132.674877076301
15,790,113.953042287962
16,790,74.4227444069606
17,790,107.125791678152
18,790,88.9430061587463
1,791,142.137308850045
2,791,108.60094837719
3,791,90.0208439361142
4,791,96.8552099024009
5,791,105.879733054168
6,791,116.827075167335
7,791,118.462807455018
8,791,98.4095571898744
9,791,108.154195549504
10,791,65.5956771163708
11,791,64.4959428131916
12,791,76.2095319976948
13,791,88.6885716493629
14,791,113.529292476025
15,791,109.165544924001
16,791,122.922435135892
17,791,93.9405993578149
18,791,125.94759979084
1,792,100.78958350206
2,792,96.0408318658528
3,792,88.8840274018176
4,792,99.2098053695366
5,792,70.480001328777
6,792,107.507790311514
7,792,124.180431556509
8,792,90.7334027318061
9,792,124.865921648613
10,792,81.9347467879009
11,792,81.3010832721887
12,792,115.863675871601
13,792,96.972223943854
14,792,111.561938439144
15,792,94.146278322085
16,792,113.53330347726
17,792,92.7788191516175
18,792,103.370791442502
1,793,124.125935225069
2,793,76.4157992972025
3,793,115.91987325664
4,793,98.8560225839816
5,793,97.451028449272
6,793,120.708157381841
7,793,104.954776488273
8,793,109.732234521306
9,793,133.710440573075
10,793,120.419172623669
11,793,91.7399816424776
12,793,63.2000175983786
13,793,96.0063827656252
14,793,77.7123000773663
15,793,97.3875844010198
16,793,88.3972679299983
17,793,101.579282128676
18,793,111.451458322036
1,794,100.031499409311
2,794,102.904511064734
3,794,105.273515990948
4,794,88.7190209091756
5,794,139.902721085105
6,794,121.855065944888
7,794,87.5013464725696
8,794,105.787621208967
9,794,89.7167116851313
10,794,125.524953747344
11,794,122.599794089342
12,794,89.9024840383931
13,794,100.816595483093
14,794,97.6239235842568
15,794,120.660484792935
16,794,111.031047790221
17,794,60.7878597881763
18,794,128.172834292845
1,795,140.944874000458
2,795,120.286417507148
3,795,137.927984446015
4,795,130.080359404285
5,795,78.4632601137799
6,795,88.966819675185
7,795,103.308127917434
8,795,94.3010963109587
9,795,92.3043121486641
10,795,133.735342852836
11,795,125.760104071396
12,795,120.55707296728
13,795,132.210211545426
14,795,123.932385235997
15,795,97.7216682516172
16,795,94.6929930468423
17,795,91.327510502905
18,795,125.365363460331
1,796,98.7166627706849
2,796,96.8159711310002
3,796,79.8421385850967
4,796,127.96482752272
5,796,97.8510720013008
6,796,109.032760472215
7,796,125.154905982822
8,796,101.382996570727
9,796,80.1201788751239
10,796,93.0583666453238
11,796,103.968692026106
12,796,130.328441109039
13,796,96.5452855710734
14,796,66.0460406762579
15,796,120.414131089906
16,796,78.4343960428872
17,796,101.217791321046
18,796,108.304307637526
1,797,126.188544921399
2,797,97.493140644237
3,797,98.961478336364
4,797,100.636394658006
5,797,128.482596603451
6,797,153.063311946312
7,797,124.573974698018
8,797,141.535471048181
9,797,76.1302003819
10,797,102.878833320597
11,797,64.3944029803191
12,797,72.9907465673789
13,797,127.224597688061
14,797,90.4046061694466
15,797,129.234448713904
16,797,86.7320524558363
17,797,77.9251788067741
18,797,98.9037090179494
1,798,117.006384632895
2,798,82.1184930890759
3,798,97.3394742766351
4,798,98.43713293881
5,798,104.792469210782
6,798,78.748127928829
7,798,78.5792271583044
8,798,98.1372348515739
9,798,116.916964567143
10,798,84.2759548501687
11,798,108.420458413328
12,798,106.359490573847
13,798,134.440091830726
14,798,123.564476050399
15,798,118.011207394462
16,798,126.753152813953
17,798,97.7644273140738
18,798,86.7792709488817
1,799,82.7189508356408
2,799,92.4444797593015
3,799,148.968984131256
4,799,99.040251744835
5,799,121.157350860399
6,799,119.56610505675
7,799,92.2167778634988
8,799,109.161992045208
9,799,92.6249041843514
10,799,94.3308381470527
11,799,122.530302677463
12,799,106.187314165838
13,799,93.977015915838
14,799,95.0445970068401
15,799,113.866024856986
16,799,114.113704557912
17,799,107.622693958591
18,799,64.0353376672033
1,800,116.313671665053
2,800,139.895073967471
3,800,124.504360355401
4,800,95.6210100674311
5,800,86.1752686331335
6,800,67.0116447276372
7,800,144.134157594501
8,800,79.0878882086235
9,800,117.87356073615
10,800,106.631770380252
11,800,102.553494287997
12,800,105.491056912379
13,800,91.0524753873709
14,800,127.217230018202
15,800,73.8276904948123
16,800,78.7606755293239
17,800,102.314342436851
18,800,108.526719998368
1,801,60.5133873315915
2,801,129.475319197411
3,801,93.2657167168051
4,801,91.0361252183713
5,801,122.633156489003
6,801,116.966908376686
7,801,73.5011038134721
8,801,78.1639084342519
9,801,101.253008653962
10,801,107.110095952088
11,801,105.631363528512
12,801,105.852038635931
13,801,89.4096931259546
14,801,123.743518689842
15,801,73.5178609668067
16,801,83.3380716532253
17,801,127.565573320391
18,801,65.4062492394054
1,802,89.4632334922421
2,802,95.7084601700768
3,802,75.3300008538474
4,802,93.7180036232001
5,802,118.752979528981
6,802,136.776180698444
7,802,109.694499658094
8,802,89.2044927523486
9,802,77.2024719871763
10,802,81.1845168316126
11,802,114.245564047928
12,802,131.820308561162
13,802,102.432852988553
14,802,125.568604066212
15,802,111.065846727621
16,802,89.6925428004687
17,802,83.6527355543702
18,802,126.116009118539
1,803,115.686820198853
2,803,91.0658368252221
3,803,106.565408237918
4,803,114.687002625305
5,803,136.048016953473
6,803,74.9249123866023
7,803,104.258380671681
8,803,109.674874251063
9,803,76.9208777847092
10,803,66.0415613808065
11,803,68.4670986251913
12,803,83.1813150616267
13,803,135.633486472524
14,803,97.500826475623
15,803,84.7402966839598
16,803,103.688679370226
17,803,128.310327191221
18,803,69.3994200615013
1,804,99.5871862532891
2,804,83.7997978214686
3,804,103.847137487283
4,804,101.623174701018
5,804,152.259869402701
6,804,103.939130746641
7,804,86.7950774235762
8,804,117.014818795107
9,804,101.888235967744
10,804,115.100028741957
11,804,134.461178513458
12,804,119.906379564121
13,804,84.331087262217
14,804,119.832656475187
15,804,136.69391925477
16,804,133.90432948859
17,804,104.851218380262
18,804,87.2155173163829
1,805,109.721330243672
2,805,135.454706971698
3,805,72.7073220998882
4,805,117.56520025265
5,805,142.353533804062
6,805,136.722942337293
7,805,103.546839845439
8,805,66.6259916995817
9,805,73.3510948789509
10,805,131.705111025202
11,805,68.8136373446897
12,805,100.798419783146
13,805,94.1516635383567
14,805,124.411090400679
15,805,84.8059136594675
16,805,91.5645178116074
17,805,71.0469584996925
18,805,95.9168715265121
1,806,94.6783517592857
2,806,124.56981574559
3,806,107.131635373058
4,806,100.877733351369
5,806,90.76720096667
6,806,79.4639822996087
7,806,79.1435766386289
8,806,110.401542763889
9,806,105.822920432479
10,806,105.576334401757
11,806,100.228489617884
12,806,120.492248376338
13,806,155.522703296407
14,806,100.708535168879
15,806,133.511891841917
16,806,98.4747004627618
17,806,129.726432964218
18,806,118.344395633291
1,807,137.544951851495
2,807,105.316778072398
3,807,133.377297317568
4,807,110.507724823369
5,807,112.463148314134
6,807,120.213869646841
7,807,88.9545908732169
8,807,62.7541354772358
9,807,92.7709453923267
10,807,87.2844862017108
11,807,110.008245233233
12,807,74.3521191135982
13,807,97.2794442571056
14,807,87.2330074639899
15,807,81.6561723191415
16,807,83.0406984649391
17,807,94.7620724472304
18,807,118.326108648075
1,808,118.276086483007
2,808,99.1492603803932
3,808,125.715842243355
4,808,129.183099544341
5,808,72.2918850436029
6,808,86.1665106667471
7,808,130.04235828944
8,808,101.863890002793
9,808,108.707136448521
10,808,122.764926689033
11,808,95.5246635239674
12,808,95.2270853657386
13,808,84.4288462954522
14,808,131.259437332385
15,808,99.5576564199245
16,808,136.242044577093
17,808,110.695200025155
18,808,101.152547910232
1,809,106.936275744879
2,809,132.747800309492
3,809,97.5519054538718
4,809,106.184980975126
5,809,89.517314115132
6,809,108.701782278769
7,809,93.0272743241239
8,809,73.7899392589892
9,809,68.6389408745389
10,809,93.412948599199
11,809,66.9363445619337
12,809,79.4360428648996
13,809,132.562882924075
14,809,84.5747568885105
15,809,74.8105007958822
16,809,121.242711435342
17,809,62.8775962781403
18,809,116.951017838281
1,810,95.7746304007811
2,810,86.6148906020498
3,810,99.1365096342451
4,810,143.407614014316
5,810,108.320613995697
6,810,108.958979875548
7,810,101.134158681152
8,810,105.090160803281
9,810,84.3398776927559
10,810,99.1800974065061
11,810,92.7363766573311
12,810,105.066986748853
13,810,125.359166969129
14,810,110.008206967311
15,810,113.457182123744
16,810,128.646929864263
17,810,140.250696132631
18,810,102.679073666347
1,811,146.539363293303
2,811,88.6958949577784
3,811,99.9979406618819
4,811,97.1308910620292
5,811,121.58946075517
6,811,125.478567734154
7,811,75.3724385356715
8,811,95.4571434341758
9,811,79.9703596370308
10,811,120.758950130324
11,811,120.63550393679
12,811,102.338620788919
13,811,106.68148433798
14,811,116.821938979545
15,811,89.9209091944859
16,811,124.91797782834
17,811,94.5529855601427
18,811,98.417416867007
1,812,83.9760412014614
2,812,130.698309543729
3,812,102.970734329523
4,812,81.392728320626
5,812,130.708149531727
6,812,112.89167681549
7,812,147.304749921493
8,812,95.7765999682247
9,812,76.3350539594813
10,812,131.747534422916
11,812,86.6981946488699
12,812,84.137410498029
13,812,99.8430830923961
14,812,150.769915127561
15,812,111.954454490203
16,812,104.352899090865
17,812,72.5920299095551
18,812,115.382160146574
1,813,109.635949632216
2,813,154.146459921663
3,813,69.9173187577128
4,813,117.124386569817
5,813,112.778801048879
6,813,117.92305785692
7,813,99.2795727750008
8,813,72.5041002708498
9,813,127.055820263988
10,813,74.0928613020926
11,813,137.568046718423
12,813,89.8608000505243
13,813,77.8619679551173
14,813,74.1179697610469
15,813,98.9181392913714
16,813,81.1740128247769
17,813,96.1064555817577
18,813,135.686329385732
1,814,127.776193426673
2,814,79.9400643480091
3,814,137.02509324928
4,814,80.7328309478007
5,814,99.2441769180063
6,814,99.7806051982536
7,814,101.315676656973
8,814,61.1954783017938
9,814,109.808153732707
10,814,102.918532388922
11,814,117.6536198435
12,814,87.3075639183149
13,814,105.42660342974
14,814,90.1195762158303
15,814,116.006977713135
16,814,73.0164527857242
17,814,111.264625919407
18,814,111.216009903499
1,815,100.397639264281
2,815,109.569193605633
3,815,100.952994993467
4,815,95.1970051071184
5,815,130.007545862341
6,815,110.742474344205
7,815,69.4360545248317
8,815,119.084543857992
9,815,83.3735883058604
10,815,125.689587582791
11,815,106.621288250255
12,815,130.042723491879
13,815,140.566161392635
14,815,108.097664300872
15,815,126.947367028063
16,815,120.240910585686
17,815,99.1722139024378
18,815,111.508684239687
1,816,89.4233594391091
2,816,106.997208916984
3,816,82.6468694251902
4,816,81.1215763647264
5,816,132.361364387873
6,816,107.255743199928
7,816,111.046517719218
8,816,84.7362987240093
9,816,102.994103656886
10,816,85.7502910881632
11,816,92.4122137492633
12,816,143.071534178325
13,816,76.1935435335379
14,816,129.900017608436
15,816,118.203332326517
16,816,73.9521796757596
17,816,104.475330559003
18,816,140.986413000155
1,817,115.052233427134
2,817,84.8460599372456
3,817,96.3805109317981
4,817,100.440139171044
5,817,130.98375052259
6,817,131.883524194272
7,817,119.103508268645
8,817,98.0954906188267
9,817,93.5208054392612
10,817,131.822418817421
11,817,108.266349256338
12,817,151.271172132416
13,817,134.806032348004
14,817,72.528283728798
15,817,74.5990283045007
16,817,142.060622147568
17,817,99.3237045429716
18,817,76.4815202797815
1,818,123.985095517622
2,818,100.864328980182
3,818,95.0023611879581
4,818,103.617502698059
5,818,106.088866489304
6,818,97.6350034188712
7,818,77.2812080128093
8,818,115.322622737815
9,818,81.2029449261396
10,818,86.594333044756
11,818,129.940484271803
12,818,127.476089179552
13,818,109.752942964782
14,818,138.130799432456
15,818,102.356739634001
16,818,108.797587118791
17,818,135.587722699508
18,818,90.463703039078
1,819,155.208181766687
2,819,84.190251009108
3,819,79.3313648758433
4,819,97.5000986731444
5,819,110.171059581482
6,819,93.2119588031036
7,819,105.689574392779
8,819,127.042288312775
9,819,96.7848508767629
10,819,99.7083901866652
11,819,106.433112483939
12,819,94.6495452061302
13,819,99.0628451979758
14,819,95.4353969009058
15,819,130.450960966692
16,819,126.083824270434
17,819,146.248172468329
18,819,101.461067745942
1,820,119.405354687735
2,820,124.461213445932
3,820,90.4123286591992
4,820,82.4766651045262
5,820,99.4766288827989
6,820,82.3547602333361
7,820,95.2091200359882
8,820,110.383640066343
9,820,113.895642926793
10,820,77.5311750438698
11,820,86.2042790605086
12,820,93.024112162698
13,820,103.899689537399
14,820,103.143277970351
15,820,129.28674267904
16,820,66.5642439369077
17,820,73.4651557286569
18,820,128.586966498559
1,821,109.05683983173
2,821,100.343491300307
3,821,105.350605769254
4,821,117.647453522356
5,821,127.543190659331
6,821,103.224367002705
7,821,98.6683187662464
8,821,109.919169659728
9,821,97.5968302459655
10,821,126.275753841826
11,821,112.783635779322
12,821,101.648901447762
13,821,102.867935019475
14,821,98.2249122787282
15,821,131.532446479599
16,821,98.1723076875551
17,821,87.0175349103526
18,821,71.4018356213813
1,822,122.168966962356
2,822,87.5122165222539
3,822,123.611611863249
4,822,120.15432618791
5,822,126.817330814545
6,822,142.036265484648
7,822,94.6382791731774
8,822,99.3340699151354
9,822,74.8890681692089
10,822,111.637613262997
11,822,92.1683276447333
12,822,100.245457473254
13,822,115.130153823635
14,822,112.028955909311
15,822,88.5163252940978
16,822,91.5782860435931
17,822,66.9115803501223
18,822,92.8054700778556
1,823,87.0946144105191
2,823,123.879138330754
3,823,92.2240652326426
4,823,90.2626803023712
5,823,105.850943581239
6,823,103.36025536504
7,823,119.248424683117
8,823,116.706536138558
9,823,133.370451599676
10,823,119.593028297273
11,823,108.400829303434
12,823,130.81505200214
13,823,104.52754156066
14,823,75.7807619900709
15,823,91.3134095336773
16,823,108.739324377049
17,823,119.368941239085
18,823,85.9614445894672
1,824,118.576640435594
2,824,81.9128721853471
3,824,129.765594613612
4,824,71.9111795796706
5,824,84.5624403895506
6,824,87.5268530682803
7,824,101.073538002919
8,824,102.710726727936
9,824,124.479677346063
10,824,100.84585635685
11,824,106.220657550643
12,824,98.6752762858275
13,824,104.867567133626
14,824,86.3186647974467
15,824,135.511735537373
16,824,86.7492739180425
17,824,111.259729210554
18,824,66.3409528769206
1,825,80.674041495924
2,825,80.3822271876468
3,825,73.3824638181274
4,825,129.489980125827
5,825,101.439538404475
6,825,60.5059453492831
7,825,110.171121586815
8,825,77.1999306663943
9,825,90.4686617851205
10,825,75.906899124346
11,825,117.849915195915
12,825,85.3304696780748
13,825,97.1707557696432
14,825,112.369817771919
15,825,106.897103054858
16,825,129.117636698398
17,825,147.01776613346
18,825,73.7509469582818
1,826,109.020399302344
2,826,105.8874068359
3,826,88.4845775750304
4,826,99.488038124691
5,826,101.349878650142
6,826,70.7971061746804
7,826,114.162902889153
8,826,91.3977297213222
9,826,84.4457764154846
10,826,100.616895251525
11,826,72.2642754332802
12,826,129.267478906877
13,826,147.219810196768
14,826,95.7039512709489
15,826,97.3440411193498
16,826,111.398245859536
17,826,106.519396153027
18,826,103.569076660515
1,827,147.479152326121
2,827,93.1481871510738
3,827,120.178973731314
4,827,66.6462422048679
5,827,100.948794957269
6,827,90.3800170586017
7,827,110.849946754899
8,827,145.268082168208
9,827,87.2087020660267
10,827,106.43995953791
11,827,73.425515093953
12,827,104.887411243023
13,827,81.2038671929029
14,827,100.936407414535
15,827,82.4633781935625
16,827,126.342784824078
17,827,118.519177058744
18,827,129.631292369813
1,828,111.254863779735
2,828,102.898984737887
3,828,107.838969078693
4,828,125.509182487873
5,828,134.172641932219
6,828,106.050396199288
7,828,120.090412167526
8,828,110.698258776935
9,828,115.161186663221
10,828,94.8591684426491
11,828,72.9094853804049
12,828,109.428260447295
13,828,72.190998892107
14,828,94.1842058121943
15,828,115.650695929642
16,828,66.6082294772712
17,828,73.684584093109
18,828,67.3405756308822
1,829,118.040751858003
2,829,86.2671457056564
3,829,102.08934250349
4,829,102.692195402977
5,829,97.572913923441
6,829,102.13365073267
7,829,93.6416430972914
8,829,102.39593479925
9,829,111.953321201983
10,829,96.5167481412784
11,829,138.736767887074
12,829,111.868575355601
13,829,107.822705937941
14,829,93.9656895577529
15,829,75.5666486650823
16,829,70.8308312276264
17,829,97.062988958198
18,829,113.712889736702
1,830,141.154479005256
2,830,121.208133412327
3,830,117.367206882406
4,830,81.8637750222846
5,830,132.818494375491
6,830,101.672436678984
7,830,113.237025941117
8,830,132.840329094394
9,830,111.60997861349
10,830,150.925361520835
11,830,112.549260656795
12,830,147.892223992148
13,830,76.598365833588
14,830,154.883858566335
15,830,93.3504479156828
16,830,131.753285722517
17,830,65.5087143396889
18,830,73.2130290429326
1,831,78.7608982966367
2,831,115.684243859002
3,831,122.972542697595
4,831,141.564652189438
5,831,82.7228119496752
6,831,145.798566322365
7,831,142.03077277116
8,831,92.0503253609086
9,831,103.343420730064
10,831,118.016437831615
11,831,120.787766579182
12,831,122.615918822172
13,831,81.91997311062
14,831,89.3154442782191
15,831,87.5603063426155
16,831,111.091356474802
17,831,87.66247669606
18,831,122.007197746074
1,832,123.495370900203
2,832,127.620917626353
3,832,129.748815706851
4,832,93.8203559360599
5,832,95.4416759484598
6,832,84.9813574713533
7,832,95.7614764794945
8,832,125.757351247412
9,832,106.068571132402
10,832,122.576482272305
11,832,142.558244123679
12,832,63.8111490127873
13,832,122.051017967128
14,832,109.926516739914
15,832,148.314657654909
16,832,91.4479563828788
17,832,138.499150122185
18,832,82.5952042212391
1,833,77.0904513281326
2,833,98.0172948085832
3,833,154.449941278246
4,833,133.590171273667
5,833,100.714830326377
6,833,83.386096608643
7,833,90.7157649751665
8,833,97.966800755436
9,833,99.8502229986333
10,833,129.822696416603
11,833,79.6184075174545
12,833,120.650514025688
13,833,91.1122417417196
14,833,103.725172723259
15,833,131.760784232544
16,833,143.042145971356
17,833,92.3827179612815
18,833,76.9997017926222
1,834,97.5244766580445
2,834,141.566093033051
3,834,103.285020659431
4,834,90.4449657524218
5,834,113.66882578573
6,834,104.939896614019
7,834,133.487933491343
8,834,122.776415972374
9,834,99.5297999339165
10,834,99.4048202538546
11,834,132.65735586916
12,834,132.333546716392
13,834,86.7968810540801
14,834,97.8257031056818
15,834,86.6745272024606
16,834,104.356924965804
17,834,100.829525795822
18,834,113.435261884235
1,835,98.8063747151992
2,835,117.21142599221
3,835,94.5635239117282
4,835,97.1314391792173
5,835,117.414796458968
6,835,91.6398204217543
7,835,146.719640485236
8,835,98.3123667285793
9,835,143.45827059121
10,835,121.933227379186
11,835,126.078587922219
12,835,129.208361538874
13,835,81.3026182553762
14,835,90.1193734883918
15,835,114.369088955948
16,835,95.5944610322246
17,835,124.53062182107
18,835,125.856533440325
1,836,107.750118350294
2,836,98.5482059407896
3,836,72.4776772397307
4,836,96.0035619535925
5,836,127.949444721338
6,836,110.189766814394
7,836,116.166878801666
8,836,116.319388066342
9,836,95.0219231342732
10,836,60.5043150798744
11,836,92.8001257371999
12,836,73.8369284554267
13,836,124.350506731665
14,836,135.494125495907
15,836,101.442604988095
16,836,74.3384193110009
17,836,78.905405387471
18,836,69.8539732080266
1,837,110.585205600233
2,837,96.3566302697225
3,837,142.575927580094
4,837,108.33076193109
5,837,82.0302320751117
6,837,101.47250071771
7,837,81.8156119868207
8,837,101.446142111445
9,837,97.0733544088698
10,837,116.677895112907
11,837,116.395259492241
12,837,67.7416680231029
13,837,119.572978390658
14,837,96.8919497303551
15,837,124.955415042551
16,837,80.6061693275523
17,837,91.1064593896292
18,837,80.2655366546275
1,838,116.566622477383
2,838,103.910798745147
3,838,92.5329469432014
4,838,88.4556984290993
5,838,105.798933556795
6,838,127.70962198287
7,838,95.5699046238114
8,838,111.215076951702
9,838,111.792908003943
10,838,91.8147082974202
11,838,74.3320704600813
12,838,87.5358821376986
13,838,93.9559537852924
14,838,129.114391380877
15,838,123.009629385939
16,838,97.1334308321903
17,838,63.5093149876392
18,838,108.361289264829
1,839,98.2864152689123
2,839,90.5228245432295
3,839,86.8752628746549
4,839,75.2283724482107
5,839,91.5200350285955
6,839,94.4627658031087
7,839,132.532834972978
8,839,96.4508975617748
9,839,106.050745690243
10,839,141.326114972939
11,839,108.235498103869
12,839,121.446407290929
13,839,61.3125278998845
14,839,65.2766349431584
15,839,101.125243390755
16,839,142.410097239193
17,839,100.796945670443
18,839,85.9824039657497
1,840,128.242296240152
2,840,113.323210833032
3,840,96.9239435933396
4,840,105.57045422484
5,840,102.616698788085
6,840,91.2258969846897
7,840,81.9781607528718
8,840,93.1324807988107
9,840,132.701628105508
10,840,109.096510171061
11,840,107.180952865203
12,840,101.504142659445
13,840,90.051499260183
14,840,111.258079505214
15,840,143.442812182112
16,840,112.593760207474
17,840,103.533151466381
18,840,125.291602555144
1,841,71.0546022252797
2,841,137.638383122379
3,841,113.321448045869
4,841,84.257036212835
5,841,121.538567566436
6,841,65.6934487700734
7,841,102.850208005199
8,841,132.800089423882
9,841,107.744034139968
10,841,140.19330953482
11,841,73.1790204023306
12,841,101.061603593222
13,841,63.0736262250728
14,841,100.751877124659
15,841,127.489784400442
16,841,126.250756713254
17,841,85.3469915861703
18,841,92.4650018314941
1,842,80.8518230147384
2,842,110.745223978614
3,842,76.1278582455967
4,842,97.9987000373981
5,842,104.500977750327
6,842,96.5422884303907
7,842,84.3895321076022
8,842,103.22004592027
9,842,83.7231377494565
10,842,90.2552516770123
11,842,99.6480606724273
12,842,124.660715037351
13,842,134.446257827863
14,842,98.7044275899036
15,842,78.7457489863333
16,842,107.016474958567
17,842,62.8217263865661
18,842,108.956021132585
1,843,131.148744838303
2,843,97.6428624080028
3,843,118.680071193339
4,843,89.8640591354482
5,843,96.8239674070371
6,843,92.210651363831
7,843,80.5245624644743
8,843,100.931621615342
9,843,70.8360228009668
10,843,138.217116732936
11,843,110.221797680574
12,843,116.896143551267
13,843,132.887820744349
14,843,116.521634424069
15,843,129.067936170658
16,843,84.0675440244631
17,843,82.6610638751214
18,843,143.363356559209
1,844,136.659679738844
2,844,121.302648144619
3,844,94.1437497732828
4,844,105.083752690566
5,844,62.0706283308619
6,844,108.196179770198
7,844,80.2106775801571
8,844,90.9026734382041
9,844,82.8322038617814
10,844,103.153552740912
11,844,125.238349535398
12,844,120.498308389672
13,844,129.179036310776
14,844,89.6327637257618
15,844,102.913259950308
16,844,91.1843972988264
17,844,88.5769415014819
18,844,88.8661469270099
1,845,97.1299028564725
2,845,115.839856543576
3,845,63.9447533722243
4,845,100.736917328018
5,845,104.972705794934
6,845,99.5851161017322
7,845,84.8582561808384
8,845,141.684689073969
9,845,83.2319179641054
10,845,114.095749957398
11,845,81.63546475187
12,845,119.577639585523
13,845,143.973884701615
14,845,115.548457594783
15,845,135.663483271744
16,845,72.2179252140762
17,845,70.5280233559531
18,845,70.2911097717785
1,846,137.825169608297
2,846,64.4037773821327
3,846,81.9083535333794
4,846,135.31767121959
5,846,125.568682998554
6,846,88.3978203229222
7,846,99.9619681579144
8,846,104.8255480041
9,846,119.555469152186
10,846,88.8604364895584
11,846,114.510622807484
12,846,149.499573052449
13,846,148.468891735064
14,846,113.206381269688
15,846,84.630630571038
16,846,114.919622895492
17,846,127.139982620376
18,846,79.1368334441527
1,847,132.08681036572
2,847,91.7036678488563
3,847,108.264468050891
4,847,84.0863644392313
5,847,111.640483734995
6,847,71.2375792156083
7,847,97.8041317276497
8,847,83.4999321163668
9,847,115.105576168673
10,847,117.788403986021
11,847,103.853429610329
12,847,110.506489782011
13,847,96.7649726318008
14,847,151.484230741182
15,847,89.5575245754819
16,847,114.939788017127
17,847,115.148524170249
18,847,148.509760572459
1,848,116.471239817325
2,848,107.727026071424
3,848,90.4137376194145
4,848,109.485958066142
5,848,84.2129925393823
6,848,135.589294802045
7,848,121.131757614138
8,848,128.34275285095
9,848,104.502722697558
10,848,73.2090505006762
11,848,122.45998113161
12,848,71.9585403730924
13,848,105.749957349865
14,848,113.166358573125
15,848,112.855531646397
16,848,94.3924123968856
17,848,134.33147421324
18,848,118.745529168057
1,849,145.777699514392
2,849,89.333990247115
3,849,78.9255204837948
4,849,99.0096848474869
5,849,115.621051600398
6,849,111.832209397571
7,849,100.149369320693
8,849,92.3359283330784
9,849,118.779520966817
10,849,120.10409100982
11,849,104.522270938697
12,849,105.652898157786
13,849,113.393867153451
14,849,150.362647830932
15,849,111.219800627727
16,849,66.9144024164328
17,849,75.7942062106053
18,849,127.022088164019
1,850,102.107716118344
2,850,121.53173472752
3,850,135.924090347041
4,850,73.6129304462789
5,850,99.4177937735779
6,850,115.488593867559
7,850,131.437233729507
8,850,123.23365200504
9,850,95.8765263300487
10,850,89.9256942185752
11,850,101.694339938439
12,850,101.650738155883
13,850,93.4428542779286
14,850,97.7935047099282
15,850,89.2002060906966
16,850,119.122037410942
17,850,120.349968844696
18,850,103.603276511011
1,851,97.2079912700234
2,851,109.194390736225
3,851,93.8986440157779
4,851,134.859704029674
5,851,111.91940984419
6,851,113.72515618841
7,851,126.440464162385
8,851,94.5299547704158
9,851,92.2115047803107
10,851,144.410536590846
11,851,96.8992097462813
12,851,79.3076402723615
13,851,133.460027889139
14,851,64.2355767669855
15,851,90.1540289344444
16,851,85.1449107258962
17,851,112.5541474267
18,851,102.86590631625
1,852,89.0180736147554
2,852,97.5443190161658
3,852,133.961222719599
4,852,85.322968935446
5,852,94.435725075151
6,852,96.421357207639
7,852,136.942759999709
8,852,116.912384436726
9,852,87.3505870378312
10,852,115.716011555541
11,852,89.1447932081633
12,852,95.7117527436741
13,852,120.899525628458
14,852,79.8323378356019
15,852,72.2013015769871
16,852,77.4716291786099
17,852,113.459220396285
18,852,99.9443752354521
1,853,117.96879770714
2,853,146.201042395172
3,853,76.5932092946013
4,853,98.6240369625851
5,853,126.103195549268
6,853,126.444766945726
7,853,116.989005819412
8,853,138.482214827265
9,853,110.561980167025
10,853,110.771255631583
11,853,98.5083273841163
12,853,73.8708575981895
13,853,111.796466842441
14,853,104.319441519464
15,853,109.624822540142
16,853,100.821049307529
17,853,126.494917870182
18,853,98.5148321486264
1,854,124.335067502525
2,854,84.334676682358
3,854,75.8736201934709
4,854,92.9509521377979
5,854,103.711852773618
6,854,122.729463354587
7,854,113.664608907168
8,854,97.0748827550651
9,854,104.960780878672
10,854,123.864075809454
11,854,107.617849402529
12,854,94.6403222741159
13,854,103.135531512704
14,854,130.62482496566
15,854,111.266836579858
16,854,130.010389113565
17,854,115.520063544029
18,854,115.975891779326
1,855,105.604240232195
2,855,96.3743109779626
3,855,89.4959606261238
4,855,112.29815136722
5,855,125.487755803279
6,855,82.1429306488348
7,855,93.4602338242207
8,855,61.328608904953
9,855,75.3980620144669
10,855,77.8778011518604
11,855,89.8585709946717
12,855,99.9034946600352
13,855,115.290869549351
14,855,65.3666921595871
15,855,98.8655665141416
16,855,134.146255425282
17,855,114.034690325063
18,855,150.817389727566
1,856,117.486032683918
2,856,81.6598435616353
3,856,97.3645749398597
4,856,101.492784728457
5,856,74.4111683670829
6,856,92.4934740261582
7,856,103.787478262113
8,856,80.1973687630207
9,856,95.2978003115383
10,856,142.219966820339
11,856,137.135141673647
12,856,68.3362636825999
13,856,112.095458965117
14,856,81.1331167348005
15,856,100.98569097761
16,856,81.0613995969563
17,856,94.9138716682374
18,856,118.757439087102
1,857,122.533554373669
2,857,77.8990547224737
3,857,107.712100735468
4,857,98.3376790334383
5,857,84.1319417987375
6,857,151.774911038089
7,857,127.800648268807
8,857,126.723659831186
9,857,113.024652253985
10,857,144.252900805333
11,857,68.8440526061931
12,857,136.107857740574
13,857,129.696282879779
14,857,107.12077259651
15,857,80.522468596958
16,857,133.479849954644
17,857,81.2981250812646
18,857,121.743871286298
1,858,96.5035819446011
2,858,102.839102042819
3,858,79.1170096002935
4,858,98.1468204796332
5,858,125.609846701494
6,858,84.2971521654494
7,858,70.2460816530782
8,858,98.4142394915621
9,858,109.748978538673
10,858,112.989558783904
11,858,131.932450219383
12,858,93.8900262995239
13,858,123.466948331661
14,858,96.9348200106053
15,858,111.984542672171
16,858,68.5444578016772
17,858,97.7816561178757
18,858,100.498095330791
1,859,90.4332142011134
2,859,98.7103533090948
3,859,81.2581980274063
4,859,74.0567199835378
5,859,73.132937069755
6,859,91.3090365002046
7,859,64.9668336561051
8,859,109.464275650473
9,859,119.745468174486
10,859,93.4050117584483
11,859,102.507811634568
12,859,70.8975778490958
13,859,125.036819832173
14,859,120.559594971908
15,859,89.3065809042262
16,859,93.6167184217728
17,859,127.492924961037
18,859,89.6843107673376
1,860,67.2206033099915
2,860,81.1791187924432
3,860,84.4458599719187
4,860,103.398282161214
5,860,92.5043880463004
6,860,103.708023878209
7,860,101.772977464054
8,860,80.3158063884612
9,860,100.997489211772
10,860,127.489067421805
11,860,126.529382700593
12,860,125.190866841007
13,860,82.762234500841
14,860,122.737876274516
15,860,91.7265489627808
16,860,130.177405440383
17,860,95.2722176867078
18,860,89.9679635577091
1,861,78.9455579606322
2,861,127.424006474201
3,861,142.501365393575
4,861,101.531972170021
5,861,109.641574482151
6,861,84.5163641229728
7,861,147.636836753058
8,861,113.011599752931
9,861,71.6132147889285
10,861,126.386938650254
11,861,107.268591828408
12,861,109.160821443001
13,861,90.0969012239687
14,861,96.8247658902332
15,861,138.802000097309
16,861,128.19526583255
17,861,112.882309883827
18,861,133.61294909362
1,862,106.948737705972
2,862,148.266760422881
3,862,115.356724913109
4,862,86.474082889846
5,862,83.542036603875
6,862,105.948724537266
7,862,119.380560888004
8,862,127.640574510499
9,862,87.0449325888553
10,862,64.9358459507787
11,862,82.7089418117677
12,862,120.208736307734
13,862,88.1065417442098
14,862,96.8968922793544
15,862,112.37977655988
16,862,111.635681524665
17,862,60.566002010792
18,862,133.631888212753
1,863,92.8518786576728
2,863,91.3802644505861
3,863,119.069828530133
4,863,129.492010258421
5,863,97.4658948361578
6,863,82.7267305737286
7,863,116.617695440591
8,863,120.529897660278
9,863,105.577872520124
10,863,104.052717172955
11,863,126.67377852911
12,863,108.068181391038
13,863,101.121980576037
14,863,104.179938678737
15,863,124.299738087519
16,863,153.278923035046
17,863,99.3259404519544
18,863,81.8221990953964
1,864,93.8319574968992
2,864,110.708884698859
3,864,129.989754652628
4,864,112.879343719302
5,864,117.230932500619
6,864,144.433019259743
7,864,100.406870790716
8,864,76.7388677171715
9,864,116.668587905945
10,864,110.140312987564
11,864,122.971766332482
12,864,84.9854659340822
13,864,95.1903140022439
14,864,133.768453464414
15,864,105.118703406194
16,864,87.574167708957
17,864,110.662389391386
18,864,71.9714722633049
1,865,73.1992318727333
2,865,122.444152485503
3,865,149.18303804675
4,865,95.0467516759273
5,865,125.270696807687
6,865,67.5645182247979
7,865,90.5819798231427
8,865,142.622191193336
9,865,85.2063074252699
10,865,144.269310640365
11,865,83.8057902197336
12,865,85.7596152547481
13,865,97.3099948527528
14,865,116.426947881589
15,865,110.331182469569
16,865,110.624325617099
17,865,74.8102275180337
18,865,87.7193838519303
1,866,101.860253729056
2,866,134.029567831107
3,866,86.4767552040956
4,866,63.8126247682525
5,866,120.407348339213
6,866,74.7046761470256
7,866,146.203718392563
8,866,98.2706458215738
9,866,107.174889832917
10,866,67.3675459783575
11,866,77.8396989355222
12,866,121.638611910925
13,866,132.020666825374
14,866,141.559352651
15,866,99.580197169138
16,866,102.002937384589
17,866,88.0964175146386
18,866,95.6179649229446
1,867,94.9836599495947
2,867,89.9159317574609
3,867,101.118721524175
4,867,81.9065072883004
5,867,120.401574036089
6,867,95.210208925543
7,867,109.046157986491
8,867,103.750392549465
9,867,126.274786602577
10,867,113.198736010463
11,867,80.6491526214758
12,867,118.971855688038
13,867,83.0081019300651
14,867,102.875796568906
15,867,116.35105764372
16,867,75.6457039083644
17,867,120.053298918369
18,867,134.174419502483
1,868,80.1685074090771
2,868,106.650580080588
3,868,117.766807956877
4,868,96.1373947131767
5,868,77.2689620984802
6,868,130.002483682571
7,868,104.188431510737
8,868,104.306906086496
9,868,109.686838877801
10,868,77.9430190130314
11,868,64.1620941248328
12,868,109.860943608739
13,868,113.585272858844
14,868,121.865460887651
15,868,95.472983191479
16,868,104.260632707729
17,868,93.981402232693
18,868,126.846219165373
1,869,114.525665763625
2,869,62.4148210805205
3,869,122.819940399401
4,869,137.988863024003
5,869,86.413589445446
6,869,96.5575209500684
7,869,136.352898206241
8,869,91.8921889063722
9,869,120.248339502401
10,869,124.947779647328
11,869,155.941503291459
12,869,65.7271938101873
13,869,112.344224447324
14,869,87.9727008259866
15,869,102.036186874451
16,869,116.95486097828
17,869,71.06449647014
18,869,75.8653789164339
1,870,91.4446263820599
2,870,88.6988766107148
3,870,111.018264691177
4,870,141.485957628155
5,870,116.313562961534
6,870,117.204240844086
7,870,98.405994203286
8,870,69.7167141857587
9,870,143.950195269896
10,870,117.993650048381
11,870,107.683901075943
12,870,85.6978217834466
13,870,90.8949558965524
14,870,106.639219151516
15,870,97.8713115179003
16,870,101.431457632961
17,870,121.814718871278
18,870,126.693396800308
1,871,84.7623983808834
2,871,117.577860241119
3,871,112.859452996487
4,871,109.408282335497
5,871,102.07066767146
6,871,119.677599771911
7,871,151.438754660145
8,871,93.6920242892818
9,871,134.335577282768
10,871,107.747659135034
11,871,139.464375784158
12,871,125.063215838267
13,871,130.454174975046
14,871,100.113500071217
15,871,97.4529360835214
16,871,85.9228066425863
17,871,111.814805974121
18,871,90.7371865489078
1,872,121.402269119483
2,872,77.4129579407087
3,872,72.0776776752488
4,872,126.876394615049
5,872,125.14825292693
6,872,100.138168410684
7,872,124.658009371091
8,872,116.212532259477
9,872,103.494986294313
10,872,77.0541189999467
11,872,136.353334338152
12,872,132.672087430485
13,872,112.636956887604
14,872,106.77628185862
15,872,79.2780219305469
16,872,110.749620742639
17,872,77.5492367663948
18,872,127.185486531617
1,873,89.9744667086126
2,873,112.058424378519
3,873,67.9131329430156
4,873,99.9036617754176
5,873,73.650348387815
6,873,86.0826223638191
7,873,103.106133646044
8,873,75.0994632791768
9,873,115.192356473787
10,873,128.730857666229
11,873,138.344278343936
12,873,111.918182864433
13,873,88.0750172635295
14,873,138.861180307553
15,873,96.2633657593704
16,873,117.524267880024
17,873,96.1473559835319
18,873,98.2445165723134
1,874,132.44146313191
2,874,91.8533096885485
3,874,88.3678834067157
4,874,134.526973877845
5,874,73.1965060472735
6,874,72.8488519230503
7,874,81.555783920949
8,874,98.7378378340557
9,874,85.030987165612
10,874,100.31087542941
11,874,100.091309026454
12,874,101.672804410601
13,874,123.316255539106
14,874,91.0797598024778
15,874,102.42313789288
16,874,135.93224670635
17,874,135.907675250656
18,874,130.02929526933
1,875,87.4238821624039
2,875,58.3602290079417
3,875,127.041198028565
4,875,71.4396316504115
5,875,86.6265995856067
6,875,98.8761808646639
7,875,73.751252034911
8,875,84.939424103053
9,875,111.074494750926
10,875,96.3526485136795
11,875,101.778333054782
12,875,77.8935475989883
13,875,99.6273855273181
14,875,92.5690452710702
15,875,84.4613153011817
16,875,145.444919762162
17,875,87.9969163336279
18,875,85.6876551712092
1,876,72.3524524815059
2,876,81.0025334640054
3,876,140.907125157906
4,876,84.9150002961756
5,876,99.791443971753
6,876,111.855062260845
7,876,104.61024383253
8,876,98.7816330133754
9,876,126.161761471929
10,876,80.1870323606089
11,876,108.459204065787
12,876,99.2681749984086
13,876,68.5100686162422
14,876,90.2699195874401
15,876,98.2890659799797
16,876,89.6749725543759
17,876,93.8599890112254
18,876,129.0080031658
1,877,128.111533505661
2,877,103.248910211303
3,877,109.714788086583
4,877,127.319273999113
5,877,97.6466343970091
6,877,103.716243470372
7,877,98.7145988575025
8,877,135.333712322689
9,877,85.3236351863935
10,877,76.3065486020508
11,877,125.891239103873
12,877,129.440335052322
13,877,99.4569219645327
14,877,118.935393615706
15,877,96.1970573505987
16,877,128.188224967573
17,877,123.768113420808
18,877,115.225249711546
1,878,100.341233681095
2,878,124.608689366962
3,878,97.6798120517733
4,878,97.2181083613263
5,878,96.4856098838719
6,878,86.1990669131805
7,878,113.848867448529
8,878,106.995457179955
9,878,142.959578611667
10,878,152.79552957689
11,878,94.496358027129
12,878,114.565734831636
13,878,104.887334395696
14,878,102.664481266403
15,878,92.3824361980186
16,878,124.154742046662
17,878,112.111988723442
18,878,120.615271531446
1,879,95.4931363944366
2,879,111.847180991976
3,879,133.34474775235
4,879,80.7330613388278
5,879,98.138375067639
6,879,91.8769276833529
7,879,119.541902355515
8,879,86.922100283982
9,879,98.5986385690269
10,879,126.309597457314
11,879,123.479520638576
12,879,104.83179582734
13,879,76.0445501995699
14,879,104.173559592516
15,879,81.6908254827243
16,879,85.6989948733338
17,879,127.017281341768
18,879,115.276858086092
1,880,139.561097237604
2,880,76.5188532249153
3,880,88.1253952584832
4,880,63.278951604878
5,880,129.328682336068
6,880,88.3209098859332
7,880,88.5031112041434
8,880,122.131166218403
9,880,81.2528791979583
10,880,96.9156794753313
11,880,107.987941969617
12,880,123.508823595892
13,880,80.4616917404845
14,880,104.509553025163
15,880,125.597413973877
16,880,105.020878461033
17,880,87.8828533360822
18,880,103.704708204709
1,881,145.365867437687
2,881,110.249238411476
3,881,126.629854025405
4,881,141.48326755244
5,881,117.842580614531
6,881,99.3120525527314
7,881,68.9918545169376
8,881,88.5272038385187
9,881,106.423609444107
10,881,121.374805036709
11,881,115.511026332259
12,881,99.8076118448841
13,881,76.5951853563294
14,881,85.6841079094978
15,881,143.215479406175
16,881,108.974443108915
17,881,110.621961013399
18,881,93.1617284475813
1,882,77.8886631387036
2,882,99.0369210562958
3,882,105.268242299081
4,882,129.998072208946
5,882,121.472045898466
6,882,121.546256166731
7,882,101.27809235141
8,882,113.016804797244
9,882,87.249720305303
10,882,112.547217692997
11,882,108.403218379822
12,882,117.92376095606
13,882,127.599339434709
14,882,105.671103489615
15,882,67.8078963219252
16,882,92.4062559667088
17,882,62.6196857144497
18,882,107.128742233515
1,883,131.6725470893
2,883,131.173229213346
3,883,109.64543983493
4,883,67.8681246350969
5,883,122.336501548468
6,883,68.6717315223636
7,883,87.9703401619676
8,883,136.237367471022
9,883,116.72760616505
10,883,126.86177631475
11,883,69.3703514516414
12,883,102.486263276653
13,883,148.879527711589
14,883,121.309626671808
15,883,100.364997872953
16,883,100.401113177165
17,883,115.475794158176
18,883,93.9866589488153
1,884,87.4059548020251
2,884,106.674134165465
3,884,110.51698987218
4,884,146.632657652253
5,884,101.674738464621
6,884,99.998393747765
7,884,111.388829149343
8,884,75.8787513437467
9,884,91.9963437541086
10,884,91.2723723847362
11,884,116.946441825193
12,884,110.102768817958
13,884,73.0993201035796
14,884,142.090402821266
15,884,121.630922235232
16,884,120.081876282658
17,884,73.6894634321133
18,884,110.15373926999
1,885,97.5551719410095
2,885,110.672521088377
3,885,87.0500541939736
4,885,87.6398850210184
5,885,111.904122755424
6,885,84.9913711365307
7,885,73.086612115898
8,885,90.1642377803025
9,885,103.243440319068
10,885,71.7722262058425
11,885,114.664065761327
12,885,115.912701886639
13,885,65.5038674709834
14,885,129.653323323428
15,885,112.845880937934
16,885,71.7699800862999
17,885,98.856025064716
18,885,95.7260690564168
1,886,73.2009151001043
2,886,122.668418354462
3,886,123.062169952872
4,886,81.1951693276621
5,886,106.887102511582
6,886,111.280908629411
7,886,91.89264557977
8,886,147.414792766005
9,886,131.507735304232
10,886,65.4808267571822
11,886,130.817628164086
12,886,115.428595965776
13,886,152.739367375107
14,886,115.325497766096
15,886,101.897652778524
16,886,128.349109433448
17,886,125.807916204041
18,886,87.4733280212243
1,887,117.227325212061
2,887,110.77567546783
3,887,113.219900635551
4,887,112.928925807908
5,887,103.832046903621
6,887,137.299431468382
7,887,80.6022949187744
8,887,109.682120463061
9,887,89.808054803092
10,887,104.364421446109
11,887,76.7388030953623
12,887,128.562601111158
13,887,100.362938295489
14,887,89.0178388137185
15,887,90.2643977558564
16,887,101.853908507821
17,887,71.2703407456781
18,887,110.633466265694
1,888,103.415680085333
2,888,125.691793798552
3,888,107.292697195262
4,888,59.3308574300216
5,888,86.9287549974368
6,888,88.565067081464
7,888,98.3160045508064
8,888,89.126263410943
9,888,122.112395903755
10,888,131.652807428914
11,888,95.7566931977741
12,888,96.4934855790778
13,888,89.3694976390895
14,888,113.226619867764
15,888,62.1721805753338
16,888,119.814353449347
17,888,95.1139018591501
18,888,80.5772109218089
1,889,115.456543066533
2,889,135.424929440895
3,889,135.304150057406
4,889,74.316503169551
5,889,86.1389355455185
6,889,86.9809825730511
7,889,126.108321331357
8,889,122.192173356858
9,889,109.771448126066
10,889,109.31438451239
11,889,114.71777013521
12,889,107.717478638636
13,889,85.8152124361071
14,889,104.633458625476
15,889,81.8496396600611
16,889,133.215490408498
17,889,88.5543643371655
18,889,66.7015651606758
1,890,123.0793201553
2,890,119.363536433503
3,890,131.875139882976
4,890,135.381300970459
5,890,95.7562953779389
6,890,63.1852082448075
7,890,102.795069987502
8,890,130.529077562954
9,890,97.6901922733485
10,890,70.6595033889632
11,890,105.066118242918
12,890,89.2690637679061
13,890,65.7106558558501
14,890,73.0104795421009
15,890,110.473603386912
16,890,81.2996123674042
17,890,98.0963822724516
18,890,93.2293470190766
1,891,120.999488707415
2,891,77.5120658007357
3,891,86.4794243042649
4,891,141.374158826628
5,891,95.1456945233617
6,891,87.4985202557095
7,891,137.989229987853
8,891,91.1150283400563
9,891,91.9491886185754
10,891,104.686227057283
11,891,112.841719567385
12,891,140.745201597621
13,891,144.578065438843
14,891,110.448541187546
15,891,95.378888755354
16,891,118.665975899318
17,891,87.8439171559048
18,891,126.045283332615
1,892,127.389958346842
2,892,152.847460566409
3,892,123.551555997791
4,892,105.969127188807
5,892,113.540034750131
6,892,138.144225708487
7,892,118.913684291349
8,892,100.005506720336
9,892,105.545109017357
10,892,111.610026758426
11,892,77.6974644942822
12,892,71.1263569762755
13,892,108.010776192068
14,892,142.227783543933
15,892,142.020096407945
16,892,121.617648619757
17,892,84.7737754418481
18,892,120.924821313671
1,893,124.179743722682
2,893,100.310812644767
3,893,117.274195576951
4,893,98.3614686086475
5,893,151.608501031685
6,893,91.8304253820518
7,893,115.458324655202
8,893,135.410856304148
9,893,81.4974251501133
10,893,96.6993594656971
11,893,101.929709593685
12,893,78.1251934119452
13,893,74.6440736223651
14,893,147.742384255793
15,893,118.046233451673
16,893,95.8095382924674
17,893,127.516679214323
18,893,103.372714334338
1,894,104.733634195377
2,894,82.3180300014946
3,894,131.505603245012
4,894,72.6005541743251
5,894,128.485640143995
6,894,112.224736252648
7,894,87.6142737010412
8,894,100.557657742407
9,894,153.758112525721
10,894,100.054345570808
11,894,111.371285879668
12,894,71.4058058214854
13,894,102.726563049449
14,894,83.9637952873457
15,894,111.064598382023
16,894,99.261657444752
17,894,83.8054671852376
18,894,68.1131892451809
1,895,69.4738979084647
2,895,102.090499485229
3,895,150.513812747408
4,895,84.9150155669611
5,895,80.3327342996272
6,895,82.8059859621121
7,895,82.4421154362333
8,895,108.320868390039
9,895,109.719254036871
10,895,67.2008953353021
11,895,100.583251236209
12,895,90.8376174800299
13,895,93.2416524667053
14,895,108.083118425952
15,895,106.25594099556
16,895,65.0867001069013
17,895,150.345475033419
18,895,141.005459190283
1,896,91.9185318169571
2,896,151.47495877376
3,896,107.937114128761
4,896,107.961411573362
5,896,125.477823163522
6,896,97.1937630582004
7,896,113.89546449298
8,896,90.0675923139076
9,896,115.512165163815
10,896,87.662111311641
11,896,93.3445728864972
12,896,128.001245110331
13,896,82.5396185226292
14,896,122.766758724172
15,896,91.8765208921954
16,896,82.6018548543133
17,896,104.228398813168
18,896,83.0850014088018
1,897,114.889497013097
2,897,137.71767531976
3,897,69.0945923555151
4,897,96.2784729125362
5,897,89.252171546999
6,897,129.320681740679
7,897,99.7232734321225
8,897,89.5637547870156
9,897,99.1380192063401
10,897,122.294844812541
11,897,128.263696634395
12,897,104.337433938125
13,897,102.49688460004
14,897,125.662916504501
15,897,97.1059725656432
16,897,105.294451765436
17,897,112.758101999452
18,897,87.2713865445741
1,898,145.12454502411
2,898,117.701965766771
3,898,98.0318441175737
4,898,109.785705367125
5,898,86.8896499885355
6,898,124.023342270182
7,898,77.3148508201253
8,898,66.677369084493
9,898,121.836987066497
10,898,93.7719471519001
11,898,79.0196505142095
12,898,127.995405113325
13,898,121.756445279059
14,898,88.3889761427016
15,898,115.916668386212
16,898,135.397104342484
17,898,100.982728468275
18,898,70.3597193960467
1,899,86.8269126364063
2,899,150.118227153545
3,899,84.1925962216
4,899,72.3269088696823
5,899,105.203743929397
6,899,117.930743027751
7,899,107.683393760331
8,899,117.488903360443
9,899,112.747649129469
10,899,79.3558875958469
11,899,71.9057841074591
12,899,113.143284387112
13,899,93.3626241374753
14,899,118.557923581997
15,899,130.424544832325
16,899,104.822670303944
17,899,96.1901038940288
18,899,129.777426970772
1,900,67.7447957866455
2,900,72.514236852642
3,900,88.9678566391572
4,900,88.9537724151174
5,900,95.6463476869612
6,900,69.470644389481
7,900,98.55797834196
8,900,133.401270277538
9,900,140.411602542476
10,900,80.7754502591912
11,900,122.72866267561
12,900,83.9432486236475
13,900,113.663541506296
14,900,101.901981955866
15,900,145.689012387928
16,900,92.3016945094802
17,900,117.572437235011
18,900,81.6485889114239
1,901,103.746278086703
2,901,129.272001687893
3,901,75.1806179698254
4,901,122.833652938178
5,901,123.832653010224
6,901,93.2971273853017
7,901,74.8433215961254
8,901,141.12002086558
9,901,101.464834845251
10,901,87.1224135498787
11,901,96.8004867631672
12,901,84.5051852348457
13,901,107.605502362213
14,901,133.76136588
15,901,118.092225904291
16,901,99.055910334503
17,901,95.6052687254933
18,901,146.719465059305
1,902,130.41470947129
2,902,121.727570851467
3,902,97.3989473693376
4,902,109.139524658255
5,902,68.7138553647033
6,902,129.925462708363
7,902,91.6730880609822
8,902,122.666778902199
9,902,70.87209751344
10,902,95.4795464116995
11,902,129.699417423101
12,902,90.302621250999
13,902,92.3124657546853
14,902,99.8245719452735
15,902,82.9625137934984
16,902,79.4618975482259
17,902,135.13247920848
18,902,123.289757580086
1,903,89.9592830953807
2,903,70.7267018902959
3,903,114.58082182118
4,903,119.955329269097
5,903,111.509409600257
6,903,109.288717661471
7,903,85.3070528176385
8,903,132.473697315798
9,903,133.503948978436
10,903,143.422638196579
11,903,97.9651190850113
12,903,86.7086832158407
13,903,85.6196167222373
14,903,72.5146282733063
15,903,79.6802150937932
16,903,85.3809460379284
17,903,88.0158488957535
18,903,99.0351053793034
1,904,113.45449422482
2,904,112.424468932327
3,904,121.598898005953
4,904,66.1677599757221
5,904,131.476359950817
6,904,106.887743000181
7,904,80.5764960889337
8,904,97.8881143196792
9,904,155.666891847183
10,904,114.315797734021
11,904,92.5087755906762
12,904,115.775285961969
13,904,90.5862345623639
14,904,85.9150625410158
15,904,71.4881821942483
16,904,118.041812173398
17,904,79.0759092220855
18,904,93.5024775184762
1,905,117.836404489045
2,905,104.758398011177
3,905,71.1127338427091
4,905,73.9963635495327
5,905,90.457846735113
6,905,116.494613061009
7,905,147.143138779205
8,905,119.431908660411
9,905,110.803105711902
10,905,92.6103129421265
11,905,134.277796069249
12,905,74.9839725971912
13,905,107.713397288788
14,905,106.750655559096
15,905,116.217350366919
16,905,78.3869690484733
17,905,140.430032670391
18,905,105.054684885692
1,906,120.738848965152
2,906,97.7803850946401
3,906,129.730548659835
4,906,88.1232615443705
5,906,111.474029207622
6,906,101.8342309363
7,906,82.725045983575
8,906,85.7173622123575
9,906,138.815383528955
10,906,87.3881819441878
11,906,81.8190099004071
12,906,110.509572124317
13,906,91.5681259527484
14,906,118.688365045514
15,906,63.019197316179
16,906,144.611825576306
17,906,80.1688797864737
18,906,64.6529131516719
1,907,98.8771240160623
2,907,104.056145862104
3,907,106.599722770833
4,907,121.773366242317
5,907,99.7406537290799
6,907,152.612198674894
7,907,96.8962731929636
8,907,90.7867747871138
9,907,100.922369162604
10,907,109.142934916687
11,907,151.876406653855
12,907,68.2304384390413
13,907,138.794253720792
14,907,93.079936989735
15,907,139.732838594583
16,907,88.9988407485637
17,907,123.719088534935
18,907,97.5892700498145
1,908,99.7607650895637
2,908,146.126561029662
3,908,115.927617715479
4,908,99.8518504832264
5,908,134.752210476676
6,908,120.645148893778
7,908,93.4908326822829
8,908,101.840100313768
9,908,97.649792965842
10,908,106.018507056956
11,908,90.292192341711
12,908,112.570486058799
13,908,87.0993342125598
14,908,92.2772551559313
15,908,120.526035738178
16,908,90.7234819338808
17,908,81.8162236891135
18,908,116.004452538785
1,909,101.088729114648
2,909,109.367309272179
3,909,111.340714187435
4,909,112.768228580569
5,909,71.9072263298422
6,909,114.448700786379
7,909,86.7950797436023
8,909,95.7924655087763
9,909,98.0064152634206
10,909,108.555278024812
11,909,97.8313814674103
12,909,135.912328172782
13,909,115.085897983058
14,909,120.286048385821
15,909,102.209485041809
16,909,96.5974741307841
17,909,63.8426533614816
18,909,132.243904192891
1,910,146.349175258377
2,910,98.475303004761
3,910,79.3970646167885
4,910,133.487190128774
5,910,123.865899256633
6,910,95.5041192600942
7,910,94.258365182405
8,910,99.3809222958653
9,910,115.201098326036
10,910,104.732777283522
11,910,84.8363325350479
12,910,127.339297661691
13,910,83.9548581051693
14,910,94.4315499268166
15,910,140.299187226717
16,910,126.50930733589
17,910,134.603774639212
18,910,119.232364413631
1,911,58.5014060298697
2,911,111.773380940948
3,911,93.1144529129072
4,911,82.0481776631598
5,911,70.0666473189433
6,911,146.928084612445
7,911,78.478080842482
8,911,91.6470866009487
9,911,137.636414303735
10,911,138.458179393976
11,911,94.1880957903065
12,911,71.2134825143455
13,911,86.6565840175011
14,911,124.545207385772
15,911,75.4299029229022
16,911,93.8885715354845
17,911,114.911761477893
18,911,86.6439583153067
1,912,89.6892600944287
2,912,113.672855302651
3,912,140.659673355051
4,912,133.135041049309
5,912,110.150408744193
6,912,99.1448317577628
7,912,135.853304969451
8,912,100.353028948638
9,912,108.663962190619
10,912,103.670948804375
11,912,95.9177441439205
12,912,92.4357817963857
13,912,87.6480638190999
14,912,97.4218486410484
15,912,75.7106910333623
16,912,101.687050441575
17,912,109.744768048
18,912,73.0534808653756
1,913,119.342857503523
2,913,125.929938305095
3,913,102.316985336675
4,913,119.793464102457
5,913,102.821821288596
6,913,106.945406061024
7,913,103.903023516959
8,913,91.7759169165057
9,913,91.7447975171321
10,913,105.338284619496
11,913,103.12427972943
12,913,118.423455611864
13,913,101.685652440061
14,913,103.968809929602
15,913,107.623399932044
16,913,66.6248515161438
17,913,109.409361036172
18,913,124.795109277152
1,914,98.7695226889715
2,914,103.720763011066
3,914,112.232918344689
4,914,130.334580678572
5,914,120.707339170569
6,914,136.734556327061
7,914,153.071178174769
8,914,112.939774341068
9,914,66.10740425277
10,914,74.4224929941074
11,914,66.013512576428
12,914,81.4673616941763
13,914,114.852437347253
14,914,112.286152916456
15,914,144.436170669353
16,914,94.369547775513
17,914,106.005333601035
18,914,79.3110448933339
1,915,75.6579849920591
2,915,94.7237924624649
3,915,122.959425974089
4,915,115.669997235862
5,915,116.191550224065
6,915,103.460852421034
7,915,121.998328372893
8,915,118.441940394506
9,915,86.199149046849
10,915,107.730679969719
11,915,70.9522845039512
12,915,121.821162051865
13,915,114.727381991891
14,915,120.166990991052
15,915,133.759697169208
16,915,106.166105664994
17,915,82.679855996804
18,915,86.3798827348623
1,916,80.4072020631527
2,916,103.893868863052
3,916,100.584479226792
4,916,90.361440263392
5,916,121.595482846589
6,916,116.177657408114
7,916,87.701851780614
8,916,124.920973750365
9,916,66.3387767026022
10,916,117.65105141256
11,916,71.1375001549405
12,916,90.0512211466436
13,916,82.835579579117
14,916,131.196442068787
15,916,125.873021712183
16,916,130.310988550645
17,916,137.637883982352
18,916,89.8687186432954
1,917,101.939641534934
2,917,148.353965662194
3,917,114.850341788768
4,917,111.795283230205
5,917,103.393857005464
6,917,68.2094005558016
7,917,99.1478309194274
8,917,84.5258653797901
9,917,101.308652613999
10,917,118.453388848836
11,917,87.8941212215181
12,917,89.7726497550842
13,917,119.452737790782
14,917,100.360185074268
15,917,138.859600611182
16,917,91.7264780868417
17,917,90.4988816039759
18,917,85.3048596824662
1,918,96.794508229659
2,918,140.486712613454
3,918,124.574639497588
4,918,103.684295924363
5,918,114.807554542451
6,918,109.225612619895
7,918,131.310052767205
8,918,84.8634174434176
9,918,91.9427509793772
10,918,97.2441905589662
11,918,95.5885629474037
12,918,90.1667885423709
13,918,79.1977862230326
14,918,89.6952343475923
15,918,85.7155540640062
16,918,115.249277520703
17,918,108.43451503913
18,918,93.0876925079167
1,919,80.3109531660838
2,919,83.1937912821993
3,919,85.816461327446
4,919,106.775416352616
5,919,78.0419117971495
6,919,139.136061868607
7,919,114.362181288257
8,919,90.5817409687451
9,919,107.276017266111
10,919,96.8364015970083
11,919,98.0841583549961
12,919,95.7599984837128
13,919,117.763369257736
14,919,127.611815105208
15,919,94.7712102997149
16,919,105.934434956451
17,919,95.7930573039969
18,919,88.1914572769845
1,920,126.415481978516
2,920,140.517605779381
3,920,105.892458673914
4,920,119.527017076297
5,920,108.176875196073
6,920,100.545545865617
7,920,82.6464120338047
8,920,80.2669536022476
9,920,105.626767862062
10,920,121.129719314745
11,920,130.421745200771
12,920,58.4746333803961
13,920,74.4364993043794
14,920,137.690047492388
15,920,117.126614632868
16,920,90.7272017003525
17,920,102.34574507646
18,920,142.832256465898
1,921,145.03937579831
2,921,135.635505450481
3,921,137.708508163945
4,921,97.6270777450317
5,921,117.691523385382
6,921,98.9009548317584
7,921,120.138478108521
8,921,111.825508848679
9,921,113.833410395965
10,921,112.42726966886
11,921,92.940790850102
12,921,110.806396297136
13,921,136.312382018846
14,921,92.882209089915
15,921,89.3344848460834
16,921,76.358293462441
17,921,135.046433270571
18,921,97.0543857753208
1,922,78.2870901618516
2,922,105.592531975136
3,922,95.2790013755796
4,922,112.495234846483
5,922,149.971140599526
6,922,132.876313146264
7,922,102.494777678785
8,922,121.927538116609
9,922,94.5440619734695
10,922,104.00256513545
11,922,100.312279245425
12,922,93.6079011735504
13,922,121.681751109464
14,922,102.19981486741
15,922,58.3144989674782
16,922,102.971798945118
17,922,120.474483151191
18,922,71.8062962342739
1,923,101.359110553031
2,923,91.5694036051955
3,923,84.7713562232199
4,923,77.4799680660861
5,923,108.529815117264
6,923,106.511862387822
7,923,69.9969884159942
8,923,99.9873873639641
9,923,84.5935117464152
10,923,121.157388282809
11,923,75.1174105785535
12,923,151.306725859343
13,923,84.7745076966684
14,923,66.2673616864813
15,923,80.8198478906521
16,923,98.4468625431305
17,923,109.250235820282
18,923,80.1289232933334
1,924,125.460128635708
2,924,91.2452084362653
3,924,86.1088689208925
4,924,85.2014663145258
5,924,80.5253328420699
6,924,83.5500735978096
7,924,132.063401003473
8,924,98.2306864733853
9,924,74.04993671829
10,924,89.9368744687994
11,924,119.83667474776
12,924,117.50810336574
13,924,104.063890823522
14,924,129.296990981567
15,924,111.104803898188
16,924,131.423320417514
17,924,58.1085824907119
18,924,92.3086298860924
1,925,96.5100770002697
2,925,106.340611893591
3,925,79.4520901185622
4,925,85.7266386314125
5,925,95.4148595560718
6,925,72.706276717575
7,925,141.470353063436
8,925,66.2414758057783
9,925,114.831807322702
10,925,105.775941414692
11,925,64.9302646422385
12,925,104.173484476649
13,925,110.23920954977
14,925,130.180784476849
15,925,144.497803687607
16,925,77.9308326513335
17,925,125.016685765499
18,925,115.017293180534
1,926,78.6235932711
2,926,101.559562908254
3,926,84.1685406536347
4,926,127.001399184177
5,926,71.9401102133868
6,926,122.69682393826
7,926,103.24389999075
8,926,119.015282471829
9,926,92.959234666076
10,926,141.091347169878
11,926,105.705995196575
12,926,96.9398683829983
13,926,107.814928459025
14,926,134.740771259778
15,926,110.736730178205
16,926,118.802277834942
17,926,88.4338046532001
18,926,86.5619083126927
1,927,146.409640393139
2,927,98.7496164604508
3,927,95.0763469612461
4,927,142.635850921031
5,927,94.1009275715911
6,927,113.049167928444
7,927,131.039609259205
8,927,144.719334527452
9,927,106.566388361816
10,927,97.3958698952229
11,927,131.652681032926
12,927,91.2208511660814
13,927,71.5929060958662
14,927,103.422002361361
15,927,149.603254634411
16,927,111.006384082556
17,927,107.591637947821
18,927,106.6229277047
1,928,80.922725515944
2,928,99.1006567231394
3,928,127.643620624702
4,928,80.1639757687424
5,928,130.119882388925
6,928,140.00173891391
7,928,120.005954305812
8,928,113.651018604557
9,928,73.4307411622798
10,928,107.660033897557
11,928,120.811249283826
12,928,130.712471166978
13,928,137.000859715934
14,928,110.141710366732
15,928,95.9440554300811
16,928,122.7132953958
17,928,113.903139109768
18,928,144.024364342767
1,929,94.0472066514894
2,929,132.936832101038
3,929,97.6860351131719
4,929,109.34394600787
5,929,131.345192056106
6,929,96.3675611285325
7,929,129.815512203816
8,929,107.551491224642
9,929,123.765567628186
10,929,132.001407373889
11,929,102.97103662796
12,929,68.2255634640771
13,929,122.419054423194
14,929,136.112902115388
15,929,99.5518666378593
16,929,82.7099360314291
17,929,121.835229658236
18,929,101.57660372694
1,930,133.068255821201
2,930,95.2079716356901
3,930,76.6383933305531
4,930,81.4000772935324
5,930,120.276795544826
6,930,129.717673865256
7,930,110.464404325123
8,930,139.005999074187
9,930,77.9354975219952
10,930,111.907705026957
11,930,101.445171999459
12,930,117.173879744855
13,930,117.614002806297
14,930,95.4370538876085
15,930,68.4174158249417
16,930,108.926908537584
17,930,91.8256012557068
18,930,101.643281803543
1,931,129.39270283543
2,931,81.952875098808
3,931,74.9852383862261
4,931,75.8437252568703
5,931,86.8876932622844
6,931,82.0973107734412
7,931,127.386814197199
8,931,103.043897607169
9,931,106.540872804551
10,931,92.7908717369637
11,931,86.3525118083239
12,931,102.703815369855
13,931,100.984396935457
14,931,130.111511966241
15,931,107.628794801977
16,931,78.8404964618688
17,931,149.837230731616
18,931,113.316209676477
1,932,96.3800247598874
2,932,89.1948284133466
3,932,73.2484182352009
4,932,110.986918163404
5,932,114.412495752458
6,932,117.322243017053
7,932,84.3311068091581
8,932,99.9916957864475
9,932,98.3000268913556
10,932,148.844411155895
11,932,74.8609266789666
12,932,90.3773843878849
13,932,114.406421873926
14,932,98.5902381166906
15,932,90.0019849615678
16,932,107.000341584778
17,932,94.0305123978726
18,932,70.6882887379169
1,933,97.3095465543255
2,933,111.628714257186
3,933,99.741620121965
4,933,109.403871584456
5,933,81.8327594154924
6,933,138.419152372881
7,933,127.916225128163
8,933,94.3532497989143
9,933,114.091805780928
10,933,72.0683996512832
11,933,65.8275136277602
12,933,83.0938327340155
13,933,110.686088498403
14,933,100.656041481339
15,933,107.529121827345
16,933,100.19284341572
17,933,92.6122594784589
18,933,79.9540219758829
1,934,137.30284802174
2,934,117.771130702634
3,934,123.740133870967
4,934,97.0636868084037
5,934,114.389442636901
6,934,107.363282794016
7,934,103.372681716969
8,934,113.594235951606
9,934,101.575456152124
10,934,115.483294973231
11,934,74.5224415436949
12,934,124.893935735804
13,934,120.863062869159
14,934,142.532514448477
15,934,140.230036003426
16,934,111.007203491599
17,934,125.802998119923
18,934,149.047058054543
1,935,85.1190429473696
2,935,76.8346160728913
3,935,121.470168901674
4,935,103.976219846122
5,935,61.9545874588854
6,935,124.154105348817
7,935,76.2115902558344
8,935,144.571050711381
9,935,107.083849879635
10,935,100.929593698314
11,935,105.962584397321
12,935,110.983719994518
13,935,94.3535824554032
14,935,78.2450851891985
15,935,106.592187945144
16,935,67.6584007583699
17,935,144.496327153581
18,935,111.432201135725
1,936,127.631701758898
2,936,95.4818410683487
3,936,92.5330631405447
4,936,77.4360700465023
5,936,72.5172004046258
6,936,92.868293759565
7,936,80.6137310273313
8,936,107.967558063692
9,936,93.2600623956483
10,936,96.1473349580502
11,936,96.8846951465607
12,936,97.9861348106369
13,936,80.231092009842
14,936,120.617203979715
15,936,114.626369810665
16,936,107.026525513893
17,936,110.268043128748
18,936,75.7402192641001
1,937,97.2373482663541
2,937,128.660386218582
3,937,100.601868243604
4,937,148.696604093254
5,937,117.533055329438
6,937,96.65758675062
7,937,115.587441604872
8,937,86.9654517795392
9,937,120.312095968073
10,937,101.416692208686
11,937,78.3777307130591
12,937,76.9179281419729
13,937,119.279383985852
14,937,94.2061424507067
15,937,94.3265355451088
16,937,98.5980558536622
17,937,97.6939177112647
18,937,137.827741614795
1,938,106.36926466927
2,938,95.4749487007395
3,938,102.419365394624
4,938,102.424619225763
5,938,91.0648660569442
6,938,131.05852277692
7,938,146.380718558136
8,938,129.978049172585
9,938,89.0098344569797
10,938,85.3275114173019
11,938,104.201279864327
12,938,84.2055311439799
13,938,130.374516940533
14,938,80.745456853788
15,938,101.569129915352
16,938,85.7765859238037
17,938,119.534069334757
18,938,95.3894296289766
1,939,130.321748977852
2,939,115.717583579818
3,939,83.8366629923312
4,939,125.399677432468
5,939,114.907693695897
6,939,85.8013082425471
7,939,120.419790368095
8,939,85.3893233653668
9,939,85.2378742512362
10,939,87.1014217893973
11,939,111.573598712355
12,939,84.1562612412411
13,939,111.957264156041
14,939,151.048358662327
15,939,92.987796423142
16,939,121.534376705746
17,939,88.9951596459924
18,939,108.361011025368
1,940,92.5276433083776
2,940,78.0294251398031
3,940,110.973150088879
4,940,83.7264852408172
5,940,99.4371896113988
6,940,131.765737555695
7,940,107.583937048729
8,940,123.932422412189
9,940,108.700799030962
10,940,81.5622468357195
11,940,131.596830217265
12,940,77.3932816007916
13,940,110.173709596249
14,940,87.5803603413966
15,940,110.331274198219
16,940,91.4256211038175
17,940,122.121111213721
18,940,142.388287297744
1,941,130.568540260597
2,941,108.784983031616
3,941,144.359474463345
4,941,98.1777960786454
5,941,113.186943033034
6,941,99.201038968516
7,941,83.568017031196
8,941,123.047934221439
9,941,73.2179260399611
10,941,73.043389365224
11,941,68.1774807319957
12,941,98.6801625303092
13,941,119.988027335839
14,941,98.844392722654
15,941,127.443530395272
16,941,137.571849763406
17,941,141.311754809143
18,941,106.86759433517
1,942,111.602275333907
2,942,103.349976371984
3,942,104.940828321728
4,942,104.641769802043
5,942,124.946581758553
6,942,88.9789249971975
7,942,105.959162252636
8,942,81.3967618340084
9,942,145.901207634946
10,942,120.319326216659
11,942,87.7757434321333
12,942,120.403860352024
13,942,94.9150769382573
14,942,104.616957182074
15,942,95.0348839641838
16,942,124.289822939406
17,942,81.7658461294229
18,942,102.206919952846
1,943,80.6273270999676
2,943,111.290879912761
3,943,74.0727241433704
4,943,75.4501868031244
5,943,108.522885543603
6,943,102.985737963428
7,943,110.830153175499
8,943,90.9283365361575
9,943,115.069534798007
10,943,108.005803511729
11,943,67.3936900686924
12,943,147.188625191186
13,943,122.122899820731
14,943,86.6447171834581
15,943,83.9106230836426
16,943,99.8782938434303
17,943,119.691220015566
18,943,113.361105042472
1,944,87.7713630271733
2,944,112.302278448136
3,944,98.6581287658861
4,944,97.0986744260807
5,944,132.362308105273
6,944,82.2378919976288
7,944,83.0160747376633
8,944,84.3767856253496
9,944,79.3461535124474
10,944,101.797493090701
11,944,62.1338648601001
12,944,96.1126176010505
13,944,110.905481545163
14,944,95.4686976877928
15,944,80.1449892283502
16,944,123.552415996832
17,944,81.9012533385118
18,944,134.922323960674
1,945,117.854440314781
2,945,106.0249346448
3,945,96.53863071273
4,945,105.959654798989
5,945,67.1675381823726
6,945,126.815149384685
7,945,77.3659409535776
8,945,105.086396972347
9,945,69.8067550370328
10,945,101.441182255328
11,945,79.0879443848437
12,945,110.414558646537
13,945,83.5496837521689
14,945,109.10504241307
15,945,148.549945331036
16,945,84.2186875868992
17,945,94.9214986809982
18,945,107.431372710957
1,946,112.399967572295
2,946,115.304662756369
3,946,72.1737567412585
4,946,86.9353909236538
5,946,102.823793655136
6,946,87.2144549549077
7,946,101.611497548583
8,946,115.531688715903
9,946,78.856599872127
10,946,126.434966360183
11,946,86.0389644958939
12,946,88.1298995609681
13,946,102.552292643534
14,946,106.338545707551
15,946,113.363144099793
16,946,114.614425026921
17,946,78.5160457978017
18,946,74.8134485247106
1,947,95.5001332858223
2,947,90.3517897442993
3,947,104.360191703988
4,947,115.899166431731
5,947,78.9340603539271
6,947,76.6215947621415
7,947,92.1444370691592
8,947,75.4191369884864
9,947,74.2327953675598
10,947,131.886507326929
11,947,89.4537405875225
12,947,77.7556266492356
13,947,150.172786652476
14,947,102.102419177313
15,947,123.841942589536
16,947,105.09243379942
17,947,112.971909165901
18,947,71.5009566586887
1,948,89.6190447554139
2,948,100.942341033363
3,948,136.29316286826
4,948,122.989521815856
5,948,104.447546926783
6,948,82.2588281286886
7,948,70.1029916232731
8,948,70.4158374575412
9,948,99.0554864967025
10,948,91.6104718204024
11,948,92.9574385807394
12,948,103.865962355596
13,948,83.3945092776582
14,948,95.0042640237723
15,948,110.113041133156
16,948,88.4385993530826
17,948,106.584223232174
18,948,108.502015829661
1,949,145.360954901306
2,949,122.17127524386
3,949,150.077735010971
4,949,131.817334472214
5,949,93.1385417894604
6,949,107.177682682602
7,949,110.021449139619
8,949,92.0770835166526
9,949,87.9502465917506
10,949,93.0594034886363
11,949,108.39842852676
12,949,107.664764356257
13,949,84.5452462198296
14,949,102.506077742702
15,949,107.35690245172
16,949,103.585101970404
17,949,117.072291044837
18,949,117.105665319133
1,950,120.266905391472
2,950,142.025568178833
3,950,86.79867822557
4,950,98.6675705953941
5,950,82.9201957280098
6,950,77.4170741202628
7,950,79.3560518258804
8,950,87.4336494487037
9,950,89.2872042066021
10,950,103.876285583339
11,950,118.638271900668
12,950,75.1871691577645
13,950,109.527777828688
14,950,112.15428202181
15,950,61.5202389644272
16,950,102.434680918677
17,950,90.1998981329636
18,950,103.243176683635
1,951,99.9044935965119
2,951,92.7989954882845
3,951,73.8029758020589
4,951,124.712477103536
5,951,108.688675773935
6,951,117.295306276234
7,951,96.2182446939327
8,951,113.020476362651
9,951,88.4476038178407
10,951,84.5435127805402
11,951,119.173818149147
12,951,84.7647721234527
13,951,87.0132974412822
14,951,76.6201949913924
15,951,138.138896846276
16,951,150.743293739606
17,951,116.594279592282
18,951,86.691274105732
1,952,83.9946439568905
2,952,97.4595778823513
3,952,127.138335281356
4,952,121.542046430236
5,952,77.8158590694436
6,952,128.817253330039
7,952,91.2561831683106
8,952,132.99308093254
9,952,83.178903814174
10,952,109.889301463434
11,952,104.267954500822
12,952,136.347481845461
13,952,87.997369148161
14,952,88.6501483297838
15,952,101.070339760333
16,952,113.478439341791
17,952,119.038492619532
18,952,71.7601508080074
1,953,94.1355314570923
2,953,89.0965405023789
3,953,112.860248767183
4,953,93.6104049439316
5,953,121.639216117718
6,953,106.305777977859
7,953,100.179820594832
8,953,122.88655075508
9,953,103.341691955412
10,953,82.8324740891128
11,953,123.150916288184
12,953,83.7952193489033
13,953,94.8046933237612
14,953,148.995870333371
15,953,91.7443920425543
16,953,100.92913331684
17,953,105.663162280496
18,953,95.394565105036
1,954,134.502860428303
2,954,134.74605090863
3,954,95.6269511100456
4,954,117.235739679741
5,954,85.9386985181831
6,954,141.957832269445
7,954,112.165717324485
8,954,110.45398574646
9,954,76.3209418162872
10,954,109.822918588562
11,954,89.5589229576486
12,954,92.4668163756179
13,954,112.398433001658
14,954,93.6240178098306
15,954,67.9056421505122
16,954,149.629915212066
17,954,111.455990534024
18,954,109.478088420757
1,955,113.646754605038
2,955,113.849527589907
3,955,102.747866413629
4,955,103.289971132561
5,955,111.06685140445
6,955,93.7908425558286
7,955,74.1132272800622
8,955,110.273470287622
9,955,133.49193052196
10,955,124.678640402873
11,955,76.7748848846792
12,955,120.992059122343
13,955,103.876493583727
14,955,124.252705645672
15,955,101.997649682316
16,955,80.5523370873864
17,955,86.6430509995353
18,955,80.7950369441282
1,956,149.942473631805
2,956,95.7894503653465
3,956,120.606455599058
4,956,72.8896059137009
5,956,126.425275789022
6,956,118.041048095802
7,956,145.360244986114
8,956,113.339454985603
9,956,102.365405544112
10,956,106.105949917037
11,956,107.590924379005
12,956,100.961264193638
13,956,121.361818580387
14,956,98.1853203245258
15,956,91.6609717762433
16,956,93.4969093376833
17,956,103.381172726574
18,956,82.3702635320924
1,957,138.902814702795
2,957,115.591619703975
3,957,123.641485868708
4,957,104.762271280906
5,957,101.612929274032
6,957,86.6796747764514
7,957,131.46918722629
8,957,97.24701327167
9,957,96.6285597463503
10,957,77.9302477325649
11,957,72.4231873668218
12,957,83.4520078681102
13,957,145.034454072574
14,957,81.1892336944692
15,957,89.3172811611269
16,957,99.2243490323954
17,957,126.998730187896
18,957,90.3471559916598
1,958,132.686095903715
2,958,155.646122706404
3,958,126.043304190317
4,958,125.877594825245
5,958,108.939805573595
6,958,117.392005227067
7,958,120.817206535466
8,958,125.582821245383
9,958,90.7492841965751
10,958,68.976889075037
11,958,128.259647557637
12,958,117.088870102935
13,958,157.8581261968
14,958,88.7183690897266
15,958,95.5318617143418
16,958,92.7535905066006
17,958,124.628596235693
18,958,140.461722722268
1,959,116.952335363877
2,959,67.391835565835
3,959,83.5388295029747
4,959,70.1681316115127
5,959,87.1675813490774
6,959,97.6606327800738
7,959,79.7245266808033
8,959,99.1502887024382
9,959,74.4036602882316
10,959,136.938904609686
11,959,128.643941133427
12,959,117.813202331477
13,959,104.483838122585
14,959,111.933106895276
15,959,117.68810797676
16,959,89.8769263216089
17,959,100.714243930178
18,959,60.1999992974663
1,960,105.837021611988
2,960,130.505853822794
3,960,111.249395382837
4,960,121.344614620638
5,960,90.4140568448815
6,960,123.733380312885
7,960,107.554016753302
8,960,99.7945258064899
9,960,89.2680811448355
10,960,109.477241379709
11,960,101.081171331095
12,960,102.803285311222
13,960,119.278889495911
14,960,92.9953593075072
15,960,102.274962641087
16,960,111.895696305091
17,960,145.261531206664
18,960,133.226397606786
1,961,128.576571504983
2,961,68.80914069682
3,961,102.722291585079
4,961,73.7316883525957
5,961,125.310157530398
6,961,60.7545650642898
7,961,71.1699642542947
8,961,80.244453504524
9,961,93.2667211732043
10,961,131.336192510443
11,961,106.90805294543
12,961,123.140260550557
13,961,92.9037783209049
14,961,122.857980897702
15,961,103.870444368003
16,961,102.87411078927
17,961,90.6487203426252
18,961,125.855817451699
1,962,105.059159370485
2,962,91.2542190438443
3,962,96.2994480114825
4,962,112.591895971959
5,962,134.369294328455
6,962,76.7020921285578
7,962,112.152494532592
8,962,80.5657855717685
9,962,129.960780322652
10,962,100.01199249616
11,962,131.901970431718
12,962,118.544312824061
13,962,95.9433926045177
14,962,129.802952511067
15,962,99.0706549933008
16,962,122.217234164429
17,962,105.90404090265
18,962,74.9165473974182
1,963,128.782603209982
2,963,102.307037319385
3,963,97.7384569092294
4,963,102.234566839415
5,963,142.899474843365
6,963,97.8376972764117
7,963,76.189344690112
8,963,104.521629108926
9,963,139.448763257168
10,963,131.805095425668
11,963,133.946696165107
12,963,100.791699252154
13,963,112.679430624886
14,963,99.0852127190814
15,963,125.619216097249
16,963,80.8770968552143
17,963,102.677593255747
18,963,114.084333866666
1,964,89.8313473673822
2,964,83.2324765006886
3,964,90.4693208518013
4,964,131.604506158372
5,964,81.0816135051536
6,964,98.8479002281794
7,964,108.777357448067
8,964,127.695357438165
9,964,128.209727898705
10,964,97.309068520559
11,964,150.65626020569
12,964,141.405728112791
13,964,110.410829289642
14,964,98.3017297068079
15,964,115.633530935722
16,964,148.408985091412
17,964,103.770634504008
18,964,102.299599883847
1,965,144.442404008257
2,965,97.9447798764743
3,965,87.1442162454344
4,965,80.150125865192
5,965,65.7816609787301
6,965,109.989461331212
7,965,96.7822402601832
8,965,118.730488989402
9,965,104.733779760722
10,965,66.8901933473643
11,965,108.280388266039
12,965,118.171274014809
13,965,115.713873341934
14,965,101.413794974065
15,965,143.303952192111
16,965,73.2894474699085
17,965,121.077979090556
18,965,127.101438062986
1,966,118.261242487841
2,966,118.795160248155
3,966,144.249381937491
4,966,96.268945783525
5,966,75.9685807603946
6,966,104.188888835674
7,966,86.3403083964186
8,966,127.39944310791
9,966,88.4416863456515
10,966,89.8525514881698
11,966,83.3191565474095
12,966,87.2410883873225
13,966,79.621886180415
14,966,106.450893333749
15,966,136.078055716574
16,966,105.502875126728
17,966,90.7954061285886
18,966,92.8312284921525
1,967,108.001590907153
2,967,138.978532801159
3,967,115.062905458572
4,967,69.7822080467468
5,967,118.902220352552
6,967,84.0750861055093
7,967,106.536717890971
8,967,114.058013405421
9,967,116.693832877553
10,967,132.089759132669
11,967,91.0717949753993
12,967,97.9816368620946
13,967,102.813311423878
14,967,127.566993742025
15,967,125.92999048619
16,967,130.996619784324
17,967,99.4910036088754
18,967,90.3783045100542
1,968,82.8493972655884
2,968,121.98300086745
3,968,89.2138684126193
4,968,70.2284564250065
5,968,104.887837098268
6,968,107.185541688599
7,968,119.955178963051
8,968,141.177132580678
9,968,87.7723844668717
10,968,143.335090709083
11,968,121.355017799138
12,968,62.139272820395
13,968,126.298413879112
14,968,81.0605056145118
15,968,102.271272186471
16,968,90.5340828923964
17,968,79.4868278405569
18,968,105.058606192969
1,969,120.196629078161
2,969,82.8813900704003
3,969,103.770050478187
4,969,85.507014329573
5,969,75.5767933523558
6,969,94.0600977988822
7,969,113.587437495065
8,969,94.1410019845639
9,969,79.0241160880633
10,969,142.148528704121
11,969,91.7319325991988
12,969,104.177057054858
13,969,81.4847260476833
14,969,87.3992403659598
15,969,66.7085289749703
16,969,71.5369929938204
17,969,112.60983324581
18,969,70.8753078975274
1,970,98.6494224858356
2,970,101.760159323668
3,970,108.323310875595
4,970,98.9228177134192
5,970,78.0082634561084
6,970,64.5305302318259
7,970,95.8044607029004
8,970,137.923328454842
9,970,106.729944751343
10,970,95.7688254837189
11,970,114.088851206897
12,970,97.6157465322654
13,970,101.607668804926
14,970,72.1402989844991
15,970,73.9357491287383
16,970,92.8495361304798
17,970,89.1075769139523
18,970,122.443123606281
1,971,119.88871312613
2,971,121.969171014159
3,971,74.9549086079236
4,971,107.711411152502
5,971,84.0992288701494
6,971,118.331871919113
7,971,103.249562951034
8,971,101.544428470777
9,971,95.9258823156474
10,971,102.399520446907
11,971,72.656605775958
12,971,87.39025296953
13,971,108.524662295095
14,971,101.190598786997
15,971,108.326171717462
16,971,82.0106765745398
17,971,109.337603311783
18,971,60.040340882832
1,972,104.822381677584
2,972,97.4238874979256
3,972,102.174523264851
4,972,88.5121487922794
5,972,92.4010407729691
6,972,103.528230010316
7,972,123.103045869017
8,972,128.220481790142
9,972,103.755303742713
10,972,63.4538142976343
11,972,103.336459791219
12,972,105.96076805333
13,972,102.313178364154
14,972,89.0449612981357
15,972,114.297663617503
16,972,112.476250384261
17,972,80.9305929650901
18,972,102.062201075776
1,973,107.586801178865
2,973,101.7264304723
3,973,113.202405150283
4,973,122.211573391677
5,973,104.240351561892
6,973,57.2174998130142
7,973,81.1301620445893
8,973,131.783110377124
9,973,62.2546869346943
10,973,84.2292675571712
11,973,109.531751426969
12,973,79.8815301249979
13,973,105.774511204004
14,973,86.722596271543
15,973,132.587799352808
16,973,131.813801477796
17,973,68.9159792412304
18,973,84.8985831416179
1,974,68.9252743840587
2,974,97.6330369296404
3,974,78.781005668541
4,974,110.148542394982
5,974,75.8758709645689
6,974,103.472480829036
7,974,84.1091510528015
8,974,95.6292099541633
9,974,137.829089004321
10,974,85.6586302564293
11,974,97.177679754314
12,974,125.182152838106
13,974,109.94888065786
14,974,88.7703545040426
15,974,92.9847683993003
16,974,134.798601065834
17,974,104.301064185879
18,974,124.835185088265
1,975,99.9442856430267
2,975,103.279589956241
3,975,65.5785186911264
4,975,67.8748568710546
5,975,138.63261911977
6,975,85.0908744173817
7,975,112.474742632065
8,975,63.8210421332962
9,975,98.2662150091837
10,975,134.427553566058
11,975,93.5701928307369
12,975,119.890558754858
13,975,87.0156146199595
14,975,98.3767899676791
15,975,67.5529397826286
16,975,96.4681664522928
17,975,94.5559427991933
18,975,126.11344140522
1,976,86.5251543710217
2,976,114.631178534669
3,976,91.3775148408359
4,976,96.4728975618747
5,976,93.4327048312201
6,976,130.584434572089
7,976,99.4047701535934
8,976,95.4626951971947
9,976,128.522995592951
10,976,100.80515071472
11,976,115.501864833779
12,976,78.4840968491504
13,976,93.9531172802504
14,976,70.3187464400914
15,976,110.72284932583
16,976,96.3830998499035
17,976,85.3975701011179
18,976,135.422856084231
1,977,90.3196598524613
2,977,78.0653159349825
3,977,125.573596105342
4,977,90.0669027447224
5,977,126.636903260405
6,977,145.131291340639
7,977,97.2444626361961
8,977,113.711613647955
9,977,82.6538919901017
10,977,65.2841558619399
11,977,104.159671479441
12,977,105.032877920168
13,977,74.9275388267691
14,977,123.319185145217
15,977,115.333310601062
16,977,96.5860652324268
17,977,87.6596710643925
18,977,107.127595969081
1,978,97.2953338859878
2,978,80.6143128842308
3,978,130.455170011025
4,978,144.556239307932
5,978,92.7713889294918
6,978,103.121176974502
7,978,132.958062987451
8,978,103.71998307435
9,978,68.6207769140665
10,978,90.9167750214894
11,978,77.6290847388236
12,978,107.543586341799
13,978,88.5285382982516
14,978,83.4933339778652
15,978,114.37079822983
16,978,108.038911637407
17,978,116.829729384228
18,978,98.4224727650459
1,979,119.18337339105
2,979,126.785189819282
3,979,86.1180124119196
4,979,99.2622377907215
5,979,142.808993548747
6,979,101.047410655444
7,979,103.187034812167
8,979,143.848578337068
9,979,128.09151822157
10,979,77.9044327158272
11,979,94.2103825945621
12,979,107.162995453265
13,979,117.260308482944
14,979,103.784083202861
15,979,88.1932191911512
16,979,150.806837939225
17,979,101.915278500922
18,979,117.083541890145
1,980,135.247730067946
2,980,93.1563649312874
3,980,135.9032390126
4,980,72.8935069631305
5,980,93.1241714102017
6,980,115.214785284919
7,980,66.9994331973679
8,980,89.8090991544325
9,980,128.993974961081
10,980,101.916741594155
11,980,96.3793556671489
12,980,118.672081226198
13,980,110.604749260077
14,980,114.951491941974
15,980,106.0898433971
16,980,117.227827619581
17,980,97.5389626832063
18,980,85.0443206069668
1,981,83.6414579223088
2,981,82.6289261866243
3,981,94.8229758074042
4,981,110.187388196362
5,981,110.981983183506
6,981,131.26448307869
7,981,78.6824518006867
8,981,104.26316133666
9,981,74.2672927842901
10,981,99.9521732500247
11,981,110.848704054588
12,981,66.9744604020213
13,981,128.427426794898
14,981,78.0982606167899
15,981,89.6880234708647
16,981,67.3269771843993
17,981,117.136002419726
18,981,147.665129160416
1,982,116.196975660078
2,982,113.191021978045
3,982,121.553029400856
4,982,101.644890776609
5,982,106.036148962211
6,982,135.419173457402
7,982,93.1638407343456
8,982,150.280101052713
9,982,110.015637136579
10,982,99.9000281724364
11,982,100.152691901408
12,982,129.011437468615
13,982,77.5449013092361
14,982,130.755280013202
15,982,101.667155613095
16,982,100.702341379425
17,982,117.543934490192
18,982,119.445436801851
1,983,136.245150666747
2,983,105.238101085265
3,983,85.4847810843493
4,983,77.4070568061481
5,983,92.7888194569725
6,983,138.444970583183
7,983,126.913623741771
8,983,104.258732181326
9,983,94.9907758823104
10,983,80.4385749608904
11,983,91.6135458447474
12,983,125.029287992732
13,983,93.0781176549846
14,983,148.638651812858
15,983,106.601245481961
16,983,134.49196170162
17,983,146.138382483024
18,983,79.5825970176802
1,984,87.3983145417505
2,984,106.088194860195
3,984,97.6942486401568
4,984,127.499825623803
5,984,97.138353776394
6,984,102.957443186049
7,984,88.3743984855862
8,984,93.4423378319564
9,984,129.463909357361
10,984,102.661799786308
11,984,99.4115282673163
12,984,76.7992683141275
13,984,83.3562180953426
14,984,81.8607388338029
15,984,82.655115059469
16,984,101.419842459666
17,984,118.730579275596
18,984,141.84752512815
1,985,86.8050924521132
2,985,98.1432365297186
3,985,123.425275025405
4,985,84.5927213768424
5,985,147.213414634208
6,985,77.4969687068789
7,985,114.116760297671
8,985,121.976627982076
9,985,107.69098188382
10,985,109.300999593507
11,985,102.376117230224
12,985,122.385857308373
13,985,99.5137072603082
14,985,124.584887650996
15,985,105.418566916999
16,985,81.155990415278
17,985,83.4999916347046
18,985,121.326633854773
1,986,106.508264630806
2,986,155.741501357022
3,986,74.1397115775134
4,986,139.465132993886
5,986,147.60563473382
6,986,120.248225638157
7,986,100.402928838625
8,986,128.893194608126
9,986,109.200639318411
10,986,107.239949479516
11,986,106.827345087851
12,986,82.8554733805956
13,986,137.148824214188
14,986,88.2252773665618
15,986,95.5127295117149
16,986,100.794818340077
17,986,75.948597731778
18,986,102.12635073671
1,987,89.5612035240664
2,987,88.1289915101084
3,987,120.342226649132
4,987,118.016380143234
5,987,128.662874548885
6,987,124.302338075841
7,987,110.531078034595
8,987,102.776985845741
9,987,125.709829655232
10,987,104.706102980681
11,987,87.8981310504339
12,987,98.1233386336135
13,987,125.6511168549
14,987,133.030581702119
15,987,142.321250078649
16,987,106.799735370842
17,987,133.780903740582
18,987,95.5459712324042
1,988,95.2568498854031
2,988,66.1438270386274
3,988,124.04167775862
4,988,79.3845986813642
5,988,73.7033332108504
6,988,115.427139176697
7,988,63.4641415157406
8,988,116.375030436095
9,988,98.8450848989076
10,988,82.6098731444752
11,988,120.500599634188
12,988,90.3655990897862
13,988,81.3003298661588
14,988,91.1453568396995
15,988,145.646183417313
16,988,99.0299633621419
17,988,104.059354848555
18,988,85.0031745252171
1,989,83.9609635646217
2,989,68.4373862860904
3,989,106.377695502026
4,989,113.760027324252
5,989,98.2115879842786
6,989,68.5929999802749
7,989,79.239915567366
8,989,104.106920226726
9,989,100.535036565157
10,989,137.434869538097
11,989,122.78453119593
12,989,94.6815618265558
13,989,85.8203028666387
14,989,123.5009456335
15,989,115.155085926045
16,989,97.8447903845803
17,989,110.454236875652
18,989,77.3154047678473
1,990,103.721291506833
2,990,68.440846923663
3,990,61.2142128466221
4,990,97.5399784470627
5,990,106.785505151083
6,990,65.8808387346777
7,990,129.521629599745
8,990,90.3958685332588
9,990,76.1715215228001
10,990,140.558574300942
11,990,72.3831887599093
12,990,147.464536457977
13,990,99.9279253532193
14,990,70.5950873910926
15,990,90.6769287443808
16,990,105.884818826952
17,990,122.505932846342
18,990,135.597642023405
1,991,114.363759999575
2,991,126.292470295013
3,991,122.815411942067
4,991,83.7745291121478
5,991,76.2218498247321
6,991,102.770991008302
7,991,102.40181936098
8,991,94.523369912352
9,991,131.916740648191
10,991,76.0071819964838
11,991,79.2540165887477
12,991,128.840911867309
13,991,73.5455431621086
14,991,98.488881742096
15,991,104.491119660894
16,991,128.307471071404
17,991,88.8207635955388
18,991,114.257717758024
1,992,118.760939056585
2,992,98.2336194503405
3,992,112.809119855492
4,992,150.580336031096
5,992,68.1871211430685
6,992,139.100217700752
7,992,127.473035745306
8,992,121.613702870872
9,992,84.6892331042148
10,992,151.665739011932
11,992,119.241025061304
12,992,129.7592733843
13,992,120.641777080067
14,992,92.4308571114982
15,992,98.0549515988429
16,992,109.153948472165
17,992,97.8016050645015
18,992,99.6042683760357
1,993,101.274028621102
2,993,73.5146460462257
3,993,140.101631921634
4,993,96.453691662993
5,993,90.671079730709
6,993,92.5568565078353
7,993,113.498626229129
8,993,97.6244771319128
9,993,74.6828769608606
10,993,119.946129135475
11,993,118.314092376292
12,993,72.5191803510264
13,993,95.8068942915875
14,993,67.0911766702919
15,993,78.2845807223568
16,993,91.8446637222183
17,993,99.8115402945746
18,993,103.568749545403
1,994,124.820060578742
2,994,95.6193564584448
3,994,111.417585273768
4,994,105.156067763431
5,994,133.934985963382
6,994,104.761387038123
7,994,111.965179750832
8,994,106.982778000547
9,994,106.561410863831
10,994,95.6697410507888
11,994,88.078638776581
12,994,123.18920859733
13,994,129.091810777891
14,994,104.29283595252
15,994,96.2220199998379
16,994,71.9266900196561
17,994,86.8177141717715
18,994,83.4963732408083
1,995,86.9244988478916
2,995,125.575268235965
3,995,120.977657722268
4,995,77.1971905681157
5,995,98.0065405065726
6,995,83.1950443518002
7,995,84.8827831280095
8,995,140.961931766803
9,995,118.678198093652
10,995,102.680802033355
11,995,88.0060733143132
12,995,121.819252336227
13,995,103.696661661316
14,995,95.8989115291802
15,995,81.2990255066223
16,995,115.238782239981
17,995,104.349827623719
18,995,118.169660857319
1,996,93.9508120255578
2,996,83.6386752477754
3,996,100.762515915784
4,996,103.962387726292
5,996,87.382820159054
6,996,118.738698647604
7,996,114.979415683547
8,996,86.6635347535283
9,996,151.196527808516
10,996,118.665029070021
11,996,126.937386693805
12,996,114.410274959417
13,996,126.140184994162
14,996,72.0654490790873
15,996,97.2918456629814
16,996,124.532746716716
17,996,72.5257812969038
18,996,128.951275537655
1,997,96.2847387028498
2,997,98.7570598495099
3,997,111.92453428693
4,997,130.66487688555
5,997,92.3889366305938
6,997,123.107583572674
7,997,122.773481526849
8,997,96.4582093178995
9,997,125.909557693927
10,997,115.900943965877
11,997,106.777121827144
12,997,111.773551264654
13,997,117.283922515363
14,997,74.0276257224745
15,997,126.79456220545
16,997,129.004009529964
17,997,103.120737025488
18,997,68.6621405216315
1,998,110.970400460239
2,998,98.3228554796017
3,998,87.8170485492958
4,998,104.615586036745
5,998,145.652749170682
6,998,108.296393926812
7,998,127.917089719693
8,998,120.272864089398
9,998,131.256876963524
10,998,141.580718062431
11,998,145.582442022727
12,998,97.5777394020505
13,998,111.93837554307
14,998,75.8975734512944
15,998,93.005099797628
16,998,111.952398504833
17,998,102.463701630591
18,998,98.3473463365519
1,999,97.3900691182568
2,999,79.4087042071997
3,999,111.256003255331
4,999,107.498678812522
5,999,148.121831946728
6,999,120.210588338639
7,999,108.097519994115
8,999,100.71983913664
9,999,92.5082801842837
10,999,98.3152154622067
11,999,83.3796107112649
12,999,74.4891123628341
13,999,147.455054018351
14,999,90.8017800043646
15,999,115.031325564153
16,999,100.321349672069
17,999,70.550512747148
18,999,124.525242212418
1,1000,138.323055396056
2,1000,123.149421764575
3,1000,71.6979339800638
4,1000,125.962445741143
5,1000,79.8023837822227
6,1000,138.353447758593
7,1000,103.203826539166
8,1000,107.839330960532
9,1000,114.264303454475
10,1000,144.751318047793
11,1000,111.643195664265
12,1000,131.576395012171
13,1000,109.615545320997
14,1000,84.4329508791212
15,1000,106.711398964135
16,1000,87.7882415194843
17,1000,99.4648891056793
18,1000,131.621971599133
