"year","iteration","bd_tpm3"
1,1,0.236065213204361
2,1,0.253590679740533
3,1,0.240314192263409
4,1,0.256905609140173
5,1,0.258916354950285
6,1,0.227594477478648
7,1,0.244483692081645
8,1,0.257234666553792
9,1,0.245300225506304
10,1,0.241981515735621
11,1,0.259489167087246
12,1,0.241866695466684
13,1,0.24971497224085
14,1,0.246042169068474
15,1,0.229602363893297
16,1,0.257493873964064
17,1,0.234613070702413
18,1,0.22747208367358
1,2,0.237477225174895
2,2,0.259407627720153
3,2,0.257133876062231
4,2,0.250248119215481
5,2,0.24841773848189
6,2,0.260799442181829
7,2,0.248949702969054
8,2,0.250798566385871
9,2,0.245042310864897
10,2,0.246794970715651
11,2,0.236120590805309
12,2,0.231148977655917
13,2,0.259705848138779
14,2,0.25758046657918
15,2,0.250174684744794
16,2,0.253841359619051
17,2,0.226861478957813
18,2,0.242722858988214
1,3,0.2525460838133
2,3,0.233574277754175
3,3,0.23713633526722
4,3,0.234106902487343
5,3,0.23099800078338
6,3,0.240509121753508
7,3,0.240480351420352
8,3,0.238909590782365
9,3,0.231335566170979
10,3,0.230858212220715
11,3,0.234156193480827
12,3,0.24230868575885
13,3,0.235309042412788
14,3,0.256023970037
15,3,0.227604090833571
16,3,0.241477002597181
17,3,0.253962369597517
18,3,0.230266474099131
1,4,0.245633179431548
2,4,0.233228598636575
3,4,0.230463607758516
4,4,0.252365775250597
5,4,0.257326587570366
6,4,0.239106197156012
7,4,0.249279031811981
8,4,0.229319423132343
9,4,0.239438937322935
10,4,0.235603427560069
11,4,0.254512401360786
12,4,0.241698071948718
13,4,0.254352252356708
14,4,0.254433632833185
15,4,0.253801981238881
16,4,0.24139410906611
17,4,0.252406630552374
18,4,0.248022739604581
1,5,0.250856384047307
2,5,0.226021867066389
3,5,0.242636080093449
4,5,0.233704160980647
5,5,0.239293578820303
6,5,0.247446985114599
7,5,0.238312926823506
8,5,0.229889739852166
9,5,0.234526681545191
10,5,0.249381945560686
11,5,0.240617637288757
12,5,0.253586854191031
13,5,0.229600262549007
14,5,0.241221245952416
15,5,0.260473494299455
16,5,0.257256789003965
17,5,0.257026417127578
18,5,0.23212684275955
1,6,0.230574349204777
2,6,0.248858567376388
3,6,0.238023076529149
4,6,0.248986534478841
5,6,0.237213063487085
6,6,0.232569189174334
7,6,0.253380300546065
8,6,0.22927582453494
9,6,0.242337266454939
10,6,0.243902691096533
11,6,0.24699961357424
12,6,0.237648823911091
13,6,0.243101456178352
14,6,0.259406583962496
15,6,0.242901583900908
16,6,0.257162257774267
17,6,0.258005336541915
18,6,0.247305724381236
1,7,0.240374142178567
2,7,0.231148314182879
3,7,0.258735493114451
4,7,0.236543011499103
5,7,0.228125220004236
6,7,0.259170442901319
7,7,0.251220869570039
8,7,0.230980300345924
9,7,0.245224962962326
10,7,0.259393193349475
11,7,0.246491917359177
12,7,0.240157859861152
13,7,0.248676271776436
14,7,0.237193721598247
15,7,0.236770200380357
16,7,0.233691867094254
17,7,0.238932110304246
18,7,0.26044767212146
1,8,0.231397080528783
2,8,0.22918653999595
3,8,0.230966741772369
4,8,0.250150248552905
5,8,0.247673976918682
6,8,0.257198794100201
7,8,0.249554968241369
8,8,0.251797720827395
9,8,0.244239750402281
10,8,0.249094345738646
11,8,0.254763191105099
12,8,0.253519854309503
13,8,0.260293767107883
14,8,0.241380103768548
15,8,0.236909577072598
16,8,0.240331623341423
17,8,0.226366348914104
18,8,0.232434733340284
1,9,0.255495526161045
2,9,0.234090662371833
3,9,0.234368498447817
4,9,0.228684190786676
5,9,0.234600328731118
6,9,0.251624732193537
7,9,0.255660860778531
8,9,0.243413454347989
9,9,0.239576816044515
10,9,0.234625714795198
11,9,0.229888376145624
12,9,0.239649805233581
13,9,0.246017735989531
14,9,0.233591246698285
15,9,0.241566880070837
16,9,0.233629673405318
17,9,0.243580484714126
18,9,0.238386660014745
1,10,0.248749480558559
2,10,0.239114988481393
3,10,0.23844058832759
4,10,0.244679078090936
5,10,0.251911702613812
6,10,0.233738602823811
7,10,0.240446114151506
8,10,0.235299034039723
9,10,0.248049056871328
10,10,0.232433997177519
11,10,0.256227543900255
12,10,0.252129880144726
13,10,0.249389962740475
14,10,0.247630625564139
15,10,0.239028332107933
16,10,0.244544249004917
17,10,0.256613882000325
18,10,0.246361253492301
1,11,0.255391871767584
2,11,0.236935685771983
3,11,0.250790161277633
4,11,0.235275623213034
5,11,0.246802011791384
6,11,0.242845143017126
7,11,0.235276145601179
8,11,0.245760665217182
9,11,0.257961587805999
10,11,0.25756560363248
11,11,0.235595831752522
12,11,0.237251896474278
13,11,0.260497430953197
14,11,0.247699765856611
15,11,0.258805993120419
16,11,0.242328644581372
17,11,0.240239140764112
18,11,0.249073061347241
1,12,0.23133213158953
2,12,0.246050347037613
3,12,0.234355410939548
4,12,0.259682562775211
5,12,0.247047800409142
6,12,0.244026040453697
7,12,0.240090066977078
8,12,0.25680862894305
9,12,0.238743215267546
10,12,0.236088374824263
11,12,0.231972583228722
12,12,0.232026011123322
13,12,0.242871491193306
14,12,0.234853772497969
15,12,0.233568917636527
16,12,0.249603173582815
17,12,0.227668226959882
18,12,0.250529858061578
1,13,0.23831610234594
2,13,0.240313039927511
3,13,0.254733296338469
4,13,0.258160007185303
5,13,0.23588849155372
6,13,0.259638667779742
7,13,0.251493804989383
8,13,0.250023127870169
9,13,0.227849537997041
10,13,0.239832704712404
11,13,0.242724588294746
12,13,0.24560886422894
13,13,0.250439155820292
14,13,0.258048923844704
15,13,0.247642292957986
16,13,0.240994752806379
17,13,0.244972812852589
18,13,0.22804674710054
1,14,0.235129989997018
2,14,0.239900318365777
3,14,0.232921065783827
4,14,0.255117464699084
5,14,0.231351052798796
6,14,0.254119648970896
7,14,0.245138915479416
8,14,0.249181117470376
9,14,0.232009447285906
10,14,0.248156937593827
11,14,0.23691544113704
12,14,0.251359402124304
13,14,0.239962893863209
14,14,0.259927474389784
15,14,0.259858942971565
16,14,0.25143458886561
17,14,0.235002586125862
18,14,0.233762577713002
1,15,0.246756597808795
2,15,0.235363250124734
3,15,0.244587463960284
4,15,0.253485208495054
5,15,0.23188212836883
6,15,0.240153971335618
7,15,0.242505169717129
8,15,0.256383738240926
9,15,0.258399778454565
10,15,0.256869214575505
11,15,0.249596539488062
12,15,0.259255844276864
13,15,0.244075571298832
14,15,0.246178165745456
15,15,0.237771592206787
16,15,0.23815636209934
17,15,0.226700850519352
18,15,0.243598456597188
1,16,0.256486519477563
2,16,0.226220527438214
3,16,0.228521999339806
4,16,0.23174739287491
5,16,0.25296169259958
6,16,0.251731450703461
7,16,0.260015647248598
8,16,0.242326533189276
9,16,0.228603457965888
10,16,0.248708634351147
11,16,0.252550760932732
12,16,0.230798712835182
13,16,0.239880460811779
14,16,0.233874486522051
15,16,0.228028549618553
16,16,0.239856244090712
17,16,0.228272490499308
18,16,0.233906025152188
1,17,0.227912018818548
2,17,0.249459871384548
3,17,0.236420962391654
4,17,0.229525255380664
5,17,0.228516643402632
6,17,0.256815419907449
7,17,0.252398659072584
8,17,0.254581206066301
9,17,0.2603749130785
10,17,0.22962598757376
11,17,0.229466464027297
12,17,0.253959106391063
13,17,0.253460134328576
14,17,0.226330046678428
15,17,0.253267305897549
16,17,0.251528672817163
17,17,0.248054614848457
18,17,0.242831879048841
1,18,0.231482289798092
2,18,0.226287543194136
3,18,0.241836043797899
4,18,0.243230266506085
5,18,0.23963554890384
6,18,0.242263307966292
7,18,0.25096476502507
8,18,0.227935567421606
9,18,0.238417408413021
10,18,0.254098429552047
11,18,0.25524980929587
12,18,0.234321229174035
13,18,0.23838951359177
14,18,0.255990989705548
15,18,0.255881718083052
16,18,0.236356340939179
17,18,0.231146691360278
18,18,0.250639722146094
1,19,0.229633234087611
2,19,0.227180472054984
3,19,0.260979158478091
4,19,0.227220618142979
5,19,0.237843694931595
6,19,0.258027231657412
7,19,0.247603234437061
8,19,0.236019987204578
9,19,0.251822909105336
10,19,0.25519190082117
11,19,0.236999477314763
12,19,0.243239829173777
13,19,0.250408081817674
14,19,0.248451182389632
15,19,0.24853730202443
16,19,0.260224869168829
17,19,0.240515736706089
18,19,0.230179167299299
1,20,0.244411038104678
2,20,0.23387756727892
3,20,0.243024411741877
4,20,0.23895751794707
5,20,0.260417256327579
6,20,0.239591169030406
7,20,0.234023569411598
8,20,0.24781541412021
9,20,0.230778906897409
10,20,0.259861432301346
11,20,0.24402751327632
12,20,0.231707461523125
13,20,0.247766580330441
14,20,0.260508395782905
15,20,0.249407003111206
16,20,0.240662056391826
17,20,0.237317074761027
18,20,0.255233936198289
1,21,0.231033596527064
2,21,0.232748558140825
3,21,0.257385853892425
4,21,0.236784184400691
5,21,0.238715519022895
6,21,0.253438126755878
7,21,0.2327682537972
8,21,0.226621803415706
9,21,0.240231275320053
10,21,0.242910868424457
11,21,0.240764573256252
12,21,0.237998308058828
13,21,0.256326916013146
14,21,0.241928781783441
15,21,0.244681770577095
16,21,0.259734516616678
17,21,0.253110703972867
18,21,0.233310672199819
1,22,0.236807539145462
2,22,0.259996985758422
3,22,0.24647150327242
4,22,0.252628826888045
5,22,0.239044828805141
6,22,0.252921786892926
7,22,0.244818701406708
8,22,0.257989840738242
9,22,0.232485375466291
10,22,0.235877644608496
11,22,0.229323684461648
12,22,0.233367047768785
13,22,0.260198464869987
14,22,0.236370576138375
15,22,0.251409405941609
16,22,0.253499074199004
17,22,0.229689621114172
18,22,0.234385812016204
1,23,0.235469070533523
2,23,0.229537047292339
3,23,0.230126984444447
4,23,0.26069327945495
5,23,0.260511900405632
6,23,0.230797361498931
7,23,0.257685835358221
8,23,0.246170564315049
9,23,0.239840710067889
10,23,0.241743086944567
11,23,0.250727566540241
12,23,0.228887596102664
13,23,0.237875940306345
14,23,0.249827564292587
15,23,0.237093223682838
16,23,0.255104900931707
17,23,0.233531022892799
18,23,0.243428212766536
1,24,0.235661738541909
2,24,0.23272081615543
3,24,0.259271744241938
4,24,0.237260393821867
5,24,0.242745973433135
6,24,0.226979740017792
7,24,0.245161081380444
8,24,0.248548407719005
9,24,0.246869224062189
10,24,0.237267808149569
11,24,0.257189000935992
12,24,0.247918993159197
13,24,0.236601672035409
14,24,0.239587163231568
15,24,0.231616628236603
16,24,0.256189316413598
17,24,0.259358542482601
18,24,0.245727563920897
1,25,0.23753415946872
2,25,0.260881602654932
3,25,0.234218688652851
4,25,0.247443518784363
5,25,0.229786248529796
6,25,0.24304613994807
7,25,0.229480603817152
8,25,0.231640801694244
9,25,0.23590475047729
10,25,0.246435531758703
11,25,0.251609768059803
12,25,0.231793231888674
13,25,0.256326371712144
14,25,0.250800094801467
15,25,0.252613983768038
16,25,0.231147943799384
17,25,0.238531993719749
18,25,0.249566636849428
1,26,0.244333791057812
2,26,0.238243062746711
3,26,0.234418574555544
4,26,0.228036712870467
5,26,0.234281690974254
6,26,0.2571527269613
7,26,0.254413959562313
8,26,0.252163071276387
9,26,0.231421910402365
10,26,0.23036597310123
11,26,0.260115403296892
12,26,0.241264549863059
13,26,0.242240581938764
14,26,0.231785432843259
15,26,0.246472779506817
16,26,0.235477230680641
17,26,0.234053392213769
18,26,0.250192274102243
1,27,0.235899833987001
2,27,0.254363932316424
3,27,0.229287081248127
4,27,0.25477105249092
5,27,0.240959989824565
6,27,0.252456054090522
7,27,0.24918349272944
8,27,0.241558458892629
9,27,0.247950116455555
10,27,0.22601628721715
11,27,0.23360352299083
12,27,0.250670528598363
13,27,0.233530827086885
14,27,0.254487680244725
15,27,0.236771735600429
16,27,0.250070993998321
17,27,0.258643837765791
18,27,0.230052288269158
1,28,0.230469699076144
2,28,0.249737835009815
3,28,0.241013200856047
4,28,0.255204034227878
5,28,0.260000332338037
6,28,0.228467114219908
7,28,0.242092481762171
8,28,0.25055547914491
9,28,0.22904290587781
10,28,0.260753040564246
11,28,0.234858464790974
12,28,0.227733845247654
13,28,0.25002137313853
14,28,0.253542457343079
15,28,0.238376212659292
16,28,0.238825450573582
17,28,0.236048504574224
18,28,0.228799051931361
1,29,0.238790899435058
2,29,0.232230483511463
3,29,0.24476188022201
4,29,0.243638204920804
5,29,0.259076228621649
6,29,0.237946244938299
7,29,0.242264982095454
8,29,0.228888591357041
9,29,0.256103739612969
10,29,0.239848122399068
11,29,0.251756477263058
12,29,0.2320110192094
13,29,0.241916657096241
14,29,0.25295716658025
15,29,0.228192749942187
16,29,0.254527852328261
17,29,0.236539988356177
18,29,0.238763485979522
1,30,0.236923947717529
2,30,0.2273079487707
3,30,0.244158172318945
4,30,0.249765469549689
5,30,0.257613174609374
6,30,0.226893434445607
7,30,0.260617739475798
8,30,0.236601066860836
9,30,0.258869844021043
10,30,0.250066265360452
11,30,0.24164629481989
12,30,0.254576734857634
13,30,0.227382471924881
14,30,0.251866108993068
15,30,0.238205182280159
16,30,0.255023778821575
17,30,0.244743948709453
18,30,0.235609087726567
1,31,0.254033187417313
2,31,0.229207564317854
3,31,0.255123772097519
4,31,0.235689927536529
5,31,0.252358853485435
6,31,0.259745339954039
7,31,0.228851329600671
8,31,0.255902766126906
9,31,0.254078337598126
10,31,0.239481076160679
11,31,0.237465908965329
12,31,0.233172854604432
13,31,0.245928393192822
14,31,0.25708193166554
15,31,0.244539993200684
16,31,0.24654355298751
17,31,0.249300729988841
18,31,0.244546236050315
1,32,0.24384450147883
2,32,0.226565616831882
3,32,0.227669849472819
4,32,0.2585272738887
5,32,0.252924993854482
6,32,0.233037821563426
7,32,0.248759152513463
8,32,0.248881833883002
9,32,0.239833881650353
10,32,0.254430668999208
11,32,0.245145819618134
12,32,0.256979642804014
13,32,0.245365989564685
14,32,0.257711683906615
15,32,0.246561147845583
16,32,0.240821227784269
17,32,0.25923548630462
18,32,0.250816326621221
1,33,0.240465689283097
2,33,0.226642742930213
3,33,0.245835692896741
4,33,0.243152220858261
5,33,0.256753590742825
6,33,0.254449844076531
7,33,0.255893499213504
8,33,0.238876358171925
9,33,0.256588246949483
10,33,0.231296836000634
11,33,0.23586340843956
12,33,0.249334680524422
13,33,0.260208425187971
14,33,0.24639589078282
15,33,0.244430652783718
16,33,0.228127377870493
17,33,0.259916360228322
18,33,0.230208299500169
1,34,0.229092715535313
2,34,0.256826744021615
3,34,0.243792972041061
4,34,0.237812324905768
5,34,0.257301711890846
6,34,0.227119006982772
7,34,0.23430303940922
8,34,0.250027162288548
9,34,0.233903644816251
10,34,0.237147310584784
11,34,0.232089433586458
12,34,0.254050035429187
13,34,0.231119872029172
14,34,0.254795108707855
15,34,0.237584924001945
16,34,0.239095928574912
17,34,0.248041089832783
18,34,0.229382181006018
1,35,0.226769780036062
2,35,0.260756567311706
3,35,0.246437859598314
4,35,0.253363807279617
5,35,0.257216364291031
6,35,0.252420290875249
7,35,0.260272130554309
8,35,0.227545147377765
9,35,0.257619030964794
10,35,0.2562925284917
11,35,0.253139265697915
12,35,0.239188574590022
13,35,0.227473781703971
14,35,0.238754387857858
15,35,0.23558129444276
16,35,0.255766361825168
17,35,0.238684059935855
18,35,0.23665672267112
1,36,0.252569736879319
2,36,0.25556921185134
3,36,0.242027254638029
4,36,0.251537108256249
5,36,0.229642752261367
6,36,0.233699411220383
7,36,0.259388293670723
8,36,0.252321313943481
9,36,0.254663438414224
10,36,0.240622198560974
11,36,0.246784347258741
12,36,0.253958824522793
13,36,0.257094302764395
14,36,0.239481705766171
15,36,0.229161272949073
16,36,0.2479010272983
17,36,0.252097267605364
18,36,0.228988246006425
1,37,0.236518116392195
2,37,0.247509675505804
3,37,0.252352622028207
4,37,0.258096999656642
5,37,0.242651267699199
6,37,0.24584918131493
7,37,0.251781712112948
8,37,0.256010659855325
9,37,0.257820127656683
10,37,0.227973377887625
11,37,0.24360179064353
12,37,0.238269067056477
13,37,0.255594464303227
14,37,0.254225230734097
15,37,0.230106592955068
16,37,0.250944029424805
17,37,0.234234410031
18,37,0.22862348629185
1,38,0.258747615153203
2,38,0.231500873880228
3,38,0.248647007250926
4,38,0.232073121115332
5,38,0.226702590321889
6,38,0.244245984622044
7,38,0.229019726264756
8,38,0.235905082111945
9,38,0.24071522153588
10,38,0.246554734346224
11,38,0.254234305036021
12,38,0.233069832310081
13,38,0.242079863510095
14,38,0.241685008985456
15,38,0.251681171537144
16,38,0.251016418369487
17,38,0.255092769260751
18,38,0.257029814231442
1,39,0.259342560089659
2,39,0.245271585264942
3,39,0.244281751814066
4,39,0.231974438935518
5,39,0.242774504599161
6,39,0.234883727877401
7,39,0.227392322295578
8,39,0.248218017842388
9,39,0.244884631991386
10,39,0.230903624247527
11,39,0.235929912189255
12,39,0.246406070832396
13,39,0.231775906227063
14,39,0.229370538874296
15,39,0.241001458197366
16,39,0.23845165480068
17,39,0.255572673895163
18,39,0.235104636578122
1,40,0.226810057226336
2,40,0.25618398388871
3,40,0.237710578642087
4,40,0.248112610510085
5,40,0.245124919056194
6,40,0.239175557261566
7,40,0.232505555527983
8,40,0.241012920690933
9,40,0.248077075949637
10,40,0.244229482293827
11,40,0.249086746801855
12,40,0.251527632596204
13,40,0.243038800567389
14,40,0.239455981548177
15,40,0.226239172809524
16,40,0.226128947965568
17,40,0.2608227754049
18,40,0.229776040805969
1,41,0.2406534205426
2,41,0.251125959131401
3,41,0.251988869628636
4,41,0.256519958829973
5,41,0.247275378636783
6,41,0.252467117295833
7,41,0.255653445432195
8,41,0.247447287714109
9,41,0.253762845872203
10,41,0.226799913920928
11,41,0.240592009237967
12,41,0.256620883561205
13,41,0.248657145544654
14,41,0.258356764536817
15,41,0.232027878361056
16,41,0.237053447619779
17,41,0.254148969773902
18,41,0.260613719391637
1,42,0.237283494315576
2,42,0.226041706993943
3,42,0.260725971675944
4,42,0.231192333712475
5,42,0.227727750401478
6,42,0.246907371891662
7,42,0.237246495521627
8,42,0.244477515011327
9,42,0.25383977071289
10,42,0.228412640888942
11,42,0.250325724405935
12,42,0.259202102757059
13,42,0.235721926108468
14,42,0.234729230483295
15,42,0.23158024180471
16,42,0.228507051960565
17,42,0.245510315408697
18,42,0.243144296806073
1,43,0.243300232666312
2,43,0.257093005480943
3,43,0.227284652593313
4,43,0.233131033474579
5,43,0.24398233987065
6,43,0.234271896115039
7,43,0.246140248445095
8,43,0.242879026901443
9,43,0.245927344105672
10,43,0.231045331028523
11,43,0.231099806690123
12,43,0.240429908954771
13,43,0.249905359886121
14,43,0.248869973714696
15,43,0.258059521656483
16,43,0.25445895963721
17,43,0.249656150043244
18,43,0.25426246882556
1,44,0.2304822546863
2,44,0.234777248689439
3,44,0.237604144705925
4,44,0.240254425148247
5,44,0.248237865193747
6,44,0.254301421571523
7,44,0.235058042047545
8,44,0.25468134989636
9,44,0.226541718413588
10,44,0.248904026830802
11,44,0.254410185449757
12,44,0.242147912438028
13,44,0.233119598557474
14,44,0.226656887601363
15,44,0.235909644402796
16,44,0.25803454189701
17,44,0.258679378218018
18,44,0.244988606480416
1,45,0.233679789109388
2,45,0.243129973140545
3,45,0.254040205765283
4,45,0.240267073022202
5,45,0.229629904841073
6,45,0.235819781116676
7,45,0.238651317720301
8,45,0.235073569437023
9,45,0.242473864174914
10,45,0.238804591563763
11,45,0.230244521899382
12,45,0.227644778818591
13,45,0.235197870646603
14,45,0.259902440879028
15,45,0.243097341882763
16,45,0.242723771040561
17,45,0.252207750840113
18,45,0.249367408096092
1,46,0.227729545886628
2,46,0.250328683554195
3,46,0.238714154835558
4,46,0.256944676258368
5,46,0.253135403037537
6,46,0.230872127446579
7,46,0.23632532449346
8,46,0.230412897489965
9,46,0.246646556832362
10,46,0.245658646309981
11,46,0.250105239204364
12,46,0.236894478316186
13,46,0.247195539451437
14,46,0.260686201162403
15,46,0.252012172031915
16,46,0.228654999562073
17,46,0.241790911724325
18,46,0.227873792709084
1,47,0.237884442991577
2,47,0.251688325208612
3,47,0.226143742916407
4,47,0.253016831880901
5,47,0.242204132392304
6,47,0.251229412250919
7,47,0.249327700102236
8,47,0.246022580221994
9,47,0.250633453252027
10,47,0.249002737116767
11,47,0.23612732507661
12,47,0.229403380948585
13,47,0.259684746237705
14,47,0.251771691019181
15,47,0.247445321399951
16,47,0.230197510828963
17,47,0.245259066627128
18,47,0.235196469723247
1,48,0.257442629091907
2,48,0.226321298103081
3,48,0.234268222757615
4,48,0.230551560836844
5,48,0.237418160134926
6,48,0.251423961089691
7,48,0.260711083238944
8,48,0.251029673471581
9,48,0.24365539338463
10,48,0.241261668513995
11,48,0.25920888377144
12,48,0.230206352067413
13,48,0.228630081181414
14,48,0.257115752247861
15,48,0.240855823327089
16,48,0.227482623757329
17,48,0.248660475027515
18,48,0.242401670685736
1,49,0.247627414316172
2,49,0.235478540138807
3,49,0.23150533503294
4,49,0.229998899457511
5,49,0.243768900210503
6,49,0.245181130062789
7,49,0.230922616630793
8,49,0.231941916753072
9,49,0.252669486310566
10,49,0.244458822921384
11,49,0.256134627515217
12,49,0.249574424575781
13,49,0.226456436038949
14,49,0.250261961547891
15,49,0.257209980625426
16,49,0.248114756136434
17,49,0.229755312922876
18,49,0.258237282134593
1,50,0.249637683340348
2,50,0.231200779940933
3,50,0.252086964480346
4,50,0.258990960165625
5,50,0.240727418146795
6,50,0.236420307735913
7,50,0.235079933455214
8,50,0.233800846091704
9,50,0.245797902021091
10,50,0.252482754648896
11,50,0.249436124107102
12,50,0.245128297800198
13,50,0.25440122802183
14,50,0.252570838071639
15,50,0.226702396316919
16,50,0.239331629504683
17,50,0.227780803976581
18,50,0.253926602804801
1,51,0.258329472461715
2,51,0.244990942966193
3,51,0.255832761005964
4,51,0.246424700215226
5,51,0.249391327522695
6,51,0.24389601087803
7,51,0.252696270625107
8,51,0.257617680076743
9,51,0.254716607926181
10,51,0.228500114736613
11,51,0.226136372006964
12,51,0.227826951554976
13,51,0.256329606290907
14,51,0.246168580912286
15,51,0.236984490021365
16,51,0.259581302432576
17,51,0.246691781495698
18,51,0.244599326752592
1,52,0.239437783503905
2,52,0.237184363032226
3,52,0.254293518935097
4,52,0.227467182446504
5,52,0.238730994315352
6,52,0.25598089384404
7,52,0.250428130247397
8,52,0.249957026554272
9,52,0.238180526845623
10,52,0.245413864029339
11,52,0.23080352661456
12,52,0.253472604471259
13,52,0.257040190005442
14,52,0.233143355915323
15,52,0.252971803650958
16,52,0.246872703626519
17,52,0.25951844098419
18,52,0.231554093916435
1,53,0.244409099595156
2,53,0.256560297863558
3,53,0.25643971245992
4,53,0.22682910251338
5,53,0.260156139271799
6,53,0.243157846937189
7,53,0.239620961306151
8,53,0.240614423596067
9,53,0.229252403717488
10,53,0.231663322356995
11,53,0.240189577330835
12,53,0.237963505545864
13,53,0.240534010862699
14,53,0.236641836418072
15,53,0.245609818811296
16,53,0.231455595270032
17,53,0.259480291744927
18,53,0.227538831887301
1,54,0.239025520995725
2,54,0.259691536949482
3,54,0.248589963050559
4,54,0.228144191501429
5,54,0.240348107497208
6,54,0.240906679692212
7,54,0.243785532964626
8,54,0.24173599687661
9,54,0.247814148422563
10,54,0.230899227586575
11,54,0.257778124028351
12,54,0.245930514616426
13,54,0.245189820087049
14,54,0.230088966788258
15,54,0.25267099163169
16,54,0.242742930634646
17,54,0.25336891201348
18,54,0.227610929201124
1,55,0.254694563372992
2,55,0.235429295660229
3,55,0.235899764508009
4,55,0.248512754581403
5,55,0.259184159322409
6,55,0.22624494590587
7,55,0.238306618520524
8,55,0.240666600371711
9,55,0.242025687897345
10,55,0.25090924027632
11,55,0.258194682018599
12,55,0.247948874520604
13,55,0.257576362241758
14,55,0.25250652057142
15,55,0.230825042798184
16,55,0.231363920730306
17,55,0.232695926540997
18,55,0.24116147992108
1,56,0.229052675564541
2,56,0.23383230003668
3,56,0.246025203783298
4,56,0.240005921243224
5,56,0.245791288323468
6,56,0.255036835754523
7,56,0.248473983681994
8,56,0.239702456309693
9,56,0.250835294915829
10,56,0.229808842558647
11,56,0.235576795698376
12,56,0.246785342643503
13,56,0.231606468470069
14,56,0.255870058357483
15,56,0.25567087052064
16,56,0.242726038438501
17,56,0.253079224284971
18,56,0.236339002817636
1,57,0.228296983913984
2,57,0.241418659369461
3,57,0.242173460024875
4,57,0.237932702956256
5,57,0.232479911154602
6,57,0.243744920440018
7,57,0.226671686072601
8,57,0.253079011382302
9,57,0.245588277773
10,57,0.248451192372246
11,57,0.242395124152768
12,57,0.235772833372699
13,57,0.242142579962034
14,57,0.253745841960423
15,57,0.246494795171544
16,57,0.239816564504523
17,57,0.25439330723742
18,57,0.237149708286393
1,58,0.246350656837691
2,58,0.241942113527562
3,58,0.235408120743465
4,58,0.245431202167179
5,58,0.234093080951367
6,58,0.245013151429826
7,58,0.241664954941021
8,58,0.230560084791156
9,58,0.247760409396375
10,58,0.245179799914127
11,58,0.231223547479836
12,58,0.245584105423419
13,58,0.240940995175857
14,58,0.241670553443488
15,58,0.255165317006409
16,58,0.251185554896016
17,58,0.241991036443738
18,58,0.244244249203708
1,59,0.234485997716198
2,59,0.228655129213817
3,59,0.239695328193717
4,59,0.226458787559764
5,59,0.256362481401535
6,59,0.260741548579186
7,59,0.250809938587714
8,59,0.254935042161029
9,59,0.257216369433096
10,59,0.244879375644028
11,59,0.245435975714587
12,59,0.235675395931117
13,59,0.249071927403798
14,59,0.234520233485615
15,59,0.236089317166712
16,59,0.251052333548665
17,59,0.251463677159278
18,59,0.232056506354362
1,60,0.236720894058468
2,60,0.238946754684672
3,60,0.228720254401211
4,60,0.250960256607737
5,60,0.245282295517623
6,60,0.230755288872402
7,60,0.260095729292603
8,60,0.245668710561236
9,60,0.253594328357372
10,60,0.255711992949015
11,60,0.256731462115655
12,60,0.254016673085513
13,60,0.248405197026674
14,60,0.248012471626513
15,60,0.235499315164285
16,60,0.227047893889481
17,60,0.240695247523487
18,60,0.238440213486552
1,61,0.239731593888951
2,61,0.232017789132893
3,61,0.237187474176986
4,61,0.240474427248351
5,61,0.252576749384403
6,61,0.235516157178441
7,61,0.230045385996578
8,61,0.227026781524997
9,61,0.254239935425809
10,61,0.242804425279843
11,61,0.254218677910045
12,61,0.228765198858688
13,61,0.230036809334066
14,61,0.230529570132727
15,61,0.25185619897116
16,61,0.252498448670609
17,61,0.260735935799545
18,61,0.247859354554908
1,62,0.236104153800057
2,62,0.232996912102913
3,62,0.254032124704914
4,62,0.251471694860607
5,62,0.233596679114504
6,62,0.252048347688047
7,62,0.256332879789639
8,62,0.244529201473575
9,62,0.246952349141007
10,62,0.258817131631309
11,62,0.259275343442801
12,62,0.249118630545214
13,62,0.228530030332273
14,62,0.254921605253126
15,62,0.242784042729996
16,62,0.239693007419351
17,62,0.23646929714852
18,62,0.234550788734574
1,63,0.24076335461135
2,63,0.25882195619191
3,63,0.235256979080383
4,63,0.245899906390347
5,63,0.233076459869277
6,63,0.232748196941335
7,63,0.251151411080733
8,63,0.236973126343451
9,63,0.230843654456781
10,63,0.228031074421247
11,63,0.258588487439789
12,63,0.245891830423148
13,63,0.230121962619247
14,63,0.245767806852469
15,63,0.244908966401359
16,63,0.254688888147008
17,63,0.250604282636428
18,63,0.245871193076251
1,64,0.251245824320009
2,64,0.252335547472118
3,64,0.239349790886277
4,64,0.236080359844724
5,64,0.244608916450758
6,64,0.235087612497387
7,64,0.255112661122344
8,64,0.240187735966407
9,64,0.228542117395205
10,64,0.25938155186153
11,64,0.233601432403317
12,64,0.240196884335252
13,64,0.247898391040741
14,64,0.247994168133242
15,64,0.237488353246823
16,64,0.230861832218012
17,64,0.258013000964653
18,64,0.246969058854971
1,65,0.252236248358618
2,65,0.258163416080875
3,65,0.244506788859377
4,65,0.239019256111002
5,65,0.228303291239077
6,65,0.255902947329683
7,65,0.243864395548822
8,65,0.233349932051729
9,65,0.239154520284152
10,65,0.233257792493328
11,65,0.242073428603122
12,65,0.234452578752767
13,65,0.230154161283514
14,65,0.228536420240067
15,65,0.250184644744964
16,65,0.236043516673613
17,65,0.231229437344242
18,65,0.260035120321205
1,66,0.240368003661511
2,66,0.24006348489807
3,66,0.248699472202221
4,66,0.258070700888289
5,66,0.233583174862666
6,66,0.245179960516049
7,66,0.251201766025275
8,66,0.239903610183625
9,66,0.229290048741037
10,66,0.248221374176443
11,66,0.226086758359103
12,66,0.23336831339309
13,66,0.24976579833217
14,66,0.256316619562218
15,66,0.253989399044309
16,66,0.230724873942323
17,66,0.23956243901886
18,66,0.253596517516067
1,67,0.250251978331013
2,67,0.246799553998513
3,67,0.230335017798003
4,67,0.245427733595949
5,67,0.241729398572585
6,67,0.252815828504041
7,67,0.226913420257857
8,67,0.23283100011549
9,67,0.256843209768645
10,67,0.229843055771431
11,67,0.259899282477796
12,67,0.239481950751739
13,67,0.256050699255662
14,67,0.257058466411196
15,67,0.243118202449055
16,67,0.251133213313529
17,67,0.243034695040202
18,67,0.260604810132878
1,68,0.22826628953591
2,68,0.231518197227502
3,68,0.253487201644108
4,68,0.244976590143284
5,68,0.240579157083062
6,68,0.260960892715026
7,68,0.234948559095152
8,68,0.24377564849006
9,68,0.228763991215033
10,68,0.254478392754914
11,68,0.239376270604786
12,68,0.254076394777745
13,68,0.232927327286685
14,68,0.2591239919574
15,68,0.238098536598496
16,68,0.244271758655319
17,68,0.229909080225276
18,68,0.257009119792143
1,69,0.259398924062494
2,69,0.227413326709298
3,69,0.243276566602523
4,69,0.233912229668582
5,69,0.256058011874789
6,69,0.244582750683418
7,69,0.226162335278001
8,69,0.235714602805907
9,69,0.237382110007107
10,69,0.246604719681432
11,69,0.234738964525983
12,69,0.227509104828583
13,69,0.229873757565161
14,69,0.250631383420201
15,69,0.258865743358852
16,69,0.236890915631317
17,69,0.228747252555564
18,69,0.23726104319701
1,70,0.24787169379089
2,70,0.241408464733046
3,70,0.254047085521976
4,70,0.235774933176814
5,70,0.245974961768603
6,70,0.227474480421748
7,70,0.232675110941287
8,70,0.251448026474332
9,70,0.254934151760768
10,70,0.243875237637199
11,70,0.245870415801415
12,70,0.226040453691036
13,70,0.231032233610982
14,70,0.256308847905835
15,70,0.22888963711937
16,70,0.234559973872034
17,70,0.260354010511888
18,70,0.24621534478059
1,71,0.234705422756029
2,71,0.247523388382047
3,71,0.227111506226007
4,71,0.231124824049417
5,71,0.250607554089744
6,71,0.228294624798233
7,71,0.247763247180497
8,71,0.258806457788683
9,71,0.229076311517507
10,71,0.260048122826498
11,71,0.226910374867963
12,71,0.251382978320122
13,71,0.241879723706748
14,71,0.245816384174628
15,71,0.256545586619992
16,71,0.245409711286426
17,71,0.251817827254068
18,71,0.247809520670213
1,72,0.23688599420269
2,72,0.2397268769613
3,72,0.23307306094002
4,72,0.255847313635983
5,72,0.247239055278711
6,72,0.252463430484291
7,72,0.245688088305993
8,72,0.235656465448206
9,72,0.251744544127956
10,72,0.245224792785244
11,72,0.238114446538035
12,72,0.244023797217757
13,72,0.254551878165454
14,72,0.244419539926108
15,72,0.233106401745696
16,72,0.255683768815594
17,72,0.238967297526775
18,72,0.236616380980937
1,73,0.252970896642888
2,73,0.251670699424809
3,73,0.255361709939549
4,73,0.245916709484532
5,73,0.226919829340419
6,73,0.243014452988515
7,73,0.244993836147711
8,73,0.255283104091883
9,73,0.25150325883436
10,73,0.245428983239923
11,73,0.228569503909908
12,73,0.230777580472874
13,73,0.24996130436915
14,73,0.229486767767463
15,73,0.233132506680209
16,73,0.23880930484063
17,73,0.255616851516766
18,73,0.234290540842572
1,74,0.250670724770986
2,74,0.229766309077619
3,74,0.253267410401255
4,74,0.234928698917152
5,74,0.245181516410317
6,74,0.227186553227017
7,74,0.254213831664762
8,74,0.237821348251542
9,74,0.258070005030837
10,74,0.238498724625912
11,74,0.260137775459094
12,74,0.239453248292208
13,74,0.243103573731147
14,74,0.243177168094786
15,74,0.226428911845665
16,74,0.248451562022325
17,74,0.243940124007873
18,74,0.237212324138032
1,75,0.246350160518428
2,75,0.247607054290362
3,75,0.241339608818758
4,75,0.231962914321572
5,75,0.251027817381779
6,75,0.25217252920405
7,75,0.255537014784291
8,75,0.244716566644143
9,75,0.2365782341538
10,75,0.241978136372287
11,75,0.239451988706365
12,75,0.234716639913619
13,75,0.248911936067976
14,75,0.259436329560354
15,75,0.236187903505284
16,75,0.248756618029671
17,75,0.244772597580682
18,75,0.246910815331154
1,76,0.22687143943063
2,76,0.226169460884063
3,76,0.230598238903563
4,76,0.22686859863135
5,76,0.229224530817242
6,76,0.242644537844695
7,76,0.232882986642886
8,76,0.254513588199858
9,76,0.234542072983691
10,76,0.243108267328003
11,76,0.24871088678739
12,76,0.231555076450109
13,76,0.255294226883212
14,76,0.24128087854269
15,76,0.234172343377955
16,76,0.236459959721193
17,76,0.231579746789299
18,76,0.246494848645758
1,77,0.231207229198422
2,77,0.232267084589927
3,77,0.23787275267439
4,77,0.232436567859491
5,77,0.240193953276845
6,77,0.24747458664258
7,77,0.249998496703571
8,77,0.254823396004736
9,77,0.239089373982511
10,77,0.259349435160635
11,77,0.226659125564853
12,77,0.247433124031173
13,77,0.242225081734592
14,77,0.238415536717745
15,77,0.256884806008544
16,77,0.228653100045864
17,77,0.2569151917079
18,77,0.232587764251744
1,78,0.233527336138301
2,78,0.256433630204061
3,78,0.22812933196919
4,78,0.234221486025723
5,78,0.260755542948842
6,78,0.249736920472002
7,78,0.241242038017605
8,78,0.239205847967183
9,78,0.24214144085208
10,78,0.254064815507969
11,78,0.249203844133532
12,78,0.242310128242476
13,78,0.227864080277737
14,78,0.234301927142311
15,78,0.234163390815025
16,78,0.234072876026854
17,78,0.228160419588909
18,78,0.243399151324062
1,79,0.234544378103688
2,79,0.252536493862513
3,79,0.245155593713513
4,79,0.259182341370266
5,79,0.229016026732512
6,79,0.259175890474813
7,79,0.251283960382221
8,79,0.258270161164925
9,79,0.247484433028381
10,79,0.231633827546844
11,79,0.232402924226131
12,79,0.251556424671086
13,79,0.246633397767087
14,79,0.236936882691458
15,79,0.253047803963069
16,79,0.237770437075756
17,79,0.255948684186675
18,79,0.246318497272674
1,80,0.240550292799249
2,80,0.258640047485475
3,80,0.242194459451363
4,80,0.22947712154733
5,80,0.242290727712912
6,80,0.260442935016705
7,80,0.258384550307179
8,80,0.241238956722897
9,80,0.25644022505288
10,80,0.2365123960122
11,80,0.253929042091127
12,80,0.254017874918878
13,80,0.239542399365688
14,80,0.239355639328947
15,80,0.248593046496622
16,80,0.256158360898495
17,80,0.248982143481495
18,80,0.2440714125745
1,81,0.231207355419407
2,81,0.247446806601016
3,81,0.227468838664005
4,81,0.243442564741941
5,81,0.251882787756855
6,81,0.252386492279125
7,81,0.228208280941704
8,81,0.241486867668806
9,81,0.243523509471212
10,81,0.235458508512471
11,81,0.246958075217204
12,81,0.251754316919483
13,81,0.250975223414367
14,81,0.230077252789866
15,81,0.246129221641691
16,81,0.253934619552689
17,81,0.234113832882373
18,81,0.251369953893824
1,82,0.255330811924301
2,82,0.230159349977272
3,82,0.259563263881952
4,82,0.252171760453144
5,82,0.254381131757051
6,82,0.23264712031954
7,82,0.226908907211851
8,82,0.256232380228117
9,82,0.258171295288717
10,82,0.230816979576135
11,82,0.242717701766174
12,82,0.242203652509721
13,82,0.250506251388229
14,82,0.228295121541247
15,82,0.251656399766449
16,82,0.239857605662197
17,82,0.242152074568672
18,82,0.251385477714008
1,83,0.242450092645828
2,83,0.260983339213068
3,83,0.255607752710581
4,83,0.254987255631946
5,83,0.252657552050892
6,83,0.229923727213405
7,83,0.255364195675589
8,83,0.254484768344788
9,83,0.260699426797451
10,83,0.227691008368507
11,83,0.25213757693558
12,83,0.240675973255653
13,83,0.246375036401674
14,83,0.255075692178449
15,83,0.226473571957555
16,83,0.22640326171089
17,83,0.260875599754741
18,83,0.252799138347851
1,84,0.237013191372622
2,84,0.254420411052648
3,84,0.260692672609817
4,84,0.23302658575261
5,84,0.248611302708974
6,84,0.241314275511773
7,84,0.25883098915359
8,84,0.260580115688732
9,84,0.241971184634836
10,84,0.234071523011895
11,84,0.250342124398099
12,84,0.245482132061385
13,84,0.246464853132144
14,84,0.241177093641832
15,84,0.240916126846801
16,84,0.246889903841307
17,84,0.241822995470371
18,84,0.259481303052977
1,85,0.255555062250001
2,85,0.233796901093097
3,85,0.240705956195248
4,85,0.240699402743718
5,85,0.226727679710835
6,85,0.239315678933868
7,85,0.240782194965519
8,85,0.232699912219774
9,85,0.250686524861027
10,85,0.226473216633545
11,85,0.251592108701821
12,85,0.241145343429176
13,85,0.251593403255334
14,85,0.22648795433715
15,85,0.227585965796839
16,85,0.240644503175514
17,85,0.24853440007451
18,85,0.233692782495869
1,86,0.25517049284908
2,86,0.25031685597403
3,86,0.25746935698227
4,86,0.240498409985099
5,86,0.240385164614068
6,86,0.23475052462914
7,86,0.239081846366404
8,86,0.234116245643469
9,86,0.258606110762572
10,86,0.242672066430328
11,86,0.227668275104603
12,86,0.253073586960323
13,86,0.237589106529718
14,86,0.245350676471367
15,86,0.249671568512218
16,86,0.235706702980911
17,86,0.227849948742893
18,86,0.24090155042964
1,87,0.247354146871017
2,87,0.260161611227319
3,87,0.259943004207686
4,87,0.229096959507093
5,87,0.243443301304011
6,87,0.239849127872381
7,87,0.239661617517937
8,87,0.237147482179804
9,87,0.249890126898186
10,87,0.235961521765217
11,87,0.239653314998373
12,87,0.26065589961037
13,87,0.253720200602198
14,87,0.236934180304175
15,87,0.254599120563595
16,87,0.233731842027279
17,87,0.243537583709927
18,87,0.231844030370936
1,88,0.230188071807148
2,88,0.257416348870844
3,88,0.229280020753155
4,88,0.256277049483266
5,88,0.235680701229954
6,88,0.226954929245636
7,88,0.253558473717654
8,88,0.238553110492881
9,88,0.22687860380183
10,88,0.252113275928656
11,88,0.227036895200377
12,88,0.241185269084759
13,88,0.23498193915491
14,88,0.243430532734143
15,88,0.248867433070205
16,88,0.228927990998141
17,88,0.232316536160884
18,88,0.229656187555753
1,89,0.254433754433645
2,89,0.247962585457368
3,89,0.248070037008962
4,89,0.239681144757429
5,89,0.241128875082592
6,89,0.238202190079261
7,89,0.253774521553656
8,89,0.257042763922596
9,89,0.248789448035182
10,89,0.246750214249128
11,89,0.237473773284815
12,89,0.228649127878249
13,89,0.246698553472757
14,89,0.232241786723258
15,89,0.251947254344355
16,89,0.236285667284625
17,89,0.248371503374306
18,89,0.230368783903774
1,90,0.234934302431298
2,90,0.254720114056487
3,90,0.254132313754177
4,90,0.227604212075472
5,90,0.256643610265106
6,90,0.230480318148853
7,90,0.247309099124046
8,90,0.242434840564616
9,90,0.245505187995965
10,90,0.251563747460255
11,90,0.24244505410688
12,90,0.260601352065802
13,90,0.260463393458864
14,90,0.239764963835711
15,90,0.24730964981392
16,90,0.238091930552851
17,90,0.241298939674394
18,90,0.234019618716789
1,91,0.226212528683478
2,91,0.226835691087414
3,91,0.22805654499121
4,91,0.252760147578316
5,91,0.24241654019244
6,91,0.255779115808196
7,91,0.24636017867038
8,91,0.232541089183884
9,91,0.247317134248093
10,91,0.257266960659996
11,91,0.253801240806002
12,91,0.24364324918855
13,91,0.240805989580927
14,91,0.248903345071245
15,91,0.257070848006057
16,91,0.257220576489577
17,91,0.2322436688249
18,91,0.235012584866723
1,92,0.229970347666182
2,92,0.253900563551812
3,92,0.229833847107599
4,92,0.255017509316327
5,92,0.252986620392418
6,92,0.25902912915824
7,92,0.242343515774934
8,92,0.258894947662717
9,92,0.253481402984122
10,92,0.256611275625415
11,92,0.239806192870252
12,92,0.229489470627392
13,92,0.235693649715045
14,92,0.251277771789115
15,92,0.238470681279665
16,92,0.239394915919052
17,92,0.227118902780581
18,92,0.244250585042406
1,93,0.230237726860447
2,93,0.256981446177466
3,93,0.228612620465225
4,93,0.253447978137061
5,93,0.255894630589988
6,93,0.227301235972205
7,93,0.235630022832425
8,93,0.24847244821745
9,93,0.253477742583724
10,93,0.240002194916829
11,93,0.258735581540037
12,93,0.23966809397703
13,93,0.240838575749891
14,93,0.236024759537773
15,93,0.247411194298416
16,93,0.245558445852017
17,93,0.22739884972712
18,93,0.252084868139587
1,94,0.233227059724974
2,94,0.248977358778007
3,94,0.244284513494
4,94,0.248170280469582
5,94,0.247614709683927
6,94,0.235971344160149
7,94,0.233833252785495
8,94,0.244865677436115
9,94,0.260873019204242
10,94,0.237512078790693
11,94,0.2373167630916
12,94,0.227236323125195
13,94,0.244396414838498
14,94,0.246888242025394
15,94,0.251973033071496
16,94,0.259349299535621
17,94,0.243136743324809
18,94,0.228915057091741
1,95,0.235097479964839
2,95,0.256619631896261
3,95,0.255822069773218
4,95,0.255501663260162
5,95,0.259141628612066
6,95,0.248843857216649
7,95,0.243085444782861
8,95,0.232571484523593
9,95,0.250956157127162
10,95,0.22897744897427
11,95,0.242141979196109
12,95,0.258756755731534
13,95,0.255585278375307
14,95,0.251066535092192
15,95,0.230333222190617
16,95,0.246818961145123
17,95,0.260644848050084
18,95,0.247539297074778
1,96,0.235557718344731
2,96,0.228229739511386
3,96,0.22853061464522
4,96,0.256572892491473
5,96,0.238698874884518
6,96,0.259096775220474
7,96,0.245541162899695
8,96,0.243943140281132
9,96,0.259172008224064
10,96,0.229843055844773
11,96,0.254661764268763
12,96,0.239206973737106
13,96,0.245482436673716
14,96,0.236985491534229
15,96,0.228882000810932
16,96,0.253297813979676
17,96,0.232763215494575
18,96,0.24894549136539
1,97,0.241230146866525
2,97,0.232900191429304
3,97,0.260813114777207
4,97,0.241636000324739
5,97,0.227099933247315
6,97,0.258795579534722
7,97,0.256484438400017
8,97,0.247043619918637
9,97,0.236465540972073
10,97,0.254327119630994
11,97,0.25932498347736
12,97,0.255821888994193
13,97,0.230455840755254
14,97,0.25991088224249
15,97,0.245498535305029
16,97,0.226187755657826
17,97,0.230751737188781
18,97,0.226204648554791
1,98,0.254590592176188
2,98,0.253375725575257
3,98,0.258587320003659
4,98,0.238904145881766
5,98,0.260105920596048
6,98,0.254831028866116
7,98,0.253560710214311
8,98,0.247798904213356
9,98,0.259857422509464
10,98,0.243497147172689
11,98,0.257279345987132
12,98,0.240036513643805
13,98,0.241663956337376
14,98,0.258752267874312
15,98,0.249916626907885
16,98,0.226635709555354
17,98,0.231793435118394
18,98,0.243354207461467
1,99,0.240928732981207
2,99,0.260721859222045
3,99,0.257113254337106
4,99,0.238101437994279
5,99,0.250704544375418
6,99,0.257805364047177
7,99,0.249670251051662
8,99,0.2483685094947
9,99,0.231236158446642
10,99,0.247039388651261
11,99,0.235546293255407
12,99,0.242024867986562
13,99,0.23377885826421
14,99,0.234922253090423
15,99,0.248879070451017
16,99,0.24251976063964
17,99,0.2316337062479
18,99,0.235522811711067
1,100,0.250953463255661
2,100,0.247467377826339
3,100,0.230624268817715
4,100,0.228450253862189
5,100,0.259819275454152
6,100,0.238889459729195
7,100,0.249710892961826
8,100,0.25560831056349
9,100,0.234457763486076
10,100,0.227230284686899
11,100,0.246833408285398
12,100,0.255266689480282
13,100,0.238678722358542
14,100,0.237626598668518
15,100,0.248565771575319
16,100,0.259551529787946
17,100,0.246867126996163
18,100,0.243859800629085
1,101,0.231434244757053
2,101,0.255604785193223
3,101,0.233503314897185
4,101,0.249445563568966
5,101,0.247621475793654
6,101,0.227749992194818
7,101,0.259228957145475
8,101,0.246389321106486
9,101,0.25613340179692
10,101,0.244146353727207
11,101,0.235314461920876
12,101,0.246908218221739
13,101,0.253845162946032
14,101,0.250125011315336
15,101,0.242822107561165
16,101,0.242307528606849
17,101,0.247644431730965
18,101,0.241724468000699
1,102,0.247094763644505
2,102,0.226161314093275
3,102,0.260824807938421
4,102,0.24022618569457
5,102,0.230128307299688
6,102,0.256433868336258
7,102,0.244906753479969
8,102,0.256855918377638
9,102,0.227313894366613
10,102,0.256850188675104
11,102,0.251282238442451
12,102,0.252943360380828
13,102,0.256225779813481
14,102,0.24352597361221
15,102,0.258405240851222
16,102,0.233282613459975
17,102,0.226948695783736
18,102,0.237052757523721
1,103,0.249103928738274
2,103,0.237014195525786
3,103,0.259056148573523
4,103,0.253263970294734
5,103,0.237880093619693
6,103,0.242857619263465
7,103,0.240559817956761
8,103,0.253171686481452
9,103,0.242989945207024
10,103,0.226535468645394
11,103,0.248485795330722
12,103,0.234219049469335
13,103,0.252145905907033
14,103,0.236346258108038
15,103,0.257717636706308
16,103,0.25586634062836
17,103,0.242168732193764
18,103,0.228497188689886
1,104,0.246223130355589
2,104,0.246285276690265
3,104,0.260775187192718
4,104,0.237734604503727
5,104,0.249338062096154
6,104,0.258849460069556
7,104,0.246119989223313
8,104,0.250209899486741
9,104,0.229141550547443
10,104,0.256326073562028
11,104,0.243539878888056
12,104,0.233813969944837
13,104,0.240434673456708
14,104,0.25702071978501
15,104,0.243345770302927
16,104,0.249546380471671
17,104,0.235887655328494
18,104,0.254597040602472
1,105,0.234613480910426
2,105,0.238937616787385
3,105,0.234243353825528
4,105,0.25875149240857
5,105,0.240527688991511
6,105,0.230810729188612
7,105,0.258002765305806
8,105,0.2381674481628
9,105,0.255852580650477
10,105,0.230992231256329
11,105,0.238580150484573
12,105,0.234592677363195
13,105,0.227606708128238
14,105,0.253459176576231
15,105,0.232971010707784
16,105,0.239714758548886
17,105,0.237324678562814
18,105,0.247073706677416
1,106,0.244944508784916
2,106,0.260678830644116
3,106,0.234882686719298
4,106,0.251734446261777
5,106,0.260216285636649
6,106,0.245531618461479
7,106,0.239744785583112
8,106,0.254864124075044
9,106,0.229933456130326
10,106,0.244752226643264
11,106,0.24153410547087
12,106,0.235588502444094
13,106,0.231507513752673
14,106,0.256514332579915
15,106,0.245671569972998
16,106,0.245274141539354
17,106,0.246732784996508
18,106,0.251473450195277
1,107,0.248362384961452
2,107,0.247505755769322
3,107,0.227834589770297
4,107,0.245780521353241
5,107,0.246556948310696
6,107,0.24799984762934
7,107,0.247766172575299
8,107,0.228879451471381
9,107,0.228717491425574
10,107,0.250048314143438
11,107,0.255060625733109
12,107,0.231106845630799
13,107,0.253423552530818
14,107,0.24302575276955
15,107,0.260624278690899
16,107,0.24346867340873
17,107,0.2456791187278
18,107,0.239238995721331
1,108,0.244152301906375
2,108,0.228599932726007
3,108,0.244846532045864
4,108,0.259637135028839
5,108,0.244473354885355
6,108,0.241300580816111
7,108,0.227129344879882
8,108,0.22732069632411
9,108,0.227657190287951
10,108,0.231633566246834
11,108,0.242418408766622
12,108,0.254207339119399
13,108,0.235820913063595
14,108,0.252417439482175
15,108,0.244263903519837
16,108,0.23611315176147
17,108,0.226608202051371
18,108,0.249392233544728
1,109,0.228344158764463
2,109,0.255273524938617
3,109,0.230737010453828
4,109,0.248955733796116
5,109,0.255328170508379
6,109,0.235017679862445
7,109,0.230759834979195
8,109,0.252722094498109
9,109,0.233419868166326
10,109,0.235378935972927
11,109,0.244614091812633
12,109,0.242594090359285
13,109,0.239070528274402
14,109,0.253137247498613
15,109,0.245537138952874
16,109,0.231433281740407
17,109,0.260629645694513
18,109,0.234555625062436
1,110,0.230563247926999
2,110,0.233443839738844
3,110,0.239300148692215
4,110,0.238586740908446
5,110,0.236593171713408
6,110,0.22755398997711
7,110,0.258717417347012
8,110,0.245905096045695
9,110,0.233728096077917
10,110,0.25672864113492
11,110,0.24235510822176
12,110,0.244982243513456
13,110,0.253453936086968
14,110,0.24867545953393
15,110,0.231071260146797
16,110,0.237257308200002
17,110,0.259286945391446
18,110,0.232586947184987
1,111,0.252264148696791
2,111,0.242070546634728
3,111,0.230947776712943
4,111,0.233181757661747
5,111,0.249635272486135
6,111,0.230831057367846
7,111,0.240544029528042
8,111,0.241793646113016
9,111,0.247803129939362
10,111,0.23479110040958
11,111,0.242245371230179
12,111,0.231792823017109
13,111,0.256023225871846
14,111,0.231479316405253
15,111,0.229091607179958
16,111,0.257269622016698
17,111,0.236521717793308
18,111,0.252323033487424
1,112,0.240056232679868
2,112,0.24169953371305
3,112,0.231588589307154
4,112,0.23105805479479
5,112,0.231221313721268
6,112,0.244005199094769
7,112,0.243248955719406
8,112,0.247571996898856
9,112,0.241659801174188
10,112,0.227948685032548
11,112,0.226188870833954
12,112,0.233764197039651
13,112,0.255783712838544
14,112,0.23535711721424
15,112,0.246951009563869
16,112,0.247300989403389
17,112,0.260725545414258
18,112,0.23269164862833
1,113,0.252368670461234
2,113,0.234483556800056
3,113,0.237460827700794
4,113,0.22612374231359
5,113,0.260909845025977
6,113,0.241332082653185
7,113,0.260919106072048
8,113,0.232885170920286
9,113,0.229901687851176
10,113,0.234775775769027
11,113,0.249816681108437
12,113,0.246203900386114
13,113,0.24057215536735
14,113,0.251521343525033
15,113,0.246096640655538
16,113,0.246217230215203
17,113,0.24664996946021
18,113,0.233802491902839
1,114,0.22962223045202
2,114,0.251777710942784
3,114,0.247434131468413
4,114,0.259292432618327
5,114,0.259595655296231
6,114,0.252069261753
7,114,0.241219055098714
8,114,0.232117129806662
9,114,0.241235082409345
10,114,0.252686036571627
11,114,0.258166025886545
12,114,0.25773441540217
13,114,0.254542949014809
14,114,0.232991352993064
15,114,0.227736895486247
16,114,0.242763198396657
17,114,0.246663767909864
18,114,0.229381708253874
1,115,0.259281158221653
2,115,0.231696009851526
3,115,0.258252719191602
4,115,0.230472127548652
5,115,0.24919588566781
6,115,0.253441467460012
7,115,0.252761460662819
8,115,0.249539960868657
9,115,0.230048306583427
10,115,0.255795552063733
11,115,0.247628655819222
12,115,0.255274404459866
13,115,0.231947487866506
14,115,0.226359842702746
15,115,0.237321440594038
16,115,0.235438895357307
17,115,0.254884147462668
18,115,0.258678160795476
1,116,0.23047270192788
2,116,0.257966816218337
3,116,0.247183188171126
4,116,0.24000998082594
5,116,0.249302835619543
6,116,0.252865974701941
7,116,0.244266349504702
8,116,0.239807763098739
9,116,0.259802539174212
10,116,0.227714493922191
11,116,0.231365789508214
12,116,0.250389367293334
13,116,0.251472505562939
14,116,0.229793279541424
15,116,0.242259899095166
16,116,0.24847439376777
17,116,0.23989888282516
18,116,0.260665058996761
1,117,0.249754808346275
2,117,0.23703614601423
3,117,0.231381924101384
4,117,0.236543810751988
5,117,0.229308043571888
6,117,0.226940642739879
7,117,0.236866915651131
8,117,0.251985360401683
9,117,0.259603227430722
10,117,0.240553093195427
11,117,0.244278239254141
12,117,0.228363190507749
13,117,0.24804446319025
14,117,0.238369482552167
15,117,0.240865012824303
16,117,0.25973190767481
17,117,0.249834947042633
18,117,0.251146235955181
1,118,0.231972041788045
2,118,0.233126318119699
3,118,0.256679239917081
4,118,0.25531328839506
5,118,0.251221946486272
6,118,0.235837217988679
7,118,0.233349681386258
8,118,0.243295261186082
9,118,0.244261348288506
10,118,0.233694113410544
11,118,0.252708734582644
12,118,0.226858187857084
13,118,0.250902008080389
14,118,0.255431065970566
15,118,0.258578737522708
16,118,0.249173207654618
17,118,0.235447977677919
18,118,0.233638171111466
1,119,0.256373635990545
2,119,0.226860004309798
3,119,0.255750935353804
4,119,0.244337657694938
5,119,0.241241194564151
6,119,0.258595316126244
7,119,0.231759263857035
8,119,0.239257593722083
9,119,0.230831572796684
10,119,0.231240237701219
11,119,0.249675653658574
12,119,0.245674065455329
13,119,0.242507695497712
14,119,0.254388505901676
15,119,0.259683598628268
16,119,0.244039345941506
17,119,0.250630296936957
18,119,0.232330782850273
1,120,0.238423843148863
2,120,0.227746597625315
3,120,0.231339379594661
4,120,0.229474510152591
5,120,0.235805182664422
6,120,0.239560757074738
7,120,0.248195557523519
8,120,0.2507472263081
9,120,0.237410641156835
10,120,0.259781416028505
11,120,0.250375905661145
12,120,0.23163773679547
13,120,0.238917178457137
14,120,0.23657762157172
15,120,0.242028801861685
16,120,0.254814896122785
17,120,0.234138877280289
18,120,0.240081277884543
1,121,0.260006448102882
2,121,0.230354726109887
3,121,0.248060152681079
4,121,0.250635345205897
5,121,0.246692009946797
6,121,0.260878069494152
7,121,0.227586763550295
8,121,0.260652538826922
9,121,0.25208572082594
10,121,0.241286235922249
11,121,0.231355229206616
12,121,0.241710281141801
13,121,0.232521364940563
14,121,0.24092920038756
15,121,0.254727295328863
16,121,0.227763261997839
17,121,0.237388375307433
18,121,0.255484417532803
1,122,0.227406992753036
2,122,0.253715553642483
3,122,0.259656995312776
4,122,0.249132217061939
5,122,0.226305109668989
6,122,0.242302622848889
7,122,0.251081484704278
8,122,0.226986373843625
9,122,0.255591889554868
10,122,0.252124539315933
11,122,0.235241076752078
12,122,0.252106978667667
13,122,0.249505386497127
14,122,0.232021845667856
15,122,0.24944007639098
16,122,0.258562391102547
17,122,0.255784116543597
18,122,0.253337563232286
1,123,0.250004481594311
2,123,0.246697918920778
3,123,0.240114562592004
4,123,0.230492183940019
5,123,0.254705756254494
6,123,0.251085216531297
7,123,0.253591369836591
8,123,0.226641060040798
9,123,0.232107154934434
10,123,0.246952713893494
11,123,0.228822358800331
12,123,0.250756057963241
13,123,0.245728407097282
14,123,0.235898276821477
15,123,0.239721986800665
16,123,0.249545485874638
17,123,0.231676288354443
18,123,0.229797566621797
1,124,0.244670548049267
2,124,0.229611968512414
3,124,0.22926963298372
4,124,0.248397379971808
5,124,0.24574148529931
6,124,0.236693778182613
7,124,0.235310316096526
8,124,0.248137527635787
9,124,0.255076524174307
10,124,0.227797446534038
11,124,0.260731726265745
12,124,0.226773051750148
13,124,0.232294361116597
14,124,0.237504222620279
15,124,0.255921350086806
16,124,0.232452610963024
17,124,0.253837484588381
18,124,0.2560598248397
1,125,0.242520683685085
2,125,0.248687099375762
3,125,0.237376458959421
4,125,0.242314811033662
5,125,0.25898425492947
6,125,0.234591250452446
7,125,0.226785997073399
8,125,0.259847514068475
9,125,0.235101709993556
10,125,0.248893752577947
11,125,0.228638343314175
12,125,0.259923613465158
13,125,0.258148876334541
14,125,0.256385338767665
15,125,0.24085326411901
16,125,0.25333611915959
17,125,0.236496706244303
18,125,0.236130847594701
1,126,0.260974584159208
2,126,0.260546302277595
3,126,0.24280162194185
4,126,0.252679627317935
5,126,0.237501417375403
6,126,0.234268359653885
7,126,0.247625101063401
8,126,0.237915724290302
9,126,0.228043685966637
10,126,0.260368103778688
11,126,0.250081404259196
12,126,0.256176377731841
13,126,0.242159341927851
14,126,0.230410951947793
15,126,0.249810340584023
16,126,0.226698207481764
17,126,0.231703552388586
18,126,0.257353554228554
1,127,0.231360521059483
2,127,0.235052455776837
3,127,0.234540863808012
4,127,0.236915271758568
5,127,0.233743634134531
6,127,0.22706913949945
7,127,0.257606281317072
8,127,0.259578911250224
9,127,0.258999703150708
10,127,0.241865501399385
11,127,0.241318275084719
12,127,0.227755815171637
13,127,0.238593744392507
14,127,0.257382542264182
15,127,0.238987210853025
16,127,0.243614975394681
17,127,0.244465975712752
18,127,0.231959452277748
1,128,0.244850957187824
2,128,0.229867270577466
3,128,0.247493676203536
4,128,0.245074174944544
5,128,0.233967004238162
6,128,0.257552802841179
7,128,0.232948425284354
8,128,0.24076342411479
9,128,0.256952665030491
10,128,0.234337029630784
11,128,0.236207070938777
12,128,0.256673834433546
13,128,0.247667536625173
14,128,0.256005456379149
15,128,0.242704951637657
16,128,0.257298083597794
17,128,0.231917427486274
18,128,0.247737454819959
1,129,0.251296618540306
2,129,0.232657565719215
3,129,0.24590504257963
4,129,0.249503596463706
5,129,0.258172381454147
6,129,0.237394589423435
7,129,0.245136322460836
8,129,0.226174691252178
9,129,0.238954064948717
10,129,0.24831674986193
11,129,0.247336245355196
12,129,0.254640225919662
13,129,0.230126212882111
14,129,0.249217518489109
15,129,0.233056253934279
16,129,0.246540083951782
17,129,0.250327449254924
18,129,0.244490085175727
1,130,0.238933252853109
2,130,0.250446534194285
3,130,0.242579656004906
4,130,0.234078274681466
5,130,0.241894714382011
6,130,0.228771717171418
7,130,0.235018820080673
8,130,0.245392817525659
9,130,0.226761592760682
10,130,0.233388572231866
11,130,0.2482737687279
12,130,0.251094081988791
13,130,0.253190184191568
14,130,0.228562299787533
15,130,0.229456193001475
16,130,0.25912384461402
17,130,0.258580919273896
18,130,0.258250803955831
1,131,0.248747852691682
2,131,0.231472262812546
3,131,0.257855028406717
4,131,0.258272166073089
5,131,0.231923421487678
6,131,0.228567856045207
7,131,0.245818012587493
8,131,0.238789185391739
9,131,0.242105831662426
10,131,0.242265791933984
11,131,0.253261748784222
12,131,0.25482832317031
13,131,0.235882426826516
14,131,0.251549240994733
15,131,0.243359009009087
16,131,0.228319390538614
17,131,0.227317674069433
18,131,0.234315477591241
1,132,0.233643863857957
2,132,0.240783519621706
3,132,0.24524130715779
4,132,0.250980816163588
5,132,0.234399793803692
6,132,0.257348870459478
7,132,0.242891832582187
8,132,0.235199645066401
9,132,0.237197156611597
10,132,0.249250569098163
11,132,0.251481797648827
12,132,0.246000258282525
13,132,0.256754327671602
14,132,0.240322114759125
15,132,0.233188852635445
16,132,0.242478714600671
17,132,0.239279272137443
18,132,0.234664773682831
1,133,0.258376138402615
2,133,0.242316114730434
3,133,0.226487958916929
4,133,0.259012865834171
5,133,0.239109097940614
6,133,0.226281453742646
7,133,0.260318357618758
8,133,0.239213901956333
9,133,0.260505364417564
10,133,0.230886573674157
11,133,0.245677633608226
12,133,0.253802606802434
13,133,0.232786547902739
14,133,0.250874447607435
15,133,0.245799780700123
16,133,0.226354050659807
17,133,0.234993280373979
18,133,0.242484351900872
1,134,0.258440196151147
2,134,0.260835219258675
3,134,0.233349380514352
4,134,0.2450815417876
5,134,0.24858875053376
6,134,0.257538779322291
7,134,0.251631261157105
8,134,0.247339874569094
9,134,0.233853024676442
10,134,0.258065985468216
11,134,0.254096635867842
12,134,0.236934301440138
13,134,0.233953791869804
14,134,0.249015832138481
15,134,0.251750590470852
16,134,0.242278298910474
17,134,0.256226186525542
18,134,0.249625020415057
1,135,0.231651376110036
2,135,0.226423160735518
3,135,0.256312380960677
4,135,0.229524947573896
5,135,0.236928128558444
6,135,0.241207326855743
7,135,0.247551462246571
8,135,0.237872841988225
9,135,0.246299233598635
10,135,0.255038618095219
11,135,0.237711635095999
12,135,0.239370664865943
13,135,0.247199147714069
14,135,0.243350756223314
15,135,0.229824375929544
16,135,0.255607490497874
17,135,0.241604978728807
18,135,0.252263156669447
1,136,0.253843851686921
2,136,0.239674459999893
3,136,0.226519676109543
4,136,0.25201951893419
5,136,0.228393481254112
6,136,0.244620722077321
7,136,0.230292064484907
8,136,0.249651949970517
9,136,0.227960702372016
10,136,0.253930328503717
11,136,0.249191173759988
12,136,0.23454844888323
13,136,0.231613035302376
14,136,0.228029996510828
15,136,0.226532391783781
16,136,0.255167417006101
17,136,0.235165702622849
18,136,0.227939518915024
1,137,0.238181170149706
2,137,0.246307644313434
3,137,0.254147639649687
4,137,0.237909300425323
5,137,0.230719761580927
6,137,0.25307645220682
7,137,0.256703324745409
8,137,0.26057888122648
9,137,0.248918650479987
10,137,0.234890955615789
11,137,0.248450944599696
12,137,0.241771433322225
13,137,0.232893641897477
14,137,0.247216561988695
15,137,0.260112041242188
16,137,0.232971103346441
17,137,0.241216564073926
18,137,0.237883855712367
1,138,0.227190288484795
2,138,0.229471949714003
3,138,0.240673149145674
4,138,0.227656841898803
5,138,0.226928524694173
6,138,0.232072921626037
7,138,0.239233028701507
8,138,0.24659129745001
9,138,0.237775038457708
10,138,0.243309190037195
11,138,0.252331433616579
12,138,0.231917173919734
13,138,0.255527107280446
14,138,0.237210599973565
15,138,0.234186052570818
16,138,0.236849774802336
17,138,0.253646848714212
18,138,0.234907771218801
1,139,0.258298823400633
2,139,0.231192372412421
3,139,0.233576723225648
4,139,0.247913213413209
5,139,0.234997456064681
6,139,0.250751081169816
7,139,0.251984182640677
8,139,0.235182473772671
9,139,0.246041693276726
10,139,0.25804770197277
11,139,0.250794701761566
12,139,0.255552427475573
13,139,0.258197984495433
14,139,0.236312213605503
15,139,0.248772843248677
16,139,0.230961816660361
17,139,0.255873608867638
18,139,0.249310231562937
1,140,0.251666433776496
2,140,0.237015912225703
3,140,0.249370127906092
4,140,0.242236034902977
5,140,0.248759902594844
6,140,0.253502132285154
7,140,0.25755964702717
8,140,0.244459264185512
9,140,0.231533816693351
10,140,0.235436656358885
11,140,0.230708907505265
12,140,0.234314514436061
13,140,0.251306981772883
14,140,0.247949390128721
15,140,0.241832757244352
16,140,0.248200744074071
17,140,0.244532390784239
18,140,0.237553723501274
1,141,0.252975807624403
2,141,0.248224620905472
3,141,0.253102728940081
4,141,0.23225972073758
5,141,0.239874079582747
6,141,0.259695055303397
7,141,0.239205976673635
8,141,0.228714423242724
9,141,0.244526728816796
10,141,0.259240339778131
11,141,0.255963956893189
12,141,0.24523026503413
13,141,0.249273373959819
14,141,0.243515684780665
15,141,0.258342525629792
16,141,0.229217478373554
17,141,0.243393367511686
18,141,0.253377843291033
1,142,0.256444640595233
2,142,0.257554331525695
3,142,0.254398387075868
4,142,0.23138053695811
5,142,0.251541555474047
6,142,0.252582602659473
7,142,0.249128682059469
8,142,0.257781228018226
9,142,0.239642435326474
10,142,0.259494242068846
11,142,0.241980522925966
12,142,0.232825300808996
13,142,0.246675173156196
14,142,0.231438954269048
15,142,0.244182362759253
16,142,0.240449389182264
17,142,0.254952593258582
18,142,0.245708355807234
1,143,0.241976641864982
2,143,0.232732201884734
3,143,0.242518139218679
4,143,0.234137508553918
5,143,0.236992789876182
6,143,0.256339821585221
7,143,0.241574555747444
8,143,0.241187494661659
9,143,0.242540582840098
10,143,0.255169059932465
11,143,0.226361938774586
12,143,0.236819531605812
13,143,0.229015354002127
14,143,0.25480524825654
15,143,0.242488752481528
16,143,0.244631757396506
17,143,0.239838840018725
18,143,0.241905300931772
1,144,0.230021533147898
2,144,0.227088179497747
3,144,0.226812380755087
4,144,0.228713177086553
5,144,0.238653588337125
6,144,0.252649305376923
7,144,0.252014857460978
8,144,0.229419227121631
9,144,0.259666689612437
10,144,0.231012154997094
11,144,0.242963160941377
12,144,0.245771884656511
13,144,0.258630695666885
14,144,0.254700866973959
15,144,0.244657906384906
16,144,0.239456414312823
17,144,0.245109590927837
18,144,0.253885477719829
1,145,0.247957017676905
2,145,0.229638495022897
3,145,0.232719737837557
4,145,0.255473865176551
5,145,0.242778181436239
6,145,0.253204120580573
7,145,0.254636269724229
8,145,0.236392687896965
9,145,0.233934847875731
10,145,0.247712526261108
11,145,0.239085645048413
12,145,0.257009034634335
13,145,0.23039360627206
14,145,0.231529880675022
15,145,0.248346188402735
16,145,0.232514569665305
17,145,0.24925780378771
18,145,0.243920904909261
1,146,0.2519566944174
2,146,0.237777956037549
3,146,0.229894395735115
4,146,0.240080136851408
5,146,0.244994455909124
6,146,0.251909145051846
7,146,0.232039952833671
8,146,0.246526989940554
9,146,0.243494628978893
10,146,0.258772549840156
11,146,0.257860608858988
12,146,0.231351731323171
13,146,0.236755412682192
14,146,0.250440295891836
15,146,0.252712533443933
16,146,0.243845437913202
17,146,0.233935451021185
18,146,0.231805149842054
1,147,0.237064800271997
2,147,0.227572938021272
3,147,0.249434894469101
4,147,0.25211970106489
5,147,0.234698667688295
6,147,0.242343362776097
7,147,0.227550056436099
8,147,0.229439306509681
9,147,0.257398308348143
10,147,0.247530196907697
11,147,0.248424850006355
12,147,0.242135074234335
13,147,0.235790600852575
14,147,0.259073258610675
15,147,0.226807510355953
16,147,0.232205945415422
17,147,0.259999984454131
18,147,0.253990821473068
1,148,0.260987785493722
2,148,0.23512602084456
3,148,0.24637639304297
4,148,0.228530295812758
5,148,0.254079929511296
6,148,0.256819787777727
7,148,0.257137033868581
8,148,0.226396445239894
9,148,0.234449019816471
10,148,0.24725441141543
11,148,0.238695219772868
12,148,0.250822303077672
13,148,0.227472553622443
14,148,0.249000986076659
15,148,0.234074130470632
16,148,0.2355542080421
17,148,0.251660732220858
18,148,0.232238967030076
1,149,0.239497199402191
2,149,0.249952409623889
3,149,0.240531686665723
4,149,0.24497566435975
5,149,0.241931645807577
6,149,0.230447255340638
7,149,0.227091448612278
8,149,0.231797862134641
9,149,0.253960824908223
10,149,0.230983581309207
11,149,0.228605429462856
12,149,0.227000090264715
13,149,0.240608716613147
14,149,0.255890981313074
15,149,0.237567112916382
16,149,0.241555278048851
17,149,0.240471913259476
18,149,0.238311277443077
1,150,0.258474759782199
2,150,0.258551909472095
3,150,0.23580921059614
4,150,0.251525848234538
5,150,0.233587471485604
6,150,0.258908672208432
7,150,0.228250464061508
8,150,0.260603411988355
9,150,0.233357296808623
10,150,0.237148635159479
11,150,0.230261946026236
12,150,0.246447498614667
13,150,0.249042019403074
14,150,0.260865775966318
15,150,0.232792364841094
16,150,0.25457738516992
17,150,0.247680822098861
18,150,0.260496248799842
1,151,0.241462718780618
2,151,0.251346482796594
3,151,0.228654701811261
4,151,0.248061996319098
5,151,0.233510525799589
6,151,0.258169464314356
7,151,0.254418320114724
8,151,0.255964057444595
9,151,0.254586503607221
10,151,0.24059855916095
11,151,0.260214218632551
12,151,0.243477728095837
13,151,0.243450008259621
14,151,0.238021528824698
15,151,0.228357228792971
16,151,0.25775778686069
17,151,0.233739190746797
18,151,0.236418236257974
1,152,0.249048986191861
2,152,0.245831696836045
3,152,0.259995233650785
4,152,0.229672628162894
5,152,0.245032962403726
6,152,0.258038024720969
7,152,0.256552809126675
8,152,0.257658861822216
9,152,0.253257319722557
10,152,0.231850987454178
11,152,0.230248471820028
12,152,0.230140294569079
13,152,0.241122365693096
14,152,0.253208543840097
15,152,0.257643433329882
16,152,0.240926319804508
17,152,0.254332888717996
18,152,0.242393128632335
1,153,0.249751108406577
2,153,0.252555405944819
3,153,0.249917586534517
4,153,0.255665286466479
5,153,0.23690494683478
6,153,0.232396838091314
7,153,0.229273205952719
8,153,0.226517810778692
9,153,0.257584465597989
10,153,0.253861852132482
11,153,0.228722016450716
12,153,0.229561008165125
13,153,0.232086223202292
14,153,0.244503730716184
15,153,0.251735990511021
16,153,0.230137653275393
17,153,0.229620378721971
18,153,0.245329221242806
1,154,0.236168149876408
2,154,0.241415418361081
3,154,0.230145550655667
4,154,0.258256651290227
5,154,0.25164063242753
6,154,0.242153566207504
7,154,0.24953100494016
8,154,0.236097304390511
9,154,0.24922058939375
10,154,0.239127402509563
11,154,0.249482323961798
12,154,0.240445359702222
13,154,0.250896208198043
14,154,0.235837658503093
15,154,0.251854656726588
16,154,0.246122250884306
17,154,0.226857359495712
18,154,0.238694315396948
1,155,0.24142972453055
2,155,0.240119068344589
3,155,0.245067025877303
4,155,0.256211877707625
5,155,0.252798612968996
6,155,0.228289766785689
7,155,0.230113129155012
8,155,0.236842587255174
9,155,0.23680374074867
10,155,0.251631787815364
11,155,0.230952197560342
12,155,0.260215063316515
13,155,0.255917965556961
14,155,0.246437330625718
15,155,0.257484748885268
16,155,0.226327059008414
17,155,0.253459498016397
18,155,0.257773051719647
1,156,0.229877214597305
2,156,0.242303735115798
3,156,0.249602189125959
4,156,0.242290836128173
5,156,0.256625718960073
6,156,0.240037993767997
7,156,0.245833980100229
8,156,0.248879701115889
9,156,0.235998090532608
10,156,0.257218069777824
11,156,0.230854967056308
12,156,0.245501794942189
13,156,0.234852494918974
14,156,0.228576215974987
15,156,0.252692701885477
16,156,0.24722290715808
17,156,0.237654785283608
18,156,0.257838226657128
1,157,0.246650951887947
2,157,0.259124900530092
3,157,0.257581568855327
4,157,0.239543881356018
5,157,0.251146834822372
6,157,0.254957146919565
7,157,0.257983771561645
8,157,0.230571657957276
9,157,0.227554597686045
10,157,0.260588185372995
11,157,0.239631777382689
12,157,0.250886869458715
13,157,0.244407902691979
14,157,0.239541544633918
15,157,0.251149839075748
16,157,0.256806325110607
17,157,0.230240606873063
18,157,0.238846828288166
1,158,0.253647615224123
2,158,0.233546008116333
3,158,0.247725436632987
4,158,0.239220282492694
5,158,0.247141235498944
6,158,0.245758139387704
7,158,0.250305515504675
8,158,0.254495029029436
9,158,0.24187894820841
10,158,0.238948764327448
11,158,0.254793066338403
12,158,0.243941849500639
13,158,0.251955363885732
14,158,0.255726846736157
15,158,0.241410490038339
16,158,0.240206790730823
17,158,0.255782116378192
18,158,0.251445861420594
1,159,0.24752745880303
2,159,0.250500037215184
3,159,0.252186053738929
4,159,0.235164667495061
5,159,0.235666882806923
6,159,0.232981232007965
7,159,0.259004859891953
8,159,0.235490098840324
9,159,0.243444302719086
10,159,0.227284075867152
11,159,0.254060803149128
12,159,0.240182859805878
13,159,0.242104406683007
14,159,0.25859032526752
15,159,0.239645825397689
16,159,0.252103572917637
17,159,0.253426297382917
18,159,0.233260968863266
1,160,0.227978435536148
2,160,0.237602984180208
3,160,0.249933181496104
4,160,0.252872099390021
5,160,0.248856728701154
6,160,0.2586831397973
7,160,0.226123058304889
8,160,0.239243618241977
9,160,0.248529641790316
10,160,0.229467541391728
11,160,0.226527221164666
12,160,0.231199777466478
13,160,0.252085860965541
14,160,0.255846136282431
15,160,0.237373091004789
16,160,0.235333432806889
17,160,0.234524160474772
18,160,0.259468760204269
1,161,0.243404405878624
2,161,0.250305805139011
3,161,0.25802961698873
4,161,0.247312262545107
5,161,0.235191310023889
6,161,0.258162575821858
7,161,0.250906457751058
8,161,0.227534000782995
9,161,0.248172766939038
10,161,0.255845633574296
11,161,0.230168355077272
12,161,0.259321326613659
13,161,0.227429395091254
14,161,0.231970999358688
15,161,0.226810369335813
16,161,0.239646846729098
17,161,0.250824699931778
18,161,0.24895144409989
1,162,0.243014995089266
2,162,0.228825310695916
3,162,0.259875954021933
4,162,0.245609550283058
5,162,0.251091715644812
6,162,0.235919866460841
7,162,0.254078851625323
8,162,0.248022677541245
9,162,0.257813631916884
10,162,0.239864381616004
11,162,0.236789954490028
12,162,0.251609295706963
13,162,0.2503252998963
14,162,0.241235505794408
15,162,0.254263196162879
16,162,0.236696456570877
17,162,0.258009435965447
18,162,0.248044028632808
1,163,0.253200749032199
2,163,0.25110003623087
3,163,0.249211166629335
4,163,0.250608220023802
5,163,0.232742254678393
6,163,0.24693273750972
7,163,0.252850968266372
8,163,0.234273157615913
9,163,0.250204462189227
10,163,0.229228367718402
11,163,0.251796443411382
12,163,0.259063837500522
13,163,0.249243067811709
14,163,0.249359545113053
15,163,0.240700758602703
16,163,0.230828842286952
17,163,0.242427778977668
18,163,0.2292813984924
1,164,0.252392567290459
2,164,0.238821476694662
3,164,0.245884773358935
4,164,0.239405745995697
5,164,0.23311335450178
6,164,0.244734288505511
7,164,0.239504653717391
8,164,0.256179987575393
9,164,0.229274724067887
10,164,0.228220698824385
11,164,0.231836741302628
12,164,0.258747933097417
13,164,0.241487814134685
14,164,0.249603869896615
15,164,0.227262729966547
16,164,0.242394738082308
17,164,0.22759787495737
18,164,0.247701179280644
1,165,0.256271219587885
2,165,0.232855420620414
3,165,0.235873445864068
4,165,0.256281548105413
5,165,0.227121226651594
6,165,0.253382438137429
7,165,0.241927432288881
8,165,0.22880426609912
9,165,0.257736630450469
10,165,0.232615232909098
11,165,0.252113355390262
12,165,0.241104742794065
13,165,0.249468626902904
14,165,0.232560792443343
15,165,0.256861011050874
16,165,0.227710360696306
17,165,0.233707171036163
18,165,0.235163016313687
1,166,0.252852346641244
2,166,0.239508687646827
3,166,0.235750058817444
4,166,0.228716542922426
5,166,0.24351067019999
6,166,0.241800800729776
7,166,0.26053105646302
8,166,0.230974701916799
9,166,0.255184251303086
10,166,0.227033532151487
11,166,0.253256554630585
12,166,0.234003587910207
13,166,0.230685104145901
14,166,0.232671382333152
15,166,0.233555262390524
16,166,0.258695998724084
17,166,0.260608617909253
18,166,0.236850872498704
1,167,0.230799580776598
2,167,0.249134503235342
3,167,0.246471968185157
4,167,0.238042286639335
5,167,0.254488478845684
6,167,0.235911438584095
7,167,0.255604437121889
8,167,0.230795765992021
9,167,0.256168171469122
10,167,0.228349221660988
11,167,0.241232295239111
12,167,0.249804723583162
13,167,0.233203942207852
14,167,0.258988866660744
15,167,0.239276332718087
16,167,0.247918404942844
17,167,0.232422584067332
18,167,0.249072266641539
1,168,0.251714251874015
2,168,0.243348780154716
3,168,0.256405156032648
4,168,0.255114328055875
5,168,0.260415458886651
6,168,0.249339757877402
7,168,0.248500104971696
8,168,0.227580084969755
9,168,0.232679625486722
10,168,0.22714055352984
11,168,0.255651806727052
12,168,0.24085600395943
13,168,0.254602120351279
14,168,0.231308099762769
15,168,0.240204543697415
16,168,0.251287812603638
17,168,0.228087183996337
18,168,0.23756222281279
1,169,0.253186740067555
2,169,0.25541607707995
3,169,0.256470353559358
4,169,0.259356466555269
5,169,0.239438451336697
6,169,0.259272118830355
7,169,0.250643661896698
8,169,0.240769348783884
9,169,0.239696063288953
10,169,0.233369836096186
11,169,0.252336806332693
12,169,0.241577724766918
13,169,0.24186601948482
14,169,0.228913780075032
15,169,0.238780916006304
16,169,0.25732335170405
17,169,0.245055324607762
18,169,0.22707894732384
1,170,0.239595157911768
2,170,0.229968833609251
3,170,0.235703906064387
4,170,0.251183194085257
5,170,0.239160881474614
6,170,0.248206098405877
7,170,0.243386172736296
8,170,0.254262026021257
9,170,0.246376594284317
10,170,0.232020448118215
11,170,0.258805186386686
12,170,0.227883380614454
13,170,0.229053126550512
14,170,0.255454530198127
15,170,0.240731124133104
16,170,0.251112011847086
17,170,0.251765275588492
18,170,0.260561469078762
1,171,0.259633849184262
2,171,0.230962780703791
3,171,0.249273296054686
4,171,0.227160398477223
5,171,0.243307967268862
6,171,0.253697334793629
7,171,0.239272341375705
8,171,0.25919047764875
9,171,0.24912365231337
10,171,0.241146778334165
11,171,0.255353890937055
12,171,0.254164455301594
13,171,0.240947180680465
14,171,0.23752866783319
15,171,0.245776417952962
16,171,0.256143021019176
17,171,0.246505485866452
18,171,0.248579204490175
1,172,0.252847942434251
2,172,0.250249995840946
3,172,0.256337918899022
4,172,0.229314414329361
5,172,0.247347875295905
6,172,0.234430617637932
7,172,0.24243745806301
8,172,0.235937273034593
9,172,0.25814544475195
10,172,0.23999104172131
11,172,0.245787063110853
12,172,0.228830695431912
13,172,0.258994506470859
14,172,0.251752251186641
15,172,0.242635927567258
16,172,0.232364513703156
17,172,0.251562840818893
18,172,0.24751194653823
1,173,0.228136455652071
2,173,0.227865338413045
3,173,0.241933971023187
4,173,0.232333674793132
5,173,0.243195707340725
6,173,0.260365500687854
7,173,0.233844273754163
8,173,0.250938502935693
9,173,0.231254412075737
10,173,0.244400404379936
11,173,0.254996653818758
12,173,0.230440119051142
13,173,0.254688914859667
14,173,0.234610119572841
15,173,0.229395628792932
16,173,0.231729550871765
17,173,0.249252432139125
18,173,0.249709984087618
1,174,0.2306533156652
2,174,0.260283339465037
3,174,0.231131436646916
4,174,0.258963586387923
5,174,0.250512311071157
6,174,0.245878701623529
7,174,0.234622214630013
8,174,0.237930503635667
9,174,0.255391668089665
10,174,0.258253251317889
11,174,0.24403777105175
12,174,0.257083926941501
13,174,0.250642527105752
14,174,0.240831697639311
15,174,0.236509418618167
16,174,0.259718455422204
17,174,0.230368720862549
18,174,0.249811918651918
1,175,0.254694370028097
2,175,0.233569618766429
3,175,0.24679305126681
4,175,0.23165935757244
5,175,0.240193428183207
6,175,0.23436097846739
7,175,0.244465959593887
8,175,0.249483418039978
9,175,0.257764773956966
10,175,0.237647901387187
11,175,0.234488777478924
12,175,0.236849605766125
13,175,0.23393819372193
14,175,0.230305109707639
15,175,0.235371446893783
16,175,0.258327877297066
17,175,0.227976945584174
18,175,0.243550930138677
1,176,0.25378250776697
2,176,0.255327457081527
3,176,0.24616957839136
4,176,0.23446475314931
5,176,0.246372177870013
6,176,0.230813044853508
7,176,0.242894931340357
8,176,0.229278996447334
9,176,0.236673933479702
10,176,0.249684687410714
11,176,0.233179724590387
12,176,0.23982214771118
13,176,0.254099858711939
14,176,0.233991224308498
15,176,0.228691763124894
16,176,0.253237871773541
17,176,0.249454889383866
18,176,0.243888838577783
1,177,0.23349007210834
2,177,0.232569265457802
3,177,0.247390151152154
4,177,0.227355952137383
5,177,0.234030419367133
6,177,0.254837826137897
7,177,0.23651288874587
8,177,0.226563213328132
9,177,0.259655425711768
10,177,0.229071134273196
11,177,0.252180818896974
12,177,0.255260287438519
13,177,0.226559318715241
14,177,0.255850152438739
15,177,0.245260404281085
16,177,0.237889059294481
17,177,0.23739956551604
18,177,0.248372703920119
1,178,0.230474655382801
2,178,0.23688923855219
3,178,0.246407891229261
4,178,0.252571868350729
5,178,0.245309609961929
6,178,0.25007255568658
7,178,0.238994251814671
8,178,0.257736139990389
9,178,0.260150736330776
10,178,0.252813296350883
11,178,0.226429313977947
12,178,0.244291139154462
13,178,0.253966618801001
14,178,0.233260944962036
15,178,0.239519862437388
16,178,0.244983397259144
17,178,0.252048857877031
18,178,0.237666635110741
1,179,0.237372033336665
2,179,0.240831006288296
3,179,0.235670547216665
4,179,0.24791315523698
5,179,0.227525924571324
6,179,0.247228717536433
7,179,0.240596718391404
8,179,0.227526665786514
9,179,0.260769270917168
10,179,0.247929636434652
11,179,0.255359405308496
12,179,0.239897962045157
13,179,0.259358114501461
14,179,0.23924392230832
15,179,0.254696328062797
16,179,0.226252929299604
17,179,0.25658099289774
18,179,0.228588039773982
1,180,0.254584648780525
2,180,0.246511506278999
3,180,0.249896122407168
4,180,0.25099552032561
5,180,0.235803684750805
6,180,0.249572974537965
7,180,0.236396378245205
8,180,0.245986602115678
9,180,0.227914716348983
10,180,0.238166294588242
11,180,0.24341876795073
12,180,0.244609114465071
13,180,0.254551893208642
14,180,0.243861426328309
15,180,0.25571310305642
16,180,0.246796750212321
17,180,0.244826335197082
18,180,0.24794641447044
1,181,0.236219083331758
2,181,0.245853369840421
3,181,0.260982499385951
4,181,0.258215888896026
5,181,0.252927011784865
6,181,0.255530644906918
7,181,0.258279795397772
8,181,0.24702765478543
9,181,0.238873067486798
10,181,0.252145122528542
11,181,0.242970125872176
12,181,0.22616837878502
13,181,0.249559985600878
14,181,0.240127665249398
15,181,0.259361371213105
16,181,0.230702999680303
17,181,0.239220198092749
18,181,0.257494996148394
1,182,0.254116935346043
2,182,0.243724957037717
3,182,0.226633280756883
4,182,0.234759559619939
5,182,0.236709585240111
6,182,0.249160341393668
7,182,0.229436194965616
8,182,0.259785165783484
9,182,0.256352828026516
10,182,0.235970189990709
11,182,0.241214053328382
12,182,0.237933216470061
13,182,0.238184549130034
14,182,0.236646062633023
15,182,0.258008058886277
16,182,0.235925259794109
17,182,0.256374656164786
18,182,0.254584195317235
1,183,0.232460549324984
2,183,0.233952926674625
3,183,0.249296904300805
4,183,0.242382773915539
5,183,0.229837402238278
6,183,0.231097690416733
7,183,0.237101101668319
8,183,0.247252104942687
9,183,0.259145534177311
10,183,0.240790515934583
11,183,0.258427100249333
12,183,0.2294874382813
13,183,0.256320113566704
14,183,0.235117088067578
15,183,0.235941133975517
16,183,0.231805030270712
17,183,0.227048481983598
18,183,0.229434152449481
1,184,0.230195021311753
2,184,0.232795253833989
3,184,0.255035740894033
4,184,0.226535999101121
5,184,0.239499181753723
6,184,0.258002460343065
7,184,0.226534998248331
8,184,0.236837785047479
9,184,0.240997594127199
10,184,0.245674587297486
11,184,0.258226791344583
12,184,0.244092284671729
13,184,0.251901398942806
14,184,0.247624614987522
15,184,0.233201232836815
16,184,0.243804116427433
17,184,0.228137182174483
18,184,0.253107574476395
1,185,0.233148640238447
2,185,0.255997575810412
3,185,0.243982013541041
4,185,0.234806747158524
5,185,0.254446230639238
6,185,0.228345089518931
7,185,0.226916771759512
8,185,0.24686897092755
9,185,0.255641281825025
10,185,0.241833970649401
11,185,0.243576205872465
12,185,0.233338086258387
13,185,0.251045516662067
14,185,0.244773301872425
15,185,0.227719880002784
16,185,0.254795020811958
17,185,0.234837376286974
18,185,0.244250712689478
1,186,0.237444723511813
2,186,0.22986290944647
3,186,0.255810625981772
4,186,0.2478624012894
5,186,0.255682310832432
6,186,0.230410413400037
7,186,0.249388806444127
8,186,0.247277656066231
9,186,0.259098322509322
10,186,0.246321855008369
11,186,0.236609649855178
12,186,0.258717269808054
13,186,0.255552577679278
14,186,0.240860067421105
15,186,0.242998277984094
16,186,0.252898205318721
17,186,0.23482968863938
18,186,0.254421398655046
1,187,0.254773339283653
2,187,0.240606796455337
3,187,0.258073158086278
4,187,0.228480648558121
5,187,0.254353362969356
6,187,0.243006656493759
7,187,0.236683215379249
8,187,0.247625584164867
9,187,0.237173867980251
10,187,0.24883178848098
11,187,0.258054690723307
12,187,0.245917766093276
13,187,0.248326174704358
14,187,0.240562449324876
15,187,0.253881355291465
16,187,0.256179666795302
17,187,0.238859599270159
18,187,0.243077849936904
1,188,0.257372315520421
2,188,0.242233799742768
3,188,0.233326479966287
4,188,0.249668970359722
5,188,0.251694543496938
6,188,0.248844295685645
7,188,0.233241997618694
8,188,0.259627003914444
9,188,0.226241400774103
10,188,0.25757582933316
11,188,0.229137500107987
12,188,0.25529831719608
13,188,0.245397211456671
14,188,0.247119592556497
15,188,0.254397634753492
16,188,0.235204111874569
17,188,0.227398143121041
18,188,0.230840057692491
1,189,0.229688644154463
2,189,0.232139203720959
3,189,0.259641298430739
4,189,0.232791002454702
5,189,0.237626326872502
6,189,0.250230522694998
7,189,0.250271324555157
8,189,0.236013730591163
9,189,0.236469173869351
10,189,0.2410483869866
11,189,0.239392020626925
12,189,0.257738578070654
13,189,0.244716645437526
14,189,0.247259257994825
15,189,0.243653056858107
16,189,0.24365437461203
17,189,0.240827809830895
18,189,0.233613714563195
1,190,0.237173757641809
2,190,0.234456704465207
3,190,0.226040333475918
4,190,0.233833600636804
5,190,0.259920761770569
6,190,0.241134100284195
7,190,0.259715749498224
8,190,0.234953704052838
9,190,0.23074006886594
10,190,0.245690720929066
11,190,0.24116372693819
12,190,0.256201294425642
13,190,0.258041693058563
14,190,0.24764081259747
15,190,0.2554325720903
16,190,0.236088929140475
17,190,0.25746949871094
18,190,0.230938613512786
1,191,0.230967090218561
2,191,0.24628486526804
3,191,0.260825726884883
4,191,0.244671794832917
5,191,0.230497870126506
6,191,0.23219917917531
7,191,0.253109259566059
8,191,0.248767888579983
9,191,0.245466091378126
10,191,0.252092750346288
11,191,0.238012450660113
12,191,0.239693408027757
13,191,0.238326634663623
14,191,0.247797723689815
15,191,0.231626107555581
16,191,0.234625243632123
17,191,0.259168412242085
18,191,0.260591956869699
1,192,0.244748204261065
2,192,0.227585769029334
3,192,0.247079325911123
4,192,0.251258776105475
5,192,0.246405800674343
6,192,0.24442657054658
7,192,0.23838183609792
8,192,0.228802162481239
9,192,0.230493748570094
10,192,0.238805638638092
11,192,0.247005127342651
12,192,0.234324517903384
13,192,0.226635111902375
14,192,0.236845552539686
15,192,0.228730443096953
16,192,0.234781934821745
17,192,0.230930622882675
18,192,0.238954016184667
1,193,0.230912790894741
2,193,0.245879883312387
3,193,0.244993814243004
4,193,0.23172925789631
5,193,0.259076145990053
6,193,0.247906239738455
7,193,0.228269581003347
8,193,0.2323321396627
9,193,0.249370834740344
10,193,0.257735440694029
11,193,0.254553655070718
12,193,0.241486605390906
13,193,0.231642049504677
14,193,0.231802055582171
15,193,0.242763105448335
16,193,0.239855193846393
17,193,0.253822188086575
18,193,0.252944298282033
1,194,0.239970773364417
2,194,0.248056887820363
3,194,0.240443419008749
4,194,0.238788676270284
5,194,0.247729920896469
6,194,0.259458531129872
7,194,0.242662538893288
8,194,0.247716231978498
9,194,0.236122843045974
10,194,0.240264870279003
11,194,0.241570701513207
12,194,0.235923679142958
13,194,0.259954863430699
14,194,0.25689095937321
15,194,0.254309772431385
16,194,0.25078792588925
17,194,0.232307056100341
18,194,0.228239149840316
1,195,0.229730335379951
2,195,0.25568645113986
3,195,0.238580057299929
4,195,0.253475020826096
5,195,0.257781359552406
6,195,0.248169865127653
7,195,0.247529070094693
8,195,0.228363896641182
9,195,0.23445228588325
10,195,0.240377237098524
11,195,0.25439112542104
12,195,0.239269942908082
13,195,0.241643258068012
14,195,0.245967772387899
15,195,0.23059243292571
16,195,0.226455642897869
17,195,0.249718440461671
18,195,0.255230446382426
1,196,0.258769221840426
2,196,0.228045771485427
3,196,0.249380902797217
4,196,0.239504978922429
5,196,0.246164516537916
6,196,0.230858496224042
7,196,0.234954184864415
8,196,0.236957130944589
9,196,0.251029123238055
10,196,0.232603783511091
11,196,0.230976345144678
12,196,0.246093906576512
13,196,0.227720259545837
14,196,0.241225267804926
15,196,0.242894855651772
16,196,0.242268591523403
17,196,0.243017067797715
18,196,0.251815470974194
1,197,0.260684520913288
2,197,0.255414292555302
3,197,0.229917421273654
4,197,0.256149765664246
5,197,0.245874795072246
6,197,0.249914762196364
7,197,0.253636191756465
8,197,0.240088393662823
9,197,0.255864701629849
10,197,0.232636193635641
11,197,0.243350257157814
12,197,0.230201552222949
13,197,0.234003215717617
14,197,0.257692426376976
15,197,0.242582120561507
16,197,0.244916687272722
17,197,0.260082836164162
18,197,0.260035015752306
1,198,0.249987581436522
2,198,0.25329857036029
3,198,0.226715862610377
4,198,0.251496300919913
5,198,0.258294445604784
6,198,0.241416022924474
7,198,0.250695117340889
8,198,0.254585367683554
9,198,0.243031325969147
10,198,0.255504979614867
11,198,0.243250583920395
12,198,0.226618422642583
13,198,0.241416284028906
14,198,0.242727363200625
15,198,0.24704342008708
16,198,0.241513635318493
17,198,0.236751210498856
18,198,0.249554622574011
1,199,0.247318999244831
2,199,0.260078748939792
3,199,0.232154214931885
4,199,0.260062926619081
5,199,0.24627609985671
6,199,0.251834384115878
7,199,0.256303626118694
8,199,0.2486620136376
9,199,0.250314364126185
10,199,0.260856690337183
11,199,0.255728068999248
12,199,0.252803778340109
13,199,0.230818286312511
14,199,0.22933161269431
15,199,0.24426468794141
16,199,0.232736134024104
17,199,0.251601281232666
18,199,0.243310544258216
1,200,0.23099657036853
2,200,0.255442593917483
3,200,0.258945638577221
4,200,0.235728861694457
5,200,0.231263275072211
6,200,0.250733570491662
7,200,0.245786850803066
8,200,0.229167585432529
9,200,0.245611914247507
10,200,0.247534102212172
11,200,0.245194697747007
12,200,0.239772183205001
13,200,0.240583385270089
14,200,0.257671882255469
15,200,0.249576769446954
16,200,0.259417658120161
17,200,0.231293114637025
18,200,0.245590957334731
1,201,0.229452251278795
2,201,0.247820748837199
3,201,0.234973046593601
4,201,0.24277432976081
5,201,0.242700022720033
6,201,0.255067199573619
7,201,0.257345212943852
8,201,0.246190650238656
9,201,0.25903282820154
10,201,0.236214235668536
11,201,0.247886174676474
12,201,0.247706435220549
13,201,0.248701624836773
14,201,0.234221871289425
15,201,0.240131352655822
16,201,0.231983243739465
17,201,0.244170706008095
18,201,0.246452648306964
1,202,0.228802736314479
2,202,0.251511588384397
3,202,0.247492328526219
4,202,0.249481351606315
5,202,0.236364674580051
6,202,0.238619897561381
7,202,0.248087320099818
8,202,0.259603707785951
9,202,0.238763742952375
10,202,0.232929647164652
11,202,0.234893806723645
12,202,0.242985593781574
13,202,0.240464857710991
14,202,0.237488586554769
15,202,0.238489573967177
16,202,0.249935073898174
17,202,0.256210224277107
18,202,0.242413905768422
1,203,0.246399998420617
2,203,0.243449598882813
3,203,0.249355775009841
4,203,0.250075564185623
5,203,0.229756547376979
6,203,0.229927324401448
7,203,0.258647306157742
8,203,0.240765655632364
9,203,0.245715901986929
10,203,0.259468476575799
11,203,0.232857237545773
12,203,0.233831125584198
13,203,0.247747494175797
14,203,0.255209832317429
15,203,0.254278893118259
16,203,0.231287570847431
17,203,0.228913003280992
18,203,0.253262571775354
1,204,0.259407368848566
2,204,0.247644050077302
3,204,0.241302570599597
4,204,0.24925475177262
5,204,0.256411234425847
6,204,0.243591750872089
7,204,0.244508105945075
8,204,0.252976023835596
9,204,0.238942474775482
10,204,0.258917594424216
11,204,0.22716405704408
12,204,0.237839712357614
13,204,0.230746999195777
14,204,0.237799366910709
15,204,0.242922930567525
16,204,0.252500486501027
17,204,0.253864304783288
18,204,0.240576051724143
1,205,0.22704789381614
2,205,0.258842320186319
3,205,0.258042592300568
4,205,0.247423974293284
5,205,0.258168222819455
6,205,0.247919065808179
7,205,0.230425877976464
8,205,0.230992457327899
9,205,0.249857535114512
10,205,0.258305868599797
11,205,0.231272835018113
12,205,0.256969639581162
13,205,0.241756391739706
14,205,0.227633449741639
15,205,0.254821381562157
16,205,0.25981999841542
17,205,0.254258852625731
18,205,0.236368845422054
1,206,0.232926222484326
2,206,0.233058552404633
3,206,0.238232944027055
4,206,0.233842970220372
5,206,0.231757209850708
6,206,0.229245548285777
7,206,0.248151496254373
8,206,0.253467592017492
9,206,0.228082125435118
10,206,0.228950487914495
11,206,0.226149720334448
12,206,0.23097772501898
13,206,0.258521779629169
14,206,0.231665968809044
15,206,0.260597540247487
16,206,0.250647814085474
17,206,0.237358989417786
18,206,0.237482983171009
1,207,0.253184572650585
2,207,0.243451109484537
3,207,0.243395239744801
4,207,0.23532311940589
5,207,0.258543050224194
6,207,0.249714102408849
7,207,0.250859094127314
8,207,0.235862792614149
9,207,0.246324218003079
10,207,0.25939898815495
11,207,0.227259949193336
12,207,0.243858257977059
13,207,0.256120508440305
14,207,0.23571223284374
15,207,0.238699717791984
16,207,0.258078112608288
17,207,0.228808238103753
18,207,0.243945362305036
1,208,0.240701324612834
2,208,0.231531731329393
3,208,0.241734529684996
4,208,0.231936725777574
5,208,0.255933652301552
6,208,0.250084660987137
7,208,0.23025338327419
8,208,0.230169060395798
9,208,0.236099035718013
10,208,0.258908245897852
11,208,0.258607412935467
12,208,0.232402497809613
13,208,0.257950580935227
14,208,0.228326024103677
15,208,0.256717006940395
16,208,0.228058368354337
17,208,0.259309355569072
18,208,0.231602429276332
1,209,0.246329237481346
2,209,0.250899584155064
3,209,0.235811288136989
4,209,0.226932108737761
5,209,0.25087178583513
6,209,0.236946138660656
7,209,0.25592979696719
8,209,0.242513675735332
9,209,0.260723599000135
10,209,0.228725238113198
11,209,0.226864784816513
12,209,0.246130897718482
13,209,0.247268239372876
14,209,0.226152782324003
15,209,0.252029499787837
16,209,0.227637185211293
17,209,0.242738018683391
18,209,0.258849426601315
1,210,0.228087319165003
2,210,0.259377431560075
3,210,0.252978178654099
4,210,0.255804229008732
5,210,0.233628761043306
6,210,0.260806546168402
7,210,0.250273307110416
8,210,0.236049659411889
9,210,0.254627985165222
10,210,0.259579856069991
11,210,0.25751475259685
12,210,0.230439377925592
13,210,0.228087146812119
14,210,0.254644452517619
15,210,0.256111073142616
16,210,0.227581987069221
17,210,0.233858567911899
18,210,0.250668627721258
1,211,0.229454348173691
2,211,0.226556187621551
3,211,0.257697079546284
4,211,0.227716171433218
5,211,0.256595467174426
6,211,0.230219960146584
7,211,0.240145744341658
8,211,0.234047304408392
9,211,0.253168239325983
10,211,0.246171380811371
11,211,0.232818166442681
12,211,0.240866507616825
13,211,0.241399138861103
14,211,0.25780962591432
15,211,0.242193257577252
16,211,0.258605924548116
17,211,0.239630921241129
18,211,0.254184220648836
1,212,0.252899450195488
2,212,0.237931755145779
3,212,0.258826270351652
4,212,0.24363409479754
5,212,0.237349705782486
6,212,0.241492590558715
7,212,0.243044071713462
8,212,0.255456092424225
9,212,0.259220579401823
10,212,0.242462943431688
11,212,0.23898716943129
12,212,0.233906798034674
13,212,0.226161231918028
14,212,0.25083030752046
15,212,0.25037289199559
16,212,0.226514323301613
17,212,0.232568894218653
18,212,0.244789891175693
1,213,0.231565321284812
2,213,0.234610349572264
3,213,0.258281024734257
4,213,0.238708661268698
5,213,0.260748608259251
6,213,0.251400362500222
7,213,0.231222716388525
8,213,0.24671657086839
9,213,0.255705742113292
10,213,0.251689806001028
11,213,0.242187355057336
12,213,0.243888041076949
13,213,0.245473438418936
14,213,0.233027847701684
15,213,0.257121682955418
16,213,0.231403439787915
17,213,0.246460984637029
18,213,0.242832794124493
1,214,0.232904912512982
2,214,0.260244856496807
3,214,0.23716610122961
4,214,0.227567604363663
5,214,0.252379013174446
6,214,0.245840063211741
7,214,0.226341144721024
8,214,0.236526392476168
9,214,0.256215332278749
10,214,0.234125192868756
11,214,0.228048893142492
12,214,0.250886746904813
13,214,0.243806198556209
14,214,0.240173146380344
15,214,0.240857987134019
16,214,0.257988802456763
17,214,0.257570227204356
18,214,0.233632284881547
1,215,0.246121309144888
2,215,0.22742285977141
3,215,0.24492091290094
4,215,0.229948996183462
5,215,0.252510885369498
6,215,0.22989004628174
7,215,0.233144004035508
8,215,0.252869633464376
9,215,0.240782063284656
10,215,0.245143389328383
11,215,0.256818159307819
12,215,0.251467030804139
13,215,0.252349616609514
14,215,0.24702586325258
15,215,0.229537335875444
16,215,0.254917794714216
17,215,0.25183871347364
18,215,0.256904147889232
1,216,0.228945775289554
2,216,0.255031537618721
3,216,0.235618570101447
4,216,0.237697555095889
5,216,0.257046296553686
6,216,0.232696412584279
7,216,0.226426696821814
8,216,0.250687047746265
9,216,0.227316655158298
10,216,0.2547883933587
11,216,0.257620208872482
12,216,0.231826016422361
13,216,0.233265841348562
14,216,0.253855806099251
15,216,0.25726187043963
16,216,0.234528903300175
17,216,0.241161762995413
18,216,0.239935365725774
1,217,0.249295747124357
2,217,0.236681891399436
3,217,0.253718982022488
4,217,0.23794293775945
5,217,0.235010920508299
6,217,0.226138653315371
7,217,0.239311860270333
8,217,0.246979929905152
9,217,0.237866238582879
10,217,0.232152448432986
11,217,0.260914927406935
12,217,0.235288986306638
13,217,0.245256728674518
14,217,0.230733563322807
15,217,0.249863777564839
16,217,0.241762287292164
17,217,0.238832559808157
18,217,0.239514596914174
1,218,0.240156491803005
2,218,0.25496476523485
3,218,0.258060517693171
4,218,0.252642102452461
5,218,0.238857203866588
6,218,0.250198583293473
7,218,0.243781143792672
8,218,0.226679907810409
9,218,0.248641469899099
10,218,0.247805268255994
11,218,0.237653988825856
12,218,0.226920039276825
13,218,0.260123157571303
14,218,0.260694619993679
15,218,0.228680293305311
16,218,0.244828070542077
17,218,0.260224846009165
18,218,0.229838615178829
1,219,0.238690026230412
2,219,0.243493677525781
3,219,0.257941994053777
4,219,0.246022129211575
5,219,0.226797810115619
6,219,0.255933036908042
7,219,0.255066948459949
8,219,0.256735287208809
9,219,0.25433607662702
10,219,0.226002286784584
11,219,0.229563900653971
12,219,0.255218905690359
13,219,0.233740158864763
14,219,0.227064573182957
15,219,0.246185410759877
16,219,0.252490791614633
17,219,0.256577892077854
18,219,0.228112806986552
1,220,0.233764342557639
2,220,0.240490881024394
3,220,0.240396537044086
4,220,0.246278661542106
5,220,0.258968213300919
6,220,0.260565950905671
7,220,0.230542924710549
8,220,0.235620624352247
9,220,0.254993398761377
10,220,0.260694055165164
11,220,0.249562019536039
12,220,0.228708617256721
13,220,0.230704119191738
14,220,0.237833387251245
15,220,0.234823814307107
16,220,0.234778827262577
17,220,0.253414377115201
18,220,0.232082521559438
1,221,0.246940637049498
2,221,0.250205406552646
3,221,0.258302745972993
4,221,0.250149124437245
5,221,0.235578064191155
6,221,0.226383080581669
7,221,0.227512685914058
8,221,0.231876423015725
9,221,0.255842428927077
10,221,0.227606967113912
11,221,0.235498567275004
12,221,0.25711300327233
13,221,0.245176265310962
14,221,0.254168615598697
15,221,0.25950188165321
16,221,0.25014104281459
17,221,0.240039675109088
18,221,0.259986429547658
1,222,0.25887815503194
2,222,0.244139878604561
3,222,0.230770156178856
4,222,0.247935759835178
5,222,0.254792749453569
6,222,0.23076928743883
7,222,0.246911386613734
8,222,0.260403742378345
9,222,0.234072072691284
10,222,0.240607963573653
11,222,0.229509484977694
12,222,0.235747899125796
13,222,0.2445691272025
14,222,0.236994181036949
15,222,0.24702457254543
16,222,0.260548430644209
17,222,0.24732485200651
18,222,0.231100806296105
1,223,0.250651076110313
2,223,0.249771310641896
3,223,0.237290435288101
4,223,0.240816047435161
5,223,0.236656246471917
6,223,0.255148657368496
7,223,0.246777662794571
8,223,0.25425188244693
9,223,0.236291777222883
10,223,0.230937982758274
11,223,0.25710173858935
12,223,0.226289975146297
13,223,0.245919222854078
14,223,0.259864256647648
15,223,0.235421606716933
16,223,0.260438602472655
17,223,0.227238632067107
18,223,0.235029175066389
1,224,0.23509618924954
2,224,0.259186597068561
3,224,0.260286795853404
4,224,0.251703470227309
5,224,0.236061791482149
6,224,0.240313569144579
7,224,0.233055217681918
8,224,0.252830522569362
9,224,0.252008672893513
10,224,0.243446148329182
11,224,0.249467485845322
12,224,0.252336197776254
13,224,0.25308520215936
14,224,0.247180925515946
15,224,0.239668051023269
16,224,0.24948701505689
17,224,0.256422273403965
18,224,0.241274100559764
1,225,0.230216672052862
2,225,0.247663367584115
3,225,0.242817806285108
4,225,0.258336258137366
5,225,0.234423543982208
6,225,0.253176855144789
7,225,0.252319576088572
8,225,0.249676884869346
9,225,0.24531018123636
10,225,0.246925118591404
11,225,0.256325315356022
12,225,0.243336924941046
13,225,0.260308013740228
14,225,0.228428114054492
15,225,0.245457513737725
16,225,0.232628073386382
17,225,0.236376011854969
18,225,0.255435144263553
1,226,0.233178748543374
2,226,0.246395168139366
3,226,0.239869176937733
4,226,0.236694994668011
5,226,0.242528935126262
6,226,0.252013718424365
7,226,0.260188126231311
8,226,0.231469234796474
9,226,0.230529903397197
10,226,0.246319575598696
11,226,0.230800221122568
12,226,0.233069875557208
13,226,0.237957717259647
14,226,0.235306533134077
15,226,0.251255509354174
16,226,0.250342201952823
17,226,0.253797305447748
18,226,0.23560644995328
1,227,0.232368472669274
2,227,0.242191128346836
3,227,0.245269077689387
4,227,0.24779511999595
5,227,0.242901269835653
6,227,0.230544084095396
7,227,0.256939888246357
8,227,0.260696127474308
9,227,0.256168790260796
10,227,0.25582877512346
11,227,0.239209476252086
12,227,0.247597677494865
13,227,0.244141983738169
14,227,0.227292522348231
15,227,0.252006135207135
16,227,0.255484997648979
17,227,0.227719036101131
18,227,0.257265122269979
1,228,0.239236210849136
2,228,0.250344750550808
3,228,0.251105897687608
4,228,0.249888373136288
5,228,0.236514222463826
6,228,0.23659181139688
7,228,0.24266386394063
8,228,0.227696886938298
9,228,0.243206693700282
10,228,0.246601865330245
11,228,0.234212376495358
12,228,0.259762338731904
13,228,0.231599813114386
14,228,0.24613332943432
15,228,0.240727727428544
16,228,0.23028503979696
17,228,0.238749982257374
18,228,0.260955415584845
1,229,0.253926020260202
2,229,0.238244802907808
3,229,0.258794196914183
4,229,0.250961908269906
5,229,0.24333353189542
6,229,0.254428587660892
7,229,0.248922639067983
8,229,0.238626105834497
9,229,0.242517604321707
10,229,0.246942519697128
11,229,0.251416994089028
12,229,0.238459990584757
13,229,0.246526745745447
14,229,0.244081125576282
15,229,0.246773014131701
16,229,0.257089435461909
17,229,0.256349464456085
18,229,0.255092047937447
1,230,0.231660133893834
2,230,0.237598921085242
3,230,0.258416035927599
4,230,0.258376369241392
5,230,0.248277413832489
6,230,0.253751844379818
7,230,0.246011122528231
8,230,0.227378149021184
9,230,0.236068003536435
10,230,0.242829455596162
11,230,0.24122198133287
12,230,0.258636446051765
13,230,0.248598820497515
14,230,0.226029013729654
15,230,0.226683284378611
16,230,0.236394109926419
17,230,0.235581116923364
18,230,0.255031496873358
1,231,0.251237079802901
2,231,0.249819456095807
3,231,0.239446821240941
4,231,0.23248457134841
5,231,0.233409591191681
6,231,0.25062922541541
7,231,0.235187072115019
8,231,0.233922202381305
9,231,0.246761520337546
10,231,0.231157974753529
11,231,0.227786473457469
12,231,0.226485976027558
13,231,0.254286492511397
14,231,0.254089758547721
15,231,0.226526533831144
16,231,0.246835315152071
17,231,0.236757697641384
18,231,0.24721388044674
1,232,0.233545563282911
2,232,0.259175426922971
3,232,0.229706698343158
4,232,0.230182180369971
5,232,0.230918814591365
6,232,0.236249937822809
7,232,0.246955768271815
8,232,0.233316208255943
9,232,0.24183158762427
10,232,0.241849030388054
11,232,0.239361719995737
12,232,0.260565062404145
13,232,0.226355242755031
14,232,0.256292042929213
15,232,0.229244439661503
16,232,0.232373236462241
17,232,0.241671816394897
18,232,0.251518152193399
1,233,0.232648681331426
2,233,0.230875900043407
3,233,0.233447741848882
4,233,0.231905487897107
5,233,0.25585623678891
6,233,0.251900545889745
7,233,0.245939196198247
8,233,0.255936766738538
9,233,0.231189752477454
10,233,0.239210998865543
11,233,0.237187521612737
12,233,0.227047617847798
13,233,0.239575066617923
14,233,0.250830365859671
15,233,0.234685557582648
16,233,0.248676512744511
17,233,0.23186283324752
18,233,0.253033743748907
1,234,0.24277698419895
2,234,0.22811295891786
3,234,0.252974930653814
4,234,0.256695408117026
5,234,0.246640570539981
6,234,0.247341870146571
7,234,0.240723898130469
8,234,0.227698013123823
9,234,0.248782391329529
10,234,0.2435664158375
11,234,0.253523248373764
12,234,0.245145929540973
13,234,0.241544443596154
14,234,0.255322908913018
15,234,0.249650724089239
16,234,0.227808166223345
17,234,0.23040950838034
18,234,0.254923022050876
1,235,0.24005000605504
2,235,0.243677729690913
3,235,0.23779968241835
4,235,0.247834402502282
5,235,0.246214726689737
6,235,0.233778681787895
7,235,0.248385079248343
8,235,0.238486072049942
9,235,0.241778310658643
10,235,0.240024213670054
11,235,0.233762104806025
12,235,0.234675624995958
13,235,0.232169083648128
14,235,0.241130743273767
15,235,0.247339276842773
16,235,0.240316915259697
17,235,0.257940421592444
18,235,0.235836710056989
1,236,0.23354604372778
2,236,0.245334705568617
3,236,0.238256765126949
4,236,0.258831624781247
5,236,0.248034498683643
6,236,0.241294288542354
7,236,0.236135200250661
8,236,0.227283210288966
9,236,0.245193339695921
10,236,0.237213092245162
11,236,0.242835667145206
12,236,0.254325740587898
13,236,0.233658007934224
14,236,0.229128171066055
15,236,0.253899822931504
16,236,0.232104247459443
17,236,0.25404583193385
18,236,0.227292977506528
1,237,0.255649035716429
2,237,0.254757372373948
3,237,0.257416014628485
4,237,0.239100390974432
5,237,0.236720547160599
6,237,0.258163742043776
7,237,0.237240294004092
8,237,0.25838611083827
9,237,0.247106322924607
10,237,0.246340758134844
11,237,0.251748772013467
12,237,0.239988754480379
13,237,0.238847416251898
14,237,0.241092397992266
15,237,0.237760764680803
16,237,0.250433037732961
17,237,0.235386936202645
18,237,0.255872234070208
1,238,0.258579984762706
2,238,0.242264221118763
3,238,0.226212379001314
4,238,0.258928380927769
5,238,0.241171016968088
6,238,0.255162043752149
7,238,0.244033435932593
8,238,0.242801336854696
9,238,0.231063139449339
10,238,0.228028101435862
11,238,0.248751366742887
12,238,0.239074382394552
13,238,0.226860529281199
14,238,0.228619171243859
15,238,0.25505711471336
16,238,0.251700300686294
17,238,0.227684204748599
18,238,0.251377667096909
1,239,0.22648323511146
2,239,0.247383477909258
3,239,0.233789726119954
4,239,0.247717195834499
5,239,0.245753255558899
6,239,0.243761435057037
7,239,0.23500690761162
8,239,0.238561765606515
9,239,0.236079402801348
10,239,0.232650451367022
11,239,0.248067857800284
12,239,0.226377002180321
13,239,0.231068785876501
14,239,0.243827885797014
15,239,0.242302755352808
16,239,0.244236555672484
17,239,0.250175702596549
18,239,0.260997947476804
1,240,0.259210432005581
2,240,0.259335729162209
3,240,0.249946699185763
4,240,0.251765146751655
5,240,0.259488198105479
6,240,0.233254107743502
7,240,0.249617413744796
8,240,0.229418843593681
9,240,0.243454744101269
10,240,0.252531772159506
11,240,0.226420650397427
12,240,0.231595668544993
13,240,0.229862318117172
14,240,0.254104656233918
15,240,0.239120709937066
16,240,0.248072351541137
17,240,0.25266479709791
18,240,0.234701692721806
1,241,0.239073614132591
2,241,0.237881631773431
3,241,0.250733042309526
4,241,0.246008203522302
5,241,0.231029748037923
6,241,0.236383009952493
7,241,0.239719736483181
8,241,0.244277104593581
9,241,0.246506436333526
10,241,0.236817666429793
11,241,0.23858786473074
12,241,0.25852580006374
13,241,0.24507213022816
14,241,0.246615893306676
15,241,0.234791668742197
16,241,0.239606851838995
17,241,0.248607418958796
18,241,0.23878431187151
1,242,0.242369470253121
2,242,0.232195633171592
3,242,0.242843293210259
4,242,0.258605308730854
5,242,0.226898115044693
6,242,0.239411436566385
7,242,0.234759135754081
8,242,0.246217638801551
9,242,0.228385562213603
10,242,0.248762764174258
11,242,0.227895877820207
12,242,0.236187230351148
13,242,0.236874302980956
14,242,0.241459248946281
15,242,0.241264413472032
16,242,0.260726273305714
17,242,0.247407456726301
18,242,0.237025052421028
1,243,0.256184746878222
2,243,0.237819356463384
3,243,0.249506818786263
4,243,0.257483028086368
5,243,0.255548672692617
6,243,0.229135980118532
7,243,0.236476771078538
8,243,0.244580398812192
9,243,0.239268569080392
10,243,0.255583780355752
11,243,0.256137679823674
12,243,0.249846839937614
13,243,0.243516855883878
14,243,0.254033218701603
15,243,0.227625920145307
16,243,0.235162238941062
17,243,0.232951750847511
18,243,0.2545651736625
1,244,0.255511118800147
2,244,0.25514822258288
3,244,0.235474036936881
4,244,0.226682287298841
5,244,0.248071016543778
6,244,0.25218203944061
7,244,0.243698584650643
8,244,0.238762038345682
9,244,0.236843737398973
10,244,0.238586153018055
11,244,0.238700600629905
12,244,0.244852721576113
13,244,0.248832867776742
14,244,0.240119419202907
15,244,0.246405062938808
16,244,0.250352071147878
17,244,0.257203317332547
18,244,0.25917856936832
1,245,0.240728376762941
2,245,0.248281137249665
3,245,0.23222822896461
4,245,0.228811080206884
5,245,0.245805918711936
6,245,0.25459462745022
7,245,0.252589463819982
8,245,0.246013838247396
9,245,0.260606402314967
10,245,0.260831002985593
11,245,0.237250310420292
12,245,0.232020627177786
13,245,0.239022745152703
14,245,0.244863212089054
15,245,0.254393572343048
16,245,0.250453962016851
17,245,0.257498369302135
18,245,0.251314053921029
1,246,0.234926751598483
2,246,0.236803508296376
3,246,0.252139307717094
4,246,0.233183617426781
5,246,0.236009416064713
6,246,0.25746047804621
7,246,0.231879301243695
8,246,0.231025881001493
9,246,0.251671670777956
10,246,0.24499924721336
11,246,0.244984220103594
12,246,0.250610312216682
13,246,0.248801950513385
14,246,0.252642248687567
15,246,0.235827564548468
16,246,0.260443184802076
17,246,0.259728498836281
18,246,0.226983158195158
1,247,0.252147339801537
2,247,0.238837183771189
3,247,0.238391836647876
4,247,0.226678884547669
5,247,0.252561285965145
6,247,0.231516642042203
7,247,0.22992964862287
8,247,0.250983479321236
9,247,0.241582663333043
10,247,0.226914928789716
11,247,0.258191072509158
12,247,0.25347256264207
13,247,0.240878828362562
14,247,0.230519849446369
15,247,0.254655130573316
16,247,0.251088235420408
17,247,0.240426555619575
18,247,0.232121909612557
1,248,0.2263773050569
2,248,0.237931595709175
3,248,0.232628023188096
4,248,0.245681988562224
5,248,0.246584528520703
6,248,0.235861455644714
7,248,0.258409610693576
8,248,0.250640785045922
9,248,0.23567596104485
10,248,0.251031351520447
11,248,0.247305126638617
12,248,0.240287507856498
13,248,0.231856118411757
14,248,0.226856205660384
15,248,0.231414713002974
16,248,0.246530384249287
17,248,0.233647009848151
18,248,0.22755370775843
1,249,0.258007852128008
2,249,0.256455019237706
3,249,0.254926475693006
4,249,0.247338476758683
5,249,0.251327118277783
6,249,0.253890927623957
7,249,0.256368585529504
8,249,0.250511892005103
9,249,0.237746978039155
10,249,0.243417416842654
11,249,0.253168618600117
12,249,0.240670552883763
13,249,0.246405752097722
14,249,0.236519390825648
15,249,0.231147304211278
16,249,0.235644386461005
17,249,0.233103923514951
18,249,0.233881838916801
1,250,0.244198596347356
2,250,0.258221810908522
3,250,0.24635110187484
4,250,0.235152520919451
5,250,0.23908892888017
6,250,0.245723861617967
7,250,0.231582701642998
8,250,0.249478081888752
9,250,0.2266394108315
10,250,0.226433588386513
11,250,0.249263362294529
12,250,0.233194730365882
13,250,0.239436260890448
14,250,0.231582627103431
15,250,0.25079933660361
16,250,0.247516280076467
17,250,0.228137287264923
18,250,0.240218939759303
1,251,0.229676460965071
2,251,0.240087696028873
3,251,0.241948680555448
4,251,0.247862583624898
5,251,0.228759934802307
6,251,0.237969395361375
7,251,0.226829020175152
8,251,0.237953075344209
9,251,0.253417642815271
10,251,0.251942358112661
11,251,0.254565988822375
12,251,0.22794471605937
13,251,0.23130297381687
14,251,0.248858708167914
15,251,0.239747614778113
16,251,0.232432080499362
17,251,0.230494103478501
18,251,0.230511371746194
1,252,0.247845626399154
2,252,0.243570095771225
3,252,0.243085663194302
4,252,0.256548573597334
5,252,0.232730418166844
6,252,0.252589615792036
7,252,0.233679037748603
8,252,0.231482830391265
9,252,0.231043479388114
10,252,0.25702244050242
11,252,0.249405108859297
12,252,0.241988007596461
13,252,0.251060111235362
14,252,0.250750483965036
15,252,0.248635131949792
16,252,0.258059065813664
17,252,0.23298757727514
18,252,0.241224746468011
1,253,0.227296256481437
2,253,0.231509599010693
3,253,0.250578663549619
4,253,0.251902745128842
5,253,0.241040586596588
6,253,0.238282688597916
7,253,0.242950107781449
8,253,0.226826285525691
9,253,0.255714787086705
10,253,0.248842630536761
11,253,0.232502667415189
12,253,0.245158184482949
13,253,0.25657919758372
14,253,0.234032685730141
15,253,0.23789066052204
16,253,0.253166314531351
17,253,0.234325267096516
18,253,0.228674558428116
1,254,0.240647311215522
2,254,0.232980549604632
3,254,0.248810865631327
4,254,0.247759498273022
5,254,0.240627225560835
6,254,0.231204050913453
7,254,0.232437381739961
8,254,0.240887617039494
9,254,0.239619053534931
10,254,0.228003851963673
11,254,0.226192923253635
12,254,0.25690496371733
13,254,0.236694154457888
14,254,0.259686697671656
15,254,0.24965275020944
16,254,0.25590041417419
17,254,0.241147865322651
18,254,0.258395882179262
1,255,0.252403187512187
2,255,0.235696527470369
3,255,0.250027856581379
4,255,0.258247153888457
5,255,0.251926107207779
6,255,0.249537711765384
7,255,0.252043583943974
8,255,0.229967461525463
9,255,0.227436899360269
10,255,0.239059221265139
11,255,0.24355808130838
12,255,0.259263446636265
13,255,0.259195972682443
14,255,0.248561641177163
15,255,0.237040442083031
16,255,0.244632815977326
17,255,0.249612907307688
18,255,0.256001893221634
1,256,0.245495363408932
2,256,0.229303760370472
3,256,0.250893416179111
4,256,0.255232756538549
5,256,0.23974798022327
6,256,0.23281544655934
7,256,0.235043849410955
8,256,0.227300121415406
9,256,0.244503921257798
10,256,0.246676680465695
11,256,0.246380962700583
12,256,0.257396552475635
13,256,0.240926947274944
14,256,0.234315386101604
15,256,0.243938933045371
16,256,0.228327797325561
17,256,0.249085746242432
18,256,0.25171163701592
1,257,0.233658707385417
2,257,0.232643578170333
3,257,0.256547639167635
4,257,0.236215340218274
5,257,0.260514322505565
6,257,0.251520104703028
7,257,0.258556639430113
8,257,0.252311596590094
9,257,0.237366741793463
10,257,0.239139250380918
11,257,0.227195608117851
12,257,0.25731894641323
13,257,0.244256394671043
14,257,0.238068094108254
15,257,0.25437255182676
16,257,0.253713842492085
17,257,0.253361142981099
18,257,0.244621357737575
1,258,0.229828858970664
2,258,0.257091882832116
3,258,0.230648781447904
4,258,0.255042110909941
5,258,0.245361921042437
6,258,0.245504479662282
7,258,0.251702922324417
8,258,0.23959598029172
9,258,0.254302744141547
10,258,0.255823662721319
11,258,0.25375017038919
12,258,0.240594415047904
13,258,0.231828490562271
14,258,0.251369429932907
15,258,0.229313031268772
16,258,0.227990591801004
17,258,0.226772890610388
18,258,0.248830067755422
1,259,0.250261893201619
2,259,0.232478472753661
3,259,0.253866871757433
4,259,0.253677971855737
5,259,0.248102789386408
6,259,0.259436648343923
7,259,0.231067004489247
8,259,0.228136865949724
9,259,0.258953422970604
10,259,0.255635953847319
11,259,0.238447281918721
12,259,0.240044747409644
13,259,0.259683414263651
14,259,0.229408444130328
15,259,0.250826232837513
16,259,0.245380700343754
17,259,0.256906324327225
18,259,0.251654380784836
1,260,0.248033463164698
2,260,0.231442526708357
3,260,0.242597890728153
4,260,0.241231559646782
5,260,0.231447331352625
6,260,0.255159804272931
7,260,0.236088633141713
8,260,0.248256031293655
9,260,0.242842477292521
10,260,0.245812456639484
11,260,0.247386982499389
12,260,0.229711757564452
13,260,0.24303624611022
14,260,0.231682527561439
15,260,0.241028037114535
16,260,0.249466642758576
17,260,0.246047701213043
18,260,0.235340653545223
1,261,0.236500346500194
2,261,0.226374243156984
3,261,0.236360030961456
4,261,0.250633204102283
5,261,0.228545799586223
6,261,0.26011252561491
7,261,0.254045476723928
8,261,0.25718509218446
9,261,0.244155075190589
10,261,0.238019249235746
11,261,0.242333716181107
12,261,0.229802435765974
13,261,0.234027998709586
14,261,0.239120598905953
15,261,0.240075414031977
16,261,0.249307813040446
17,261,0.230849823687691
18,261,0.242253873996902
1,262,0.231145722492598
2,262,0.245348974570166
3,262,0.226962332629133
4,262,0.254174357386306
5,262,0.255290655356599
6,262,0.233049857727252
7,262,0.245254193620291
8,262,0.247453329249052
9,262,0.230621574180201
10,262,0.250405461377464
11,262,0.256721066115657
12,262,0.259263848809293
13,262,0.251685816361802
14,262,0.226059964925749
15,262,0.252987524197903
16,262,0.23804704333446
17,262,0.240374147915514
18,262,0.226109659860609
1,263,0.237766801481135
2,263,0.237353488842724
3,263,0.242133079797728
4,263,0.254886365240905
5,263,0.249000164144905
6,263,0.238831620008219
7,263,0.253584195295349
8,263,0.239357451193733
9,263,0.259040795940906
10,263,0.253013573449804
11,263,0.236687300264835
12,263,0.234433655302506
13,263,0.231422142064199
14,263,0.257085211064201
15,263,0.244905903474661
16,263,0.257726720884908
17,263,0.260956070753979
18,263,0.245432254016865
1,264,0.237693549288902
2,264,0.249404387698974
3,264,0.256591275927145
4,264,0.260227725818055
5,264,0.240138762876391
6,264,0.251703163577709
7,264,0.237064613055205
8,264,0.241982233717805
9,264,0.234355296363588
10,264,0.250231993431458
11,264,0.240572186847217
12,264,0.250142945354106
13,264,0.259238893219968
14,264,0.227783136461163
15,264,0.247651544062188
16,264,0.252132825260283
17,264,0.250044560411712
18,264,0.256606585736387
1,265,0.253971692152787
2,265,0.256889451599214
3,265,0.260329932919936
4,265,0.245200632317225
5,265,0.253335453698179
6,265,0.246281946840696
7,265,0.228687086429214
8,265,0.24240775703243
9,265,0.231273881636094
10,265,0.245469568954082
11,265,0.227959259334253
12,265,0.251778954385314
13,265,0.226076858947286
14,265,0.229056007630657
15,265,0.257556070521474
16,265,0.260095527912723
17,265,0.236876270933077
18,265,0.248469784701243
1,266,0.248874870671658
2,266,0.24742986837076
3,266,0.256846245941939
4,266,0.253352374994662
5,266,0.23665344194416
6,266,0.227890463177115
7,266,0.24162115537934
8,266,0.240910613110987
9,266,0.248292437177384
10,266,0.252064584046835
11,266,0.246627331255237
12,266,0.242199880866334
13,266,0.233678026774665
14,266,0.24187177821435
15,266,0.252864393887809
16,266,0.235038398251869
17,266,0.250756961092353
18,266,0.253255394243402
1,267,0.239527549775317
2,267,0.236799621661427
3,267,0.229877363317879
4,267,0.242796171002788
5,267,0.251785973124439
6,267,0.244120277355192
7,267,0.258314972311724
8,267,0.226506050395779
9,267,0.258070021149702
10,267,0.246286337226862
11,267,0.254299909845227
12,267,0.241174557878636
13,267,0.237007497208193
14,267,0.240308902121847
15,267,0.236415622043656
16,267,0.230205082767876
17,267,0.235743018540321
18,267,0.235644568527583
1,268,0.237909815536346
2,268,0.226641932659782
3,268,0.252631337446161
4,268,0.24165077909152
5,268,0.247041221369524
6,268,0.229671268661274
7,268,0.22710953824129
8,268,0.23246195349982
9,268,0.227099042480346
10,268,0.25885864947713
11,268,0.243181195635349
12,268,0.254086890929844
13,268,0.245585773571162
14,268,0.229845105523942
15,268,0.226367996941786
16,268,0.24113087784755
17,268,0.233249276851071
18,268,0.254220147676766
1,269,0.243884787144139
2,269,0.244854029070353
3,269,0.258483502131654
4,269,0.228665871117497
5,269,0.226772247721907
6,269,0.245523915273603
7,269,0.22966305681644
8,269,0.235208063229453
9,269,0.23090009738598
10,269,0.231354419319192
11,269,0.245936552859144
12,269,0.228049224426737
13,269,0.248036596222315
14,269,0.251760010603117
15,269,0.239097803358687
16,269,0.250682808362413
17,269,0.227870582667179
18,269,0.246431532226503
1,270,0.235245831442531
2,270,0.23230084197619
3,270,0.236065089778509
4,270,0.247134329355555
5,270,0.240690590426326
6,270,0.248263094763039
7,270,0.259169255899265
8,270,0.244404216882773
9,270,0.234724652163219
10,270,0.252006547322031
11,270,0.24456384697021
12,270,0.230771790385712
13,270,0.234409841553075
14,270,0.230139229729772
15,270,0.229760594621999
16,270,0.248777230187785
17,270,0.251815818198025
18,270,0.241652003717842
1,271,0.23113501018635
2,271,0.255418291019974
3,271,0.260890904038912
4,271,0.226680916787824
5,271,0.244790611089207
6,271,0.253873532100348
7,271,0.244340810660739
8,271,0.234631002842449
9,271,0.242571515855612
10,271,0.236226172332186
11,271,0.259858390798559
12,271,0.250468324838672
13,271,0.252132103236159
14,271,0.226477117814589
15,271,0.240031873594504
16,271,0.241885342655238
17,271,0.230261909909546
18,271,0.235002044677036
1,272,0.231231298942817
2,272,0.240594236469129
3,272,0.233568047274835
4,272,0.244294195048511
5,272,0.257073249219917
6,272,0.244082186112879
7,272,0.240876876920462
8,272,0.236333447521552
9,272,0.233856290327618
10,272,0.22786121442006
11,272,0.253504295057151
12,272,0.259535435100785
13,272,0.257875075646676
14,272,0.236216788976686
15,272,0.234528607032495
16,272,0.236771835100604
17,272,0.237486448678188
18,272,0.247511480060872
1,273,0.24822708732821
2,273,0.229782665129984
3,273,0.24343235749891
4,273,0.227664913815912
5,273,0.249021716217045
6,273,0.259410770752234
7,273,0.259486385222059
8,273,0.257862696814351
9,273,0.242657336085336
10,273,0.238922903368017
11,273,0.23963142846385
12,273,0.258927212856012
13,273,0.250020808432251
14,273,0.240593748844927
15,273,0.242811282732524
16,273,0.252147996763466
17,273,0.251722237402806
18,273,0.242491340138018
1,274,0.240398645665497
2,274,0.240072767441394
3,274,0.249495715389727
4,274,0.250176113220165
5,274,0.228062873324612
6,274,0.242107036576141
7,274,0.243694130294258
8,274,0.231500934126321
9,274,0.236599812465953
10,274,0.233007516776212
11,274,0.230092081045965
12,274,0.255795980794588
13,274,0.237892228623619
14,274,0.22816231390601
15,274,0.248576809225138
16,274,0.252729074358009
17,274,0.244787552693393
18,274,0.243585625841748
1,275,0.252459894723957
2,275,0.257010785128456
3,275,0.254931761197746
4,275,0.243530898316763
5,275,0.253870364254341
6,275,0.232750605701236
7,275,0.239047434976324
8,275,0.24025191504648
9,275,0.229222214027774
10,275,0.226070342443651
11,275,0.239636359141674
12,275,0.231549203063129
13,275,0.256762556059053
14,275,0.246666764731286
15,275,0.241807990460889
16,275,0.244644672674127
17,275,0.227777466833591
18,275,0.252369381899713
1,276,0.250094780138694
2,276,0.230477715791436
3,276,0.247383563898271
4,276,0.248739214291796
5,276,0.238052463078871
6,276,0.250111611119006
7,276,0.245908572505228
8,276,0.235684714965988
9,276,0.258009632952977
10,276,0.227611387081211
11,276,0.257607158752158
12,276,0.254612037006533
13,276,0.237343088605208
14,276,0.240614904114278
15,276,0.243648910373682
16,276,0.245323127879761
17,276,0.228553627952002
18,276,0.237172974630026
1,277,0.234168380646966
2,277,0.229416074204724
3,277,0.26021918933047
4,277,0.237978896087967
5,277,0.258652712089475
6,277,0.254353781799087
7,277,0.240326741468394
8,277,0.253913942813175
9,277,0.234551292053889
10,277,0.253244409766281
11,277,0.229005509678042
12,277,0.233419171363581
13,277,0.26041376858158
14,277,0.227580414811615
15,277,0.245097074229503
16,277,0.249582209091401
17,277,0.235669559875038
18,277,0.243253458285704
1,278,0.256082435174845
2,278,0.242967580672354
3,278,0.230751470738556
4,278,0.237100779934786
5,278,0.252818873225711
6,278,0.227581209810683
7,278,0.258381626729621
8,278,0.249902181902668
9,278,0.240586860368727
10,278,0.23073670299747
11,278,0.258432721235091
12,278,0.234106177146547
13,278,0.251879621809581
14,278,0.226283625201555
15,278,0.234702045845566
16,278,0.260631211139495
17,278,0.251099266583566
18,278,0.248810490089469
1,279,0.234419467253843
2,279,0.229037746414775
3,279,0.236383669815492
4,279,0.24497240806371
5,279,0.253322690954898
6,279,0.235514453639276
7,279,0.237101022100775
8,279,0.259167913828511
9,279,0.24315895488509
10,279,0.260053569340613
11,279,0.255606515282067
12,279,0.260288484373828
13,279,0.229989638264757
14,279,0.236989352947799
15,279,0.259063685593661
16,279,0.248454071023967
17,279,0.260279770652065
18,279,0.260020420266315
1,280,0.251569296261529
2,280,0.239714499563212
3,280,0.249221183004789
4,280,0.235003131086938
5,280,0.236842946417397
6,280,0.255415973383002
7,280,0.25008955959836
8,280,0.253122624142794
9,280,0.236774401129456
10,280,0.248454702837858
11,280,0.247468706964515
12,280,0.233929410561919
13,280,0.234615572598064
14,280,0.256721530237934
15,280,0.253466940401355
16,280,0.226898140592035
17,280,0.252436658751918
18,280,0.257420056209899
1,281,0.257257306706393
2,281,0.230180251680082
3,281,0.260169523944147
4,281,0.257851825894555
5,281,0.23506488180859
6,281,0.257113740551518
7,281,0.255155884414213
8,281,0.241374983086949
9,281,0.228686299318448
10,281,0.256315389435273
11,281,0.237328159202822
12,281,0.23412326968764
13,281,0.254972638200503
14,281,0.260704481137451
15,281,0.23405486523197
16,281,0.229108505088603
17,281,0.248231776671251
18,281,0.255979282992426
1,282,0.232437963746721
2,282,0.243691619727993
3,282,0.238444620920578
4,282,0.254857355944347
5,282,0.242930511405226
6,282,0.234116952461423
7,282,0.235455720160622
8,282,0.254804772529984
9,282,0.226904268882005
10,282,0.240207392686512
11,282,0.246861211494775
12,282,0.244505887840875
13,282,0.249889981795801
14,282,0.243773451769026
15,282,0.245403012838447
16,282,0.255443403666373
17,282,0.236937855609227
18,282,0.227258184210164
1,283,0.254559792120941
2,283,0.253250187629834
3,283,0.256078282195609
4,283,0.228300177478464
5,283,0.226308214147808
6,283,0.24670883064298
7,283,0.25643653831468
8,283,0.241620216003153
9,283,0.227315125161782
10,283,0.240360170414438
11,283,0.238782567391405
12,283,0.242680469069397
13,283,0.230678721450036
14,283,0.242780968981329
15,283,0.235250944211381
16,283,0.243147652952699
17,283,0.257712142161559
18,283,0.243534907049267
1,284,0.250622738346225
2,284,0.228026850968832
3,284,0.250125882117078
4,284,0.253957834654953
5,284,0.226659926137887
6,284,0.227288510013837
7,284,0.246223778125364
8,284,0.253651255080709
9,284,0.25173413616512
10,284,0.235398820166243
11,284,0.25418782485323
12,284,0.240872650721809
13,284,0.231782531748991
14,284,0.247141664930619
15,284,0.25490161246527
16,284,0.253333282459294
17,284,0.228851691476535
18,284,0.2284765428924
1,285,0.259563600617927
2,285,0.229160246500047
3,285,0.233428793829167
4,285,0.241372125753202
5,285,0.253225502100773
6,285,0.255799278577557
7,285,0.247865336634219
8,285,0.239581431850325
9,285,0.231031419779407
10,285,0.256858548148535
11,285,0.256580963438842
12,285,0.237851829221705
13,285,0.24396595372376
14,285,0.243287739852909
15,285,0.253770323224831
16,285,0.258144529171055
17,285,0.246522609406617
18,285,0.254821813797113
1,286,0.254260361850262
2,286,0.235855054450454
3,286,0.24380270097428
4,286,0.236333030411275
5,286,0.256366831930587
6,286,0.250967858681921
7,286,0.238682295718696
8,286,0.260896059060702
9,286,0.250535115826875
10,286,0.234311761288205
11,286,0.248662393799983
12,286,0.238038329539355
13,286,0.254021914145211
14,286,0.23737597527937
15,286,0.235355004167883
16,286,0.228442339319969
17,286,0.245968107974855
18,286,0.226145979461959
1,287,0.235831557797734
2,287,0.235803051950876
3,287,0.254638026770204
4,287,0.230106700889533
5,287,0.23517576006148
6,287,0.241373148412909
7,287,0.259543456224725
8,287,0.237116881760536
9,287,0.253487061463762
10,287,0.230603534480557
11,287,0.243308601820841
12,287,0.244382369903848
13,287,0.25701451945724
14,287,0.238658935937798
15,287,0.242320265558315
16,287,0.241402722000144
17,287,0.250968014842598
18,287,0.227791507123271
1,288,0.250546122770989
2,288,0.249221670571947
3,288,0.249235323585104
4,288,0.243496628280496
5,288,0.235636633963091
6,288,0.239061577716144
7,288,0.229692347679753
8,288,0.234923674516846
9,288,0.227621310182381
10,288,0.242436280921334
11,288,0.237343095605262
12,288,0.233349556632107
13,288,0.252342093345011
14,288,0.234535643471405
15,288,0.240193838961655
16,288,0.250618911924772
17,288,0.230004709729925
18,288,0.230716461336939
1,289,0.260456688076025
2,289,0.260187047065934
3,289,0.252553217543988
4,289,0.22705208173045
5,289,0.260097340462031
6,289,0.252609462149208
7,289,0.257060471368255
8,289,0.2337683586895
9,289,0.235466600875603
10,289,0.247253925869241
11,289,0.237906950558769
12,289,0.25249392519379
13,289,0.228619309509173
14,289,0.25717201232817
15,289,0.252967276580399
16,289,0.256894445130834
17,289,0.259172150490573
18,289,0.237340176957892
1,290,0.232253090146929
2,290,0.231244752002182
3,290,0.230012521740515
4,290,0.242494743215153
5,290,0.254395320726559
6,290,0.256335984977428
7,290,0.228264469522052
8,290,0.251618476875825
9,290,0.260043543593725
10,290,0.236889101916691
11,290,0.251073475021636
12,290,0.246832065424183
13,290,0.22751137823239
14,290,0.241719790457515
15,290,0.248353618849302
16,290,0.254023628375959
17,290,0.244965948546538
18,290,0.256863688176032
1,291,0.226237498639617
2,291,0.241638868341921
3,291,0.242915707677836
4,291,0.253764451972907
5,291,0.235748000215041
6,291,0.246669260564027
7,291,0.232561082892586
8,291,0.254254861201858
9,291,0.246801809392869
10,291,0.235531904315809
11,291,0.254090469855815
12,291,0.247171732897637
13,291,0.259527093726443
14,291,0.232251324609621
15,291,0.226148325033952
16,291,0.239011636548908
17,291,0.25300054608169
18,291,0.246059475237504
1,292,0.231966081613442
2,292,0.229128840096761
3,292,0.256667942711152
4,292,0.23109591305512
5,292,0.248234683241695
6,292,0.241618319436908
7,292,0.25840177650121
8,292,0.247416492580902
9,292,0.228417412097566
10,292,0.244088290183805
11,292,0.250134942875244
12,292,0.242971687544137
13,292,0.247562237251783
14,292,0.24276940230187
15,292,0.255842713712715
16,292,0.235368046196178
17,292,0.240300717967562
18,292,0.253986590596847
1,293,0.25657920856867
2,293,0.244861339309951
3,293,0.237486090575345
4,293,0.246240119933151
5,293,0.237685633100569
6,293,0.231547347266693
7,293,0.243854332821444
8,293,0.227276557174278
9,293,0.230986730974633
10,293,0.232017457661219
11,293,0.237339632062009
12,293,0.23837504805089
13,293,0.256327545863111
14,293,0.238475376139628
15,293,0.25927503426699
16,293,0.24288478917582
17,293,0.256359525904059
18,293,0.237116826354992
1,294,0.237741361893946
2,294,0.231649095176486
3,294,0.247872883408796
4,294,0.232419320469722
5,294,0.24487298893882
6,294,0.232865981247975
7,294,0.229640357151162
8,294,0.237559253535233
9,294,0.247054885709891
10,294,0.250164311578497
11,294,0.233171026050346
12,294,0.240525891738012
13,294,0.231055062642787
14,294,0.233264515478164
15,294,0.252807515007677
16,294,0.242856951023219
17,294,0.23438228214765
18,294,0.253874046225334
1,295,0.241495584560558
2,295,0.231948243652238
3,295,0.231778461042792
4,295,0.259902733349241
5,295,0.244280743692303
6,295,0.244288664550055
7,295,0.250106698352844
8,295,0.253582806595601
9,295,0.250232529306319
10,295,0.256780057536904
11,295,0.230939536884194
12,295,0.235283584506484
13,295,0.257353411587188
14,295,0.238386865990702
15,295,0.258629719742108
16,295,0.23744936772529
17,295,0.248588735604659
18,295,0.244247000167612
1,296,0.245689828923438
2,296,0.243458451912971
3,296,0.244578861595597
4,296,0.239409796141787
5,296,0.24705674639577
6,296,0.235211325987708
7,296,0.248634464801522
8,296,0.249311946747126
9,296,0.245404521199176
10,296,0.236787406421732
11,296,0.252018549422733
12,296,0.255646741931792
13,296,0.238898294676561
14,296,0.241443522369023
15,296,0.25647183377319
16,296,0.240309667482739
17,296,0.242973960198229
18,296,0.243629916768055
1,297,0.227384961768053
2,297,0.239834944737609
3,297,0.242109910672531
4,297,0.245492516994942
5,297,0.249539944855729
6,297,0.249879774055677
7,297,0.257173008201877
8,297,0.249311297958717
9,297,0.244340209528105
10,297,0.236885982899927
11,297,0.226916497567669
12,297,0.230551453847671
13,297,0.243567465470638
14,297,0.24388233496598
15,297,0.230032797162654
16,297,0.234964683306403
17,297,0.231757711662445
18,297,0.235778871110175
1,298,0.231338679670822
2,298,0.241011780464556
3,298,0.233422779732151
4,298,0.228729847016744
5,298,0.256529024371644
6,298,0.233496212458937
7,298,0.233099311082857
8,298,0.237079385661287
9,298,0.237560780924046
10,298,0.252923033440253
11,298,0.24605714592291
12,298,0.231674132721033
13,298,0.254467913446948
14,298,0.258268877107417
15,298,0.234836810162757
16,298,0.25230014663795
17,298,0.233151849367656
18,298,0.255023516356247
1,299,0.236570502990158
2,299,0.25283130096877
3,299,0.230222925186623
4,299,0.255562798246043
5,299,0.254742781655164
6,299,0.255886143257609
7,299,0.226509470928228
8,299,0.227327412879327
9,299,0.236459978838917
10,299,0.237434167635161
11,299,0.228617039699107
12,299,0.250782876805402
13,299,0.226881523418939
14,299,0.254842116282322
15,299,0.243900099006947
16,299,0.252834768276894
17,299,0.25883015753259
18,299,0.244968635092024
1,300,0.259212821843335
2,300,0.237093063341687
3,300,0.236037777322577
4,300,0.259893321871292
5,300,0.234502033893019
6,300,0.253990711053135
7,300,0.236332364240894
8,300,0.250387496078853
9,300,0.25264137389278
10,300,0.235580560374307
11,300,0.226182283857139
12,300,0.240773497818969
13,300,0.246923592156032
14,300,0.241475858027348
15,300,0.237988905887119
16,300,0.244082623709925
17,300,0.233995989405317
18,300,0.236129699512618
1,301,0.226784760280512
2,301,0.244492828202434
3,301,0.240646213804372
4,301,0.260117928816704
5,301,0.227734880057629
6,301,0.248347542868229
7,301,0.243286265074508
8,301,0.226164718857268
9,301,0.23248969377391
10,301,0.248198781736661
11,301,0.244146530154627
12,301,0.257208775752457
13,301,0.249716075747507
14,301,0.243981879659928
15,301,0.236752786830999
16,301,0.239908626206685
17,301,0.231365366090555
18,301,0.239293313176837
1,302,0.235462395481532
2,302,0.259085141580086
3,302,0.234829114064574
4,302,0.251750600445317
5,302,0.228368887565099
6,302,0.238978314779466
7,302,0.233612973673968
8,302,0.256764360222966
9,302,0.240816229697317
10,302,0.237236244501779
11,302,0.240441388952546
12,302,0.231473859525518
13,302,0.248019440444419
14,302,0.252928881190252
15,302,0.25756299672788
16,302,0.247355259178672
17,302,0.248074013324454
18,302,0.249172246284084
1,303,0.258549980733311
2,303,0.260728621974355
3,303,0.235048074810999
4,303,0.236179511965252
5,303,0.257905970695661
6,303,0.239065752942348
7,303,0.251324118204881
8,303,0.255399028454209
9,303,0.230084069660166
10,303,0.255559091730043
11,303,0.248967732205289
12,303,0.226324823774863
13,303,0.22977702469239
14,303,0.240950850810856
15,303,0.254988378101494
16,303,0.237734355533263
17,303,0.236314011967275
18,303,0.25773697319231
1,304,0.240233575501712
2,304,0.245867880445672
3,304,0.234693964997074
4,304,0.230699310391443
5,304,0.232897015083814
6,304,0.244553998685675
7,304,0.259447239253437
8,304,0.240698890761938
9,304,0.255377374461619
10,304,0.228789464849047
11,304,0.252258043028647
12,304,0.235312467753189
13,304,0.24452702637203
14,304,0.227577503465815
15,304,0.252923267432721
16,304,0.25786845766264
17,304,0.252107282000594
18,304,0.229409423404373
1,305,0.259095654087374
2,305,0.232248484193347
3,305,0.254082197830081
4,305,0.249494386381935
5,305,0.240641257139156
6,305,0.252372777830111
7,305,0.240522388834739
8,305,0.246791104054078
9,305,0.237195322108688
10,305,0.248626842745813
11,305,0.238530931602232
12,305,0.256514605753124
13,305,0.240225784882437
14,305,0.241954046923434
15,305,0.257125941913342
16,305,0.248822901656618
17,305,0.226348127848702
18,305,0.248944560741307
1,306,0.234448567958549
2,306,0.259794207676547
3,306,0.241650035040453
4,306,0.249402087753639
5,306,0.229489527336787
6,306,0.233235388427507
7,306,0.25915505170729
8,306,0.245881122419611
9,306,0.240262939551845
10,306,0.246292842867784
11,306,0.230620513358386
12,306,0.243428864570102
13,306,0.232520499672042
14,306,0.234417406394146
15,306,0.254297625171253
16,306,0.249749451602343
17,306,0.259921623624628
18,306,0.230845492871245
1,307,0.241769297010265
2,307,0.243134948483435
3,307,0.244991592789534
4,307,0.241971666065743
5,307,0.23199999983795
6,307,0.251019409633242
7,307,0.257710739624687
8,307,0.236160129885189
9,307,0.252776912942296
10,307,0.258534774148371
11,307,0.226347298623528
12,307,0.243516846781364
13,307,0.235078588801203
14,307,0.242174797263229
15,307,0.240260640698485
16,307,0.255235915624304
17,307,0.230686367480317
18,307,0.256433597281808
1,308,0.239731915769167
2,308,0.247700339420931
3,308,0.230498008098453
4,308,0.25685860451567
5,308,0.24841111737676
6,308,0.243919737636112
7,308,0.248100071556633
8,308,0.259761595886899
9,308,0.253695943347644
10,308,0.259214958432363
11,308,0.249151165456511
12,308,0.241951844595838
13,308,0.259059066283749
14,308,0.249429912289139
15,308,0.238239404750289
16,308,0.238134876702912
17,308,0.226547659780132
18,308,0.241795173974475
1,309,0.243858239877969
2,309,0.228108024214394
3,309,0.251973677353468
4,309,0.231359660509275
5,309,0.238044316801475
6,309,0.239324623901863
7,309,0.258178107179934
8,309,0.248300018471433
9,309,0.256211685185786
10,309,0.240450497146463
11,309,0.250658779184101
12,309,0.232904734243872
13,309,0.244473473527702
14,309,0.257492803012952
15,309,0.236172584365355
16,309,0.236696969171986
17,309,0.241042175282724
18,309,0.257034432970919
1,310,0.249818505970994
2,310,0.241322715383954
3,310,0.255169947496848
4,310,0.234470177465351
5,310,0.239424994235393
6,310,0.230209320888622
7,310,0.23416302499501
8,310,0.250065137211001
9,310,0.260767231962178
10,310,0.255125883204397
11,310,0.250428782246541
12,310,0.244369464079151
13,310,0.232408602002775
14,310,0.260374963847222
15,310,0.254842372806976
16,310,0.259890051974449
17,310,0.24436078126682
18,310,0.252042750660563
1,311,0.253853760779835
2,311,0.243549943978665
3,311,0.244222916537197
4,311,0.25066493339627
5,311,0.242684620386222
6,311,0.236293291198323
7,311,0.244763479110785
8,311,0.246623607878806
9,311,0.249104073547292
10,311,0.259467199314618
11,311,0.235481587753398
12,311,0.235266011577565
13,311,0.234964093484683
14,311,0.24122624744568
15,311,0.24093453895906
16,311,0.239697941650171
17,311,0.245880231734132
18,311,0.239055970445275
1,312,0.239141764557222
2,312,0.236730363036273
3,312,0.247853032113286
4,312,0.231762438637903
5,312,0.230735092773335
6,312,0.228870721337385
7,312,0.228667737026932
8,312,0.250151310091838
9,312,0.2599764325344
10,312,0.253738571129739
11,312,0.24891238650796
12,312,0.250154796982184
13,312,0.238098567516077
14,312,0.248541917593917
15,312,0.23964142229897
16,312,0.230350220373599
17,312,0.25343327853037
18,312,0.256382884299615
1,313,0.240584802564932
2,313,0.248715027771192
3,313,0.246166087165708
4,313,0.257292665181682
5,313,0.239846364741912
6,313,0.239877136381343
7,313,0.236781678789062
8,313,0.229399570548208
9,313,0.251426663460676
10,313,0.257141289982479
11,313,0.245469113086816
12,313,0.230605303627905
13,313,0.257622842563083
14,313,0.239878003035206
15,313,0.230557365796063
16,313,0.257486034336267
17,313,0.24161645460315
18,313,0.241171609454555
1,314,0.240602995230816
2,314,0.236995548989158
3,314,0.230942636449123
4,314,0.253666417416185
5,314,0.255428912382573
6,314,0.232753950553248
7,314,0.242003257624106
8,314,0.234847364034737
9,314,0.228902933357982
10,314,0.252916918066563
11,314,0.235690737432102
12,314,0.243677734881872
13,314,0.230707763937768
14,314,0.24270322273043
15,314,0.25577163746953
16,314,0.226492408522405
17,314,0.260807613085723
18,314,0.253615257123252
1,315,0.234758610090008
2,315,0.251918318153126
3,315,0.242214017934399
4,315,0.227240965627367
5,315,0.247355586054269
6,315,0.240009315388976
7,315,0.260881884523202
8,315,0.241490579424659
9,315,0.226347530448344
10,315,0.226890503183473
11,315,0.236627451406326
12,315,0.230351784229511
13,315,0.230008475709707
14,315,0.241821705757407
15,315,0.240348914002767
16,315,0.235496834016172
17,315,0.239695945730433
18,315,0.245471880340716
1,316,0.234146373563213
2,316,0.227659788261168
3,316,0.25983395970799
4,316,0.231591823722934
5,316,0.247050253883004
6,316,0.258848228003131
7,316,0.260708019472891
8,316,0.246700051394524
9,316,0.253822245113784
10,316,0.229071111447643
11,316,0.229600790445926
12,316,0.230563880099449
13,316,0.233895208855625
14,316,0.237732204112923
15,316,0.247265585529618
16,316,0.232873460491188
17,316,0.235858316279715
18,316,0.228830819191877
1,317,0.248345368557144
2,317,0.256009704466211
3,317,0.25288316533342
4,317,0.247151000711834
5,317,0.249210848424351
6,317,0.252141938628862
7,317,0.241626064991811
8,317,0.233252964444924
9,317,0.235097802985925
10,317,0.241182406445965
11,317,0.22945251605846
12,317,0.227159643881256
13,317,0.24816930256458
14,317,0.244819841160439
15,317,0.254763813547557
16,317,0.249152771271998
17,317,0.24238875317527
18,317,0.256048269642284
1,318,0.253106120396638
2,318,0.239381772777066
3,318,0.260546542023309
4,318,0.233476714132354
5,318,0.260070135687944
6,318,0.241782104051905
7,318,0.23686166978348
8,318,0.256072550520999
9,318,0.2507699073283
10,318,0.245493855113396
11,318,0.234444586826954
12,318,0.244353941350942
13,318,0.252419548274716
14,318,0.24349488082598
15,318,0.242685539169703
16,318,0.243624788964167
17,318,0.247326742982492
18,318,0.243273713783361
1,319,0.232830818000017
2,319,0.24392418818688
3,319,0.257008994883159
4,319,0.22866018440132
5,319,0.242325983379502
6,319,0.256306390463375
7,319,0.237473963614553
8,319,0.246829303263454
9,319,0.242431183089735
10,319,0.252588544246042
11,319,0.24456571221957
12,319,0.259904474846786
13,319,0.259220969416434
14,319,0.246124818600016
15,319,0.230667025550734
16,319,0.234864813643741
17,319,0.260756175887305
18,319,0.240272103778785
1,320,0.233688406631351
2,320,0.238188601525268
3,320,0.245926202412462
4,320,0.227061895096209
5,320,0.226692589812679
6,320,0.237740933994297
7,320,0.234974265157012
8,320,0.226795057301875
9,320,0.252874629016966
10,320,0.253332896559965
11,320,0.25026558494335
12,320,0.22778765397286
13,320,0.249075740688946
14,320,0.252693483389681
15,320,0.2372116865383
16,320,0.240139355371008
17,320,0.227141795847798
18,320,0.243227931454545
1,321,0.230958621661644
2,321,0.253970545007847
3,321,0.240318934469484
4,321,0.258775215809234
5,321,0.251651841794606
6,321,0.241223694308661
7,321,0.253959011446219
8,321,0.238820545027498
9,321,0.239334565468831
10,321,0.249574167684419
11,321,0.241391947687604
12,321,0.250941185202915
13,321,0.241236118506873
14,321,0.249288016107399
15,321,0.244307245755568
16,321,0.257625503496034
17,321,0.258825487812515
18,321,0.259638501008973
1,322,0.234179536490934
2,322,0.241100581690203
3,322,0.240660756728845
4,322,0.231585456958506
5,322,0.244598119125236
6,322,0.258672533347504
7,322,0.22916417115042
8,322,0.248974011619808
9,322,0.232248115537455
10,322,0.234700374250766
11,322,0.246277675031684
12,322,0.229470362877706
13,322,0.249286742741475
14,322,0.247709617449669
15,322,0.256550647422206
16,322,0.232959459845675
17,322,0.237224954809295
18,322,0.240339799102163
1,323,0.258445457510184
2,323,0.227521831121063
3,323,0.232777442275779
4,323,0.251202219146304
5,323,0.227932447907748
6,323,0.260343195568072
7,323,0.226903929562774
8,323,0.243822460291209
9,323,0.256282501783222
10,323,0.236556511431932
11,323,0.247691887765191
12,323,0.245783258748939
13,323,0.241684071214637
14,323,0.25899031169503
15,323,0.23945843352261
16,323,0.238074668022105
17,323,0.259028075972106
18,323,0.229237765171798
1,324,0.256980341717368
2,324,0.236442754559917
3,324,0.231521321581909
4,324,0.229916536846664
5,324,0.22887385485135
6,324,0.234114914565813
7,324,0.256138663979014
8,324,0.240462363776984
9,324,0.250936411264353
10,324,0.258546193052549
11,324,0.236663876440376
12,324,0.251849198543001
13,324,0.248893996430794
14,324,0.236656487505185
15,324,0.226753363305703
16,324,0.239375067858724
17,324,0.234854300240055
18,324,0.244644283449976
1,325,0.249387749044923
2,325,0.236219375158194
3,325,0.24248283759132
4,325,0.23928514327528
5,325,0.229497936291387
6,325,0.23223703066376
7,325,0.255575367856305
8,325,0.24254263715609
9,325,0.256715904900571
10,325,0.255462555298815
11,325,0.232075949642109
12,325,0.251360827812692
13,325,0.240925103433197
14,325,0.246482229138725
15,325,0.252862237463938
16,325,0.258396815019893
17,325,0.254214566401439
18,325,0.258967805105727
1,326,0.236447159589967
2,326,0.226057271143887
3,326,0.2326438894975
4,326,0.252017787533347
5,326,0.248224340471439
6,326,0.243697284889873
7,326,0.226968848611228
8,326,0.228137169714551
9,326,0.231986274509924
10,326,0.260794558711583
11,326,0.253314437639434
12,326,0.244281647106633
13,326,0.227547328379238
14,326,0.235456449649297
15,326,0.23002215898037
16,326,0.251295400669565
17,326,0.240170129870763
18,326,0.257005452636164
1,327,0.239345430586487
2,327,0.240971852152376
3,327,0.22738989980449
4,327,0.241736418754095
5,327,0.250316482616123
6,327,0.254294775106478
7,327,0.231373169919476
8,327,0.245337682465557
9,327,0.24130218116357
10,327,0.251504043964902
11,327,0.240772840555524
12,327,0.241733423969941
13,327,0.252494384736288
14,327,0.23462442020094
15,327,0.242579370428808
16,327,0.233976477787597
17,327,0.241629729507491
18,327,0.257621500883484
1,328,0.259285401101457
2,328,0.246511878072284
3,328,0.248575505349087
4,328,0.259012550799176
5,328,0.251673735043965
6,328,0.259259050627239
7,328,0.249889963598922
8,328,0.235044301733375
9,328,0.251067533312831
10,328,0.243149522472173
11,328,0.257821379965404
12,328,0.258702213198645
13,328,0.242703088775976
14,328,0.241403056715149
15,328,0.246857789837755
16,328,0.250728494809242
17,328,0.26014459438296
18,328,0.242304127159528
1,329,0.236431493755896
2,329,0.254925815047696
3,329,0.257557740103453
4,329,0.24749176690029
5,329,0.235516482815379
6,329,0.241155370977009
7,329,0.259473299229518
8,329,0.243825503676431
9,329,0.234841927356552
10,329,0.240361726447241
11,329,0.233270054965047
12,329,0.243625722122611
13,329,0.255749749044422
14,329,0.226773212490603
15,329,0.255144865784328
16,329,0.234934239259688
17,329,0.250829936574679
18,329,0.249217345011653
1,330,0.247267604755703
2,330,0.247602926288033
3,330,0.246844445902621
4,330,0.249690524493577
5,330,0.260301712641027
6,330,0.255315374793951
7,330,0.22865984095051
8,330,0.2444872715862
9,330,0.231669441845967
10,330,0.241109322230564
11,330,0.229514835104579
12,330,0.229694716509199
13,330,0.255108185130171
14,330,0.259390873740427
15,330,0.240104289838579
16,330,0.238902709656628
17,330,0.24168979530246
18,330,0.241181328682229
1,331,0.259695613441523
2,331,0.251946665639058
3,331,0.235844998299377
4,331,0.243184839387191
5,331,0.26024584915163
6,331,0.245861315047601
7,331,0.228777335133869
8,331,0.228075546851847
9,331,0.257717723045731
10,331,0.254846700127469
11,331,0.24793443694734
12,331,0.23348637060402
13,331,0.238207504399121
14,331,0.230947941226419
15,331,0.241098643506644
16,331,0.253068545438815
17,331,0.257839868784882
18,331,0.254936467987951
1,332,0.259452696165768
2,332,0.239176862514811
3,332,0.227631976666395
4,332,0.23613490872574
5,332,0.260989085230045
6,332,0.24170629795664
7,332,0.260826066636015
8,332,0.250760769838467
9,332,0.236488790830132
10,332,0.257791620668955
11,332,0.242601657270221
12,332,0.254535953745013
13,332,0.234872150987154
14,332,0.259533389789518
15,332,0.242203297275351
16,332,0.230553524143994
17,332,0.25296075764834
18,332,0.230972161198966
1,333,0.244940687016584
2,333,0.24901254790742
3,333,0.246164607310435
4,333,0.243674690551357
5,333,0.25856414447329
6,333,0.233931253768038
7,333,0.22648183791223
8,333,0.235728870674735
9,333,0.236904479599558
10,333,0.257515495718922
11,333,0.24550950800674
12,333,0.230723636432318
13,333,0.233587440339848
14,333,0.228960232453188
15,333,0.255947658414021
16,333,0.228053990615532
17,333,0.237479201797629
18,333,0.243506885086186
1,334,0.237686362198088
2,334,0.256696972698206
3,334,0.256897386872675
4,334,0.257538957135053
5,334,0.253927982393885
6,334,0.257551879502367
7,334,0.241409135735827
8,334,0.239908725340152
9,334,0.239004167883191
10,334,0.244508300064132
11,334,0.228582489416236
12,334,0.251089741890552
13,334,0.234498432337074
14,334,0.255557495416375
15,334,0.260836139378604
16,334,0.229675370317651
17,334,0.242977696719114
18,334,0.249929378878092
1,335,0.254682781778043
2,335,0.252794865601696
3,335,0.240938007603632
4,335,0.258759005111875
5,335,0.251515381386504
6,335,0.23780605742964
7,335,0.242764117514249
8,335,0.259792582694441
9,335,0.25797963790386
10,335,0.233982770150993
11,335,0.236754082655767
12,335,0.23813398218737
13,335,0.22753019651887
14,335,0.259727074875496
15,335,0.254544380024541
16,335,0.249615298644872
17,335,0.240211529351305
18,335,0.235315088364528
1,336,0.25849127209303
2,336,0.23883007535967
3,336,0.245232223891886
4,336,0.244236646917649
5,336,0.258444681962952
6,336,0.243560729137622
7,336,0.248292053584242
8,336,0.234223280907841
9,336,0.238723728186684
10,336,0.257272570522269
11,336,0.252808514662553
12,336,0.253840507274959
13,336,0.237306101961527
14,336,0.22923787955218
15,336,0.259389386795461
16,336,0.241750714777969
17,336,0.245539443673566
18,336,0.231983494649408
1,337,0.226741493806709
2,337,0.23341696969606
3,337,0.23714409438218
4,337,0.246390595588833
5,337,0.227795520256273
6,337,0.234744966171216
7,337,0.226514142987086
8,337,0.233646451432956
9,337,0.244326246385695
10,337,0.237545286953915
11,337,0.251951185848098
12,337,0.259444493456045
13,337,0.233812037213007
14,337,0.260190913629718
15,337,0.229218249968486
16,337,0.251782608193113
17,337,0.235575189402094
18,337,0.235676113619935
1,338,0.228117771197809
2,338,0.233981559964828
3,338,0.252564044108382
4,338,0.238060909869615
5,338,0.251101519345772
6,338,0.23310939309909
7,338,0.227936323549598
8,338,0.25144054503087
9,338,0.235320191419683
10,338,0.237559498577844
11,338,0.255837501158472
12,338,0.226195443810662
13,338,0.241164391943254
14,338,0.230143296459224
15,338,0.243632868011715
16,338,0.26015489274892
17,338,0.249161202571355
18,338,0.256945110579487
1,339,0.251711561253993
2,339,0.243684652148746
3,339,0.257014834255911
4,339,0.243339318779996
5,339,0.253303856085055
6,339,0.243736782222055
7,339,0.228945897378959
8,339,0.245169703506632
9,339,0.238548077886458
10,339,0.244837763953488
11,339,0.247657570822863
12,339,0.234651082165306
13,339,0.241979934888892
14,339,0.229574793543667
15,339,0.226513089360902
16,339,0.229372600687435
17,339,0.233846690434963
18,339,0.231056265771855
1,340,0.255569402881898
2,340,0.240538715354865
3,340,0.245697656417266
4,340,0.246499708190328
5,340,0.228465217841091
6,340,0.252968304699985
7,340,0.24649170760205
8,340,0.253037193707656
9,340,0.241293238469167
10,340,0.248107321566436
11,340,0.252220657300437
12,340,0.250317304099677
13,340,0.260384772584308
14,340,0.23581766919489
15,340,0.228267030710354
16,340,0.240872274413938
17,340,0.236736498790793
18,340,0.241022593721515
1,341,0.241568655778188
2,341,0.248732921105344
3,341,0.226571597452508
4,341,0.234155513489619
5,341,0.24306414664397
6,341,0.257109556434676
7,341,0.235678690592991
8,341,0.236493510561064
9,341,0.260555888390169
10,341,0.24224190800474
11,341,0.226061654521851
12,341,0.228100669888314
13,341,0.258607879877323
14,341,0.242545276485849
15,341,0.25551475410955
16,341,0.255113856599433
17,341,0.2529100354088
18,341,0.247123287337832
1,342,0.245542592621874
2,342,0.244390323854983
3,342,0.234351139986189
4,342,0.247569337563124
5,342,0.256294493273832
6,342,0.252752716365736
7,342,0.232575692134211
8,342,0.239032850344898
9,342,0.252473919856362
10,342,0.229070353706134
11,342,0.248973760555033
12,342,0.251045736515895
13,342,0.256068137113703
14,342,0.23334384742449
15,342,0.235639179171063
16,342,0.255237464559264
17,342,0.235821853711037
18,342,0.255678835847881
1,343,0.247654610460391
2,343,0.234736731500831
3,343,0.247702723595081
4,343,0.227927756299265
5,343,0.258034761587856
6,343,0.256998590025119
7,343,0.250020621826639
8,343,0.259388013831573
9,343,0.245515349547146
10,343,0.253412918577902
11,343,0.254009780885186
12,343,0.235278574293712
13,343,0.23626744914474
14,343,0.233902904000366
15,343,0.256197892407887
16,343,0.251331159712514
17,343,0.231364180913894
18,343,0.255855269526597
1,344,0.248133087768452
2,344,0.245440852331463
3,344,0.22753738768422
4,344,0.2357827346751
5,344,0.24690664651827
6,344,0.259485732628033
7,344,0.228045570317423
8,344,0.242011402980657
9,344,0.24029641638184
10,344,0.243825056031579
11,344,0.227379703489365
12,344,0.256205186243402
13,344,0.235142346256413
14,344,0.242124534582486
15,344,0.233658882623073
16,344,0.258755942340009
17,344,0.250866645799484
18,344,0.239977941484191
1,345,0.235808477244806
2,345,0.25062077631033
3,345,0.233737340133172
4,345,0.236277059068903
5,345,0.257116910540732
6,345,0.243475787410513
7,345,0.259336036773399
8,345,0.25315169356321
9,345,0.256201798527269
10,345,0.246125768667785
11,345,0.228378212165786
12,345,0.244127269528341
13,345,0.25746981685888
14,345,0.227076978361234
15,345,0.229836791514186
16,345,0.248102251726901
17,345,0.242496215434745
18,345,0.260657463433687
1,346,0.252903283233987
2,346,0.253092259476194
3,346,0.240536114480579
4,346,0.260898129169596
5,346,0.241407957428833
6,346,0.25985830512736
7,346,0.245246135866269
8,346,0.25233639980806
9,346,0.24929679636634
10,346,0.255053008966148
11,346,0.249085730384337
12,346,0.22620363681484
13,346,0.227474942710483
14,346,0.258393478659214
15,346,0.24105998037057
16,346,0.2482147052933
17,346,0.247450870453846
18,346,0.259364601831418
1,347,0.251292843995849
2,347,0.233405598325422
3,347,0.239141979252687
4,347,0.249215977809159
5,347,0.234439775109291
6,347,0.246194765373599
7,347,0.229000219813548
8,347,0.258853404954076
9,347,0.234157092551701
10,347,0.235990286304383
11,347,0.241807317266008
12,347,0.242236292372923
13,347,0.235192645738367
14,347,0.233093810809311
15,347,0.251339261186309
16,347,0.24079435708141
17,347,0.248518209407572
18,347,0.24802072499902
1,348,0.227884287100984
2,348,0.242749975654529
3,348,0.247857643233379
4,348,0.237469751489349
5,348,0.250709615249885
6,348,0.257488963634474
7,348,0.239892206143355
8,348,0.23974737748527
9,348,0.243130083666416
10,348,0.227855202930747
11,348,0.237647443971597
12,348,0.23269944781228
13,348,0.239461464839056
14,348,0.241301405192586
15,348,0.231493521192111
16,348,0.228516927821562
17,348,0.249263006587513
18,348,0.240654862569878
1,349,0.229861275712261
2,349,0.24220011242223
3,349,0.235710385709768
4,349,0.229243173368974
5,349,0.232315873519052
6,349,0.244345702899387
7,349,0.232716483953642
8,349,0.244038637550781
9,349,0.238468031682074
10,349,0.254922927798703
11,349,0.236981201617979
12,349,0.244248818787979
13,349,0.234469144366682
14,349,0.237384605098283
15,349,0.23999882640806
16,349,0.248758485226659
17,349,0.227977318013087
18,349,0.250688818115974
1,350,0.245047246391419
2,350,0.237871179137379
3,350,0.251768970337231
4,350,0.235328571102815
5,350,0.229490506211529
6,350,0.23907058883016
7,350,0.228758457465097
8,350,0.233914916531881
9,350,0.260551734775305
10,350,0.230143091322621
11,350,0.246812534933211
12,350,0.250229870956624
13,350,0.244242381745949
14,350,0.240024067687569
15,350,0.240746340863639
16,350,0.244521440516924
17,350,0.250110423693201
18,350,0.26043185163429
1,351,0.24401987611223
2,351,0.243235894426703
3,351,0.236239713189658
4,351,0.231598050290719
5,351,0.237644420225639
6,351,0.236265577449463
7,351,0.238783431502758
8,351,0.242652376445709
9,351,0.23911133181327
10,351,0.24093552469532
11,351,0.233914063112112
12,351,0.227948445637245
13,351,0.256051399171352
14,351,0.245643300449243
15,351,0.244808117358712
16,351,0.247592633341206
17,351,0.233690949639073
18,351,0.24418568551098
1,352,0.25129880919843
2,352,0.226987650110619
3,352,0.248292073296849
4,352,0.251907805067254
5,352,0.241585021943552
6,352,0.253908459889004
7,352,0.248951125780819
8,352,0.247298129478237
9,352,0.232382867411012
10,352,0.251992724783719
11,352,0.240741784872022
12,352,0.229762181996135
13,352,0.231560095643159
14,352,0.253513881780906
15,352,0.230138542021392
16,352,0.24232315191091
17,352,0.238956009244081
18,352,0.243269017994404
1,353,0.245835133951856
2,353,0.259388558564475
3,353,0.232321693529608
4,353,0.239526400332339
5,353,0.241068094304297
6,353,0.255734490541741
7,353,0.227175707064103
8,353,0.226782567071728
9,353,0.237463633695385
10,353,0.237980871773558
11,353,0.256769680540543
12,353,0.245763235133141
13,353,0.230367320770398
14,353,0.228159524087328
15,353,0.230075679758098
16,353,0.255255502759479
17,353,0.240454633403802
18,353,0.25989508064487
1,354,0.250624642654089
2,354,0.235408829068998
3,354,0.257212685229257
4,354,0.24870382899791
5,354,0.26086069139326
6,354,0.230023696115473
7,354,0.25359411442792
8,354,0.260273434405914
9,354,0.252216196025489
10,354,0.253158749266528
11,354,0.260255060097203
12,354,0.237444688853808
13,354,0.239360763848759
14,354,0.232236707976786
15,354,0.240543452695943
16,354,0.240798741298728
17,354,0.246998959366698
18,354,0.240412719692336
1,355,0.228722685791086
2,355,0.248938075904967
3,355,0.227162717858097
4,355,0.231402741819853
5,355,0.259761085371953
6,355,0.243799482253613
7,355,0.235892648330424
8,355,0.226094582748134
9,355,0.237323165630456
10,355,0.256960954038892
11,355,0.231612801538082
12,355,0.239416295247152
13,355,0.245504744930891
14,355,0.243308331760578
15,355,0.251297540061874
16,355,0.254453037274303
17,355,0.240335494167171
18,355,0.233869796633022
1,356,0.243705313967308
2,356,0.23655928766611
3,356,0.255025413232157
4,356,0.235262264242861
5,356,0.243349648462841
6,356,0.229383952459553
7,356,0.236054859636584
8,356,0.255564434278291
9,356,0.242654220556375
10,356,0.241871921124635
11,356,0.232993092820048
12,356,0.235087212320883
13,356,0.244920203475282
14,356,0.251388482081471
15,356,0.232461439717095
16,356,0.232488881857367
17,356,0.258141547995852
18,356,0.230678914485266
1,357,0.226225746275391
2,357,0.235539716603467
3,357,0.248956437313696
4,357,0.24377765757055
5,357,0.236946784955449
6,357,0.232730453802738
7,357,0.260179146483075
8,357,0.252038773139007
9,357,0.240255941356532
10,357,0.229670631338609
11,357,0.249976373845944
12,357,0.247089380595367
13,357,0.248770392618841
14,357,0.252389479867648
15,357,0.246923212066991
16,357,0.229134272056632
17,357,0.250423443585401
18,357,0.226711809840286
1,358,0.260198845325736
2,358,0.259305878628744
3,358,0.254810907754814
4,358,0.23472622121824
5,358,0.246225131515181
6,358,0.238029164098203
7,358,0.259715305300429
8,358,0.255817190410104
9,358,0.251204196624691
10,358,0.253685822126223
11,358,0.251979156757239
12,358,0.237390566087794
13,358,0.257270388306584
14,358,0.227945367105072
15,358,0.245739835266955
16,358,0.237145730944118
17,358,0.252807356581558
18,358,0.247792094343109
1,359,0.239715022937395
2,359,0.256258103900123
3,359,0.245238566543208
4,359,0.255865738224471
5,359,0.244053384218365
6,359,0.248725589890033
7,359,0.235141058042878
8,359,0.236107313700719
9,359,0.260266998732928
10,359,0.260738518965896
11,359,0.236084053167375
12,359,0.247170800611144
13,359,0.238635100870393
14,359,0.260596067229286
15,359,0.257756121809594
16,359,0.244149522632593
17,359,0.243212072585244
18,359,0.239618552171392
1,360,0.256751773890806
2,360,0.258286782371812
3,360,0.23551324381982
4,360,0.255659740916686
5,360,0.243320697187679
6,360,0.247928763726028
7,360,0.24003260095627
8,360,0.228721327943727
9,360,0.231818548710085
10,360,0.227318368093343
11,360,0.23932891235943
12,360,0.250970331713557
13,360,0.234965175934136
14,360,0.240182968098903
15,360,0.254154039792717
16,360,0.253822509746766
17,360,0.239493617868517
18,360,0.252126108256867
1,361,0.242345446534688
2,361,0.233890635824297
3,361,0.233135773129994
4,361,0.227839942757506
5,361,0.246481786880409
6,361,0.259862204662291
7,361,0.227872076375876
8,361,0.251130845942767
9,361,0.226055633514421
10,361,0.260639127262635
11,361,0.259948362125084
12,361,0.250486963478848
13,361,0.253144370806636
14,361,0.241666206997121
15,361,0.251801905172411
16,361,0.249718978055986
17,361,0.226443073776551
18,361,0.244772685509175
1,362,0.252279329579556
2,362,0.22671207928122
3,362,0.250444121783599
4,362,0.25581125395745
5,362,0.242416792952223
6,362,0.235101667056093
7,362,0.253836382238893
8,362,0.240880638507893
9,362,0.256406751392875
10,362,0.24800968901976
11,362,0.241798465311527
12,362,0.244200845026877
13,362,0.260094647617312
14,362,0.249923200495774
15,362,0.255347936613485
16,362,0.239817607838428
17,362,0.257135879642097
18,362,0.226893932027975
1,363,0.239171766068554
2,363,0.249950511281146
3,363,0.241674367152387
4,363,0.233475293341558
5,363,0.232233907531714
6,363,0.249818142188247
7,363,0.249034603861161
8,363,0.24073729296471
9,363,0.247144005653914
10,363,0.240022931715008
11,363,0.244772822389146
12,363,0.255649984219577
13,363,0.234681212480878
14,363,0.249862076250371
15,363,0.24028982979618
16,363,0.244909515290288
17,363,0.260175189366797
18,363,0.246844298355514
1,364,0.23217411372019
2,364,0.256928317394573
3,364,0.237981835075421
4,364,0.255622631588718
5,364,0.228808538160753
6,364,0.228188043241622
7,364,0.229757352203829
8,364,0.255892694655573
9,364,0.239550111835357
10,364,0.256708116929745
11,364,0.238172735607019
12,364,0.239056045856792
13,364,0.235402744075051
14,364,0.242626149193617
15,364,0.233682900148211
16,364,0.254271080822451
17,364,0.240772091280902
18,364,0.251874555457849
1,365,0.256506246018922
2,365,0.256925632087747
3,365,0.238608611715259
4,365,0.246097217267612
5,365,0.229489861652488
6,365,0.230715472626267
7,365,0.230988310778281
8,365,0.232418271064758
9,365,0.2267880745898
10,365,0.235267749954015
11,365,0.22752548274491
12,365,0.227881198219489
13,365,0.233959174503339
14,365,0.231933835619362
15,365,0.231755025997059
16,365,0.246468043347355
17,365,0.230384541284526
18,365,0.250727467203047
1,366,0.260183199359104
2,366,0.250428374988493
3,366,0.259601341490867
4,366,0.257472435644828
5,366,0.260819134896388
6,366,0.234347869404824
7,366,0.253344515768345
8,366,0.250433042011224
9,366,0.241258208670421
10,366,0.250050866873004
11,366,0.231194482492516
12,366,0.226775406326866
13,366,0.230742471994832
14,366,0.250223042808007
15,366,0.236837363976752
16,366,0.23820558714238
17,366,0.257493665241869
18,366,0.242705297753215
1,367,0.252160568476189
2,367,0.248261419069255
3,367,0.25445964944805
4,367,0.244635283288313
5,367,0.240902395032113
6,367,0.243264887359925
7,367,0.228104745761026
8,367,0.247383999466198
9,367,0.2479779050129
10,367,0.231472700042883
11,367,0.240526222541463
12,367,0.235887710220646
13,367,0.239320293965517
14,367,0.253536885479931
15,367,0.260493383292574
16,367,0.243792908763513
17,367,0.254271790076979
18,367,0.259708351582754
1,368,0.240338283032412
2,368,0.256992442658171
3,368,0.2269971904743
4,368,0.250020221479004
5,368,0.239551769943442
6,368,0.235897638252005
7,368,0.255365278834011
8,368,0.246153883057646
9,368,0.248587570751784
10,368,0.238685219874838
11,368,0.247253059182782
12,368,0.258151836159173
13,368,0.255820355330594
14,368,0.260751597404247
15,368,0.241151303538587
16,368,0.256643899182323
17,368,0.238766101359157
18,368,0.228350378943374
1,369,0.239991630084347
2,369,0.243469718323555
3,369,0.252903866911307
4,369,0.234095315149985
5,369,0.239784081380581
6,369,0.240591937281657
7,369,0.25317619458097
8,369,0.244484968283447
9,369,0.229839115776354
10,369,0.242895430316217
11,369,0.229564846500522
12,369,0.257328752534464
13,369,0.245273856175132
14,369,0.258428758324822
15,369,0.25317705213232
16,369,0.248479040694889
17,369,0.237961748915492
18,369,0.253143727852963
1,370,0.23586396013177
2,370,0.234389560068026
3,370,0.226079103177413
4,370,0.239481282462599
5,370,0.24860710182949
6,370,0.254423535708571
7,370,0.232415549967205
8,370,0.260361789706163
9,370,0.24897293290263
10,370,0.254856419787044
11,370,0.258313419587445
12,370,0.246939160828711
13,370,0.236849151585717
14,370,0.253264694730984
15,370,0.252495443268213
16,370,0.256449479653034
17,370,0.241378238600679
18,370,0.255471416054294
1,371,0.24853260722151
2,371,0.239346081917407
3,371,0.230335856394609
4,371,0.244918505909387
5,371,0.249168668458238
6,371,0.22807496833289
7,371,0.257641645953059
8,371,0.232652917806059
9,371,0.259733325947542
10,371,0.229237923076376
11,371,0.23011385632935
12,371,0.24178797537717
13,371,0.250612709087087
14,371,0.239245801606681
15,371,0.236700136700179
16,371,0.250634110482875
17,371,0.250479547936935
18,371,0.251915263473289
1,372,0.241021277320338
2,372,0.233187543454347
3,372,0.240071901700227
4,372,0.235878427367657
5,372,0.252334419233026
6,372,0.245416954068001
7,372,0.253027950385818
8,372,0.243922713367734
9,372,0.247346750129014
10,372,0.249123918519123
11,372,0.249754283668241
12,372,0.230375516170403
13,372,0.24866094953171
14,372,0.234741553396685
15,372,0.247337307684589
16,372,0.250853008131031
17,372,0.244772079959745
18,372,0.252154972654767
1,373,0.254702251093928
2,373,0.24135328085185
3,373,0.252639084541239
4,373,0.258589323167922
5,373,0.253523395643802
6,373,0.259443235483719
7,373,0.256304617966758
8,373,0.234088039918803
9,373,0.250801455435809
10,373,0.254082489860244
11,373,0.241371992874425
12,373,0.25551313013793
13,373,0.230829063501675
14,373,0.24420689227432
15,373,0.236946719811764
16,373,0.245294225670164
17,373,0.232725688192528
18,373,0.259864446952939
1,374,0.239393012833549
2,374,0.254428005271126
3,374,0.236489122481085
4,374,0.244394697437761
5,374,0.240771284612361
6,374,0.25105420798203
7,374,0.231352944654878
8,374,0.238950565891806
9,374,0.235340506421868
10,374,0.254455874186475
11,374,0.248362379102269
12,374,0.252830840578768
13,374,0.246460048561217
14,374,0.260904963487061
15,374,0.238007825931069
16,374,0.239343488043174
17,374,0.255554961975664
18,374,0.239272896987619
1,375,0.227763484630501
2,375,0.227064014156582
3,375,0.249987825020449
4,375,0.255728420093888
5,375,0.258962045667227
6,375,0.243478418134851
7,375,0.237959245341131
8,375,0.230841922811465
9,375,0.248779343609
10,375,0.233313480280573
11,375,0.236091335357865
12,375,0.242214860809268
13,375,0.243192629378987
14,375,0.236951287106145
15,375,0.253742278004298
16,375,0.235128047698177
17,375,0.232312411744148
18,375,0.229165222951211
1,376,0.236132801848231
2,376,0.233645075706532
3,376,0.250595002114074
4,376,0.244313806345686
5,376,0.249141607140424
6,376,0.231708397843409
7,376,0.253654416847508
8,376,0.233006192886038
9,376,0.257319796377793
10,376,0.22917789538647
11,376,0.253275723213097
12,376,0.229174348429311
13,376,0.230920960641466
14,376,0.233019420623546
15,376,0.245638812803896
16,376,0.249020276552998
17,376,0.238072003748035
18,376,0.244441876550205
1,377,0.243418212298071
2,377,0.237067300171126
3,377,0.254718326027738
4,377,0.257056031566113
5,377,0.247307498238748
6,377,0.235953498082468
7,377,0.245658225442981
8,377,0.249092266494641
9,377,0.24182686436479
10,377,0.24805597292399
11,377,0.248901308055734
12,377,0.25638071632036
13,377,0.230174580349354
14,377,0.255941756480839
15,377,0.237783711458556
16,377,0.254887830240419
17,377,0.259145527959568
18,377,0.233461073307786
1,378,0.251588264588732
2,378,0.245409989259439
3,378,0.231882678879425
4,378,0.235475805212278
5,378,0.22983666636073
6,378,0.228494076925796
7,378,0.231904367016628
8,378,0.247863579335623
9,378,0.251168345285347
10,378,0.248329741854919
11,378,0.249364262619289
12,378,0.229232086930657
13,378,0.235968693625415
14,378,0.259272320039105
15,378,0.238466352883494
16,378,0.231504045279231
17,378,0.255260673117824
18,378,0.255575986737618
1,379,0.239278778393287
2,379,0.249863039780408
3,379,0.242684896028601
4,379,0.231293749596458
5,379,0.248322334771743
6,379,0.254870772520313
7,379,0.240968198344577
8,379,0.241595745666651
9,379,0.234090659821173
10,379,0.228733314732322
11,379,0.237893868730403
12,379,0.233877886168426
13,379,0.230894695985131
14,379,0.245899889790686
15,379,0.249820191541454
16,379,0.237460170241771
17,379,0.257800177390687
18,379,0.234552446614485
1,380,0.246877020019107
2,380,0.249404014063999
3,380,0.253713466876885
4,380,0.241470914465841
5,380,0.235011788262287
6,380,0.245648995836033
7,380,0.241547280394239
8,380,0.245734541173093
9,380,0.241605320606846
10,380,0.2590836367968
11,380,0.228669331678189
12,380,0.237461368399905
13,380,0.244739577563247
14,380,0.249597411129158
15,380,0.249944027748657
16,380,0.226189037523232
17,380,0.252348874359392
18,380,0.235326977372402
1,381,0.25770492173289
2,381,0.242896668543341
3,381,0.228464797756402
4,381,0.238378865866922
5,381,0.251605910590384
6,381,0.243088945860742
7,381,0.252716753212968
8,381,0.235503589197993
9,381,0.240588831833098
10,381,0.25182648141426
11,381,0.251429802605649
12,381,0.233328527934151
13,381,0.2287510984533
14,381,0.244399499800289
15,381,0.246470812475542
16,381,0.228981559097534
17,381,0.226030686318642
18,381,0.232022497463273
1,382,0.247787566090934
2,382,0.251172626172425
3,382,0.259088086948264
4,382,0.242687365287216
5,382,0.258846157063032
6,382,0.23978754382371
7,382,0.22613688059058
8,382,0.226664679491892
9,382,0.250628952315543
10,382,0.259599763365928
11,382,0.238714591739932
12,382,0.239268207424553
13,382,0.243150849247118
14,382,0.258496092204237
15,382,0.226466941538034
16,382,0.229819767246023
17,382,0.248746370334644
18,382,0.233919784201076
1,383,0.23647178227338
2,383,0.256149137786357
3,383,0.248601485741325
4,383,0.238233281471999
5,383,0.240846206264338
6,383,0.243057035991456
7,383,0.231340243559331
8,383,0.245020769810304
9,383,0.248067743631778
10,383,0.240540673495503
11,383,0.251343547068769
12,383,0.258397495011101
13,383,0.244258086369606
14,383,0.241265800338238
15,383,0.25101370978076
16,383,0.235330353850964
17,383,0.237246202440234
18,383,0.230471423126524
1,384,0.257519916786347
2,384,0.259842194541357
3,384,0.23860637101368
4,384,0.244123793386621
5,384,0.23583761442476
6,384,0.231728069769684
7,384,0.255791991008678
8,384,0.24079686759063
9,384,0.25636423387588
10,384,0.247751686865464
11,384,0.252318435413996
12,384,0.226962568781106
13,384,0.24655415975512
14,384,0.227566319955746
15,384,0.259062089630403
16,384,0.241723810354248
17,384,0.231463295882801
18,384,0.245793329323875
1,385,0.256533710805466
2,385,0.228207712095696
3,385,0.259487012586556
4,385,0.256148772357497
5,385,0.244262133362005
6,385,0.255321599128889
7,385,0.251233908949886
8,385,0.260920832787175
9,385,0.25151396585186
10,385,0.243515514285769
11,385,0.256928773449268
12,385,0.232690610330552
13,385,0.232832789521432
14,385,0.22825585410255
15,385,0.254517830224009
16,385,0.250523164478596
17,385,0.227530563121196
18,385,0.258183408942074
1,386,0.26033831688948
2,386,0.254559896869119
3,386,0.235935963600874
4,386,0.241781996859005
5,386,0.239157507571159
6,386,0.228114512725966
7,386,0.247074832797749
8,386,0.237472044556867
9,386,0.229695747595048
10,386,0.226030204618815
11,386,0.239871053579496
12,386,0.237572994745802
13,386,0.244358007273637
14,386,0.239414162887493
15,386,0.238842917890521
16,386,0.226648964795982
17,386,0.260252143438207
18,386,0.245233930560295
1,387,0.227294583248673
2,387,0.243989422465907
3,387,0.242031183036976
4,387,0.243856813423568
5,387,0.256826967803296
6,387,0.227708521744004
7,387,0.233053588527488
8,387,0.227826002676971
9,387,0.241566053730436
10,387,0.230322607828071
11,387,0.260090319587849
12,387,0.230298762183171
13,387,0.227082433464471
14,387,0.243283493452705
15,387,0.233378512079595
16,387,0.241034432262182
17,387,0.230038264970295
18,387,0.235863293969538
1,388,0.251742363982135
2,388,0.235801224260591
3,388,0.2327623445543
4,388,0.22920598431048
5,388,0.249801336861216
6,388,0.234901648413157
7,388,0.235072083388455
8,388,0.231214620073093
9,388,0.24137851764122
10,388,0.24928795670066
11,388,0.254142118620453
12,388,0.258436609304277
13,388,0.245407012900338
14,388,0.249175583916018
15,388,0.226915145017207
16,388,0.257676279405365
17,388,0.236360635785619
18,388,0.237072446481558
1,389,0.252679142187349
2,389,0.229139626062475
3,389,0.259899870417081
4,389,0.255200360862305
5,389,0.230636186322896
6,389,0.230229447590187
7,389,0.24033536088909
8,389,0.22988339652447
9,389,0.242362024673726
10,389,0.25324955575075
11,389,0.234116900250316
12,389,0.239546830684645
13,389,0.228918606086168
14,389,0.232479311032454
15,389,0.259845960545586
16,389,0.249904596709181
17,389,0.258561930150259
18,389,0.246686571076512
1,390,0.228791086123325
2,390,0.255575649863109
3,390,0.227042453030823
4,390,0.254513090185588
5,390,0.239676231135614
6,390,0.231019158684881
7,390,0.249329521713313
8,390,0.247650515787769
9,390,0.241706712997053
10,390,0.254230986440321
11,390,0.256471240920015
12,390,0.260516395556275
13,390,0.240092280167388
14,390,0.238324617588893
15,390,0.230266452789307
16,390,0.260671458365628
17,390,0.258750540050911
18,390,0.258866044768598
1,391,0.240261873587966
2,391,0.253026311550289
3,391,0.239587535961997
4,391,0.227141976773506
5,391,0.239867500111228
6,391,0.259562323462684
7,391,0.244281578352908
8,391,0.249582743010484
9,391,0.226357234029798
10,391,0.243695879997918
11,391,0.252347665737849
12,391,0.241809743538266
13,391,0.252761580160819
14,391,0.24569038455165
15,391,0.251739200398093
16,391,0.251561518403702
17,391,0.237917157467688
18,391,0.250412228008732
1,392,0.244884365524864
2,392,0.256762150553055
3,392,0.228647959765745
4,392,0.239182293667924
5,392,0.248417300648522
6,392,0.22688631134131
7,392,0.233243193772156
8,392,0.248183177672559
9,392,0.257712195912842
10,392,0.243356353307841
11,392,0.23220440923376
12,392,0.252413900437765
13,392,0.226691006105626
14,392,0.247694567595841
15,392,0.245898911942728
16,392,0.231297871038783
17,392,0.22780222039111
18,392,0.227466619125567
1,393,0.232186025032075
2,393,0.23457060035225
3,393,0.253625879382249
4,393,0.232076885155635
5,393,0.259929687506752
6,393,0.243193235058803
7,393,0.239873977336334
8,393,0.243845085082809
9,393,0.255203579281457
10,393,0.227963489460759
11,393,0.228946995988023
12,393,0.258642696488183
13,393,0.259538036830723
14,393,0.239883771828841
15,393,0.243428968079621
16,393,0.240016071459046
17,393,0.233620573930908
18,393,0.252202652902575
1,394,0.24890808796999
2,394,0.244215848292457
3,394,0.233321509561734
4,394,0.251772412701044
5,394,0.244202363158343
6,394,0.23184529881482
7,394,0.244918591735419
8,394,0.239221814713906
9,394,0.256758807290113
10,394,0.256440382020315
11,394,0.235992360553006
12,394,0.236505559861194
13,394,0.238379629540956
14,394,0.242209143762244
15,394,0.245226893200539
16,394,0.242755924542667
17,394,0.254533415235579
18,394,0.232368008538848
1,395,0.259984766142676
2,395,0.248296575088985
3,395,0.259011877262034
4,395,0.244214595079189
5,395,0.255103782438906
6,395,0.259987267940538
7,395,0.226998033805517
8,395,0.232149558071047
9,395,0.254989216885529
10,395,0.247842173123732
11,395,0.253104046302848
12,395,0.252833787169307
13,395,0.234492821521359
14,395,0.234370751462644
15,395,0.236012121597538
16,395,0.228676813912112
17,395,0.228991664835718
18,395,0.245843473199289
1,396,0.243324811524013
2,396,0.23563845933089
3,396,0.244763734796084
4,396,0.243990241716616
5,396,0.227391382381553
6,396,0.240964940573554
7,396,0.227991515001282
8,396,0.239537738471059
9,396,0.245924025550717
10,396,0.230677937354427
11,396,0.23132831454766
12,396,0.236523285381496
13,396,0.239383562386734
14,396,0.232981399210636
15,396,0.255512166330824
16,396,0.236867005266482
17,396,0.237728019743459
18,396,0.249916243094718
1,397,0.245269434040179
2,397,0.230228308203165
3,397,0.251584201078163
4,397,0.240152242705459
5,397,0.230562846682966
6,397,0.25445153711969
7,397,0.25725522947521
8,397,0.258671219627373
9,397,0.254715144507587
10,397,0.242031800744822
11,397,0.257446968904929
12,397,0.237185643984936
13,397,0.237724323030794
14,397,0.250512174077099
15,397,0.228504366401117
16,397,0.244196040733019
17,397,0.250338353186613
18,397,0.251193040471058
1,398,0.25161607043026
2,398,0.259368182264967
3,398,0.260806212463882
4,398,0.239296046318719
5,398,0.259503318408038
6,398,0.246445811911486
7,398,0.237235269889003
8,398,0.229329924548743
9,398,0.23149573175027
10,398,0.230724560553441
11,398,0.2516443796237
12,398,0.235583431960782
13,398,0.260190889369929
14,398,0.239035720586777
15,398,0.230143231242197
16,398,0.230697700631805
17,398,0.233614174350165
18,398,0.257090309808496
1,399,0.259590955163818
2,399,0.232366528439103
3,399,0.259841809872538
4,399,0.234639064719901
5,399,0.246199546124786
6,399,0.230058248614892
7,399,0.227840699211461
8,399,0.241654279142618
9,399,0.236279946823139
10,399,0.239968004741473
11,399,0.256746777898166
12,399,0.251140164716868
13,399,0.260452931272099
14,399,0.226066874931799
15,399,0.243278325424995
16,399,0.238631078072591
17,399,0.235235616620863
18,399,0.236023351500276
1,400,0.247697421547724
2,400,0.25593250078056
3,400,0.245515882594278
4,400,0.232099854514468
5,400,0.232355530279689
6,400,0.231725916825468
7,400,0.251306257271441
8,400,0.259611330477288
9,400,0.258123104941566
10,400,0.240879265022464
11,400,0.243683194964193
12,400,0.253390613172902
13,400,0.251699121083599
14,400,0.242109281441895
15,400,0.2469829313308
16,400,0.259517013943056
17,400,0.249723130904837
18,400,0.240437788561918
1,401,0.240539717340376
2,401,0.229617489452008
3,401,0.256958107559709
4,401,0.260550619322108
5,401,0.246707908762852
6,401,0.257661953531439
7,401,0.23676382543426
8,401,0.249659019641345
9,401,0.251753078048583
10,401,0.240262927018572
11,401,0.255077700647758
12,401,0.247140121944482
13,401,0.242460958105745
14,401,0.231421176211676
15,401,0.226129546954995
16,401,0.258443150996696
17,401,0.259218409100082
18,401,0.243591899128165
1,402,0.233925312988227
2,402,0.256177019617986
3,402,0.238722172341309
4,402,0.243149495148333
5,402,0.259153282193234
6,402,0.245515738592017
7,402,0.22700958938594
8,402,0.257796899043256
9,402,0.23069859222183
10,402,0.23640721999947
11,402,0.23393774799211
12,402,0.231427538934164
13,402,0.229311401046813
14,402,0.245859398051631
15,402,0.256276715599466
16,402,0.227162657424575
17,402,0.257394089858513
18,402,0.255634342172649
1,403,0.2502119795701
2,403,0.249033719059313
3,403,0.23755643139733
4,403,0.23129245860409
5,403,0.237756486409577
6,403,0.244919356672559
7,403,0.235974743692437
8,403,0.241042976255063
9,403,0.236496278426144
10,403,0.240878528818954
11,403,0.249988657464506
12,403,0.226432296628132
13,403,0.254643805326428
14,403,0.22993586626742
15,403,0.237339555762243
16,403,0.248914847340435
17,403,0.247879658645485
18,403,0.255050675894832
1,404,0.226298240962438
2,404,0.257308490273077
3,404,0.244557895922568
4,404,0.237444194816286
5,404,0.232644819665235
6,404,0.247957838875242
7,404,0.256240494561149
8,404,0.249012288514292
9,404,0.256875396103365
10,404,0.228862515653251
11,404,0.226490988962119
12,404,0.233195023333188
13,404,0.254763647999149
14,404,0.237218962861458
15,404,0.236002622647444
16,404,0.23107755692699
17,404,0.241221107499674
18,404,0.256759481153218
1,405,0.254543924295809
2,405,0.245020049464889
3,405,0.252412435250822
4,405,0.254001389850397
5,405,0.233223530100891
6,405,0.235602800562279
7,405,0.247893939935835
8,405,0.234061611246085
9,405,0.237207806104794
10,405,0.231809823661111
11,405,0.257314104772173
12,405,0.253246262930566
13,405,0.228031275947811
14,405,0.247928066483233
15,405,0.253783768273657
16,405,0.242429693357786
17,405,0.258126564817736
18,405,0.241451289494522
1,406,0.226158669059165
2,406,0.252994305733824
3,406,0.251949895018712
4,406,0.241404065684415
5,406,0.238540852568345
6,406,0.236494170855964
7,406,0.245035913541447
8,406,0.235443487123353
9,406,0.23977430616878
10,406,0.23694617790659
11,406,0.252444666307652
12,406,0.227801750197774
13,406,0.254817911711521
14,406,0.257928094490431
15,406,0.25132085365383
16,406,0.231047921675723
17,406,0.242018626302248
18,406,0.235624188275775
1,407,0.237750753757078
2,407,0.232074369740672
3,407,0.241547211779049
4,407,0.252115126517834
5,407,0.24035345369624
6,407,0.248244562256383
7,407,0.246343334537465
8,407,0.249824816686101
9,407,0.233168022253318
10,407,0.255140039300546
11,407,0.251220479172422
12,407,0.233419168486958
13,407,0.231567354739178
14,407,0.244978658606065
15,407,0.228410349451238
16,407,0.23838173075486
17,407,0.247059873912018
18,407,0.231812640534714
1,408,0.249136231686221
2,408,0.242532947093947
3,408,0.255659607980866
4,408,0.236217001553392
5,408,0.252813637544401
6,408,0.25887729150732
7,408,0.246544356844621
8,408,0.260152700803243
9,408,0.252439195867861
10,408,0.260253367844503
11,408,0.231719708446413
12,408,0.253596680318238
13,408,0.230445566657232
14,408,0.235023517833557
15,408,0.229923150430201
16,408,0.252138142473064
17,408,0.24412433534069
18,408,0.253519501324277
1,409,0.252104562606197
2,409,0.256461738571757
3,409,0.254617255216232
4,409,0.254140313747572
5,409,0.258586957402527
6,409,0.244297898068558
7,409,0.248014928645222
8,409,0.232485229679383
9,409,0.241714955694275
10,409,0.256222248143982
11,409,0.234897607687395
12,409,0.254938746810891
13,409,0.247009750221856
14,409,0.231920002837665
15,409,0.242602028493071
16,409,0.253743591528852
17,409,0.239038956004893
18,409,0.234972197395051
1,410,0.234721848222194
2,410,0.237208686204627
3,410,0.231503409822704
4,410,0.239155756669585
5,410,0.231698586661601
6,410,0.259460285136243
7,410,0.258517120918492
8,410,0.242069928128272
9,410,0.246963082178496
10,410,0.241087534144986
11,410,0.237675010230392
12,410,0.249448712598765
13,410,0.22800011428562
14,410,0.228945593736367
15,410,0.246176350506954
16,410,0.229827399634756
17,410,0.236832105983282
18,410,0.227567547817249
1,411,0.242302170885028
2,411,0.247143216073979
3,411,0.240628139454871
4,411,0.251535705075599
5,411,0.253339965057326
6,411,0.244202665863791
7,411,0.242542399097234
8,411,0.252784733867971
9,411,0.241027632529382
10,411,0.250853136063321
11,411,0.26069109025551
12,411,0.246580360962776
13,411,0.256153434702661
14,411,0.256997193119256
15,411,0.245310339858057
16,411,0.246521869650111
17,411,0.234131519001909
18,411,0.244865610035136
1,412,0.256828935592435
2,412,0.241341505939141
3,412,0.232142516441178
4,412,0.232852937524673
5,412,0.24282913939585
6,412,0.237538869942306
7,412,0.254106941315346
8,412,0.228459535012022
9,412,0.237914764606627
10,412,0.239853777814656
11,412,0.238485593862366
12,412,0.250074430486653
13,412,0.249455018823734
14,412,0.232567224481842
15,412,0.245441137483809
16,412,0.240679169998271
17,412,0.240055394107709
18,412,0.24621987571381
1,413,0.240597734597046
2,413,0.227832975813886
3,413,0.246966889685951
4,413,0.236022331293439
5,413,0.249787854831899
6,413,0.238716889990261
7,413,0.2575774373163
8,413,0.255894441596698
9,413,0.237813311489532
10,413,0.258970021425281
11,413,0.25771082613524
12,413,0.226937049292261
13,413,0.22850008304487
14,413,0.250683927425649
15,413,0.235080244187498
16,413,0.232394385098247
17,413,0.229081522164866
18,413,0.252664732027566
1,414,0.247752751126187
2,414,0.238656253499445
3,414,0.249207514646929
4,414,0.251507823415101
5,414,0.22900879244227
6,414,0.229942173812538
7,414,0.24416807543044
8,414,0.259047691873508
9,414,0.232313774562441
10,414,0.245813648473937
11,414,0.250125199811533
12,414,0.226028913830174
13,414,0.228099415257107
14,414,0.248131398555357
15,414,0.254224105559057
16,414,0.260748602905311
17,414,0.242880136585096
18,414,0.259320472460473
1,415,0.231254005151801
2,415,0.259525279971072
3,415,0.242343485802645
4,415,0.231709425408859
5,415,0.239833674101625
6,415,0.25452451907238
7,415,0.238521486273035
8,415,0.260358394745504
9,415,0.228350292775081
10,415,0.249610055173049
11,415,0.235772112277569
12,415,0.235994317047531
13,415,0.241091893491335
14,415,0.253377621848136
15,415,0.228415129680885
16,415,0.25571519366838
17,415,0.247658409696538
18,415,0.234196755538229
1,416,0.258029966975097
2,416,0.253257386585698
3,416,0.253402141739149
4,416,0.234310503104003
5,416,0.23342982215248
6,416,0.257318072832655
7,416,0.234947171471082
8,416,0.250140936420299
9,416,0.237225126485806
10,416,0.250032413045643
11,416,0.2514697531485
12,416,0.246419047138421
13,416,0.242948333320906
14,416,0.228224962248001
15,416,0.232031025402481
16,416,0.255337417676579
17,416,0.228284411003347
18,416,0.259713652750012
1,417,0.250920718652429
2,417,0.240515744423261
3,417,0.231188790251268
4,417,0.244571532971691
5,417,0.25016434063809
6,417,0.242803629099159
7,417,0.244519380431389
8,417,0.240537154709687
9,417,0.252767382683465
10,417,0.235270927228499
11,417,0.25620710396464
12,417,0.257254149030428
13,417,0.228706389422528
14,417,0.250546554810368
15,417,0.255633848787053
16,417,0.24939436684153
17,417,0.252397538281744
18,417,0.253259734871332
1,418,0.239273700257996
2,418,0.238405078206211
3,418,0.243224262285745
4,418,0.228006885081064
5,418,0.25005781548121
6,418,0.259525053068297
7,418,0.252093681337079
8,418,0.231739278468536
9,418,0.227514113403391
10,418,0.243799873368349
11,418,0.258469421691494
12,418,0.258126674626488
13,418,0.228785335273948
14,418,0.24008557951916
15,418,0.226654830310959
16,418,0.259865009165602
17,418,0.255050656809704
18,418,0.226259309167741
1,419,0.228286158286734
2,419,0.243422791115241
3,419,0.240396303801332
4,419,0.255522402804578
5,419,0.229117310096277
6,419,0.250487823711243
7,419,0.227272599202348
8,419,0.245752493783599
9,419,0.237522117372369
10,419,0.254744161317591
11,419,0.251942709647352
12,419,0.250173533427529
13,419,0.24783861959842
14,419,0.245622691787081
15,419,0.235109897798626
16,419,0.22726538631157
17,419,0.243279993711272
18,419,0.255184662871994
1,420,0.242124155577272
2,420,0.2507583871393
3,420,0.243171558322152
4,420,0.241904929977842
5,420,0.237472467795247
6,420,0.227312640892575
7,420,0.248432604288915
8,420,0.246736176184146
9,420,0.230881458656164
10,420,0.23822880869871
11,420,0.248648690075148
12,420,0.24862526123086
13,420,0.238850295808166
14,420,0.238229906867724
15,420,0.238900537700625
16,420,0.258190903847804
17,420,0.252594575447962
18,420,0.231047552807955
1,421,0.237706850531045
2,421,0.234553064191947
3,421,0.231677910948871
4,421,0.260052578983828
5,421,0.230006826158147
6,421,0.228472714612959
7,421,0.252189194766339
8,421,0.230704259037972
9,421,0.226343578669708
10,421,0.255968956935918
11,421,0.237842952811858
12,421,0.243174874399789
13,421,0.246019836176652
14,421,0.229943030231167
15,421,0.228960015027784
16,421,0.256348450784804
17,421,0.243597222819459
18,421,0.243251126982737
1,422,0.252202666161116
2,422,0.232054633607855
3,422,0.227191527860938
4,422,0.246495224106126
5,422,0.232561865048716
6,422,0.232736816386692
7,422,0.259634563157102
8,422,0.23167907215911
9,422,0.234972417876357
10,422,0.24655426492705
11,422,0.231844946049619
12,422,0.248547864461085
13,422,0.232843338104663
14,422,0.244621830147458
15,422,0.237620988944778
16,422,0.246182513829786
17,422,0.246081117373193
18,422,0.235713145800633
1,423,0.234428700120421
2,423,0.257628050798317
3,423,0.246297620937927
4,423,0.242981168517377
5,423,0.252552599004935
6,423,0.227538582933135
7,423,0.248107155080885
8,423,0.247859245805535
9,423,0.253066205522278
10,423,0.239964189370163
11,423,0.233405995934969
12,423,0.248498869939009
13,423,0.24179045786988
14,423,0.245561765531544
15,423,0.252136151679093
16,423,0.230827997309621
17,423,0.244266989769181
18,423,0.230419127879664
1,424,0.246447615431622
2,424,0.233266608754871
3,424,0.244209860533243
4,424,0.255979883603519
5,424,0.246039892942877
6,424,0.249669997093966
7,424,0.243155527197756
8,424,0.259473117293324
9,424,0.230752957300516
10,424,0.240528692639433
11,424,0.245917345087742
12,424,0.248021528383484
13,424,0.237354794976069
14,424,0.25550939453789
15,424,0.258356357531389
16,424,0.257491603925824
17,424,0.236436931819422
18,424,0.244968302968424
1,425,0.245616318120388
2,425,0.254932886242401
3,425,0.226848151434911
4,425,0.246061497788411
5,425,0.234924538481515
6,425,0.250180774823762
7,425,0.233129748708103
8,425,0.232247222619131
9,425,0.25718395277299
10,425,0.242161166594829
11,425,0.241398388388567
12,425,0.246558706807205
13,425,0.245516955509316
14,425,0.247808485200163
15,425,0.247630862938473
16,425,0.231146071721101
17,425,0.236418476614868
18,425,0.252768932865234
1,426,0.247636444800533
2,426,0.248879556339467
3,426,0.258691626534797
4,426,0.247312507612165
5,426,0.251598308271728
6,426,0.231792520605028
7,426,0.252687852918403
8,426,0.253393520468613
9,426,0.233069762423635
10,426,0.240296245512087
11,426,0.245986743518384
12,426,0.243055598552106
13,426,0.247537996107945
14,426,0.235471475316677
15,426,0.234967040572315
16,426,0.253421107597183
17,426,0.245135780954966
18,426,0.231826814681059
1,427,0.260152380145388
2,427,0.243096244390123
3,427,0.231771357284393
4,427,0.233473488126416
5,427,0.250844763233559
6,427,0.229542907282244
7,427,0.230950800075894
8,427,0.240332739568781
9,427,0.248315288219834
10,427,0.226839716794435
11,427,0.231206126368139
12,427,0.235012597277761
13,427,0.251288283147383
14,427,0.241099241567077
15,427,0.229581215754384
16,427,0.239430350897834
17,427,0.243785909264348
18,427,0.244185326405801
1,428,0.257853188582463
2,428,0.232038026898168
3,428,0.240419034791645
4,428,0.24056648740219
5,428,0.242017170967534
6,428,0.227261184258619
7,428,0.258195411784342
8,428,0.252349375519203
9,428,0.260269889543066
10,428,0.256985233271495
11,428,0.260772075265646
12,428,0.239136036191136
13,428,0.238142509442056
14,428,0.253234451950062
15,428,0.231098850046052
16,428,0.243608030991396
17,428,0.251988430059515
18,428,0.233048912850441
1,429,0.249395220212406
2,429,0.241532513932558
3,429,0.257522408389719
4,429,0.236269443336874
5,429,0.245589565187925
6,429,0.22699955161917
7,429,0.24573587557557
8,429,0.246009673158638
9,429,0.258723476361716
10,429,0.249583847519476
11,429,0.245752020322485
12,429,0.231944905669894
13,429,0.252335920055863
14,429,0.236643144759815
15,429,0.25000967423222
16,429,0.230277506802464
17,429,0.242879244229058
18,429,0.229038506617304
1,430,0.23637365790573
2,430,0.230532422691118
3,430,0.238874819056597
4,430,0.2424893638168
5,430,0.226898659052327
6,430,0.241285464245826
7,430,0.257480941899354
8,430,0.233915032061283
9,430,0.227937030367553
10,430,0.237023320205277
11,430,0.235707619727124
12,430,0.242567146420712
13,430,0.238444877355592
14,430,0.249472099442733
15,430,0.257010010656901
16,430,0.240549953243695
17,430,0.244307317988947
18,430,0.237836146673886
1,431,0.254961545674829
2,431,0.23173820588761
3,431,0.239450162890367
4,431,0.249751965143019
5,431,0.259343643891858
6,431,0.234069009137107
7,431,0.250040452366462
8,431,0.229008591013495
9,431,0.250776909035863
10,431,0.258422970861662
11,431,0.254346529963892
12,431,0.232126870099688
13,431,0.228419873826439
14,431,0.245362578819273
15,431,0.243353056038264
16,431,0.254933007924352
17,431,0.246471215985017
18,431,0.249680077814497
1,432,0.233756743906066
2,432,0.237276487490395
3,432,0.243669932348654
4,432,0.259019695685944
5,432,0.234237252598628
6,432,0.235451319123618
7,432,0.246543812470278
8,432,0.228499287149403
9,432,0.227300060664071
10,432,0.251958872216288
11,432,0.247418310907902
12,432,0.252356451179599
13,432,0.235180468147388
14,432,0.254185000075027
15,432,0.254917765524238
16,432,0.232471339031123
17,432,0.226848452176433
18,432,0.237887319353409
1,433,0.244093433593167
2,433,0.260825229489943
3,433,0.240440348910866
4,433,0.240163042809814
5,433,0.254928391588852
6,433,0.255331854598131
7,433,0.227996825613314
8,433,0.24205296166148
9,433,0.236205826110905
10,433,0.236854024136206
11,433,0.252660365787102
12,433,0.226505600860342
13,433,0.251550701797474
14,433,0.230483093747403
15,433,0.248372168574948
16,433,0.227571603080956
17,433,0.247474071181146
18,433,0.230242295866134
1,434,0.227666144171031
2,434,0.251209121761145
3,434,0.254092140961671
4,434,0.252814859481528
5,434,0.246489659731975
6,434,0.24275718764076
7,434,0.227217456327286
8,434,0.234406805705745
9,434,0.241090191753116
10,434,0.249922153250314
11,434,0.255046478788368
12,434,0.231533844620222
13,434,0.252572611432057
14,434,0.241130735898856
15,434,0.235237448850181
16,434,0.240730888551567
17,434,0.254628355809487
18,434,0.259503940190421
1,435,0.238099403830944
2,435,0.254670674065361
3,435,0.248706393616972
4,435,0.233102891679388
5,435,0.254820201951312
6,435,0.251819947870914
7,435,0.248818064407911
8,435,0.23380495575862
9,435,0.2349940911741
10,435,0.239900770460023
11,435,0.253786042093066
12,435,0.251506222603144
13,435,0.258557693439303
14,435,0.226300293844193
15,435,0.232173777742079
16,435,0.247660715729231
17,435,0.240970029009273
18,435,0.23641085191071
1,436,0.255477992901811
2,436,0.234788555967622
3,436,0.232898825530661
4,436,0.227221412897576
5,436,0.227497054281645
6,436,0.245219085443765
7,436,0.236864220182411
8,436,0.232137188536813
9,436,0.25599145958107
10,436,0.259336425264133
11,436,0.229031804437051
12,436,0.24751352500543
13,436,0.2400682384721
14,436,0.231938341412693
15,436,0.255118517257739
16,436,0.249376432884252
17,436,0.244155006762827
18,436,0.244434656325262
1,437,0.251011539201951
2,437,0.256324380714446
3,437,0.259173349080607
4,437,0.257340373861603
5,437,0.25456507561286
6,437,0.231323263556929
7,437,0.251298127968563
8,437,0.248547029433772
9,437,0.250089869043091
10,437,0.232472335279686
11,437,0.230317146213725
12,437,0.245851182987914
13,437,0.253976220307173
14,437,0.255478396533523
15,437,0.250714461266994
16,437,0.257043529234594
17,437,0.248986396400956
18,437,0.231224105430534
1,438,0.244298251974629
2,438,0.235670103410026
3,438,0.229564953400055
4,438,0.227081897744443
5,438,0.245636223770212
6,438,0.252423225706676
7,438,0.257333842828171
8,438,0.252666446478339
9,438,0.235462734409608
10,438,0.251581941650016
11,438,0.227255216195714
12,438,0.247465302852448
13,438,0.25984397963644
14,438,0.247776260271436
15,438,0.236019887533272
16,438,0.237728934713174
17,438,0.256552589142462
18,438,0.234001733222045
1,439,0.251679631924722
2,439,0.238982526464621
3,439,0.259296011919156
4,439,0.26063982862886
5,439,0.242912463532062
6,439,0.247438355825376
7,439,0.239367166754324
8,439,0.238990804007277
9,439,0.259543516201898
10,439,0.247713875535643
11,439,0.26045675955154
12,439,0.23754177106102
13,439,0.24787340080156
14,439,0.257572949182009
15,439,0.245860217359383
16,439,0.254115722095827
17,439,0.25298717690073
18,439,0.226862666399917
1,440,0.23477173658344
2,440,0.235735020209337
3,440,0.25017438498931
4,440,0.228665071106749
5,440,0.231641366571654
6,440,0.243523930957541
7,440,0.23940675648069
8,440,0.243250321805477
9,440,0.25353307802137
10,440,0.253736813602969
11,440,0.233796095671365
12,440,0.230247059170157
13,440,0.254090181517182
14,440,0.229615715235937
15,440,0.25022802260844
16,440,0.239722156847361
17,440,0.258346199410968
18,440,0.22788286296092
1,441,0.260469103416195
2,441,0.254100871992065
3,441,0.235888150971383
4,441,0.237666387802688
5,441,0.248818876324454
6,441,0.228994549599243
7,441,0.258916170487879
8,441,0.238463677428896
9,441,0.246261023722123
10,441,0.252380129304016
11,441,0.234981564843562
12,441,0.257322324032662
13,441,0.231573531581322
14,441,0.257919591617771
15,441,0.258175844394369
16,441,0.24885695937695
17,441,0.2608366165068
18,441,0.249181494764285
1,442,0.231161819322966
2,442,0.251257730123121
3,442,0.245040292641148
4,442,0.260256652075564
5,442,0.228045137609821
6,442,0.230958904108498
7,442,0.244472031150013
8,442,0.249958708294667
9,442,0.239277363290545
10,442,0.238570966259809
11,442,0.243331704188837
12,442,0.257152193881571
13,442,0.260933616277995
14,442,0.259640050881077
15,442,0.228833404509584
16,442,0.227204250470037
17,442,0.249350967586739
18,442,0.227719809211791
1,443,0.259830063929781
2,443,0.23624855810334
3,443,0.235470731558977
4,443,0.243007134999149
5,443,0.233220341075445
6,443,0.234011228081305
7,443,0.244174281641841
8,443,0.23880846310663
9,443,0.257615289106267
10,443,0.234457589381142
11,443,0.238801329465583
12,443,0.260330782468896
13,443,0.231337324716384
14,443,0.232832179718185
15,443,0.244484251474729
16,443,0.240301585077774
17,443,0.226763176573673
18,443,0.240889348562574
1,444,0.228451578901382
2,444,0.25712305755727
3,444,0.256147700045491
4,444,0.236345172814559
5,444,0.249688584476477
6,444,0.229558143391274
7,444,0.226519844355294
8,444,0.256484907362843
9,444,0.251605504163541
10,444,0.257923571771476
11,444,0.226370615809225
12,444,0.227400469648652
13,444,0.237460708813975
14,444,0.239525823915843
15,444,0.247620100629516
16,444,0.242113279629499
17,444,0.228680217714515
18,444,0.242926771975122
1,445,0.257412894568639
2,445,0.237718199312454
3,445,0.25707029382023
4,445,0.232642108525848
5,445,0.234745927737327
6,445,0.25603758550738
7,445,0.256410125679337
8,445,0.23910838312842
9,445,0.246226852142951
10,445,0.243109590093605
11,445,0.251976665536873
12,445,0.233896314505488
13,445,0.252211187344743
14,445,0.254870397923747
15,445,0.229484018262243
16,445,0.235655497851782
17,445,0.226748187161516
18,445,0.24686850383901
1,446,0.26051995353098
2,446,0.255588037602371
3,446,0.246702291990165
4,446,0.238017342678737
5,446,0.248624299901072
6,446,0.227301062005805
7,446,0.230075429663062
8,446,0.244080206312006
9,446,0.256495441701496
10,446,0.229589988540625
11,446,0.259847710852278
12,446,0.259214724439895
13,446,0.258785466120113
14,446,0.252551014099969
15,446,0.226752649463248
16,446,0.24093030069978
17,446,0.23121681914106
18,446,0.241072773355059
1,447,0.244863288755529
2,447,0.251933950983454
3,447,0.252496707450133
4,447,0.257939656035975
5,447,0.236264068379765
6,447,0.245450617699185
7,447,0.232835311227478
8,447,0.253174158201087
9,447,0.246680483026663
10,447,0.245013290330768
11,447,0.232052610413171
12,447,0.257717581186676
13,447,0.26028245535586
14,447,0.26063440386462
15,447,0.227188710302813
16,447,0.231129451092798
17,447,0.25030928707472
18,447,0.229866737815551
1,448,0.226803220806411
2,448,0.226497230459005
3,448,0.236868867525132
4,448,0.247509414083557
5,448,0.258589909558883
6,448,0.234267442614306
7,448,0.256415684968466
8,448,0.256304134490434
9,448,0.22882721352065
10,448,0.226818124058424
11,448,0.228448557429016
12,448,0.246255890205735
13,448,0.244310874358285
14,448,0.249051502014278
15,448,0.231960533358157
16,448,0.228571371815866
17,448,0.249014048493933
18,448,0.226531153108459
1,449,0.23169005067111
2,449,0.24726705036615
3,449,0.22787899258337
4,449,0.2282574545315
5,449,0.237673775556264
6,449,0.230696095183026
7,449,0.229865273785777
8,449,0.236304543820675
9,449,0.256149086284218
10,449,0.251436876970343
11,449,0.238911005665082
12,449,0.228815826479346
13,449,0.242971757210558
14,449,0.23213468753756
15,449,0.258070418824442
16,449,0.228306519298581
17,449,0.259894097923767
18,449,0.238963939782931
1,450,0.242761002588319
2,450,0.232970195099711
3,450,0.248069590920582
4,450,0.258619605553336
5,450,0.257666227899259
6,450,0.245563774090493
7,450,0.241076288433047
8,450,0.2600173131146
9,450,0.231191524281399
10,450,0.238590284353355
11,450,0.25539780653338
12,450,0.253074868605705
13,450,0.228228629917372
14,450,0.24160340638156
15,450,0.240109557765769
16,450,0.236161766178207
17,450,0.238032473110594
18,450,0.258628644740907
1,451,0.236520163023612
2,451,0.257881807025056
3,451,0.22610314883315
4,451,0.236409572294448
5,451,0.235752237488283
6,451,0.229326904730638
7,451,0.257405481381807
8,451,0.246086464867927
9,451,0.237185336561175
10,451,0.259624356834916
11,451,0.235378038279247
12,451,0.256245830158237
13,451,0.234843134364579
14,451,0.226614323716145
15,451,0.23268002607068
16,451,0.226591155389557
17,451,0.245531675578328
18,451,0.24595606486802
1,452,0.251316761352588
2,452,0.255886196609587
3,452,0.25842015398806
4,452,0.241295922684018
5,452,0.228053226778517
6,452,0.235749942342751
7,452,0.248879812277388
8,452,0.25908883777936
9,452,0.241368740864797
10,452,0.260039980118396
11,452,0.247430061968276
12,452,0.245340892866021
13,452,0.231288580281194
14,452,0.240806977607077
15,452,0.244135255537927
16,452,0.247504338645609
17,452,0.230351524591912
18,452,0.238940386909759
1,453,0.252084725400433
2,453,0.232664988057455
3,453,0.232020906275371
4,453,0.228005516672507
5,453,0.244386712691281
6,453,0.237474321171409
7,453,0.226584513194626
8,453,0.25214877616521
9,453,0.247985373205971
10,453,0.259997337684268
11,453,0.256310323596932
12,453,0.242485877529485
13,453,0.253237360451836
14,453,0.252712417515228
15,453,0.255889428222086
16,453,0.252573696847772
17,453,0.229064553905278
18,453,0.249931632569293
1,454,0.241147292736219
2,454,0.243514077710221
3,454,0.242527554013301
4,454,0.244116538829636
5,454,0.252750420446042
6,454,0.249044548345497
7,454,0.241168210500851
8,454,0.240586608660175
9,454,0.240681048163911
10,454,0.231133507432183
11,454,0.259366864046548
12,454,0.234458830688614
13,454,0.256182224919554
14,454,0.256281814995687
15,454,0.227382719200337
16,454,0.237425863762852
17,454,0.23825920138997
18,454,0.240188245641999
1,455,0.231619606184773
2,455,0.259035416509956
3,455,0.260948153139558
4,455,0.250617714149645
5,455,0.236868724117754
6,455,0.23497422871436
7,455,0.256608337485464
8,455,0.257929765653331
9,455,0.244842159978813
10,455,0.246921456805663
11,455,0.245016599709867
12,455,0.247567383651854
13,455,0.250142424783204
14,455,0.253719703500625
15,455,0.241515005593188
16,455,0.243400242085569
17,455,0.253914595309412
18,455,0.242829431825317
1,456,0.250927006044891
2,456,0.247744711903157
3,456,0.227609476140002
4,456,0.238806455933023
5,456,0.236123328404734
6,456,0.237963705850067
7,456,0.236512749421177
8,456,0.254956120698713
9,456,0.236723709685262
10,456,0.252755592320114
11,456,0.25598192703235
12,456,0.24437494728039
13,456,0.258602365554776
14,456,0.255528846528847
15,456,0.23224106745352
16,456,0.227725176948821
17,456,0.250706369392807
18,456,0.22803796586371
1,457,0.230236651679967
2,457,0.241573913290864
3,457,0.236105768946232
4,457,0.240725429528626
5,457,0.247606412135297
6,457,0.255534886979964
7,457,0.240877683474915
8,457,0.237935921367258
9,457,0.2346838402797
10,457,0.228396871113451
11,457,0.229650347001385
12,457,0.246555158994393
13,457,0.239216314318124
14,457,0.232324554106686
15,457,0.244232692433521
16,457,0.254719516436104
17,457,0.250955757512944
18,457,0.228535870071733
1,458,0.232669768531574
2,458,0.226765336705372
3,458,0.251246066706022
4,458,0.240807881795568
5,458,0.230278558138758
6,458,0.234131527297664
7,458,0.236237306165509
8,458,0.260079556080978
9,458,0.249582326389151
10,458,0.232195615683682
11,458,0.234550739318598
12,458,0.241288587736432
13,458,0.233623501403723
14,458,0.247775254969252
15,458,0.242839341733139
16,458,0.252924342156854
17,458,0.243994668602478
18,458,0.237083637179108
1,459,0.254874031448504
2,459,0.258492023331579
3,459,0.24027057939698
4,459,0.231415571409976
5,459,0.227557198739611
6,459,0.254237938397797
7,459,0.234958745093551
8,459,0.249251311234199
9,459,0.235246769384481
10,459,0.230816029687645
11,459,0.232145426849835
12,459,0.242691981753102
13,459,0.247918300919933
14,459,0.258378136335174
15,459,0.260783742178697
16,459,0.235023271144833
17,459,0.253525786149781
18,459,0.234913821554743
1,460,0.241346586486558
2,460,0.255998534361366
3,460,0.250246332816547
4,460,0.237773867965676
5,460,0.258390999043128
6,460,0.241281544215977
7,460,0.239249570169719
8,460,0.254220493718982
9,460,0.252138300173916
10,460,0.245886016288074
11,460,0.250951766928425
12,460,0.23714141367143
13,460,0.24179193476704
14,460,0.258633903500391
15,460,0.244289130155463
16,460,0.237557664987631
17,460,0.251996748885373
18,460,0.253707017651992
1,461,0.243133672257187
2,461,0.251752514670603
3,461,0.238848960729316
4,461,0.237692121766973
5,461,0.235669079161249
6,461,0.260816249733558
7,461,0.247506094371434
8,461,0.239710926325293
9,461,0.242732116416097
10,461,0.227499349712394
11,461,0.238426535260165
12,461,0.241021316003986
13,461,0.245952945957193
14,461,0.247983815461863
15,461,0.233690948457457
16,461,0.255608584021917
17,461,0.233390429845545
18,461,0.252635932814097
1,462,0.258032412691042
2,462,0.236050137803191
3,462,0.232617189639946
4,462,0.260409628396388
5,462,0.247837140623247
6,462,0.259384373958688
7,462,0.231824898622232
8,462,0.236440968837356
9,462,0.240308316366514
10,462,0.2277450254492
11,462,0.248815298360074
12,462,0.233802047615405
13,462,0.231472552235005
14,462,0.25123482330027
15,462,0.251343191712163
16,462,0.235232854517177
17,462,0.246532468341989
18,462,0.25351382832299
1,463,0.239151991423219
2,463,0.231490800917614
3,463,0.246893333859276
4,463,0.229722364413552
5,463,0.244546866723336
6,463,0.251619881987805
7,463,0.233019331016345
8,463,0.244920738470042
9,463,0.228841901083011
10,463,0.238857423304813
11,463,0.244979138333816
12,463,0.241619151277933
13,463,0.231513044788968
14,463,0.238212250932353
15,463,0.243008325880161
16,463,0.226952224381035
17,463,0.227738398427842
18,463,0.228842684966745
1,464,0.2321752641981
2,464,0.25272744641779
3,464,0.247253105722135
4,464,0.251833918502321
5,464,0.255822208185215
6,464,0.260887625153642
7,464,0.245852393084439
8,464,0.228380290871952
9,464,0.231600195175502
10,464,0.238201994126663
11,464,0.23786316133826
12,464,0.242961847563507
13,464,0.256202994582942
14,464,0.250976210951572
15,464,0.250430333512137
16,464,0.23109661174845
17,464,0.253452980445232
18,464,0.246521476196591
1,465,0.255419080616208
2,465,0.233479391681263
3,465,0.248648047471885
4,465,0.243534797639819
5,465,0.256322840164881
6,465,0.227968030792195
7,465,0.231782822100446
8,465,0.232398575326893
9,465,0.247622164357686
10,465,0.233798398183659
11,465,0.238849312288454
12,465,0.24892329622549
13,465,0.246297885000473
14,465,0.256707983244211
15,465,0.257761814238271
16,465,0.232540999796707
17,465,0.250247886054218
18,465,0.232379202218959
1,466,0.235256315493258
2,466,0.24273119619838
3,466,0.238708903296152
4,466,0.238572117006639
5,466,0.23197506880993
6,466,0.244073793594958
7,466,0.242247609527782
8,466,0.235675798641983
9,466,0.236803781665163
10,466,0.236827289971057
11,466,0.253499327341793
12,466,0.236658696392784
13,466,0.236888588696253
14,466,0.241259709085803
15,466,0.252643592412584
16,466,0.243955955748912
17,466,0.252756177464267
18,466,0.251947157394839
1,467,0.23760814814968
2,467,0.246303473952226
3,467,0.258309787228005
4,467,0.2493569821727
5,467,0.243875898176571
6,467,0.23200224149297
7,467,0.234992783459835
8,467,0.242581814840902
9,467,0.244537879127543
10,467,0.245594577975804
11,467,0.231629818162415
12,467,0.229976108864881
13,467,0.251986610664986
14,467,0.233885339603527
15,467,0.23248720276542
16,467,0.236873613707954
17,467,0.2575697637829
18,467,0.243863765030634
1,468,0.226666052415036
2,468,0.22642897524545
3,468,0.230653956231196
4,468,0.257810596289579
5,468,0.238864294423489
6,468,0.247908013807843
7,468,0.234461106414907
8,468,0.251427957834909
9,468,0.257885036738822
10,468,0.249952832234791
11,468,0.242656786430394
12,468,0.246479123673867
13,468,0.248352118132403
14,468,0.226196776599623
15,468,0.252611605224898
16,468,0.24414716572524
17,468,0.245626345912693
18,468,0.242788986568572
1,469,0.255110425440595
2,469,0.227228917916305
3,469,0.249447503618663
4,469,0.253467676955275
5,469,0.252511738830013
6,469,0.228451412823284
7,469,0.228402350028278
8,469,0.238743335189298
9,469,0.230550513819559
10,469,0.227944004425313
11,469,0.226454770694487
12,469,0.236681408632081
13,469,0.240001003669109
14,469,0.255641259219497
15,469,0.258336263442412
16,469,0.242934942341177
17,469,0.231737814789172
18,469,0.239044353428995
1,470,0.247827511067968
2,470,0.257686895145103
3,470,0.249463216994423
4,470,0.258174862194806
5,470,0.246799225370865
6,470,0.239141012560809
7,470,0.239584196447628
8,470,0.234006962750806
9,470,0.235388406751677
10,470,0.250049488644814
11,470,0.235174829950789
12,470,0.249883176757954
13,470,0.243743686923059
14,470,0.256906167865032
15,470,0.257609813719988
16,470,0.230744962832192
17,470,0.233480938668596
18,470,0.243332053099526
1,471,0.241793326767162
2,471,0.249735903801862
3,471,0.244883806294762
4,471,0.233139832900139
5,471,0.253497702213004
6,471,0.229391385440482
7,471,0.240298548529623
8,471,0.227018324018223
9,471,0.251835989849875
10,471,0.242851362845628
11,471,0.228353098802269
12,471,0.242945655560121
13,471,0.252731059325393
14,471,0.237424983280012
15,471,0.244843546478311
16,471,0.242437316423981
17,471,0.230781595724635
18,471,0.228175576480804
1,472,0.226346276086057
2,472,0.253472537404392
3,472,0.238510052423459
4,472,0.245825381386327
5,472,0.252187274445547
6,472,0.235553045821376
7,472,0.247880519798724
8,472,0.237852186591132
9,472,0.23852534079249
10,472,0.253534064271022
11,472,0.244198769727023
12,472,0.238394025594695
13,472,0.245669292250182
14,472,0.260392526891315
15,472,0.23390657374775
16,472,0.255607240834739
17,472,0.244261373949936
18,472,0.233997064952506
1,473,0.245064316791482
2,473,0.230950677945744
3,473,0.234221210147021
4,473,0.251928592788987
5,473,0.246249388932716
6,473,0.243469288215507
7,473,0.247767639123136
8,473,0.252226922470378
9,473,0.250523390770191
10,473,0.231780772836879
11,473,0.252651530367089
12,473,0.244793403205927
13,473,0.249072383099934
14,473,0.24260044344957
15,473,0.247645569463726
16,473,0.255267882618587
17,473,0.242169531251071
18,473,0.24698177610198
1,474,0.249561920052161
2,474,0.238785049175145
3,474,0.229576189406449
4,474,0.239238705263939
5,474,0.252023589420365
6,474,0.246163742033765
7,474,0.236372469167924
8,474,0.235299102809746
9,474,0.260660295130452
10,474,0.246738753507612
11,474,0.235641614847351
12,474,0.228832947061397
13,474,0.226067927400814
14,474,0.237812635906972
15,474,0.258024354423629
16,474,0.25477727223793
17,474,0.235614582466893
18,474,0.242561865805415
1,475,0.251318754982436
2,475,0.25705225250707
3,475,0.246625464245677
4,475,0.243733761474956
5,475,0.256223510720534
6,475,0.255338432374643
7,475,0.23241173270531
8,475,0.247908272581641
9,475,0.23010227014916
10,475,0.236028805438196
11,475,0.255979425601196
12,475,0.254198390965117
13,475,0.231911091981689
14,475,0.254750032561366
15,475,0.228189336320153
16,475,0.231774111369392
17,475,0.253359727536095
18,475,0.246870116426377
1,476,0.24258944621915
2,476,0.258624929203885
3,476,0.260602497646119
4,476,0.245818631493254
5,476,0.248205051885685
6,476,0.252368133396609
7,476,0.238670330916299
8,476,0.257921593192965
9,476,0.235284419729374
10,476,0.246267752606887
11,476,0.259388878545957
12,476,0.227540520529961
13,476,0.229926887969719
14,476,0.240871301031671
15,476,0.251597954039695
16,476,0.253825889069354
17,476,0.250949154107599
18,476,0.231447210012935
1,477,0.235918581743259
2,477,0.239109104288742
3,477,0.258819367133779
4,477,0.237489179880591
5,477,0.233956690038554
6,477,0.226340155602898
7,477,0.243228131921729
8,477,0.253658165689791
9,477,0.248779906766955
10,477,0.231650917211315
11,477,0.260646983351558
12,477,0.229106112675741
13,477,0.251577051823493
14,477,0.234271703112405
15,477,0.259541303859092
16,477,0.236407661997015
17,477,0.234159711932531
18,477,0.247434469149681
1,478,0.227415894530946
2,478,0.228063592105405
3,478,0.254458301135106
4,478,0.23060604014108
5,478,0.227809945948189
6,478,0.236242233697791
7,478,0.229141736354446
8,478,0.244043758713175
9,478,0.251526344765676
10,478,0.25587053495599
11,478,0.242721595670097
12,478,0.236458727076184
13,478,0.254052773542004
14,478,0.247773355012992
15,478,0.258343361626845
16,478,0.256502746945713
17,478,0.2546759072938
18,478,0.226100165025797
1,479,0.248711209213594
2,479,0.240341749949381
3,479,0.250833626808831
4,479,0.253675750695635
5,479,0.245515164693585
6,479,0.240926442920696
7,479,0.259467637416907
8,479,0.253063397808233
9,479,0.244231177439447
10,479,0.240885189007036
11,479,0.253657286633039
12,479,0.254138026205124
13,479,0.232075263587991
14,479,0.245748313480523
15,479,0.244047798086191
16,479,0.23861438581394
17,479,0.22680074877711
18,479,0.244826161141042
1,480,0.245430883049499
2,480,0.237466218678979
3,480,0.228391863606172
4,480,0.258145230732858
5,480,0.241650122708175
6,480,0.257230782795465
7,480,0.240179193970049
8,480,0.249930562302703
9,480,0.255206783341942
10,480,0.238347521616612
11,480,0.235112651076866
12,480,0.23607176729152
13,480,0.234865081886761
14,480,0.232652967776172
15,480,0.22684864506498
16,480,0.235391821090831
17,480,0.25163738605706
18,480,0.240056793254567
1,481,0.256164772327989
2,481,0.248639515009942
3,481,0.24036997347977
4,481,0.260348870166577
5,481,0.258570829173783
6,481,0.253156227910891
7,481,0.237934735815739
8,481,0.235031836146023
9,481,0.231533291208558
10,481,0.256483681994956
11,481,0.246671771814814
12,481,0.228992856922792
13,481,0.252380660485011
14,481,0.231452405437827
15,481,0.22836776808626
16,481,0.230212632272393
17,481,0.227783535953145
18,481,0.243189954943024
1,482,0.244147927223472
2,482,0.227165734685492
3,482,0.249958936436102
4,482,0.258307437149575
5,482,0.226333432707703
6,482,0.252871023451677
7,482,0.227539530572481
8,482,0.256210470387246
9,482,0.247730495495722
10,482,0.24299278085609
11,482,0.254452448283788
12,482,0.255900222874712
13,482,0.238306893331697
14,482,0.248028572425479
15,482,0.256975431477418
16,482,0.255584561542142
17,482,0.235438738438766
18,482,0.234590332410531
1,483,0.241183164668269
2,483,0.235196054487256
3,483,0.25790077579231
4,483,0.250154014361557
5,483,0.242362477509538
6,483,0.230794516845141
7,483,0.24386122529069
8,483,0.260054167808499
9,483,0.232443308446323
10,483,0.246752804904478
11,483,0.244434967896901
12,483,0.252429222625447
13,483,0.235089556474937
14,483,0.247614498011768
15,483,0.227259110686369
16,483,0.259567954031751
17,483,0.231806524060899
18,483,0.236811117460253
1,484,0.240199109561741
2,484,0.241737272149418
3,484,0.245774631668115
4,484,0.245375003392342
5,484,0.256003674380714
6,484,0.240933660334209
7,484,0.244037919487106
8,484,0.244547491887584
9,484,0.241725823696703
10,484,0.237427952370141
11,484,0.256298296111869
12,484,0.254352958490141
13,484,0.260724676437909
14,484,0.241150889076758
15,484,0.242308484273031
16,484,0.242781014860608
17,484,0.25682095897058
18,484,0.244036306581926
1,485,0.250030343515333
2,485,0.232191456592642
3,485,0.242439193913247
4,485,0.250020206354326
5,485,0.226958058644319
6,485,0.238346232490381
7,485,0.231832186231855
8,485,0.246530742596602
9,485,0.236109791801078
10,485,0.244813937556697
11,485,0.230670920701465
12,485,0.248497872688109
13,485,0.230296954686288
14,485,0.249121137224371
15,485,0.237894071120769
16,485,0.247601829577703
17,485,0.255029821456643
18,485,0.253971804438857
1,486,0.23225587250106
2,486,0.235283492821269
3,486,0.2451462442989
4,486,0.237741165281273
5,486,0.24068496160931
6,486,0.249122776980745
7,486,0.253514905557036
8,486,0.23211642024247
9,486,0.244036560604814
10,486,0.256783568711486
11,486,0.241162963427138
12,486,0.240597803187789
13,486,0.235784125583246
14,486,0.242391788892215
15,486,0.254482173150405
16,486,0.232574157117866
17,486,0.256545125504723
18,486,0.255858926463639
1,487,0.243771457845811
2,487,0.248825191472657
3,487,0.260981297348859
4,487,0.248420814243378
5,487,0.243458206031006
6,487,0.237022043131525
7,487,0.260939492125995
8,487,0.234124354101019
9,487,0.241636212428799
10,487,0.235272832147544
11,487,0.228034387394087
12,487,0.259455011521
13,487,0.228698931921041
14,487,0.242312959694769
15,487,0.232711208113702
16,487,0.260341227265541
17,487,0.258562274244847
18,487,0.244176257677842
1,488,0.259451117258519
2,488,0.250725942430086
3,488,0.248908922247589
4,488,0.233752352452371
5,488,0.247740153866122
6,488,0.256716013161
7,488,0.236347723669838
8,488,0.238488894611597
9,488,0.234725706620608
10,488,0.250324558730004
11,488,0.234274298160104
12,488,0.229435524101369
13,488,0.232719998330809
14,488,0.251845641285414
15,488,0.236311883983668
16,488,0.249387698186561
17,488,0.235336047281977
18,488,0.226396814987762
1,489,0.250550288723549
2,489,0.23329706498445
3,489,0.253285747851711
4,489,0.231332479424542
5,489,0.259094341728138
6,489,0.254597691289615
7,489,0.226250957232201
8,489,0.250967816396384
9,489,0.250140976310009
10,489,0.233327014268376
11,489,0.239127268074313
12,489,0.24055993499374
13,489,0.239823921919102
14,489,0.253387924003415
15,489,0.227761398443487
16,489,0.227902119936422
17,489,0.243041006953223
18,489,0.243917662393302
1,490,0.233660533739254
2,490,0.247382900066674
3,490,0.248364637047285
4,490,0.24929135042266
5,490,0.230651332017966
6,490,0.230990512633231
7,490,0.260990043055732
8,490,0.234900178133044
9,490,0.233597738241311
10,490,0.249486620975891
11,490,0.23961128326389
12,490,0.245983826134121
13,490,0.229835290854331
14,490,0.253846920823213
15,490,0.239038377331104
16,490,0.255216629874427
17,490,0.260425615988439
18,490,0.245505381797208
1,491,0.238229631657247
2,491,0.259721909830347
3,491,0.251519781502662
4,491,0.245635206130333
5,491,0.232078284432879
6,491,0.248463728644652
7,491,0.258830704433145
8,491,0.249339234804735
9,491,0.24980816959776
10,491,0.230450727709336
11,491,0.234288009748794
12,491,0.245454544403125
13,491,0.246689362639096
14,491,0.239100181453628
15,491,0.238229999522679
16,491,0.246267713963985
17,491,0.250308259623358
18,491,0.243277590598678
1,492,0.23332002348057
2,492,0.237961592388107
3,492,0.249743831187021
4,492,0.230226310066879
5,492,0.259015835836995
6,492,0.231816710768268
7,492,0.25738319018879
8,492,0.226591437388211
9,492,0.247693492390914
10,492,0.247332258780021
11,492,0.248074087269139
12,492,0.24132705771504
13,492,0.249215713078389
14,492,0.251876047821948
15,492,0.254542795396643
16,492,0.247336658855435
17,492,0.248757864242885
18,492,0.234879521912895
1,493,0.251472039126325
2,493,0.235799007370602
3,493,0.251837063547224
4,493,0.229385372940684
5,493,0.246653386129998
6,493,0.233690910670208
7,493,0.252753154085018
8,493,0.260747093175538
9,493,0.244307159644319
10,493,0.252224780975608
11,493,0.255542111026822
12,493,0.229779712533578
13,493,0.237698192280019
14,493,0.226471323946258
15,493,0.246188783286139
16,493,0.235464529756224
17,493,0.24395321619371
18,493,0.25003555822093
1,494,0.230948184810346
2,494,0.247425052774139
3,494,0.256964576782426
4,494,0.23534452192625
5,494,0.230288542089053
6,494,0.234658622306539
7,494,0.257642645021202
8,494,0.247364872941049
9,494,0.230992927578278
10,494,0.250739025334129
11,494,0.231706027596025
12,494,0.26093714472861
13,494,0.254187259340193
14,494,0.240736850983463
15,494,0.242359867182327
16,494,0.239647388454992
17,494,0.227137671105098
18,494,0.249112532439409
1,495,0.258677213359857
2,495,0.23503229086427
3,495,0.226224478198215
4,495,0.25477415845287
5,495,0.234550623446936
6,495,0.229442558649695
7,495,0.228247450037394
8,495,0.245446979643544
9,495,0.235975998274749
10,495,0.226923324697651
11,495,0.244736631624633
12,495,0.251009409091435
13,495,0.238927706993651
14,495,0.240398209404899
15,495,0.235847032723483
16,495,0.258827200356405
17,495,0.241223107534694
18,495,0.230994092594134
1,496,0.247213458284037
2,496,0.229970332003664
3,496,0.232862288512057
4,496,0.257784541365923
5,496,0.226664997639833
6,496,0.245176848157076
7,496,0.232204206574475
8,496,0.2273805220637
9,496,0.226995113080135
10,496,0.252570256781997
11,496,0.251808868489694
12,496,0.233126875059912
13,496,0.259924417909002
14,496,0.248972623808309
15,496,0.230410312392283
16,496,0.255850349548506
17,496,0.232578631863231
18,496,0.243118804290658
1,497,0.232672460593982
2,497,0.25140265539661
3,497,0.253466803757707
4,497,0.25911362084467
5,497,0.243937593671959
6,497,0.235824595686514
7,497,0.250064623876475
8,497,0.232596585842781
9,497,0.253292501843767
10,497,0.251585883185267
11,497,0.246925408364274
12,497,0.246024812807096
13,497,0.249550192648545
14,497,0.246526081237476
15,497,0.230287603698904
16,497,0.249321539232275
17,497,0.24263780018338
18,497,0.246450290046865
1,498,0.23541195908701
2,498,0.250572985357372
3,498,0.229359142265981
4,498,0.229847628199728
5,498,0.230242173907114
6,498,0.249394105019979
7,498,0.254902210574597
8,498,0.260150926147122
9,498,0.229384737239685
10,498,0.243382645988837
11,498,0.238004501606571
12,498,0.237833643824793
13,498,0.255298122873297
14,498,0.250611067896476
15,498,0.248015707721002
16,498,0.257528887611348
17,498,0.252001899180701
18,498,0.242905264160596
1,499,0.248043735812185
2,499,0.250584965537069
3,499,0.24142891012039
4,499,0.237353980044369
5,499,0.226486971396022
6,499,0.234958150635008
7,499,0.235496051094029
8,499,0.237125925356755
9,499,0.22894189369888
10,499,0.257799789225915
11,499,0.238343939642888
12,499,0.258859320479911
13,499,0.260300606950419
14,499,0.230510916848667
15,499,0.245423910018522
16,499,0.246083046943182
17,499,0.234260888763471
18,499,0.249484991943697
1,500,0.25445205323305
2,500,0.22873786537
3,500,0.250094652540516
4,500,0.246974301177775
5,500,0.242379279691027
6,500,0.23778600948886
7,500,0.240348826155765
8,500,0.227256181111094
9,500,0.241475731007755
10,500,0.252787302154116
11,500,0.242503610709915
12,500,0.236476311568636
13,500,0.251627575673861
14,500,0.22833445640537
15,500,0.245277637939667
16,500,0.260415662833489
17,500,0.235282216554275
18,500,0.253612950243056
1,501,0.253928745513782
2,501,0.256769759260584
3,501,0.234486180671025
4,501,0.245583508756477
5,501,0.257667074351571
6,501,0.226286949925357
7,501,0.231722472880734
8,501,0.235093991379486
9,501,0.253046790063614
10,501,0.228488043629564
11,501,0.257351856956026
12,501,0.237023532439722
13,501,0.257121329684975
14,501,0.24730663575721
15,501,0.241937177781016
16,501,0.250555103570456
17,501,0.252445796192857
18,501,0.24447326284973
1,502,0.22656955241831
2,502,0.228685352991102
3,502,0.249504740283825
4,502,0.251157501575304
5,502,0.241977061802987
6,502,0.233820894643664
7,502,0.251399095783941
8,502,0.226614746327046
9,502,0.245015612254152
10,502,0.228846533716656
11,502,0.25758066954813
12,502,0.253493536374532
13,502,0.241128721741494
14,502,0.247491837259382
15,502,0.252895618615672
16,502,0.233528331123758
17,502,0.242023301099194
18,502,0.226003280971432
1,503,0.252040404045489
2,503,0.251408679769607
3,503,0.229818908741232
4,503,0.251019496730529
5,503,0.251477608781075
6,503,0.24094411297841
7,503,0.238194689729949
8,503,0.233885894099018
9,503,0.248872860442149
10,503,0.228701900245156
11,503,0.232674510542071
12,503,0.235891312526306
13,503,0.250708846735302
14,503,0.238407456170768
15,503,0.26095142224594
16,503,0.232123367000837
17,503,0.258839913333301
18,503,0.231076334264595
1,504,0.255279264289653
2,504,0.255996122586308
3,504,0.2353783637858
4,504,0.236472548514372
5,504,0.247957482972648
6,504,0.24821350833308
7,504,0.241298328673234
8,504,0.247080517004011
9,504,0.226824777238304
10,504,0.249439447225537
11,504,0.240178501665592
12,504,0.236902113475604
13,504,0.239152897518594
14,504,0.251086678165244
15,504,0.242250167472754
16,504,0.245498272261117
17,504,0.236407620004844
18,504,0.25699886107957
1,505,0.251996048488887
2,505,0.245490119823022
3,505,0.260036844925722
4,505,0.234407265411224
5,505,0.256663125020219
6,505,0.259183609333355
7,505,0.252090137378778
8,505,0.239712554086233
9,505,0.244268539942801
10,505,0.24607133136387
11,505,0.244556439683307
12,505,0.259155942539452
13,505,0.256676468996098
14,505,0.24780905300309
15,505,0.257500597690465
16,505,0.252414112386992
17,505,0.235693008252652
18,505,0.226270214957418
1,506,0.25501128681493
2,506,0.229837526381249
3,506,0.230143398811575
4,506,0.231489162082085
5,506,0.230077554281102
6,506,0.247199074242031
7,506,0.259065599272959
8,506,0.251771599643631
9,506,0.244015665038256
10,506,0.228848401345545
11,506,0.243971609008964
12,506,0.253656185367377
13,506,0.255267549248179
14,506,0.260990378398215
15,506,0.240771684919251
16,506,0.255659869541647
17,506,0.232950688933721
18,506,0.232439663105411
1,507,0.245425734620309
2,507,0.230043375212932
3,507,0.227531580532901
4,507,0.235170840621227
5,507,0.237140397262061
6,507,0.259061805211473
7,507,0.241320368614048
8,507,0.241886270492338
9,507,0.228610014864476
10,507,0.2390731409078
11,507,0.246065256947419
12,507,0.256039883333957
13,507,0.234115121495211
14,507,0.259504351327429
15,507,0.256358196358429
16,507,0.233818728897255
17,507,0.239626867851708
18,507,0.247541483063484
1,508,0.230817273447989
2,508,0.235498906423105
3,508,0.246808674921282
4,508,0.231627839054214
5,508,0.242757272969699
6,508,0.255729160811985
7,508,0.244062805385562
8,508,0.239044682895998
9,508,0.246485275995452
10,508,0.251420715819346
11,508,0.238137396933977
12,508,0.231638533179881
13,508,0.239019603457069
14,508,0.247017675960902
15,508,0.251952806837158
16,508,0.226586787926732
17,508,0.259183623154182
18,508,0.230572822647169
1,509,0.226947495775763
2,509,0.255548261066666
3,509,0.241611293844413
4,509,0.234804620169103
5,509,0.255273248122772
6,509,0.242633493333356
7,509,0.230170491421828
8,509,0.230235971354647
9,509,0.256742499618791
10,509,0.227792698770296
11,509,0.238329082457582
12,509,0.240509722877992
13,509,0.252615763851441
14,509,0.250335467705969
15,509,0.258540468345396
16,509,0.231750617145095
17,509,0.254544633305864
18,509,0.245395248133223
1,510,0.257069019598654
2,510,0.258856470708502
3,510,0.226476985807763
4,510,0.240553281015251
5,510,0.22955056337663
6,510,0.242266104010865
7,510,0.251183795168996
8,510,0.242170736800414
9,510,0.232342190288706
10,510,0.246226068161428
11,510,0.236168100892333
12,510,0.25164478388289
13,510,0.258089917835547
14,510,0.235061232197564
15,510,0.245122933542822
16,510,0.252774140635971
17,510,0.244132556116907
18,510,0.233654077286134
1,511,0.240105052575469
2,511,0.245601458979305
3,511,0.227926159056602
4,511,0.252810801984975
5,511,0.22705052320403
6,511,0.230590206721332
7,511,0.240483196766814
8,511,0.247417421436636
9,511,0.248351257517003
10,511,0.248530818108935
11,511,0.229275782559067
12,511,0.240732037228532
13,511,0.227236212851945
14,511,0.237078573158011
15,511,0.257462741068099
16,511,0.23437339442689
17,511,0.250287270260975
18,511,0.257236582433339
1,512,0.249979575347621
2,512,0.229818580186926
3,512,0.254715888550505
4,512,0.250500437416136
5,512,0.250866273704683
6,512,0.241807382311905
7,512,0.231095920984168
8,512,0.229978663933231
9,512,0.257303249131888
10,512,0.232808114692103
11,512,0.229525815482717
12,512,0.232102966140024
13,512,0.237064051616704
14,512,0.249596302936785
15,512,0.248073017401854
16,512,0.239696366499644
17,512,0.247372547460487
18,512,0.257008061382454
1,513,0.251276365854079
2,513,0.243272899096133
3,513,0.254337605833076
4,513,0.236709120742977
5,513,0.233317249332555
6,513,0.23631926149386
7,513,0.229464050646871
8,513,0.232636651091976
9,513,0.230251002685633
10,513,0.242637775907293
11,513,0.251101284106495
12,513,0.233014740407467
13,513,0.237261958802352
14,513,0.242751458003419
15,513,0.249105757675366
16,513,0.249062602941645
17,513,0.256855712548364
18,513,0.227280289107235
1,514,0.234780678699259
2,514,0.237550777179655
3,514,0.254785355702275
4,514,0.247774067967199
5,514,0.235082444746746
6,514,0.24309332524566
7,514,0.251596243924228
8,514,0.229955776912626
9,514,0.243975690830499
10,514,0.248980230682297
11,514,0.232913914092584
12,514,0.243042178480187
13,514,0.254993901216891
14,514,0.256073111910606
15,514,0.252776348178973
16,514,0.248673984739231
17,514,0.232738594359485
18,514,0.232755369543098
1,515,0.244026304679224
2,515,0.252437045205385
3,515,0.260796023996314
4,515,0.238313712385949
5,515,0.233912337586749
6,515,0.251001112887403
7,515,0.241182929681614
8,515,0.258275606937474
9,515,0.258188647353323
10,515,0.239217147976393
11,515,0.230644655409502
12,515,0.252552861836972
13,515,0.260697368757334
14,515,0.227508617937798
15,515,0.234830135290045
16,515,0.22613304817141
17,515,0.236536150395637
18,515,0.227282221374568
1,516,0.242961808016058
2,516,0.245172878882382
3,516,0.256055906822672
4,516,0.226172925014049
5,516,0.260978753208416
6,516,0.226148809488164
7,516,0.24999473378784
8,516,0.260538824599003
9,516,0.251628566397354
10,516,0.24795137926843
11,516,0.228967790832045
12,516,0.247221136291279
13,516,0.245465617868118
14,516,0.242656682488974
15,516,0.226319998570485
16,516,0.257534176644636
17,516,0.239933430622565
18,516,0.240200071844971
1,517,0.25848177073081
2,517,0.253130058305338
3,517,0.240752329502953
4,517,0.244945136393886
5,517,0.242695582706016
6,517,0.235786369911162
7,517,0.244045041002333
8,517,0.232571187636582
9,517,0.241776765627088
10,517,0.227332637111191
11,517,0.244894663279643
12,517,0.242458791960031
13,517,0.228287757322192
14,517,0.227985880756984
15,517,0.237035637878813
16,517,0.237085069476394
17,517,0.238821571680252
18,517,0.23015083454689
1,518,0.251045450108591
2,518,0.244886600220576
3,518,0.24637497476209
4,518,0.257580214577261
5,518,0.233841686570318
6,518,0.255193050476024
7,518,0.254072212290717
8,518,0.232745601918083
9,518,0.257150377168087
10,518,0.226585945035564
11,518,0.229513125176542
12,518,0.240651866897475
13,518,0.246054917045636
14,518,0.230697690934408
15,518,0.233942229493055
16,518,0.236203508221312
17,518,0.235504056767328
18,518,0.24787864491716
1,519,0.249194761006162
2,519,0.242314024175517
3,519,0.254002239317866
4,519,0.260591198345879
5,519,0.248682993946364
6,519,0.243818820654647
7,519,0.236373256197199
8,519,0.256002635406563
9,519,0.25647454206855
10,519,0.231391576392576
11,519,0.255712833004305
12,519,0.240438677935395
13,519,0.231643329968443
14,519,0.253499929965707
15,519,0.247802328836638
16,519,0.252277040032437
17,519,0.23030824316456
18,519,0.229135003900388
1,520,0.258507150324527
2,520,0.235414892622735
3,520,0.247225497585256
4,520,0.243397042018129
5,520,0.255996562220622
6,520,0.241173033456085
7,520,0.248786581818946
8,520,0.236260884993477
9,520,0.241991171196802
10,520,0.230018544614082
11,520,0.253073190679075
12,520,0.258602836082224
13,520,0.230723061050754
14,520,0.253306422179099
15,520,0.228659100729506
16,520,0.256282153467415
17,520,0.235238951262087
18,520,0.244001858366188
1,521,0.247138699328294
2,521,0.256148155130446
3,521,0.237884294727352
4,521,0.249289825413376
5,521,0.23723231252539
6,521,0.241977778823581
7,521,0.254750260653906
8,521,0.23457949633617
9,521,0.236771809602156
10,521,0.229749878339004
11,521,0.255227979340358
12,521,0.247675061185379
13,521,0.23369230530248
14,521,0.255314757126849
15,521,0.239957608342171
16,521,0.24008561000484
17,521,0.233150961346924
18,521,0.232383805442601
1,522,0.237724345660768
2,522,0.253971089023631
3,522,0.230293775814585
4,522,0.230995528012514
5,522,0.249539521845523
6,522,0.240726063583512
7,522,0.256851082212757
8,522,0.242508910483681
9,522,0.2474042167773
10,522,0.25462034300575
11,522,0.259480172100244
12,522,0.227393391869497
13,522,0.227767226603115
14,522,0.251129017584259
15,522,0.233915608265903
16,522,0.231758454042953
17,522,0.250502967703156
18,522,0.238848315216834
1,523,0.251786495154025
2,523,0.243692442287225
3,523,0.247985768696759
4,523,0.243392933761003
5,523,0.259584850155748
6,523,0.24154572256864
7,523,0.259357488269685
8,523,0.231715010465356
9,523,0.228528423701879
10,523,0.24836568828579
11,523,0.237836698097177
12,523,0.247851380027365
13,523,0.228652348049451
14,523,0.236938732555369
15,523,0.231296319276094
16,523,0.251157254829537
17,523,0.246931119209854
18,523,0.258606833821628
1,524,0.248307557178428
2,524,0.248074852882652
3,524,0.23361468839366
4,524,0.2537174140024
5,524,0.247648258242058
6,524,0.249596560667502
7,524,0.23416750075086
8,524,0.253846762258559
9,524,0.246946788352448
10,524,0.24976706795767
11,524,0.245076480561635
12,524,0.23990953256283
13,524,0.239587012864882
14,524,0.248216991124442
15,524,0.231897651911946
16,524,0.252911682442296
17,524,0.237229727272876
18,524,0.233123033024836
1,525,0.250091846692609
2,525,0.246620886308607
3,525,0.236870610725833
4,525,0.256933257280849
5,525,0.239033943811897
6,525,0.235063919981709
7,525,0.230982723342255
8,525,0.24328049727506
9,525,0.237623588971561
10,525,0.241647744621383
11,525,0.243152962757973
12,525,0.257728656591149
13,525,0.234153864068445
14,525,0.233080141791375
15,525,0.238283828539075
16,525,0.245278552453034
17,525,0.230743021519389
18,525,0.239887873200001
1,526,0.25305923663103
2,526,0.235185647045961
3,526,0.260525386313908
4,526,0.260481048620073
5,526,0.237736704894574
6,526,0.248091041194508
7,526,0.249787073490676
8,526,0.256030398897361
9,526,0.259011002287967
10,526,0.250672324499115
11,526,0.238261362092104
12,526,0.254802128359675
13,526,0.238200196799822
14,526,0.260290038931649
15,526,0.2519445569932
16,526,0.244358683988918
17,526,0.231966128625441
18,526,0.254774012274807
1,527,0.241094522105064
2,527,0.257776906214654
3,527,0.236152631646488
4,527,0.257892521596747
5,527,0.231829700756585
6,527,0.260907347864937
7,527,0.249205400508596
8,527,0.247456450466067
9,527,0.241567951380508
10,527,0.244333838102408
11,527,0.260474251128267
12,527,0.247033494109288
13,527,0.226078204782913
14,527,0.256019195006462
15,527,0.251921971186763
16,527,0.255319604806369
17,527,0.233200603402453
18,527,0.247769970238674
1,528,0.239557295585051
2,528,0.249796745144064
3,528,0.230834228856489
4,528,0.255244951487053
5,528,0.251147609122796
6,528,0.228092678402551
7,528,0.257932521392591
8,528,0.257673470167443
9,528,0.250066660403041
10,528,0.232195019579027
11,528,0.23233227435872
12,528,0.246593822594965
13,528,0.25913758150558
14,528,0.259574183085002
15,528,0.241224060756154
16,528,0.246724323521135
17,528,0.245982499774778
18,528,0.234729878367158
1,529,0.242812759768218
2,529,0.237909242583206
3,529,0.240510003849864
4,529,0.242763953791233
5,529,0.244629446947016
6,529,0.231446964440634
7,529,0.231298135704361
8,529,0.243155125106219
9,529,0.256645585869206
10,529,0.242359478178201
11,529,0.251933838232886
12,529,0.24047168926592
13,529,0.244599542605225
14,529,0.248782207502751
15,529,0.254972093891352
16,529,0.242517657315126
17,529,0.229878898847615
18,529,0.237166474114871
1,530,0.256137370639713
2,530,0.237096175684361
3,530,0.246438152475981
4,530,0.236123959232587
5,530,0.250240844701417
6,530,0.236093161483528
7,530,0.237350449238671
8,530,0.23657466259459
9,530,0.233595735908253
10,530,0.234660094786901
11,530,0.236236211459851
12,530,0.232512927301228
13,530,0.255748528207419
14,530,0.24715638237563
15,530,0.256181004400365
16,530,0.244436414952157
17,530,0.258900411786977
18,530,0.257852222713642
1,531,0.242634888674598
2,531,0.231639961777488
3,531,0.233868268714519
4,531,0.252327282870188
5,531,0.258534336828394
6,531,0.235092907536542
7,531,0.228111819498241
8,531,0.248259219471598
9,531,0.241290785793914
10,531,0.227127826226875
11,531,0.251439089908032
12,531,0.233254822425311
13,531,0.230289596676826
14,531,0.257423108379822
15,531,0.22807790173823
16,531,0.254439475115156
17,531,0.25006756944838
18,531,0.244510252231499
1,532,0.259162380958674
2,532,0.242239059268264
3,532,0.234308507550973
4,532,0.236489945496665
5,532,0.234614895141218
6,532,0.242200375017943
7,532,0.232061921991641
8,532,0.234450239740778
9,532,0.258591712655267
10,532,0.235594203470042
11,532,0.234382246275432
12,532,0.259630363956327
13,532,0.233041004933417
14,532,0.253753219959559
15,532,0.23337414373667
16,532,0.260848965537967
17,532,0.235740442781476
18,532,0.254643515740987
1,533,0.235625492551131
2,533,0.24087778271432
3,533,0.251476190997288
4,533,0.248483368007233
5,533,0.247649961487856
6,533,0.246774067293387
7,533,0.249888087462401
8,533,0.257429542879341
9,533,0.235249862071592
10,533,0.238904450689675
11,533,0.25279687403026
12,533,0.260166800035164
13,533,0.226040972330607
14,533,0.234262740958016
15,533,0.256459699999774
16,533,0.241341701166471
17,533,0.246271987362066
18,533,0.241750655835727
1,534,0.237994541932363
2,534,0.240464663070394
3,534,0.249897806787863
4,534,0.259680449696258
5,534,0.229872462922009
6,534,0.235016825766303
7,534,0.235221112388186
8,534,0.251071715343511
9,534,0.245021338558523
10,534,0.227726113065379
11,534,0.228067746209214
12,534,0.230798487961525
13,534,0.242938205303159
14,534,0.253806713600876
15,534,0.242992837573634
16,534,0.231366722845938
17,534,0.239655283846892
18,534,0.243882398740621
1,535,0.229429410292301
2,535,0.23256981997774
3,535,0.25674241062277
4,535,0.238415507161058
5,535,0.228405283612898
6,535,0.231315546833444
7,535,0.228443758937297
8,535,0.242726062209345
9,535,0.2358023699224
10,535,0.244904682230204
11,535,0.258877097534947
12,535,0.238336563037243
13,535,0.244989567712415
14,535,0.22685034302203
15,535,0.247084035064559
16,535,0.237692440224579
17,535,0.240507439874578
18,535,0.226680682078237
1,536,0.247236103309784
2,536,0.233637688205577
3,536,0.251784323906992
4,536,0.249068482155213
5,536,0.25261268988275
6,536,0.235813637229381
7,536,0.258016700309468
8,536,0.23016526178713
9,536,0.233639378526947
10,536,0.253161743741017
11,536,0.24130142844189
12,536,0.228553728006314
13,536,0.249113789979834
14,536,0.231551440244308
15,536,0.25383674935461
16,536,0.248181241958169
17,536,0.238934556069085
18,536,0.22707308263192
1,537,0.251984132792801
2,537,0.251286817870801
3,537,0.236209169365698
4,537,0.247465205634013
5,537,0.238823036060436
6,537,0.252999461668311
7,537,0.255549286847468
8,537,0.255485305651324
9,537,0.227045338984113
10,537,0.229380906482926
11,537,0.24656833201088
12,537,0.241500274213264
13,537,0.254796649632277
14,537,0.227089274203405
15,537,0.238779585637618
16,537,0.256442876842571
17,537,0.251688849283615
18,537,0.258789600258693
1,538,0.234397892242065
2,538,0.257869533698773
3,538,0.245878938166657
4,538,0.24310842797067
5,538,0.243636538362131
6,538,0.241088600361487
7,538,0.243100828903494
8,538,0.239896631399402
9,538,0.229535537570715
10,538,0.255434425955405
11,538,0.241239749057218
12,538,0.235384504120098
13,538,0.233274261206621
14,538,0.232871068004984
15,538,0.238584964598063
16,538,0.249320019210223
17,538,0.255649899289943
18,538,0.232847467541229
1,539,0.235992342706537
2,539,0.24115561188804
3,539,0.243043084893376
4,539,0.252510802493431
5,539,0.244935976005159
6,539,0.259811407744652
7,539,0.240870232688263
8,539,0.23195908745192
9,539,0.253646663330961
10,539,0.232458862238796
11,539,0.242907479803776
12,539,0.235455353191588
13,539,0.245654222789686
14,539,0.260062206550734
15,539,0.232533011008287
16,539,0.251443633195246
17,539,0.238289710963378
18,539,0.249111752915429
1,540,0.235058508769376
2,540,0.233026733193779
3,540,0.249882224392146
4,540,0.229123862333596
5,540,0.256633492645575
6,540,0.25088969904487
7,540,0.23728860247205
8,540,0.260079997589579
9,540,0.226467986192089
10,540,0.235581339026336
11,540,0.232961930750404
12,540,0.235630077317124
13,540,0.232127827835735
14,540,0.256806261865655
15,540,0.256840247181477
16,540,0.259893600919982
17,540,0.245489834711421
18,540,0.226440435848432
1,541,0.258941221559886
2,541,0.243604303467087
3,541,0.248951412652619
4,541,0.244055541497888
5,541,0.22813025638368
6,541,0.251611474931939
7,541,0.250138393657049
8,541,0.250833489708835
9,541,0.233954595132032
10,541,0.238499352340819
11,541,0.243508424454136
12,541,0.259351802376565
13,541,0.242083056911593
14,541,0.228465718968306
15,541,0.241495454648044
16,541,0.242053784791147
17,541,0.238956400448456
18,541,0.240630834752461
1,542,0.26004265428544
2,542,0.226653025804786
3,542,0.258706091798609
4,542,0.260993141455343
5,542,0.232542379459133
6,542,0.256575845666463
7,542,0.246256023907568
8,542,0.255721311511239
9,542,0.256632310704095
10,542,0.244482484804699
11,542,0.256270918112947
12,542,0.250822742263786
13,542,0.232485191500979
14,542,0.233984069699887
15,542,0.258224526774371
16,542,0.229421905583236
17,542,0.234418581685983
18,542,0.257752734688343
1,543,0.245263591676718
2,543,0.252470883976435
3,543,0.24584519733116
4,543,0.245461562946672
5,543,0.226960032952717
6,543,0.245112763345474
7,543,0.241644129652064
8,543,0.239519688470988
9,543,0.226624659844907
10,543,0.253275538180256
11,543,0.226862041504588
12,543,0.24539798009349
13,543,0.247899891537614
14,543,0.239879456487484
15,543,0.248173893988365
16,543,0.251181182209635
17,543,0.255226918314816
18,543,0.237528634967981
1,544,0.24867505957745
2,544,0.246706935160561
3,544,0.234758014995838
4,544,0.252347602069145
5,544,0.233407569170464
6,544,0.246204805079848
7,544,0.253631156118587
8,544,0.228058945137542
9,544,0.258431526287692
10,544,0.242514094613958
11,544,0.253572824275121
12,544,0.24327962119272
13,544,0.246505328247091
14,544,0.237604040397797
15,544,0.242537357396446
16,544,0.247874174555996
17,544,0.259189861073624
18,544,0.252636733183404
1,545,0.226222491462482
2,545,0.256193125852384
3,545,0.255386800485663
4,545,0.239196372844977
5,545,0.241169402587926
6,545,0.238655876710778
7,545,0.230544744936284
8,545,0.231638079985511
9,545,0.253951305202441
10,545,0.255042412800482
11,545,0.231721600416582
12,545,0.247412006883183
13,545,0.24821026889747
14,545,0.233023282436421
15,545,0.246075828779954
16,545,0.253919520038413
17,545,0.24546503575542
18,545,0.233803680640645
1,546,0.227120207080385
2,546,0.250182334539946
3,546,0.24575793540827
4,546,0.258609465735732
5,546,0.236883007543162
6,546,0.242056204087799
7,546,0.234427415997721
8,546,0.254508663984248
9,546,0.230139856686816
10,546,0.236546352105448
11,546,0.230459508408327
12,546,0.254554804204032
13,546,0.232961044921773
14,546,0.246807182907593
15,546,0.257282982290722
16,546,0.232796904876828
17,546,0.252478341738693
18,546,0.240705598670989
1,547,0.247289713336155
2,547,0.256554095319239
3,547,0.259493717912352
4,547,0.233705899870489
5,547,0.259128475275589
6,547,0.240415627428098
7,547,0.254585432550171
8,547,0.233728627340402
9,547,0.230141095476225
10,547,0.248615895501804
11,547,0.258342888019048
12,547,0.249926495907363
13,547,0.240696810311871
14,547,0.244367577194003
15,547,0.240144550812198
16,547,0.238561019184068
17,547,0.246785838693846
18,547,0.227012713789241
1,548,0.244378218326252
2,548,0.240201776386471
3,548,0.23687434045854
4,548,0.256626020549098
5,548,0.25236504007387
6,548,0.234170255650766
7,548,0.237021075681783
8,548,0.260087971351109
9,548,0.236013729075436
10,548,0.251753368595615
11,548,0.239987205561716
12,548,0.240210530511336
13,548,0.23383027276746
14,548,0.258804166245041
15,548,0.245637441543164
16,548,0.257572195164626
17,548,0.242144188939361
18,548,0.239406525641913
1,549,0.239427855228074
2,549,0.251585427383194
3,549,0.249751048673876
4,549,0.256568764554337
5,549,0.227190464561805
6,549,0.232762293704087
7,549,0.246987758645788
8,549,0.247828032160411
9,549,0.254569513988914
10,549,0.24266926876409
11,549,0.254374139103107
12,549,0.232354228856508
13,549,0.260551472089952
14,549,0.260159151910571
15,549,0.235139899709262
16,549,0.245004364765715
17,549,0.231723111792468
18,549,0.23815150826727
1,550,0.247973871018272
2,550,0.252551367182983
3,550,0.227608914171811
4,550,0.25726226573484
5,550,0.257044761431403
6,550,0.253802273415728
7,550,0.23116332570347
8,550,0.25652665517549
9,550,0.249432675696677
10,550,0.226053108043503
11,550,0.238871424992336
12,550,0.244954862368992
13,550,0.226303401876008
14,550,0.240292932156241
15,550,0.247081039905548
16,550,0.234092865954386
17,550,0.230725439602043
18,550,0.255117583455518
1,551,0.254763497689506
2,551,0.237531972844386
3,551,0.226248964987695
4,551,0.233771287042415
5,551,0.241676014886703
6,551,0.244395197147038
7,551,0.231112783819204
8,551,0.245281543839024
9,551,0.25645573397656
10,551,0.259300887835212
11,551,0.234167509323685
12,551,0.23334459663392
13,551,0.254881775813643
14,551,0.257344928622711
15,551,0.237192574950401
16,551,0.248156267780811
17,551,0.245307610114338
18,551,0.233554087938042
1,552,0.258486220491119
2,552,0.25203916849941
3,552,0.234664807509631
4,552,0.241316369489301
5,552,0.259793030583765
6,552,0.252233276114799
7,552,0.255329030227382
8,552,0.257259987408994
9,552,0.257518696340499
10,552,0.255977132672211
11,552,0.226431871222099
12,552,0.255137352372054
13,552,0.241158095057122
14,552,0.230955694196979
15,552,0.228493406729773
16,552,0.22799394399533
17,552,0.253165459049866
18,552,0.250200531394454
1,553,0.257125256503001
2,553,0.22956907388079
3,553,0.235395428856369
4,553,0.239692936636508
5,553,0.236654161409475
6,553,0.25311284648627
7,553,0.227835632142611
8,553,0.259463576530339
9,553,0.253492843206273
10,553,0.249855112248566
11,553,0.25848223552946
12,553,0.240590780553408
13,553,0.227560014366405
14,553,0.255844352108194
15,553,0.227223367444472
16,553,0.228325046972837
17,553,0.256580110361334
18,553,0.236201895267237
1,554,0.257894027089002
2,554,0.232247395257233
3,554,0.248571095339954
4,554,0.245119602340506
5,554,0.246849723869469
6,554,0.236401975606801
7,554,0.235352516736835
8,554,0.231359533180017
9,554,0.248144831633195
10,554,0.232107757794671
11,554,0.237395440634806
12,554,0.237339014329715
13,554,0.260281986368587
14,554,0.241116345451679
15,554,0.23743079132773
16,554,0.253707434289623
17,554,0.226029831057182
18,554,0.239409707202809
1,555,0.250200720501831
2,555,0.253393051383551
3,555,0.229652291378239
4,555,0.258703191763721
5,555,0.253813735713717
6,555,0.241525565088028
7,555,0.228136423895136
8,555,0.25134754096996
9,555,0.239926576951053
10,555,0.245113728570519
11,555,0.248815881524002
12,555,0.249841005209833
13,555,0.240763281628257
14,555,0.255097011415288
15,555,0.226901963607175
16,555,0.260515971755609
17,555,0.22868443053239
18,555,0.237443061541067
1,556,0.232914122333983
2,556,0.255901370663429
3,556,0.259175174823264
4,556,0.230149573893519
5,556,0.241736468854593
6,556,0.242322330777766
7,556,0.257463315993315
8,556,0.229973719450878
9,556,0.245992907696869
10,556,0.257520479642786
11,556,0.236870709239971
12,556,0.237358201997355
13,556,0.256458896224154
14,556,0.237503582282458
15,556,0.230399543270702
16,556,0.238467750074575
17,556,0.258574471515836
18,556,0.256631249205908
1,557,0.254707584352233
2,557,0.226762020725524
3,557,0.248093290371122
4,557,0.253332070488483
5,557,0.25110355945793
6,557,0.232502504050732
7,557,0.246323612249922
8,557,0.240482602283824
9,557,0.237459793216782
10,557,0.240728947589174
11,557,0.238796049689641
12,557,0.256474743880332
13,557,0.235554174256045
14,557,0.239766283594305
15,557,0.257229330834467
16,557,0.254807097395184
17,557,0.251395215749741
18,557,0.241394075801596
1,558,0.24198473926424
2,558,0.24281521904422
3,558,0.230458349235356
4,558,0.236012912090169
5,558,0.24789113494358
6,558,0.250090266473359
7,558,0.231497659315588
8,558,0.254003067728132
9,558,0.23290251535736
10,558,0.244875533331884
11,558,0.260274250812596
12,558,0.240595852780622
13,558,0.228847597472137
14,558,0.23194362078933
15,558,0.232601682052715
16,558,0.227014854786918
17,558,0.235823994773906
18,558,0.238738934217487
1,559,0.235648422875907
2,559,0.230177008169936
3,559,0.230556413193932
4,559,0.25652410898963
5,559,0.240894107400905
6,559,0.229508394762175
7,559,0.231236883290345
8,559,0.257177837611176
9,559,0.257859682513168
10,559,0.255481498192763
11,559,0.24522023359919
12,559,0.235270604191115
13,559,0.254160810123663
14,559,0.228325013529044
15,559,0.228798146300484
16,559,0.235740579685895
17,559,0.243298142738873
18,559,0.255961265710881
1,560,0.250756241170689
2,560,0.240552419095999
3,560,0.244867742419243
4,560,0.231014190439833
5,560,0.243745688864961
6,560,0.229938690630021
7,560,0.231267591350712
8,560,0.2574053579967
9,560,0.235266849481501
10,560,0.252263387206709
11,560,0.237997124585323
12,560,0.248247916145716
13,560,0.233390919572208
14,560,0.251274072216125
15,560,0.25321281177015
16,560,0.259589553295169
17,560,0.259626714606071
18,560,0.242312847620575
1,561,0.257702135548694
2,561,0.249599572059466
3,561,0.249232792915078
4,561,0.248788687857101
5,561,0.24185191751481
6,561,0.243994530654978
7,561,0.251119302154053
8,561,0.240117379441159
9,561,0.233530906638131
10,561,0.240430486968486
11,561,0.247156216884265
12,561,0.24238947180938
13,561,0.24581367349159
14,561,0.240071989041986
15,561,0.226332953248872
16,561,0.232903053750284
17,561,0.25998717241711
18,561,0.250625322612701
1,562,0.22920257609128
2,562,0.249726044842042
3,562,0.226151245245943
4,562,0.235067746183136
5,562,0.243495218075346
6,562,0.23600733347144
7,562,0.244996916586766
8,562,0.248404317179462
9,562,0.243388221421279
10,562,0.252274818310048
11,562,0.245456256449921
12,562,0.256387688291958
13,562,0.230130807989277
14,562,0.254522050563479
15,562,0.25131343904906
16,562,0.259867629141314
17,562,0.258070936983218
18,562,0.230040485511068
1,563,0.233028378524119
2,563,0.248947017116239
3,563,0.247705242799362
4,563,0.260408124851761
5,563,0.239763184567215
6,563,0.259860221984796
7,563,0.242651769959135
8,563,0.236842461555731
9,563,0.255238843105268
10,563,0.246855103381909
11,563,0.247329169768142
12,563,0.248481572570978
13,563,0.260065865247976
14,563,0.243972798789851
15,563,0.238944222172955
16,563,0.232243817064678
17,563,0.258578780802432
18,563,0.237768649943406
1,564,0.237351159234764
2,564,0.256742478822358
3,564,0.240298626011005
4,564,0.260278981552925
5,564,0.239012630980229
6,564,0.247563988308189
7,564,0.247465119889472
8,564,0.229739165242296
9,564,0.249785419799387
10,564,0.226036608045921
11,564,0.245519785315497
12,564,0.244880762119079
13,564,0.2513932708106
14,564,0.237828203821788
15,564,0.233599451037822
16,564,0.233172616447788
17,564,0.240195996290073
18,564,0.227588377327425
1,565,0.251999507273082
2,565,0.257613915091148
3,565,0.255763414215995
4,565,0.236133286025375
5,565,0.248135642527137
6,565,0.232180810815422
7,565,0.252633554442087
8,565,0.25483825690602
9,565,0.253984703108668
10,565,0.25293712392007
11,565,0.251509406079073
12,565,0.248192732321564
13,565,0.240402097498532
14,565,0.24048152906727
15,565,0.241215557239717
16,565,0.23997857752745
17,565,0.251655946368352
18,565,0.248188738078112
1,566,0.237354579832405
2,566,0.237864803979406
3,566,0.241662449956872
4,566,0.236333034477662
5,566,0.24221989905485
6,566,0.258529069927987
7,566,0.227969728602562
8,566,0.231008203748148
9,566,0.248080852091312
10,566,0.231533144182991
11,566,0.251048221583711
12,566,0.231192046791781
13,566,0.242647345591336
14,566,0.235799437006004
15,566,0.259725957197603
16,566,0.251067314689513
17,566,0.241058136145817
18,566,0.239349384744652
1,567,0.251152318879263
2,567,0.234737548078643
3,567,0.250599543689983
4,567,0.238854697138537
5,567,0.253428769004764
6,567,0.249501368849538
7,567,0.249167241376359
8,567,0.236180159148294
9,567,0.240845350880641
10,567,0.256332586349687
11,567,0.250969098750735
12,567,0.236691167651676
13,567,0.24700236941129
14,567,0.239151768171228
15,567,0.246866983588785
16,567,0.247977662309073
17,567,0.252743896999396
18,567,0.232995649982709
1,568,0.253305592603516
2,568,0.233560051380424
3,568,0.243380996918073
4,568,0.249772761991713
5,568,0.238201437439071
6,568,0.22739984899899
7,568,0.257778232028009
8,568,0.229264285603072
9,568,0.244239866469521
10,568,0.254896505082957
11,568,0.238367596131517
12,568,0.245200606003869
13,568,0.232020473152166
14,568,0.235311061109183
15,568,0.247224553881912
16,568,0.248135804367717
17,568,0.248773717220407
18,568,0.258016109998804
1,569,0.230464224097319
2,569,0.253572095536161
3,569,0.229107026952785
4,569,0.247206137613626
5,569,0.246057470687898
6,569,0.248193796761567
7,569,0.233224764220882
8,569,0.242618634884944
9,569,0.257894440198084
10,569,0.231707728804555
11,569,0.230693635189906
12,569,0.252282654702663
13,569,0.228124587685103
14,569,0.241718204077566
15,569,0.242525507137412
16,569,0.228798062348738
17,569,0.249803833402926
18,569,0.235590805168264
1,570,0.245681575860595
2,570,0.238254439316457
3,570,0.241816538683139
4,570,0.252723007911351
5,570,0.248665373777272
6,570,0.256455347205279
7,570,0.233739516921574
8,570,0.230927464709617
9,570,0.246642474570777
10,570,0.251389872256201
11,570,0.233078001559712
12,570,0.246864107063971
13,570,0.233370457031066
14,570,0.234679364719428
15,570,0.244987242619041
16,570,0.234168911901303
17,570,0.249087195815751
18,570,0.229887368724681
1,571,0.232733661049511
2,571,0.254374386533396
3,571,0.228115873539587
4,571,0.249874452890595
5,571,0.231332716448465
6,571,0.231237517589703
7,571,0.226795871255687
8,571,0.238590929116122
9,571,0.245296479271725
10,571,0.23126795819751
11,571,0.251222693943651
12,571,0.244986184437526
13,571,0.259747760163387
14,571,0.259115778001957
15,571,0.232491315219319
16,571,0.242990523693385
17,571,0.237139501695288
18,571,0.254919611492893
1,572,0.241987861556932
2,572,0.259938718928257
3,572,0.246786420863587
4,572,0.260608790995553
5,572,0.233431696854765
6,572,0.229318175688619
7,572,0.25482745332201
8,572,0.235898269112455
9,572,0.238323082841467
10,572,0.249267036336474
11,572,0.255320544956718
12,572,0.250305144811515
13,572,0.227807169135427
14,572,0.243270570889814
15,572,0.241244618519209
16,572,0.257644303308567
17,572,0.24823353974754
18,572,0.235447588421172
1,573,0.236895226555876
2,573,0.242245540339733
3,573,0.237062825751724
4,573,0.251739153997274
5,573,0.235163816903019
6,573,0.254435414367123
7,573,0.244941490947036
8,573,0.259705524229445
9,573,0.257380274564726
10,573,0.242518585861195
11,573,0.231349645258393
12,573,0.234729508008109
13,573,0.242119871691335
14,573,0.246437185124028
15,573,0.237014558004681
16,573,0.233529677757993
17,573,0.258242070219945
18,573,0.255306418474298
1,574,0.260056943684118
2,574,0.230769411263987
3,574,0.250210218066582
4,574,0.26053982424573
5,574,0.24442521921033
6,574,0.254567320584552
7,574,0.257992440113099
8,574,0.238037964346819
9,574,0.237276253636461
10,574,0.232773037995445
11,574,0.242707044816576
12,574,0.254609532380942
13,574,0.255861771728611
14,574,0.257875757919624
15,574,0.244973334222101
16,574,0.226439410532126
17,574,0.237103622844676
18,574,0.260000995819224
1,575,0.24606830465165
2,575,0.236397815977922
3,575,0.237452306158608
4,575,0.230795866054483
5,575,0.259923835005844
6,575,0.244872199970065
7,575,0.238277194713242
8,575,0.238176475729793
9,575,0.25493053538166
10,575,0.257552414660109
11,575,0.243515923043247
12,575,0.25210530712991
13,575,0.257790453966241
14,575,0.234674177875509
15,575,0.254840066904668
16,575,0.252859335815534
17,575,0.235038671335438
18,575,0.239933617138537
1,576,0.247386761317262
2,576,0.242866328821052
3,576,0.241471160437446
4,576,0.245135323172668
5,576,0.250235453405418
6,576,0.242403764801798
7,576,0.242852895498741
8,576,0.230976586332778
9,576,0.249832970778458
10,576,0.259460613323841
11,576,0.241870340889087
12,576,0.234405915248441
13,576,0.255063073877478
14,576,0.232532687547151
15,576,0.247802307991311
16,576,0.22876573084644
17,576,0.229293836291414
18,576,0.249742639197735
1,577,0.243210572772892
2,577,0.23243113150727
3,577,0.238886493181577
4,577,0.237281584458193
5,577,0.256375883415109
6,577,0.245378350012703
7,577,0.230365497162798
8,577,0.238308188463794
9,577,0.226714968640823
10,577,0.240380784780951
11,577,0.249799706150312
12,577,0.245344135276042
13,577,0.254941288775532
14,577,0.253159604625776
15,577,0.249614267355297
16,577,0.260155261592241
17,577,0.257917811151361
18,577,0.231726398574188
1,578,0.254576092743315
2,578,0.256088419103995
3,578,0.232163684251951
4,578,0.253911046983209
5,578,0.254838261803612
6,578,0.226071165499976
7,578,0.235730194654549
8,578,0.242674209709745
9,578,0.256290371138835
10,578,0.250708591750823
11,578,0.255386568522314
12,578,0.259295946066501
13,578,0.242805097782053
14,578,0.228821685222443
15,578,0.256002895101206
16,578,0.240633833236294
17,578,0.239803618741222
18,578,0.226636811301811
1,579,0.255539759359322
2,579,0.250034887503367
3,579,0.226369011281291
4,579,0.257055480322102
5,579,0.231128873144276
6,579,0.244926509056473
7,579,0.245552889032057
8,579,0.252641442410182
9,579,0.236667814357439
10,579,0.232244583436055
11,579,0.226133548883023
12,579,0.256226878495887
13,579,0.233062787681352
14,579,0.242885301182047
15,579,0.259135612811893
16,579,0.246213734458666
17,579,0.229968086534878
18,579,0.244424044097774
1,580,0.245820170999737
2,580,0.249776226170594
3,580,0.236874110866571
4,580,0.249922325668391
5,580,0.243755731553771
6,580,0.253936008855468
7,580,0.241036380363163
8,580,0.253715736825485
9,580,0.241608058768557
10,580,0.258913780544186
11,580,0.241793690223945
12,580,0.252875051464885
13,580,0.226515918352176
14,580,0.243140305748908
15,580,0.243507813534467
16,580,0.226978740085848
17,580,0.245287267136388
18,580,0.244952852106886
1,581,0.249098378462018
2,581,0.228235106091248
3,581,0.257997868682956
4,581,0.255969871873036
5,581,0.244013165652519
6,581,0.231028285621665
7,581,0.247235086778179
8,581,0.236774037558585
9,581,0.228684339091647
10,581,0.255011930827983
11,581,0.244888065171195
12,581,0.231958876635414
13,581,0.228097173553193
14,581,0.25104947804031
15,581,0.26020088652987
16,581,0.2298061033946
17,581,0.238618810988497
18,581,0.228834216491319
1,582,0.248317441701889
2,582,0.252466599210398
3,582,0.249468026430346
4,582,0.250420945324237
5,582,0.229343293403741
6,582,0.244691927841865
7,582,0.249789760321379
8,582,0.232621518199099
9,582,0.230958030038979
10,582,0.248232425956754
11,582,0.249684688991634
12,582,0.256480191144161
13,582,0.235380783489905
14,582,0.241321791621391
15,582,0.234689521723427
16,582,0.253377593155252
17,582,0.249122345422162
18,582,0.25405746362661
1,583,0.248504190476611
2,583,0.243152068315772
3,583,0.240060077224858
4,583,0.246557616371661
5,583,0.234076779359253
6,583,0.23780017718114
7,583,0.24619200109411
8,583,0.234805211995495
9,583,0.242819521510042
10,583,0.239591612250311
11,583,0.255097133186879
12,583,0.22660373395565
13,583,0.235228310512844
14,583,0.246544234437402
15,583,0.241785938948393
16,583,0.257069797378732
17,583,0.260594698136207
18,583,0.250543753485195
1,584,0.229485495770583
2,584,0.258490167575888
3,584,0.247856575281126
4,584,0.243343834148487
5,584,0.24907674572221
6,584,0.226881506819278
7,584,0.23743643654068
8,584,0.236653116111644
9,584,0.234363338243216
10,584,0.235957042798633
11,584,0.228538550855825
12,584,0.255204065585509
13,584,0.228735400756355
14,584,0.251652740629157
15,584,0.239855869388208
16,584,0.259393928306177
17,584,0.257320042251609
18,584,0.239485922324471
1,585,0.244249558731914
2,585,0.25382718667062
3,585,0.258861985275522
4,585,0.238823904849356
5,585,0.235572795139393
6,585,0.235958192192717
7,585,0.251149996295804
8,585,0.24906450197706
9,585,0.245232505678665
10,585,0.23305730292364
11,585,0.248454839880811
12,585,0.256023205442121
13,585,0.246347977601923
14,585,0.248360370135866
15,585,0.25335723130405
16,585,0.241510379185434
17,585,0.243392041820567
18,585,0.234137598804897
1,586,0.255176113101421
2,586,0.231475572566502
3,586,0.250079946699785
4,586,0.226230186672416
5,586,0.243366832534317
6,586,0.251139310156228
7,586,0.241928170994157
8,586,0.23877508034138
9,586,0.229530071181012
10,586,0.235496581965359
11,586,0.235040439863456
12,586,0.255406869793311
13,586,0.239865486768773
14,586,0.260664882504148
15,586,0.254884423569543
16,586,0.243081206458388
17,586,0.253496737542097
18,586,0.246186452097259
1,587,0.233351475005271
2,587,0.254199623430846
3,587,0.237092278284486
4,587,0.259147779295687
5,587,0.259558654953958
6,587,0.246761907361448
7,587,0.228761460773181
8,587,0.242551666768501
9,587,0.245990927887848
10,587,0.244848639518255
11,587,0.247327661814867
12,587,0.246001075773034
13,587,0.23677783505898
14,587,0.248358135505347
15,587,0.22897343907645
16,587,0.23436801499594
17,587,0.238143903479446
18,587,0.239968512632418
1,588,0.26087440509256
2,588,0.227488389658043
3,588,0.241970400889637
4,588,0.240552316083573
5,588,0.240410223932937
6,588,0.236673502621939
7,588,0.245991132022114
8,588,0.253732046257006
9,588,0.230243361569243
10,588,0.242796537173213
11,588,0.253080648270203
12,588,0.232002239618683
13,588,0.252741804456105
14,588,0.236401246224064
15,588,0.238735295403982
16,588,0.238840913805412
17,588,0.244327991631813
18,588,0.23086513044918
1,589,0.236736806499772
2,589,0.255370964384871
3,589,0.252420410014689
4,589,0.246786450632149
5,589,0.227700306704734
6,589,0.249532997893635
7,589,0.240422073866008
8,589,0.228022394061787
9,589,0.251672369463136
10,589,0.229848395777168
11,589,0.259398073225981
12,589,0.236248678554781
13,589,0.232363233003067
14,589,0.257343181371922
15,589,0.230607774508186
16,589,0.238426870781928
17,589,0.241991995255463
18,589,0.256590641212184
1,590,0.242697302730754
2,590,0.250191672301386
3,590,0.253152550584869
4,590,0.24101535418327
5,590,0.241906277492177
6,590,0.234426684039878
7,590,0.235904219793389
8,590,0.25794400126813
9,590,0.259971593549941
10,590,0.251395552664995
11,590,0.238985700397985
12,590,0.243161340892781
13,590,0.254378281097393
14,590,0.245567355754552
15,590,0.25300906890328
16,590,0.23536255946639
17,590,0.237552160590654
18,590,0.259912950591184
1,591,0.259312556826277
2,591,0.251252519703936
3,591,0.230335861504078
4,591,0.254620008372236
5,591,0.232096627155785
6,591,0.231586764086038
7,591,0.256744679365307
8,591,0.228106243919116
9,591,0.228088830133434
10,591,0.260139874244574
11,591,0.251831886547385
12,591,0.244484198522056
13,591,0.246239173711743
14,591,0.236233112815768
15,591,0.25295665644831
16,591,0.242515556296799
17,591,0.253395442052512
18,591,0.237035908476915
1,592,0.234849718089914
2,592,0.255677682134788
3,592,0.234639899152331
4,592,0.252630242341198
5,592,0.253729176398134
6,592,0.260610836592037
7,592,0.254449151405366
8,592,0.229114594360813
9,592,0.230644850791665
10,592,0.238865761680296
11,592,0.229814817059319
12,592,0.250124488943489
13,592,0.230944223497296
14,592,0.259306027887156
15,592,0.243293647775659
16,592,0.231402651650365
17,592,0.243205956380349
18,592,0.243783978855005
1,593,0.260651158724446
2,593,0.238136932306457
3,593,0.250659810147714
4,593,0.228022856383119
5,593,0.241400489390595
6,593,0.23094957573479
7,593,0.236456964790355
8,593,0.230204985394608
9,593,0.236370689312695
10,593,0.227272302608704
11,593,0.235368494566297
12,593,0.246754103825893
13,593,0.230793082722463
14,593,0.245763630012749
15,593,0.245927866827929
16,593,0.252856865171576
17,593,0.226024967878126
18,593,0.257343520283699
1,594,0.230238932295702
2,594,0.226909374634502
3,594,0.255375316323712
4,594,0.237844372958876
5,594,0.245575530781876
6,594,0.230677570303902
7,594,0.250864926940063
8,594,0.245673787335632
9,594,0.235719465536764
10,594,0.255306289987871
11,594,0.25822330469056
12,594,0.248644809307531
13,594,0.239407236436615
14,594,0.242353038006928
15,594,0.251253105019219
16,594,0.238573971874081
17,594,0.243690913814586
18,594,0.244154526758008
1,595,0.249942250704858
2,595,0.254114385338267
3,595,0.237530477913329
4,595,0.254636236255988
5,595,0.257263807897922
6,595,0.248861907314509
7,595,0.236582492133835
8,595,0.256379444543505
9,595,0.26092584806052
10,595,0.244205729678739
11,595,0.241251590800472
12,595,0.258515396150993
13,595,0.245256443530321
14,595,0.231537592704641
15,595,0.235365356700728
16,595,0.247273029731819
17,595,0.252888033190044
18,595,0.227219680600334
1,596,0.246121722514741
2,596,0.249802924039774
3,596,0.251808784040855
4,596,0.226307157009374
5,596,0.252674547789153
6,596,0.239571878831135
7,596,0.233734299208969
8,596,0.244597083035857
9,596,0.253844601670513
10,596,0.250264909393387
11,596,0.23009658653778
12,596,0.235657452089014
13,596,0.245633040172048
14,596,0.236030987344217
15,596,0.254674777506385
16,596,0.244173236922594
17,596,0.227951339234365
18,596,0.235933420381276
1,597,0.237531165206106
2,597,0.249908841675147
3,597,0.238022096635774
4,597,0.250736052365042
5,597,0.226685631344095
6,597,0.229852253686637
7,597,0.240690815137001
8,597,0.239064342517173
9,597,0.258213074043393
10,597,0.257238652892644
11,597,0.228787934901426
12,597,0.236656367640477
13,597,0.230752493984997
14,597,0.235305086095119
15,597,0.238149615148082
16,597,0.255176115978044
17,597,0.242670207855059
18,597,0.229731016642414
1,598,0.244962387458887
2,598,0.238007190303411
3,598,0.246123310190393
4,598,0.234944515590556
5,598,0.239664996913867
6,598,0.228316572613781
7,598,0.260679495632881
8,598,0.239917790800333
9,598,0.237452296990901
10,598,0.246380894835107
11,598,0.229180793661159
12,598,0.234779415658209
13,598,0.228058597775176
14,598,0.242109109700192
15,598,0.24073303352599
16,598,0.249483124868944
17,598,0.236314765544608
18,598,0.246425561865559
1,599,0.255856462151511
2,599,0.236160100108478
3,599,0.240901434574276
4,599,0.233174140438437
5,599,0.24460474151792
6,599,0.248788188025588
7,599,0.227850404487923
8,599,0.254925180349033
9,599,0.24018162091868
10,599,0.241011283982312
11,599,0.239749907079618
12,599,0.231189268104732
13,599,0.22881060437439
14,599,0.226336359626381
15,599,0.232322189710336
16,599,0.230879253557883
17,599,0.232694776918739
18,599,0.23459915661742
1,600,0.25385776739358
2,600,0.257033408200601
3,600,0.250905544435605
4,600,0.246003686703276
5,600,0.252470224366058
6,600,0.247840819896897
7,600,0.258203900257591
8,600,0.24416424687393
9,600,0.239088449380593
10,600,0.233674863614375
11,600,0.256856234659441
12,600,0.250255443267757
13,600,0.23983276221226
14,600,0.232962270037038
15,600,0.256666866976535
16,600,0.252233596503735
17,600,0.229678306876682
18,600,0.232101253970992
1,601,0.235549902438885
2,601,0.253380379013484
3,601,0.254682083076565
4,601,0.258937348468695
5,601,0.259295023387764
6,601,0.229869022139115
7,601,0.242957289901329
8,601,0.230974660380976
9,601,0.238957426107023
10,601,0.254837431372376
11,601,0.251702755545499
12,601,0.259744801707799
13,601,0.241819533508038
14,601,0.236431929250481
15,601,0.243690249640727
16,601,0.231883122881642
17,601,0.246984668892343
18,601,0.250071841306286
1,602,0.256171211700654
2,602,0.257853659020271
3,602,0.231015848735347
4,602,0.235947000631364
5,602,0.23753299949714
6,602,0.245221132710809
7,602,0.251404868546175
8,602,0.237942796601215
9,602,0.226560915037058
10,602,0.2534738245341
11,602,0.257584570427658
12,602,0.244444054756546
13,602,0.235040449903114
14,602,0.254101904047653
15,602,0.231185559983365
16,602,0.243630970288301
17,602,0.245828959635925
18,602,0.246707735627657
1,603,0.260553789841011
2,603,0.254549474726897
3,603,0.234774574041599
4,603,0.234252994528739
5,603,0.228362755461363
6,603,0.252034920738312
7,603,0.241646168435924
8,603,0.227566287245369
9,603,0.256766629120335
10,603,0.250394331203075
11,603,0.239679669848643
12,603,0.253811922642868
13,603,0.251398057559505
14,603,0.243560267688241
15,603,0.256669937881175
16,603,0.251031417633872
17,603,0.227514777145348
18,603,0.251256751721026
1,604,0.251402003853815
2,604,0.229029978490667
3,604,0.236589349985821
4,604,0.245529470097041
5,604,0.242668403731892
6,604,0.252308699260699
7,604,0.260566569029121
8,604,0.252511677500093
9,604,0.246985410735011
10,604,0.23952472670842
11,604,0.253693878617138
12,604,0.236502460605931
13,604,0.231640975179849
14,604,0.234781588746933
15,604,0.249326338701881
16,604,0.229060606844956
17,604,0.241779001740739
18,604,0.240736446414609
1,605,0.240290375572164
2,605,0.250638205791125
3,605,0.250904597537825
4,605,0.260621283808956
5,605,0.228318843475077
6,605,0.233785266157007
7,605,0.258123548316304
8,605,0.228852452526568
9,605,0.260607093144441
10,605,0.260548484093975
11,605,0.237533686374314
12,605,0.256585787820164
13,605,0.25043180211354
14,605,0.242614863428986
15,605,0.260300190052018
16,605,0.252707155985059
17,605,0.232610534838401
18,605,0.252327253566124
1,606,0.244157782573253
2,606,0.246140796739142
3,606,0.260633132152958
4,606,0.256979815882165
5,606,0.232209532702342
6,606,0.242522235724842
7,606,0.255061626797775
8,606,0.249527729648631
9,606,0.249872523695463
10,606,0.257833760957234
11,606,0.238538893294986
12,606,0.228320813684491
13,606,0.248444426001748
14,606,0.227608513327083
15,606,0.238945523579838
16,606,0.257683974321932
17,606,0.253177067827433
18,606,0.255359351817984
1,607,0.236681179357925
2,607,0.247715911426581
3,607,0.227380607498577
4,607,0.240190001653042
5,607,0.253718167416751
6,607,0.25266114980937
7,607,0.256493805384031
8,607,0.227701616236242
9,607,0.245054193109041
10,607,0.237786255264888
11,607,0.233113175914856
12,607,0.232394261908717
13,607,0.237014270065352
14,607,0.26054083432327
15,607,0.22928609495773
16,607,0.230686219436117
17,607,0.228893224813743
18,607,0.23334997694497
1,608,0.256494291508803
2,608,0.230950850029709
3,608,0.226691963491263
4,608,0.227334289001534
5,608,0.25091350902128
6,608,0.244585460347822
7,608,0.238264852535445
8,608,0.254255032585002
9,608,0.229236691784114
10,608,0.241459822315024
11,608,0.240282517266693
12,608,0.260455273502972
13,608,0.240875920879422
14,608,0.227299504986964
15,608,0.256988183186855
16,608,0.245909870538395
17,608,0.260712170504499
18,608,0.241299325932283
1,609,0.259804449194577
2,609,0.258765660108998
3,609,0.259184568919241
4,609,0.245330393804703
5,609,0.259142919620732
6,609,0.231459017587127
7,609,0.254822040789528
8,609,0.247576804688666
9,609,0.237365500583779
10,609,0.241740536806406
11,609,0.245878463523928
12,609,0.246794138230849
13,609,0.228202715434833
14,609,0.228827481168788
15,609,0.233641684111441
16,609,0.251690422633197
17,609,0.232696274530841
18,609,0.259622623739066
1,610,0.230823659672402
2,610,0.239842149332631
3,610,0.25823925381084
4,610,0.25628296685894
5,610,0.25020177715132
6,610,0.258167219244875
7,610,0.247150688374182
8,610,0.25504660837492
9,610,0.243341850012308
10,610,0.234392460820032
11,610,0.255327115024207
12,610,0.226232054146472
13,610,0.254413839355344
14,610,0.255062814981444
15,610,0.232396925017471
16,610,0.239185025090352
17,610,0.226789055485511
18,610,0.242469554309733
1,611,0.230175631677499
2,611,0.241553361558123
3,611,0.23686209425237
4,611,0.24396881481423
5,611,0.243454719254747
6,611,0.229760013259016
7,611,0.2586771475235
8,611,0.244523204473313
9,611,0.251802369962912
10,611,0.23900137156155
11,611,0.252371391037246
12,611,0.250233818261418
13,611,0.253690856826957
14,611,0.226935585075058
15,611,0.241684017748572
16,611,0.229604361206526
17,611,0.230948744733119
18,611,0.243824929720955
1,612,0.232465009410167
2,612,0.241545918260468
3,612,0.229057389036985
4,612,0.240460295868339
5,612,0.229432022819761
6,612,0.258065420884173
7,612,0.228261251176242
8,612,0.239648248858517
9,612,0.25417074046121
10,612,0.23944202725566
11,612,0.22992896013218
12,612,0.231594043758465
13,612,0.251622102161869
14,612,0.235690157576697
15,612,0.260667365282075
16,612,0.256446950563928
17,612,0.240752906237263
18,612,0.259799499252345
1,613,0.240945130104898
2,613,0.259134633317823
3,613,0.253971709200647
4,613,0.234646660641534
5,613,0.24329743845528
6,613,0.256215179817751
7,613,0.233786916164914
8,613,0.229165834865067
9,613,0.228725487328134
10,613,0.23299190295767
11,613,0.244801023338456
12,613,0.247818844838999
13,613,0.237712219759356
14,613,0.260084519949975
15,613,0.248841232302599
16,613,0.244441597501514
17,613,0.247386174168438
18,613,0.255814985792618
1,614,0.257600142408861
2,614,0.242494943641592
3,614,0.251403692895779
4,614,0.243594831482274
5,614,0.256523771634325
6,614,0.24915838413313
7,614,0.244472075790633
8,614,0.259161832444603
9,614,0.253745433871169
10,614,0.233582843562122
11,614,0.240081630820874
12,614,0.240064949897584
13,614,0.241363180532586
14,614,0.247846643085592
15,614,0.244541800037492
16,614,0.244513809244614
17,614,0.230670495515456
18,614,0.229829332138412
1,615,0.229989610623103
2,615,0.241799711508444
3,615,0.239497932346072
4,615,0.252378431746271
5,615,0.228817869663704
6,615,0.241000680254307
7,615,0.244833978179609
8,615,0.244736105887219
9,615,0.253567981281318
10,615,0.229216194324195
11,615,0.232606873126002
12,615,0.23737830409687
13,615,0.244225595308468
14,615,0.233446812764974
15,615,0.228158119187225
16,615,0.247626662384951
17,615,0.254877584020374
18,615,0.237931291178335
1,616,0.238616820536787
2,616,0.236424443471711
3,616,0.258796952840872
4,616,0.254378428342985
5,616,0.244083614327479
6,616,0.243390646837885
7,616,0.259899155987892
8,616,0.260171427054098
9,616,0.248090065261582
10,616,0.226835301789921
11,616,0.240867505478906
12,616,0.256043335476657
13,616,0.255548627807526
14,616,0.246453309816075
15,616,0.250567426312715
16,616,0.229843211866915
17,616,0.23612443341082
18,616,0.246206875327276
1,617,0.252555842995876
2,617,0.246523967025802
3,617,0.251757845565677
4,617,0.240532019791659
5,617,0.248588829848683
6,617,0.24395869621681
7,617,0.238626134674065
8,617,0.257266829948872
9,617,0.242798981740139
10,617,0.248783359716414
11,617,0.254359176061349
12,617,0.230954034165712
13,617,0.256437374026515
14,617,0.233221419996349
15,617,0.247598742081551
16,617,0.226482984250411
17,617,0.233345425166423
18,617,0.251457245503785
1,618,0.253108172398293
2,618,0.239008619680768
3,618,0.245585146695608
4,618,0.248190349614248
5,618,0.256530798229156
6,618,0.24666477178596
7,618,0.227912445414346
8,618,0.235001825727755
9,618,0.233993642896181
10,618,0.242121648922563
11,618,0.250600250059739
12,618,0.255049539889675
13,618,0.229081337164622
14,618,0.237468627650756
15,618,0.260895290961722
16,618,0.247721964468015
17,618,0.232900718022371
18,618,0.244193953771843
1,619,0.249542348742485
2,619,0.226541401919909
3,619,0.227469874924514
4,619,0.229029487981694
5,619,0.260519616591278
6,619,0.231390115793562
7,619,0.252810841149418
8,619,0.25618680174835
9,619,0.236628046630882
10,619,0.233310962901684
11,619,0.24710515861772
12,619,0.236928585354704
13,619,0.234354645048967
14,619,0.253737630506745
15,619,0.227496822864283
16,619,0.249678985708393
17,619,0.230829153190367
18,619,0.234419520565076
1,620,0.232336303757271
2,620,0.226233707886655
3,620,0.256559787495295
4,620,0.253834062955808
5,620,0.249781344000017
6,620,0.226116355203791
7,620,0.238444130533841
8,620,0.253592297372175
9,620,0.239960655418923
10,620,0.244853804188548
11,620,0.256036985613406
12,620,0.24605444598035
13,620,0.231517411428737
14,620,0.24404339254275
15,620,0.251394180295989
16,620,0.253471217939164
17,620,0.23212701997743
18,620,0.260670550819719
1,621,0.252712214587023
2,621,0.248554686220828
3,621,0.257346432745922
4,621,0.259655415696558
5,621,0.237582174504874
6,621,0.255493311626138
7,621,0.249663614243269
8,621,0.240985471843975
9,621,0.226479763362091
10,621,0.233582484456943
11,621,0.247944035169436
12,621,0.245407965200953
13,621,0.247818691554945
14,621,0.257716463989578
15,621,0.249268437243532
16,621,0.238745678691426
17,621,0.2570824908223
18,621,0.24302552186558
1,622,0.231955340793589
2,622,0.235975561044412
3,622,0.258170243390137
4,622,0.23772614517156
5,622,0.231892506277887
6,622,0.233651612020563
7,622,0.227785988286138
8,622,0.234898241212592
9,622,0.260520672458457
10,622,0.248005790479016
11,622,0.253750633492833
12,622,0.226860861543333
13,622,0.253209346075542
14,622,0.260328229079256
15,622,0.251761773280101
16,622,0.244485623819288
17,622,0.240606783384224
18,622,0.251375188548351
1,623,0.255520239299163
2,623,0.249292499295203
3,623,0.258357298244024
4,623,0.249874995463993
5,623,0.228071321891854
6,623,0.248411428019404
7,623,0.230427983802743
8,623,0.257733273203718
9,623,0.234223736009095
10,623,0.235105083856266
11,623,0.250517408943502
12,623,0.260119613441872
13,623,0.226333739398047
14,623,0.246651013706811
15,623,0.241310861743055
16,623,0.237786476870766
17,623,0.228569374575978
18,623,0.257970575849991
1,624,0.238774129548343
2,624,0.246227745159063
3,624,0.227890988050727
4,624,0.230885713009862
5,624,0.256768165937625
6,624,0.226192060462432
7,624,0.239694119474385
8,624,0.24279630111088
9,624,0.240798406363698
10,624,0.255270765190013
11,624,0.258625701630022
12,624,0.230429120467976
13,624,0.232774956996087
14,624,0.226170004280517
15,624,0.228134461557725
16,624,0.255381065445486
17,624,0.235374331730651
18,624,0.237272030037362
1,625,0.234993872558931
2,625,0.227947321065236
3,625,0.248293756096624
4,625,0.243331713682506
5,625,0.239162941307528
6,625,0.235138671709225
7,625,0.228768284513149
8,625,0.235935629945248
9,625,0.24094550956646
10,625,0.227710535697639
11,625,0.251360822263174
12,625,0.257828967534238
13,625,0.229134879847057
14,625,0.237457516194787
15,625,0.255455320544075
16,625,0.25014847472799
17,625,0.25261335025914
18,625,0.258139243242564
1,626,0.258663926020032
2,626,0.22955971714831
3,626,0.239002820914844
4,626,0.240121770022903
5,626,0.249229832984507
6,626,0.255537349246675
7,626,0.232694767164299
8,626,0.227552863213001
9,626,0.239955975088757
10,626,0.256797414189437
11,626,0.231108976132469
12,626,0.250983730117092
13,626,0.256062197735533
14,626,0.230425054626772
15,626,0.228582026214805
16,626,0.226285718519008
17,626,0.251571683173766
18,626,0.228240222021937
1,627,0.234648481364362
2,627,0.243454828297487
3,627,0.231156652118312
4,627,0.242793389267987
5,627,0.258479334451491
6,627,0.226319561902434
7,627,0.244990612920607
8,627,0.259460481781512
9,627,0.248069249718916
10,627,0.245586715204641
11,627,0.246198900253745
12,627,0.228869467146229
13,627,0.252004512889776
14,627,0.230587426697835
15,627,0.258545896467054
16,627,0.253858811053447
17,627,0.244365518257488
18,627,0.237252188667422
1,628,0.257112906045746
2,628,0.258283892368432
3,628,0.226330852287589
4,628,0.231560301203514
5,628,0.251749168547336
6,628,0.249675143599976
7,628,0.249232894525863
8,628,0.256124251724919
9,628,0.246012023090385
10,628,0.233296130147297
11,628,0.245269920295337
12,628,0.248280687543098
13,628,0.237326378133381
14,628,0.234264014658052
15,628,0.235331604334293
16,628,0.258643753300654
17,628,0.256218421624741
18,628,0.250486203781562
1,629,0.240908770654583
2,629,0.24838741801586
3,629,0.256845293812454
4,629,0.248462938266108
5,629,0.238229026604909
6,629,0.230920875369571
7,629,0.231439531581942
8,629,0.248755338054849
9,629,0.258409656858072
10,629,0.259689904013881
11,629,0.242127004574519
12,629,0.239409951919457
13,629,0.257088794912212
14,629,0.256765746950638
15,629,0.229814086323837
16,629,0.233497879449511
17,629,0.248392918713158
18,629,0.226913000873988
1,630,0.23916402841825
2,630,0.233724723193096
3,630,0.260112836607965
4,630,0.227010073188227
5,630,0.257657876680838
6,630,0.234628273074282
7,630,0.250932509618811
8,630,0.233694203930441
9,630,0.236713805734413
10,630,0.239181556918425
11,630,0.255306182151195
12,630,0.229516936978558
13,630,0.252766584481811
14,630,0.25894615302817
15,630,0.228589441112941
16,630,0.239466678216355
17,630,0.256890216731932
18,630,0.235302622092655
1,631,0.254149771683384
2,631,0.24296853849804
3,631,0.240896236957284
4,631,0.258588236480951
5,631,0.260636372599052
6,631,0.250678146041697
7,631,0.255038329944015
8,631,0.249962109008571
9,631,0.236627768225968
10,631,0.228376496394863
11,631,0.25484383709752
12,631,0.245736842332641
13,631,0.249059388442198
14,631,0.22899361986341
15,631,0.241069641601294
16,631,0.258252150451532
17,631,0.226019349891227
18,631,0.256118548376486
1,632,0.237655654553324
2,632,0.249462676678319
3,632,0.243839123042068
4,632,0.251099250937346
5,632,0.252784848378738
6,632,0.23247891321918
7,632,0.248323623351986
8,632,0.234056416318286
9,632,0.246639124870067
10,632,0.258994691096246
11,632,0.258721041679615
12,632,0.229622889581602
13,632,0.242761823028792
14,632,0.246873865822796
15,632,0.231094495010562
16,632,0.23650603084499
17,632,0.236755387208192
18,632,0.24302645199257
1,633,0.240941543641035
2,633,0.253737269453937
3,633,0.235896325737936
4,633,0.249222682393389
5,633,0.227089114065981
6,633,0.260141119960695
7,633,0.251348094414221
8,633,0.254312779455446
9,633,0.253498909221031
10,633,0.242926771803992
11,633,0.2340786108959
12,633,0.226253647950012
13,633,0.249403198757442
14,633,0.242398082640953
15,633,0.239164401132381
16,633,0.252791163934395
17,633,0.239434722647071
18,633,0.239346872507827
1,634,0.251449117618846
2,634,0.258187111261301
3,634,0.249172395501751
4,634,0.247551875706064
5,634,0.235790586697636
6,634,0.242192364161834
7,634,0.234124083975563
8,634,0.231409068751615
9,634,0.250728999782819
10,634,0.226985615164973
11,634,0.231560813714983
12,634,0.229346712746425
13,634,0.234421943520661
14,634,0.257059555445099
15,634,0.258083965549246
16,634,0.254686011532554
17,634,0.245728774693795
18,634,0.252099999003345
1,635,0.237500916867517
2,635,0.234571806749096
3,635,0.23017969850474
4,635,0.248706914090086
5,635,0.252719304932049
6,635,0.237530872858129
7,635,0.236145082410891
8,635,0.258018898415845
9,635,0.244850642364705
10,635,0.256177421717672
11,635,0.256905042991508
12,635,0.240621471737046
13,635,0.240459347691154
14,635,0.229290547961369
15,635,0.255706760315457
16,635,0.260964277489344
17,635,0.230405726998812
18,635,0.248125273606507
1,636,0.227363532184623
2,636,0.25034094385826
3,636,0.247989120516228
4,636,0.238671899205307
5,636,0.25690679004672
6,636,0.252045063473284
7,636,0.236476307640784
8,636,0.250286489669466
9,636,0.239975842967629
10,636,0.252108225035714
11,636,0.254798194851261
12,636,0.246023323270725
13,636,0.237364309189376
14,636,0.231116994159762
15,636,0.230595839229878
16,636,0.226703395482851
17,636,0.233156406084541
18,636,0.25035779717518
1,637,0.241096487579867
2,637,0.230572481657378
3,637,0.228124951981241
4,637,0.256267956153257
5,637,0.253673498919467
6,637,0.232959288495127
7,637,0.251095493668923
8,637,0.228063264569733
9,637,0.254009886766085
10,637,0.243163814152591
11,637,0.258861221740022
12,637,0.251277862341609
13,637,0.255340249177767
14,637,0.253908109267009
15,637,0.258416696279543
16,637,0.249044176755939
17,637,0.238707598173292
18,637,0.245581475245068
1,638,0.256697480841773
2,638,0.24126455064537
3,638,0.229097144319909
4,638,0.238319034944521
5,638,0.251557847328018
6,638,0.259591298696119
7,638,0.259296732720919
8,638,0.240794428956229
9,638,0.260306197703118
10,638,0.237644855410559
11,638,0.247506012505852
12,638,0.245990162192844
13,638,0.253220154606039
14,638,0.231743006074335
15,638,0.23091325816256
16,638,0.234302418710664
17,638,0.228189052259782
18,638,0.251442193881609
1,639,0.243327689360827
2,639,0.229552650158526
3,639,0.247532035517739
4,639,0.230776607498061
5,639,0.241655982388416
6,639,0.253397448769771
7,639,0.233390731027117
8,639,0.257290509263054
9,639,0.229878458422842
10,639,0.2283908024095
11,639,0.254934854536783
12,639,0.252102356644115
13,639,0.25549755821377
14,639,0.251303895238321
15,639,0.241287303475197
16,639,0.243102305328008
17,639,0.259376970876707
18,639,0.240135686788941
1,640,0.243713946499862
2,640,0.238462785064708
3,640,0.25525106890616
4,640,0.259886812791461
5,640,0.234784360768041
6,640,0.255029369802447
7,640,0.251468273831066
8,640,0.253387577048503
9,640,0.25208977124095
10,640,0.243095313016325
11,640,0.247488921790151
12,640,0.253012493216898
13,640,0.256182349787792
14,640,0.252915598234627
15,640,0.241642820911016
16,640,0.251315232537687
17,640,0.226784838242689
18,640,0.23282511336403
1,641,0.238885538664414
2,641,0.236417626405833
3,641,0.253165392398601
4,641,0.227158734803321
5,641,0.227066030334914
6,641,0.229304822113132
7,641,0.227510676165344
8,641,0.260867783482187
9,641,0.243818250586279
10,641,0.246423744948348
11,641,0.245180123538245
12,641,0.239160499356454
13,641,0.257100566255627
14,641,0.247782647074433
15,641,0.242642313237535
16,641,0.227765675696079
17,641,0.250299170033773
18,641,0.232168632613262
1,642,0.247268880167045
2,642,0.260504778923001
3,642,0.253009941465221
4,642,0.245493239801377
5,642,0.254707232157467
6,642,0.245481463658158
7,642,0.229190271097701
8,642,0.256924035488861
9,642,0.23465014172974
10,642,0.227664670183091
11,642,0.25473031196068
12,642,0.254363042405108
13,642,0.226529120746069
14,642,0.248311640735716
15,642,0.226178556675091
16,642,0.229131593114231
17,642,0.245396095302654
18,642,0.231715431984281
1,643,0.243968188712839
2,643,0.229528733600397
3,643,0.238744772490114
4,643,0.236540646214504
5,643,0.254065106584691
6,643,0.25228966762335
7,643,0.256919734726194
8,643,0.245232967079151
9,643,0.255392169771018
10,643,0.227274815717479
11,643,0.241046778979013
12,643,0.25895966639882
13,643,0.24312141504162
14,643,0.238134734330466
15,643,0.247693104152801
16,643,0.236241300123744
17,643,0.226586003008066
18,643,0.23832306120568
1,644,0.231517600022722
2,644,0.258795980843948
3,644,0.253553215585649
4,644,0.244764200442238
5,644,0.246915725432569
6,644,0.227745707445079
7,644,0.229372004623525
8,644,0.245993504135637
9,644,0.257545402529882
10,644,0.260893139060587
11,644,0.25007493985258
12,644,0.257476468327455
13,644,0.235571430454962
14,644,0.237434867135249
15,644,0.243657667171443
16,644,0.234691135965055
17,644,0.244432475886075
18,644,0.247899736371124
1,645,0.239401551439893
2,645,0.242774613218149
3,645,0.24096125536738
4,645,0.241175870971289
5,645,0.241436991156312
6,645,0.226838764461223
7,645,0.252089107531589
8,645,0.253428175939713
9,645,0.255444139054976
10,645,0.245377866797149
11,645,0.25083471624204
12,645,0.251625504635973
13,645,0.259585458451416
14,645,0.240188113178825
15,645,0.25163856447814
16,645,0.248346801343374
17,645,0.247927846531617
18,645,0.248327441616217
1,646,0.253988472437719
2,646,0.241377191510051
3,646,0.241610862823669
4,646,0.244431559612509
5,646,0.252880318968324
6,646,0.256485163113335
7,646,0.260213468624512
8,646,0.237437493426492
9,646,0.24061529588094
10,646,0.259995924235787
11,646,0.255733937350102
12,646,0.255679301029537
13,646,0.243846765356371
14,646,0.238216830319958
15,646,0.233954178192886
16,646,0.259379950511735
17,646,0.256503821400926
18,646,0.256841790183913
1,647,0.249692960194312
2,647,0.259676752592437
3,647,0.239149281318765
4,647,0.236404942920432
5,647,0.259632579933619
6,647,0.251005768680712
7,647,0.227108986581676
8,647,0.24248884717375
9,647,0.242622929495061
10,647,0.23646540990239
11,647,0.24061069843499
12,647,0.255121157345362
13,647,0.241678357345751
14,647,0.233250743920449
15,647,0.245188485627528
16,647,0.251013658270473
17,647,0.259903795523802
18,647,0.230114041215507
1,648,0.226663958543446
2,648,0.237929899243405
3,648,0.255756259460701
4,648,0.258071984546492
5,648,0.233823391821003
6,648,0.227055205995217
7,648,0.254943166981917
8,648,0.239778862698236
9,648,0.237455148571404
10,648,0.229939228045056
11,648,0.254195157641312
12,648,0.238831393423257
13,648,0.240426520114066
14,648,0.233389015777735
15,648,0.235477345297346
16,648,0.251431256343145
17,648,0.229838825644925
18,648,0.244487164645921
1,649,0.231573246779386
2,649,0.231278081228025
3,649,0.238542093663942
4,649,0.254626829308923
5,649,0.242936756887007
6,649,0.237851335950196
7,649,0.250377147661289
8,649,0.23077494987892
9,649,0.242436349984724
10,649,0.245577354128705
11,649,0.257188642499037
12,649,0.229672945438884
13,649,0.229762932460522
14,649,0.239850667835213
15,649,0.250867851120653
16,649,0.240725321814185
17,649,0.254711947993143
18,649,0.228633758026641
1,650,0.250327350039966
2,650,0.248581127475714
3,650,0.241703244637698
4,650,0.243939710874343
5,650,0.236732733674813
6,650,0.243880850294605
7,650,0.228776455425192
8,650,0.258181306171697
9,650,0.228146743033081
10,650,0.255835237639491
11,650,0.252516185624059
12,650,0.227503984831506
13,650,0.239131812934298
14,650,0.227133726473199
15,650,0.228274144492112
16,650,0.227452088881051
17,650,0.250389961099951
18,650,0.241755844692467
1,651,0.25347924472671
2,651,0.245389961316483
3,651,0.226550829101121
4,651,0.232459878151072
5,651,0.259844472093042
6,651,0.230402147502406
7,651,0.257206022995757
8,651,0.24195762404846
9,651,0.229594852632377
10,651,0.24459821380931
11,651,0.233372213588096
12,651,0.226149332088185
13,651,0.246388268140377
14,651,0.255035276600625
15,651,0.248477867692942
16,651,0.259816136537353
17,651,0.230092145554023
18,651,0.248256197151728
1,652,0.235170988363912
2,652,0.226133481539087
3,652,0.260964227144374
4,652,0.240930620876839
5,652,0.254901208784664
6,652,0.235452995208558
7,652,0.258123602483189
8,652,0.231232244398212
9,652,0.233481780932285
10,652,0.257754381672945
11,652,0.239271331998985
12,652,0.228249294620706
13,652,0.229090052556945
14,652,0.235590244080173
15,652,0.248452057583723
16,652,0.251793918796117
17,652,0.242798669866985
18,652,0.226908623893047
1,653,0.26063621648727
2,653,0.240262643023394
3,653,0.239131318310043
4,653,0.2401130922304
5,653,0.243649462212576
6,653,0.232181187204784
7,653,0.232065668975934
8,653,0.23978168782685
9,653,0.246688043206465
10,653,0.251997828694526
11,653,0.233579732580343
12,653,0.23989818413998
13,653,0.231233566047391
14,653,0.241412599556148
15,653,0.242047758959467
16,653,0.246505775484489
17,653,0.232411392921582
18,653,0.255929046331672
1,654,0.232797321832273
2,654,0.245600176453823
3,654,0.250321207040921
4,654,0.229719183887588
5,654,0.256166380588198
6,654,0.260405179459136
7,654,0.254265017179074
8,654,0.248439708267339
9,654,0.243427766181063
10,654,0.253551100167911
11,654,0.244769443245837
12,654,0.246069436394842
13,654,0.233852652663132
14,654,0.250280229022261
15,654,0.247562072347151
16,654,0.233142255562358
17,654,0.255436088333605
18,654,0.229899306944804
1,655,0.231794331190409
2,655,0.257192784314044
3,655,0.255440680743428
4,655,0.236704788019648
5,655,0.235028041734127
6,655,0.244427612478845
7,655,0.249326655407436
8,655,0.255157513063401
9,655,0.228887544021942
10,655,0.233157854370307
11,655,0.245878093841253
12,655,0.251694087320007
13,655,0.257675723858643
14,655,0.236182375671575
15,655,0.242408559675328
16,655,0.235920795072103
17,655,0.227985819223337
18,655,0.235234926451463
1,656,0.259200772046112
2,656,0.257484487756388
3,656,0.233194634304615
4,656,0.257709880630951
5,656,0.23171966006537
6,656,0.258074856817489
7,656,0.235418878880097
8,656,0.251215603900142
9,656,0.231590582285076
10,656,0.226484012712259
11,656,0.246236219860381
12,656,0.251169522671495
13,656,0.24806738600973
14,656,0.26007319528982
15,656,0.238565374716651
16,656,0.245903252098011
17,656,0.253809391532792
18,656,0.226971383086871
1,657,0.249524438621243
2,657,0.256778935857816
3,657,0.229514829815831
4,657,0.2494098727745
5,657,0.252083764421055
6,657,0.235994767348981
7,657,0.229394040294224
8,657,0.229219999305438
9,657,0.242331557842204
10,657,0.239492886065505
11,657,0.239728548841318
12,657,0.250214287273353
13,657,0.233426469705533
14,657,0.228805761722848
15,657,0.2564485701269
16,657,0.240362703447696
17,657,0.243860249659279
18,657,0.251399577948265
1,658,0.250428903545486
2,658,0.232442507107276
3,658,0.242869153827429
4,658,0.253210681545548
5,658,0.232589298583567
6,658,0.247003665121971
7,658,0.251180589649826
8,658,0.248982139969245
9,658,0.233446882961085
10,658,0.245540230083512
11,658,0.254077441249043
12,658,0.227462244442664
13,658,0.260726195278345
14,658,0.25907946628076
15,658,0.248199268953409
16,658,0.242716624344699
17,658,0.252252866305877
18,658,0.2603446661497
1,659,0.249415762891527
2,659,0.237739715952426
3,659,0.257308327707229
4,659,0.240939222662942
5,659,0.229702971136663
6,659,0.256815530645195
7,659,0.231928577063605
8,659,0.259137791604968
9,659,0.244531202103477
10,659,0.234698798228288
11,659,0.242666423433926
12,659,0.238518483070889
13,659,0.230371266697999
14,659,0.2379023146166
15,659,0.227390641859034
16,659,0.253450325998943
17,659,0.237150809731334
18,659,0.250958335692063
1,660,0.259251161306398
2,660,0.236565713967662
3,660,0.260565617241897
4,660,0.231482587117003
5,660,0.2539369632015
6,660,0.245576004316332
7,660,0.227840334907174
8,660,0.242630800936837
9,660,0.253063983441331
10,660,0.254906807352323
11,660,0.236308732329868
12,660,0.228786211983766
13,660,0.245282427630387
14,660,0.250575151478639
15,660,0.252283555843402
16,660,0.255326613929588
17,660,0.259303760358831
18,660,0.249479199020658
1,661,0.245370777209988
2,661,0.231750488153426
3,661,0.234431382183917
4,661,0.229507987088524
5,661,0.253224648306146
6,661,0.255717942252755
7,661,0.253783861710923
8,661,0.260290105159162
9,661,0.254593629889656
10,661,0.230012087745359
11,661,0.256577569798334
12,661,0.248886655306211
13,661,0.247476526235929
14,661,0.231271709916415
15,661,0.232047054505907
16,661,0.232690520975972
17,661,0.245354636496864
18,661,0.253342121358961
1,662,0.227365808000555
2,662,0.231292565389536
3,662,0.256628279431257
4,662,0.231093940759543
5,662,0.25027092009224
6,662,0.255374163352186
7,662,0.252560706940945
8,662,0.237053743365919
9,662,0.245739582042675
10,662,0.240080059223343
11,662,0.226293865334243
12,662,0.243293000902282
13,662,0.23548621487827
14,662,0.235171912183519
15,662,0.254962424226338
16,662,0.251603774066549
17,662,0.239725591502152
18,662,0.242853216058807
1,663,0.253954982536612
2,663,0.243147528019268
3,663,0.2320976594151
4,663,0.253805438385112
5,663,0.247064510840224
6,663,0.245591363639338
7,663,0.236214287260314
8,663,0.249461487630848
9,663,0.235034164295299
10,663,0.228772465256276
11,663,0.240920040235156
12,663,0.242517454932909
13,663,0.259488192229997
14,663,0.239086553401081
15,663,0.245892803292023
16,663,0.249309823579621
17,663,0.246580479955534
18,663,0.24554984365846
1,664,0.259050142617431
2,664,0.244743321907241
3,664,0.239537655203836
4,664,0.241983482693555
5,664,0.250418625544058
6,664,0.227448017074727
7,664,0.234218421061756
8,664,0.25326568832295
9,664,0.254065800543409
10,664,0.239119672747562
11,664,0.229114759909222
12,664,0.239601278875722
13,664,0.242720906519331
14,664,0.232918842407176
15,664,0.256459816686343
16,664,0.247473476290703
17,664,0.257836818774464
18,664,0.258015156035777
1,665,0.242294106318383
2,665,0.241543034108123
3,665,0.226295052401489
4,665,0.248427046914818
5,665,0.259251426444622
6,665,0.228637562111486
7,665,0.235337750438135
8,665,0.232192341141868
9,665,0.252728658853099
10,665,0.236367141206516
11,665,0.227570873388555
12,665,0.254817369284807
13,665,0.237471005387139
14,665,0.245377812915482
15,665,0.259199643692933
16,665,0.243124172410695
17,665,0.24819618705567
18,665,0.237276639992138
1,666,0.248204324189806
2,666,0.228305104921106
3,666,0.254539105977397
4,666,0.249115994100226
5,666,0.229015893511474
6,666,0.255551088827429
7,666,0.243943625322077
8,666,0.239682257244363
9,666,0.249889664275339
10,666,0.23675458423933
11,666,0.256497571534943
12,666,0.234348178490996
13,666,0.233320001649205
14,666,0.232429634204833
15,666,0.246741022478323
16,666,0.252544129364193
17,666,0.252158146539237
18,666,0.260623655971372
1,667,0.260996454216307
2,667,0.227641795206815
3,667,0.259042369323084
4,667,0.256364607934607
5,667,0.226310797982384
6,667,0.241876174158184
7,667,0.243740534193581
8,667,0.239125745778671
9,667,0.246151927492116
10,667,0.245268864729675
11,667,0.253767870207317
12,667,0.241971675649053
13,667,0.234477166150697
14,667,0.242801115770359
15,667,0.255416960626841
16,667,0.26072269397229
17,667,0.234548214043258
18,667,0.247806355260778
1,668,0.24205764301843
2,668,0.255693031792995
3,668,0.25144617793872
4,668,0.232695660938276
5,668,0.23550525889406
6,668,0.232035326148849
7,668,0.244683563136728
8,668,0.237685002843151
9,668,0.258995062172413
10,668,0.259730126059381
11,668,0.23725067708781
12,668,0.249657520114211
13,668,0.230316358019132
14,668,0.250844644550467
15,668,0.252787971983431
16,668,0.237604730053805
17,668,0.233572651223745
18,668,0.241721528116846
1,669,0.239796849714126
2,669,0.246118774669245
3,669,0.250297102931887
4,669,0.228113949845079
5,669,0.249720179767115
6,669,0.254643512171693
7,669,0.256831164021511
8,669,0.229042806385783
9,669,0.234695518552558
10,669,0.255288946789457
11,669,0.239125368827023
12,669,0.246094346797559
13,669,0.234934200576041
14,669,0.226624299574411
15,669,0.241239363932051
16,669,0.257727833925979
17,669,0.260183403175557
18,669,0.241887520837132
1,670,0.242648062269669
2,670,0.252500411953311
3,670,0.243111739655957
4,670,0.254485076330835
5,670,0.25034279971174
6,670,0.25875708613568
7,670,0.229914716123836
8,670,0.253146227858029
9,670,0.255045001312625
10,670,0.245411029675975
11,670,0.242685526611982
12,670,0.230256844128249
13,670,0.234414765271591
14,670,0.254350062293466
15,670,0.248607036058325
16,670,0.24654215086624
17,670,0.240956667692168
18,670,0.256124332001433
1,671,0.241391088824254
2,671,0.239147509017726
3,671,0.241899528666632
4,671,0.241423748481553
5,671,0.258868258969393
6,671,0.237885880642803
7,671,0.236155689871171
8,671,0.238667131696362
9,671,0.255050836480455
10,671,0.230942833257373
11,671,0.245785492287483
12,671,0.240435947939055
13,671,0.23967140519782
14,671,0.236666864037048
15,671,0.235087808751501
16,671,0.258971141099697
17,671,0.238486949004233
18,671,0.229701213389868
1,672,0.239695756158559
2,672,0.241440652314574
3,672,0.256179809510009
4,672,0.243527631744742
5,672,0.233605205863947
6,672,0.239323200527811
7,672,0.259244470648933
8,672,0.232726226414321
9,672,0.241126871266402
10,672,0.245010438587284
11,672,0.234983494340209
12,672,0.242219239908969
13,672,0.234382525193738
14,672,0.24527088412689
15,672,0.246111105625983
16,672,0.254729431852698
17,672,0.259591984831728
18,672,0.256684631465701
1,673,0.240394700870616
2,673,0.251799443940632
3,673,0.242165563540999
4,673,0.250417898328975
5,673,0.246343477692222
6,673,0.242019206891069
7,673,0.244384823328815
8,673,0.235285974702798
9,673,0.23402008684841
10,673,0.247939410521882
11,673,0.255347324031405
12,673,0.232638043939602
13,673,0.22982376514026
14,673,0.239495694089215
15,673,0.231723312748596
16,673,0.256590327896643
17,673,0.237861958103254
18,673,0.242867435481399
1,674,0.239661793350475
2,674,0.236056018508039
3,674,0.255892844859278
4,674,0.23557103535533
5,674,0.235331801061053
6,674,0.251124071463943
7,674,0.241025015805149
8,674,0.255807983645005
9,674,0.238942965504481
10,674,0.249930730336579
11,674,0.259097055923427
12,674,0.255463186591165
13,674,0.258420719460351
14,674,0.251789885070408
15,674,0.231072782312054
16,674,0.24186181997438
17,674,0.249406886970624
18,674,0.242246145620244
1,675,0.229404832860688
2,675,0.237366230341373
3,675,0.233123600012856
4,675,0.258722293841653
5,675,0.235814499979839
6,675,0.230787112907507
7,675,0.232944471028401
8,675,0.251003513979027
9,675,0.246664261898492
10,675,0.248507008719258
11,675,0.239197443038225
12,675,0.238672179541551
13,675,0.247709611680126
14,675,0.252519827680895
15,675,0.257170425011078
16,675,0.240076722504105
17,675,0.256772745300783
18,675,0.251588173726574
1,676,0.226670806942508
2,676,0.245298955636332
3,676,0.239985606322531
4,676,0.24337018229207
5,676,0.249908641745802
6,676,0.248303740601055
7,676,0.256728505004663
8,676,0.254215708567295
9,676,0.235945742618293
10,676,0.244751894707093
11,676,0.245280009890208
12,676,0.23308587623667
13,676,0.259203325232025
14,676,0.231289970170707
15,676,0.246260318012442
16,676,0.233253106589196
17,676,0.259938299503643
18,676,0.252442593908869
1,677,0.226466196998023
2,677,0.24887234555115
3,677,0.260265631587477
4,677,0.231664103144081
5,677,0.226307118187193
6,677,0.23752187943575
7,677,0.256499358365778
8,677,0.242138385471422
9,677,0.255965586609906
10,677,0.257569835877745
11,677,0.238320249074837
12,677,0.259936598050641
13,677,0.238961270521628
14,677,0.258866364195943
15,677,0.248361866843421
16,677,0.248768104864517
17,677,0.245860789212398
18,677,0.258225302663865
1,678,0.246808890007902
2,678,0.233915910254233
3,678,0.257695229918696
4,678,0.259154236596311
5,678,0.246673533921363
6,678,0.241565860198112
7,678,0.226682386464905
8,678,0.231694117677631
9,678,0.249148836044129
10,678,0.226492493370548
11,678,0.239070737118833
12,678,0.253110284238588
13,678,0.254012656008359
14,678,0.22958145759441
15,678,0.232678128534695
16,678,0.235829743113369
17,678,0.240037562339799
18,678,0.245075889794622
1,679,0.228171348261181
2,679,0.252161201871
3,679,0.228413821119117
4,679,0.252940211595502
5,679,0.227418033214286
6,679,0.23803679707367
7,679,0.24383836924471
8,679,0.241287621549796
9,679,0.226106991740176
10,679,0.235442102840403
11,679,0.257330999649363
12,679,0.247542570206802
13,679,0.23501759327855
14,679,0.245218277414329
15,679,0.2437048259601
16,679,0.253279434724478
17,679,0.256959644010291
18,679,0.233038076319732
1,680,0.247643169537419
2,680,0.228330645401962
3,680,0.249218086463166
4,680,0.259513746613171
5,680,0.235176628605928
6,680,0.228699685237603
7,680,0.229422583203064
8,680,0.242496899793856
9,680,0.251879869720666
10,680,0.228375525530661
11,680,0.240684783878038
12,680,0.246771388033172
13,680,0.243499462617561
14,680,0.238876759383362
15,680,0.233168031095061
16,680,0.229654742252547
17,680,0.236110205056844
18,680,0.229652670701267
1,681,0.226383927368093
2,681,0.235198121540248
3,681,0.227723035967443
4,681,0.246255691213533
5,681,0.228032177512301
6,681,0.239926608659094
7,681,0.240995978109073
8,681,0.23212497354974
9,681,0.231009252647869
10,681,0.241731864310801
11,681,0.248798839572351
12,681,0.231894485027529
13,681,0.243991864319192
14,681,0.234155965046026
15,681,0.236817865307909
16,681,0.228021581167355
17,681,0.227896979493322
18,681,0.237046545314603
1,682,0.234789612845285
2,682,0.230814240053529
3,682,0.25448993047257
4,682,0.250866058357293
5,682,0.249913663359126
6,682,0.260442925237818
7,682,0.239214972051792
8,682,0.254552361234324
9,682,0.226434163116151
10,682,0.237655512922443
11,682,0.236969434862491
12,682,0.253139528309926
13,682,0.226060417321511
14,682,0.253056693566265
15,682,0.259668439316098
16,682,0.255391786096385
17,682,0.243970636857208
18,682,0.258747568426421
1,683,0.257372510927031
2,683,0.23764876487921
3,683,0.241083183404058
4,683,0.251486343706725
5,683,0.260336125954287
6,683,0.244875694707967
7,683,0.232454760688357
8,683,0.228735890743788
9,683,0.253964367464883
10,683,0.240283126955852
11,683,0.243347197384806
12,683,0.244803121137898
13,683,0.252824938564096
14,683,0.232977807017975
15,683,0.229239152861061
16,683,0.25476132198493
17,683,0.260558817696525
18,683,0.255404998652171
1,684,0.247659408487612
2,684,0.259013443953823
3,684,0.236839350622846
4,684,0.260379935237812
5,684,0.230121835395927
6,684,0.240248025746783
7,684,0.22822554330132
8,684,0.243420964345802
9,684,0.227213076706044
10,684,0.252013712002896
11,684,0.227502910074778
12,684,0.234146414732328
13,684,0.244054352637846
14,684,0.259444317908725
15,684,0.256414106256794
16,684,0.241877998768119
17,684,0.248340463508153
18,684,0.244484465681249
1,685,0.226933586237952
2,685,0.23418743121461
3,685,0.244695904556662
4,685,0.258159111700021
5,685,0.258662055930123
6,685,0.23909354697587
7,685,0.255570544224698
8,685,0.245135821928503
9,685,0.259859063610435
10,685,0.249202241830295
11,685,0.249191166156903
12,685,0.25925893068919
13,685,0.226017571722856
14,685,0.257675953352824
15,685,0.251889071311103
16,685,0.254576356928097
17,685,0.246453056412516
18,685,0.238431478080107
1,686,0.227500519136898
2,686,0.24708757419046
3,686,0.2416698073796
4,686,0.258074135689763
5,686,0.234779057563515
6,686,0.246723286853172
7,686,0.237505016307347
8,686,0.237179250043351
9,686,0.249844670670806
10,686,0.259090715081198
11,686,0.235693980347365
12,686,0.25324614727078
13,686,0.235002969906433
14,686,0.255533859414514
15,686,0.228540677519282
16,686,0.250965726387454
17,686,0.245893758795224
18,686,0.230794202975463
1,687,0.250820996895432
2,687,0.240845715119736
3,687,0.251068569654832
4,687,0.241968983635539
5,687,0.256898540577618
6,687,0.260048152081668
7,687,0.226315242062788
8,687,0.239680904922076
9,687,0.243963821331505
10,687,0.234969558065291
11,687,0.229186860735295
12,687,0.228956159587484
13,687,0.251503337538103
14,687,0.233974339617649
15,687,0.244616194452625
16,687,0.244015769020421
17,687,0.230990864208667
18,687,0.236340818162076
1,688,0.238350838175043
2,688,0.258874848325737
3,688,0.258188582584495
4,688,0.236515144433593
5,688,0.236293552718358
6,688,0.234514465531334
7,688,0.227479479168775
8,688,0.231416879873956
9,688,0.256168810258619
10,688,0.254363993874518
11,688,0.256763317883248
12,688,0.255041214520112
13,688,0.235515570820076
14,688,0.228883160766214
15,688,0.259283205333864
16,688,0.229529842281714
17,688,0.241191637014505
18,688,0.254716685733525
1,689,0.229546491953312
2,689,0.259590132873505
3,689,0.239292537002126
4,689,0.233396309621399
5,689,0.247013430041494
6,689,0.227719315532828
7,689,0.250958585998975
8,689,0.245237866603071
9,689,0.248747641076567
10,689,0.257967931361869
11,689,0.257213140485343
12,689,0.233673041049857
13,689,0.246696066685487
14,689,0.230081206442788
15,689,0.250407020254293
16,689,0.258252258858644
17,689,0.25566092501767
18,689,0.237223835403798
1,690,0.241188428154215
2,690,0.235331150349462
3,690,0.233500729995081
4,690,0.243726106276969
5,690,0.239611968103796
6,690,0.240718526188517
7,690,0.229192205736414
8,690,0.249724407025147
9,690,0.244193632779876
10,690,0.256969000172336
11,690,0.250247935975436
12,690,0.232475910334848
13,690,0.231163210980827
14,690,0.227778645385057
15,690,0.232730321950745
16,690,0.257261061627883
17,690,0.230684418002144
18,690,0.260457513454836
1,691,0.242935407767305
2,691,0.238940703982022
3,691,0.25825937238778
4,691,0.254920985931763
5,691,0.235221337595955
6,691,0.242475995703368
7,691,0.235268670937745
8,691,0.230247174487682
9,691,0.243146409127163
10,691,0.242842314213282
11,691,0.231763170587597
12,691,0.255456564125139
13,691,0.255572916631587
14,691,0.253919707116671
15,691,0.239347647631308
16,691,0.249195472876541
17,691,0.256484436256811
18,691,0.245881119567435
1,692,0.251855738850078
2,692,0.249867489459226
3,692,0.253533844164573
4,692,0.245332079293672
5,692,0.228434312695405
6,692,0.237416530434508
7,692,0.227624436411075
8,692,0.253653549256502
9,692,0.244322996225907
10,692,0.249170805259142
11,692,0.238602026449749
12,692,0.260406962264329
13,692,0.238852376616793
14,692,0.246899632147048
15,692,0.242075492608361
16,692,0.245983002711087
17,692,0.259084291371051
18,692,0.25777011529915
1,693,0.237273895058548
2,693,0.229546813336434
3,693,0.235394411680987
4,693,0.255152530761203
5,693,0.259185860677622
6,693,0.229948019728996
7,693,0.246597055503167
8,693,0.255864895145874
9,693,0.246852044863859
10,693,0.250485966366483
11,693,0.229417906613322
12,693,0.250202431350714
13,693,0.253060047537088
14,693,0.22737079885928
15,693,0.2567555063779
16,693,0.230338882634183
17,693,0.252686699189013
18,693,0.260146233071806
1,694,0.230380636680871
2,694,0.243339246212505
3,694,0.258428304282948
4,694,0.227680131671019
5,694,0.239402700116858
6,694,0.240678655685857
7,694,0.259840322014876
8,694,0.238943539794069
9,694,0.249762946132338
10,694,0.259811243516393
11,694,0.249148900625529
12,694,0.243848693410633
13,694,0.260218135753181
14,694,0.259998851235956
15,694,0.25702892287774
16,694,0.248203102668282
17,694,0.249712132370565
18,694,0.230456178444671
1,695,0.233557029337622
2,695,0.247436362888198
3,695,0.254573102164082
4,695,0.23757644120045
5,695,0.253263911955524
6,695,0.25310421366035
7,695,0.236637214141898
8,695,0.246342127773911
9,695,0.240464185868856
10,695,0.239217563098297
11,695,0.23970610538288
12,695,0.259952087685466
13,695,0.227753909731051
14,695,0.230294007386779
15,695,0.252291949518491
16,695,0.229702745342162
17,695,0.228390329135815
18,695,0.234001252263784
1,696,0.248229373583104
2,696,0.239116885422496
3,696,0.228134517109953
4,696,0.23024992365879
5,696,0.255069892035332
6,696,0.253027779842028
7,696,0.253809926030459
8,696,0.234608854429331
9,696,0.259929993300699
10,696,0.240451630511321
11,696,0.230124573084991
12,696,0.233442184189567
13,696,0.25505650336179
14,696,0.25200834123441
15,696,0.240515131564112
16,696,0.255501009949017
17,696,0.246492146975594
18,696,0.245580504568294
1,697,0.237878190770512
2,697,0.253903449529549
3,697,0.249133109466871
4,697,0.236028047020314
5,697,0.230662349197315
6,697,0.238563516190276
7,697,0.232422276358353
8,697,0.24924057266349
9,697,0.25379227165971
10,697,0.251480202907929
11,697,0.226068247814197
12,697,0.228216659940314
13,697,0.239737984016771
14,697,0.25660768996831
15,697,0.237497859245865
16,697,0.235395481540123
17,697,0.253031222271035
18,697,0.240241912125144
1,698,0.249331984574907
2,698,0.243177889083978
3,698,0.22907394734933
4,698,0.229664343334967
5,698,0.258583141525975
6,698,0.252945890855277
7,698,0.255905883253086
8,698,0.240693351788446
9,698,0.258366088681156
10,698,0.24445351496595
11,698,0.231785554199247
12,698,0.237786961936159
13,698,0.260005478624022
14,698,0.249991008284502
15,698,0.257010642707115
16,698,0.248895534120034
17,698,0.256671286251163
18,698,0.255610986401094
1,699,0.229958717904752
2,699,0.234931415907573
3,699,0.242550841267454
4,699,0.257603550293948
5,699,0.246113480640575
6,699,0.244054229652043
7,699,0.228995179832214
8,699,0.228296357128071
9,699,0.240705787851708
10,699,0.234460836778395
11,699,0.253354895828757
12,699,0.251007374072447
13,699,0.247825385325355
14,699,0.230737816478591
15,699,0.246836376796942
16,699,0.227080376760801
17,699,0.258410852449248
18,699,0.239860971465474
1,700,0.23388330096635
2,700,0.250299811129458
3,700,0.253514809512068
4,700,0.255119483322138
5,700,0.256000463703182
6,700,0.2282137583734
7,700,0.229345505119069
8,700,0.252032274074387
9,700,0.22681401639618
10,700,0.23630640199664
11,700,0.255106594960904
12,700,0.232340586192673
13,700,0.240035590908024
14,700,0.23646201187768
15,700,0.26070930317184
16,700,0.241723920374876
17,700,0.247874933690997
18,700,0.243681956720771
1,701,0.243115577461664
2,701,0.241319020276656
3,701,0.227460661680903
4,701,0.233039195660036
5,701,0.233320014899597
6,701,0.247054317972157
7,701,0.228939777849242
8,701,0.24717237005732
9,701,0.260923188569956
10,701,0.246350143918768
11,701,0.229511815840611
12,701,0.239387533413479
13,701,0.251649032198126
14,701,0.245666675191838
15,701,0.257854199434165
16,701,0.2284530904321
17,701,0.239056410291465
18,701,0.234516345864628
1,702,0.245509040950798
2,702,0.228080672765151
3,702,0.230888064115075
4,702,0.232295557107078
5,702,0.243416539024562
6,702,0.23889852479822
7,702,0.238566665725317
8,702,0.260177641504211
9,702,0.233896750863874
10,702,0.243714929677313
11,702,0.251365853011608
12,702,0.240570150035433
13,702,0.233087355382973
14,702,0.235398575221421
15,702,0.228140955162467
16,702,0.23333236703556
17,702,0.253816013126867
18,702,0.237449046798516
1,703,0.24630142855132
2,703,0.256761986984871
3,703,0.227830882211216
4,703,0.256530815187376
5,703,0.234427003996912
6,703,0.239179078500252
7,703,0.254093928419985
8,703,0.244754788434599
9,703,0.231574028259143
10,703,0.246718863161746
11,703,0.253327968009049
12,703,0.237964185618563
13,703,0.239007906588027
14,703,0.241527615484316
15,703,0.228733557933243
16,703,0.243774617966497
17,703,0.24983879205212
18,703,0.256272996525746
1,704,0.226224241076503
2,704,0.245098640236771
3,704,0.235060372991953
4,704,0.253649279664038
5,704,0.242300881881034
6,704,0.259470700971084
7,704,0.246967196498532
8,704,0.236544944801368
9,704,0.247049421227071
10,704,0.252825603723992
11,704,0.245096313236514
12,704,0.235788053974044
13,704,0.258093869198579
14,704,0.226974270091392
15,704,0.259487773840316
16,704,0.228887621136615
17,704,0.259828206617618
18,704,0.243496978584677
1,705,0.229320661457255
2,705,0.253996944343904
3,705,0.233349596049171
4,705,0.245462336383294
5,705,0.229642542284215
6,705,0.250947673624847
7,705,0.237823372676736
8,705,0.260209844397847
9,705,0.247698131731246
10,705,0.22790848221886
11,705,0.246096786589129
12,705,0.259413227779092
13,705,0.24030039307219
14,705,0.253573286457919
15,705,0.241340214604512
16,705,0.25047529575089
17,705,0.237828003093833
18,705,0.241398562656483
1,706,0.232815043335082
2,706,0.249680775586981
3,706,0.234105367430253
4,706,0.258782958145253
5,706,0.23312381919031
6,706,0.24695670977491
7,706,0.236710117627168
8,706,0.258813550431747
9,706,0.228855200157501
10,706,0.24973254762264
11,706,0.257191613618284
12,706,0.24089006916061
13,706,0.260106745282188
14,706,0.243361037337687
15,706,0.229335036681965
16,706,0.25603098829533
17,706,0.257337430131389
18,706,0.229442455930635
1,707,0.245077852572082
2,707,0.246189596946584
3,707,0.243873528467026
4,707,0.248765030757291
5,707,0.244315768585308
6,707,0.254819264147896
7,707,0.249667689374415
8,707,0.228584950199816
9,707,0.244931670980528
10,707,0.238457490710076
11,707,0.232812467095442
12,707,0.251786937127123
13,707,0.245422174852807
14,707,0.228913092252566
15,707,0.254318071992835
16,707,0.258724850930972
17,707,0.240236300347839
18,707,0.232039212457836
1,708,0.229863887791522
2,708,0.240573384793475
3,708,0.227726843580836
4,708,0.256902248161146
5,708,0.251664135314291
6,708,0.25620575447008
7,708,0.24260807569162
8,708,0.227759076503804
9,708,0.235677823018283
10,708,0.256027974833502
11,708,0.246623576431535
12,708,0.23288307280303
13,708,0.23451258125389
14,708,0.235348541456275
15,708,0.242351188191911
16,708,0.248822259615641
17,708,0.247437971922569
18,708,0.231383132079151
1,709,0.226725562484004
2,709,0.231769010261865
3,709,0.231686763930134
4,709,0.231298916336615
5,709,0.229260059681488
6,709,0.258407459729584
7,709,0.229779511194443
8,709,0.235242611972149
9,709,0.258890512798913
10,709,0.229347272310639
11,709,0.256860027914168
12,709,0.226934230047278
13,709,0.253218322001863
14,709,0.233544717221754
15,709,0.238438980955631
16,709,0.234356649826746
17,709,0.256866432294715
18,709,0.231726936095161
1,710,0.229885551888961
2,710,0.258696755446959
3,710,0.226803893072298
4,710,0.259655086017679
5,710,0.226043217457132
6,710,0.252999856466427
7,710,0.246646850899793
8,710,0.254903970594984
9,710,0.244009125407552
10,710,0.245300792070571
11,710,0.233515801085392
12,710,0.259251237223158
13,710,0.250067233869573
14,710,0.25303667088761
15,710,0.244091396675445
16,710,0.258840261461679
17,710,0.239338960263645
18,710,0.242709176239092
1,711,0.2574547643892
2,711,0.246099982533138
3,711,0.258377067005727
4,711,0.24024800680019
5,711,0.255798745978624
6,711,0.255528400807176
7,711,0.25136133787944
8,711,0.235436028676573
9,711,0.231540532987798
10,711,0.25033456130093
11,711,0.240067931292811
12,711,0.237700282158563
13,711,0.24288016958884
14,711,0.231064749241574
15,711,0.245580900034634
16,711,0.239269163783407
17,711,0.256386930216337
18,711,0.252126148586627
1,712,0.228725833158474
2,712,0.238071981020272
3,712,0.229066357058706
4,712,0.232283623825293
5,712,0.242662083066767
6,712,0.243156726781977
7,712,0.228473031921545
8,712,0.245373733628308
9,712,0.256377898941515
10,712,0.237922867710236
11,712,0.241163188928273
12,712,0.235884621681413
13,712,0.226123995301547
14,712,0.241871959376382
15,712,0.240201416661963
16,712,0.251579124352662
17,712,0.24643008672772
18,712,0.259448223922169
1,713,0.233709772252711
2,713,0.236676733093569
3,713,0.229597671657335
4,713,0.235479595207376
5,713,0.24368187932088
6,713,0.232976319755195
7,713,0.257132579813711
8,713,0.252703965183115
9,713,0.237053172164829
10,713,0.249449737882474
11,713,0.256329846598906
12,713,0.244889724917244
13,713,0.258179818664445
14,713,0.260338918494759
15,713,0.229608632184332
16,713,0.239191668686923
17,713,0.254232709170552
18,713,0.233696050070226
1,714,0.241995194573188
2,714,0.23325464170333
3,714,0.246897335428745
4,714,0.237499431006378
5,714,0.259613549600123
6,714,0.237250516005093
7,714,0.255280268597649
8,714,0.230203593329294
9,714,0.237015921784565
10,714,0.244706704408396
11,714,0.228334483981831
12,714,0.235573857639916
13,714,0.248460903458996
14,714,0.246439767573262
15,714,0.250538570495788
16,714,0.240616147483466
17,714,0.257064069982385
18,714,0.240547522888752
1,715,0.258324428797001
2,715,0.25185193927167
3,715,0.246485332109965
4,715,0.249326488938183
5,715,0.24582863835874
6,715,0.236858049590606
7,715,0.249460274796234
8,715,0.257110605155118
9,715,0.256124318351736
10,715,0.232578542647185
11,715,0.245826601383975
12,715,0.245698404102819
13,715,0.238201651694486
14,715,0.227302677029744
15,715,0.231106494959909
16,715,0.257193893321324
17,715,0.243690438234713
18,715,0.254099316448206
1,716,0.243286695867078
2,716,0.255153950419277
3,716,0.243505846698768
4,716,0.248339258969296
5,716,0.23813556266739
6,716,0.235127527608071
7,716,0.235704078270588
8,716,0.254092199423118
9,716,0.254796947106021
10,716,0.242671154866926
11,716,0.241503577390919
12,716,0.254270418905886
13,716,0.258915646608453
14,716,0.253506592924474
15,716,0.233589046872454
16,716,0.236482900028583
17,716,0.227140839383006
18,716,0.232610161643475
1,717,0.241275797090726
2,717,0.23247287745378
3,717,0.254668531494914
4,717,0.227537931374041
5,717,0.241365344665479
6,717,0.258367523529101
7,717,0.228001436415594
8,717,0.229720298965927
9,717,0.235802016000031
10,717,0.258569972388446
11,717,0.242955043169437
12,717,0.252817859155126
13,717,0.257637740713777
14,717,0.227974780685268
15,717,0.256427091477904
16,717,0.234512854500441
17,717,0.253697267604526
18,717,0.260288686014479
1,718,0.249846062149387
2,718,0.239222390331794
3,718,0.233277793837711
4,718,0.228716084423009
5,718,0.253697630246403
6,718,0.248556922269287
7,718,0.257096246913075
8,718,0.254673121231841
9,718,0.252985592957353
10,718,0.252858993611531
11,718,0.256810886700638
12,718,0.236909044962609
13,718,0.24768169229757
14,718,0.251364852721104
15,718,0.2556027206094
16,718,0.257779543808661
17,718,0.258192171468632
18,718,0.22968429732509
1,719,0.231825798084261
2,719,0.244433597133262
3,719,0.258747237272561
4,719,0.238597380997613
5,719,0.253223875456257
6,719,0.230985362688312
7,719,0.252589869179297
8,719,0.228354903887026
9,719,0.2445260210454
10,719,0.230284467780963
11,719,0.231942498849472
12,719,0.239591065716464
13,719,0.229697168051731
14,719,0.231751649608137
15,719,0.247662886813283
16,719,0.228324283714406
17,719,0.241491620232351
18,719,0.249945551266661
1,720,0.255979907048401
2,720,0.238949083216954
3,720,0.24327212680853
4,720,0.248440104483394
5,720,0.238435029356275
6,720,0.254169567076256
7,720,0.258712856482249
8,720,0.233257623359328
9,720,0.239838045182638
10,720,0.250338483278407
11,720,0.234750329727773
12,720,0.231464370272821
13,720,0.252217374658445
14,720,0.234808230754221
15,720,0.258676310263341
16,720,0.228227964178892
17,720,0.23175105501106
18,720,0.253516887435922
1,721,0.239732013044646
2,721,0.228139133575838
3,721,0.238772263247753
4,721,0.232253114398569
5,721,0.243957830785308
6,721,0.23719849131559
7,721,0.248041078815237
8,721,0.255253580205841
9,721,0.25285640587355
10,721,0.23832933393796
11,721,0.255836281560129
12,721,0.236581377430353
13,721,0.234148156254319
14,721,0.258131759598851
15,721,0.243305078471545
16,721,0.231253975138767
17,721,0.253458774362458
18,721,0.246509817497805
1,722,0.235663373889634
2,722,0.239859391058795
3,722,0.249657187143108
4,722,0.260773672117153
5,722,0.25958027764596
6,722,0.246822833413258
7,722,0.22914003317384
8,722,0.260289549873211
9,722,0.252793596685166
10,722,0.239490663943812
11,722,0.24249237506208
12,722,0.2305115258859
13,722,0.231542917936109
14,722,0.234124677456217
15,722,0.247134585073451
16,722,0.24094875962846
17,722,0.242809569821926
18,722,0.247414245800115
1,723,0.231354075371288
2,723,0.231698775817873
3,723,0.243777507073479
4,723,0.236339587032795
5,723,0.251218916587764
6,723,0.232447429481195
7,723,0.240759753837716
8,723,0.248403664259473
9,723,0.259735497235321
10,723,0.24603720904584
11,723,0.25893331154855
12,723,0.229123567801667
13,723,0.233918657689588
14,723,0.233222870392725
15,723,0.258058661530027
16,723,0.232818717654096
17,723,0.257375048067421
18,723,0.243317299195565
1,724,0.235053949542576
2,724,0.243066196714295
3,724,0.258958213158417
4,724,0.257847600184847
5,724,0.25932417100668
6,724,0.256383397666737
7,724,0.251704090347281
8,724,0.238796777532203
9,724,0.254484290189808
10,724,0.241470485555707
11,724,0.231446770769777
12,724,0.238981091779657
13,724,0.259909660541685
14,724,0.241672031791182
15,724,0.235672904580366
16,724,0.241991077490617
17,724,0.238572514942149
18,724,0.25368380928901
1,725,0.250343349708943
2,725,0.240402179975295
3,725,0.24493761772546
4,725,0.234468954851851
5,725,0.259383720753482
6,725,0.254224030326819
7,725,0.234092362007592
8,725,0.237452264370164
9,725,0.236338034634478
10,725,0.242119756870903
11,725,0.247133941638982
12,725,0.245360532049323
13,725,0.250971884160768
14,725,0.25569181966735
15,725,0.260940471351147
16,725,0.241847260075388
17,725,0.229387857055059
18,725,0.241466338883853
1,726,0.25637821854814
2,726,0.248271707240725
3,726,0.254460392798297
4,726,0.233655826720875
5,726,0.256272501746658
6,726,0.243097680770094
7,726,0.229577430387959
8,726,0.251592977270717
9,726,0.248471089302562
10,726,0.243843771656044
11,726,0.236850741494214
12,726,0.236333741450449
13,726,0.227392595012439
14,726,0.231100283182692
15,726,0.232421492596855
16,726,0.242871042195708
17,726,0.231188633829821
18,726,0.25454853711091
1,727,0.259224078906933
2,727,0.256105793651892
3,727,0.234384401957737
4,727,0.257883986038156
5,727,0.254539027265506
6,727,0.251158699782332
7,727,0.251470122448169
8,727,0.22883321123803
9,727,0.233468624108005
10,727,0.250372015277622
11,727,0.250666979261674
12,727,0.24213234462915
13,727,0.250885777540039
14,727,0.238600989170605
15,727,0.230359312693123
16,727,0.254056306091603
17,727,0.252803384780651
18,727,0.245183693426894
1,728,0.243424048761604
2,728,0.236517496956745
3,728,0.240188513762783
4,728,0.240951707099099
5,728,0.232579706734046
6,728,0.237075622932985
7,728,0.241081805884838
8,728,0.248548711214913
9,728,0.230864779794589
10,728,0.229272818342084
11,728,0.243165067471797
12,728,0.249275447157212
13,728,0.241651797587052
14,728,0.255080465734005
15,728,0.24010905895289
16,728,0.236027983050095
17,728,0.256355366161093
18,728,0.231087027127156
1,729,0.235377293918515
2,729,0.232163247209042
3,729,0.241657729248051
4,729,0.251440851069288
5,729,0.254215750388335
6,729,0.231281394755002
7,729,0.257736080013216
8,729,0.256428024326684
9,729,0.24204714810499
10,729,0.226886975653702
11,729,0.244410489623202
12,729,0.234348871374037
13,729,0.256245084892958
14,729,0.231003233889583
15,729,0.24789087276347
16,729,0.243346935815876
17,729,0.248049651321722
18,729,0.23210427446547
1,730,0.23990959915705
2,730,0.252932791701984
3,730,0.244891463032924
4,730,0.258982734711841
5,730,0.243601101117907
6,730,0.250970355313271
7,730,0.251119377671508
8,730,0.255329836276593
9,730,0.241478001649026
10,730,0.241681775392732
11,730,0.239277243849589
12,730,0.227136319654761
13,730,0.242454040521057
14,730,0.245497054031817
15,730,0.237306334560504
16,730,0.258146595523227
17,730,0.258872056975029
18,730,0.25324788906984
1,731,0.23106159155746
2,731,0.226025762005243
3,731,0.257057582636131
4,731,0.231247701925691
5,731,0.24335414847848
6,731,0.227559353549965
7,731,0.226758198598633
8,731,0.238245067679323
9,731,0.236252178100636
10,731,0.227130251456052
11,731,0.256665448516374
12,731,0.25720755749871
13,731,0.229430679062149
14,731,0.248431317851879
15,731,0.245344895519316
16,731,0.258140368262772
17,731,0.229840504370164
18,731,0.245826858267188
1,732,0.244630421559792
2,732,0.234771474012174
3,732,0.255645579156931
4,732,0.251548695601756
5,732,0.24065425805538
6,732,0.240164300407283
7,732,0.255075058930321
8,732,0.246034956894815
9,732,0.252844487194903
10,732,0.229683137980988
11,732,0.257036386360647
12,732,0.229887406145222
13,732,0.257803882056847
14,732,0.232774266574066
15,732,0.255450541512342
16,732,0.256455525221769
17,732,0.248816776194377
18,732,0.260958384332713
1,733,0.244369166678749
2,733,0.23863378760661
3,733,0.245415797038237
4,733,0.256027131371899
5,733,0.248463527036598
6,733,0.226056365936762
7,733,0.232437670616433
8,733,0.235347215496236
9,733,0.235665478371317
10,733,0.238168132570805
11,733,0.236823078171816
12,733,0.240780013939599
13,733,0.236502698151395
14,733,0.249499744918663
15,733,0.239620321530616
16,733,0.234014539750293
17,733,0.242725416582776
18,733,0.228595870380756
1,734,0.23346778567438
2,734,0.255279154961696
3,734,0.226445579632651
4,734,0.244858950702706
5,734,0.260236283753999
6,734,0.22852788438811
7,734,0.233249014899135
8,734,0.242719512416748
9,734,0.255631840896327
10,734,0.231921162629966
11,734,0.235394133023452
12,734,0.259299154291162
13,734,0.250197681940859
14,734,0.257852479034569
15,734,0.24159514891007
16,734,0.226026312556583
17,734,0.251417168242857
18,734,0.25897130282619
1,735,0.227128106864635
2,735,0.233210410077823
3,735,0.246787699379725
4,735,0.242938425311819
5,735,0.241422916208627
6,735,0.241835413793102
7,735,0.258106554232305
8,735,0.243419331214624
9,735,0.238957032873528
10,735,0.254375841998495
11,735,0.238214495064691
12,735,0.22845311845676
13,735,0.227153636735398
14,735,0.259000449328683
15,735,0.245782930325018
16,735,0.255450156370876
17,735,0.251620379545726
18,735,0.260337424288969
1,736,0.240254171508364
2,736,0.254289973322535
3,736,0.235794458647957
4,736,0.245097666227026
5,736,0.248424520539353
6,736,0.257802634368651
7,736,0.230052349566482
8,736,0.254382614977891
9,736,0.247823008737993
10,736,0.249377027375391
11,736,0.255551324954955
12,736,0.228511046717409
13,736,0.241214687953703
14,736,0.252297794383718
15,736,0.238211505406303
16,736,0.227858407708351
17,736,0.238722132378258
18,736,0.252791115015512
1,737,0.250027127532754
2,737,0.251744184379
3,737,0.229553135639522
4,737,0.243676511917962
5,737,0.232992849130183
6,737,0.230662435381906
7,737,0.228369154023472
8,737,0.233548908077879
9,737,0.239816749064717
10,737,0.259370810642373
11,737,0.242972295310115
12,737,0.234008009727346
13,737,0.244700644888449
14,737,0.253627333934652
15,737,0.241166394390399
16,737,0.233605380131863
17,737,0.227178783078212
18,737,0.242051211819286
1,738,0.229527769068023
2,738,0.246848872315837
3,738,0.239427597807022
4,738,0.247277463332517
5,738,0.247302802058635
6,738,0.226328231725143
7,738,0.24610917477659
8,738,0.25489585741912
9,738,0.231150414215168
10,738,0.256445570225129
11,738,0.255628662709147
12,738,0.235123102979502
13,738,0.244133186904015
14,738,0.230210841195891
15,738,0.238721046995139
16,738,0.241041543468833
17,738,0.247206698946189
18,738,0.256085102692246
1,739,0.254108919510851
2,739,0.233904350656318
3,739,0.251425092824735
4,739,0.244064259245293
5,739,0.238112414322328
6,739,0.231240796727594
7,739,0.230157567815855
8,739,0.253980254570721
9,739,0.254206959079253
10,739,0.231726334318751
11,739,0.231179226915352
12,739,0.251696701469133
13,739,0.234617537836544
14,739,0.243356703334954
15,739,0.256589315798134
16,739,0.228482200263767
17,739,0.236466430720408
18,739,0.24735872004088
1,740,0.239967051251093
2,740,0.238940519715194
3,740,0.249867211967008
4,740,0.259964067042107
5,740,0.257818136381917
6,740,0.239442002433585
7,740,0.231688282037154
8,740,0.230437181864632
9,740,0.252996010593139
10,740,0.260940040297806
11,740,0.243100084306439
12,740,0.236956868039211
13,740,0.258282407737803
14,740,0.257888130469015
15,740,0.255106807211647
16,740,0.232774878186407
17,740,0.242852188273333
18,740,0.246251224258682
1,741,0.233882084921002
2,741,0.23371344564273
3,741,0.229398288153112
4,741,0.232575030209497
5,741,0.231469103523064
6,741,0.24887139979424
7,741,0.237520327550825
8,741,0.247686562329996
9,741,0.229976248800755
10,741,0.23448480073153
11,741,0.241503882068442
12,741,0.245230113110971
13,741,0.236362394045806
14,741,0.238829732414102
15,741,0.260161377096316
16,741,0.248376776329475
17,741,0.256249753464013
18,741,0.246012660103384
1,742,0.250302996520419
2,742,0.236347462141654
3,742,0.236088893700158
4,742,0.258583190404112
5,742,0.260235061662039
6,742,0.253233506812481
7,742,0.239658651337028
8,742,0.256858250577003
9,742,0.242985389068723
10,742,0.241247175624827
11,742,0.226937631005654
12,742,0.238042545168661
13,742,0.256210132600041
14,742,0.257721716123866
15,742,0.242735604651039
16,742,0.239328959648497
17,742,0.231422462860588
18,742,0.231815331179183
1,743,0.243392085866304
2,743,0.252205414924771
3,743,0.256076228433754
4,743,0.243257199435262
5,743,0.244638960443204
6,743,0.232515409370186
7,743,0.247672265157104
8,743,0.233615263824118
9,743,0.25593832506123
10,743,0.246632585157873
11,743,0.232285659887362
12,743,0.228999305552803
13,743,0.240054995593615
14,743,0.229149954237742
15,743,0.252425002831966
16,743,0.242938355482416
17,743,0.228852084049955
18,743,0.258446430647979
1,744,0.256953914837446
2,744,0.257810854044743
3,744,0.230919120328268
4,744,0.230172969774809
5,744,0.247207536850125
6,744,0.235015453079483
7,744,0.245962782466318
8,744,0.237472915986087
9,744,0.235665494579822
10,744,0.236421507727588
11,744,0.246497642318951
12,744,0.252786389669869
13,744,0.240832207534928
14,744,0.229306707425509
15,744,0.25450134733133
16,744,0.229825421235524
17,744,0.229124559747521
18,744,0.234436612690566
1,745,0.257598118081456
2,745,0.25666901439568
3,745,0.240007007938344
4,745,0.247461742587853
5,745,0.234018850422232
6,745,0.25025353740342
7,745,0.231036586910719
8,745,0.246759525517933
9,745,0.256096854363801
10,745,0.239090036428766
11,745,0.228168388575083
12,745,0.256129845859483
13,745,0.245420310923597
14,745,0.26062149376981
15,745,0.235643582897261
16,745,0.241541604744503
17,745,0.233738191075623
18,745,0.238771751852706
1,746,0.241265099534299
2,746,0.249262197083095
3,746,0.244320281060878
4,746,0.251157912777504
5,746,0.238461904019583
6,746,0.242814484364586
7,746,0.233956486165058
8,746,0.256686144487699
9,746,0.252845498576295
10,746,0.247271798512898
11,746,0.25210061540734
12,746,0.255957569674589
13,746,0.259264268657658
14,746,0.260720301143825
15,746,0.23164877663739
16,746,0.236912804871332
17,746,0.231484407130862
18,746,0.242306149417069
1,747,0.233261704643024
2,747,0.237151988339843
3,747,0.230396541184979
4,747,0.236152381730732
5,747,0.260173280259129
6,747,0.232563338612905
7,747,0.2262115532069
8,747,0.243450962141156
9,747,0.228765132745262
10,747,0.229947733737295
11,747,0.233833924138686
12,747,0.227315343679162
13,747,0.240185742898844
14,747,0.243207868943224
15,747,0.241441758037778
16,747,0.232548261092976
17,747,0.255571575481677
18,747,0.229158697165782
1,748,0.257495336543303
2,748,0.236741636406165
3,748,0.231208428855985
4,748,0.235032961769262
5,748,0.246616675927304
6,748,0.242271959478036
7,748,0.22759968326916
8,748,0.22842309303605
9,748,0.254478625745047
10,748,0.255169399430975
11,748,0.232684333091835
12,748,0.237211937806802
13,748,0.249512431459967
14,748,0.258622613970889
15,748,0.231595692144707
16,748,0.260047448189231
17,748,0.243735863821581
18,748,0.243159457356902
1,749,0.243396331581986
2,749,0.244926242198795
3,749,0.230959061124828
4,749,0.260393737158971
5,749,0.24867592371325
6,749,0.233202268143883
7,749,0.260981568729272
8,749,0.229409256926971
9,749,0.243784228876699
10,749,0.259570376001298
11,749,0.237851865786593
12,749,0.228216805531643
13,749,0.236612393240444
14,749,0.234838791226735
15,749,0.238573262774386
16,749,0.234315237788484
17,749,0.245845898648491
18,749,0.235164284170838
1,750,0.23270851389179
2,750,0.235584107038099
3,750,0.258758252023486
4,750,0.258362283805851
5,750,0.251428929383634
6,750,0.249306843455648
7,750,0.25477363654552
8,750,0.230569763249019
9,750,0.258086891832296
10,750,0.246008689581882
11,750,0.230830022191163
12,750,0.229630346585996
13,750,0.232103974049911
14,750,0.247790216560476
15,750,0.248006032604259
16,750,0.233137266586069
17,750,0.237047798038926
18,750,0.234385329102166
1,751,0.250338324314449
2,751,0.226497921801871
3,751,0.242526720819529
4,751,0.232596984788775
5,751,0.252596055710688
6,751,0.22798425777955
7,751,0.227890676666517
8,751,0.23272472132952
9,751,0.252561323222704
10,751,0.245482233020244
11,751,0.22713680229988
12,751,0.248885758777848
13,751,0.243244040060323
14,751,0.234301297194557
15,751,0.249835036446108
16,751,0.228093966787215
17,751,0.233467196309008
18,751,0.252831450553145
1,752,0.258664919033414
2,752,0.24687514200015
3,752,0.246521728076274
4,752,0.255440538868075
5,752,0.227880385023542
6,752,0.241934466486797
7,752,0.258929717791267
8,752,0.244045241648797
9,752,0.24776805398427
10,752,0.239749861705583
11,752,0.239692363724113
12,752,0.26060815067403
13,752,0.252802086299285
14,752,0.240060010475805
15,752,0.229696365245851
16,752,0.231023661585292
17,752,0.243523326793453
18,752,0.25180425745924
1,753,0.247401182396803
2,753,0.260172952022636
3,753,0.226061001275899
4,753,0.227486394178355
5,753,0.237930464096367
6,753,0.256814015422948
7,753,0.234571582038421
8,753,0.242178368757246
9,753,0.248361594183603
10,753,0.240294467914151
11,753,0.256351555516245
12,753,0.240731736014364
13,753,0.245554252331145
14,753,0.226005131079815
15,753,0.23339299128647
16,753,0.259267591930926
17,753,0.242428857157007
18,753,0.256008238366572
1,754,0.231466754210647
2,754,0.247245071714511
3,754,0.231481230312726
4,754,0.250470669245347
5,754,0.226215257424861
6,754,0.227147042473312
7,754,0.239897062754259
8,754,0.236090552533511
9,754,0.251258277439279
10,754,0.234571885803249
11,754,0.247244154063752
12,754,0.241631903769681
13,754,0.231151488556294
14,754,0.247104045266984
15,754,0.237190632170765
16,754,0.232763208201155
17,754,0.256481768690515
18,754,0.254440473669907
1,755,0.252955207820283
2,755,0.248367412107997
3,755,0.250682992482558
4,755,0.24734900737321
5,755,0.239091505323537
6,755,0.2576298578633
7,755,0.242764469668269
8,755,0.240946247497574
9,755,0.23064052374824
10,755,0.242235354748787
11,755,0.244043301973958
12,755,0.229997735664016
13,755,0.24899868053291
14,755,0.236026533444179
15,755,0.244264944686089
16,755,0.241649970956147
17,755,0.246474299316993
18,755,0.248085604834137
1,756,0.226283290233929
2,756,0.230251062051626
3,756,0.24744575791317
4,756,0.252550242154626
5,756,0.23901062523271
6,756,0.251341535250191
7,756,0.229624620126793
8,756,0.230970754660899
9,756,0.239353937696666
10,756,0.240371975983959
11,756,0.246136411935091
12,756,0.251378716998966
13,756,0.231938751954818
14,756,0.238784592354437
15,756,0.243797726845602
16,756,0.248789207702735
17,756,0.230173123653745
18,756,0.243569165033055
1,757,0.230889444616856
2,757,0.229690438922495
3,757,0.259781033445848
4,757,0.234662915531313
5,757,0.253319285058184
6,757,0.254617608837085
7,757,0.227999576772796
8,757,0.256871517038904
9,757,0.240212684816448
10,757,0.226811195570277
11,757,0.245326095356373
12,757,0.260219306122977
13,757,0.239273546159035
14,757,0.246512482228223
15,757,0.256215060678311
16,757,0.244697978161508
17,757,0.26058181384136
18,757,0.254969880122459
1,758,0.235845126239816
2,758,0.248738125323085
3,758,0.254030452327803
4,758,0.252770106070908
5,758,0.256389756632503
6,758,0.252088064238429
7,758,0.249018960013287
8,758,0.241258118321653
9,758,0.249833150359569
10,758,0.243607878025156
11,758,0.257147711337544
12,758,0.255286193674197
13,758,0.245184488564497
14,758,0.242759869973175
15,758,0.226838230550289
16,758,0.240978155435529
17,758,0.249542827247875
18,758,0.244755963115254
1,759,0.229461981686996
2,759,0.24602779283328
3,759,0.235457422249252
4,759,0.247161110915709
5,759,0.240187315392774
6,759,0.235246600682382
7,759,0.22659199568117
8,759,0.243338130180724
9,759,0.24095079524233
10,759,0.236760704029817
11,759,0.25443712710659
12,759,0.227547537875595
13,759,0.235334695399739
14,759,0.244917612518417
15,759,0.228400110695744
16,759,0.255135143622989
17,759,0.239347321432084
18,759,0.234263005468762
1,760,0.23591076928447
2,760,0.254316041390644
3,760,0.247771807952318
4,760,0.235806076976238
5,760,0.235349038313376
6,760,0.256253960528644
7,760,0.234454927103594
8,760,0.239362498908537
9,760,0.248389944652095
10,760,0.234910647140583
11,760,0.25014993448765
12,760,0.255859918034635
13,760,0.256586376223946
14,760,0.231305633356329
15,760,0.255982775032986
16,760,0.230693587142974
17,760,0.234961726521375
18,760,0.240534027063055
1,761,0.254609879009891
2,761,0.23202065191837
3,761,0.229242013299605
4,761,0.254101798566058
5,761,0.245725179510424
6,761,0.24003413188993
7,761,0.226820634184638
8,761,0.226562970559113
9,761,0.249000339838909
10,761,0.248234117590124
11,761,0.230953879374079
12,761,0.238970711173257
13,761,0.242470261038048
14,761,0.234416510256939
15,761,0.247278963552322
16,761,0.246945001920918
17,761,0.228338841176825
18,761,0.254948241352337
1,762,0.254537435482722
2,762,0.254733078644145
3,762,0.256224852913525
4,762,0.241620401272317
5,762,0.247323702457594
6,762,0.252641804416431
7,762,0.229793390931096
8,762,0.234315683624242
9,762,0.228408515526913
10,762,0.22988574968325
11,762,0.228322308191797
12,762,0.258338712092023
13,762,0.237468875244027
14,762,0.257658733849181
15,762,0.242012394861318
16,762,0.241303277311614
17,762,0.248330075779464
18,762,0.257364284307929
1,763,0.25354149918328
2,763,0.250166835680371
3,763,0.236572136740666
4,763,0.258762339875335
5,763,0.256260005152086
6,763,0.242989184336271
7,763,0.238452217575628
8,763,0.247157247252995
9,763,0.228334823382553
10,763,0.245816153906286
11,763,0.252678002189146
12,763,0.246784188555554
13,763,0.250893023369368
14,763,0.257357639000053
15,763,0.245143138923682
16,763,0.227197329796851
17,763,0.250092501103878
18,763,0.259535451260395
1,764,0.258327971255872
2,764,0.229618986591464
3,764,0.238973028639099
4,764,0.237183965561213
5,764,0.255531344382558
6,764,0.242932644188637
7,764,0.236180301105138
8,764,0.232031631180085
9,764,0.258093099795748
10,764,0.255266531534959
11,764,0.241198289966211
12,764,0.247711414458696
13,764,0.240278483353555
14,764,0.239053191252984
15,764,0.251635735185351
16,764,0.235562536288286
17,764,0.251485913077137
18,764,0.245996628090739
1,765,0.258382589069894
2,765,0.24593486952153
3,765,0.249828573604114
4,765,0.257017844531452
5,765,0.25551308892807
6,765,0.260746485116193
7,765,0.252355564967962
8,765,0.257016049690079
9,765,0.237046798938187
10,765,0.259064267135924
11,765,0.257411587758921
12,765,0.226376307170372
13,765,0.231826279612957
14,765,0.242501749258023
15,765,0.255626071141101
16,765,0.240646296427818
17,765,0.232487211908679
18,765,0.257575650778832
1,766,0.255266819678014
2,766,0.256500452028355
3,766,0.241939461680828
4,766,0.247262377003441
5,766,0.243989933991339
6,766,0.22709776253812
7,766,0.260064995301887
8,766,0.252982364025898
9,766,0.233824684084626
10,766,0.239122146219248
11,766,0.255839393283473
12,766,0.25309798881202
13,766,0.234698169885902
14,766,0.228872628008481
15,766,0.243848121484276
16,766,0.235227644203929
17,766,0.241781834032387
18,766,0.238793578524143
1,767,0.260086333615705
2,767,0.242395440426422
3,767,0.257442180387676
4,767,0.231018800867256
5,767,0.244551490547834
6,767,0.226616751308553
7,767,0.245369249845622
8,767,0.233640808159485
9,767,0.244639714729507
10,767,0.236398314244812
11,767,0.228941854257369
12,767,0.236860750348074
13,767,0.227612939438783
14,767,0.254844197555445
15,767,0.240902053382248
16,767,0.237710050085094
17,767,0.24065371083701
18,767,0.23860436387267
1,768,0.234181971865706
2,768,0.23269003598392
3,768,0.232513899094425
4,768,0.251148804298369
5,768,0.242765034944983
6,768,0.231528319777222
7,768,0.259696965820855
8,768,0.250076644883025
9,768,0.238697703227168
10,768,0.255859727892326
11,768,0.256456984736957
12,768,0.254961856203387
13,768,0.240094168054871
14,768,0.235647958093556
15,768,0.247753760413267
16,768,0.256123194822809
17,768,0.260480000355979
18,768,0.226769031340024
1,769,0.247559327323921
2,769,0.246640539386077
3,769,0.23504272532789
4,769,0.260098012809409
5,769,0.227538416512776
6,769,0.252229304590961
7,769,0.2366380685966
8,769,0.2454528905896
9,769,0.255428984909318
10,769,0.236684152538888
11,769,0.237228711613221
12,769,0.243029110692674
13,769,0.25373980542901
14,769,0.260587783428142
15,769,0.240175303521333
16,769,0.255821817689808
17,769,0.228813658834202
18,769,0.254339986022329
1,770,0.227014077487634
2,770,0.2584551144219
3,770,0.231466693214839
4,770,0.228044426643988
5,770,0.243603539401898
6,770,0.240262601080118
7,770,0.236838700351305
8,770,0.230545346345985
9,770,0.233544731189264
10,770,0.239320122060832
11,770,0.24474997597537
12,770,0.237991141340695
13,770,0.230803394232877
14,770,0.255574677442433
15,770,0.255176465988858
16,770,0.243863359850599
17,770,0.235623664054088
18,770,0.230379748790525
1,771,0.24108060530643
2,771,0.229980181445368
3,771,0.232408434400801
4,771,0.23068678208068
5,771,0.250780080100754
6,771,0.235722341499291
7,771,0.248613232450094
8,771,0.255905138158938
9,771,0.23748640050902
10,771,0.238439825810725
11,771,0.226855979922926
12,771,0.245690298024798
13,771,0.245724011349026
14,771,0.231652413764037
15,771,0.249270920233335
16,771,0.247641984287417
17,771,0.250089492906351
18,771,0.228468354688026
1,772,0.25585574984923
2,772,0.243821539348224
3,772,0.233215802775463
4,772,0.25762344375276
5,772,0.234054946796037
6,772,0.232303866634844
7,772,0.229514769822359
8,772,0.246416731465375
9,772,0.254155010184273
10,772,0.226795780963963
11,772,0.237301796293119
12,772,0.250790648543276
13,772,0.233437845851528
14,772,0.252626939815469
15,772,0.242855777882738
16,772,0.255547953373985
17,772,0.240849530271022
18,772,0.250589199738111
1,773,0.235191164016956
2,773,0.260375951914117
3,773,0.260138173288666
4,773,0.246818401589058
5,773,0.234032354437746
6,773,0.242843923288397
7,773,0.256560188991949
8,773,0.23756359084649
9,773,0.251401497168932
10,773,0.242494291292038
11,773,0.259786996040726
12,773,0.25043724594661
13,773,0.245031063360162
14,773,0.25115375969233
15,773,0.243626056976151
16,773,0.240209369814489
17,773,0.235410978720989
18,773,0.226398010619683
1,774,0.230015170376515
2,774,0.244179631695384
3,774,0.239351173294941
4,774,0.25183355704206
5,774,0.235679162261309
6,774,0.227968245805474
7,774,0.236602534019854
8,774,0.24638928610622
9,774,0.24858776347735
10,774,0.230227316183969
11,774,0.23745816574106
12,774,0.241209393354598
13,774,0.226011211583624
14,774,0.234283114715014
15,774,0.240602873149561
16,774,0.24415222515841
17,774,0.246112918134546
18,774,0.251042764068348
1,775,0.242514033137355
2,775,0.235648435718846
3,775,0.246287927477621
4,775,0.255239397690399
5,775,0.237418078790884
6,775,0.254076558900066
7,775,0.255034105301835
8,775,0.257790209917817
9,775,0.238856464900542
10,775,0.232541847332846
11,775,0.237312322058948
12,775,0.232725574064767
13,775,0.254785752407275
14,775,0.257093210430117
15,775,0.256923322860617
16,775,0.240933152614394
17,775,0.237817461184692
18,775,0.241020706787473
1,776,0.24173645886383
2,776,0.2349648581855
3,776,0.2343580714243
4,776,0.24028244980867
5,776,0.245308256107615
6,776,0.240105428924086
7,776,0.259578165292274
8,776,0.236824113438139
9,776,0.254334229965694
10,776,0.242840622131713
11,776,0.25192603945639
12,776,0.250872761189472
13,776,0.249786532237427
14,776,0.253456827133428
15,776,0.240567232512636
16,776,0.257992975001922
17,776,0.227675061929273
18,776,0.231707069732016
1,777,0.253057820028858
2,777,0.24580058678193
3,777,0.245515974181704
4,777,0.257910698926076
5,777,0.236568459267961
6,777,0.234678278586594
7,777,0.257679153729929
8,777,0.254207453833893
9,777,0.254039053926477
10,777,0.227998805047479
11,777,0.257039854141418
12,777,0.24891004091152
13,777,0.25304090844607
14,777,0.235255635053851
15,777,0.233804665839067
16,777,0.232959782638587
17,777,0.239978269712534
18,777,0.252899183223723
1,778,0.226981327489717
2,778,0.238902233107015
3,778,0.240709376931423
4,778,0.231426847379422
5,778,0.227319694558624
6,778,0.240287394861458
7,778,0.245063773134258
8,778,0.232865720241331
9,778,0.245646720085293
10,778,0.226818130031694
11,778,0.235386755187297
12,778,0.255388902009232
13,778,0.243175438494887
14,778,0.242146272241604
15,778,0.227848957163747
16,778,0.229276611947222
17,778,0.248670316532021
18,778,0.235616950872587
1,779,0.260000077540986
2,779,0.254004643449094
3,779,0.251422987813363
4,779,0.24018236441561
5,779,0.259543801908381
6,779,0.260400215003407
7,779,0.241456612126436
8,779,0.241116250832798
9,779,0.239736703650793
10,779,0.253705797629897
11,779,0.256604361732258
12,779,0.257683401825139
13,779,0.250267632438568
14,779,0.226020213432144
15,779,0.253595575695159
16,779,0.255036494226893
17,779,0.241617092594039
18,779,0.231146990300855
1,780,0.242835190131096
2,780,0.232792524318444
3,780,0.246956110964762
4,780,0.24646819574316
5,780,0.244107956283493
6,780,0.255946140421089
7,780,0.253498030522838
8,780,0.227414329403779
9,780,0.238475957787829
10,780,0.256789458795916
11,780,0.232255827583373
12,780,0.22904858456715
13,780,0.258567782064434
14,780,0.230422274611425
15,780,0.234060531934025
16,780,0.256265307769878
17,780,0.247471043678466
18,780,0.236066168438643
1,781,0.227098493045429
2,781,0.253456251800759
3,781,0.235095952950884
4,781,0.255323917556321
5,781,0.260729420110816
6,781,0.25642919671745
7,781,0.244775448566303
8,781,0.238997296079993
9,781,0.253750661819009
10,781,0.248385793979047
11,781,0.250726953575155
12,781,0.243565896179294
13,781,0.228724626590498
14,781,0.253557660187595
15,781,0.254172520666849
16,781,0.241428687186213
17,781,0.231371216668282
18,781,0.260076675375691
1,782,0.252671512267785
2,782,0.259200616252143
3,782,0.229989409601782
4,782,0.256741612054408
5,782,0.243059412513627
6,782,0.257189054051647
7,782,0.250571256384952
8,782,0.260618579286616
9,782,0.239026303054066
10,782,0.248104676214512
11,782,0.241486235227436
12,782,0.236179911612067
13,782,0.251083161750808
14,782,0.229039075259585
15,782,0.252750723876758
16,782,0.252217400784371
17,782,0.258741754364688
18,782,0.241144429714419
1,783,0.260917186305393
2,783,0.245242662845645
3,783,0.241929163779365
4,783,0.248517684591003
5,783,0.257785322446376
6,783,0.232288301653694
7,783,0.252450838700403
8,783,0.249974458194571
9,783,0.244475828951923
10,783,0.240878018206218
11,783,0.242762569320854
12,783,0.255564677373273
13,783,0.23158176376624
14,783,0.247069917383138
15,783,0.255370792480186
16,783,0.239224841654301
17,783,0.255754959846614
18,783,0.244362744036131
1,784,0.236774752933066
2,784,0.257006344250636
3,784,0.230018940854585
4,784,0.236996058232849
5,784,0.243922851021867
6,784,0.251410619452596
7,784,0.256380573646398
8,784,0.235132969224593
9,784,0.259569550809916
10,784,0.260706258979859
11,784,0.236112331695855
12,784,0.25672397462558
13,784,0.241825934433378
14,784,0.239806052975124
15,784,0.259483279186767
16,784,0.255847953403369
17,784,0.238022092789412
18,784,0.232805386292981
1,785,0.231466336652171
2,785,0.251953913350822
3,785,0.24827327898494
4,785,0.2267365832082
5,785,0.260695155835943
6,785,0.231145126265706
7,785,0.233909174890956
8,785,0.249854245676193
9,785,0.237132661045995
10,785,0.260084649014985
11,785,0.242052025675308
12,785,0.255845823178766
13,785,0.244324425149476
14,785,0.247468661468243
15,785,0.238204276298871
16,785,0.254233702200232
17,785,0.249933106475743
18,785,0.232315229204483
1,786,0.23495591098466
2,786,0.251283678611741
3,786,0.241625530339312
4,786,0.226022701564012
5,786,0.25226631849329
6,786,0.250373622527346
7,786,0.245336529567372
8,786,0.245317974112928
9,786,0.252419497000752
10,786,0.243080970127136
11,786,0.22887583423662
12,786,0.237687958935509
13,786,0.233112120683305
14,786,0.239756738544907
15,786,0.241347105631372
16,786,0.250491291117156
17,786,0.228019159222255
18,786,0.227182768414728
1,787,0.246144620080246
2,787,0.239683798079146
3,787,0.254756446549669
4,787,0.253314941545483
5,787,0.241672475304455
6,787,0.229747085089562
7,787,0.227766148065217
8,787,0.233230842654826
9,787,0.240073471830925
10,787,0.246831341493176
11,787,0.229387467708671
12,787,0.232909905001521
13,787,0.239838139491854
14,787,0.237306782816537
15,787,0.228822334654629
16,787,0.242010919691762
17,787,0.226718932170421
18,787,0.245750497309724
1,788,0.254099103765562
2,788,0.230302697533276
3,788,0.247086254635593
4,788,0.243412200287217
5,788,0.230275947216665
6,788,0.243568379658042
7,788,0.228763818397652
8,788,0.240429281785851
9,788,0.229838330327999
10,788,0.258485973174917
11,788,0.236348824528046
12,788,0.241567222291138
13,788,0.25698210467957
14,788,0.242095164510189
15,788,0.248675001686439
16,788,0.254557599287014
17,788,0.231921373495366
18,788,0.249766983598471
1,789,0.255256893553538
2,789,0.260051419126336
3,789,0.228872432748554
4,789,0.241411348510534
5,789,0.259364395676181
6,789,0.229247263095109
7,789,0.24003875577962
8,789,0.22849483400723
9,789,0.258339404975064
10,789,0.248342887734994
11,789,0.231411986372201
12,789,0.259474862938747
13,789,0.24307516829716
14,789,0.230861172143137
15,789,0.236671050411183
16,789,0.240232048023259
17,789,0.248169000396971
18,789,0.240593848622171
1,790,0.231807894612662
2,790,0.25708575116843
3,790,0.229861435735598
4,790,0.231232671825215
5,790,0.231989631349221
6,790,0.260122356004082
7,790,0.259645244317595
8,790,0.231031816867413
9,790,0.246821403617738
10,790,0.235340550035704
11,790,0.255685624155682
12,790,0.237888280373532
13,790,0.233803319001105
14,790,0.255154415886151
15,790,0.241948284991318
16,790,0.239915556397988
17,790,0.242216067752102
18,790,0.227214053315343
1,791,0.239698975050356
2,791,0.256833442135481
3,791,0.241569684060756
4,791,0.243768968516029
5,791,0.247571420539403
6,791,0.251464601329295
7,791,0.233492128591985
8,791,0.258230860274285
9,791,0.253280199319357
10,791,0.239701487482758
11,791,0.25972912689345
12,791,0.229571124847513
13,791,0.242656464566477
14,791,0.227006473319139
15,791,0.250445014514495
16,791,0.239418257812737
17,791,0.246417280362453
18,791,0.23032431748719
1,792,0.242985724802362
2,792,0.248372929062694
3,792,0.24955113256257
4,792,0.230804485654458
5,792,0.24269974255492
6,792,0.228885356827173
7,792,0.232730665523792
8,792,0.25647405723948
9,792,0.242260182919214
10,792,0.24228257252858
11,792,0.257086709385272
12,792,0.258802897678921
13,792,0.251047347473446
14,792,0.241789948063903
15,792,0.248880155548919
16,792,0.233390388839412
17,792,0.241913833124796
18,792,0.244391823716229
1,793,0.250844262733823
2,793,0.250809694172582
3,793,0.226742022412596
4,793,0.245987220483599
5,793,0.242541571151465
6,793,0.247346863547806
7,793,0.228348824499641
8,793,0.231737853782484
9,793,0.237989995173644
10,793,0.231935094610322
11,793,0.228824956553523
12,793,0.242183875851566
13,793,0.257412961195456
14,793,0.232923587155761
15,793,0.234592580633704
16,793,0.249811587546952
17,793,0.236939037925564
18,793,0.242137345356401
1,794,0.257207480840385
2,794,0.24126158174267
3,794,0.253718694531359
4,794,0.241903899120167
5,794,0.238808656337438
6,794,0.233303763391683
7,794,0.226759511732031
8,794,0.255731473298743
9,794,0.25395473029837
10,794,0.244343257313827
11,794,0.23840556708537
12,794,0.239515604946297
13,794,0.23440423179674
14,794,0.255463434363715
15,794,0.236320005292306
16,794,0.246110092052491
17,794,0.230601336121559
18,794,0.258514512644848
1,795,0.228728800137993
2,795,0.226755808638642
3,795,0.23144980220031
4,795,0.230550712510245
5,795,0.256121928481385
6,795,0.249906652573496
7,795,0.231177973873215
8,795,0.236344604074489
9,795,0.23905570769473
10,795,0.251982623723103
11,795,0.250500458481489
12,795,0.248834685345879
13,795,0.249522723241476
14,795,0.234610074174358
15,795,0.226897649488179
16,795,0.259648996884003
17,795,0.258483204348246
18,795,0.253844615092035
1,796,0.245971532769268
2,796,0.233931453762576
3,796,0.255444490605965
4,796,0.234134105468635
5,796,0.232100644371472
6,796,0.247933314461494
7,796,0.237444775967393
8,796,0.226949709642446
9,796,0.23978965939628
10,796,0.23861062280857
11,796,0.25199950412754
12,796,0.237918909689412
13,796,0.229885911580874
14,796,0.239705641366541
15,796,0.237056711005513
16,796,0.260819482038729
17,796,0.251692400282715
18,796,0.238232061286923
1,797,0.256207357278559
2,797,0.254447763504228
3,797,0.232393061208073
4,797,0.227896325709531
5,797,0.258236462957226
6,797,0.228001170625445
7,797,0.241653798575513
8,797,0.257066443359014
9,797,0.240829325990286
10,797,0.243464757200796
11,797,0.252236239606515
12,797,0.239454263414023
13,797,0.254333530604141
14,797,0.235119077916257
15,797,0.233844262557337
16,797,0.238113392667379
17,797,0.254222784301033
18,797,0.233202496668324
1,798,0.231996186544653
2,798,0.23728574305214
3,798,0.253970047979616
4,798,0.2499412640722
5,798,0.236426917627919
6,798,0.233350376053946
7,798,0.23354836937529
8,798,0.257158745434368
9,798,0.255932153678965
10,798,0.236984917472815
11,798,0.249832263748627
12,798,0.227151452278718
13,798,0.22990658663353
14,798,0.241824637239566
15,798,0.254276938473573
16,798,0.250168258280261
17,798,0.239809965776745
18,798,0.254129091447918
1,799,0.251029485782143
2,799,0.227625080570811
3,799,0.249667590958066
4,799,0.238274866857333
5,799,0.231811163034523
6,799,0.257017325419234
7,799,0.241900216578739
8,799,0.254222678436432
9,799,0.24317263615923
10,799,0.252545311256777
11,799,0.237623208898818
12,799,0.236916177650215
13,799,0.226807022519875
14,799,0.234010430906434
15,799,0.236704514976824
16,799,0.244865307248197
17,799,0.250081081433687
18,799,0.25045715708076
1,800,0.255155143891694
2,800,0.238669283377472
3,800,0.256587448935257
4,800,0.24165857809619
5,800,0.252681031492772
6,800,0.254859783879016
7,800,0.240702936727554
8,800,0.252968640107662
9,800,0.238766769941663
10,800,0.240932748241117
11,800,0.235824531333288
12,800,0.234425398002146
13,800,0.254912611056585
14,800,0.253592210266739
15,800,0.235558425464202
16,800,0.243498660748824
17,800,0.246322162912926
18,800,0.240344633319415
1,801,0.254817482410232
2,801,0.2517967450656
3,801,0.248408270180458
4,801,0.242243289900012
5,801,0.246092609113781
6,801,0.259710240651853
7,801,0.237805471543921
8,801,0.229576267776079
9,801,0.23026339247846
10,801,0.229016762528569
11,801,0.239684675066033
12,801,0.229280200839508
13,801,0.232857465410139
14,801,0.259850216406863
15,801,0.245440489779227
16,801,0.236799886017339
17,801,0.243940103806322
18,801,0.248044164176332
1,802,0.238888361071236
2,802,0.229211517864838
3,802,0.251165739863878
4,802,0.234776683689794
5,802,0.258448958702153
6,802,0.247023907377385
7,802,0.244274680766044
8,802,0.253549817895051
9,802,0.250701480935328
10,802,0.258755564003019
11,802,0.231334773005452
12,802,0.237817016106797
13,802,0.242105986478506
14,802,0.245132659289753
15,802,0.243932406681357
16,802,0.254383667455055
17,802,0.24968350744131
18,802,0.22962057229504
1,803,0.248740573956398
2,803,0.241302241694881
3,803,0.245916702264454
4,803,0.242804171419935
5,803,0.248829911236186
6,803,0.260688087941613
7,803,0.232568358164513
8,803,0.240805266301846
9,803,0.24614987092698
10,803,0.24701167140645
11,803,0.227813214035938
12,803,0.253333361798665
13,803,0.25465084940102
14,803,0.233475678971969
15,803,0.252355956229381
16,803,0.248923462491017
17,803,0.242808835892007
18,803,0.244155332016759
1,804,0.259400078557897
2,804,0.230678482714808
3,804,0.236211790351896
4,804,0.240086852534674
5,804,0.257443152335705
6,804,0.25341658513085
7,804,0.252543727403041
8,804,0.250256202011602
9,804,0.260500381610123
10,804,0.254255323686171
11,804,0.257422471073456
12,804,0.23851546320389
13,804,0.253188360966975
14,804,0.230423010407481
15,804,0.251199004834285
16,804,0.252948049886851
17,804,0.250616351681761
18,804,0.2271834597087
1,805,0.25421250801906
2,805,0.232249503837898
3,805,0.253207773337141
4,805,0.234952961664181
5,805,0.256975107087288
6,805,0.260052691155812
7,805,0.241546137739439
8,805,0.256202239278005
9,805,0.259657502649585
10,805,0.240604008030146
11,805,0.243141878495459
12,805,0.260382083390374
13,805,0.229353395466693
14,805,0.229167524127057
15,805,0.25746081016981
16,805,0.238758895647712
17,805,0.228710352666909
18,805,0.226180013501085
1,806,0.244035009991145
2,806,0.231981304415036
3,806,0.232933865116443
4,806,0.243790428454755
5,806,0.257657158226008
6,806,0.237295420100214
7,806,0.252146613988094
8,806,0.244535340536619
9,806,0.234658864562167
10,806,0.230641991885146
11,806,0.25598839851236
12,806,0.249379744708072
13,806,0.246518993915757
14,806,0.244986406499753
15,806,0.252507212566212
16,806,0.248785077679437
17,806,0.254665707376786
18,806,0.240136382516008
1,807,0.236711052798433
2,807,0.253122569429921
3,807,0.24718947967072
4,807,0.253658623186871
5,807,0.226201368333073
6,807,0.253304370951606
7,807,0.238694870731793
8,807,0.241126235377975
9,807,0.254046101602959
10,807,0.242273668159265
11,807,0.255605189085705
12,807,0.229825962325791
13,807,0.251337425705511
14,807,0.242002731308108
15,807,0.246912166569615
16,807,0.257453555457992
17,807,0.253053139633499
18,807,0.245988361744909
1,808,0.232185101334704
2,808,0.251941849683877
3,808,0.234750559922773
4,808,0.243753397260094
5,808,0.232326029748889
6,808,0.239226231723093
7,808,0.248313923054608
8,808,0.245473511670949
9,808,0.244376028874191
10,808,0.242704951572465
11,808,0.248861259960337
12,808,0.231807713654358
13,808,0.248822275049984
14,808,0.241853835896123
15,808,0.256703230297659
16,808,0.230913351950236
17,808,0.259573538053315
18,808,0.226727259797277
1,809,0.229333552849945
2,809,0.256301735696848
3,809,0.249384576227982
4,809,0.258125401553931
5,809,0.235504703689599
6,809,0.25888657365134
7,809,0.258229574839585
8,809,0.231810673462693
9,809,0.252524251372321
10,809,0.247741471285932
11,809,0.256915264731739
12,809,0.240223835925804
13,809,0.229786102009472
14,809,0.243629143404774
15,809,0.244647868756671
16,809,0.240544225994032
17,809,0.259131380330306
18,809,0.256291795596713
1,810,0.23276900370745
2,810,0.251281835601199
3,810,0.231593769713305
4,810,0.234825254647527
5,810,0.241504550618352
6,810,0.25923886570055
7,810,0.234819293120177
8,810,0.233157299907412
9,810,0.25391746731149
10,810,0.229951205128105
11,810,0.237776255823206
12,810,0.228742634688038
13,810,0.24060761662689
14,810,0.247584265792044
15,810,0.229104153451277
16,810,0.236496948288055
17,810,0.248340900681447
18,810,0.235634197773412
1,811,0.252247289748862
2,811,0.227103464908665
3,811,0.229486917922273
4,811,0.233198718244908
5,811,0.258424447881058
6,811,0.242061602913542
7,811,0.232178218302084
8,811,0.228106808103854
9,811,0.249650200348347
10,811,0.229547382182442
11,811,0.245912616123911
12,811,0.229134817938553
13,811,0.232683065308025
14,811,0.249598897112533
15,811,0.236164326461963
16,811,0.252484856278403
17,811,0.2550041380818
18,811,0.229231878045481
1,812,0.242580577453133
2,812,0.251150406976463
3,812,0.241241614322877
4,812,0.230335930070374
5,812,0.254820965340128
6,812,0.254935537013458
7,812,0.248690064220224
8,812,0.238547892103903
9,812,0.240232091718586
10,812,0.253156071652425
11,812,0.246144786117598
12,812,0.251948283645557
13,812,0.229200415641768
14,812,0.244946079013404
15,812,0.247102034418145
16,812,0.233755778681021
17,812,0.260501681876136
18,812,0.259198116850108
1,813,0.240404370641569
2,813,0.256587870120071
3,813,0.236092050235253
4,813,0.254459817905678
5,813,0.25803943464905
6,813,0.249756874030223
7,813,0.253929813897936
8,813,0.228293606693856
9,813,0.258267978460295
10,813,0.226517728171544
11,813,0.251312337090727
12,813,0.231662796749966
13,813,0.249064168435521
14,813,0.248678338870173
15,813,0.252409006186295
16,813,0.240855184358312
17,813,0.232861011234578
18,813,0.228102143012453
1,814,0.247212904652348
2,814,0.232890260782093
3,814,0.249455053506186
4,814,0.255877568950178
5,814,0.259915748127038
6,814,0.228379597076215
7,814,0.254150991966249
8,814,0.232864003525116
9,814,0.25922030661162
10,814,0.234142344995867
11,814,0.244318923743209
12,814,0.242058788541704
13,814,0.233003283553058
14,814,0.228378170491429
15,814,0.233272229561349
16,814,0.255188706213608
17,814,0.229454510984011
18,814,0.260320090233814
1,815,0.227267986745806
2,815,0.248538791951956
3,815,0.238356037984136
4,815,0.243015280380147
5,815,0.237035909519997
6,815,0.260688355956459
7,815,0.258262450194685
8,815,0.240181845987914
9,815,0.227818395868177
10,815,0.234359355824068
11,815,0.245710204106523
12,815,0.24545091147325
13,815,0.237701800958253
14,815,0.254256990350783
15,815,0.252057252823375
16,815,0.254120667637559
17,815,0.253307699309895
18,815,0.241739891000558
1,816,0.233017856686143
2,816,0.252509464619448
3,816,0.241138224978
4,816,0.233929129516706
5,816,0.240507914003916
6,816,0.252003739004955
7,816,0.231122568809893
8,816,0.235208180421265
9,816,0.245140527333366
10,816,0.252038714229362
11,816,0.238518807403976
12,816,0.243665112433024
13,816,0.235027994534699
14,816,0.233749716708204
15,816,0.231405368983047
16,816,0.244831837858306
17,816,0.244311857348308
18,816,0.227652982253581
1,817,0.244599600683665
2,817,0.243318961101118
3,817,0.235090980060864
4,817,0.237599820025731
5,817,0.259081718073226
6,817,0.237453237190144
7,817,0.230298849011539
8,817,0.23508074815874
9,817,0.24087229416729
10,817,0.256917997767683
11,817,0.234173476115335
12,817,0.229438394897385
13,817,0.254140336051583
14,817,0.236411415687995
15,817,0.256370839530369
16,817,0.229190093480516
17,817,0.226242325082654
18,817,0.235795077863382
1,818,0.235830865794793
2,818,0.231430389504181
3,818,0.226997235554969
4,818,0.233598351752385
5,818,0.259840528170113
6,818,0.234965934107546
7,818,0.24543830142729
8,818,0.233912444429239
9,818,0.249436402813531
10,818,0.252139943206217
11,818,0.243732710904675
12,818,0.234836311146151
13,818,0.228091165551683
14,818,0.233803091764217
15,818,0.227978339051129
16,818,0.244432521732757
17,818,0.254383421874605
18,818,0.245460520118009
1,819,0.248446798270103
2,819,0.240638780978275
3,819,0.234145854923641
4,819,0.236474115890684
5,819,0.228679132632911
6,819,0.253790621782187
7,819,0.252448039909592
8,819,0.232100882218452
9,819,0.232388307837769
10,819,0.258153235933511
11,819,0.239387889454607
12,819,0.24501205477654
13,819,0.253466087323846
14,819,0.242607241528109
15,819,0.232595871568425
16,819,0.231310975546017
17,819,0.229245120565407
18,819,0.25373243001313
1,820,0.260067645306932
2,820,0.228194118880434
3,820,0.236519974714844
4,820,0.236409000596264
5,820,0.259721134111984
6,820,0.247515083482955
7,820,0.237218793654116
8,820,0.228020725131733
9,820,0.249287929368671
10,820,0.23533429886587
11,820,0.250485188284889
12,820,0.256832143580774
13,820,0.230184732154245
14,820,0.258219791226089
15,820,0.234068165308796
16,820,0.233142831335077
17,820,0.259915264984826
18,820,0.258061211928958
1,821,0.24316944206506
2,821,0.234705023084767
3,821,0.255944337642519
4,821,0.258574000703171
5,821,0.227769362173509
6,821,0.237341505623423
7,821,0.254861438735621
8,821,0.230318926044507
9,821,0.239333970969543
10,821,0.260476017798297
11,821,0.241055242736125
12,821,0.236699914703146
13,821,0.236344402833143
14,821,0.245718065378256
15,821,0.242486415457912
16,821,0.255441704470664
17,821,0.24616119394917
18,821,0.250068352158647
1,822,0.227453391909599
2,822,0.241139166652225
3,822,0.233398537585977
4,822,0.23285051015229
5,822,0.249600427989149
6,822,0.226759194513084
7,822,0.241801673153182
8,822,0.252058219759725
9,822,0.244953276958782
10,822,0.240692020246293
11,822,0.239387607203331
12,822,0.239509499490028
13,822,0.257095207857434
14,822,0.244891635141335
15,822,0.243527659044135
16,822,0.250516362790018
17,822,0.242393426415743
18,822,0.255182513440028
1,823,0.252422839473235
2,823,0.238958811327117
3,823,0.260620903092437
4,823,0.235606381362537
5,823,0.25074512251094
6,823,0.245064251655946
7,823,0.256691441050731
8,823,0.23744276392879
9,823,0.233156849214807
10,823,0.254833944620565
11,823,0.244528809511336
12,823,0.25251113672764
13,823,0.236882548978552
14,823,0.23537180154142
15,823,0.254508403433952
16,823,0.258991746901534
17,823,0.24550645388104
18,823,0.253856996328337
1,824,0.251884568027686
2,824,0.244721097471425
3,824,0.260871842641151
4,824,0.242604923084378
5,824,0.234935325979255
6,824,0.231673508974724
7,824,0.250848609359469
8,824,0.237322149237385
9,824,0.231311597377295
10,824,0.234992065665079
11,824,0.23413587252982
12,824,0.252403870127397
13,824,0.256304253092036
14,824,0.24317706262134
15,824,0.242339224326657
16,824,0.229347569344332
17,824,0.248328368711751
18,824,0.232229479570175
1,825,0.234291240122635
2,825,0.243888272152049
3,825,0.241688714971766
4,825,0.230935257928446
5,825,0.231657253832323
6,825,0.236209896645974
7,825,0.25132454882632
8,825,0.234132683259901
9,825,0.232300847362727
10,825,0.247344963094452
11,825,0.239116444908082
12,825,0.259993700582068
13,825,0.237658770546783
14,825,0.245260741448961
15,825,0.245658402660862
16,825,0.234383416702272
17,825,0.238022304616403
18,825,0.229248515656451
1,826,0.229417299784487
2,826,0.229948196531273
3,826,0.247360474854009
4,826,0.257719898351003
5,826,0.253203456390416
6,826,0.242404775751289
7,826,0.259340634683846
8,826,0.256812342687277
9,826,0.228559862530325
10,826,0.256686410742346
11,826,0.258302638111869
12,826,0.258343287176918
13,826,0.23135136388964
14,826,0.227783190139104
15,826,0.240906730224611
16,826,0.226376843338599
17,826,0.229952734570485
18,826,0.243565411782125
1,827,0.258788457220886
2,827,0.229216662521008
3,827,0.2454435072341
4,827,0.253364783065859
5,827,0.242903777085245
6,827,0.249648793443572
7,827,0.249411019952036
8,827,0.244891564651858
9,827,0.260924953235313
10,827,0.242898141504498
11,827,0.234951585489558
12,827,0.251799426811282
13,827,0.24955021070689
14,827,0.254129100045189
15,827,0.244853398812935
16,827,0.256228807381354
17,827,0.245875838088337
18,827,0.243333502053516
1,828,0.256365374648245
2,828,0.230159728232771
3,828,0.246313144220272
4,828,0.244291937576141
5,828,0.242401002706261
6,828,0.253166420787107
7,828,0.247834954161895
8,828,0.240598795720376
9,828,0.234319218447432
10,828,0.237074446320999
11,828,0.259936163680628
12,828,0.244035083471332
13,828,0.259898889138363
14,828,0.242683362128679
15,828,0.233450219916645
16,828,0.234487703056308
17,828,0.227032298316713
18,828,0.238130664398428
1,829,0.260107950342586
2,829,0.250497970178491
3,829,0.250106679341057
4,829,0.254877717029536
5,829,0.228792214289075
6,829,0.254890562787419
7,829,0.23330526148458
8,829,0.236609368964797
9,829,0.231306477037957
10,829,0.233256793775596
11,829,0.245329895888222
12,829,0.22683137369249
13,829,0.239703444661805
14,829,0.228438603214687
15,829,0.258039087457815
16,829,0.234585468457313
17,829,0.259903563698987
18,829,0.257038842238486
1,830,0.254646741486155
2,830,0.229581983356271
3,830,0.243203665749403
4,830,0.232476723066298
5,830,0.25638510421291
6,830,0.227522411424667
7,830,0.23395714398264
8,830,0.249503154841019
9,830,0.235028022551211
10,830,0.226386295806384
11,830,0.243840957365697
12,830,0.256739250950282
13,830,0.240924543380039
14,830,0.227231219581096
15,830,0.233667637905106
16,830,0.253580143780215
17,830,0.248566629265202
18,830,0.229177847885527
1,831,0.235310143645853
2,831,0.240847931227414
3,831,0.2565078453233
4,831,0.230292669146089
5,831,0.238693864745088
6,831,0.244460032806033
7,831,0.23856765556871
8,831,0.241336143971654
9,831,0.242608327497961
10,831,0.249365152383922
11,831,0.257968605493894
12,831,0.235453045137925
13,831,0.251529874927597
14,831,0.236330458808457
15,831,0.248475269247079
16,831,0.231127239027061
17,831,0.255656794546172
18,831,0.230329704374541
1,832,0.23086932854983
2,832,0.230901866533328
3,832,0.256598882515915
4,832,0.257927682473324
5,832,0.243622229951667
6,832,0.260560000778874
7,832,0.228605375116691
8,832,0.242879368779482
9,832,0.23573746075877
10,832,0.253042490735184
11,832,0.238505955713568
12,832,0.239173556607217
13,832,0.258749464544468
14,832,0.229975284732878
15,832,0.226801106448052
16,832,0.23970913850842
17,832,0.238751487056958
18,832,0.25606770678563
1,833,0.231855508795939
2,833,0.231060266249347
3,833,0.24721920812293
4,833,0.25674658359983
5,833,0.243753957011737
6,833,0.252126925731078
7,833,0.255904792377492
8,833,0.24438838351192
9,833,0.255370925147086
10,833,0.246269905868918
11,833,0.252669125746703
12,833,0.255179136366583
13,833,0.259730356784072
14,833,0.234172838385217
15,833,0.230889355384512
16,833,0.246678826866206
17,833,0.236890986055601
18,833,0.228423036815599
1,834,0.255141936257947
2,834,0.235614835870452
3,834,0.235797380579403
4,834,0.236671929264208
5,834,0.229702599653043
6,834,0.23038678905135
7,834,0.24828910596692
8,834,0.229224880461348
9,834,0.25373064076202
10,834,0.2589820541339
11,834,0.236594311752357
12,834,0.245705281903734
13,834,0.226124195084209
14,834,0.246911406114465
15,834,0.230771571395686
16,834,0.254132187582087
17,834,0.229662861246848
18,834,0.240781247864012
1,835,0.23516978211375
2,835,0.253646530003985
3,835,0.238177536372328
4,835,0.239790688697482
5,835,0.255399694208987
6,835,0.252502357674763
7,835,0.228707783060614
8,835,0.228497146542883
9,835,0.235470884484472
10,835,0.232381321531953
11,835,0.234050319907488
12,835,0.23966783618927
13,835,0.258322786326986
14,835,0.242427217449527
15,835,0.228376641057199
16,835,0.230803503112635
17,835,0.228137977906968
18,835,0.244625776295085
1,836,0.25577544291527
2,836,0.247725819011917
3,836,0.243976706245681
4,836,0.242578491380205
5,836,0.235804112911224
6,836,0.22616369777848
7,836,0.234236957447371
8,836,0.250208686586935
9,836,0.226170464914991
10,836,0.241908833815483
11,836,0.247241241462994
12,836,0.242811706223525
13,836,0.241523997516138
14,836,0.22935869347211
15,836,0.256281492227223
16,836,0.244636959299911
17,836,0.237095108799636
18,836,0.255888459990034
1,837,0.255523359521991
2,837,0.23193609847012
3,837,0.246987946457462
4,837,0.231873078660807
5,837,0.252973395588575
6,837,0.240297853177413
7,837,0.227268726078561
8,837,0.247520914682187
9,837,0.25537659071642
10,837,0.241801333524287
11,837,0.25341139935446
12,837,0.258003963472089
13,837,0.257692551538581
14,837,0.23306421556999
15,837,0.242721805158304
16,837,0.25492841506633
17,837,0.230864894753555
18,837,0.234757252878277
1,838,0.241524249974405
2,838,0.237746886256151
3,838,0.253117947577499
4,838,0.23886002038978
5,838,0.254384821453365
6,838,0.24430416701152
7,838,0.257786457359558
8,838,0.240786842520116
9,838,0.242574042051798
10,838,0.230793191504432
11,838,0.258997505182866
12,838,0.236435659806244
13,838,0.233532962078694
14,838,0.240203046566108
15,838,0.226129055500729
16,838,0.244945643404732
17,838,0.24666725743236
18,838,0.250015715139685
1,839,0.243004736172967
2,839,0.252771414909745
3,839,0.229363893802743
4,839,0.234763055017916
5,839,0.245419220569544
6,839,0.247038734639296
7,839,0.229787395324325
8,839,0.231225245013135
9,839,0.233060814375291
10,839,0.231291815365199
11,839,0.25816966179898
12,839,0.257466028094292
13,839,0.226038977396907
14,839,0.241673340075882
15,839,0.247890906427288
16,839,0.234254942132626
17,839,0.237336059223395
18,839,0.252139704739908
1,840,0.235342176916543
2,840,0.249011252840515
3,840,0.245318582172273
4,840,0.253294902919093
5,840,0.237012901053764
6,840,0.25206538953376
7,840,0.236384267818881
8,840,0.248078072548611
9,840,0.228893246286549
10,840,0.22809572120104
11,840,0.259079010038637
12,840,0.24009374324372
13,840,0.254607875658199
14,840,0.243990490556695
15,840,0.2295803325905
16,840,0.244145124602597
17,840,0.239191654662369
18,840,0.240608769427286
1,841,0.252081200258341
2,841,0.255032741978299
3,841,0.236030512342928
4,841,0.253057105697459
5,841,0.244126270672074
6,841,0.247241367382463
7,841,0.245131071532611
8,841,0.232427408000454
9,841,0.259197807894321
10,841,0.23047673423565
11,841,0.233568020928884
12,841,0.251829761472996
13,841,0.253245805767598
14,841,0.239400900524575
15,841,0.235675737116486
16,841,0.260035843771417
17,841,0.239688077768311
18,841,0.249284003838198
1,842,0.242805049001705
2,842,0.241208571651019
3,842,0.247788956722012
4,842,0.257701324275928
5,842,0.244991063433932
6,842,0.237040706740459
7,842,0.237028788322583
8,842,0.248330219317228
9,842,0.243322536938591
10,842,0.253536358862417
11,842,0.246997125369031
12,842,0.236776118953945
13,842,0.249171562829521
14,842,0.258539743566886
15,842,0.229145101489499
16,842,0.247933283136459
17,842,0.240440846868092
18,842,0.260650767854182
1,843,0.259746835439233
2,843,0.227122386998031
3,843,0.235973017286975
4,843,0.241759158594301
5,843,0.24422576512699
6,843,0.236734861250967
7,843,0.255410794859286
8,843,0.237915795635432
9,843,0.229893661935581
10,843,0.257403075278504
11,843,0.229274123065639
12,843,0.240262791817309
13,843,0.256766303556738
14,843,0.248426511202939
15,843,0.251728407261195
16,843,0.255303895977791
17,843,0.230711133709643
18,843,0.227133311082376
1,844,0.258559074421879
2,844,0.226065515862079
3,844,0.255514166699955
4,844,0.23390295071085
5,844,0.259596504600719
6,844,0.253699347109301
7,844,0.229962454604916
8,844,0.232389406226808
9,844,0.25579294572142
10,844,0.23585085585271
11,844,0.24486843068176
12,844,0.237852127379971
13,844,0.226976450286107
14,844,0.231317584639415
15,844,0.232963094323874
16,844,0.259379437046824
17,844,0.25294887212012
18,844,0.258892616433091
1,845,0.25324783635349
2,845,0.234524888773682
3,845,0.228455811497057
4,845,0.230522417194676
5,845,0.243677071384387
6,845,0.25052826086781
7,845,0.22709050134779
8,845,0.243036142584402
9,845,0.254420072711306
10,845,0.227538646715926
11,845,0.250107733790297
12,845,0.240667285985779
13,845,0.259589071318274
14,845,0.236904658813961
15,845,0.239883134815842
16,845,0.251725058073876
17,845,0.250198161644163
18,845,0.255601656845771
1,846,0.234590522161685
2,846,0.233027913040947
3,846,0.231701748542488
4,846,0.237365611174842
5,846,0.255282041892875
6,846,0.259614308580291
7,846,0.254772759737913
8,846,0.23755862956075
9,846,0.248034587638918
10,846,0.238914356718538
11,846,0.249661511407699
12,846,0.240066871880787
13,846,0.247852464620024
14,846,0.249363243618514
15,846,0.24905744286743
16,846,0.241332466776017
17,846,0.246128063397715
18,846,0.253367277480662
1,847,0.229273064957466
2,847,0.232615640248638
3,847,0.226793970957166
4,847,0.234287592247361
5,847,0.229280423333636
6,847,0.237834316563327
7,847,0.257280148735968
8,847,0.239118404678535
9,847,0.230599110055715
10,847,0.227726741228485
11,847,0.251402459753677
12,847,0.250418908219086
13,847,0.253567018386908
14,847,0.242339288549498
15,847,0.246053127973806
16,847,0.227296104599023
17,847,0.247943474048749
18,847,0.232655810229713
1,848,0.25198097437527
2,848,0.226324513156665
3,848,0.259015042818151
4,848,0.241755756454309
5,848,0.243472728501307
6,848,0.254468321348773
7,848,0.239255499182269
8,848,0.232194255350856
9,848,0.235331068377942
10,848,0.235261477775872
11,848,0.254907124766847
12,848,0.233404392547905
13,848,0.244931190372678
14,848,0.248890092984308
15,848,0.256159431621432
16,848,0.234598437967012
17,848,0.229091049001087
18,848,0.260740327872569
1,849,0.237349580360111
2,849,0.233821527264314
3,849,0.240033970970195
4,849,0.25285267967754
5,849,0.250266986371949
6,849,0.253088394248858
7,849,0.252020794777432
8,849,0.232946468634997
9,849,0.24051598508982
10,849,0.231478252356406
11,849,0.246639078118838
12,849,0.230659605168272
13,849,0.230324842157075
14,849,0.238903863940155
15,849,0.260263727695215
16,849,0.245777371084783
17,849,0.239928740464617
18,849,0.252352693683002
1,850,0.242131312247599
2,850,0.24230713813589
3,850,0.238669432285475
4,850,0.2288756143176
5,850,0.231611524879932
6,850,0.252549557241378
7,850,0.254264439703198
8,850,0.235243042634334
9,850,0.227212950370973
10,850,0.245059687710833
11,850,0.239122233838076
12,850,0.259770093536004
13,850,0.245238632200286
14,850,0.24743873509136
15,850,0.228482111993013
16,850,0.253267987551168
17,850,0.256007404683856
18,850,0.256368799915304
1,851,0.237019368760753
2,851,0.227539019519696
3,851,0.252083738906309
4,851,0.230425682545407
5,851,0.227209596946137
6,851,0.242240006883163
7,851,0.239659883436048
8,851,0.254111524948617
9,851,0.244445063359104
10,851,0.236508991786046
11,851,0.229093903800473
12,851,0.251804048199207
13,851,0.254737668609247
14,851,0.231481365391752
15,851,0.247258715372533
16,851,0.250629747021245
17,851,0.242180844518822
18,851,0.252959324014606
1,852,0.245976522609359
2,852,0.252264291427797
3,852,0.24274761380069
4,852,0.256923514486058
5,852,0.252203181671444
6,852,0.236692011879291
7,852,0.246029202174628
8,852,0.242571040177951
9,852,0.258831763812574
10,852,0.24478957708599
11,852,0.237847599942703
12,852,0.238246354401577
13,852,0.254315952728735
14,852,0.253910737888888
15,852,0.245462049870053
16,852,0.2416606340094
17,852,0.260463895058725
18,852,0.236829129534541
1,853,0.243885597927961
2,853,0.240888719910523
3,853,0.245287141176173
4,853,0.232897606193088
5,853,0.238676766075892
6,853,0.260772286074003
7,853,0.226645735628204
8,853,0.227583758677589
9,853,0.226846948232502
10,853,0.232665231168736
11,853,0.241606365065323
12,853,0.229055263506249
13,853,0.244785463116365
14,853,0.246538988969056
15,853,0.234575498124119
16,853,0.229373267183779
17,853,0.251583168338053
18,853,0.240487609351054
1,854,0.25796807579603
2,854,0.230481016051723
3,854,0.259482969139004
4,854,0.246519780773902
5,854,0.226512588600395
6,854,0.254151647428749
7,854,0.253684515935835
8,854,0.258084330595098
9,854,0.254983169735875
10,854,0.246258710151538
11,854,0.252453499820782
12,854,0.229665036250604
13,854,0.256460843713954
14,854,0.236542881342117
15,854,0.241449323359644
16,854,0.233135526278289
17,854,0.239534201357979
18,854,0.247332849066239
1,855,0.255609171374468
2,855,0.257151726255193
3,855,0.234726355865365
4,855,0.24585789876082
5,855,0.25449087077775
6,855,0.236686980112223
7,855,0.233397856551688
8,855,0.246876429138007
9,855,0.235748972114176
10,855,0.240351613203762
11,855,0.234475119837094
12,855,0.241527122473577
13,855,0.254396356547019
14,855,0.254212629342452
15,855,0.242664280610858
16,855,0.259693230074132
17,855,0.25066661387356
18,855,0.240315192154609
1,856,0.260693760869559
2,856,0.23620632214495
3,856,0.231602980846306
4,856,0.251759051742498
5,856,0.257772195847007
6,856,0.240479509996017
7,856,0.251676254940918
8,856,0.2298835596852
9,856,0.243715239170939
10,856,0.229552502277307
11,856,0.230156511622714
12,856,0.230558630760293
13,856,0.260922393236775
14,856,0.256336908821482
15,856,0.227701026463415
16,856,0.247233158528339
17,856,0.233777966796421
18,856,0.241526310752612
1,857,0.2564465075396
2,857,0.25552890036162
3,857,0.228103772998089
4,857,0.242596114385175
5,857,0.249453651067102
6,857,0.256591927013593
7,857,0.228051256430568
8,857,0.238384909789544
9,857,0.249617301800987
10,857,0.241061752891634
11,857,0.26048371397797
12,857,0.259368220158154
13,857,0.24625099311024
14,857,0.228005474044709
15,857,0.249968544086674
16,857,0.248134532599011
17,857,0.252818532390753
18,857,0.242615545636741
1,858,0.233456597910495
2,858,0.246118753864663
3,858,0.231894782216055
4,858,0.253105963649228
5,858,0.236416373347398
6,858,0.253079778568586
7,858,0.248376819984056
8,858,0.244488775815349
9,858,0.230963382357964
10,858,0.257418798954692
11,858,0.242443342858693
12,858,0.236613735441584
13,858,0.25358091552183
14,858,0.247211899309419
15,858,0.236213756535668
16,858,0.237275337354746
17,858,0.242707155912882
18,858,0.228414212209405
1,859,0.245927517273463
2,859,0.243754662591033
3,859,0.227875227353303
4,859,0.252353587383637
5,859,0.241195483922726
6,859,0.243711513855029
7,859,0.229994073087815
8,859,0.229912521342281
9,859,0.239988809136208
10,859,0.238235346552916
11,859,0.25027686676383
12,859,0.245138428588631
13,859,0.25171310785017
14,859,0.254727641305886
15,859,0.232540960550774
16,859,0.229823666952085
17,859,0.230001315193018
18,859,0.259104967580875
1,860,0.25967815345875
2,860,0.229362664555898
3,860,0.226963424254442
4,860,0.235286645086249
5,860,0.230673479754711
6,860,0.241230185819091
7,860,0.239042765932623
8,860,0.250348863640334
9,860,0.242485512125073
10,860,0.245189821390901
11,860,0.235262471555267
12,860,0.226216512430925
13,860,0.229079042206518
14,860,0.251006002371665
15,860,0.242190618328983
16,860,0.241149078385439
17,860,0.229483007214963
18,860,0.239396794027649
1,861,0.236824376253877
2,861,0.24713010633504
3,861,0.249229089837987
4,861,0.259702482099179
5,861,0.255698881661752
6,861,0.253460674082395
7,861,0.256260031612124
8,861,0.239898605332943
9,861,0.254650892778533
10,861,0.241094959164271
11,861,0.239702035532333
12,861,0.243381859953748
13,861,0.227384090648498
14,861,0.22987394709629
15,861,0.228070599028375
16,861,0.245093920513988
17,861,0.25236959973257
18,861,0.235791716289474
1,862,0.226389030553633
2,862,0.239287491780939
3,862,0.252979977504816
4,862,0.250183664908633
5,862,0.2437801788121
6,862,0.244882132996805
7,862,0.260026960312622
8,862,0.23727048840397
9,862,0.243351251580985
10,862,0.252389884403907
11,862,0.226561107510002
12,862,0.25004088677722
13,862,0.253829641228309
14,862,0.248633183751022
15,862,0.256208739899099
16,862,0.256445538948989
17,862,0.23792860154435
18,862,0.236905411413405
1,863,0.239440003580181
2,863,0.228313867521007
3,863,0.248990526342765
4,863,0.250916137317196
5,863,0.247028323824285
6,863,0.258507300153375
7,863,0.243299643317237
8,863,0.249939363529207
9,863,0.244271120754071
10,863,0.23943050697702
11,863,0.26017131422204
12,863,0.254840429554693
13,863,0.256241051949561
14,863,0.229294460094767
15,863,0.26028949461435
16,863,0.253308479909552
17,863,0.238005087940488
18,863,0.249635227340274
1,864,0.237910053635947
2,864,0.237076372337993
3,864,0.239236249174224
4,864,0.247768001504242
5,864,0.252762138600461
6,864,0.238791192744626
7,864,0.259696176599478
8,864,0.257450283752056
9,864,0.249230908385012
10,864,0.252614302339731
11,864,0.239134220569627
12,864,0.248536357115023
13,864,0.247736923068529
14,864,0.260846087627811
15,864,0.238897563688457
16,864,0.253339310507523
17,864,0.240854792176047
18,864,0.240194217575714
1,865,0.231816293022363
2,865,0.2439843493097
3,865,0.245484109882033
4,865,0.250103756423574
5,865,0.237804783998523
6,865,0.243051201361464
7,865,0.231416098141577
8,865,0.231464266241761
9,865,0.243662381572882
10,865,0.254155664448859
11,865,0.249969773472054
12,865,0.248865641211392
13,865,0.241302674182458
14,865,0.248698909117607
15,865,0.240001964485506
16,865,0.242618158294586
17,865,0.240241686037276
18,865,0.228759076933144
1,866,0.255345906426897
2,866,0.236691129253246
3,866,0.25280275788065
4,866,0.234522279636236
5,866,0.243132286075503
6,866,0.257185109884245
7,866,0.232363480734872
8,866,0.252306039468618
9,866,0.24422482068208
10,866,0.260401063875994
11,866,0.229581486328039
12,866,0.246848170900717
13,866,0.256229881966952
14,866,0.236978352661477
15,866,0.248548669271637
16,866,0.249390357726021
17,866,0.258606521255802
18,866,0.252660813717172
1,867,0.256184855244588
2,867,0.240206713917665
3,867,0.249693066132255
4,867,0.243392082492588
5,867,0.237233680673176
6,867,0.234185458641965
7,867,0.241863491992932
8,867,0.235298393424833
9,867,0.230088578207884
10,867,0.228677145383786
11,867,0.240731907788664
12,867,0.236370227504754
13,867,0.256717351532076
14,867,0.235410307457438
15,867,0.245833359466866
16,867,0.233924246087205
17,867,0.245745560104493
18,867,0.251939134021755
1,868,0.237621938702883
2,868,0.231086248735897
3,868,0.257758067164337
4,868,0.258726761309896
5,868,0.250528731436003
6,868,0.243099817057606
7,868,0.232914805209963
8,868,0.230182127458043
9,868,0.247472836197354
10,868,0.23509738752991
11,868,0.256309319590451
12,868,0.258225197255611
13,868,0.239904172877083
14,868,0.248755409791134
15,868,0.244061524131335
16,868,0.249149194383295
17,868,0.238746967418352
18,868,0.228138509617653
1,869,0.257525523877935
2,869,0.242972690768307
3,869,0.245154099173611
4,869,0.260946770193055
5,869,0.260850361685967
6,869,0.24132790137222
7,869,0.226840242539998
8,869,0.230792972367723
9,869,0.242858992634807
10,869,0.246462625526125
11,869,0.254469196086517
12,869,0.246964533080114
13,869,0.239940743005369
14,869,0.233317100049695
15,869,0.260321896198671
16,869,0.246913511158433
17,869,0.243344558967743
18,869,0.238965549029177
1,870,0.2312675049135
2,870,0.25990105490922
3,870,0.237552431856981
4,870,0.229434402707499
5,870,0.240370664602611
6,870,0.248176785735646
7,870,0.244983338292455
8,870,0.230820517626358
9,870,0.24574422689178
10,870,0.229576603338588
11,870,0.258610392081551
12,870,0.233554230758687
13,870,0.234622187216533
14,870,0.234586574033834
15,870,0.23726698828768
16,870,0.25176209372608
17,870,0.243347869080259
18,870,0.22692917103786
1,871,0.230355550861219
2,871,0.239141647903249
3,871,0.246385293614818
4,871,0.245728172265459
5,871,0.247390169911319
6,871,0.230874692244921
7,871,0.230021939794766
8,871,0.233804579678923
9,871,0.229714341447921
10,871,0.237978604408214
11,871,0.242533264736645
12,871,0.238678654028568
13,871,0.234689747395692
14,871,0.232918988780817
15,871,0.252761335688643
16,871,0.255645571358269
17,871,0.23601932320185
18,871,0.229967168550007
1,872,0.242403346493607
2,872,0.244355994420126
3,872,0.249478856433649
4,872,0.25425782059459
5,872,0.233716475174529
6,872,0.253379941375693
7,872,0.254752505804878
8,872,0.248762365301605
9,872,0.247698408392258
10,872,0.254691592653049
11,872,0.260578424381325
12,872,0.230073783949716
13,872,0.239149051156361
14,872,0.235429683099734
15,872,0.226852074561408
16,872,0.245333934780443
17,872,0.256778574373107
18,872,0.236477759658825
1,873,0.243636905241525
2,873,0.255790449375287
3,873,0.259102953472408
4,873,0.245423303548247
5,873,0.231842322692042
6,873,0.260348185668932
7,873,0.260854470383143
8,873,0.253278632700909
9,873,0.258258113698335
10,873,0.230763941076817
11,873,0.240683908928419
12,873,0.254380189390155
13,873,0.256371002919273
14,873,0.241527465459891
15,873,0.242405844029505
16,873,0.227060381626012
17,873,0.260179479454178
18,873,0.241663224461023
1,874,0.235647627127124
2,874,0.243432159818709
3,874,0.245863005939405
4,874,0.244542698880192
5,874,0.231286048649577
6,874,0.260613717566244
7,874,0.242235922885826
8,874,0.241270333569497
9,874,0.232401999363443
10,874,0.239697987749474
11,874,0.259561920841457
12,874,0.231553210434737
13,874,0.239068311645184
14,874,0.228123584803194
15,874,0.235625164004974
16,874,0.236814266881207
17,874,0.256439129084116
18,874,0.244061322254362
1,875,0.227459382097237
2,875,0.229976991825039
3,875,0.255900727685308
4,875,0.252848820162704
5,875,0.234346255016513
6,875,0.242178082366241
7,875,0.246151738865534
8,875,0.23996578429034
9,875,0.229166534780758
10,875,0.233968427913729
11,875,0.251637700154912
12,875,0.236104541386245
13,875,0.255170528664254
14,875,0.240825941435993
15,875,0.248256862360518
16,875,0.226306183211505
17,875,0.234860309048323
18,875,0.254637796542607
1,876,0.251306276666233
2,876,0.250132720924681
3,876,0.240320857911371
4,876,0.227279504408594
5,876,0.246044700406725
6,876,0.232732255741954
7,876,0.237614721810911
8,876,0.233660933622392
9,876,0.260739690631395
10,876,0.241400439135265
11,876,0.22736624718667
12,876,0.230424063577317
13,876,0.251770967821591
14,876,0.259867363954196
15,876,0.260021392263239
16,876,0.246187113638967
17,876,0.232961660787929
18,876,0.238841829590034
1,877,0.227537914098008
2,877,0.260269369428512
3,877,0.229896772721782
4,877,0.228693267345894
5,877,0.245066470884718
6,877,0.245277129486436
7,877,0.258261907360517
8,877,0.260242407301208
9,877,0.252308493309189
10,877,0.226615091554355
11,877,0.245796561881667
12,877,0.257004956471734
13,877,0.231455096171936
14,877,0.260754463922
15,877,0.233903054733761
16,877,0.256965629618149
17,877,0.244449436363298
18,877,0.248558900073636
1,878,0.244448629963677
2,878,0.254845720869722
3,878,0.241338702601148
4,878,0.227617598817684
5,878,0.227135594338411
6,878,0.237446078009903
7,878,0.246977595415898
8,878,0.247256167190149
9,878,0.240268251492176
10,878,0.227829708883306
11,878,0.227980742554879
12,878,0.249433356861351
13,878,0.227438720881706
14,878,0.23693802585965
15,878,0.245786935194861
16,878,0.25681384029123
17,878,0.232428605694091
18,878,0.245026765066665
1,879,0.227173877499532
2,879,0.250685562895611
3,879,0.242148211916443
4,879,0.255042343891924
5,879,0.250106907572132
6,879,0.242530824480578
7,879,0.255689426871482
8,879,0.240397390211234
9,879,0.231615038173273
10,879,0.230805441834033
11,879,0.243014863294316
12,879,0.235417599809822
13,879,0.256475314885844
14,879,0.251480083279545
15,879,0.228388845491223
16,879,0.247603951074649
17,879,0.256565209171036
18,879,0.257618272555061
1,880,0.259805198126938
2,880,0.233548217867734
3,880,0.234060353933834
4,880,0.26040860213479
5,880,0.241616750699701
6,880,0.246243594982894
7,880,0.226002106950851
8,880,0.246322544745868
9,880,0.226829154854873
10,880,0.242896392428316
11,880,0.257623338613426
12,880,0.242723197443644
13,880,0.226063136112876
14,880,0.231908305667108
15,880,0.244865353534929
16,880,0.227071802249644
17,880,0.230918399241287
18,880,0.244789357329952
1,881,0.240272934910841
2,881,0.239227257911349
3,881,0.235383272444829
4,881,0.244845207332633
5,881,0.2408486087739
6,881,0.246356596460333
7,881,0.241426700580865
8,881,0.253304962174967
9,881,0.249383180813398
10,881,0.232089940173551
11,881,0.239441056790762
12,881,0.255668619412696
13,881,0.256257937740535
14,881,0.229296922222944
15,881,0.231106877713697
16,881,0.25366377725522
17,881,0.242804789690068
18,881,0.248846839557169
1,882,0.22662270117458
2,882,0.250199482396944
3,882,0.250067917788634
4,882,0.232440739426762
5,882,0.245553542612121
6,882,0.229041399057256
7,882,0.253522198862862
8,882,0.260013928348431
9,882,0.22886034394172
10,882,0.250422974394402
11,882,0.236272164670751
12,882,0.232872049088124
13,882,0.229965276131639
14,882,0.252898933079792
15,882,0.242397833377123
16,882,0.227230037240312
17,882,0.233180965889711
18,882,0.246102754717227
1,883,0.239354944253806
2,883,0.228795518835774
3,883,0.256374645041302
4,883,0.231914623496355
5,883,0.25986103486293
6,883,0.232056644383352
7,883,0.226935286957538
8,883,0.232554165715352
9,883,0.229055896933656
10,883,0.259928060788894
11,883,0.256802098797867
12,883,0.248082400651416
13,883,0.244569122345652
14,883,0.230674203783507
15,883,0.231642978572287
16,883,0.234301169563783
17,883,0.252481428468833
18,883,0.245857884980738
1,884,0.230280031694798
2,884,0.237100383083103
3,884,0.241487365071895
4,884,0.227573039909126
5,884,0.24854270227626
6,884,0.257864890528377
7,884,0.253495407711249
8,884,0.255992797577288
9,884,0.252280175274005
10,884,0.239175332738319
11,884,0.250775610856013
12,884,0.247828271474224
13,884,0.249061922021443
14,884,0.242443127446109
15,884,0.255200696587795
16,884,0.258223358246265
17,884,0.23869095531432
18,884,0.238875010233838
1,885,0.230815806810511
2,885,0.22834706179006
3,885,0.249094854591182
4,885,0.229160182008287
5,885,0.248594564204337
6,885,0.242948783842381
7,885,0.255358065682463
8,885,0.232364363646135
9,885,0.231525343100308
10,885,0.252105056578526
11,885,0.248307379316771
12,885,0.236174132363172
13,885,0.237439537710976
14,885,0.249857444464229
15,885,0.252031466639834
16,885,0.251208893513773
17,885,0.256548530464293
18,885,0.234358572584111
1,886,0.254044720652979
2,886,0.230629293266917
3,886,0.231372768137604
4,886,0.23095521524339
5,886,0.232724862316623
6,886,0.256916531741386
7,886,0.235459789171815
8,886,0.246100309767295
9,886,0.249450701762922
10,886,0.243811756451847
11,886,0.234338506984292
12,886,0.241760885342024
13,886,0.246414752674988
14,886,0.249866045736941
15,886,0.256327408795711
16,886,0.255386593825184
17,886,0.25072925027716
18,886,0.254006014954299
1,887,0.257291325840866
2,887,0.248298834378598
3,887,0.244730896388879
4,887,0.239220992765855
5,887,0.24714200214739
6,887,0.255967972511658
7,887,0.231697699178709
8,887,0.245819279197836
9,887,0.251758226917824
10,887,0.237589906410081
11,887,0.227442456962541
12,887,0.252327988115372
13,887,0.229067256838549
14,887,0.248140756819863
15,887,0.248472687131958
16,887,0.227376448855735
17,887,0.232257992628962
18,887,0.256150907634525
1,888,0.248581566156587
2,888,0.241663386986125
3,888,0.229408602637937
4,888,0.239859331692802
5,888,0.243871201931266
6,888,0.250761407413753
7,888,0.22758752466552
8,888,0.259235020756256
9,888,0.249880168258911
10,888,0.254101646675495
11,888,0.227374614043161
12,888,0.250864832736785
13,888,0.247181673837127
14,888,0.248578242166201
15,888,0.243645458385814
16,888,0.24338668398466
17,888,0.254855134262703
18,888,0.244505241578678
1,889,0.260690442648716
2,889,0.254557845152682
3,889,0.227276181770954
4,889,0.254713006280595
5,889,0.238560376743786
6,889,0.251286929260474
7,889,0.234896114288364
8,889,0.252696859697113
9,889,0.234676313869655
10,889,0.252276900772937
11,889,0.229452217965387
12,889,0.253129191072891
13,889,0.250007806244772
14,889,0.229759140151087
15,889,0.246594165613875
16,889,0.260483790603699
17,889,0.250336361422902
18,889,0.239241518584546
1,890,0.259764366628602
2,890,0.244457355485298
3,890,0.227551202554256
4,890,0.249542845884804
5,890,0.247459047298413
6,890,0.241043826244073
7,890,0.239787232040195
8,890,0.252607592059299
9,890,0.238325219373452
10,890,0.242661898482125
11,890,0.234530251743505
12,890,0.248603830188746
13,890,0.24081434412417
14,890,0.250757405640557
15,890,0.254895770949312
16,890,0.253240786924958
17,890,0.233193137776339
18,890,0.227982347604353
1,891,0.23923653555708
2,891,0.226098186080577
3,891,0.249211334589869
4,891,0.260473063376499
5,891,0.24961106708413
6,891,0.227798924783943
7,891,0.259593035377562
8,891,0.227199240020942
9,891,0.239372278773459
10,891,0.257307361716172
11,891,0.24104782035714
12,891,0.241993930782424
13,891,0.227308043699246
14,891,0.256473601282574
15,891,0.257683488922426
16,891,0.242026444775052
17,891,0.252864658097038
18,891,0.233702481929446
1,892,0.255381891753292
2,892,0.247556973822881
3,892,0.231557168952655
4,892,0.240089142057346
5,892,0.258767320425482
6,892,0.233740000968333
7,892,0.234539826365886
8,892,0.23170070198155
9,892,0.258698975343956
10,892,0.243185042967321
11,892,0.242954441433772
12,892,0.232843036857899
13,892,0.251141773995711
14,892,0.25316677977005
15,892,0.245558239916805
16,892,0.242050026650773
17,892,0.232991644754307
18,892,0.232102632753318
1,893,0.241264341841685
2,893,0.234635837010806
3,893,0.236434084818698
4,893,0.229619207993615
5,893,0.231378752262332
6,893,0.251213221119484
7,893,0.24152436855156
8,893,0.23078022158728
9,893,0.23256225195853
10,893,0.251153600206831
11,893,0.243237658652011
12,893,0.257801488226047
13,893,0.246051060097758
14,893,0.253407212026883
15,893,0.252723174364306
16,893,0.250612727006897
17,893,0.232918293730123
18,893,0.233757005483145
1,894,0.252245552733308
2,894,0.239105901678791
3,894,0.24356498771254
4,894,0.259041318769101
5,894,0.238577838666039
6,894,0.254012277712114
7,894,0.256386395808309
8,894,0.245673813795671
9,894,0.2469171344887
10,894,0.250331957085524
11,894,0.233531558115734
12,894,0.233005839346675
13,894,0.229584718869533
14,894,0.239333525940543
15,894,0.248175536564318
16,894,0.237789791465271
17,894,0.23384776440938
18,894,0.254920229754876
1,895,0.259764577379916
2,895,0.233205989474896
3,895,0.250746818626299
4,895,0.230083418541122
5,895,0.226108611596515
6,895,0.235882883174578
7,895,0.231364114246331
8,895,0.244586402209476
9,895,0.229724760338664
10,895,0.242174416929716
11,895,0.231413166675717
12,895,0.235916421896778
13,895,0.227738530019065
14,895,0.236490071016829
15,895,0.250460127230268
16,895,0.234005221750354
17,895,0.248641279430827
18,895,0.253101506538456
1,896,0.249264236152172
2,896,0.242213679967914
3,896,0.256427979865344
4,896,0.25321543642343
5,896,0.243006483937148
6,896,0.23310559020401
7,896,0.258369917669566
8,896,0.257107108070282
9,896,0.230538382295286
10,896,0.239425512190443
11,896,0.234629018763313
12,896,0.246170669584768
13,896,0.233640715716407
14,896,0.24508750076429
15,896,0.238346405372955
16,896,0.24592358761956
17,896,0.232405684048077
18,896,0.229579380469164
1,897,0.251897756014019
2,897,0.233424017779995
3,897,0.241716100500431
4,897,0.240364817553433
5,897,0.25633465426648
6,897,0.230673963817768
7,897,0.228222495450405
8,897,0.252499002962373
9,897,0.228199274358572
10,897,0.231556074491469
11,897,0.234698062546318
12,897,0.237126327652019
13,897,0.232693045224529
14,897,0.254587840478867
15,897,0.228244616278913
16,897,0.2480780120173
17,897,0.248842701344052
18,897,0.240454718529014
1,898,0.252198639631039
2,898,0.254797906292602
3,898,0.257721116849221
4,898,0.249105638812995
5,898,0.25034888538206
6,898,0.251234287295025
7,898,0.249341777820606
8,898,0.254126945878612
9,898,0.257636838464765
10,898,0.235660955204163
11,898,0.238200573523296
12,898,0.232751342972275
13,898,0.245277424629545
14,898,0.259684207641054
15,898,0.247484491856536
16,898,0.260213343283627
17,898,0.260691010133829
18,898,0.231966690740315
1,899,0.249324920812156
2,899,0.247708538545063
3,899,0.233562934400048
4,899,0.256366741198814
5,899,0.249792854401981
6,899,0.244713689459255
7,899,0.230406248677988
8,899,0.254081129234051
9,899,0.230633929217234
10,899,0.227073851293186
11,899,0.257044601130998
12,899,0.235552761687664
13,899,0.230214811375132
14,899,0.248625665253727
15,899,0.228051279802108
16,899,0.242872276992071
17,899,0.237168332470115
18,899,0.232747829841916
1,900,0.235221424155403
2,900,0.246324289397104
3,900,0.24780341700674
4,900,0.229781635739142
5,900,0.240182980330661
6,900,0.254410673016915
7,900,0.260857652864885
8,900,0.232801906679757
9,900,0.257807999066077
10,900,0.250464247173164
11,900,0.226805887093302
12,900,0.238755623778794
13,900,0.247884661067743
14,900,0.254506505987607
15,900,0.237914691403508
16,900,0.241786236756248
17,900,0.253334379357053
18,900,0.259278392018983
1,901,0.231417248831363
2,901,0.258211442810949
3,901,0.236553816851461
4,901,0.256119410222396
5,901,0.244484805204207
6,901,0.250587091426365
7,901,0.249063820608659
8,901,0.247841052243253
9,901,0.22771432962874
10,901,0.228259232406504
11,901,0.238155450821156
12,901,0.239213895934168
13,901,0.226723397731781
14,901,0.235322013503406
15,901,0.25069708151184
16,901,0.248543686187128
17,901,0.234852288722992
18,901,0.252102735144086
1,902,0.25807003496238
2,902,0.242585031369468
3,902,0.256847915980266
4,902,0.251985070767347
5,902,0.233601734595373
6,902,0.256464210731443
7,902,0.248317668001633
8,902,0.241051025688881
9,902,0.256766551679699
10,902,0.23598252413352
11,902,0.249735850523226
12,902,0.258620487323729
13,902,0.230670389553066
14,902,0.25438981160312
15,902,0.226845642661443
16,902,0.229135940587381
17,902,0.246889747118345
18,902,0.243508897458902
1,903,0.234263286008732
2,903,0.258932062010514
3,903,0.25802848487068
4,903,0.233099053743295
5,903,0.233207614000654
6,903,0.232399349668063
7,903,0.251980558739975
8,903,0.238724470102694
9,903,0.25489057815657
10,903,0.259090050654719
11,903,0.253545831572497
12,903,0.234808714165352
13,903,0.227599469771609
14,903,0.24106631232216
15,903,0.228462947892491
16,903,0.236568122385303
17,903,0.23688770147413
18,903,0.234320087839384
1,904,0.255797141238814
2,904,0.249631848017685
3,904,0.25725305661466
4,904,0.241553718014853
5,904,0.259894186838297
6,904,0.257937091498403
7,904,0.232172458610963
8,904,0.228491631527664
9,904,0.234988400155213
10,904,0.258266974681988
11,904,0.243159174160333
12,904,0.232494710473344
13,904,0.257281724090222
14,904,0.236240836718585
15,904,0.226973846021807
16,904,0.236140313092852
17,904,0.229874383748043
18,904,0.25345219373377
1,905,0.259595132027986
2,905,0.259791921837255
3,905,0.253421517976327
4,905,0.232689776843414
5,905,0.226572486663004
6,905,0.25203297800757
7,905,0.256043634107569
8,905,0.251683367060265
9,905,0.24875752944639
10,905,0.239526761393296
11,905,0.234479842949891
12,905,0.228238122641575
13,905,0.243420581054175
14,905,0.232845274699153
15,905,0.251815336351516
16,905,0.251311303331982
17,905,0.24832272605761
18,905,0.244140170651022
1,906,0.253541077574715
2,906,0.25680469609471
3,906,0.258824662148487
4,906,0.233324503547279
5,906,0.248812066714978
6,906,0.243728212388465
7,906,0.22842732066894
8,906,0.257562463713344
9,906,0.244359290116932
10,906,0.227024560047081
11,906,0.226306483301101
12,906,0.232396204411285
13,906,0.240144607415656
14,906,0.240367442043731
15,906,0.233424416954163
16,906,0.247853770231828
17,906,0.232207477009157
18,906,0.239026470061159
1,907,0.235421623585513
2,907,0.256107749633025
3,907,0.260997913935222
4,907,0.250181895639049
5,907,0.23155548571283
6,907,0.259367688822327
7,907,0.232333840683801
8,907,0.228772288299166
9,907,0.238305016730679
10,907,0.251350773209939
11,907,0.238267155715963
12,907,0.23686367262993
13,907,0.260988116305321
14,907,0.246466505144723
15,907,0.243136010063114
16,907,0.228297152550891
17,907,0.241415595090017
18,907,0.231146446855506
1,908,0.237191854132339
2,908,0.25703580089868
3,908,0.256445596579229
4,908,0.258528794399695
5,908,0.240561605781782
6,908,0.237070014390862
7,908,0.249829023229191
8,908,0.24338729726756
9,908,0.245017200149829
10,908,0.227072935321135
11,908,0.228072410485707
12,908,0.244570036565652
13,908,0.233301253469195
14,908,0.238746495252941
15,908,0.243516041832278
16,908,0.259493260350078
17,908,0.256993648517178
18,908,0.250497868200997
1,909,0.247782708184328
2,909,0.259011140096933
3,909,0.245318372667767
4,909,0.247286085409811
5,909,0.233362693694886
6,909,0.252507222638465
7,909,0.254797992379405
8,909,0.253540141107747
9,909,0.254986473117257
10,909,0.226645718050655
11,909,0.239083100549411
12,909,0.254229978603777
13,909,0.253302383930655
14,909,0.250420096720569
15,909,0.240158934723819
16,909,0.253374409345211
17,909,0.246448651798069
18,909,0.244539931520354
1,910,0.253841904930538
2,910,0.24427316393028
3,910,0.250965479242383
4,910,0.235645039332099
5,910,0.233907024521846
6,910,0.226485815205611
7,910,0.248657563771354
8,910,0.230261134761618
9,910,0.236491191489855
10,910,0.242439083949663
11,910,0.240855350012658
12,910,0.230599966034293
13,910,0.232422391863307
14,910,0.234688954865793
15,910,0.243164080594666
16,910,0.252719491578406
17,910,0.254297639603261
18,910,0.251873824722366
1,911,0.239207068959018
2,911,0.243374264211394
3,911,0.252756040788023
4,911,0.256666359892348
5,911,0.242066729731392
6,911,0.248137628064957
7,911,0.250917432962684
8,911,0.240830064239213
9,911,0.228102399341529
10,911,0.246427569829626
11,911,0.252639337969245
12,911,0.232623165395577
13,911,0.235006584851304
14,911,0.239894322995329
15,911,0.237573231957154
16,911,0.228464354406111
17,911,0.247080489835003
18,911,0.237767197623849
1,912,0.250096684544347
2,912,0.259532891693758
3,912,0.236857641085749
4,912,0.241046883270843
5,912,0.23128728389414
6,912,0.238647592795547
7,912,0.234536345473258
8,912,0.259088406579336
9,912,0.229591756384121
10,912,0.234957737346645
11,912,0.256426343213767
12,912,0.229385958940489
13,912,0.248692254780559
14,912,0.248899496932514
15,912,0.243329793027602
16,912,0.247881467560306
17,912,0.231256696097786
18,912,0.232167363419663
1,913,0.254175669468474
2,913,0.232996462844545
3,913,0.246136989305029
4,913,0.24118191050156
5,913,0.227476471631322
6,913,0.234580388863338
7,913,0.238219610237516
8,913,0.256070431159111
9,913,0.239122851725202
10,913,0.252723102073884
11,913,0.239049906858942
12,913,0.226008522528224
13,913,0.243919568860671
14,913,0.239680859653978
15,913,0.248840639734641
16,913,0.240146787610371
17,913,0.256942792486167
18,913,0.24228520087339
1,914,0.241917533357861
2,914,0.258705487153726
3,914,0.235251481227111
4,914,0.254625501311617
5,914,0.230113038928481
6,914,0.257085246276343
7,914,0.248100104519632
8,914,0.242596738978988
9,914,0.237707327830372
10,914,0.236740594139788
11,914,0.251534784719348
12,914,0.252435413378058
13,914,0.232721417410299
14,914,0.249914631045191
15,914,0.239439213657985
16,914,0.248161711923545
17,914,0.229647837298922
18,914,0.244303383209277
1,915,0.250863767253701
2,915,0.226750935069518
3,915,0.240665558977285
4,915,0.235292800846742
5,915,0.260909238107502
6,915,0.226017063033301
7,915,0.237578914574347
8,915,0.259087456633803
9,915,0.233286306929309
10,915,0.238127505858662
11,915,0.260131250741193
12,915,0.254556341502117
13,915,0.260058540038532
14,915,0.246582978420425
15,915,0.258812757950742
16,915,0.233821359189693
17,915,0.247892311465926
18,915,0.233993205201346
1,916,0.25291723703756
2,916,0.241572093448136
3,916,0.254805127568776
4,916,0.247832795643713
5,916,0.256456301779486
6,916,0.25275215839874
7,916,0.234850628129439
8,916,0.235502728158841
9,916,0.233507164347917
10,916,0.244870677861851
11,916,0.256157011371339
12,916,0.226794780917931
13,916,0.230211795264855
14,916,0.229695331258932
15,916,0.248796287348028
16,916,0.23412723636278
17,916,0.234096101616975
18,916,0.252129775037989
1,917,0.260289725885028
2,917,0.2593590274991
3,917,0.255229330318049
4,917,0.258846175105078
5,917,0.250539869995788
6,917,0.260884614780312
7,917,0.24622203644854
8,917,0.255461589462589
9,917,0.2333196238745
10,917,0.260907796414336
11,917,0.237069092461839
12,917,0.242807461827993
13,917,0.244869963611942
14,917,0.251821463239845
15,917,0.246584908169694
16,917,0.248814901182428
17,917,0.247977711945074
18,917,0.250371452364139
1,918,0.226162539615994
2,918,0.228660493528238
3,918,0.248339519519592
4,918,0.229840814140858
5,918,0.251231857290491
6,918,0.248747127652401
7,918,0.25627044019429
8,918,0.232688539993484
9,918,0.258939953116002
10,918,0.227952742952853
11,918,0.254342257356271
12,918,0.242645316659706
13,918,0.255570010142634
14,918,0.238304586858954
15,918,0.237776572105009
16,918,0.232799732547952
17,918,0.236230133376317
18,918,0.2336240981929
1,919,0.23277323177224
2,919,0.238129245245596
3,919,0.259210053301882
4,919,0.250096722967224
5,919,0.2267138077321
6,919,0.229759988958482
7,919,0.247045756711392
8,919,0.253615312210983
9,919,0.244058117207838
10,919,0.260487566533498
11,919,0.249500300000887
12,919,0.230869489420671
13,919,0.253991914720042
14,919,0.2429195911102
15,919,0.229035259888275
16,919,0.228293616668321
17,919,0.253576036183164
18,919,0.260703237026697
1,920,0.248964124488644
2,920,0.251620904451935
3,920,0.242599300069502
4,920,0.250681325206766
5,920,0.237398025805829
6,920,0.238374123489717
7,920,0.248831977441674
8,920,0.25575569116883
9,920,0.233887465761742
10,920,0.256173612311482
11,920,0.248937820830848
12,920,0.231205026601907
13,920,0.243621989105828
14,920,0.246428902121494
15,920,0.227709114010446
16,920,0.235502612653887
17,920,0.259547591096722
18,920,0.252096843975829
1,921,0.260361283795442
2,921,0.250394995784387
3,921,0.255971272543771
4,921,0.231276542080101
5,921,0.237887707599672
6,921,0.243199642495252
7,921,0.235727044589818
8,921,0.250091533988249
9,921,0.256173221726436
10,921,0.240133281329414
11,921,0.254927564938786
12,921,0.227487200577976
13,921,0.256226460146951
14,921,0.242852859797655
15,921,0.23980948951235
16,921,0.243859964295058
17,921,0.25662626619474
18,921,0.255413423937513
1,922,0.259698007003404
2,922,0.231350456628948
3,922,0.245818683973281
4,922,0.255892171664396
5,922,0.246077447422082
6,922,0.246453101207968
7,922,0.243994861099869
8,922,0.258067972098012
9,922,0.230173315189546
10,922,0.251896220190916
11,922,0.230318046425469
12,922,0.242994602385676
13,922,0.235784719072049
14,922,0.227048393818783
15,922,0.249743281206116
16,922,0.227942608603276
17,922,0.247127546564676
18,922,0.250091401264304
1,923,0.257096207911614
2,923,0.250571956186555
3,923,0.232527810636908
4,923,0.248328643050278
5,923,0.241977437328547
6,923,0.24776268790965
7,923,0.237127400681144
8,923,0.24333053434873
9,923,0.246267279895488
10,923,0.229584497972624
11,923,0.251717885806225
12,923,0.23737519944692
13,923,0.259413570423145
14,923,0.240349361280911
15,923,0.259316067291889
16,923,0.250216731326887
17,923,0.259881970579969
18,923,0.25512730568205
1,924,0.251662864352344
2,924,0.238007279063109
3,924,0.259751715975814
4,924,0.235967454249272
5,924,0.230703706905711
6,924,0.227177173774922
7,924,0.245561522697331
8,924,0.251357850891305
9,924,0.258425275199348
10,924,0.231898805209436
11,924,0.239455099802231
12,924,0.233865762426518
13,924,0.249904163887491
14,924,0.228325608566171
15,924,0.253198336059228
16,924,0.250822802575072
17,924,0.240570952458307
18,924,0.228018389306031
1,925,0.257314523479668
2,925,0.226618984089233
3,925,0.250733597628074
4,925,0.238693744758144
5,925,0.233520067385631
6,925,0.226999638154171
7,925,0.256824978704331
8,925,0.255563290767837
9,925,0.229809442908969
10,925,0.260617361578858
11,925,0.25494890135387
12,925,0.236468727821717
13,925,0.233392950272188
14,925,0.259712625665357
15,925,0.251506698435638
16,925,0.226669418030884
17,925,0.24947712288145
18,925,0.239966118467506
1,926,0.25680044324859
2,926,0.228623614525655
3,926,0.249163729354274
4,926,0.252948601579061
5,926,0.254067798777483
6,926,0.232633177158656
7,926,0.23433573544398
8,926,0.254300758603727
9,926,0.242224330194527
10,926,0.239324004091555
11,926,0.255922969519394
12,926,0.259219584277831
13,926,0.233008594352519
14,926,0.256724139391677
15,926,0.231384425874799
16,926,0.256334547081729
17,926,0.241258573292522
18,926,0.254528662908357
1,927,0.241806004295591
2,927,0.254134489173535
3,927,0.243531818404095
4,927,0.24825534301484
5,927,0.260642058826284
6,927,0.245128664736636
7,927,0.228322841923451
8,927,0.256874709242489
9,927,0.232276223351015
10,927,0.256344382384792
11,927,0.233179822045146
12,927,0.253107461929554
13,927,0.25841002457682
14,927,0.255108139576856
15,927,0.257303391708061
16,927,0.249302864230936
17,927,0.232135179562261
18,927,0.228140282766195
1,928,0.230995844123187
2,928,0.237160920505645
3,928,0.238962927920744
4,928,0.23471870767558
5,928,0.226807614859659
6,928,0.252369429531042
7,928,0.250109490722185
8,928,0.226958651864203
9,928,0.242416681415867
10,928,0.250349803896621
11,928,0.22750496166083
12,928,0.251089464251651
13,928,0.240209084678441
14,928,0.252423700593878
15,928,0.242870807412779
16,928,0.227942033710657
17,928,0.25394987884583
18,928,0.256104391783243
1,929,0.242737188985571
2,929,0.227073014375288
3,929,0.23432841028343
4,929,0.230041729711462
5,929,0.235123887124006
6,929,0.234924626059597
7,929,0.257912826763
8,929,0.231128464077134
9,929,0.239330068452051
10,929,0.234883519578958
11,929,0.247604288552189
12,929,0.250183513531461
13,929,0.249017083485611
14,929,0.228233523639152
15,929,0.249502601592336
16,929,0.241028038776945
17,929,0.228330284903292
18,929,0.239283465772402
1,930,0.252390763346572
2,930,0.250190522108693
3,930,0.25688792720926
4,930,0.230460910317721
5,930,0.260302599056391
6,930,0.255173016070854
7,930,0.229284292391036
8,930,0.252517156366026
9,930,0.230430444301106
10,930,0.23213906743587
11,930,0.249461080446141
12,930,0.226796471842332
13,930,0.236718513926258
14,930,0.231421332184924
15,930,0.25730968404701
16,930,0.238912155580707
17,930,0.228281610713108
18,930,0.240961664312286
1,931,0.248575968159363
2,931,0.257963347239653
3,931,0.248767008887604
4,931,0.233425536090741
5,931,0.25441251783655
6,931,0.252191372997127
7,931,0.254585289900657
8,931,0.24635575818154
9,931,0.24506103493995
10,931,0.238149718152359
11,931,0.227713279848918
12,931,0.234601047911216
13,931,0.248027295310982
14,931,0.227219291319139
15,931,0.248660449667601
16,931,0.228325518355938
17,931,0.227131427073851
18,931,0.248825582937803
1,932,0.256432320713298
2,932,0.259668998391367
3,932,0.245010517804418
4,932,0.251395570226246
5,932,0.230624403578928
6,932,0.245514745154884
7,932,0.247268026054604
8,932,0.226483970573405
9,932,0.255068294686731
10,932,0.255844057331793
11,932,0.251209548935527
12,932,0.246092722059926
13,932,0.237991443907609
14,932,0.236849040114554
15,932,0.260680672945688
16,932,0.253797965204809
17,932,0.240910014431225
18,932,0.256656425040215
1,933,0.24805798824667
2,933,0.241205903204624
3,933,0.249922155955806
4,933,0.24767423833278
5,933,0.254977297685342
6,933,0.250377135983668
7,933,0.254047239792068
8,933,0.252347698920872
9,933,0.243231159742223
10,933,0.253775481546996
11,933,0.24166101507633
12,933,0.254719262062805
13,933,0.230903804350179
14,933,0.24041078640637
15,933,0.249150248946622
16,933,0.253955545653822
17,933,0.252678946674801
18,933,0.236803809616482
1,934,0.237791270497488
2,934,0.254568761593197
3,934,0.254111954641063
4,934,0.254722227477701
5,934,0.244370403333101
6,934,0.226477420006646
7,934,0.250499369219411
8,934,0.2302295564292
9,934,0.234015636142809
10,934,0.23885743536544
11,934,0.256030757937348
12,934,0.244201356503414
13,934,0.229446148242801
14,934,0.251209732974181
15,934,0.260371943043079
16,934,0.231103268546518
17,934,0.241020242852625
18,934,0.253973608195316
1,935,0.228802042649128
2,935,0.242252147550695
3,935,0.231184703898849
4,935,0.230457677124301
5,935,0.226794984954409
6,935,0.244430223099422
7,935,0.240667978151701
8,935,0.228052173030097
9,935,0.246125279152999
10,935,0.227037727782968
11,935,0.235095128957415
12,935,0.2402893419764
13,935,0.241151109411381
14,935,0.255994248845615
15,935,0.229374340049922
16,935,0.246047329835361
17,935,0.255591372292489
18,935,0.2538401822655
1,936,0.241191593506606
2,936,0.259900779185351
3,936,0.247431613494642
4,936,0.250802506323904
5,936,0.260408095531398
6,936,0.23682121833344
7,936,0.255241554269102
8,936,0.250401790497359
9,936,0.230114760542288
10,936,0.246297636975301
11,936,0.256437613177346
12,936,0.260212087014457
13,936,0.227664419305744
14,936,0.233371579451719
15,936,0.260928014499601
16,936,0.248486506198766
17,936,0.258546789743938
18,936,0.239399830934359
1,937,0.228080143825151
2,937,0.228024233584525
3,937,0.233008898972999
4,937,0.247582532337634
5,937,0.258888955136295
6,937,0.242786076877033
7,937,0.230304786156863
8,937,0.232246846629074
9,937,0.26071266613109
10,937,0.251092314854264
11,937,0.257763035360491
12,937,0.242520997465123
13,937,0.253944403598085
14,937,0.228169287254801
15,937,0.237392016712343
16,937,0.236506302689901
17,937,0.259346531809075
18,937,0.255043200302403
1,938,0.2460227154803
2,938,0.244816956804367
3,938,0.256115418545902
4,938,0.232719529522816
5,938,0.235900417370955
6,938,0.235000680351164
7,938,0.253716218802379
8,938,0.252848425552016
9,938,0.231789859419456
10,938,0.233853451948613
11,938,0.236359225531574
12,938,0.247004737621406
13,938,0.240996136217378
14,938,0.234882832742529
15,938,0.256989910366479
16,938,0.260313925810857
17,938,0.246036016103113
18,938,0.250817177188816
1,939,0.237385544270743
2,939,0.247711240313016
3,939,0.231180132945534
4,939,0.251085028385511
5,939,0.23406677431101
6,939,0.235914864177117
7,939,0.247816201125039
8,939,0.253078802089673
9,939,0.248398399290396
10,939,0.241016631705221
11,939,0.239573652273044
12,939,0.241575997187989
13,939,0.234773572382052
14,939,0.249417561937822
15,939,0.226670146517223
16,939,0.256915837831562
17,939,0.248656391698401
18,939,0.245983490799787
1,940,0.238416013731854
2,940,0.259987839956535
3,940,0.242865092476364
4,940,0.238368028553901
5,940,0.241584656294668
6,940,0.234504099609563
7,940,0.226713810127927
8,940,0.236704128670041
9,940,0.242270966464654
10,940,0.245389349687845
11,940,0.259751415291335
12,940,0.258472247455735
13,940,0.259873056146549
14,940,0.251378049280262
15,940,0.228328912240919
16,940,0.226665960420156
17,940,0.243926038360456
18,940,0.248746459738119
1,941,0.22665783347236
2,941,0.259633803345729
3,941,0.235694827557541
4,941,0.250578298300039
5,941,0.2595602558963
6,941,0.250678601998603
7,941,0.253907342357794
8,941,0.242592197272694
9,941,0.238799948067404
10,941,0.228535093432525
11,941,0.238121014576405
12,941,0.240824380937498
13,941,0.242358191488544
14,941,0.247182403545827
15,941,0.230143314517569
16,941,0.256704031001078
17,941,0.244897511682007
18,941,0.251468180793105
1,942,0.233003975759726
2,942,0.257070358629804
3,942,0.229071988524171
4,942,0.22841160017089
5,942,0.233171430554008
6,942,0.250106049442198
7,942,0.255823552456219
8,942,0.242028896635398
9,942,0.231115434557665
10,942,0.24928908916912
11,942,0.231920800892636
12,942,0.24072114308388
13,942,0.226351728451205
14,942,0.246728041372495
15,942,0.250713222249411
16,942,0.250589904559543
17,942,0.244717059540795
18,942,0.228562810881063
1,943,0.238229505639989
2,943,0.257301405086415
3,943,0.254624898076523
4,943,0.254269341981504
5,943,0.243785763567081
6,943,0.256179535049247
7,943,0.251108685436426
8,943,0.256316567897098
9,943,0.237796726831235
10,943,0.234000481589697
11,943,0.235198041019263
12,943,0.25258989393618
13,943,0.256272874053335
14,943,0.239713153548306
15,943,0.253919829809107
16,943,0.260815886211582
17,943,0.254685560171725
18,943,0.255362689140253
1,944,0.249150984783424
2,944,0.247483420660952
3,944,0.241797455494758
4,944,0.228826266248012
5,944,0.232737626526738
6,944,0.231548633548897
7,944,0.260162368308753
8,944,0.2348554407435
9,944,0.245646479964722
10,944,0.260326509323437
11,944,0.238790244404459
12,944,0.244572227517143
13,944,0.259658469594084
14,944,0.260669039883884
15,944,0.259394935238175
16,944,0.250539964842843
17,944,0.234843420119956
18,944,0.256121872269083
1,945,0.243463780273683
2,945,0.242305656821933
3,945,0.239560363450088
4,945,0.231164469515439
5,945,0.255071937020635
6,945,0.226486879653763
7,945,0.239199212845648
8,945,0.260619361010846
9,945,0.247260320837609
10,945,0.22973996985727
11,945,0.244078629327938
12,945,0.249563810099149
13,945,0.243431835061871
14,945,0.248180573546793
15,945,0.231756727221888
16,945,0.243014314837288
17,945,0.245504433954135
18,945,0.243783705127658
1,946,0.249660966870375
2,946,0.226840647980804
3,946,0.244026976464316
4,946,0.22709171280521
5,946,0.238436500288313
6,946,0.253451442821184
7,946,0.250990477174288
8,946,0.228579414974898
9,946,0.245194037240231
10,946,0.23629563699849
11,946,0.25391417735978
12,946,0.230249868636252
13,946,0.231353688274045
14,946,0.258254101657309
15,946,0.260098501248518
16,946,0.255902566425735
17,946,0.231187246963615
18,946,0.227228084502509
1,947,0.236905817514285
2,947,0.250454180721659
3,947,0.25307534803194
4,947,0.236598505265079
5,947,0.248806697299238
6,947,0.229632284753257
7,947,0.228400505159749
8,947,0.230122056309134
9,947,0.235240458832355
10,947,0.244210717921611
11,947,0.252824881659122
12,947,0.24323476339248
13,947,0.260447022118839
14,947,0.228578028157586
15,947,0.259482264667982
16,947,0.255005943745142
17,947,0.260113055467606
18,947,0.248321257985895
1,948,0.256562046401901
2,948,0.242112956551369
3,948,0.250026393488748
4,948,0.248026783288457
5,948,0.239666239785962
6,948,0.235764409440104
7,948,0.252240409389138
8,948,0.236192476577358
9,948,0.235439504655311
10,948,0.228980772109004
11,948,0.226790309798904
12,948,0.25991722904169
13,948,0.257055415414739
14,948,0.259853006918216
15,948,0.236600375306094
16,948,0.234040268026525
17,948,0.252821633202489
18,948,0.240669148692628
1,949,0.227478275249247
2,949,0.253312914227368
3,949,0.226009193710284
4,949,0.232050154168624
5,949,0.241920453740982
6,949,0.244577882427489
7,949,0.228587353622075
8,949,0.230303988281172
9,949,0.238459043124691
10,949,0.233685072389431
11,949,0.248151729448233
12,949,0.240068431979977
13,949,0.236357230654918
14,949,0.228206834905082
15,949,0.243921976210782
16,949,0.251441960972967
17,949,0.23419852175191
18,949,0.234220256395871
1,950,0.230769392366288
2,950,0.242305280905217
3,950,0.240222888807999
4,950,0.226610884986818
5,950,0.255555552653037
6,950,0.243451938734157
7,950,0.230736436343519
8,950,0.259311124162283
9,950,0.254323283772916
10,950,0.233640726293903
11,950,0.236270418894943
12,950,0.236059402720071
13,950,0.229239377327263
14,950,0.252843120587291
15,950,0.251804283691105
16,950,0.248217074970249
17,950,0.252857843459584
18,950,0.244701212365413
1,951,0.256740436061751
2,951,0.260093725288985
3,951,0.25131627693912
4,951,0.251552756325342
5,951,0.242900549172424
6,951,0.230375293839257
7,951,0.258755526354304
8,951,0.241900729130954
9,951,0.237582341389731
10,951,0.247581436385168
11,951,0.242311645094538
12,951,0.226577965569682
13,951,0.238970514910994
14,951,0.228446403254289
15,951,0.253021279049804
16,951,0.249493892597035
17,951,0.238382509643212
18,951,0.260077621173346
1,952,0.251995641907211
2,952,0.233222242685966
3,952,0.228648800000316
4,952,0.249253824277781
5,952,0.23362802006444
6,952,0.233915427535772
7,952,0.247538737926167
8,952,0.257876311860979
9,952,0.246190607187105
10,952,0.231146237424342
11,952,0.234478548380081
12,952,0.230963655131869
13,952,0.258128966544988
14,952,0.238444638734451
15,952,0.253776823055465
16,952,0.249345414743526
17,952,0.244702042413643
18,952,0.246853326900397
1,953,0.247561791554559
2,953,0.258879380676895
3,953,0.239808780428953
4,953,0.250140024058288
5,953,0.25708903698856
6,953,0.245613828106085
7,953,0.248558546835789
8,953,0.250814367470099
9,953,0.226794893375132
10,953,0.241657582189888
11,953,0.243943444697885
12,953,0.232457452017348
13,953,0.24280798684014
14,953,0.250952863866929
15,953,0.231408401350724
16,953,0.244223425300093
17,953,0.238460055451374
18,953,0.255755256758071
1,954,0.259492059054552
2,954,0.240720090028131
3,954,0.260803412230685
4,954,0.229703226895304
5,954,0.256172386405757
6,954,0.241045530834468
7,954,0.237491773771122
8,954,0.238617182037793
9,954,0.255383010596503
10,954,0.259133286903612
11,954,0.252540289822733
12,954,0.233357519514626
13,954,0.259620771960123
14,954,0.23044640682661
15,954,0.235028161419556
16,954,0.258482391527155
17,954,0.254435666393489
18,954,0.252801696904004
1,955,0.260845735188574
2,955,0.253420825557783
3,955,0.226622574578738
4,955,0.256118189230561
5,955,0.254349376100814
6,955,0.237824044388486
7,955,0.257742248657392
8,955,0.231348514346406
9,955,0.250062729029683
10,955,0.243747807925334
11,955,0.251098104150966
12,955,0.22971060481295
13,955,0.233884994139895
14,955,0.233830409680028
15,955,0.234085625707172
16,955,0.23086026343191
17,955,0.231342774286401
18,955,0.256839464104502
1,956,0.227497415595222
2,956,0.260110444349935
3,956,0.24936021474679
4,956,0.25379021732742
5,956,0.245044037938584
6,956,0.227314931181259
7,956,0.243088332170388
8,956,0.2329546368171
9,956,0.245684133862611
10,956,0.256781664313981
11,956,0.237882628021995
12,956,0.230604818106163
13,956,0.259657335177995
14,956,0.232684215614805
15,956,0.248385758009041
16,956,0.247624074858846
17,956,0.243210450316779
18,956,0.259397985884221
1,957,0.231062376745045
2,957,0.22777341986564
3,957,0.231707555367844
4,957,0.258251985571347
5,957,0.233936025498202
6,957,0.242873792043189
7,957,0.249827238949016
8,957,0.245617983538192
9,957,0.254708463107469
10,957,0.257880117461551
11,957,0.235999935262604
12,957,0.25272668824438
13,957,0.233009468340548
14,957,0.235118691267213
15,957,0.234139068718301
16,957,0.235302037119633
17,957,0.230870403673267
18,957,0.260067468227586
1,958,0.245027690344956
2,958,0.229419294481864
3,958,0.257136359866941
4,958,0.245123844617279
5,958,0.226160120588262
6,958,0.253523334745783
7,958,0.242397565720836
8,958,0.237527785973158
9,958,0.257677556756185
10,958,0.239772484492511
11,958,0.233532231155783
12,958,0.234378798345802
13,958,0.241996944374638
14,958,0.254503576013027
15,958,0.253529421703657
16,958,0.244548808679916
17,958,0.248491794816451
18,958,0.240162237893324
1,959,0.248028884934261
2,959,0.235208849663846
3,959,0.226388603289612
4,959,0.257498457686976
5,959,0.237917581993621
6,959,0.249772759009153
7,959,0.24088325114944
8,959,0.226256461767713
9,959,0.25594360318291
10,959,0.257330065276707
11,959,0.247875733294291
12,959,0.24049567637872
13,959,0.253151549691334
14,959,0.240071274115704
15,959,0.254126900088973
16,959,0.229421883629635
17,959,0.228576087097405
18,959,0.248832823673962
1,960,0.250710706777405
2,960,0.238769298990024
3,960,0.250296728449408
4,960,0.24162075094902
5,960,0.229449362367392
6,960,0.260904357261257
7,960,0.226645077289082
8,960,0.247853845472215
9,960,0.246875934065552
10,960,0.257142375895288
11,960,0.249665789385559
12,960,0.231661766633857
13,960,0.234558840001933
14,960,0.259019322931068
15,960,0.255653055939125
16,960,0.255974587936886
17,960,0.228998111493653
18,960,0.229142064900603
1,961,0.260076653218362
2,961,0.260218797001522
3,961,0.251579298938392
4,961,0.245019249380799
5,961,0.25861702251737
6,961,0.260727309647715
7,961,0.253748940865276
8,961,0.230038282661932
9,961,0.248224212856963
10,961,0.234698445446789
11,961,0.248843653351301
12,961,0.242139322736999
13,961,0.257526779812993
14,961,0.2500877048939
15,961,0.256365424642805
16,961,0.242025099509861
17,961,0.246980778565863
18,961,0.237178954843199
1,962,0.260296291340142
2,962,0.248254803595133
3,962,0.231114129565191
4,962,0.254964888196206
5,962,0.229367928294465
6,962,0.252541937084403
7,962,0.260756157951197
8,962,0.23194597710995
9,962,0.233481893756194
10,962,0.26072614225233
11,962,0.259048208296532
12,962,0.233256814979482
13,962,0.253801354591502
14,962,0.25236822125176
15,962,0.237685155809391
16,962,0.234864685255103
17,962,0.243699608671246
18,962,0.248840157268802
1,963,0.238028812041972
2,963,0.23376026982232
3,963,0.24487515695882
4,963,0.250983352872077
5,963,0.236849504742073
6,963,0.251115115926601
7,963,0.230947786997072
8,963,0.251294553736458
9,963,0.252396590153454
10,963,0.249362033155281
11,963,0.239453997534234
12,963,0.234639850037871
13,963,0.24091624705377
14,963,0.253236452148063
15,963,0.238725160231348
16,963,0.235559400639264
17,963,0.248246264931746
18,963,0.2433724827345
1,964,0.231725385815604
2,964,0.233305399489123
3,964,0.248045046843123
4,964,0.249736680742586
5,964,0.236569429798052
6,964,0.243328073451063
7,964,0.240360070873518
8,964,0.236532322605141
9,964,0.236877142802347
10,964,0.259183843643637
11,964,0.244318521822803
12,964,0.243962173417909
13,964,0.249453718940727
14,964,0.230931110189063
15,964,0.232794937910745
16,964,0.242986485664966
17,964,0.235940113532357
18,964,0.240685704144649
1,965,0.241703136964003
2,965,0.230326660223305
3,965,0.227927835565293
4,965,0.232401927855331
5,965,0.241824744791025
6,965,0.229172289150534
7,965,0.259275971719995
8,965,0.250577471617376
9,965,0.238553518622881
10,965,0.233072866429808
11,965,0.24295275298669
12,965,0.257311534016859
13,965,0.230743260393152
14,965,0.236698579567252
15,965,0.238935532295378
16,965,0.227816265798407
17,965,0.25041546235932
18,965,0.240033579659881
1,966,0.253442106632516
2,966,0.233392362952232
3,966,0.245707994770724
4,966,0.243457113069249
5,966,0.240259742320282
6,966,0.232850214650622
7,966,0.2301914633126
8,966,0.250079185527517
9,966,0.243313760175603
10,966,0.251996038962621
11,966,0.247755202342756
12,966,0.243205321233487
13,966,0.238336872033775
14,966,0.255153444997501
15,966,0.254987365962239
16,966,0.24814071994531
17,966,0.246688960824627
18,966,0.230389018458314
1,967,0.231955739780329
2,967,0.253007160088979
3,967,0.238513393209083
4,967,0.250941366593121
5,967,0.235232796838041
6,967,0.239834040435031
7,967,0.229587350384332
8,967,0.260026123239892
9,967,0.230502455471084
10,967,0.257618890882237
11,967,0.23869519023248
12,967,0.237188547026832
13,967,0.234003281635465
14,967,0.236402154511539
15,967,0.245568947553635
16,967,0.243966724438593
17,967,0.22698349592532
18,967,0.248473291882779
1,968,0.229012740040431
2,968,0.258903698650189
3,968,0.258022174375597
4,968,0.246445024491055
5,968,0.238603130168281
6,968,0.255100838700542
7,968,0.247066964607453
8,968,0.260818755174056
9,968,0.253582094317768
10,968,0.242845771726221
11,968,0.242495782091515
12,968,0.248274004089413
13,968,0.257168331424706
14,968,0.250143860975746
15,968,0.253760921134613
16,968,0.254963237080025
17,968,0.260285547505133
18,968,0.246399842854822
1,969,0.254544990210794
2,969,0.236048477625242
3,969,0.26006270951964
4,969,0.23724448176357
5,969,0.243948398861336
6,969,0.247419364908943
7,969,0.230319263106445
8,969,0.258934196040733
9,969,0.256052133924328
10,969,0.251304050535196
11,969,0.239293304066174
12,969,0.255909393897979
13,969,0.249981983463746
14,969,0.231862639128463
15,969,0.259578142328188
16,969,0.246281584532931
17,969,0.253576766934944
18,969,0.260398932331242
1,970,0.228345329142408
2,970,0.229857041250449
3,970,0.258705425660824
4,970,0.24617948313267
5,970,0.252932255313732
6,970,0.252051315938821
7,970,0.242067660420667
8,970,0.236759596595308
9,970,0.234786496305838
10,970,0.239496029822854
11,970,0.242972869184101
12,970,0.242067864783108
13,970,0.229420325608458
14,970,0.255597134053474
15,970,0.226439230893971
16,970,0.22606317174877
17,970,0.233614558921196
18,970,0.252774937118171
1,971,0.243009814927587
2,971,0.239597138291225
3,971,0.229848529625684
4,971,0.247899667413672
5,971,0.226443663842743
6,971,0.232022550228518
7,971,0.251256209033541
8,971,0.257293721268885
9,971,0.233614192620385
10,971,0.232761533509707
11,971,0.244143536323914
12,971,0.247063896897249
13,971,0.226280233842786
14,971,0.248711193363648
15,971,0.253547370622633
16,971,0.233759182630107
17,971,0.232292017573724
18,971,0.246740940767573
1,972,0.25699759531673
2,972,0.249817624192452
3,972,0.2444208961681
4,972,0.246578352892771
5,972,0.246442653991049
6,972,0.234368682421278
7,972,0.247590254912153
8,972,0.246525018476183
9,972,0.242018044792581
10,972,0.243577997217886
11,972,0.251981738155242
12,972,0.25653002877743
13,972,0.260026117763715
14,972,0.238595095060533
15,972,0.247757769781398
16,972,0.234618840229465
17,972,0.241707215770381
18,972,0.242257506437833
1,973,0.240559798325645
2,973,0.232827185697621
3,973,0.230074190058745
4,973,0.256306474089157
5,973,0.245936175891198
6,973,0.232587714656489
7,973,0.22877849448612
8,973,0.245150655921549
9,973,0.230802892388543
10,973,0.247404870104743
11,973,0.258248118062271
12,973,0.259562890434405
13,973,0.228185029690154
14,973,0.247556712286547
15,973,0.260421140159247
16,973,0.240664516360499
17,973,0.252550067299977
18,973,0.236875970884226
1,974,0.259642588298535
2,974,0.228316230931319
3,974,0.249611483004643
4,974,0.226042887313757
5,974,0.240890495699365
6,974,0.247601631066296
7,974,0.259405639362754
8,974,0.235610982271843
9,974,0.243782552506542
10,974,0.251551954660332
11,974,0.237793149372097
12,974,0.250381689253496
13,974,0.235833208465716
14,974,0.246352282031672
15,974,0.236243257327238
16,974,0.234924070472131
17,974,0.249565602960298
18,974,0.240663982775528
1,975,0.248872031331062
2,975,0.226904091908596
3,975,0.244398855200503
4,975,0.230713191863848
5,975,0.227188776831841
6,975,0.237192482385086
7,975,0.230619926779997
8,975,0.260041829151101
9,975,0.226411630311282
10,975,0.234598507494899
11,975,0.229892227266915
12,975,0.259715279524913
13,975,0.259871720171301
14,975,0.235715111316182
15,975,0.25875974487653
16,975,0.253572474948829
17,975,0.234196218481753
18,975,0.232049774601124
1,976,0.257287510567345
2,976,0.243320805651834
3,976,0.241591850760393
4,976,0.248400379938772
5,976,0.240994678592775
6,976,0.2537833356068
7,976,0.255886248885887
8,976,0.251872749020346
9,976,0.241700143508147
10,976,0.246182587301824
11,976,0.257031281977193
12,976,0.226173594501102
13,976,0.247537458709208
14,976,0.240838253128109
15,976,0.231700635811081
16,976,0.256959682107205
17,976,0.249022418430774
18,976,0.228700285041938
1,977,0.242987978289835
2,977,0.249324700355297
3,977,0.236602849991992
4,977,0.252479419575771
5,977,0.240634544283617
6,977,0.23193998088385
7,977,0.243633101531537
8,977,0.258031261447119
9,977,0.251722210690146
10,977,0.242909217406064
11,977,0.244493296350352
12,977,0.25280295188562
13,977,0.246394825047115
14,977,0.254313003489748
15,977,0.229542389563518
16,977,0.238932373038493
17,977,0.240895202685148
18,977,0.260318917280762
1,978,0.242010272899875
2,978,0.241933355898596
3,978,0.238576364637353
4,978,0.244808017385891
5,978,0.238017447932158
6,978,0.25468066017516
7,978,0.243644884063629
8,978,0.233415053352015
9,978,0.243531870566309
10,978,0.244549663941376
11,978,0.249897048581857
12,978,0.260113687672652
13,978,0.258373076861259
14,978,0.255037532948423
15,978,0.240462027350673
16,978,0.239423556559719
17,978,0.239833854432451
18,978,0.23586697058659
1,979,0.260391413059784
2,979,0.256087233242812
3,979,0.237944267003564
4,979,0.235882618696429
5,979,0.236137069843477
6,979,0.236685460733948
7,979,0.250342933364678
8,979,0.229163818572648
9,979,0.2415787586316
10,979,0.227818800371839
11,979,0.249964622410713
12,979,0.248587285811314
13,979,0.253312856914941
14,979,0.231253935632063
15,979,0.260909498796333
16,979,0.235058013476897
17,979,0.257170701932861
18,979,0.250396813891362
1,980,0.254948574681999
2,980,0.260464456937276
3,980,0.247717233572854
4,980,0.252813778335927
5,980,0.238087929464178
6,980,0.259626002694946
7,980,0.24420215187734
8,980,0.241536218362395
9,980,0.231293347961269
10,980,0.248493869741447
11,980,0.25371312065539
12,980,0.233938731666654
13,980,0.251763893701369
14,980,0.254601029614219
15,980,0.257522521221777
16,980,0.249497310024686
17,980,0.231545036189724
18,980,0.24199792464287
1,981,0.239890507232863
2,981,0.232064605350839
3,981,0.231777169121429
4,981,0.253447719949996
5,981,0.240580997934099
6,981,0.247590858261334
7,981,0.246439636340598
8,981,0.231990737072425
9,981,0.253889091768302
10,981,0.259548063368071
11,981,0.247621685681166
12,981,0.250633472923888
13,981,0.235369690817548
14,981,0.235178997125709
15,981,0.242254254705273
16,981,0.226262395816389
17,981,0.231886674891226
18,981,0.22764247417124
1,982,0.249032187270001
2,982,0.254752394928597
3,982,0.251055100851459
4,982,0.24648781956546
5,982,0.229683622573735
6,982,0.252515646538464
7,982,0.253225960184587
8,982,0.231567743498832
9,982,0.254878102219896
10,982,0.242947729800595
11,982,0.251996780348942
12,982,0.247549987940816
13,982,0.254352148024132
14,982,0.238515593165299
15,982,0.232052704722388
16,982,0.252603654386709
17,982,0.232508596191416
18,982,0.254525799951749
1,983,0.257763707479695
2,983,0.238688233206281
3,983,0.252837150095962
4,983,0.228246504361974
5,983,0.239301695858827
6,983,0.252632337386254
7,983,0.251382940891432
8,983,0.22783498029015
9,983,0.259774950668449
10,983,0.241111187952571
11,983,0.246111309890635
12,983,0.234592850636924
13,983,0.238012915499508
14,983,0.24559061774658
15,983,0.235817412645789
16,983,0.238511332724243
17,983,0.230364985156572
18,983,0.258720048209885
1,984,0.246347020045156
2,984,0.24330042237672
3,984,0.250327382815536
4,984,0.244588055599248
5,984,0.245890775810927
6,984,0.243543175856117
7,984,0.248323436787119
8,984,0.24120523336716
9,984,0.24139601657656
10,984,0.236705397912534
11,984,0.249836744450964
12,984,0.256522973302286
13,984,0.233134198533604
14,984,0.252109623163939
15,984,0.24042769938265
16,984,0.230850112800486
17,984,0.242950563616119
18,984,0.253990228147246
1,985,0.257744068353437
2,985,0.243149800168118
3,985,0.226690467484528
4,985,0.245626784976572
5,985,0.260597279803129
6,985,0.226702758877305
7,985,0.234464131065412
8,985,0.235010755285854
9,985,0.256091741399374
10,985,0.253256289524958
11,985,0.23983980471408
12,985,0.236406435447512
13,985,0.23955162551743
14,985,0.246206324009923
15,985,0.241688722884515
16,985,0.250603421263164
17,985,0.226258803664474
18,985,0.227923638695152
1,986,0.26092966563208
2,986,0.22796971307043
3,986,0.24706110749417
4,986,0.227773260445334
5,986,0.252200916261878
6,986,0.234134242992383
7,986,0.235663768263999
8,986,0.254318512539845
9,986,0.234224593698978
10,986,0.253393074812135
11,986,0.257923087643227
12,986,0.232412829611218
13,986,0.253483999392716
14,986,0.259147363978205
15,986,0.256389243705431
16,986,0.258016647022683
17,986,0.239168507433729
18,986,0.255062540406594
1,987,0.229181827028748
2,987,0.256163308510091
3,987,0.235511139419628
4,987,0.242299008865608
5,987,0.259316432598513
6,987,0.235661463510711
7,987,0.228038232558407
8,987,0.253062953056302
9,987,0.259654760364443
10,987,0.248899542249506
11,987,0.236915922657587
12,987,0.259062537487131
13,987,0.228048227477353
14,987,0.230514968249714
15,987,0.230470072311815
16,987,0.257985283141257
17,987,0.248286572020967
18,987,0.23054179293476
1,988,0.23955156673817
2,988,0.241332361327019
3,988,0.226167411873117
4,988,0.226580109248403
5,988,0.238474021503003
6,988,0.244142171174986
7,988,0.258966548966942
8,988,0.248000700103818
9,988,0.238808840759099
10,988,0.251384900849313
11,988,0.25888040046813
12,988,0.253048804522492
13,988,0.234651093345834
14,988,0.237571315458277
15,988,0.252963038541144
16,988,0.228648445336381
17,988,0.238742869037902
18,988,0.258726924389135
1,989,0.254629837881308
2,989,0.247765933114802
3,989,0.227128268892644
4,989,0.238187945785699
5,989,0.246323809204856
6,989,0.234431056824047
7,989,0.257940503946971
8,989,0.252384759020293
9,989,0.232972174240509
10,989,0.242032858967083
11,989,0.259293453591177
12,989,0.254137347525917
13,989,0.238001080405898
14,989,0.233327690983657
15,989,0.236046882387251
16,989,0.233360398125602
17,989,0.230676874169381
18,989,0.243835363133345
1,990,0.251031979243504
2,990,0.254037925524404
3,990,0.230698605081066
4,990,0.229152724987594
5,990,0.228759298302699
6,990,0.238535592097556
7,990,0.240001204282977
8,990,0.247569598268252
9,990,0.227423883637181
10,990,0.236077832295792
11,990,0.232562037792755
12,990,0.241663577462547
13,990,0.260103991303127
14,990,0.243393115615705
15,990,0.244157720550662
16,990,0.233785923461197
17,990,0.254149307308486
18,990,0.246594371573534
1,991,0.227834267653758
2,991,0.257559662086656
3,991,0.226517034278018
4,991,0.255006491346518
5,991,0.255097696703393
6,991,0.255279966372997
7,991,0.244866287679411
8,991,0.231966003088979
9,991,0.25916457283101
10,991,0.229729371426161
11,991,0.25580790759786
12,991,0.249185445239069
13,991,0.226459964424372
14,991,0.256566848308081
15,991,0.256992161694448
16,991,0.255115721213166
17,991,0.231400409123395
18,991,0.250018987815361
1,992,0.242280300241197
2,992,0.25740758489375
3,992,0.247096306956606
4,992,0.251127838266781
5,992,0.234660305375233
6,992,0.227304670871468
7,992,0.233753779591294
8,992,0.229155388495652
9,992,0.243664050225867
10,992,0.252180398388533
11,992,0.247222221625503
12,992,0.239001451927703
13,992,0.227928667015163
14,992,0.229291584792314
15,992,0.259663349340204
16,992,0.253605041600764
17,992,0.257885052116122
18,992,0.259943235437619
1,993,0.238965465867892
2,993,0.250570186998462
3,993,0.227585061160149
4,993,0.227311265337281
5,993,0.255654569132254
6,993,0.248439904733328
7,993,0.260237005199539
8,993,0.232145522715524
9,993,0.230616018468514
10,993,0.242006083323155
11,993,0.245757461067056
12,993,0.258572945227148
13,993,0.228541876793839
14,993,0.250281657196116
15,993,0.236800056072185
16,993,0.247673018669244
17,993,0.251730473262956
18,993,0.248677940258291
1,994,0.228575604093727
2,994,0.237113418372115
3,994,0.230773992639966
4,994,0.239136436432833
5,994,0.238671829710016
6,994,0.243100925836712
7,994,0.236279792406363
8,994,0.228388209056808
9,994,0.243750368820271
10,994,0.260426645094063
11,994,0.241872293341672
12,994,0.244529077648418
13,994,0.22686764540989
14,994,0.227287933483254
15,994,0.22951109107025
16,994,0.247421642639907
17,994,0.245543233171571
18,994,0.256936617933912
1,995,0.24980422927672
2,995,0.249994396872586
3,995,0.258423659743508
4,995,0.256372218255652
5,995,0.251248643613886
6,995,0.246087629101472
7,995,0.243160575491143
8,995,0.24039071703353
9,995,0.251469491383992
10,995,0.259789238665486
11,995,0.230760624192422
12,995,0.23461023669946
13,995,0.226390314774122
14,995,0.23464296093001
15,995,0.240125763614429
16,995,0.250243159445468
17,995,0.239453950269613
18,995,0.247587539111497
1,996,0.233200394101674
2,996,0.242565865932498
3,996,0.226433919499628
4,996,0.253044814451365
5,996,0.229009545995155
6,996,0.250960688973078
7,996,0.258626375843538
8,996,0.254977022548206
9,996,0.230631784177618
10,996,0.244403331779409
11,996,0.243187889739871
12,996,0.227420959945535
13,996,0.238829668362392
14,996,0.248242534742691
15,996,0.259395208949223
16,996,0.246524937922601
17,996,0.245504724688595
18,996,0.232534937872784
1,997,0.260253820761805
2,997,0.236896782368654
3,997,0.255819965992356
4,997,0.255354469146347
5,997,0.228130327329505
6,997,0.227483078239253
7,997,0.24500933119352
8,997,0.248949816738255
9,997,0.249679708979325
10,997,0.235693692391738
11,997,0.235234423832968
12,997,0.231318738213973
13,997,0.238244050153531
14,997,0.234818630266469
15,997,0.243885767762782
16,997,0.233199987951899
17,997,0.226942738306476
18,997,0.245945276604267
1,998,0.226566453505307
2,998,0.239219473819481
3,998,0.234264787890948
4,998,0.251645761901978
5,998,0.24940431419434
6,998,0.231534231456695
7,998,0.256467820387566
8,998,0.244126427134266
9,998,0.226267601166852
10,998,0.249393537274096
11,998,0.240502764083445
12,998,0.250160855972441
13,998,0.23232471495308
14,998,0.254813285776414
15,998,0.235662205206696
16,998,0.244712030210299
17,998,0.255370016362518
18,998,0.234205095176818
1,999,0.260230552340159
2,999,0.252967948675156
3,999,0.238972086752998
4,999,0.247509178632405
5,999,0.24417768459674
6,999,0.247086739146849
7,999,0.227402840075316
8,999,0.23877797148563
9,999,0.260897028311389
10,999,0.238534754177323
11,999,0.243061212162953
12,999,0.229500849177362
13,999,0.252647705917712
14,999,0.246792700612219
15,999,0.249721101753181
16,999,0.231378403767245
17,999,0.229638253574027
18,999,0.24143397201458
1,1000,0.245777611197205
2,1000,0.258054187583271
3,1000,0.229290799229872
4,1000,0.257639498012373
5,1000,0.244886824703077
6,1000,0.248547124883858
7,1000,0.247750187933212
8,1000,0.255448552087415
9,1000,0.231809701865073
10,1000,0.24323614715389
11,1000,0.228960010831011
12,1000,0.238662601936609
13,1000,0.244345204086509
14,1000,0.230578305335017
15,1000,0.244896951050265
16,1000,0.257416960980277
17,1000,0.244984984087292
18,1000,0.256950382581213
