"year","iteration","price_m3"
1,1,43.7887015028716
2,1,47.4379566380016
3,1,73.182348841033
4,1,51.0238454270237
5,1,51.7558823249099
6,1,76.0086285354755
7,1,56.0871844554285
8,1,36.915128009705
9,1,42.4679068609996
10,1,45.0242218168754
11,1,67.4818340233683
12,1,54.7296418255372
13,1,55.2755915495461
14,1,51.5230468055202
15,1,43.8379109050246
16,1,77.3436956533867
17,1,56.5914698826431
18,1,31.1433669670109
1,2,59.4524745898207
2,2,44.729170052018
3,2,38.7225227908088
4,2,47.578450673755
5,2,39.116962543559
6,2,42.0374451540869
7,2,43.1088801035785
8,2,33.32940570143
9,2,61.451052326572
10,2,52.0588661847719
11,2,38.0682726383155
12,2,67.9698467815341
13,2,55.6208427865569
14,2,46.6977414069866
15,2,62.3109278588755
16,2,62.0548586492058
17,2,61.210178440701
18,2,59.2695477040949
1,3,57.3656671689993
2,3,49.4124013337556
3,3,46.5746476763165
4,3,45.7412016859711
5,3,42.387149218098
6,3,47.6945617749098
7,3,36.9121300812185
8,3,84.846700325184
9,3,67.2187244866543
10,3,38.2071731371126
11,3,45.4934122156782
12,3,44.795734308598
13,3,60.5959449223176
14,3,49.1561172855348
15,3,53.3352046598101
16,3,49.8135650421806
17,3,49.6409464986612
18,3,69.8872046417391
1,4,47.4886428871211
2,4,72.4370611372342
3,4,34.4624238033388
4,4,57.7940082170038
5,4,51.6877754578024
6,4,52.8542652041915
7,4,54.9932337039627
8,4,44.4101857693957
9,4,46.2681430203347
10,4,39.1874526916823
11,4,38.6853082929276
12,4,53.9881673913126
13,4,55.9147370326685
14,4,50.8078563140035
15,4,62.7221440544247
16,4,82.4372974574771
17,4,44.5318875710462
18,4,28.6623614196164
1,5,64.0038694654053
2,5,42.2385243143833
3,5,42.4560134198074
4,5,64.3122404387315
5,5,46.8144355397088
6,5,37.3139768662775
7,5,52.4124399630549
8,5,48.4991185745331
9,5,50.2294998228973
10,5,55.0684642260057
11,5,45.8500881772994
12,5,58.6371501227775
13,5,47.5494989203141
14,5,54.3590990562577
15,5,65.4326582753517
16,5,55.7384719406019
17,5,46.3497982062091
18,5,66.2619578866591
1,6,63.8143766003659
2,6,57.2889675249937
3,6,53.1469940605478
4,6,43.0789400456899
5,6,69.7526881185907
6,6,43.3685402194648
7,6,85.2254181908769
8,6,72.7209528399595
9,6,47.3745056672056
10,6,39.1130148241597
11,6,42.2261830663598
12,6,53.38130700541
13,6,47.2484790626779
14,6,46.1076817430034
15,6,39.8285269102753
16,6,49.6150006039095
17,6,41.4706570055782
18,6,33.481210657491
1,7,45.7439118974197
2,7,62.6724449351721
3,7,43.6311700720386
4,7,58.1219886008235
5,7,33.8898690773939
6,7,49.4884978127859
7,7,56.8878894049712
8,7,53.9570984552936
9,7,51.4605709341497
10,7,42.9455149959968
11,7,40.8244858365159
12,7,39.1347476117582
13,7,51.6100745102438
14,7,39.8685458228054
15,7,44.5370003619257
16,7,47.1409629140176
17,7,78.4185472792181
18,7,42.828650908087
1,8,53.1039257281284
2,8,51.116081985878
3,8,39.729828159944
4,8,49.3000081299923
5,8,71.1854546644601
6,8,55.9593948561865
7,8,50.6631210785537
8,8,45.277698989842
9,8,30.4963414864469
10,8,65.9820041315484
11,8,35.2062437070332
12,8,60.0111163647032
13,8,79.6682857395348
14,8,35.3494209833635
15,8,59.4586478465023
16,8,47.0712646240153
17,8,34.2676148452763
18,8,34.7482777000824
1,9,34.0243913602697
2,9,44.1036181741475
3,9,35.196727274857
4,9,59.2591566678236
5,9,83.4427872775346
6,9,36.719107309312
7,9,60.7102117680631
8,9,60.4357517343591
9,9,54.3646404280903
10,9,39.2844299662051
11,9,48.7281335026836
12,9,46.8641281155499
13,9,57.4919269238082
14,9,45.8303278865816
15,9,63.5592403296965
16,9,45.8065420497667
17,9,64.7366373006567
18,9,38.8979049369868
1,10,36.9590444714872
2,10,89.1855643737304
3,10,45.3396203036962
4,10,53.9188536002927
5,10,58.5263150030016
6,10,44.6102055026312
7,10,56.8528110651735
8,10,54.8511475389047
9,10,47.6083749089474
10,10,50.9593957138118
11,10,49.7469651473493
12,10,84.0179152647268
13,10,41.9108520814044
14,10,38.4590435822082
15,10,50.6208466381575
16,10,54.079204639206
17,10,55.756602552237
18,10,44.8858222654569
1,11,38.7647523542757
2,11,68.1243718770151
3,11,46.0841351798398
4,11,40.6683803017899
5,11,47.3678561784169
6,11,47.8188793688451
7,11,65.6404227987651
8,11,51.2000964572509
9,11,60.2166224568734
10,11,44.4428241527715
11,11,52.8351029657635
12,11,46.3637926593572
13,11,51.322416435804
14,11,40.3752392800718
15,11,36.5081821545354
16,11,81.3877490493342
17,11,58.0198795884987
18,11,37.0387024508154
1,12,43.254063357574
2,12,37.6339931053502
3,12,85.4628031730278
4,12,68.9419782115875
5,12,47.037651985555
6,12,57.216776893852
7,12,45.3672924065803
8,12,44.6917282819097
9,12,41.4335039456544
10,12,43.4278829560594
11,12,74.8359562546241
12,12,49.5068971971275
13,12,51.6300734616659
14,12,53.2108618913987
15,12,67.6192508656838
16,12,44.2625483336985
17,12,39.4358056301226
18,12,75.2868983545524
1,13,45.0733367172643
2,13,42.0968328239438
3,13,37.1735750664328
4,13,36.7397115606959
5,13,43.645695557082
6,13,58.2633199745971
7,13,65.6392750502423
8,13,59.5423405124059
9,13,45.9279661316579
10,13,50.8909851573336
11,13,42.2856820220417
12,13,42.1565347645444
13,13,62.1529442808184
14,13,39.2157905431263
15,13,80.5651119967364
16,13,49.0733863886521
17,13,52.8363004129903
18,13,41.9393865678861
1,14,43.641303924732
2,14,36.4532388936704
3,14,47.9843107683184
4,14,55.5200825763589
5,14,54.2606797516548
6,14,41.5045200575611
7,14,41.433311825942
8,14,44.411528270921
9,14,72.0796509561207
10,14,38.0759613759501
11,14,48.0293797528102
12,14,79.5382264621367
13,14,48.9468286054475
14,14,36.076868400642
15,14,42.695798240094
16,14,56.4217916973143
17,14,45.795197986372
18,14,43.7738395160925
1,15,46.1482096309097
2,15,51.2716095994242
3,15,73.891646788102
4,15,49.0942565280985
5,15,65.178806526759
6,15,58.443887013325
7,15,48.7968249334378
8,15,34.5950622946774
9,15,44.2083732319181
10,15,44.5444159569275
11,15,50.735877986974
12,15,68.7382046783175
13,15,87.4377379435571
14,15,72.985266793088
15,15,48.5666360348501
16,15,32.7700819098677
17,15,45.6491884920575
18,15,51.255590319709
1,16,61.558759167821
2,16,63.3371206881965
3,16,59.2073731839447
4,16,35.7683937884275
5,16,61.6278716580588
6,16,45.014454399021
7,16,52.3299319979984
8,16,51.0738609480217
9,16,55.6437970570779
10,16,50.4602289173613
11,16,33.4849988406502
12,16,59.9609396901475
13,16,55.0784232439781
14,16,47.0318777387466
15,16,51.6163025746585
16,16,51.815506817403
17,16,52.9193484997124
18,16,74.6537038711986
1,17,47.5660516410727
2,17,52.2445589635448
3,17,66.5770681823155
4,17,64.7596969267727
5,17,66.2050631839108
6,17,43.6087481983296
7,17,81.4917485276793
8,17,50.9767852890679
9,17,78.8566775399189
10,17,36.1550993518774
11,17,50.4151073913177
12,17,67.9056293755983
13,17,42.1767271818722
14,17,41.7956996699969
15,17,39.954978439775
16,17,38.8664672703262
17,17,45.1170917787785
18,17,54.3511586015573
1,18,30.7862194129654
2,18,52.803551024918
3,18,67.6880990852601
4,18,82.1877321969988
5,18,68.7544872159283
6,18,60.2563437003232
7,18,33.0075783713401
8,18,43.3554346518638
9,18,46.0573827814333
10,18,59.4837196715193
11,18,48.8911504131358
12,18,36.972541585447
13,18,75.4465112855376
14,18,62.5570379966787
15,18,53.1302338282638
16,18,67.3842189666096
17,18,36.2615257973158
18,18,58.8712911162145
1,19,44.1891455531526
2,19,59.1992823711028
3,19,49.4254528407687
4,19,58.4751489899393
5,19,69.3290909713476
6,19,50.2480780643353
7,19,64.1874760019683
8,19,37.6070612548496
9,19,42.1117460650917
10,19,72.4853024459821
11,19,54.9632349841157
12,19,30.5039134725271
13,19,36.0401943372265
14,19,47.777118677606
15,19,61.8693456032725
16,19,48.9360545839234
17,19,58.3509529059576
18,19,63.2830734816143
1,20,75.2022481374692
2,20,50.8449632870771
3,20,49.5314535351687
4,20,32.7962209416742
5,20,51.381456334948
6,20,43.6681616460755
7,20,39.6129866734599
8,20,48.0194329927654
9,20,64.1468036240947
10,20,30.9467636726426
11,20,45.2252518642852
12,20,51.5974520044929
13,20,40.3963388067344
14,20,54.3870475412101
15,20,55.4185557848962
16,20,49.7593976174652
17,20,28.5231760962003
18,20,89.1855643737304
1,21,47.7248321505599
2,21,58.7340997265657
3,21,53.6001638271782
4,21,64.2982437258603
5,21,61.1520320716514
6,21,47.6728839165509
7,21,54.9736230385353
8,21,39.8885104837633
9,21,61.7366964278328
10,21,44.856754837595
11,21,89.1855643737304
12,21,33.6185631050468
13,21,44.8247090140816
14,21,61.266555959516
15,21,56.7601667876961
16,21,43.4819735151565
17,21,39.3949833749185
18,21,51.9467344775435
1,22,49.985761902189
2,22,32.5031111082641
3,22,50.5811471953257
4,22,52.52595147456
5,22,52.3289643288273
6,22,38.8428910222692
7,22,56.2944055218465
8,22,70.0562339724825
9,22,56.0236099402262
10,22,38.0917913950042
11,22,45.1336495920195
12,22,54.5480971780856
13,22,42.8795845848989
14,22,29.7344375024287
15,22,62.1469243699144
16,22,41.0250944049367
17,22,43.6500664539342
18,22,72.2167315967192
1,23,41.5789347185493
2,23,61.5694796517964
3,23,36.9543187958752
4,23,46.0295317490018
5,23,49.2731577658679
6,23,37.7877922312242
7,23,43.0075663537588
8,23,49.8100063195529
9,23,59.0123589827235
10,23,33.6226562022885
11,23,46.0829753457941
12,23,60.2509653015275
13,23,44.0192325236035
14,23,52.9998529998754
15,23,56.5144191065814
16,23,53.523170181908
17,23,58.7634918173656
18,23,48.6896975014816
1,24,45.3745872139559
2,24,28.5231760962003
3,24,49.0422202100702
4,24,55.6723649508028
5,24,57.1087878659897
6,24,43.8438903227219
7,24,77.2049227598025
8,24,53.7648409112249
9,24,51.7186198038967
10,24,68.2744720404109
11,24,42.143785864422
12,24,44.9732214301996
13,24,89.1855643737304
14,24,50.2948503607607
15,24,74.522150085917
16,24,35.3955965119223
17,24,47.8961123905797
18,24,54.9770355084095
1,25,53.9425226820097
2,25,39.310528050502
3,25,50.3940442153633
4,25,38.6325668355345
5,25,59.6161949221397
6,25,65.2416348901265
7,25,29.2531099604474
8,25,67.671999069517
9,25,37.1306149753991
10,25,56.0036939529751
11,25,58.8582000499936
12,25,47.7874385434245
13,25,42.8996627620017
14,25,52.2098232465619
15,25,55.7876252720959
16,25,62.13264805096
17,25,30.5030695262106
18,25,33.7382946458049
1,26,70.9417880924781
2,26,64.6412789414784
3,26,55.7399235102573
4,26,59.6519651902193
5,26,62.6447822902131
6,26,28.5231760962003
7,26,65.6460990490583
8,26,44.5971586545084
9,26,53.0425765687481
10,26,46.6967645516099
11,26,61.9621604597348
12,26,46.0972927092125
13,26,56.8754354074609
14,26,45.6281171585003
15,26,38.4889650604779
16,26,67.2521035950095
17,26,60.024970681468
18,26,76.1782353145084
1,27,50.957677864171
2,27,65.8807901691143
3,27,80.9590087890816
4,27,46.8517867546777
5,27,36.400844931901
6,27,47.3326043905926
7,27,47.6238295646526
8,27,52.0375160064835
9,27,75.9578048258031
10,27,46.347413477109
11,27,54.90487936897
12,27,47.4666308538616
13,27,50.4085971299993
14,27,54.1261038102231
15,27,69.2064979222653
16,27,51.6560199636546
17,27,59.6182031278388
18,27,60.5797185811147
1,28,62.6083315984748
2,28,43.6412419217557
3,28,74.4014753364681
4,28,45.735817470199
5,28,48.8898135065713
6,28,70.4901724270275
7,28,68.6364170994252
8,28,38.5150479430947
9,28,40.5939564558803
10,28,36.0922739758264
11,28,52.4193466650913
12,28,52.2037482643581
13,28,54.7867163642305
14,28,57.3412049840789
15,28,43.351377662603
16,28,39.4244204850474
17,28,64.3311596098124
18,28,60.1729679920298
1,29,34.7946343204812
2,29,49.016003224773
3,29,40.3695207973607
4,29,30.3672497030179
5,29,52.017841625491
6,29,49.2056682176899
7,29,48.9896176041841
8,29,52.8569676453958
9,29,62.1200361843306
10,29,52.7219331293476
11,29,43.1988565975612
12,29,41.9772992985777
13,29,48.5825065915819
14,29,54.0731269291812
15,29,38.9875310985983
16,29,47.968225155697
17,29,63.4099086066432
18,29,48.8602499663379
1,30,42.3490178489742
2,30,46.9146976729335
3,30,65.7156819443984
4,30,57.3118387715871
5,30,67.6881114484017
6,30,51.8790760538586
7,30,55.4030480489967
8,30,43.8101296966103
9,30,58.085466645733
10,30,44.3670474013365
11,30,35.549831138774
12,30,51.7396447132889
13,30,80.3809556506776
14,30,60.9043719872069
15,30,66.5265777118533
16,30,54.7169354133532
17,30,43.2814181135438
18,30,47.7602186908022
1,31,46.945372339185
2,31,44.7735452630661
3,31,59.4929951952377
4,31,37.5257663679025
5,31,61.8781435467015
6,31,61.8449566187892
7,31,37.5143197354741
8,31,58.5677790260746
9,31,89.1855643737304
10,31,43.8233122750701
11,31,61.5571366029572
12,31,41.4978280834935
13,31,65.6530091006229
14,31,53.2900642459421
15,31,74.8542384935807
16,31,35.2204896460144
17,31,49.5396650639795
18,31,44.1461928938211
1,32,47.8178482719115
2,32,43.0614808392387
3,32,40.9817095045643
4,32,57.7115512031565
5,32,38.537560311238
6,32,71.8698178264922
7,32,37.6273676423664
8,32,51.4032716281978
9,32,57.0754489916312
10,32,57.823731305389
11,32,46.6222589904887
12,32,51.1351770225213
13,32,63.3177246064254
14,32,35.241876178172
15,32,41.5024759731205
16,32,54.2093925971734
17,32,45.0338248681642
18,32,69.9109493977182
1,33,59.0489520114088
2,33,51.0443559932211
3,33,34.8065194327522
4,33,50.4776610732883
5,33,46.4568091901426
6,33,48.9305608776692
7,33,37.6697702627289
8,33,56.6025465573049
9,33,38.9943716003592
10,33,47.4834527764097
11,33,55.0170463213121
12,33,41.4846160096014
13,33,57.7712897777101
14,33,36.4577069653294
15,33,28.5231760962003
16,33,56.1422856948919
17,33,61.4920618013128
18,33,46.8022701794111
1,34,56.677606309803
2,34,37.9045956347638
3,34,48.6373351388698
4,34,31.3333775518019
5,34,66.7838656388976
6,34,78.7241419964477
7,34,65.0716841174379
8,34,49.8280512173579
9,34,49.755850175324
10,34,34.736490347848
11,34,60.7491620362667
12,34,47.6620133041321
13,34,42.7789310506489
14,34,35.6234803948267
15,34,46.6446830439277
16,34,40.8308500708637
17,34,45.5580030407453
18,34,37.3421809158132
1,35,75.5041977525883
2,35,49.9652316563129
3,35,65.0863962524128
4,35,28.5231760962003
5,35,44.9420693456569
6,35,42.5850938379816
7,35,37.2940111739581
8,35,72.9680779804007
9,35,35.5953805144615
10,35,54.1829656869628
11,35,61.5799961930669
12,35,52.3729098160756
13,35,40.5724716202252
14,35,63.0100678429184
15,35,52.276509429937
16,35,38.7631386665299
17,35,35.8310802645862
18,35,83.1724214482777
1,36,42.5539288852619
2,36,31.9928633470127
3,36,57.0791848253767
4,36,54.0759217858311
5,36,36.1294210984785
6,36,31.3224596325837
7,36,48.7653475208503
8,36,66.1109992190907
9,36,58.5199945400355
10,36,44.511319639899
11,36,40.9782866404825
12,36,53.565106145865
13,36,52.1091062735768
14,36,58.4291250601316
15,36,45.5716137033156
16,36,62.3748130400697
17,36,41.0118343324794
18,36,46.2980092136237
1,37,60.0237271166241
2,37,63.7597729243301
3,37,31.3562704242058
4,37,51.4794586454579
5,37,58.1334652096291
6,37,35.2900927830413
7,37,56.3557267182561
8,37,41.0380546862426
9,37,64.2294024709435
10,37,57.1514756670282
11,37,60.4358989897576
12,37,51.6485212062716
13,37,61.8374023700577
14,37,70.0892535043641
15,37,80.7792710474221
16,37,49.8153964329487
17,37,29.0830111342039
18,37,50.5440789555177
1,38,52.7214693763845
2,38,48.3061096251166
3,38,57.5658065978073
4,38,64.0805317980264
5,38,44.2419724815097
6,38,46.7087899374604
7,38,55.2363656786892
8,38,43.8976307186296
9,38,51.2811873047115
10,38,31.1804439546713
11,38,38.2368968401273
12,38,36.358487211929
13,38,40.785727357626
14,38,42.4015582175136
15,38,55.0287716547573
16,38,63.6384572533159
17,38,42.0528078971778
18,38,39.3944273444246
1,39,38.9685583019507
2,39,45.3645572598289
3,39,47.3363038974909
4,39,56.3966043412478
5,39,46.4015734836405
6,39,30.3103544186203
7,39,49.0601314930611
8,39,66.8811415384047
9,39,66.9527313961988
10,39,41.4298854187303
11,39,34.4705783734367
12,39,89.1855643737304
13,39,48.2233359597211
14,39,48.9886442755529
15,39,55.5415043814062
16,39,33.9214488572506
17,39,42.0442930222552
18,39,34.5319011485782
1,40,42.4037153271461
2,40,51.6251212457072
3,40,36.0343253526956
4,40,57.8692555690387
5,40,53.8028961854715
6,40,40.2887200616411
7,40,52.987434216033
8,40,60.1295250317251
9,40,64.868302134478
10,40,47.6376001240059
11,40,49.0339514438522
12,40,49.1162841327722
13,40,71.1321826493274
14,40,65.8818941725907
15,40,61.400654811277
16,40,46.7853120938686
17,40,54.9080300434027
18,40,55.3093444939211
1,41,38.9687052940638
2,41,32.9949889510147
3,41,58.6009738178517
4,41,34.6251863681009
5,41,50.1798525546016
6,41,53.2955287544949
7,41,57.5041594174118
8,41,52.5157169421543
9,41,41.9970951456104
10,41,63.7040812085801
11,41,76.4440191002062
12,41,62.1006736089795
13,41,31.3171882806579
14,41,70.4137826520531
15,41,49.4825736587943
16,41,56.9638640710481
17,41,58.3204973861831
18,41,48.9977294998668
1,42,49.2527761970379
2,42,64.2123454875863
3,42,59.6002841751989
4,42,63.7642640137014
5,42,89.1855643737304
6,42,58.9226124766381
7,42,52.7447278174651
8,42,29.3550527369336
9,42,89.1855643737304
10,42,44.6221405008237
11,42,89.1852813742355
12,42,54.9266911433187
13,42,72.8235877406123
14,42,48.8433173369827
15,42,56.7785777193972
16,42,52.8288633460505
17,42,47.9471673072972
18,42,48.7170198049307
1,43,64.1140284388119
2,43,47.7692790509833
3,43,30.6115930218807
4,43,47.8337923384637
5,43,57.1696029422556
6,43,58.2417190236331
7,43,58.2433013212523
8,43,33.2857506337132
9,43,54.8481903275941
10,43,63.4190058802673
11,43,68.3458546271085
12,43,47.4979625985324
13,43,46.3951894743492
14,43,71.9361549321342
15,43,33.4813233688105
16,43,45.1206952920949
17,43,56.0402536239056
18,43,33.8907638500489
1,44,53.6763562817254
2,44,79.0674090082042
3,44,50.1100445028131
4,44,46.8861815260069
5,44,56.2777424375849
6,44,46.8791582232506
7,44,61.0889450672294
8,44,62.4516728230481
9,44,50.1921119578842
10,44,37.7142287593283
11,44,36.4425986405713
12,44,43.4449351676758
13,44,60.8522348246501
14,44,31.2069212419058
15,44,31.7553060120354
16,44,42.8096616041861
17,44,55.1902372619899
18,44,40.1975213537904
1,45,62.1845617515346
2,45,54.3800231251758
3,45,48.1273932491981
4,45,61.1693545448921
5,45,55.1096478960151
6,45,45.0212424536407
7,45,53.0489799415074
8,45,58.6817428664588
9,45,54.6828350236475
10,45,42.7657946972698
11,45,61.710955581754
12,45,66.3282899064772
13,45,53.6327531324056
14,45,51.9420635814695
15,45,49.2484568497298
16,45,84.6917992128493
17,45,53.6332857255904
18,45,48.2716021736238
1,46,28.5231760962003
2,46,34.32465212871
3,46,49.2240181369588
4,46,52.7308335879257
5,46,53.640525080816
6,46,61.2090762579404
7,46,47.8539306949149
8,46,67.3267635419352
9,46,40.1201489788083
10,46,37.4251441506388
11,46,37.2392804947362
12,46,60.0452963113157
13,46,49.1614679253168
14,46,60.7408087999286
15,46,47.0084629051816
16,46,43.4565737810231
17,46,45.8757349829154
18,46,32.015781477405
1,47,37.778966675684
2,47,35.3653461581806
3,47,64.761913767561
4,47,43.3993408757973
5,47,60.7355381204943
6,47,72.437412188494
7,47,47.8815123097668
8,47,53.7316837076052
9,47,32.8134715244794
10,47,41.1326901906624
11,47,50.8474045596219
12,47,53.9300834711194
13,47,41.7277974245272
14,47,89.1855643737304
15,47,44.8855524235419
16,47,50.946436458703
17,47,58.7141553130147
18,47,49.8440943228947
1,48,42.9157448679607
2,48,64.620553757881
3,48,74.1973584624149
4,48,49.7997175715964
5,48,57.4818655534902
6,48,48.9891043469649
7,48,64.1703138831564
8,48,37.9022912017666
9,48,88.02841707024
10,48,43.3341678865792
11,48,35.2215251485473
12,48,46.0699821308891
13,48,51.9748508764309
14,48,74.342717393378
15,48,62.554284677821
16,48,51.9213449384955
17,48,35.8186260617777
18,48,40.6632074615565
1,49,48.2132514314148
2,49,89.1855643737304
3,49,31.9567845731921
4,49,65.9774859691113
5,49,44.1428862488515
6,49,75.1100143432732
7,49,38.0584604544252
8,49,51.9360037137422
9,49,38.4259267034352
10,49,62.4377647379828
11,49,71.8654384663326
12,49,80.4758756428489
13,49,60.8554816491232
14,49,78.4072261411931
15,49,67.8482087331127
16,49,48.5816574841795
17,49,56.3067394135129
18,49,39.6323391630486
1,50,47.9578416893016
2,50,67.4308599389935
3,50,57.1902995015724
4,50,56.0388310418564
5,50,39.0021725642878
6,50,43.3238564145086
7,50,41.6751651812425
8,50,55.2022899302988
9,50,39.4549199917553
10,50,57.4787179528889
11,50,38.2691889288387
12,50,78.1277192125699
13,50,56.0827689925789
14,50,42.3225169480126
15,50,53.1768093487505
16,50,46.0528429923602
17,50,54.8801796413172
18,50,53.2088668541521
1,51,39.229843593169
2,51,41.4062905210642
3,51,53.9367074135239
4,51,74.6212490097261
5,51,65.2391354955227
6,51,43.1138093702168
7,51,61.2746194131388
8,51,49.5724461425949
9,51,53.9591944990882
10,51,53.4263173826384
11,51,89.1855643737304
12,51,37.6357376594648
13,51,51.4012872908716
14,51,32.5843771523705
15,51,57.8671974269061
16,51,65.4290025839562
17,51,71.2046303760982
18,51,31.4579548204866
1,52,55.4365499359602
2,52,73.7996809687965
3,52,45.3708557427521
4,52,47.6456561788935
5,52,49.7171960175275
6,52,54.7987213093227
7,52,58.9332377285258
8,52,69.0323922183145
9,52,49.0119629090562
10,52,52.6029926184917
11,52,89.1855643737304
12,52,55.6833516863615
13,52,52.5071507114403
14,52,36.2310548694534
15,52,50.194111580778
16,52,47.5398248813543
17,52,50.0252880569227
18,52,43.6304227297114
1,53,42.4682897187629
2,53,42.1202258742461
3,53,47.6184829694493
4,53,69.8792508825432
5,53,64.679793090945
6,53,45.9689689805972
7,53,33.3356811851362
8,53,40.8751821214104
9,53,44.8924017297049
10,53,51.4351582750885
11,53,42.7181764212242
12,53,81.5746975058425
13,53,46.9565297177675
14,53,37.3752771857785
15,53,48.4712658349301
16,53,39.3129925002222
17,53,52.0939840732479
18,53,53.0813706645277
1,54,54.673615780383
2,54,33.8572331377664
3,54,52.9153963131084
4,54,54.0788026956986
5,54,35.5451537747497
6,54,63.2272773254024
7,54,60.6577391045641
8,54,87.5764405847295
9,54,52.1008938520774
10,54,50.7307029258708
11,54,51.3473268538842
12,54,51.0146690743466
13,54,32.0479510427853
14,54,33.4553762954312
15,54,49.2256194793079
16,54,43.5707248838184
17,54,50.8291908321511
18,54,30.0709623093536
1,55,34.8830189710077
2,55,38.4079346947011
3,55,63.6993319005177
4,55,38.4358078403471
5,55,41.3240869291766
6,55,51.1397850398224
7,55,46.3855908300188
8,55,51.9711817330109
9,55,87.6920304984356
10,55,38.1933320208398
11,55,46.5802128862385
12,55,44.2550871242188
13,55,72.3655570216877
14,55,41.6259179920503
15,55,49.1713938712125
16,55,60.701307653843
17,55,38.8092666180433
18,55,74.9134083070988
1,56,59.0848611889182
2,56,38.662670030527
3,56,56.0010954537128
4,56,47.6323028994407
5,56,54.115232072807
6,56,49.0774824039004
7,56,65.0165722185985
8,56,36.1533671311894
9,56,44.1923121292791
10,56,47.2198751245304
11,56,39.4043600718764
12,56,38.9849357605955
13,56,49.9412893878048
14,56,48.5781229209199
15,56,28.5231760962003
16,56,64.546486949666
17,56,53.2887859132577
18,56,89.1855643737304
1,57,59.2201278457762
2,57,45.0100681331129
3,57,89.1855643737304
4,57,89.1855643737304
5,57,37.3321204729646
6,57,56.1976069553294
7,57,47.6560911600255
8,57,52.485497761986
9,57,53.0030745541508
10,57,36.9434159921667
11,57,53.7539642530981
12,57,76.6408996668531
13,57,48.2038456075593
14,57,48.2174371986417
15,57,70.3966488355953
16,57,62.3603360766108
17,57,33.6393785508495
18,57,53.0161042805962
1,58,74.8838471552986
2,58,70.6822098253131
3,58,55.5331248146876
4,58,59.7393810761787
5,58,37.5296615551389
6,58,53.9437387515815
7,58,39.8012166201695
8,58,44.8895999536384
9,58,62.9251896796589
10,58,38.0797495790278
11,58,53.5112799734516
12,58,55.6460258484911
13,58,50.8313520622197
14,58,78.0077386464762
15,58,39.1516469997088
16,58,58.0961603025744
17,58,49.0899085850206
18,58,47.0868413652553
1,59,56.1303578694189
2,59,39.1701225798863
3,59,36.484748842024
4,59,44.4946732408649
5,59,76.6875299006188
6,59,50.8418587125587
7,59,54.3545204956133
8,59,47.9038919495846
9,59,56.2175052765876
10,59,39.8279383562739
11,59,66.4082964550353
12,59,57.7952899488489
13,59,41.2546540826027
14,59,50.8269331907805
15,59,59.6686389238666
16,59,57.4187061385157
17,59,71.8333041737377
18,59,43.2349701469102
1,60,65.7393852461583
2,60,64.4835489573918
3,60,48.2226208568744
4,60,39.594586502594
5,60,38.5229516931897
6,60,56.0446660393176
7,60,49.3021749256872
8,60,77.1974344171601
9,60,57.1051773544769
10,60,45.8358136785847
11,60,39.1213443917364
12,60,43.5566380227546
13,60,54.5056097811155
14,60,44.9667257615555
15,60,56.8165596538543
16,60,46.2554666190718
17,60,48.8924706677508
18,60,42.0209602354248
1,61,79.5899365869209
2,61,54.3701630940483
3,61,53.0427926553907
4,61,33.2876794883566
5,61,58.8566204822112
6,61,39.1395393387299
7,61,40.4128479795247
8,61,62.6624906081639
9,61,44.9474847893081
10,61,32.8349117567161
11,61,77.0255340911328
12,61,28.5231760962003
13,61,57.6289399148234
14,61,64.1826634502277
15,61,43.0469866147864
16,61,55.8616062646445
17,61,55.7918394418084
18,61,64.5472643508885
1,62,56.4031904970577
2,62,47.2691873126247
3,62,62.6268269346698
4,62,60.9000624674111
5,62,39.9740552617949
6,62,35.7206362333812
7,62,52.1460475276843
8,62,46.9372467570044
9,62,39.5024565392565
10,62,51.1900888214187
11,62,36.4269185769924
12,62,52.1580394638311
13,62,43.1100385210859
14,62,63.2548437323607
15,62,89.1855643737304
16,62,40.1740194571158
17,62,64.8143856911182
18,62,61.2631390606198
1,63,49.3133180376363
2,63,44.9371842543159
3,63,73.4773410157462
4,63,30.8515920798735
5,63,42.9196202266568
6,63,35.4098663710183
7,63,70.3410782034305
8,63,47.8939461264162
9,63,44.1703141214454
10,63,89.1855643737304
11,63,49.5548021092322
12,63,45.0450966187804
13,63,53.9402572738744
14,63,34.2985182830189
15,63,56.4880475390165
16,63,49.003938720313
17,63,56.1907046444685
18,63,39.5328010038339
1,64,39.1456080373233
2,64,42.4004264926556
3,64,41.6410057056424
4,64,68.7190715217887
5,64,73.5457136148384
6,64,48.2880071294731
7,64,45.9805404369417
8,64,46.3149084498115
9,64,51.0081200172769
10,64,51.3512891346794
11,64,53.8118985181651
12,64,41.8566200308527
13,64,40.8522763839869
14,64,67.0416493430415
15,64,43.914617049987
16,64,53.9818489490588
17,64,49.4716071704066
18,64,39.7684302899373
1,65,57.8843931623741
2,65,52.3084045627437
3,65,70.4173180251808
4,65,51.6077354934838
5,65,46.2867785083899
6,65,53.6590196560487
7,65,37.63297559619
8,65,40.9613496669693
9,65,56.7621023022082
10,65,46.2691127545023
11,65,49.363935680903
12,65,48.7781223400603
13,65,42.8435716498581
14,65,30.7528261734243
15,65,54.5842164444442
16,65,60.327425252282
17,65,36.7041091801989
18,65,71.8414640950449
1,66,55.0667883337497
2,66,69.4320388553828
3,66,39.7749741119318
4,66,52.228303141236
5,66,48.9582285664039
6,66,60.4279191928721
7,66,43.6257501742607
8,66,50.0367843614573
9,66,32.594787810663
10,66,41.5439182434721
11,66,51.7025541995951
12,66,42.2680079343368
13,66,49.6325376549926
14,66,44.78194242125
15,66,58.1074231866458
16,66,66.5787532493359
17,66,41.0945126656823
18,66,46.5625279463698
1,67,71.1028743370684
2,67,29.4384763368836
3,67,46.4182988168228
4,67,82.729892451613
5,67,85.3547507914716
6,67,52.0995344490333
7,67,40.6871493421938
8,67,52.2115491095281
9,67,42.8200940022329
10,67,71.3282066451041
11,67,41.2543558146531
12,67,54.903641114255
13,67,58.2896491543878
14,67,41.746893975737
15,67,61.6559809492269
16,67,41.8439317110409
17,67,58.4366032664768
18,67,65.4298455449455
1,68,39.4746672406722
2,68,65.6098035155755
3,68,44.5480603762178
4,68,53.8682528116057
5,68,52.6739130196063
6,68,45.2261604848169
7,68,53.5266446894334
8,68,37.2262441621405
9,68,48.5315046381532
10,68,61.2726582401297
11,68,29.6159305746851
12,68,34.9742028863208
13,68,37.8493263127195
14,68,34.1271764613962
15,68,55.5281647841022
16,68,39.4317803660754
17,68,29.6847518433637
18,68,42.9781789856075
1,69,45.6286670372969
2,69,61.7346386703295
3,69,38.3868233355768
4,69,66.4626965139095
5,69,55.2433338213708
6,69,54.7633195306353
7,69,40.7965820344911
8,69,80.5333693626258
9,69,48.2017332089407
10,69,32.2315773257042
11,69,47.7415223065768
12,69,31.3871427764836
13,69,46.5233477744801
14,69,45.2806599020366
15,69,59.1718027311226
16,69,64.0621817071442
17,69,42.0658402532224
18,69,60.9810915527018
1,70,70.8373475668227
2,70,41.4783006075177
3,70,42.8239340930229
4,70,58.728194054506
5,70,52.4346031818273
6,70,57.2942158639903
7,70,70.5010044031289
8,70,55.0925280064017
9,70,64.7207905406803
10,70,58.3328265748091
11,70,55.7173884734094
12,70,55.0791957020257
13,70,68.5905130286191
14,70,39.3427073623794
15,70,38.3735169179269
16,70,57.8967966712779
17,70,48.7253341403071
18,70,51.0671036470112
1,71,60.0304604316436
2,71,60.2055509678193
3,71,47.0658689830003
4,71,46.5004232516995
5,71,51.062071791304
6,71,64.8985327028251
7,71,55.6148617588132
8,71,70.9865917385848
9,71,50.0666336237424
10,71,65.8914061887274
11,71,62.1281232492806
12,71,58.1800385416759
13,71,55.4625016084648
14,71,46.8699541164639
15,71,48.8512820917542
16,71,53.0268789697086
17,71,50.7572088458385
18,71,63.0415121031118
1,72,48.8479718607185
2,72,49.311134680331
3,72,44.6043844845571
4,72,48.5056426755444
5,72,49.3303939019848
6,72,28.6306561749452
7,72,36.0332578753315
8,72,49.2859258823189
9,72,47.0360707018514
10,72,37.4938969931761
11,72,30.9558421835397
12,72,46.0314636703761
13,72,58.7668825418671
14,72,77.0878045286602
15,72,49.694072812852
16,72,72.0294325932487
17,72,51.1788191415611
18,72,51.5836341389115
1,73,54.2675308909852
2,73,40.6184970203959
3,73,49.5346189609673
4,73,62.5124274898551
5,73,41.8257247308411
6,73,46.3984111029533
7,73,37.979497238351
8,73,54.6572489782172
9,73,55.5984114062398
10,73,58.693604583044
11,73,37.3221858716575
12,73,51.4800154199316
13,73,39.9015739137715
14,73,50.1547059126747
15,73,69.4485919562716
16,73,44.3972526918001
17,73,59.6737249302578
18,73,41.8263045621326
1,74,44.6670263664301
2,74,55.7863145238816
3,74,42.5476475470707
4,74,33.1982346743779
5,74,68.1571228691524
6,74,54.7368498724138
7,74,43.5435743328289
8,74,30.9367882226321
9,74,79.5352956145118
10,74,89.1855643737304
11,74,52.7459964994675
12,74,61.6303151571332
13,74,67.4896601234894
14,74,42.3143039244556
15,74,46.0668738917386
16,74,33.0044536939294
17,74,41.9592054835977
18,74,58.3258196740428
1,75,46.7470588571842
2,75,47.6218641539349
3,75,48.8096025131917
4,75,31.9301586952823
5,75,61.4487126074347
6,75,35.352850214318
7,75,47.6870159120178
8,75,45.101743826477
9,75,47.57131495266
10,75,71.4518869262933
11,75,43.5602456983292
12,75,41.4888206055695
13,75,34.7063123347193
14,75,41.2622006381598
15,75,37.8103886070197
16,75,55.3717872475941
17,75,40.6931124200271
18,75,53.994884992077
1,76,48.4106225931453
2,76,35.4380356824811
3,76,41.4133765604975
4,76,62.1599029280589
5,76,62.4311020292285
6,76,81.5528074780311
7,76,50.1158781678655
8,76,34.9073020149909
9,76,41.6366922420421
10,76,55.3790650738182
11,76,79.4953398315451
12,76,51.5146366998677
13,76,66.1268712718081
14,76,60.421679078118
15,76,37.792919118612
16,76,48.1218763132314
17,76,68.8225961510733
18,76,62.0242264419013
1,77,56.1263438612473
2,77,56.3077902454701
3,77,44.5278500306042
4,77,36.4323147442226
5,77,68.6587414346607
6,77,35.5528123058684
7,77,39.9515196732969
8,77,58.4185518744438
9,77,36.9407830894739
10,77,43.8801161442987
11,77,37.6584492451711
12,77,58.3011418243278
13,77,55.8890403283476
14,77,55.5591470088423
15,77,55.8369418635248
16,77,57.4119543519368
17,77,58.5658557216039
18,77,31.1279406597175
1,78,48.3826040061209
2,78,51.5452912140506
3,78,59.789428122935
4,78,37.6157019169079
5,78,44.4395050734562
6,78,38.6679513820436
7,78,64.8077266716005
8,78,68.3871746811532
9,78,60.7092977751381
10,78,37.2987365637212
11,78,55.9654716489259
12,78,66.2883240919454
13,78,52.242983878503
14,78,43.7289572124773
15,78,38.5512214622837
16,78,42.6902798059975
17,78,59.6471939995964
18,78,45.1772517364435
1,79,53.0040021281584
2,79,68.6507551358878
3,79,57.7061327119882
4,79,69.8206824445072
5,79,33.2093798253347
6,79,46.8609374265558
7,79,50.9566168955286
8,79,57.709689902768
9,79,37.7827082070136
10,79,60.9822145456265
11,79,54.0387136047432
12,79,53.4709347260877
13,79,56.7375053333332
14,79,48.7646866223439
15,79,62.7720008143302
16,79,58.6919321570681
17,79,48.3662731422507
18,79,64.5434142344753
1,80,53.8448283687628
2,80,58.984555308835
3,80,43.4325101011356
4,80,73.5686432456764
5,80,50.1109153478216
6,80,61.6009897668501
7,80,48.957011635637
8,80,46.8728221907259
9,80,60.6616695781765
10,80,34.164191448194
11,80,56.3248763461359
12,80,55.1791573533568
13,80,28.5231760962003
14,80,54.8433424450422
15,80,29.6569192860975
16,80,58.8567984560719
17,80,44.9342726977178
18,80,42.3847882083897
1,81,50.0762268995143
2,81,69.9626107726442
3,81,43.0015756368985
4,81,57.4238871913538
5,81,54.4827555824333
6,81,37.6884038261772
7,81,32.8934532361662
8,81,30.9479840553502
9,81,57.3289287165801
10,81,49.7388303023006
11,81,78.5461656076759
12,81,57.6410020992918
13,81,61.6286609281764
14,81,69.3100399447833
15,81,44.4274562987253
16,81,56.7596905869331
17,81,61.9145516134718
18,81,69.8998984292367
1,82,60.3422174114203
2,82,55.5492174760424
3,82,40.6416679936953
4,82,59.8602405209448
5,82,56.6246061986615
6,82,58.4934263034762
7,82,55.5828545175437
8,82,47.764881270793
9,82,49.2336496337895
10,82,59.2512202907972
11,82,52.2897303257061
12,82,41.0188216519106
13,82,46.7533680688061
14,82,36.434606799608
15,82,39.6800297619572
16,82,48.4319378271255
17,82,32.4413247544766
18,82,33.3144728146897
1,83,65.5235238815217
2,83,43.6177225569136
3,83,32.0229600334423
4,83,48.8060103593226
5,83,69.0867584577898
6,83,58.8917539621692
7,83,55.8223080007405
8,83,66.8253931170796
9,83,41.6055804729794
10,83,59.8621094881848
11,83,43.5072231786986
12,83,50.1686717812412
13,83,85.7876597062947
14,83,63.4432201970678
15,83,60.4206014929878
16,83,38.3442787546239
17,83,41.457277686752
18,83,87.2480261542781
1,84,38.4841750752188
2,84,52.8355391599049
3,84,62.2723630616647
4,84,64.206135165883
5,84,65.3102425677744
6,84,48.2150735506839
7,84,41.1096007043319
8,84,46.5600378566471
9,84,40.3093956254372
10,84,58.3917117469884
11,84,65.8066263535547
12,84,83.9927044407972
13,84,54.8132735781381
14,84,40.5771335396424
15,84,64.2951526705523
16,84,62.4565681138937
17,84,47.3452570368632
18,84,34.3864879968754
1,85,60.3226064522144
2,85,65.9469490671996
3,85,46.6973300591886
4,85,57.1204698427129
5,85,46.9153195249138
6,85,59.1787660560612
7,85,48.7536702538145
8,85,46.1397259769916
9,85,51.5347577255051
10,85,46.8299550571083
11,85,43.4657892364264
12,85,46.4622017012201
13,85,50.0603818351647
14,85,52.7461848341405
15,85,72.7176571979486
16,85,36.092984476716
17,85,47.7905745630353
18,85,58.4547800977188
1,86,76.8785193288429
2,86,55.6147792180765
3,86,49.9924734201583
4,86,46.5566565192024
5,86,55.4572256206381
6,86,63.7456561679123
7,86,47.9734631674323
8,86,52.1900933185126
9,86,52.8670089043156
10,86,59.8561391543238
11,86,65.6636541288875
12,86,53.6702811493001
13,86,49.2419455296679
14,86,70.3299933190366
15,86,52.1998675768371
16,86,73.5226609193676
17,86,49.4122702435282
18,86,58.2059809026189
1,87,34.4846821344079
2,87,48.8115849563089
3,87,49.8951457391417
4,87,41.7384443337418
5,87,39.0233335022736
6,87,63.1169512939792
7,87,62.5990079499871
8,87,36.6151256322305
9,87,55.5927392589692
10,87,38.305107958533
11,87,38.8800337601047
12,87,56.9707417266714
13,87,42.4764382447241
14,87,63.814007386785
15,87,50.6298667443904
16,87,57.1191707957502
17,87,44.1814964609644
18,87,37.9477505508055
1,88,62.6080125142203
2,88,53.1384907851798
3,88,47.3358600397792
4,88,51.0081057851889
5,88,69.1678265588535
6,88,42.3516251124451
7,88,41.8289415480069
8,88,43.1655858725111
9,88,34.1610898559451
10,88,61.1812150894348
11,88,52.5531911937271
12,88,52.7420539929701
13,88,49.6352095929193
14,88,44.3259187664294
15,88,41.0853791455992
16,88,61.660937787849
17,88,35.5014526813624
18,88,55.8076416915625
1,89,41.3932698152652
2,89,53.7112605145042
3,89,41.9174096775479
4,89,44.1845482995613
5,89,77.0154883392928
6,89,58.9778545914799
7,89,29.826451871981
8,89,51.7198300585813
9,89,44.9571555683656
10,89,38.08221297218
11,89,52.7754753732386
12,89,51.7643843581895
13,89,46.3208830522827
14,89,80.9057479406664
15,89,29.0855558071667
16,89,61.4574913263041
17,89,46.7662396388623
18,89,58.8098755381095
1,90,44.9333583289527
2,90,43.4358056192813
3,90,33.1386322081426
4,90,47.6768670337345
5,90,89.1855643737304
6,90,63.7556102820225
7,90,75.2846217687661
8,90,62.611245594244
9,90,66.1890140571303
10,90,62.4280810718872
11,90,56.2842992117018
12,90,43.5552964036006
13,90,44.0819451443675
14,90,34.0301323254533
15,90,50.0887112468789
16,90,62.3748375686989
17,90,64.4113055924027
18,90,51.329247460965
1,91,43.9252582004241
2,91,89.1855643737304
3,91,59.9636944139456
4,91,70.7730373231512
5,91,46.2180117568038
6,91,49.7000847515349
7,91,55.9201212766302
8,91,75.3019593840579
9,91,46.5124752877961
10,91,61.6872326994838
11,91,30.190671215834
12,91,44.3571468625024
13,91,36.67483057764
14,91,65.6952070179694
15,91,48.1996042197824
16,91,45.6315551360965
17,91,69.8956323469358
18,91,65.741555868775
1,92,40.3492410912731
2,92,55.6397479276237
3,92,37.2441687491965
4,92,44.6985725424301
5,92,74.2159233651461
6,92,71.2817334904574
7,92,65.6260829598774
8,92,43.6781759947971
9,92,31.7929892568273
10,92,37.7233147138787
11,92,63.1842480225709
12,92,46.7487367502509
13,92,29.698703889242
14,92,48.0161600141253
15,92,70.5959782663137
16,92,58.6242496675768
17,92,41.1068924423737
18,92,34.4861191312725
1,93,41.0542395857838
2,93,50.580860405534
3,93,62.2045279819813
4,93,31.3453641589173
5,93,64.2753184789985
6,93,50.225769437831
7,93,57.5866020837119
8,93,33.6005893818129
9,93,42.6762987744969
10,93,44.9961638017716
11,93,64.5984085014792
12,93,64.3528182968151
13,93,55.7372422935008
14,93,73.9938508760703
15,93,44.2695496017662
16,93,64.1094116533997
17,93,49.7243920058952
18,93,42.6691866748201
1,94,62.739058005998
2,94,70.0992046166104
3,94,62.0566171436557
4,94,44.3340512566075
5,94,44.7617427873799
6,94,70.0410524163242
7,94,54.6370420468959
8,94,61.3288609470561
9,94,46.206573305105
10,94,68.0888811957577
11,94,41.2316419946189
12,94,58.3674162681409
13,94,41.1475937657006
14,94,28.5231760962003
15,94,36.2247827536499
16,94,51.8438508946529
17,94,62.1269253383351
18,94,32.8116062671627
1,95,37.0373281503144
2,95,76.9255794906992
3,95,45.152752721325
4,95,56.6992286813695
5,95,44.1460843528594
6,95,46.6580195275633
7,95,51.2312122116054
8,95,50.2928106712148
9,95,47.8723994096817
10,95,44.7616467729692
11,95,28.5231760962003
12,95,78.8911541956743
13,95,77.4095352990491
14,95,38.41167389763
15,95,48.1569355218946
16,95,70.0003168478042
17,95,63.8884387646982
18,95,68.3462345481802
1,96,38.6857236979583
2,96,89.1855643737304
3,96,38.1114456845058
4,96,60.2146167343436
5,96,51.9064682867184
6,96,45.484312011346
7,96,45.7529003741333
8,96,39.4464187339959
9,96,74.3253978890898
10,96,51.2593915443943
11,96,53.4115131767506
12,96,52.7735178070201
13,96,45.7999940370814
14,96,38.1062618941927
15,96,53.3404759408637
16,96,30.1992708253827
17,96,35.5670537275331
18,96,38.6421548302102
1,97,38.620788648423
2,97,51.4794388031689
3,97,73.8912667427223
4,97,34.742749736742
5,97,55.7181396585792
6,97,62.3776957992892
7,97,39.4642479353805
8,97,49.5216414467071
9,97,61.2402964541526
10,97,47.1476248826522
11,97,47.5472197963212
12,97,54.0431234501352
13,97,49.4351405141213
14,97,43.8399108631114
15,97,48.5023667160134
16,97,79.162811103537
17,97,61.9877494977768
18,97,40.1874786145234
1,98,37.0957789962008
2,98,45.9688896301153
3,98,69.2158909649273
4,98,53.8463999457214
5,98,42.3173722247248
6,98,62.1165647373253
7,98,48.5640534803276
8,98,38.2296808922485
9,98,56.0909395059531
10,98,72.5718714112364
11,98,55.7288389190352
12,98,52.5484882650312
13,98,42.7841129376982
14,98,57.5673399646471
15,98,38.6967543094664
16,98,33.6014569392373
17,98,49.6351444664313
18,98,49.7406210356249
1,99,88.9763225385627
2,99,37.3535191080847
3,99,52.2805414090033
4,99,60.9654906753424
5,99,64.7034073166627
6,99,50.0291840338318
7,99,41.891354757334
8,99,49.3660519529204
9,99,80.2623076683387
10,99,56.3845983149079
11,99,30.5612280000427
12,99,70.8225169524775
13,99,57.1794692472239
14,99,49.7529390559969
15,99,49.942700868862
16,99,48.3711923433675
17,99,53.3771126904144
18,99,44.393576884768
1,100,53.6423293667869
2,100,40.0245887396661
3,100,52.6523363291704
4,100,65.5913995219892
5,100,56.7474245075894
6,100,64.4398330735678
7,100,38.5068639127898
8,100,50.8298838580831
9,100,58.2529354685437
10,100,38.720822752434
11,100,73.3084865886259
12,100,39.033594714018
13,100,52.199672644463
14,100,52.0394307401435
15,100,51.6604257866947
16,100,47.6655895189906
17,100,55.9381442489871
18,100,39.0680764774217
1,101,36.6983460009756
2,101,42.8014786022562
3,101,49.4673682916807
4,101,68.0181755701623
5,101,73.6939515983981
6,101,54.19729625883
7,101,55.0192569252273
8,101,47.283381682205
9,101,50.7469287379166
10,101,35.6881151009072
11,101,53.8105858251246
12,101,44.0539765367706
13,101,54.3972743781924
14,101,46.1251306756834
15,101,42.7284427133761
16,101,47.565348493198
17,101,45.8918327358978
18,101,65.3968175430718
1,102,52.7680857310726
2,102,55.7021462115426
3,102,37.1323329283852
4,102,72.0929462579163
5,102,52.1345853698498
6,102,40.7594662209329
7,102,54.0604126138534
8,102,61.9391758145982
9,102,35.8690641382799
10,102,75.5502773794725
11,102,48.2746827596511
12,102,65.8196373014541
13,102,51.0455258398732
14,102,46.2769408604744
15,102,32.1533845217789
16,102,38.4201415488716
17,102,49.6593582370636
18,102,61.3032808107236
1,103,31.7910847759595
2,103,70.0031297284892
3,103,70.4037882725329
4,103,38.020519556432
5,103,56.2421408384699
6,103,39.0446527372055
7,103,48.6603092864887
8,103,62.8194309972562
9,103,61.9077454620464
10,103,40.8297272865753
11,103,45.672907097445
12,103,39.5923135702396
13,103,54.4614461506286
14,103,34.3763204941311
15,103,28.5231760962003
16,103,71.6225913542819
17,103,87.0232651636355
18,103,44.922079993836
1,104,60.319574422668
2,104,50.0682605928208
3,104,71.7007692606416
4,104,57.3688130796535
5,104,52.6972340530485
6,104,32.4334330224937
7,104,65.2128743153036
8,104,46.0706990608406
9,104,35.6972475914765
10,104,47.7653602728166
11,104,48.6417018403507
12,104,64.8386223458818
13,104,37.7992905703509
14,104,43.818765410247
15,104,71.941073038162
16,104,69.7191126264631
17,104,66.4937144670959
18,104,75.0287476758849
1,105,52.7019214175456
2,105,43.5621061574353
3,105,57.3835541359975
4,105,64.8310214535877
5,105,89.1855643737304
6,105,31.1557082609803
7,105,53.5932694129772
8,105,58.7853831985347
9,105,49.5000525274357
10,105,34.3867601306803
11,105,60.0337122633468
12,105,41.5291782225522
13,105,56.701446051608
14,105,62.4988549278003
15,105,68.4681743965264
16,105,34.3864138831189
17,105,65.1936935299383
18,105,41.7522443558757
1,106,36.7014119303102
2,106,68.9738590650166
3,106,66.2210593979833
4,106,47.2955483021604
5,106,60.2967481871817
6,106,40.7195360440926
7,106,48.3566366822225
8,106,49.0329242687994
9,106,46.8602131661056
10,106,59.9261147972419
11,106,72.8041298785552
12,106,44.9140514929693
13,106,49.7639526139768
14,106,74.5797651436075
15,106,46.3148732043734
16,106,28.5231760962003
17,106,56.8131679020772
18,106,40.46237261059
1,107,39.3782060640886
2,107,70.7771797175884
3,107,89.1855643737304
4,107,38.9865655784238
5,107,64.3972991805472
6,107,49.0278789539927
7,107,51.9131543963071
8,107,67.4516659995935
9,107,52.8252343366911
10,107,40.8080556266562
11,107,44.7550041477388
12,107,59.2335772904512
13,107,28.5231760962003
14,107,65.4073764137441
15,107,34.3091139392094
16,107,50.4266849530354
17,107,47.8979443716106
18,107,68.6195454636035
1,108,52.5083749401368
2,108,51.4139859394352
3,108,59.4060971276236
4,108,41.0495901986366
5,108,47.8336809677743
6,108,66.7256824149927
7,108,59.1953815965787
8,108,36.8218873052283
9,108,58.545986740215
10,108,35.922020544839
11,108,43.3890272519568
12,108,67.2669346774352
13,108,29.0689598427552
14,108,32.5919833620379
15,108,68.7577644774191
16,108,41.1713557540159
17,108,67.8035500819526
18,108,48.1552703908052
1,109,55.6385234564551
2,109,61.0871465481923
3,109,42.8363119306176
4,109,46.5901334131475
5,109,45.3589677908641
6,109,89.1855643737304
7,109,51.7165042639545
8,109,56.2489544198446
9,109,46.1836056020064
10,109,47.3046342007797
11,109,70.0593670133699
12,109,46.2045388248612
13,109,50.4047563743236
14,109,54.9575634217659
15,109,45.1765658714212
16,109,80.6387576075118
17,109,35.4818852265268
18,109,81.6659306926512
1,110,46.0624568913318
2,110,69.6929938792725
3,110,30.8985851749321
4,110,63.2382339087749
5,110,62.0292645015631
6,110,36.8600981200424
7,110,41.6376321714174
8,110,52.5679060052426
9,110,66.1821605438567
10,110,41.6610955170718
11,110,47.5075783885768
12,110,73.4068452623805
13,110,38.1679458456749
14,110,63.1113634980851
15,110,55.9223044458471
16,110,38.36764181229
17,110,42.6637504077017
18,110,60.6446077932087
1,111,53.2788904918067
2,111,70.8506563063071
3,111,43.3525216214225
4,111,33.1056568035996
5,111,64.6600503428265
6,111,43.2807421978461
7,111,51.6437799998008
8,111,76.0819189207545
9,111,47.2058773815514
10,111,73.0201955727664
11,111,38.4483882228054
12,111,62.7714704683018
13,111,53.2510050350313
14,111,41.9572398482266
15,111,36.7816435814307
16,111,51.0997674976672
17,111,53.3590739437075
18,111,53.6479920467062
1,112,57.1289590482075
2,112,44.8627643855667
3,112,44.3104173731344
4,112,53.1238941660065
5,112,43.9895855131233
6,112,67.4024957406171
7,112,52.3214759954678
8,112,43.2110813102219
9,112,32.3725229102527
10,112,42.9145621496587
11,112,82.3561083992681
12,112,43.7856583361804
13,112,40.9603048527202
14,112,58.7590747039648
15,112,55.8210894650495
16,112,60.1812479783343
17,112,46.891623909249
18,112,65.8433041465881
1,113,37.7515683262304
2,113,49.5687410588115
3,113,42.2903565819249
4,113,59.1564456999274
5,113,51.7649017823191
6,113,65.6370471289946
7,113,82.6056113745198
8,113,51.898664006785
9,113,44.0639806760151
10,113,41.0844022555925
11,113,47.061723222236
12,113,49.3203981431088
13,113,81.2810826432699
14,113,38.1516482150303
15,113,38.4849522393817
16,113,45.4374182156518
17,113,57.8352812625722
18,113,61.2032183428974
1,114,40.2524180503431
2,114,51.7276794224012
3,114,49.6406755686833
4,114,67.0112542836495
5,114,65.3115123712605
6,114,46.5033891262736
7,114,50.7216087905257
8,114,58.7558723438425
9,114,33.5986589463206
10,114,46.5260442259078
11,114,57.6577364237411
12,114,44.1857211446716
13,114,49.4362792947785
14,114,49.9046630676159
15,114,42.0908421525005
16,114,39.4169568633852
17,114,47.7877001983684
18,114,46.1134342516751
1,115,61.396094143502
2,115,72.6728839247541
3,115,50.0146623444293
4,115,55.2474745970367
5,115,49.3106758782022
6,115,58.0290342790575
7,115,52.8869883727536
8,115,53.1194864366273
9,115,65.6880813042433
10,115,39.4844433214741
11,115,71.2426348368536
12,115,54.5878866636883
13,115,52.4063246947042
14,115,43.7911826269778
15,115,48.2063270897229
16,115,54.9139302045485
17,115,30.4190807474443
18,115,43.3552745156654
1,116,57.8133100865935
2,116,46.7044155218739
3,116,41.3139372765804
4,116,42.9977047731972
5,116,53.108590646608
6,116,33.7509449268953
7,116,61.9511137059475
8,116,29.6532042226159
9,116,44.3992514809752
10,116,41.4477686447921
11,116,37.0626870834556
12,116,38.628010498776
13,116,53.2933270342771
14,116,48.7243379059064
15,116,46.6323615462518
16,116,28.5819334602972
17,116,36.3887648228472
18,116,48.588343004664
1,117,40.5451493104875
2,117,41.3515868774338
3,117,64.6869112742175
4,117,52.3398965513668
5,117,38.9482047619408
6,117,44.7735861137551
7,117,46.8129552842154
8,117,42.5354519404351
9,117,39.7086803900579
10,117,49.5335881492128
11,117,60.0292579221807
12,117,52.9942028305027
13,117,47.7844601414038
14,117,55.1023706296724
15,117,60.8011988661059
16,117,48.4800509353583
17,117,56.0177557136121
18,117,37.999732076426
1,118,47.21461123938
2,118,45.3018300202515
3,118,52.5951716503615
4,118,54.6965683030093
5,118,48.6789688994074
6,118,41.6589256565423
7,118,40.0405171991018
8,118,53.6619547302442
9,118,69.6882176691196
10,118,41.4482395861165
11,118,45.6932534948903
12,118,54.3445913443637
13,118,43.8508813747246
14,118,51.6591990254413
15,118,49.5841277129524
16,118,41.5577122810729
17,118,61.356620267205
18,118,61.5780792925862
1,119,64.2899274429117
2,119,68.203853408504
3,119,44.3667436976864
4,119,44.8193358427723
5,119,53.4374083836193
6,119,58.4343536399692
7,119,46.1962255459005
8,119,45.2683951670176
9,119,43.1796428601148
10,119,71.8379676524291
11,119,28.5231760962003
12,119,48.1631154185469
13,119,50.6260543257669
14,119,38.7996831503827
15,119,55.0704059741934
16,119,31.1398158610332
17,119,63.2211977958069
18,119,33.5184047545142
1,120,29.4112954800457
2,120,41.6856924653577
3,120,52.1688359851325
4,120,42.8326236744234
5,120,43.8013173726415
6,120,54.3778487230667
7,120,38.806347452675
8,120,49.1265765867915
9,120,56.5926015655546
10,120,74.529758084421
11,120,56.3396987525543
12,120,76.0030658505163
13,120,55.9818571177126
14,120,50.1199978486111
15,120,29.0303119483305
16,120,37.278357101256
17,120,46.4281449299866
18,120,59.6099412304594
1,121,46.3882077789939
2,121,57.2230803476766
3,121,38.7601942277117
4,121,46.9353432548671
5,121,52.8679017709563
6,121,45.9755356305176
7,121,51.5498869547939
8,121,42.6339813011959
9,121,54.9227199205853
10,121,49.1836934257774
11,121,49.5906984562898
12,121,31.2782307623442
13,121,42.6038161335332
14,121,34.959645185255
15,121,33.9899261911321
16,121,44.5011196086675
17,121,48.242314075581
18,121,53.7280549282561
1,122,65.3442912406375
2,122,55.8631393929096
3,122,64.1021586896437
4,122,44.1527718969885
5,122,46.5534606002928
6,122,65.2478615249077
7,122,50.1740581413017
8,122,33.3815335970879
9,122,40.8556512827494
10,122,64.0326264119665
11,122,43.2585570105984
12,122,54.3810005120036
13,122,50.3325707139142
14,122,44.4744407382022
15,122,46.0714496149769
16,122,55.1544795441281
17,122,52.7728271242786
18,122,67.6552185365085
1,123,47.7882497368565
2,123,40.1037010295896
3,123,52.2171887748192
4,123,59.509827223342
5,123,87.2025877554976
6,123,44.828014029163
7,123,46.3450583825187
8,123,62.1204584076759
9,123,68.4238705598315
10,123,42.7588341807751
11,123,58.9248200398841
12,123,43.7390453647773
13,123,39.7267314346602
14,123,58.3392653884966
15,123,51.4708181239645
16,123,55.1225471827293
17,123,43.5766794788093
18,123,77.4950107109767
1,124,58.9350677963155
2,124,45.8085228835615
3,124,59.4725489475344
4,124,37.3701153806062
5,124,48.512534087676
6,124,70.4783456097039
7,124,47.9155878052862
8,124,62.5433810688404
9,124,47.5329605362267
10,124,28.739864376163
11,124,40.5237598823972
12,124,52.9413633634856
13,124,71.2199982017535
14,124,43.4406737622574
15,124,53.6289118476171
16,124,39.7013127227877
17,124,39.2075832901668
18,124,41.5469870944157
1,125,69.8949924131026
2,125,62.9970021304503
3,125,57.9209233692122
4,125,65.7286471284217
5,125,45.2565463265427
6,125,60.2972776190706
7,125,52.7734723378816
8,125,38.8986221520676
9,125,41.0093427246035
10,125,50.7715295862902
11,125,52.7223491124694
12,125,46.4011959076381
13,125,39.3977473904008
14,125,30.2193857480026
15,125,55.6042823517378
16,125,46.695475488722
17,125,57.2995746889453
18,125,34.4863267251865
1,126,37.0201750019265
2,126,48.824126707632
3,126,35.6166802596369
4,126,31.0203093728769
5,126,60.6492801305608
6,126,62.3977228710038
7,126,39.0794478284127
8,126,46.9589225592052
9,126,38.1067083103597
10,126,54.157190970635
11,126,49.7999066910229
12,126,40.6294919873145
13,126,41.5782030241134
14,126,38.7764497519996
15,126,55.7545863037786
16,126,57.6037687671914
17,126,54.9510739496328
18,126,40.8919636462135
1,127,32.5355145581581
2,127,57.0462206690595
3,127,48.0525793437706
4,127,49.6828069778872
5,127,64.4145123889015
6,127,40.3933210293671
7,127,66.1850459846947
8,127,45.379920986888
9,127,42.1977309305801
10,127,47.7196637508088
11,127,55.131750168472
12,127,47.7026723894754
13,127,40.3249388250401
14,127,46.8501725980693
15,127,28.5231760962003
16,127,44.3436337174236
17,127,56.0199417043745
18,127,48.1434898053306
1,128,59.2650587253503
2,128,56.4289360260703
3,128,58.6552031145773
4,128,58.8031991529059
5,128,32.9129198036123
6,128,50.2099719990847
7,128,74.4589464389592
8,128,44.6458468187561
9,128,55.9770058715607
10,128,51.9331151348979
11,128,57.4087053164543
12,128,46.9592315530536
13,128,42.8665587886023
14,128,51.0418088795172
15,128,52.7502715554544
16,128,47.9563293964598
17,128,50.5430336232674
18,128,55.4175083886535
1,129,41.5583941213431
2,129,66.1155073598844
3,129,85.503198867292
4,129,71.7510314800441
5,129,44.9287833476499
6,129,32.2472841945265
7,129,50.8225570153611
8,129,62.0870460652601
9,129,60.5686596780419
10,129,37.2324168614878
11,129,38.299508864461
12,129,51.8118149574267
13,129,58.3777406827495
14,129,61.9766786222179
15,129,61.1332510540461
16,129,39.6709569177047
17,129,36.4922286877799
18,129,30.7988363847911
1,130,56.6886844231786
2,130,61.307129119019
3,130,54.4127259729748
4,130,38.8042453481989
5,130,73.3422928595756
6,130,45.8557933324281
7,130,77.1962313642058
8,130,57.3307042457628
9,130,66.9317932590269
10,130,54.3435596753447
11,130,49.3795946413113
12,130,39.24473575647
13,130,43.8095215667948
14,130,49.5899955230394
15,130,53.7081867353754
16,130,49.7571902198035
17,130,48.0419477742223
18,130,52.4401635536774
1,131,44.1735165786173
2,131,44.0498783496853
3,131,35.2483781453618
4,131,61.577536580768
5,131,50.7331476185394
6,131,49.1530776137573
7,131,41.9150926472318
8,131,47.2360913698735
9,131,38.5450126078046
10,131,38.8967704787248
11,131,31.5052078134462
12,131,63.6320690699054
13,131,51.7142108747112
14,131,38.2658506159259
15,131,66.5029336042856
16,131,58.3566692168743
17,131,60.0465368719906
18,131,47.4886477060212
1,132,45.2735824176261
2,132,48.9815018262241
3,132,55.3281177311774
4,132,60.8896177088278
5,132,73.7299475144541
6,132,44.3376297825931
7,132,39.2160550401658
8,132,51.4005250126852
9,132,89.1855643737304
10,132,45.2106052735824
11,132,66.2117718964269
12,132,47.289646434105
13,132,44.6668636970864
14,132,42.2260750170617
15,132,47.6561176185453
16,132,74.6706817268922
17,132,53.9661658176333
18,132,56.4473555431258
1,133,61.4651831742098
2,133,82.8711047852921
3,133,60.5321523224416
4,133,35.4934807182754
5,133,39.0458627831625
6,133,34.1241543470053
7,133,28.5231760962003
8,133,68.5807166832321
9,133,44.5028368564045
10,133,55.1979396387872
11,133,66.7909381891567
12,133,44.3079586194384
13,133,48.5452583825042
14,133,54.603019916312
15,133,52.981710867142
16,133,41.5772185176902
17,133,59.8784531454323
18,133,57.2506411242451
1,134,46.7727453294096
2,134,37.2989396916756
3,134,58.480433456093
4,134,70.8922446952571
5,134,70.089303868961
6,134,61.9722164211725
7,134,44.6171852699509
8,134,44.0989112865516
9,134,43.5009063826958
10,134,45.3963504127103
11,134,59.5653934199931
12,134,53.3750077230455
13,134,31.986747036938
14,134,31.9539961941621
15,134,49.8825770882072
16,134,52.0155550810276
17,134,28.6741344820618
18,134,41.1548514313649
1,135,50.4955359292479
2,135,71.4834087932568
3,135,30.7962319246503
4,135,37.0012643354822
5,135,38.6055543007912
6,135,52.337457774389
7,135,54.3466809937512
8,135,46.4087216654049
9,135,33.9355156092115
10,135,43.0513209379055
11,135,43.7885917730858
12,135,47.7562785345226
13,135,74.329457766788
14,135,42.5718007976275
15,135,51.095071019002
16,135,42.2774653202239
17,135,37.1379643098626
18,135,58.5174965857194
1,136,38.8842227119403
2,136,89.1855643737304
3,136,51.2972907944512
4,136,50.897197058926
5,136,49.3569464922393
6,136,78.4144335700174
7,136,58.915633623109
8,136,47.1992815123483
9,136,37.8103418814393
10,136,38.9965327233326
11,136,41.4698043882845
12,136,67.3326317909828
13,136,47.9139358321789
14,136,41.7500460012869
15,136,60.7738142955126
16,136,69.4916261584125
17,136,42.3889520113929
18,136,45.0321816505193
1,137,54.5372656941805
2,137,50.1005271196774
3,137,55.350592660859
4,137,75.992669578978
5,137,49.4306683971941
6,137,46.8606422936882
7,137,56.421169302645
8,137,49.5631222260048
9,137,58.4015662300908
10,137,47.5093612341595
11,137,55.8512596993769
12,137,34.3374737868634
13,137,50.3286792589826
14,137,44.2609161968407
15,137,37.587848993931
16,137,45.3812658866359
17,137,54.8914457587154
18,137,51.2945562062287
1,138,59.3391597988324
2,138,63.0059974640769
3,138,61.312366116416
4,138,46.3660032538698
5,138,36.3549564656521
6,138,46.8648137125272
7,138,66.5975877276225
8,138,48.7042405383933
9,138,33.7308354774898
10,138,56.5028423203589
11,138,53.704870908689
12,138,45.5185729540924
13,138,52.3116579026532
14,138,69.9005079609813
15,138,68.7215051474411
16,138,44.9083282963031
17,138,50.2891911012705
18,138,35.2621814949318
1,139,42.0490393244709
2,139,81.6055378054853
3,139,72.1137049999929
4,139,47.4485663449387
5,139,42.4101845080722
6,139,36.0176160148307
7,139,83.9690609247008
8,139,51.5723545896102
9,139,43.434917746389
10,139,65.1356638993602
11,139,38.4256017837753
12,139,59.8167910595845
13,139,71.1219874912459
14,139,47.668528620507
15,139,71.3016541424345
16,139,58.5970173873433
17,139,42.5507890186342
18,139,57.6499099028503
1,140,42.28652170995
2,140,44.0707365395391
3,140,60.5140490410453
4,140,44.6985035267552
5,140,49.8633197320303
6,140,64.2100272576547
7,140,37.4511141031952
8,140,73.8340985207324
9,140,82.2750479792553
10,140,58.2138566491125
11,140,55.5597728589269
12,140,44.473750284594
13,140,56.4970666402737
14,140,44.4138590488101
15,140,53.7875878503056
16,140,42.4702415957139
17,140,60.7199957664348
18,140,59.3087535756277
1,141,67.7919170477276
2,141,81.0923525162863
3,141,42.8858595482627
4,141,63.3933454022641
5,141,35.4921380612126
6,141,44.8954130138781
7,141,63.0757778521263
8,141,41.9407948436672
9,141,54.5419779167591
10,141,40.3255498800403
11,141,45.853525444943
12,141,49.665898063792
13,141,43.2419802939907
14,141,31.300486519065
15,141,53.2032399024504
16,141,56.2775839741464
17,141,51.8491202783262
18,141,44.5565376926314
1,142,62.3876572874484
2,142,65.127271665439
3,142,28.5231760962003
4,142,65.8739585270177
5,142,32.5877692987136
6,142,46.1411293353784
7,142,38.3364254092621
8,142,43.0559810871427
9,142,69.016716241665
10,142,57.0965343768129
11,142,56.5372896111694
12,142,30.3140042235855
13,142,52.603595576576
14,142,58.4162606764406
15,142,61.7969337366177
16,142,39.6203048550435
17,142,62.9547715067238
18,142,35.7689881966915
1,143,76.4460431288508
2,143,41.3328975023985
3,143,60.3769331188266
4,143,54.1766773707544
5,143,38.7621747341978
6,143,66.1889490618516
7,143,50.5667553614112
8,143,61.16312332589
9,143,52.8831001345597
10,143,61.9101100778794
11,143,50.4236232310605
12,143,65.7249213444305
13,143,46.0558825561578
14,143,56.9966471948025
15,143,54.9790023451174
16,143,61.5415570437486
17,143,43.1506558939101
18,143,52.3665806030275
1,144,43.5802535482618
2,144,62.5153079252976
3,144,42.9873705826535
4,144,76.3256357928192
5,144,60.7489597237
6,144,49.9930239244654
7,144,67.189969784106
8,144,49.1415634422927
9,144,57.4957272560859
10,144,57.0091642595624
11,144,55.5746838249985
12,144,43.405292853459
13,144,37.042536252826
14,144,33.3705655112646
15,144,44.9083341139672
16,144,59.1856210799435
17,144,47.3362073581758
18,144,37.4713545589817
1,145,84.5905032350078
2,145,59.4618913674168
3,145,80.3958959908338
4,145,67.3014379738402
5,145,43.2518285278509
6,145,45.3938934268855
7,145,35.3769499374444
8,145,60.0187659086651
9,145,74.3434028357815
10,145,40.1301762554544
11,145,37.4818291111932
12,145,62.1232414554854
13,145,34.7330271298362
14,145,79.9101487546838
15,145,57.6195029886086
16,145,33.1023887094452
17,145,54.6647560120059
18,145,51.4544063723657
1,146,28.5231760962003
2,146,49.6531278411492
3,146,43.5053764394334
4,146,40.4542444785239
5,146,53.1468019506243
6,146,61.6465026833515
7,146,76.2289586783652
8,146,28.5231760962003
9,146,60.0644248582218
10,146,39.8214567775426
11,146,66.3828681647248
12,146,54.5448988548686
13,146,71.1924645699073
14,146,35.0180073272051
15,146,56.5473367217752
16,146,53.8787753689671
17,146,64.6606038074108
18,146,47.4265647951475
1,147,66.1850703690507
2,147,45.0318724585812
3,147,45.2037955739847
4,147,50.4688426933492
5,147,38.7091199574844
6,147,44.9053382083622
7,147,65.6417517282946
8,147,74.8526659397748
9,147,65.7094095319749
10,147,45.2517187947604
11,147,54.1841425757111
12,147,51.3710231713591
13,147,36.9691472176205
14,147,53.3880928210484
15,147,41.0766706044283
16,147,38.7901438925288
17,147,59.8014451268206
18,147,42.2515150167454
1,148,48.4385384177091
2,148,39.615809259926
3,148,50.8440723128835
4,148,56.5160350395596
5,148,56.6558943879329
6,148,38.6528201885838
7,148,68.039516319975
8,148,72.0257123053126
9,148,54.9036255625267
10,148,52.1107000229827
11,148,51.1084275383464
12,148,53.3898749267122
13,148,54.9503907035343
14,148,51.8504904991176
15,148,58.7715456297264
16,148,46.2394337666944
17,148,65.9501540737835
18,148,49.7033949237554
1,149,32.7767010574398
2,149,48.9617120988715
3,149,55.8986230563991
4,149,67.5792086966606
5,149,50.8966648958734
6,149,31.3443838743724
7,149,50.218150773928
8,149,37.5089601116211
9,149,39.592868816467
10,149,39.120540389425
11,149,41.3269615618781
12,149,66.0746845087463
13,149,41.0047049140242
14,149,45.0962865358212
15,149,52.4489071829067
16,149,62.2392997348762
17,149,42.6757751382269
18,149,41.0574569617564
1,150,44.2351828953525
2,150,37.7597132777798
3,150,62.6881934404032
4,150,29.559760327427
5,150,44.1379888032071
6,150,35.3730145409491
7,150,31.2176653789601
8,150,50.5089627573438
9,150,72.8201545062949
10,150,74.5415119739164
11,150,43.7642945801923
12,150,42.3640556400541
13,150,44.0254508412588
14,150,59.5787421400114
15,150,28.5231760962003
16,150,53.2626373105495
17,150,45.4641437020277
18,150,41.8844278837885
1,151,30.8466412431383
2,151,47.718735413119
3,151,33.6347975820728
4,151,49.9736438861175
5,151,40.379756997036
6,151,50.7256156978371
7,151,56.0883788938993
8,151,44.3949557990947
9,151,39.1511618886062
10,151,43.2480225830489
11,151,42.6686550902617
12,151,34.9288892263711
13,151,41.5137575420475
14,151,47.8625978226885
15,151,47.545503341025
16,151,54.3295948503486
17,151,68.5996963457565
18,151,54.3839909142813
1,152,71.7263724345887
2,152,42.870437356178
3,152,69.5841182266213
4,152,57.9173265125261
5,152,37.5772262158908
6,152,55.2943431040773
7,152,37.1607871157947
8,152,63.1027484112242
9,152,44.0092379577107
10,152,47.3698006328509
11,152,42.5432735253707
12,152,40.8000166839841
13,152,75.7709111864056
14,152,63.78810141863
15,152,59.0769957054651
16,152,51.0623359929204
17,152,59.958583471659
18,152,58.8840257573518
1,153,73.9814503013647
2,153,61.6337972812156
3,153,47.7145424388695
4,153,47.6140006417681
5,153,44.7803515358701
6,153,45.927061633358
7,153,47.3632144461313
8,153,67.462194900093
9,153,28.5293672297825
10,153,42.3138794322899
11,153,48.5698169198442
12,153,36.7526894793909
13,153,74.2613154975017
14,153,47.3946254604355
15,153,38.2645360498115
16,153,40.4119448660729
17,153,61.9686209611884
18,153,78.8979195754684
1,154,48.6712951233601
2,154,51.4774425830525
3,154,39.8583010764283
4,154,69.0127178705616
5,154,59.7601763628143
6,154,28.5231879448368
7,154,42.8984298558909
8,154,47.3926821528555
9,154,38.3458328711957
10,154,46.94564460732
11,154,38.1116193764014
12,154,54.7229325460877
13,154,54.4100105545986
14,154,61.0531869784712
15,154,55.4861016767613
16,154,73.8129902851987
17,154,45.6784260341379
18,154,29.7657496603704
1,155,50.4722664045696
2,155,58.7149660689869
3,155,45.5115990106813
4,155,70.4359750988851
5,155,65.3998363355493
6,155,57.1377828551324
7,155,51.0147744944649
8,155,43.8840486454165
9,155,48.053925334709
10,155,56.199593938752
11,155,63.4180465020614
12,155,46.6859372282825
13,155,42.0439450866429
14,155,89.1855643737304
15,155,56.876171518279
16,155,40.2946942327077
17,155,62.8547047855161
18,155,50.9148749269461
1,156,61.2874857863036
2,156,50.7929931467608
3,156,49.4541236449683
4,156,51.2730382273855
5,156,55.4367017485925
6,156,43.2653878845513
7,156,42.7932372334659
8,156,47.962757811284
9,156,52.2855476888723
10,156,46.4459955059796
11,156,54.1645104797142
12,156,38.4055893808959
13,156,35.4604043564208
14,156,79.3389483289523
15,156,55.2368329224202
16,156,45.5580293945423
17,156,46.8690970871523
18,156,60.6716714125329
1,157,47.666788239428
2,157,52.5499476217704
3,157,47.0424335050681
4,157,44.4202219805505
5,157,58.04070746336
6,157,51.9092179363407
7,157,68.7650966033391
8,157,38.1859909537809
9,157,48.5412613658199
10,157,47.6821763194883
11,157,38.6565265174815
12,157,63.8817612642779
13,157,48.8706753400066
14,157,35.8527180500671
15,157,43.4539564966086
16,157,38.3721142534473
17,157,64.523262662283
18,157,89.1855643737304
1,158,42.6033284093111
2,158,49.0506714726567
3,158,53.6777504254431
4,158,89.1855643737304
5,158,28.5249161206504
6,158,44.2851674535766
7,158,37.4764055803917
8,158,47.4673125352825
9,158,46.9152201207352
10,158,42.0280982338701
11,158,78.2343007248073
12,158,53.3836567435087
13,158,89.1855643737304
14,158,61.2403814004972
15,158,36.9128833162572
16,158,41.7875744427054
17,158,53.5907071149727
18,158,43.6041940634299
1,159,54.6564210096808
2,159,59.9039555314125
3,159,55.5488823169049
4,159,48.5494328871991
5,159,42.9160407964948
6,159,36.6987328724943
7,159,54.4792835061628
8,159,62.723180834252
9,159,49.200210506659
10,159,60.2102581667717
11,159,86.0597035537848
12,159,80.146952520164
13,159,44.4900949318215
14,159,57.2655764176839
15,159,42.3101386045872
16,159,59.2864012909506
17,159,49.454913601338
18,159,53.6498221745859
1,160,40.7324766527001
2,160,67.17664225403
3,160,49.1464581042391
4,160,45.0214068712113
5,160,49.2365673143136
6,160,51.0967300231654
7,160,74.5816930085866
8,160,38.3220193633337
9,160,89.1855643737304
10,160,41.5873247199832
11,160,52.3279114723065
12,160,30.4601917611175
13,160,42.8025999996446
14,160,59.8923530916811
15,160,56.6928110350861
16,160,55.4070376272531
17,160,44.7945406947034
18,160,32.0860330455031
1,161,38.67562108774
2,161,47.4419659003638
3,161,58.3148998044878
4,161,61.445965810536
5,161,46.6093645163851
6,161,48.350531940444
7,161,48.2183158078241
8,161,50.8675030028424
9,161,72.8009072965218
10,161,42.059646881251
11,161,47.7310381420939
12,161,51.1255650512192
13,161,36.2659937791982
14,161,40.1248824929655
15,161,52.6538047025939
16,161,55.6289972538455
17,161,66.1221179777052
18,161,44.8060422674981
1,162,71.3469359123946
2,162,40.6778099674306
3,162,34.0677344765065
4,162,31.2992625649974
5,162,65.5471103027711
6,162,54.0057480581721
7,162,48.5987678408898
8,162,46.7142456967096
9,162,73.6725467697592
10,162,67.1077735976648
11,162,39.3286002375596
12,162,35.805317275132
13,162,65.24986970587
14,162,57.4588075676882
15,162,44.3171051452803
16,162,55.2177584866112
17,162,30.7189905809275
18,162,42.6919488619319
1,163,55.7361177328804
2,163,49.2808530480649
3,163,36.7649007452671
4,163,64.1518244607135
5,163,66.4912134571906
6,163,39.940445625316
7,163,47.9547681174845
8,163,59.8755266991939
9,163,61.8385474489112
10,163,44.1266994597516
11,163,40.5401905606874
12,163,54.5345063293223
13,163,31.5276140486681
14,163,39.8434037221485
15,163,60.5023548032033
16,163,33.1915288602959
17,163,37.4947347947693
18,163,47.3161637130638
1,164,46.6185662753756
2,164,32.789804305832
3,164,56.7498000167079
4,164,39.160101902096
5,164,48.2743524652875
6,164,47.8258758771352
7,164,59.3844039743003
8,164,49.3636902757714
9,164,48.5525491489788
10,164,74.9055117855746
11,164,54.8901146522709
12,164,58.3418041379024
13,164,56.2775639446851
14,164,57.6125053744634
15,164,69.3327681574997
16,164,49.4700050990644
17,164,53.1999858601552
18,164,80.8455870375536
1,165,44.1128989050284
2,165,68.5852882915261
3,165,43.2969341357125
4,165,75.9179560436199
5,165,42.6805083768753
6,165,41.1755516913315
7,165,64.4812769985172
8,165,63.3740251299031
9,165,57.3349953046279
10,165,53.5926567155315
11,165,53.1872989435179
12,165,82.5307700653087
13,165,35.4468628572966
14,165,39.4948253890172
15,165,36.7893889621767
16,165,63.3099197403051
17,165,47.2605030076134
18,165,48.6036374194294
1,166,77.2761282324757
2,166,43.5922808724938
3,166,81.8938827482821
4,166,35.6458041641709
5,166,69.0326386377811
6,166,54.2451211270952
7,166,45.651172610806
8,166,48.1017719440926
9,166,69.3871997254866
10,166,75.8015129068397
11,166,33.3959116338069
12,166,89.1855643737304
13,166,89.1855643737304
14,166,44.1633499106171
15,166,49.3828297039077
16,166,42.7084452281984
17,166,49.0415062671194
18,166,60.0098354914429
1,167,51.4317281081686
2,167,52.5485726606589
3,167,71.7788982968049
4,167,29.4032165867524
5,167,44.5274426948706
6,167,51.9459988553819
7,167,41.4887900231409
8,167,64.8662739976738
9,167,45.0259276214241
10,167,45.2044227543223
11,167,66.9107283588781
12,167,61.3990552808886
13,167,48.365123239936
14,167,46.3292968318179
15,167,35.3128412952581
16,167,42.3606792659237
17,167,89.1855643737304
18,167,49.7066207859654
1,168,62.5888922862027
2,168,47.9656952873467
3,168,58.1481935501334
4,168,49.5225126688941
5,168,69.8079789888412
6,168,44.39608927447
7,168,33.1492308636632
8,168,62.3626550733979
9,168,47.351162718536
10,168,71.5115077341766
11,168,51.6943399869395
12,168,71.3441732972582
13,168,54.6026332523422
14,168,46.0911149115984
15,168,59.8027950872002
16,168,44.8763257603425
17,168,75.4524268975093
18,168,51.9732831140795
1,169,30.6697019083754
2,169,44.7359057454807
3,169,33.7710761196279
4,169,29.5855812744472
5,169,50.8843097538416
6,169,58.6866818498701
7,169,41.7072862786269
8,169,36.3489118203384
9,169,43.3499288842648
10,169,34.4476235518771
11,169,59.4761935924124
12,169,57.6525682656517
13,169,34.0759220818813
14,169,43.1190194397586
15,169,64.6504785830213
16,169,48.1574990658059
17,169,50.2751900462462
18,169,55.4966462358344
1,170,58.3883927579799
2,170,67.1907296244568
3,170,60.4873750430378
4,170,35.9222169484772
5,170,45.9416628473395
6,170,53.9720747071926
7,170,48.8507805131055
8,170,29.5797743353551
9,170,41.740777898422
10,170,64.1407096261353
11,170,52.1178688504927
12,170,35.1046842751003
13,170,52.854068424783
14,170,48.2667657392504
15,170,59.0289210609613
16,170,83.5733151560892
17,170,34.7379003739878
18,170,44.3807050553887
1,171,48.5006280236429
2,171,29.8893471611997
3,171,49.7813036489827
4,171,43.4431277091028
5,171,86.2282433269699
6,171,28.5231760962003
7,171,71.942838148008
8,171,64.0393400295795
9,171,59.9405362493574
10,171,51.9761546829991
11,171,42.2221540466811
12,171,65.5722315566091
13,171,40.4694427859107
14,171,59.3575419539789
15,171,55.3006171784441
16,171,65.1067964766554
17,171,43.4075839669114
18,171,43.5715670191547
1,172,53.9691719183439
2,172,54.0163903472028
3,172,69.9786575158436
4,172,56.4209637557779
5,172,51.9513213430033
6,172,61.5230669280633
7,172,43.9680705045142
8,172,65.3713644839517
9,172,39.1498037019887
10,172,54.44302023924
11,172,33.1670253385737
12,172,53.2464889921861
13,172,34.3023544693266
14,172,47.4229279109607
15,172,32.76271237141
16,172,42.9568211333403
17,172,41.5585651421541
18,172,57.377582766049
1,173,43.559588947674
2,173,41.6348954096422
3,173,67.4398808164665
4,173,75.167912327715
5,173,65.3794207365462
6,173,34.9461053933823
7,173,68.3470869761371
8,173,37.2433293184792
9,173,49.2923271095567
10,173,59.9313355359625
11,173,47.6256088315759
12,173,48.3641231338792
13,173,51.7069216127695
14,173,55.6396337777073
15,173,55.4174915387897
16,173,33.0105314056095
17,173,48.0690104889321
18,173,53.7702368529915
1,174,57.8798777165975
2,174,46.446177529281
3,174,42.3056169165841
4,174,36.0091980608184
5,174,42.0383007262369
6,174,48.7036673629365
7,174,43.0027952433287
8,174,57.935488996497
9,174,54.8316993502016
10,174,33.9650553448494
11,174,54.1690693151314
12,174,57.1961280959785
13,174,47.0811959745916
14,174,49.8383311601369
15,174,45.1709325842458
16,174,46.7168116222019
17,174,39.2971559778194
18,174,55.6039066574768
1,175,37.2769293429462
2,175,43.4716096550045
3,175,40.1968197489324
4,175,40.6151456552766
5,175,45.8734773941876
6,175,44.5942954963354
7,175,42.3332030884455
8,175,47.1713423500708
9,175,34.1618652625957
10,175,51.5274878293825
11,175,58.4593564514367
12,175,36.7541120454104
13,175,35.6142023332466
14,175,86.1529281488235
15,175,53.1569835347235
16,175,50.8101798597042
17,175,47.8034506956728
18,175,56.5201606869969
1,176,50.6141324365233
2,176,43.9435255351265
3,176,45.1683298874505
4,176,46.1418635193265
5,176,46.4201932002556
6,176,41.805729614296
7,176,65.0730918077182
8,176,51.3129474745444
9,176,41.5897996578235
10,176,57.887014033529
11,176,54.6026533552259
12,176,48.5145392151807
13,176,55.2770706957036
14,176,40.2675969020522
15,176,47.7995953863124
16,176,39.3723250448957
17,176,37.6492242229718
18,176,46.2884287181842
1,177,52.2440451360947
2,177,40.2029821510089
3,177,48.0758853546154
4,177,32.1882655310751
5,177,45.0124904111601
6,177,66.6139205387981
7,177,37.9459612902871
8,177,37.566089098533
9,177,47.5567028382433
10,177,57.0987116266182
11,177,67.6788169971439
12,177,89.1855643737304
13,177,60.9040605297252
14,177,59.0231941780261
15,177,81.9957503122433
16,177,46.6315515784745
17,177,47.6318150448804
18,177,53.3345795228424
1,178,35.553944886416
2,178,32.1493592109254
3,178,77.7171552421799
4,178,43.6348839943788
5,178,44.8910926826132
6,178,39.4315183723755
7,178,51.9416599382555
8,178,57.8854959661409
9,178,47.4559664030199
10,178,50.3384504483268
11,178,63.1664327268525
12,178,50.0286555039242
13,178,43.7794930433448
14,178,49.4279907493621
15,178,40.8975468705916
16,178,51.4133498426258
17,178,40.3501741625511
18,178,70.3174210993421
1,179,28.5231760962003
2,179,55.2825938257607
3,179,44.5643184719519
4,179,81.189476257744
5,179,47.3887090721016
6,179,56.3722789569623
7,179,55.0900026186919
8,179,53.2622750461348
9,179,56.8701437063907
10,179,81.3917008512777
11,179,62.8018661138282
12,179,52.6048552056066
13,179,77.4065714791158
14,179,57.7741788063794
15,179,58.7218642392552
16,179,67.8252952470903
17,179,52.1565261150538
18,179,59.8012310711115
1,180,46.9313565998133
2,180,51.7000756015594
3,180,50.643599093682
4,180,42.9556426050676
5,180,82.129576383913
6,180,43.8054510553889
7,180,46.0157348354302
8,180,69.1428387878046
9,180,49.9093232779968
10,180,66.5729144818058
11,180,43.2940075059914
12,180,50.0035210702198
13,180,47.1998965172542
14,180,39.660016099399
15,180,46.6045764879332
16,180,42.7942337838362
17,180,61.7445415658435
18,180,46.7440273797181
1,181,49.1631208967932
2,181,41.0413326179553
3,181,52.8447545046518
4,181,33.9387423634626
5,181,28.5231760962003
6,181,79.1103875473878
7,181,60.263454792095
8,181,58.5002080833218
9,181,29.1715498188368
10,181,59.1044343039172
11,181,56.8935017565064
12,181,49.2242347642151
13,181,61.2614915888266
14,181,65.8100393623298
15,181,48.6961295544862
16,181,80.370940772312
17,181,63.7349168964977
18,181,67.4867990276597
1,182,46.4714281095677
2,182,48.5905127233446
3,182,40.1097527395361
4,182,55.3640434237587
5,182,53.4735967445735
6,182,51.2813882691603
7,182,42.531408706644
8,182,47.4173593916927
9,182,81.1494055417617
10,182,40.0459017583582
11,182,45.45808577966
12,182,35.6977453022734
13,182,37.1334534747337
14,182,46.7918388520153
15,182,45.6214572460401
16,182,43.1939811777781
17,182,41.5819640393663
18,182,47.8252416946554
1,183,66.0249260252643
2,183,45.9931939549349
3,183,36.7531752668294
4,183,38.7109996640764
5,183,30.8598937081067
6,183,33.137534735643
7,183,41.8491016708518
8,183,39.5898967348274
9,183,37.9679443759494
10,183,81.2307050043758
11,183,76.6758953189943
12,183,89.1855643737304
13,183,60.5450199779673
14,183,48.2370511654996
15,183,38.9537168352701
16,183,38.4146107979674
17,183,44.4688758388845
18,183,68.411182933075
1,184,58.951960332491
2,184,62.2260362705193
3,184,47.9355403891091
4,184,34.4216612296709
5,184,54.288279623899
6,184,47.6172429132355
7,184,46.5972768223916
8,184,85.1601809301546
9,184,61.9280276046456
10,184,47.4583245235863
11,184,31.6238169992258
12,184,46.793241963727
13,184,63.766221549935
14,184,54.9024355936171
15,184,53.5786163954384
16,184,64.6172334040418
17,184,48.1464042728016
18,184,46.1271351440616
1,185,47.1652582925446
2,185,59.93213036543
3,185,46.9897636606506
4,185,60.3078612765989
5,185,37.2465241565494
6,185,36.8614555074385
7,185,51.7320045689339
8,185,60.3090599822563
9,185,45.4408735146786
10,185,43.6092412847142
11,185,28.5231760962003
12,185,54.9223958268114
13,185,40.3020015589409
14,185,55.2997557192473
15,185,70.8869544376852
16,185,44.4791679179609
17,185,59.3857948098166
18,185,48.3388949462494
1,186,54.8463636983846
2,186,37.9056717050555
3,186,55.5044928148684
4,186,68.8175927777745
5,186,77.5275814098963
6,186,37.6166629549421
7,186,57.0850730779358
8,186,44.3488730933929
9,186,56.9335886843979
10,186,48.0362213154005
11,186,47.2331219525693
12,186,59.175671914022
13,186,60.1021407928102
14,186,53.669191457845
15,186,56.129788560577
16,186,54.9775219380835
17,186,53.6600481386861
18,186,51.2807247000025
1,187,62.6210319678754
2,187,59.5756965158035
3,187,60.8014121043928
4,187,65.5934831546019
5,187,57.3020249934138
6,187,48.3335936415505
7,187,38.5199154657003
8,187,44.5642619786964
9,187,40.6246235428421
10,187,46.6588596575373
11,187,44.163641693301
12,187,47.8245591149911
13,187,39.1369183426639
14,187,43.1374854826568
15,187,54.6736097575894
16,187,52.8243565721553
17,187,45.4803509193253
18,187,64.1138419258342
1,188,33.6994777555178
2,188,56.3848661479972
3,188,73.3798741133229
4,188,45.4387278709242
5,188,55.0992281876663
6,188,43.8119230851718
7,188,49.8924795799747
8,188,61.1215699182565
9,188,40.1931530626317
10,188,43.8487523033027
11,188,57.064855440208
12,188,55.4760651935013
13,188,60.9921811434612
14,188,67.9522776453896
15,188,60.4476238504549
16,188,38.6305824669151
17,188,52.0640170373885
18,188,45.5352987616684
1,189,50.0882283138963
2,189,62.6476279956384
3,189,53.6312049578951
4,189,52.0817729081855
5,189,48.7203148474502
6,189,55.2253403635959
7,189,37.6965651113688
8,189,45.2881113908509
9,189,74.2158945676518
10,189,58.2370208028328
11,189,39.7304309742146
12,189,37.2431570285457
13,189,39.7541606484814
14,189,57.7316176945
15,189,55.7111582170154
16,189,43.7027575320571
17,189,45.87204660621
18,189,63.5785696597171
1,190,46.5621098494168
2,190,49.4543606071773
3,190,54.6331670428295
4,190,47.9912625181066
5,190,41.974988521019
6,190,45.3826729153294
7,190,38.5990656714379
8,190,56.201429488913
9,190,69.2706877451335
10,190,53.2182799846957
11,190,61.0790097063063
12,190,42.8371096802289
13,190,48.4824616799847
14,190,48.5317953308884
15,190,35.4631357882329
16,190,51.2516865848739
17,190,56.3367684252757
18,190,59.1944180598445
1,191,68.9961508616643
2,191,35.1039271207453
3,191,58.2585990435585
4,191,59.6793761594195
5,191,47.6701962480197
6,191,58.0444986463852
7,191,35.601846146398
8,191,52.8344546085909
9,191,28.5231760962003
10,191,54.0998839273617
11,191,73.9463686031577
12,191,72.8863878415447
13,191,28.5231760962003
14,191,57.1036395842996
15,191,46.0833466286885
16,191,49.8563031594222
17,191,29.3159487086428
18,191,55.0652626883418
1,192,44.1483807097176
2,192,54.9166542622581
3,192,47.8879716074247
4,192,39.1223369946792
5,192,54.377734876307
6,192,57.9406334306629
7,192,50.8240514274066
8,192,57.549248777681
9,192,44.8244549717809
10,192,68.4821771405851
11,192,45.9912868998135
12,192,43.5856739622318
13,192,64.5624339056354
14,192,65.7194029357778
15,192,59.1549690557579
16,192,52.912772209846
17,192,73.8268004335843
18,192,39.2628788072444
1,193,66.0849480877419
2,193,75.9962665895511
3,193,50.8276270347546
4,193,57.809532754937
5,193,58.1464729001278
6,193,66.9848782210172
7,193,40.7344923227533
8,193,62.3196950258104
9,193,33.1501394993244
10,193,82.9748417793686
11,193,43.6735623983419
12,193,46.459341366899
13,193,53.4072058977953
14,193,37.0473143602044
15,193,47.0633101681454
16,193,50.9124188005126
17,193,46.1924043122633
18,193,81.9633651459502
1,194,32.5308547410651
2,194,48.894502724856
3,194,66.7461072187473
4,194,40.9586620442292
5,194,48.4984161902182
6,194,80.3309789932747
7,194,31.9017055700474
8,194,41.2832076890328
9,194,37.5162635150504
10,194,58.4264295643356
11,194,40.6623128861367
12,194,56.1809073234956
13,194,42.892464485704
14,194,48.3391317455449
15,194,61.7261024718386
16,194,51.8527540892787
17,194,31.3395511310123
18,194,44.0504120025575
1,195,59.6290804834571
2,195,78.7286724901234
3,195,38.2839405958206
4,195,47.4558537155996
5,195,49.1773170396417
6,195,42.0000195453456
7,195,35.8781432787981
8,195,78.3223407530291
9,195,71.7706682428882
10,195,35.6687393893688
11,195,31.7734196252288
12,195,46.8985435113939
13,195,55.6742958150993
14,195,48.6180309384283
15,195,65.9488701354481
16,195,47.2503499512779
17,195,37.8162250504273
18,195,72.4969778342843
1,196,47.3937244783108
2,196,46.823506118349
3,196,47.0603055457604
4,196,50.8448101290924
5,196,28.5964964142364
6,196,59.1928497685615
7,196,59.7395416569601
8,196,58.4225189377445
9,196,45.4026465482567
10,196,51.3812176624664
11,196,35.426439137439
12,196,54.7291978583916
13,196,41.148786519877
14,196,69.0168693874497
15,196,40.0782887297886
16,196,30.4532238687818
17,196,52.3027549514649
18,196,33.7859404443936
1,197,40.0586439265575
2,197,60.9504103534342
3,197,78.9614719090882
4,197,47.0657824475571
5,197,63.4773148672293
6,197,35.923986000953
7,197,76.2935056644565
8,197,50.0975798641901
9,197,41.5211827392104
10,197,55.2323728341552
11,197,41.226708137305
12,197,50.7748530770473
13,197,51.4119039940632
14,197,66.5890037057716
15,197,43.723852003494
16,197,45.7981123185634
17,197,51.689520352759
18,197,62.3448962313314
1,198,79.4079353296229
2,198,73.5999332737163
3,198,63.3022466167651
4,198,31.626648512519
5,198,63.1041871444228
6,198,60.2073795589816
7,198,42.3554178344733
8,198,43.7414548516283
9,198,35.995564747596
10,198,50.0070922485822
11,198,51.2732668015426
12,198,32.7937324820785
13,198,34.1913511368553
14,198,52.3259040564062
15,198,39.108625964117
16,198,46.6508575219195
17,198,64.0345604081562
18,198,45.2402488673854
1,199,51.7280017064564
2,199,58.2320555920639
3,199,38.1928318294001
4,199,67.7866272846797
5,199,62.6423599249279
6,199,68.2860307152344
7,199,45.2370705410798
8,199,35.174863543843
9,199,56.7743424408312
10,199,58.2710361182623
11,199,89.1855643737304
12,199,76.0902370925188
13,199,44.814981888818
14,199,39.2996591835997
15,199,58.3057397026784
16,199,81.3094644561608
17,199,37.6553969573926
18,199,41.514930695061
1,200,76.6120717191481
2,200,78.2917942191221
3,200,52.5810495150415
4,200,33.8705936452792
5,200,43.9791247627906
6,200,66.5614994238839
7,200,84.5342686208703
8,200,49.9667572486821
9,200,43.0420078978221
10,200,54.0111825941503
11,200,51.9518068829301
12,200,40.2387573595333
13,200,57.8959291375218
14,200,70.258123236141
15,200,50.319127083096
16,200,58.3730559379891
17,200,53.3192635129053
18,200,56.0960188004076
1,201,47.6286558844621
2,201,67.0546223956011
3,201,53.0578283552632
4,201,44.4046110599813
5,201,58.4396807512035
6,201,63.2568864639733
7,201,49.2620913653989
8,201,28.5231760962003
9,201,74.5690485883258
10,201,41.8165547542595
11,201,46.0897920836565
12,201,74.252859710563
13,201,31.665279515302
14,201,38.3608562218601
15,201,41.8285131116419
16,201,36.4897851067834
17,201,65.5350077050407
18,201,68.1460189034751
1,202,56.6329812869206
2,202,45.0925374920306
3,202,45.2647183069476
4,202,43.7081512537315
5,202,44.1699376779872
6,202,56.3857814907834
7,202,62.5247858282823
8,202,44.905272409685
9,202,54.1908467354894
10,202,28.5231760962003
11,202,51.0897785095428
12,202,40.5411532377994
13,202,65.4595289127131
14,202,66.8590627267289
15,202,29.4558026914152
16,202,62.7229048550602
17,202,43.7329944372008
18,202,48.205586062463
1,203,62.3619166948913
2,203,59.2771188493764
3,203,41.129166834765
4,203,54.2049843925911
5,203,44.7911762974996
6,203,67.9375755604248
7,203,34.2731924914415
8,203,61.1830879969777
9,203,70.2692218888099
10,203,28.5231760962003
11,203,58.6850599356669
12,203,45.9355100696107
13,203,51.5172913026145
14,203,46.9814966267555
15,203,59.3192249700294
16,203,62.8136090565996
17,203,57.9134132876103
18,203,48.8837878123595
1,204,45.2597914624618
2,204,48.482403216927
3,204,47.4711509143136
4,204,52.7150906348181
5,204,41.0736627578881
6,204,57.7935436891861
7,204,39.380494018688
8,204,35.0051084953711
9,204,53.3928708444394
10,204,55.4704230280694
11,204,64.3098745934628
12,204,59.8097153376227
13,204,52.9035494468938
14,204,59.3120706100131
15,204,39.5507487115455
16,204,38.0454663645397
17,204,37.3612988516355
18,204,50.7060586559554
1,205,58.880566686378
2,205,62.4812957365044
3,205,71.8640793790398
4,205,54.3251032102697
5,205,48.6250445769633
6,205,42.7319510879893
7,205,53.3448959661194
8,205,49.3831484121099
9,205,46.3588107652692
10,205,42.5691954351296
11,205,39.3083499176903
12,205,39.5272794567742
13,205,71.6055496668902
14,205,53.3003080524622
15,205,45.1946561503731
16,205,34.2091424926996
17,205,52.559484363104
18,205,44.4642839514351
1,206,49.1260764838497
2,206,47.7034456846856
3,206,60.5385567134379
4,206,49.3319526695699
5,206,48.0416051508419
6,206,89.1443058957849
7,206,65.2800531387617
8,206,51.7650456733536
9,206,42.0139511611141
10,206,66.7506753214519
11,206,40.0120436465417
12,206,49.578503597725
13,206,61.6718376189776
14,206,45.4005945498899
15,206,45.888441688936
16,206,55.8077796373843
17,206,51.8837693660327
18,206,47.2191663785683
1,207,47.6777266086712
2,207,53.3039429751301
3,207,56.1662464479733
4,207,68.639376487862
5,207,45.3135348634125
6,207,69.0129644074099
7,207,35.1672198535735
8,207,42.8999474947127
9,207,36.1375867457102
10,207,54.0655868150293
11,207,55.5453702157876
12,207,36.0228351379217
13,207,50.7446091703123
14,207,40.1945967303548
15,207,56.5365328648285
16,207,34.4110060094699
17,207,61.853422839281
18,207,49.6224535848142
1,208,39.0228624485237
2,208,49.1614420755129
3,208,47.0317022107406
4,208,45.9190172110113
5,208,34.8944263951966
6,208,43.5270022521359
7,208,48.0960518045278
8,208,35.0138415302993
9,208,53.972897305653
10,208,69.9637016999739
11,208,60.6271162658009
12,208,41.3339125560381
13,208,42.7776528599357
14,208,44.8061910521245
15,208,58.0928257372838
16,208,49.6812756040386
17,208,39.8919165417987
18,208,34.7708793564164
1,209,57.4405040994778
2,209,38.9470831547507
3,209,56.5799724932817
4,209,51.0555421328987
5,209,59.7473473376371
6,209,65.3903720706707
7,209,35.5263284656415
8,209,64.2613303802435
9,209,59.2576962275688
10,209,46.5578076119363
11,209,49.9198857695384
12,209,56.4619848017625
13,209,58.866733070813
14,209,33.1092221975798
15,209,71.4326865048065
16,209,35.6591562517515
17,209,30.2907123206543
18,209,63.2100221369882
1,210,34.7741857525259
2,210,47.5073811082887
3,210,36.1934432131715
4,210,32.4692333051544
5,210,45.0629521730826
6,210,58.6760356362721
7,210,54.1502675756443
8,210,42.9271200718487
9,210,49.9682042482577
10,210,48.9738786233324
11,210,49.8742316682686
12,210,45.0201157340553
13,210,54.7447123276898
14,210,38.5831470947399
15,210,54.9649589467095
16,210,46.1986712934351
17,210,46.2413382695492
18,210,59.5165993406239
1,211,45.2220457332262
2,211,39.5042646061749
3,211,37.4741933391085
4,211,58.9885771857306
5,211,28.5231760962003
6,211,45.3389831684663
7,211,52.4143822368656
8,211,35.9449167539896
9,211,50.2440945824716
10,211,59.0058385844115
11,211,32.2352409784156
12,211,40.4550585490314
13,211,76.8830196744981
14,211,42.8008999753589
15,211,39.6890455602906
16,211,40.7452725217468
17,211,45.1481564995054
18,211,52.4711104238251
1,212,42.2952053347298
2,212,52.6724083460853
3,212,59.4610746509623
4,212,54.4170886415675
5,212,60.1549522195989
6,212,41.3103851614043
7,212,48.6893112704524
8,212,58.9207950916412
9,212,50.8319176650866
10,212,52.8126964131958
11,212,50.78146936363
12,212,52.4329370255325
13,212,49.8603525416649
14,212,38.4274161929687
15,212,52.3197446503555
16,212,44.9184528722527
17,212,71.0342844289416
18,212,44.1176901095123
1,213,52.0434548292234
2,213,31.0932604002547
3,213,42.7567938134495
4,213,41.0352861774936
5,213,67.6065955268187
6,213,48.3559994969691
7,213,51.9527847964251
8,213,53.9459003716672
9,213,44.1014275669772
10,213,53.9513684329599
11,213,72.2644115402138
12,213,58.2492990318095
13,213,59.6407140579116
14,213,40.9749639287119
15,213,52.3837928134772
16,213,53.8551088384267
17,213,42.7959503288645
18,213,51.6072472691609
1,214,80.9219162158169
2,214,39.6079599087712
3,214,57.3521833815981
4,214,38.6662820646536
5,214,54.6260578117815
6,214,38.9672747357056
7,214,57.8744234234402
8,214,36.8849139047684
9,214,50.4089264381854
10,214,69.4265866207339
11,214,47.5266012019809
12,214,48.8825459773491
13,214,70.492564854603
14,214,82.1622916218853
15,214,89.1855643737304
16,214,45.5956148398026
17,214,38.8417656767388
18,214,58.7335454671561
1,215,55.7440639312534
2,215,68.4889391959189
3,215,52.0190170135971
4,215,52.1528951945023
5,215,72.3894683534205
6,215,52.1677028842829
7,215,59.1776170271632
8,215,56.408906641722
9,215,49.6216840794083
10,215,44.0619035834776
11,215,46.2194992161359
12,215,31.2802025717298
13,215,68.3769402394651
14,215,34.0774142102358
15,215,43.4691252250179
16,215,45.8537438988041
17,215,67.1790914871214
18,215,50.8675667525072
1,216,63.0568044384115
2,216,46.7072445646756
3,216,75.2079640899375
4,216,56.4428235203243
5,216,57.2736592924334
6,216,62.0457983650174
7,216,35.0224974331742
8,216,50.0316147058868
9,216,52.8348332916024
10,216,41.6537263209452
11,216,50.3075445790471
12,216,42.1144415656764
13,216,52.9030372945123
14,216,32.5460931123145
15,216,53.7385945519719
16,216,42.991672190604
17,216,62.9821917963502
18,216,31.0943969497828
1,217,50.6788442011499
2,217,47.5446238043324
3,217,63.0002621059812
4,217,34.2023447222414
5,217,43.9135139175215
6,217,59.6040338726073
7,217,58.1911807090348
8,217,54.6835077475184
9,217,53.7928085879665
10,217,33.4763443692243
11,217,61.64907082254
12,217,52.8521452750975
13,217,32.3112760750212
14,217,48.0946099001312
15,217,63.2027978417738
16,217,59.4875209539174
17,217,43.0436788230396
18,217,62.4994617297847
1,218,45.5587449327084
2,218,55.0241552057442
3,218,62.8174513192253
4,218,55.1391842105338
5,218,42.8208395910057
6,218,61.1864675082606
7,218,71.7549398117206
8,218,40.045541930182
9,218,47.9928128644628
10,218,63.971613559405
11,218,40.8018598482512
12,218,33.0664624253316
13,218,44.4923208503154
14,218,64.9531630494092
15,218,36.0593258261636
16,218,47.2300249458761
17,218,63.3279439888796
18,218,50.7330872040753
1,219,57.5467030625399
2,219,74.34918483118
3,219,62.3962390007028
4,219,57.886199200163
5,219,56.4974088754833
6,219,37.8816366818188
7,219,61.4720520811522
8,219,57.201700116212
9,219,55.313773416254
10,219,50.8595499904645
11,219,36.8616086086944
12,219,52.0616498509087
13,219,67.9886471511148
14,219,43.2483293556024
15,219,32.4199729787926
16,219,78.3077506876035
17,219,43.7483699107641
18,219,66.1263869062194
1,220,58.3490579948944
2,220,74.959904847659
3,220,49.6503295253786
4,220,46.6369738526611
5,220,76.3259924730949
6,220,84.5915737959475
7,220,54.1846546337633
8,220,52.2671220327533
9,220,60.0460599095324
10,220,42.6155044171441
11,220,56.5911362598702
12,220,39.4634847327966
13,220,46.6704963667384
14,220,60.8154222658799
15,220,41.6918595924046
16,220,61.6460592898536
17,220,56.6508666071697
18,220,70.9992377931434
1,221,84.7790159608093
2,221,43.6308655982074
3,221,55.1400226521282
4,221,73.1815590274683
5,221,52.6382835694534
6,221,42.8093174052592
7,221,39.3874411531447
8,221,70.428598282642
9,221,89.1855643737304
10,221,38.9156004607094
11,221,51.5212311560043
12,221,34.3014731736835
13,221,51.0134942737036
14,221,46.5609108646173
15,221,50.0130756581604
16,221,89.1855643737304
17,221,35.7388803800593
18,221,55.697043394027
1,222,78.2059039812455
2,222,43.255566294472
3,222,41.125982649484
4,222,50.7500818499616
5,222,68.744080259436
6,222,46.1570725278572
7,222,39.1189834950161
8,222,51.02434190838
9,222,30.7593063080344
10,222,35.0800663225911
11,222,65.268324924807
12,222,56.0586387291541
13,222,29.616850862201
14,222,58.2581020381185
15,222,28.6927570877782
16,222,45.0099655659533
17,222,53.9353609730529
18,222,35.4817564619386
1,223,68.1956042394649
2,223,67.3254092156164
3,223,42.5915586080518
4,223,65.8172626756126
5,223,52.6064568124078
6,223,58.7187276438519
7,223,59.0167671387226
8,223,36.7446798181839
9,223,30.6975687477895
10,223,85.5978611674695
11,223,53.0525154769954
12,223,54.9399866765353
13,223,37.5657568185057
14,223,66.0013975857189
15,223,78.3352527303438
16,223,72.6374551687169
17,223,30.716043239852
18,223,38.9797118525377
1,224,51.3623334798678
2,224,59.3874559247189
3,224,43.9650795867318
4,224,40.7370701990947
5,224,53.0318967279281
6,224,39.9152549133807
7,224,82.3059363440967
8,224,32.2269079851803
9,224,56.7417325130092
10,224,30.9199354118017
11,224,44.4963765633861
12,224,71.8751539067615
13,224,65.8291735239145
14,224,35.7286601330612
15,224,35.0746009666106
16,224,50.8707120619919
17,224,39.8154205071344
18,224,55.3425936722378
1,225,39.5177828295136
2,225,33.9536603000427
3,225,45.1935936177869
4,225,37.2824039601958
5,225,65.2711590135257
6,225,46.2502259781886
7,225,49.7014930733997
8,225,70.0905580633925
9,225,78.6842851232783
10,225,49.5198314680091
11,225,54.3795780854783
12,225,68.8866088520174
13,225,48.0828285291078
14,225,38.9502696575518
15,225,63.8251492064967
16,225,34.6644463459685
17,225,47.2649563909544
18,225,45.5014586521055
1,226,44.1909451494685
2,226,28.5231760962003
3,226,43.5091777749159
4,226,68.1760299155301
5,226,44.7716911774982
6,226,43.1715686281609
7,226,42.6816244247797
8,226,40.5775473806018
9,226,51.9662009371711
10,226,57.9085097060414
11,226,71.2571692932659
12,226,34.3179187799796
13,226,55.203058651608
14,226,48.3308336501852
15,226,53.7500098624296
16,226,39.0628431169522
17,226,50.715679985339
18,226,37.9257546615544
1,227,58.8553563979854
2,227,39.8809615108635
3,227,50.9378404272036
4,227,29.9544098071359
5,227,54.2957029534567
6,227,65.6054764832176
7,227,60.3935940128327
8,227,64.751724050839
9,227,36.1109643966658
10,227,48.1430043016634
11,227,49.3192130309536
12,227,59.7245410089421
13,227,48.1607361840977
14,227,47.7482051056626
15,227,75.3312722125312
16,227,65.3391048005048
17,227,32.7707392215724
18,227,45.6953340490412
1,228,39.4391408661386
2,228,89.1855643737304
3,228,44.4962513214145
4,228,66.2496288289815
5,228,51.3434123433959
6,228,51.4999207403839
7,228,56.5556372336551
8,228,48.4550374157625
9,228,61.3788654407203
10,228,57.4478352745341
11,228,33.3423105800287
12,228,43.8403419786238
13,228,44.1844257934532
14,228,44.3695120519422
15,228,64.9341993430746
16,228,71.9220212580809
17,228,40.1173789270031
18,228,57.1923968527518
1,229,37.7775689517877
2,229,43.8247471784656
3,229,53.9219630304526
4,229,47.9146184565911
5,229,42.5338539505353
6,229,36.9832961557819
7,229,46.509184029169
8,229,50.8016240167963
9,229,57.4813984223577
10,229,40.5669524909126
11,229,57.8240203147169
12,229,37.8318837728888
13,229,43.9413949256467
14,229,55.9441145965925
15,229,42.4096672313736
16,229,41.5240419533557
17,229,49.5872936661841
18,229,50.5919784578296
1,230,62.9080859810573
2,230,47.4010842334449
3,230,33.2157523566121
4,230,42.788312738859
5,230,43.0521759455679
6,230,40.0151658198318
7,230,54.229120666222
8,230,89.1855643737304
9,230,60.8048695307725
10,230,48.3120311673956
11,230,56.671301022873
12,230,71.1547082996618
13,230,46.5373637769931
14,230,58.9235350522168
15,230,57.4767361423065
16,230,48.6905687507556
17,230,50.8514854845529
18,230,58.7440319666524
1,231,49.8414367868773
2,231,46.1975372338054
3,231,43.4344854245149
4,231,53.8239980151737
5,231,49.4949742875773
6,231,45.838108664282
7,231,52.3525840560659
8,231,41.5897987254824
9,231,41.2949976811708
10,231,69.9713277992752
11,231,40.5125311600908
12,231,54.1488067295503
13,231,39.6670048665716
14,231,47.4329886228521
15,231,55.1363272227839
16,231,39.2733860943491
17,231,57.9402065603339
18,231,52.8923687980876
1,232,46.4546653341209
2,232,53.233809399057
3,232,51.079971621001
4,232,40.9240814989717
5,232,35.7528844893536
6,232,51.4662528686731
7,232,39.3192468900248
8,232,49.7330696607011
9,232,33.6427917545897
10,232,40.0471330254865
11,232,53.5786611428078
12,232,64.6208220345788
13,232,52.259921503239
14,232,39.4173853338163
15,232,45.3563271247738
16,232,65.381888448143
17,232,56.8779232880686
18,232,60.6999355149844
1,233,63.8638396432879
2,233,54.9643006655099
3,233,65.631828515736
4,233,39.6206255083687
5,233,53.9373815244573
6,233,46.1978358817042
7,233,52.6726546593985
8,233,69.1592719146951
9,233,56.6730356423673
10,233,43.0608760754815
11,233,46.0785097394966
12,233,39.8312290808385
13,233,49.0793966969363
14,233,44.4395405247963
15,233,60.7666452007324
16,233,44.5135830655723
17,233,59.5816946365919
18,233,59.7322776905679
1,234,45.1370979730782
2,234,70.8745867960865
3,234,50.4877431519578
4,234,42.8196371312023
5,234,51.0719817397562
6,234,39.4505706870995
7,234,58.7312529571925
8,234,40.3771509860054
9,234,68.6182724504918
10,234,30.3418297616708
11,234,38.3058988683462
12,234,46.2105609994621
13,234,42.3256565752735
14,234,69.521359633369
15,234,49.4301961983046
16,234,54.6632394173051
17,234,59.539183379369
18,234,52.0526193790406
1,235,63.3138253757168
2,235,55.7997611259676
3,235,59.4072200295968
4,235,34.9904695766762
5,235,38.1774328567514
6,235,29.2430462205266
7,235,47.1731832908298
8,235,70.9650732881353
9,235,39.5708334890351
10,235,54.139295646309
11,235,55.8165312177172
12,235,53.1443493951379
13,235,46.820680353093
14,235,43.1809769427278
15,235,42.98652068933
16,235,50.3719922835886
17,235,68.7288721023555
18,235,41.3842841872435
1,236,48.691753944236
2,236,51.3807162154648
3,236,60.7643006949411
4,236,47.4247303399895
5,236,58.5425949455395
6,236,34.8996384280637
7,236,59.6985513173343
8,236,51.3446536497578
9,236,38.462315129538
10,236,28.5231760962003
11,236,45.9092780367997
12,236,58.9861182124621
13,236,54.1916990340676
14,236,45.9223000164633
15,236,50.7716824606802
16,236,52.0918996869358
17,236,41.7985201248259
18,236,50.8269557707248
1,237,51.5428520414022
2,237,42.099225369989
3,237,52.6274431896187
4,237,54.0802474160071
5,237,56.9833231408233
6,237,59.592262529822
7,237,55.4035249267834
8,237,53.9603096462958
9,237,49.0126458224517
10,237,55.9221975969897
11,237,36.8777174647542
12,237,58.777912965803
13,237,44.0608548669664
14,237,88.3847349206048
15,237,43.4097760410081
16,237,28.5231760962003
17,237,69.9462213073448
18,237,43.3854356359925
1,238,57.9108984739237
2,238,52.9799498683151
3,238,65.4243027224798
4,238,40.297987047865
5,238,37.6013421633658
6,238,64.9292285687992
7,238,39.761510246854
8,238,34.5884218253347
9,238,60.5666457579659
10,238,49.3723425978119
11,238,87.123105039283
12,238,54.5151375430819
13,238,46.0457057673587
14,238,43.086473482813
15,238,75.4496738918809
16,238,37.3663706837791
17,238,58.2488661541635
18,238,57.473684290326
1,239,43.6580469402702
2,239,72.7757348434426
3,239,41.8467155082575
4,239,49.9232394056006
5,239,55.0998088640169
6,239,88.0767665867865
7,239,58.223323700357
8,239,76.3128613766642
9,239,42.0407930143979
10,239,32.8582510806939
11,239,62.22387360941
12,239,33.8030340659349
13,239,36.2313425318691
14,239,58.1615248389641
15,239,49.4859233623793
16,239,61.5886972916347
17,239,70.9894687301287
18,239,62.5775625135099
1,240,55.0291029045879
2,240,57.3392720075424
3,240,51.9511527910453
4,240,75.8858134872162
5,240,50.8002862113755
6,240,60.996388784053
7,240,39.939705717632
8,240,50.638685204587
9,240,30.9101946661936
10,240,51.8744462756558
11,240,34.9712315410575
12,240,48.5698914869537
13,240,47.3238264222235
14,240,63.4829759582603
15,240,42.9296415389449
16,240,42.7019137975331
17,240,31.095126312986
18,240,58.2971595686913
1,241,65.3032725109727
2,241,47.4851184276703
3,241,71.8037839185162
4,241,45.4177186537312
5,241,39.3421146173895
6,241,53.0236650981129
7,241,59.2357203180585
8,241,34.926819245657
9,241,33.744393686396
10,241,50.7268469607379
11,241,56.3531275521777
12,241,28.5231760962003
13,241,33.1723168462514
14,241,54.043688576499
15,241,62.2144897449298
16,241,45.7360518948316
17,241,67.0960140299589
18,241,43.2266026671562
1,242,48.1734139806579
2,242,69.5685099417516
3,242,49.1777045817092
4,242,50.4748827232308
5,242,40.331159720991
6,242,50.9806119059554
7,242,42.9084838681629
8,242,32.4310509711177
9,242,39.6467714432546
10,242,47.3406631337773
11,242,52.1884533772438
12,242,64.9775054089534
13,242,50.6299971471114
14,242,48.6342927707613
15,242,65.5802092735123
16,242,89.1855643737304
17,242,49.1314795490227
18,242,66.7321700735593
1,243,56.4316770650609
2,243,49.2434335969197
3,243,31.4904503032109
4,243,39.6750214728704
5,243,43.8283206351912
6,243,38.3268193503335
7,243,37.8556341384549
8,243,45.3828465821379
9,243,63.1740340107115
10,243,40.1331363170432
11,243,51.616685440098
12,243,47.7515161075986
13,243,60.7891384611684
14,243,50.6288022390107
15,243,48.1562881558454
16,243,43.5377710864868
17,243,62.2622164430143
18,243,66.1099863969348
1,244,50.3962817687242
2,244,89.1855643737304
3,244,50.1230092205587
4,244,89.1855643737304
5,244,48.5580616736771
6,244,34.2795515293154
7,244,35.5136555941009
8,244,40.6097104485364
9,244,71.7719470714989
10,244,75.7926484702144
11,244,55.2332384963698
12,244,54.0531896057265
13,244,44.0390139133031
14,244,42.5727802588204
15,244,42.1495376356071
16,244,40.6187652678708
17,244,44.0073576155941
18,244,43.1334330679639
1,245,57.0139040342124
2,245,60.4617757193891
3,245,73.9753574215674
4,245,28.5231760962003
5,245,56.5540299809246
6,245,46.4337052559452
7,245,47.0234555954345
8,245,33.6947847775389
9,245,49.7613042442903
10,245,41.5601746604628
11,245,54.6758923981669
12,245,38.302658548719
13,245,89.1855643737304
14,245,41.4988637404661
15,245,46.8435987174816
16,245,37.2412658877759
17,245,46.3583200271942
18,245,84.1361502541105
1,246,45.6700777093934
2,246,58.1535426000677
3,246,39.9429629765331
4,246,72.8224121615086
5,246,56.1883416977791
6,246,42.1625132207894
7,246,53.0402899457226
8,246,45.6703919494156
9,246,56.7405809866467
10,246,41.2252328597237
11,246,56.1184513839018
12,246,73.6176277601357
13,246,68.1173795602081
14,246,54.0073239131997
15,246,54.3840647627954
16,246,55.5540080169186
17,246,62.3600869410577
18,246,55.0770961715029
1,247,58.0955950982786
2,247,58.5439317213924
3,247,53.00630026396
4,247,59.7282142868564
5,247,50.8674268647927
6,247,64.0899811270109
7,247,45.2145988518983
8,247,52.571041294775
9,247,50.5555713432379
10,247,38.6631577817583
11,247,67.0700610436038
12,247,37.8447800934175
13,247,68.8203893057586
14,247,38.7164913183223
15,247,39.535552382839
16,247,61.7960553471032
17,247,49.1754692223286
18,247,32.0734511038141
1,248,72.2083273821858
2,248,28.5231760962003
3,248,42.4095588294631
4,248,34.7005483624748
5,248,43.7092695246071
6,248,51.2490557804583
7,248,46.2644048629578
8,248,43.5941011990221
9,248,48.2072819922904
10,248,53.5404297809176
11,248,40.7646210691317
12,248,30.3370531592786
13,248,40.0780721694829
14,248,31.6168330671543
15,248,58.5088583305503
16,248,78.9198932198268
17,248,38.0007540145832
18,248,40.4724991723798
1,249,40.5697340810904
2,249,60.7197996160515
3,249,50.5418579683183
4,249,56.4695033801349
5,249,60.4713184429285
6,249,53.2643687508281
7,249,55.9096131675738
8,249,37.8435689891173
9,249,49.4138794069023
10,249,43.2023364476089
11,249,36.5610606578162
12,249,37.7847435629101
13,249,62.9557860340318
14,249,36.5990237037205
15,249,45.4775035178448
16,249,63.6454293733151
17,249,54.3258787395274
18,249,58.7505274300025
1,250,54.3537954752486
2,250,48.3819124965608
3,250,29.4328099110954
4,250,43.2784672372972
5,250,35.9157674585219
6,250,45.7676666849374
7,250,82.5176977191525
8,250,51.8681080669443
9,250,42.1368407272381
10,250,62.2138562429835
11,250,56.5027013562012
12,250,49.1920953094399
13,250,47.4672384030041
14,250,48.4216744506864
15,250,49.2986707266908
16,250,58.2851313043092
17,250,51.7354281649149
18,250,43.0844676864808
1,251,61.4002073060428
2,251,42.3491894421377
3,251,68.8889928676945
4,251,39.5538170753687
5,251,60.1281252436864
6,251,68.0354662114688
7,251,67.4507939224341
8,251,48.8143190170292
9,251,59.3207033435433
10,251,29.8789435426153
11,251,55.8609149235851
12,251,48.8483299528715
13,251,58.007448672008
14,251,51.499032903547
15,251,68.6482779322887
16,251,48.1272633476147
17,251,59.920898129413
18,251,48.8877766585875
1,252,58.7991752500071
2,252,37.2187103080581
3,252,58.1023450647713
4,252,45.6402218275782
5,252,55.1958574358655
6,252,40.5718514685511
7,252,57.1952444975049
8,252,89.1855643737304
9,252,72.8604880826045
10,252,63.6117168724645
11,252,43.1718638480371
12,252,54.2679932096332
13,252,48.2710839069973
14,252,31.0039623809632
15,252,47.3232412554101
16,252,46.455433646655
17,252,49.0815845204062
18,252,44.0918574723478
1,253,58.7431486973507
2,253,79.8514723692593
3,253,66.3720417955169
4,253,58.8622303880818
5,253,50.8332876072514
6,253,51.0884835125344
7,253,66.4020541820914
8,253,68.4298864468686
9,253,43.4559971293098
10,253,63.1421040087419
11,253,37.6556176209981
12,253,37.5685783642103
13,253,73.8428573196014
14,253,50.6104307247072
15,253,50.5717219118153
16,253,63.5908195050131
17,253,47.8248978931854
18,253,40.8545733632548
1,254,51.8697663618923
2,254,33.1526600546132
3,254,44.7326964857669
4,254,48.2897835041322
5,254,35.360820791466
6,254,52.4564182376932
7,254,41.998323670995
8,254,65.7065886255939
9,254,46.8567838501808
10,254,38.5056366314698
11,254,53.1533185646102
12,254,49.5166217108307
13,254,50.6518874031996
14,254,52.8480297962537
15,254,45.5912428438112
16,254,46.3423931797821
17,254,58.6887182944265
18,254,74.3988753505057
1,255,31.4537733068702
2,255,48.5368735751233
3,255,63.6009806018179
4,255,37.6912052033539
5,255,66.5517333714484
6,255,45.7549892282008
7,255,59.5447037129179
8,255,71.6912472035951
9,255,62.3630654075193
10,255,67.3222967106365
11,255,29.3750221086471
12,255,36.840934505821
13,255,57.7499461638886
14,255,40.2246637478237
15,255,43.8800727329835
16,255,70.1522608838642
17,255,51.5956618929145
18,255,50.7133012892199
1,256,47.2611478794482
2,256,34.0544244209288
3,256,31.7995969731836
4,256,47.5808568150786
5,256,54.6623701150399
6,256,36.4362045302626
7,256,32.3655637514409
8,256,68.3281415958541
9,256,56.7170701915106
10,256,56.3757971003388
11,256,62.6435917474768
12,256,57.3771505552899
13,256,38.8383197439886
14,256,67.9095870845041
15,256,36.8052631432035
16,256,44.666375681615
17,256,54.382997028133
18,256,53.694188531118
1,257,57.8601799525126
2,257,62.0316820110004
3,257,41.2224781484587
4,257,36.7155852385237
5,257,37.7962030702817
6,257,57.6522906708098
7,257,44.8381049105026
8,257,55.4384662075661
9,257,66.8130164374097
10,257,42.6237954488814
11,257,62.7591147462816
12,257,42.9019650600582
13,257,58.2467746922091
14,257,50.5753068786825
15,257,40.8172136044006
16,257,63.1122259969746
17,257,59.7594156242527
18,257,40.6379036787768
1,258,50.6197843241671
2,258,89.1855643737304
3,258,41.8040689214396
4,258,48.1732149288545
5,258,70.4704066715774
6,258,38.2944115006335
7,258,89.1855643737304
8,258,42.669599804873
9,258,44.204999819346
10,258,49.6929050866879
11,258,65.0821587502201
12,258,89.1855643737304
13,258,56.3924646068503
14,258,58.2863457283587
15,258,35.9573909694347
16,258,51.9060375499446
17,258,28.5231760962003
18,258,47.1160521160614
1,259,71.4771582694888
2,259,47.8085183268966
3,259,49.4635498168988
4,259,50.636260341891
5,259,48.6776534022577
6,259,51.3904474301211
7,259,34.7772099441015
8,259,44.6416683556175
9,259,46.1742708269328
10,259,57.58652390838
11,259,52.7446700274485
12,259,41.7359454000316
13,259,61.6184750440396
14,259,67.5227908029635
15,259,36.7869144825861
16,259,52.4468436076951
17,259,41.832820988397
18,259,43.2857046794886
1,260,55.5319407783177
2,260,61.5115866204463
3,260,55.0001304833428
4,260,44.0615494164892
5,260,65.9560213281516
6,260,64.4107916433825
7,260,39.4656789991052
8,260,54.1144419659918
9,260,37.8701796065971
10,260,71.5691718878005
11,260,53.5520331950857
12,260,64.9633254909215
13,260,55.1066915461726
14,260,48.8603648793145
15,260,60.164616146955
16,260,38.3908646459899
17,260,35.4455920846559
18,260,43.0450486289897
1,261,53.4684977663949
2,261,45.3744601296144
3,261,44.8124190617584
4,261,62.7006243323061
5,261,44.4115928970913
6,261,63.5204892425526
7,261,41.5911191611751
8,261,47.1364942052602
9,261,41.0565666218531
10,261,45.2370900695893
11,261,37.8515341427661
12,261,55.8981695044062
13,261,66.8022122290276
14,261,53.7249100739647
15,261,75.9571212847456
16,261,33.7078861883486
17,261,41.8072169420156
18,261,56.960138536199
1,262,58.4810810445561
2,262,54.2960958382531
3,262,76.5747617665299
4,262,75.2812904951758
5,262,35.2176420080616
6,262,45.3336139865057
7,262,35.4339891807776
8,262,39.0717741080197
9,262,53.2698136359307
10,262,54.6182609682444
11,262,41.5154328808247
12,262,53.9629449841427
13,262,42.0482026727531
14,262,53.2847584916735
15,262,51.553804407268
16,262,46.8230636380219
17,262,39.7468179636781
18,262,44.8101784676959
1,263,56.4995968426139
2,263,44.497897864017
3,263,46.354558820447
4,263,38.7043498980619
5,263,45.1503952226357
6,263,49.858132662042
7,263,42.0352282130609
8,263,45.7163626260075
9,263,38.4152824205243
10,263,60.1453174924405
11,263,85.6902051654962
12,263,45.2477155626053
13,263,56.1653973526085
14,263,73.5960269774063
15,263,45.6971793758731
16,263,45.6449281251931
17,263,58.678355220111
18,263,39.8215080421789
1,264,48.0982795374784
2,264,43.8663505758169
3,264,39.6722881932924
4,264,55.5431434700033
5,264,48.5000291280285
6,264,84.8584181267919
7,264,28.5231760962003
8,264,58.6500174985884
9,264,41.1062632028739
10,264,46.7979177805596
11,264,38.52616532039
12,264,57.707049408411
13,264,69.6642552538013
14,264,56.4717530667306
15,264,40.2141785733633
16,264,74.1781592951587
17,264,48.2080903407877
18,264,52.3798722469805
1,265,49.5643942697327
2,265,47.6035268054759
3,265,51.153460270658
4,265,39.0738690313946
5,265,66.3327117696402
6,265,58.6649004668277
7,265,51.1268321190727
8,265,63.0748460898574
9,265,37.3010379532827
10,265,65.2472302743723
11,265,52.8038253909241
12,265,56.6651737715438
13,265,44.9146944484111
14,265,41.4969054658525
15,265,43.9404255690905
16,265,64.4789396035646
17,265,65.33659546793
18,265,73.1143484040673
1,266,49.4113775461203
2,266,41.7616041879985
3,266,71.6686712024982
4,266,34.4357741718988
5,266,48.2646847717172
6,266,58.0557207350392
7,266,37.8461418618527
8,266,34.3678187584791
9,266,56.4727574063749
10,266,74.2964161447698
11,266,42.181896046507
12,266,42.4696093403341
13,266,39.9253105222206
14,266,71.8819251511335
15,266,42.2514811518973
16,266,40.9459683573176
17,266,41.2788845678491
18,266,43.4985952175677
1,267,43.3952617669745
2,267,58.1006266590914
3,267,53.9646146210344
4,267,56.2755130904422
5,267,43.0549949656497
6,267,59.7870823772316
7,267,28.5231760962003
8,267,65.9239033764342
9,267,52.6485021468159
10,267,45.468972036319
11,267,56.2861416089888
12,267,37.2922406106038
13,267,43.0287788927059
14,267,51.5041819779282
15,267,34.3473289937947
16,267,49.6725365022848
17,267,49.7196937114173
18,267,46.8808236590353
1,268,36.664874007469
2,268,66.5515306604961
3,268,34.9958412686542
4,268,35.0659116252212
5,268,43.5541186121188
6,268,73.0157444573293
7,268,51.4756227436332
8,268,53.4160280166119
9,268,47.6013582272822
10,268,53.5622588245554
11,268,58.4783877069935
12,268,59.5406230542333
13,268,69.9224286042734
14,268,41.5395419790955
15,268,48.2737136078618
16,268,55.4468845645692
17,268,61.2620403596578
18,268,46.2702189766319
1,269,58.7281314631437
2,269,43.916476116941
3,269,46.1755151426813
4,269,64.1032993635474
5,269,31.782797006871
6,269,52.9261111229962
7,269,62.7779932477117
8,269,46.1385953081394
9,269,58.3604036328552
10,269,42.2662173883226
11,269,52.2843563851933
12,269,50.2783929030846
13,269,49.8130222458657
14,269,36.8192945542916
15,269,48.2213948388726
16,269,41.1797390880305
17,269,45.9730670287545
18,269,64.2915554470495
1,270,43.7238362344255
2,270,49.7630998630404
3,270,51.4275004643471
4,270,47.9083107201642
5,270,60.9808199548755
6,270,49.6460311863085
7,270,52.0781109949603
8,270,40.4249979565951
9,270,45.7213847105261
10,270,42.8800127197887
11,270,56.2691040119535
12,270,66.3056721123994
13,270,44.861177833743
14,270,29.3221380067232
15,270,40.8659770873537
16,270,39.9962764600595
17,270,66.7769695469869
18,270,51.9280804478619
1,271,73.2893571569494
2,271,55.2773689037283
3,271,34.472410613005
4,271,56.5511646869884
5,271,41.8447031874463
6,271,50.1667164463903
7,271,48.938780980489
8,271,48.4384281642341
9,271,46.2887606949411
10,271,79.9023368287572
11,271,72.3210152688051
12,271,40.4347646973502
13,271,52.6336247489854
14,271,66.3030329390445
15,271,65.5228946016819
16,271,40.375046635986
17,271,70.5884795218661
18,271,42.2856888536914
1,272,51.7227144642174
2,272,52.2533013262951
3,272,31.4972731450875
4,272,48.5647945851364
5,272,30.1499309345169
6,272,31.1454701700733
7,272,54.2108787063426
8,272,54.4838852038721
9,272,63.5186085663423
10,272,54.991990472075
11,272,42.6027762789545
12,272,41.3119395805851
13,272,60.9581245898716
14,272,71.2974156273754
15,272,60.8730795351706
16,272,52.8668608628577
17,272,49.3276257319645
18,272,74.4291715512251
1,273,28.5231760962003
2,273,63.8051792348809
3,273,48.161746894016
4,273,38.1702219544037
5,273,61.4343004933437
6,273,39.5528487377063
7,273,54.5203744160223
8,273,52.4662107703563
9,273,51.9055076396342
10,273,32.0198118894499
11,273,52.1731300217748
12,273,44.5087141910939
13,273,42.2939978908597
14,273,37.6509553770866
15,273,38.0630950888906
16,273,40.865078865859
17,273,67.8575242247172
18,273,59.3633422389703
1,274,53.6140126597699
2,274,76.0347953882856
3,274,74.1350943311609
4,274,62.4293572937235
5,274,37.6525861629445
6,274,70.9878392216129
7,274,47.7615407508054
8,274,47.2945393153296
9,274,53.1316482347452
10,274,50.9303161431532
11,274,44.5011524728663
12,274,59.2154096810161
13,274,44.6290007214553
14,274,43.7428864220558
15,274,47.1615175794787
16,274,41.7249179160512
17,274,52.0627633682196
18,274,48.9909920920536
1,275,46.6883594419948
2,275,56.1262791153858
3,275,32.2320979158416
4,275,53.3238752198904
5,275,62.4034530512997
6,275,62.089565963525
7,275,86.1481885274361
8,275,42.9545829361506
9,275,39.5545261633136
10,275,54.2842710064372
11,275,33.3409656270866
12,275,67.26320469948
13,275,38.9173612130589
14,275,55.7839489729819
15,275,46.2166167424074
16,275,28.5231760962003
17,275,53.4131563716611
18,275,38.3937774789897
1,276,62.7226546613049
2,276,28.5231760962003
3,276,48.5919144901748
4,276,38.8581441383495
5,276,65.9153362267663
6,276,42.048210712339
7,276,62.9211776818166
8,276,44.7779690697638
9,276,51.7625723053857
10,276,71.4932307856459
11,276,42.5161364749343
12,276,77.9402689019228
13,276,63.700877927319
14,276,68.4788663365526
15,276,29.1016985055059
16,276,48.1521611640105
17,276,35.1552878202398
18,276,60.2928661387524
1,277,67.4604991682539
2,277,43.18734684429
3,277,44.3085895015926
4,277,33.8595148050797
5,277,60.7572936321835
6,277,71.4788361477979
7,277,33.2226425859441
8,277,32.3284478631203
9,277,66.1870633644861
10,277,69.5482662997794
11,277,54.8856129229312
12,277,53.1923162621314
13,277,43.1483965895922
14,277,54.4547734967699
15,277,44.9535908974281
16,277,82.3005292013892
17,277,44.9841321231482
18,277,28.5231760962003
1,278,56.6204392351477
2,278,36.9860474081479
3,278,61.2276903461319
4,278,34.4846195627016
5,278,47.1102574322081
6,278,55.1369297915586
7,278,47.8177864587208
8,278,31.2921632809983
9,278,35.48894943075
10,278,40.8174253491443
11,278,74.3579951037454
12,278,48.6433521950605
13,278,68.3296798007486
14,278,52.3894886062243
15,278,44.4979837528564
16,278,65.9221666731681
17,278,37.9870565191087
18,278,71.8173697776283
1,279,62.6298496633588
2,279,54.4032366513964
3,279,57.6549760080051
4,279,52.6966682581979
5,279,45.0091749560973
6,279,46.1525861689549
7,279,43.3309696596527
8,279,67.7208735997531
9,279,58.0027731526979
10,279,48.854878331217
11,279,38.06163042797
12,279,54.2022071805987
13,279,39.3018417652635
14,279,40.805616014625
15,279,82.2118768516518
16,279,35.7622582012439
17,279,40.4964431287496
18,279,43.5734835811578
1,280,43.415903168455
2,280,38.1848015735226
3,280,47.9285234970965
4,280,39.003013774821
5,280,69.4458423253907
6,280,51.683500144977
7,280,61.7550239510843
8,280,35.6804870327522
9,280,49.9839486733681
10,280,57.2498107756716
11,280,51.3663229062305
12,280,50.3737426520621
13,280,39.0385887151098
14,280,43.0704734271243
15,280,45.4711845305373
16,280,41.2954819789537
17,280,60.3591250028394
18,280,76.8336688538551
1,281,68.9882262345207
2,281,55.5720144087162
3,281,48.7416558445611
4,281,57.6735680506768
5,281,41.4333897808885
6,281,53.4853348781635
7,281,52.2243150734674
8,281,28.5231760962003
9,281,79.4279524282884
10,281,36.324966920986
11,281,28.5231760962003
12,281,50.1552185653991
13,281,51.4822269695759
14,281,50.0621618866133
15,281,51.8975204998715
16,281,37.6390347658531
17,281,57.9045297541242
18,281,70.0921930341224
1,282,40.9332213144104
2,282,54.0188656082454
3,282,46.9720909304246
4,282,49.4258846553013
5,282,63.539759055122
6,282,53.6521707747825
7,282,80.1084992298707
8,282,46.2784239463225
9,282,71.8334656785541
10,282,44.9153086900404
11,282,47.4247960281377
12,282,46.336477614961
13,282,53.7840972699088
14,282,56.1635998361272
15,282,51.9553635713098
16,282,58.0004296595248
17,282,41.5005385348944
18,282,47.3380310345856
1,283,58.7475106653508
2,283,64.5074721032765
3,283,54.4455764138682
4,283,59.5683412855956
5,283,61.4849288899677
6,283,58.1409323519736
7,283,47.5122798779893
8,283,48.2008794557293
9,283,58.3199404673636
10,283,44.918266710525
11,283,48.5803759953953
12,283,49.0557000553385
13,283,34.146044391339
14,283,54.3908167232513
15,283,57.5897823565097
16,283,49.4220821635985
17,283,77.4779079603584
18,283,48.0674479217221
1,284,57.7126262256153
2,284,57.0700387116839
3,284,60.6652099127031
4,284,55.5029928991805
5,284,47.8872476593893
6,284,57.4969948053593
7,284,53.3378393171141
8,284,53.208730443135
9,284,59.715779061997
10,284,60.4898321032629
11,284,50.0558845611293
12,284,45.6459881916942
13,284,69.2068108565673
14,284,50.8079588275846
15,284,45.7878482971961
16,284,39.880492467721
17,284,53.5511235003365
18,284,55.0934288109742
1,285,38.0690507069404
2,285,36.1774337727056
3,285,52.4492078987929
4,285,41.1303987417133
5,285,69.5495041759401
6,285,38.3547669947527
7,285,34.4611684537412
8,285,49.3174566355443
9,285,56.1836234685004
10,285,52.103143418939
11,285,48.7115205278089
12,285,54.9820576667223
13,285,41.6370089153314
14,285,52.9959999803521
15,285,40.9832620117876
16,285,41.2752346801879
17,285,51.4735336994045
18,285,55.4190256931022
1,286,40.6328289462375
2,286,34.4438479943802
3,286,39.113687100736
4,286,30.8909064175154
5,286,51.7524889577178
6,286,57.7961795107328
7,286,77.6256689584114
8,286,40.3814528952826
9,286,44.7319191035352
10,286,48.8575418573977
11,286,53.1322008258612
12,286,41.3357621974328
13,286,62.8296234693759
14,286,45.7498694125533
15,286,63.6856304558449
16,286,33.796896241376
17,286,48.2255246787446
18,286,54.5437495811391
1,287,44.5193730081604
2,287,44.6653100050787
3,287,42.976455282869
4,287,51.4324496975981
5,287,68.1097323217284
6,287,39.1331322891174
7,287,48.9702195072431
8,287,44.6233295992915
9,287,70.6467068009019
10,287,80.0286911808348
11,287,56.6310186229187
12,287,50.9719674755472
13,287,69.847372090703
14,287,44.8504850127382
15,287,49.4734074258019
16,287,64.6976956414087
17,287,51.4610391255191
18,287,44.7007627001378
1,288,52.4592407284344
2,288,45.0027110629683
3,288,78.9153037770849
4,288,45.7106985210772
5,288,63.0039107796872
6,288,50.1732458350285
7,288,69.2423379166106
8,288,62.8508250077702
9,288,42.8618049095644
10,288,53.7079723290493
11,288,48.4177921876984
12,288,56.6591568729675
13,288,49.5989728878074
14,288,56.2153516286518
15,288,48.7573521717142
16,288,63.2315182933381
17,288,54.114421214503
18,288,36.4634060374396
1,289,49.9080236429772
2,289,46.2294126280886
3,289,65.7441669100701
4,289,37.943630709863
5,289,30.5573924866699
6,289,56.1791336426003
7,289,63.0222281193395
8,289,55.9784698343138
9,289,69.6197809004355
10,289,62.4141526975389
11,289,40.0347350324684
12,289,62.8477885915278
13,289,43.489396906339
14,289,65.5635897848406
15,289,63.8047587454213
16,289,49.5577952928536
17,289,64.9759505884102
18,289,47.0062858660416
1,290,64.0856200801348
2,290,28.6813610079117
3,290,38.8770276095129
4,290,51.9855451982492
5,290,44.3205562480934
6,290,28.5231760962003
7,290,40.9679359706192
8,290,74.1688319865737
9,290,37.4220952562444
10,290,52.2302872597254
11,290,44.5009519671445
12,290,50.3825254738831
13,290,48.0490159766137
14,290,48.534123214022
15,290,48.6920634903661
16,290,29.595346373171
17,290,50.1661842458468
18,290,51.744146385699
1,291,55.4307354888007
2,291,69.8641214794929
3,291,50.6082337101535
4,291,53.561278589921
5,291,35.4887934466343
6,291,51.3845331907234
7,291,34.406519372981
8,291,81.4129193172795
9,291,46.0018734880275
10,291,54.6282305634624
11,291,55.8216667600809
12,291,36.5374668260802
13,291,56.1683180560817
14,291,38.6749151446555
15,291,56.0544285975741
16,291,43.1740597646255
17,291,42.5391403220003
18,291,55.4558550088615
1,292,54.8174302887737
2,292,47.223125372629
3,292,41.9617356108681
4,292,52.5740330051997
5,292,49.570218494154
6,292,63.2906670601588
7,292,43.035344998506
8,292,48.6854637581331
9,292,86.966558358429
10,292,36.7468290026677
11,292,54.1680135617227
12,292,55.4080889285705
13,292,44.9890075023971
14,292,42.2336592335315
15,292,35.2355724225991
16,292,35.5754199500558
17,292,47.0504708836052
18,292,67.9529135151065
1,293,50.8165188248216
2,293,72.9523510364372
3,293,43.3477695728207
4,293,57.709876034609
5,293,51.6945947986541
6,293,54.7672737666516
7,293,52.7194293207294
8,293,60.5630949010304
9,293,50.065481426366
10,293,63.4288913282697
11,293,56.4864359360128
12,293,50.0435798021595
13,293,48.806640226912
14,293,36.811407890777
15,293,42.8634287937719
16,293,47.0586030607054
17,293,62.9256567093219
18,293,60.7629095241908
1,294,41.2564318559775
2,294,44.6909069952931
3,294,76.4163394553781
4,294,35.6192391125845
5,294,52.3876589079675
6,294,53.6507112706231
7,294,44.4168616091803
8,294,35.9664392969872
9,294,45.5968068524154
10,294,89.1855643737304
11,294,48.8426490652834
12,294,47.5191510742264
13,294,52.3878476358411
14,294,37.7862856638898
15,294,60.1749399713211
16,294,59.7129694423328
17,294,46.1009490079075
18,294,50.8858536391862
1,295,44.3809744170029
2,295,59.2875264160883
3,295,33.5556439096578
4,295,47.5291708000061
5,295,58.3401243464287
6,295,75.4995676248518
7,295,40.2468892381153
8,295,38.2487379225976
9,295,48.8610679735159
10,295,49.4650290535295
11,295,60.2748556214703
12,295,48.7879775532606
13,295,43.6452216477719
14,295,79.2991305666004
15,295,46.3136265460825
16,295,62.0961442613384
17,295,60.0761440860383
18,295,45.0888561794938
1,296,75.0453399268327
2,296,37.9056784894464
3,296,39.962725233769
4,296,66.5567080219056
5,296,34.3897937473625
6,296,58.5374860790172
7,296,52.6179288620544
8,296,60.0042203629461
9,296,60.6175474723047
10,296,42.687712829883
11,296,42.4929293267362
12,296,61.1022002918065
13,296,62.2092063437264
14,296,38.2946527333981
15,296,37.2130679075406
16,296,38.6584237665395
17,296,49.9800487367445
18,296,49.904024150746
1,297,88.1721437857482
2,297,57.1389642932392
3,297,48.3577830157417
4,297,44.1353347897262
5,297,44.0592841670464
6,297,43.1629058277036
7,297,38.476281993596
8,297,52.3294464163096
9,297,28.5231760962003
10,297,37.7805324905198
11,297,63.7843755829564
12,297,52.0062046800237
13,297,57.3755862421463
14,297,43.4797641874892
15,297,70.5844364905785
16,297,46.6709028326709
17,297,57.8324129075808
18,297,50.3258693691888
1,298,56.334819592414
2,298,45.0701620999939
3,298,67.8084927941173
4,298,44.2457113275794
5,298,89.1855643737304
6,298,48.2314380121033
7,298,51.7162463871986
8,298,43.1600570320956
9,298,59.9105756582504
10,298,52.5087587995234
11,298,58.5087532802918
12,298,59.6229479859502
13,298,41.6319427509153
14,298,61.2737800423856
15,298,37.5938178683829
16,298,52.0587388942223
17,298,62.5757015021407
18,298,34.1075415961771
1,299,45.0707545903422
2,299,45.4925730130316
3,299,30.4294883677592
4,299,47.7564684371141
5,299,70.5506455671502
6,299,35.6634896872915
7,299,38.4268508559662
8,299,45.6016908660881
9,299,49.4417327158821
10,299,51.4512084760366
11,299,52.510231627225
12,299,46.8890401758779
13,299,88.850081886995
14,299,45.0027032830457
15,299,36.2915715915428
16,299,34.3288139447029
17,299,47.7921901915546
18,299,44.0099037946319
1,300,64.6873503385216
2,300,47.9347271580513
3,300,51.1314602140517
4,300,33.8917557593592
5,300,47.3258781313804
6,300,46.9608611872969
7,300,35.7011717495022
8,300,40.2035071181091
9,300,40.5927704802719
10,300,61.2934855833208
11,300,57.4228238198066
12,300,59.3526962608397
13,300,70.5204375860518
14,300,46.4007891496923
15,300,66.8142356929271
16,300,47.0309311596003
17,300,66.3804502757586
18,300,37.0227761007898
1,301,43.3271141860403
2,301,62.5877405767312
3,301,74.9548229466754
4,301,49.6890054021628
5,301,46.2896312674255
6,301,58.3775354772264
7,301,48.7140711188824
8,301,50.3252890911564
9,301,53.3209233572022
10,301,65.3164810447486
11,301,38.7437165097409
12,301,45.0723362331655
13,301,58.014407641086
14,301,29.8346870057421
15,301,68.6590303402361
16,301,42.8634381221106
17,301,38.9433170735976
18,301,52.2383673515606
1,302,86.1901069936045
2,302,42.6181355697619
3,302,34.9175439279417
4,302,48.5665285262768
5,302,66.6069227594647
6,302,46.9014525441415
7,302,58.006197372065
8,302,66.3873551730935
9,302,33.1108790806033
10,302,58.0109536989128
11,302,44.2517323933395
12,302,49.4401820630688
13,302,86.4250566345533
14,302,53.3216320713103
15,302,61.0501471617874
16,302,39.4630471772401
17,302,55.670921706253
18,302,48.679557239368
1,303,47.4178208616916
2,303,57.4217213071487
3,303,34.835734132528
4,303,70.2595443336345
5,303,87.2167281531956
6,303,45.0729285785756
7,303,56.8795817768636
8,303,82.5127799458053
9,303,40.5056292832063
10,303,50.7355342820914
11,303,87.767989150103
12,303,40.0837584030192
13,303,63.2290116289946
14,303,56.2585054804557
15,303,45.933841641182
16,303,54.7567042442511
17,303,46.279528844798
18,303,60.3090819215993
1,304,44.3322674292387
2,304,32.7651192892117
3,304,61.0859448677763
4,304,65.9978384020794
5,304,51.5337394234158
6,304,41.0186420753812
7,304,44.623079268675
8,304,36.4517531537167
9,304,35.8369250652617
10,304,65.9988961610098
11,304,30.4574372238377
12,304,57.4321013813664
13,304,45.7001600253712
14,304,36.376995117233
15,304,47.411177219374
16,304,47.9131262221327
17,304,67.126579515573
18,304,89.1855643737304
1,305,78.0213546165166
2,305,74.403463280699
3,305,74.2034910669905
4,305,62.8205371587532
5,305,44.9277101308003
6,305,52.2839193684161
7,305,34.6144074842504
8,305,41.5417915926635
9,305,40.5943153969857
10,305,38.513373177201
11,305,70.6373365688269
12,305,56.6216159409225
13,305,53.4800199635083
14,305,50.0218839184763
15,305,63.6974342234961
16,305,62.152752528568
17,305,40.2824049207465
18,305,30.8638076002522
1,306,37.6979423509176
2,306,44.4904653804038
3,306,50.1199759237904
4,306,72.2080726728252
5,306,58.5007851164798
6,306,59.2236646822632
7,306,61.0456998322317
8,306,48.598722177736
9,306,38.6638266800041
10,306,40.3539149973322
11,306,36.099695814239
12,306,36.6687096305734
13,306,34.7268974854253
14,306,61.7704146827425
15,306,37.3691812107166
16,306,58.278424121583
17,306,88.5530641600131
18,306,47.8090065421713
1,307,47.9717266978774
2,307,61.4652090234564
3,307,49.9833375694959
4,307,41.682970905308
5,307,35.5586816590912
6,307,51.3066021765853
7,307,45.2266633886498
8,307,55.1631273041817
9,307,53.7074027887669
10,307,68.70206051032
11,307,58.0129903460868
12,307,66.06319139385
13,307,51.0135339125419
14,307,61.1262396180196
15,307,47.2413469917822
16,307,48.3261142280219
17,307,51.0754671479113
18,307,38.3262951774522
1,308,37.4510769895859
2,308,46.7476792914969
3,308,35.7132085258544
4,308,51.3360882008241
5,308,60.8660413757233
6,308,40.5018302228913
7,308,50.7953579408202
8,308,34.5273832728539
9,308,62.9140894815103
10,308,46.0001796998687
11,308,72.6840931091151
12,308,50.6702000524217
13,308,78.7231668247889
14,308,54.4000153842417
15,308,47.9060021566833
16,308,64.1020756495813
17,308,57.0334153338259
18,308,43.8413230551204
1,309,59.4653586348053
2,309,58.4455809068214
3,309,54.9037219933373
4,309,46.0081057467878
5,309,49.552528376082
6,309,62.0658277551088
7,309,65.875756901666
8,309,53.9144587015283
9,309,41.2504348330893
10,309,60.2131070611553
11,309,52.0149828530025
12,309,66.0785684400481
13,309,34.0252994202769
14,309,41.8821780013115
15,309,57.0708452323088
16,309,36.1372965685867
17,309,89.1855643737304
18,309,40.8037864126415
1,310,55.9012005174128
2,310,32.9976298991525
3,310,85.5921645435483
4,310,59.8059376016555
5,310,44.2856894468083
6,310,53.4362909576842
7,310,42.2254605868161
8,310,33.0658797561081
9,310,38.5200239454363
10,310,40.2184400121569
11,310,66.1422267834972
12,310,56.1591704357769
13,310,45.8531075741846
14,310,47.1390702661329
15,310,65.0441430883535
16,310,39.3241823719409
17,310,58.0015256153606
18,310,39.9954087817501
1,311,59.6732979495423
2,311,68.0213478720621
3,311,45.1147228434354
4,311,56.0316656424615
5,311,29.3911877875338
6,311,54.254644131823
7,311,54.1305881763875
8,311,55.609644524501
9,311,67.3552473156238
10,311,39.8097685693007
11,311,70.4103599435209
12,311,39.74118863885
13,311,33.7498638282799
14,311,85.6100225477644
15,311,61.1339366701887
16,311,60.3542650787647
17,311,58.4504429293065
18,311,47.6853807338894
1,312,64.0494774568489
2,312,71.0375354178473
3,312,34.3545510726631
4,312,38.0231907904028
5,312,42.1016217016621
6,312,56.9765295972189
7,312,28.5231760962003
8,312,48.2817171417361
9,312,35.2898661881622
10,312,46.1339583376629
11,312,33.9794464531273
12,312,66.6104461568607
13,312,46.9136751753761
14,312,47.8475125857737
15,312,72.0104140858421
16,312,40.6752599420657
17,312,34.4807376426883
18,312,43.1682043713181
1,313,42.8206385404617
2,313,54.6043489764931
3,313,46.463947691666
4,313,35.6306697489598
5,313,47.9720478058878
6,313,57.961383986634
7,313,36.2207219497437
8,313,63.9300266851262
9,313,59.5414996556225
10,313,72.156901360204
11,313,46.3281539966046
12,313,55.5688929765022
13,313,40.592760473541
14,313,47.1351132512579
15,313,38.8536706345939
16,313,65.0948256125131
17,313,35.3120309141858
18,313,58.216769531055
1,314,42.5009279836763
2,314,38.9095591858119
3,314,71.4683690905937
4,314,51.4765621096131
5,314,54.3792376694334
6,314,52.5804487641737
7,314,58.7538247866383
8,314,71.7112755056262
9,314,50.9190690086698
10,314,67.4300017823284
11,314,28.5231760962003
12,314,58.4348443321096
13,314,55.572121732997
14,314,52.4071572742069
15,314,51.7284420093398
16,314,44.8938720436374
17,314,43.1293951595893
18,314,65.4137674124544
1,315,47.9409385816317
2,315,66.7887199556034
3,315,45.6695607015018
4,315,39.2358620360182
5,315,71.2201608744136
6,315,48.9763120193616
7,315,67.3707007696559
8,315,37.2120597863016
9,315,54.7045026010093
10,315,46.4648690106061
11,315,80.5408676893485
12,315,68.8631122317423
13,315,57.454254812641
14,315,44.3608418565601
15,315,63.65986414795
16,315,59.7462735653046
17,315,35.3249891301736
18,315,66.8938565438983
1,316,61.7379366805091
2,316,47.9303265981872
3,316,87.8392060530938
4,316,63.1887186564508
5,316,44.2854453548823
6,316,62.8571686790879
7,316,55.3899361090903
8,316,48.0771965109041
9,316,28.5231760962003
10,316,45.177999734771
11,316,50.4555174470164
12,316,59.7708667096837
13,316,54.6344672865814
14,316,52.9928385375287
15,316,72.3798531767756
16,316,49.520537658914
17,316,38.8366416206457
18,316,44.3972305175732
1,317,47.9686896273611
2,317,43.638169896726
3,317,31.9228077670777
4,317,57.9460930112755
5,317,60.7660421956887
6,317,41.96348485481
7,317,55.7525533231285
8,317,46.4651852283218
9,317,46.6941734773107
10,317,58.0678461063857
11,317,55.5084114713298
12,317,43.5435613680586
13,317,42.0068667822536
14,317,57.2184264826477
15,317,39.3731332668303
16,317,42.2888511613823
17,317,70.1333872096964
18,317,52.1463844841673
1,318,45.0446649012892
2,318,37.7032696949459
3,318,59.6827944671606
4,318,43.8596521774429
5,318,51.3510072291783
6,318,66.9287703962229
7,318,47.5606892457676
8,318,64.3992355567563
9,318,37.9949239562598
10,318,32.7194535314381
11,318,54.2994283423615
12,318,66.9328920590099
13,318,44.1523640695844
14,318,47.1519111035238
15,318,62.7805783106593
16,318,44.9266798722681
17,318,38.23391499345
18,318,41.0620244318841
1,319,48.0999449155529
2,319,34.4618917352259
3,319,61.0201812876556
4,319,57.6454583720624
5,319,61.5232282531753
6,319,72.9491593179934
7,319,63.7210652904451
8,319,71.2449636443283
9,319,46.0773999781593
10,319,66.4494725694945
11,319,36.1620173249315
12,319,58.1998913289185
13,319,74.9636101207678
14,319,82.5839754559215
15,319,53.8239182601029
16,319,60.3694262192736
17,319,38.6213489831277
18,319,34.5878694316783
1,320,50.0095902868767
2,320,53.8492928971758
3,320,48.5748751598043
4,320,41.2952955740643
5,320,37.3004361024924
6,320,63.0112648381749
7,320,64.0076137470184
8,320,48.2617306976247
9,320,75.3854480211669
10,320,50.3459940837455
11,320,63.5614801347328
12,320,42.6272087306281
13,320,58.0910337661834
14,320,58.8617653075867
15,320,53.8072677742746
16,320,65.3393615915317
17,320,48.5636818344568
18,320,30.8469531390413
1,321,46.2286021637278
2,321,60.2927727008334
3,321,31.8494924489368
4,321,33.1006338797833
5,321,50.4372369840107
6,321,51.6472634145648
7,321,67.3996123866275
8,321,49.4177574911764
9,321,56.7303955552324
10,321,53.5938883181109
11,321,60.0773445103046
12,321,62.6292672275919
13,321,36.3061189427764
14,321,42.5024749992076
15,321,62.667493999223
16,321,29.6671696795319
17,321,28.5231760962003
18,321,51.8428371442919
1,322,50.5687180270798
2,322,46.109005590026
3,322,61.607582658845
4,322,66.9634745048053
5,322,63.8149172583042
6,322,48.0578258279449
7,322,49.8308306927244
8,322,54.0069425369835
9,322,29.9618436112746
10,322,39.324395549806
11,322,60.8446053462077
12,322,53.2551394044775
13,322,36.5801601383315
14,322,68.5515470355711
15,322,56.4809017278853
16,322,43.346538742657
17,322,50.2968352435889
18,322,50.9784020279349
1,323,46.6660893738527
2,323,47.9853824509236
3,323,48.3887741578234
4,323,58.8609220097652
5,323,63.9095677249575
6,323,57.3405344584327
7,323,76.5784731486382
8,323,58.2986050884832
9,323,54.2385847205828
10,323,61.4906541693997
11,323,48.5365071482412
12,323,59.9000859392938
13,323,81.5448785809243
14,323,47.6925814170289
15,323,64.4510373695708
16,323,50.462212477784
17,323,41.8443027850366
18,323,66.0196419504079
1,324,56.0633695882079
2,324,46.4523678495858
3,324,76.8705260022463
4,324,31.9850318046918
5,324,49.4011023900201
6,324,47.6886923131589
7,324,48.5939068629814
8,324,51.6548149493966
9,324,78.758977335776
10,324,30.3323421551343
11,324,64.493750328889
12,324,41.7182665304422
13,324,63.0254297336849
14,324,45.0051651131828
15,324,61.8083319796178
16,324,47.5329305562929
17,324,43.2615502842757
18,324,37.2461252756002
1,325,39.3871207474427
2,325,45.9365671998542
3,325,49.6712865271828
4,325,56.8179576595068
5,325,49.240995867889
6,325,67.6183511936374
7,325,37.1412152146739
8,325,57.378982811918
9,325,62.6370689639141
10,325,56.7619908451519
11,325,48.6150799180509
12,325,44.3774100478245
13,325,35.6443346556157
14,325,34.5049953672505
15,325,59.4130716328939
16,325,46.4375585514124
17,325,34.7514183074072
18,325,56.8323864828255
1,326,60.7377010371787
2,326,29.7823470621585
3,326,78.3113739147495
4,326,67.6620291081349
5,326,36.9044083680102
6,326,41.2769735946762
7,326,52.75710693556
8,326,54.790663473322
9,326,37.587934277312
10,326,42.9830098699622
11,326,89.1855643737304
12,326,62.9540867770115
13,326,70.2597183144017
14,326,41.3851131390907
15,326,46.5558011303317
16,326,36.1509362312934
17,326,54.7644492846488
18,326,49.5522596629312
1,327,87.8357572585898
2,327,46.437139230237
3,327,50.2896726699986
4,327,39.9293549840303
5,327,53.0390426657227
6,327,41.4812465328205
7,327,38.999164257409
8,327,48.9086490672795
9,327,40.2976297396888
10,327,40.6981922503828
11,327,56.7550985705335
12,327,65.3065699376221
13,327,61.9174060660062
14,327,50.0965348880693
15,327,51.2783681998577
16,327,41.7465346885217
17,327,53.8786143199222
18,327,63.8948578097704
1,328,39.6333280254091
2,328,63.9032466882618
3,328,42.8520433350033
4,328,55.6712574587707
5,328,35.8276687249268
6,328,52.2835788977563
7,328,68.9133884286582
8,328,49.2171796994297
9,328,34.1795384543275
10,328,74.4823923823131
11,328,41.1002952857117
12,328,39.5506949034062
13,328,43.2086089100706
14,328,39.406597798496
15,328,52.6151782207002
16,328,54.3773783396577
17,328,45.9563901670337
18,328,61.221215644464
1,329,55.8820052748014
2,329,36.7893816278563
3,329,58.8541362345944
4,329,36.6127792629682
5,329,49.1512300986246
6,329,46.9427969811352
7,329,41.3306038135716
8,329,65.8998770595338
9,329,50.474027752612
10,329,56.8763083465873
11,329,49.6129859880978
12,329,40.4835842973287
13,329,57.7461417271319
14,329,41.3507401440896
15,329,61.6264961803422
16,329,89.1855643737304
17,329,54.50933382837
18,329,59.0703302071771
1,330,55.7659292742022
2,330,67.9226718614243
3,330,37.0574577534163
4,330,39.7806005074622
5,330,51.0660470237739
6,330,49.4384796816797
7,330,37.9510028470861
8,330,32.7917710721904
9,330,44.7417344569702
10,330,74.7320695987571
11,330,86.4073268933143
12,330,61.4126164265053
13,330,33.8697978507222
14,330,60.1518796515612
15,330,44.0045723537472
16,330,51.7397643146176
17,330,59.1098881345023
18,330,74.9998211268807
1,331,51.819851309601
2,331,42.2977269276406
3,331,60.3757343419026
4,331,61.1832269204814
5,331,62.442716697687
6,331,66.1814493129851
7,331,53.7951981677486
8,331,39.9092512016433
9,331,51.8052059924775
10,331,32.7255624889097
11,331,66.2940346171274
12,331,56.698776535583
13,331,59.4717837370234
14,331,52.1562939252861
15,331,28.5231760962003
16,331,43.2695729434365
17,331,63.0583063685024
18,331,46.9402955526333
1,332,61.4398658207211
2,332,39.9638365832725
3,332,53.3973136593673
4,332,43.9210099797169
5,332,42.8576663894157
6,332,47.9504808842051
7,332,76.0030331788373
8,332,52.2971270535796
9,332,52.9375500013665
10,332,73.7723421266058
11,332,46.7812973078956
12,332,56.864705726691
13,332,42.0965789740394
14,332,61.6086458438717
15,332,36.1894760218081
16,332,49.4853304545622
17,332,65.9241559351679
18,332,69.3782014146312
1,333,49.1191750624258
2,333,28.5231760962003
3,333,74.7334006987249
4,333,43.1349808431668
5,333,59.6953322502133
6,333,33.2491372632527
7,333,45.0188536176795
8,333,74.4768743823926
9,333,54.5062412675085
10,333,54.5144068531993
11,333,62.3541100278701
12,333,36.0341142368831
13,333,50.5471519948835
14,333,56.277236644646
15,333,66.0060321491251
16,333,41.2252110708205
17,333,53.0891709805453
18,333,58.9488665788418
1,334,89.1855643737304
2,334,73.7370717179262
3,334,28.5231760962003
4,334,50.3692354836275
5,334,52.5367950654866
6,334,61.1594836134758
7,334,42.3407317818397
8,334,63.8599793662798
9,334,42.4073046275303
10,334,48.917085508476
11,334,58.0642904077289
12,334,43.2867909280875
13,334,51.201695010204
14,334,73.5251237658983
15,334,44.8283320114635
16,334,37.880623146224
17,334,59.7750768010097
18,334,41.4743135491137
1,335,47.0005617747369
2,335,56.7280800140893
3,335,56.0928229107798
4,335,66.7558505267717
5,335,42.5447185878686
6,335,46.4320950615923
7,335,42.7657005293765
8,335,48.2210683334058
9,335,81.2327812372214
10,335,49.4226981116829
11,335,49.8224602743962
12,335,56.7793364389655
13,335,37.3498432822098
14,335,63.2002440215962
15,335,49.4549027533167
16,335,42.2820984254558
17,335,54.9223285785228
18,335,47.9814974932958
1,336,48.3498026950572
2,336,48.7822253202235
3,336,72.9786192365263
4,336,43.8690637726363
5,336,63.2103329801478
6,336,52.1984253122309
7,336,46.8944613082706
8,336,42.9068821310014
9,336,45.8895962144392
10,336,46.9150597354325
11,336,65.3341388224126
12,336,41.5061653190669
13,336,74.6985417862289
14,336,48.1256949763371
15,336,42.8110924656253
16,336,42.251743938308
17,336,52.4989103789979
18,336,76.6183811253905
1,337,47.5060259551548
2,337,49.0092553212168
3,337,52.7152243501346
4,337,50.9361667614685
5,337,41.9075173287548
6,337,63.7338125126235
7,337,37.2254023846467
8,337,39.5547494454507
9,337,45.3552946096128
10,337,46.8863302015726
11,337,64.7584150915477
12,337,43.1295740615877
13,337,48.0393883612623
14,337,46.2773573828052
15,337,73.9879630550282
16,337,71.2591675266875
17,337,38.8110620025545
18,337,55.75647904086
1,338,36.6287093444779
2,338,41.0291131017842
3,338,43.5649824917633
4,338,40.8482627447761
5,338,53.0165709167113
6,338,46.4931912381228
7,338,54.0231583170207
8,338,67.5727543224785
9,338,66.6209539132821
10,338,30.3632937239022
11,338,47.1601654612297
12,338,56.2979972631802
13,338,66.5198472561282
14,338,43.6822879596709
15,338,51.737575361583
16,338,74.494887878153
17,338,52.6376258607183
18,338,79.0298426002385
1,339,29.3115322343356
2,339,82.1141440313153
3,339,28.5231760962003
4,339,66.0099214940041
5,339,64.9017628636845
6,339,45.7474510756558
7,339,46.2928942767664
8,339,54.673092014187
9,339,52.2676483851748
10,339,53.1535228161634
11,339,68.9686088141908
12,339,53.0253302135
13,339,30.4150919296302
14,339,55.4836551146391
15,339,46.3857679845527
16,339,61.5274459170069
17,339,40.5755879844672
18,339,47.2040908944603
1,340,34.5533206737026
2,340,35.0114520507401
3,340,32.8638430893921
4,340,50.4548569938592
5,340,28.5231760962003
6,340,67.981275761673
7,340,42.8424442888183
8,340,50.3380242361055
9,340,67.0582868414742
10,340,53.9579575069591
11,340,55.5565091643464
12,340,42.9881641884364
13,340,36.654844004893
14,340,58.5973272583386
15,340,47.7513658477453
16,340,50.1589136709803
17,340,41.0736711865043
18,340,43.8286874229379
1,341,28.7858626494214
2,341,33.6078031244985
3,341,34.2750355117632
4,341,48.0147911420435
5,341,38.7358887255688
6,341,55.119336544561
7,341,50.5895144971499
8,341,44.4518454615835
9,341,33.9922849861681
10,341,42.6320763153445
11,341,62.274699884295
12,341,56.3034946059921
13,341,46.5080467545541
14,341,29.1161016131803
15,341,44.5840490154551
16,341,28.5231760962003
17,341,77.0990902218783
18,341,50.5708681661662
1,342,68.0893929947314
2,342,48.0886710299379
3,342,82.9476116150727
4,342,40.3431726750477
5,342,61.4540797027921
6,342,50.0265270666774
7,342,59.8249924086768
8,342,36.3807357846692
9,342,86.2817662847844
10,342,53.9738768724323
11,342,44.4706106517174
12,342,37.627199634047
13,342,34.6585066607959
14,342,32.2985147181566
15,342,33.0811776297421
16,342,50.6444511453764
17,342,65.8257897903665
18,342,54.6514669197556
1,343,31.4050164880271
2,343,51.2127039092507
3,343,72.1496853434065
4,343,64.1428357645851
5,343,78.419446657987
6,343,55.5281570188727
7,343,28.5231760962003
8,343,58.6088284920277
9,343,52.8177984187808
10,343,33.0751746320563
11,343,48.5866341842279
12,343,42.6222925525992
13,343,45.0482015866426
14,343,56.2281063635936
15,343,43.4568709370722
16,343,42.8290039585672
17,343,35.2393316693111
18,343,52.298007159965
1,344,57.3246400134747
2,344,57.6137258812389
3,344,66.9134452977418
4,344,28.5231760962003
5,344,50.5648828579336
6,344,36.3008870306763
7,344,58.1335607438629
8,344,51.1416573243407
9,344,38.7140373457405
10,344,45.7735525431558
11,344,70.4701949930529
12,344,43.9911550730863
13,344,33.0220534822369
14,344,65.3115535405785
15,344,66.5993335634723
16,344,43.2961100943592
17,344,74.8942941854244
18,344,48.1805973280671
1,345,36.8350763309431
2,345,46.5737650902113
3,345,53.3484151524261
4,345,57.4847040766429
5,345,55.0665708466441
6,345,67.6799649508486
7,345,53.0466281992631
8,345,56.8516139467577
9,345,64.312361507317
10,345,48.1778766498662
11,345,41.4037498064696
12,345,46.8441780543195
13,345,36.3090851744884
14,345,50.7671504271814
15,345,56.6730912646269
16,345,38.9172268694236
17,345,40.629392998727
18,345,38.3434350950103
1,346,49.670122635057
2,346,70.7044548878782
3,346,43.0289841471122
4,346,43.0721324289907
5,346,49.8524598214028
6,346,39.5989082029328
7,346,64.1472558136325
8,346,46.6204439587774
9,346,65.9774814213639
10,346,58.5672053210718
11,346,60.8165313574701
12,346,35.0487747066852
13,346,33.378006551072
14,346,50.881434382754
15,346,45.9875895453814
16,346,46.2004386375296
17,346,48.9323230421821
18,346,73.9288206630018
1,347,44.8484426596506
2,347,43.1864242351816
3,347,74.4097307602415
4,347,52.9531657343503
5,347,53.1945229348378
6,347,36.6479663140154
7,347,60.1464383209549
8,347,66.5814491337442
9,347,59.6391728546874
10,347,37.9629641641158
11,347,71.2859970741667
12,347,46.6670619534978
13,347,78.2808691466976
14,347,56.1391896036244
15,347,55.4837231651441
16,347,81.5943373429288
17,347,67.2247901718558
18,347,56.0841100272156
1,348,41.4590094344229
2,348,62.4092876896594
3,348,60.4309675319148
4,348,44.2937300789343
5,348,47.5647804631286
6,348,46.9238138041422
7,348,33.6779069743128
8,348,59.1207246182046
9,348,34.9684117506765
10,348,54.5395630909577
11,348,34.480847186455
12,348,63.243337661754
13,348,61.2220123018704
14,348,78.963891252501
15,348,37.6308120001152
16,348,63.2201396397917
17,348,47.6078632103795
18,348,52.8544807227874
1,349,45.3692232650541
2,349,55.4671465668169
3,349,38.3162539523634
4,349,40.3090722405703
5,349,61.1957298144707
6,349,28.5231760962003
7,349,46.9507772450919
8,349,45.0420270463092
9,349,60.1066502268807
10,349,55.6769069404166
11,349,36.1257130893643
12,349,71.8497805838826
13,349,64.7839840771198
14,349,71.0679698616251
15,349,39.6236420059441
16,349,79.5817222301089
17,349,67.180616020206
18,349,66.3903886023443
1,350,37.4094523445463
2,350,49.3391985390405
3,350,52.5011131867038
4,350,36.0011688982189
5,350,47.7691364796927
6,350,60.5597731335107
7,350,54.1371966174647
8,350,53.1796297205514
9,350,71.2243689732226
10,350,41.7760995968299
11,350,60.7889996637514
12,350,64.9711020635625
13,350,36.5407636893634
14,350,30.9622220787564
15,350,63.3071475490501
16,350,47.2024241551315
17,350,89.1855643737304
18,350,54.1861711229413
1,351,49.825780230033
2,351,32.9740971946581
3,351,41.2252243831383
4,351,35.9123565270255
5,351,89.1855643737304
6,351,36.7850190726426
7,351,58.3114504599351
8,351,69.429581321576
9,351,46.3736162125605
10,351,51.9455733449373
11,351,38.5910933027786
12,351,50.0867735797512
13,351,45.9574894397359
14,351,41.7890598810011
15,351,57.9674315052928
16,351,40.9926777690158
17,351,34.4935747333179
18,351,61.2310855941147
1,352,52.675961044903
2,352,33.8491107313941
3,352,42.2936103351875
4,352,61.6518184792696
5,352,39.3879996000562
6,352,60.521531626497
7,352,46.3324691856668
8,352,35.5723112140694
9,352,56.2216966360269
10,352,28.5231760962003
11,352,42.881723050085
12,352,49.1249734502631
13,352,53.3042360181727
14,352,53.382859065241
15,352,51.5716688991223
16,352,70.1648091034893
17,352,76.0006313137477
18,352,78.1923955464286
1,353,36.5036583554495
2,353,41.2545693190354
3,353,36.9722439544927
4,353,45.3221739124792
5,353,54.0118798084818
6,353,52.4856332298803
7,353,47.4262900904783
8,353,48.3066237982478
9,353,45.3261494266055
10,353,40.7163401609273
11,353,41.9890221993977
12,353,41.0293332366171
13,353,44.3576129360804
14,353,35.7747513524727
15,353,67.6258059496772
16,353,80.4835989339483
17,353,36.5251486174876
18,353,67.9979545734985
1,354,51.5550399265294
2,354,50.4856660909531
3,354,50.8750410561537
4,354,56.0360649451703
5,354,51.4236374000794
6,354,40.7137030894425
7,354,51.8665309209683
8,354,62.0008347402411
9,354,47.372104109607
10,354,37.2805063940658
11,354,33.6164954447159
12,354,58.3300017257947
13,354,49.3883423877768
14,354,43.4423478287422
15,354,52.9781689726125
16,354,42.3739407156345
17,354,49.1680372859662
18,354,53.7576966911771
1,355,30.6026142283808
2,355,39.5141241513093
3,355,36.4124413771302
4,355,37.1642363557321
5,355,73.0723605043877
6,355,66.8230957087695
7,355,60.3668543846325
8,355,45.8487179935899
9,355,66.8380701208476
10,355,37.3101232432931
11,355,30.9225818786656
12,355,28.5231760962003
13,355,53.0001307306493
14,355,50.6046828029086
15,355,41.418558879008
16,355,56.4723867144918
17,355,50.6770509624725
18,355,46.6130865520728
1,356,68.3068248075258
2,356,71.1061055517291
3,356,64.5754622889391
4,356,57.9620034373555
5,356,39.3502835351559
6,356,47.229765283437
7,356,49.6224819547885
8,356,52.011105870287
9,356,65.7676983595911
10,356,35.5592661914774
11,356,36.1137976294193
12,356,49.4347486743505
13,356,35.1187487151123
14,356,65.748456593292
15,356,48.1564793438272
16,356,28.5231760962003
17,356,47.3426135609758
18,356,52.7962663005497
1,357,41.6081097995218
2,357,36.9084330223353
3,357,50.3179778852673
4,357,67.4786236092295
5,357,44.6569168957445
6,357,65.6466064261783
7,357,70.4415584667502
8,357,36.9240629102116
9,357,61.8668528932506
10,357,48.8637968301144
11,357,53.2376200058582
12,357,76.7514723895432
13,357,63.6135094833203
14,357,44.6245163783351
15,357,34.8649876075047
16,357,54.773430243559
17,357,57.0005749582025
18,357,67.3102144589458
1,358,70.9245287412264
2,358,52.8480824155568
3,358,52.2380718815033
4,358,55.8133900224598
5,358,65.2206280158567
6,358,52.2361988869093
7,358,45.6461713645959
8,358,38.8507549963901
9,358,50.3254541598328
10,358,49.9740177722193
11,358,50.1644717448105
12,358,45.589674240428
13,358,43.4659438732996
14,358,62.7784907358466
15,358,48.445328594262
16,358,73.1793177168855
17,358,41.4903618013238
18,358,32.0831186895961
1,359,48.2519697279156
2,359,62.5654175118853
3,359,48.3279510631193
4,359,34.2118733942221
5,359,43.5538014805819
6,359,49.6870664200604
7,359,68.8066687534179
8,359,65.8536485969509
9,359,61.0551366828008
10,359,56.2296237146097
11,359,41.1832551904906
12,359,61.055670674244
13,359,67.3889953689424
14,359,60.0438859146348
15,359,66.7088460329163
16,359,53.9957390242102
17,359,64.2029216439988
18,359,70.4819441495971
1,360,39.6679948180483
2,360,72.4837954099896
3,360,60.3746492651379
4,360,59.5103638281574
5,360,51.0614426741112
6,360,39.795780754758
7,360,37.0493098920113
8,360,53.9772879320987
9,360,48.4351707944519
10,360,64.9301848471754
11,360,49.9613810590501
12,360,45.8453496347674
13,360,72.3475952924539
14,360,47.0353986357868
15,360,42.5956444364715
16,360,59.0247068707377
17,360,72.2048237505686
18,360,39.5855012218042
1,361,46.9457267523688
2,361,46.1323720863959
3,361,50.5596227131011
4,361,54.3511476195585
5,361,59.8676143397922
6,361,64.6481108953063
7,361,42.0297955189289
8,361,49.9899665023433
9,361,60.7082578631561
10,361,43.4293541603746
11,361,56.0247290616869
12,361,76.546913641282
13,361,36.2287056746459
14,361,59.7826612481325
15,361,49.2890329006531
16,361,39.3529726717472
17,361,53.4645449236155
18,361,49.5616468299818
1,362,39.1382155248725
2,362,50.4015741184522
3,362,57.7916843690753
4,362,47.8148011087344
5,362,77.5422696896433
6,362,73.2551915212968
7,362,41.8101513216518
8,362,70.0535292691295
9,362,68.0960354859034
10,362,42.8758291870992
11,362,73.3631527231868
12,362,75.1057732969205
13,362,58.3791804105738
14,362,62.2656220769832
15,362,39.2440982690821
16,362,78.8044517922468
17,362,43.4379254120693
18,362,45.9624689699949
1,363,56.7799540326903
2,363,51.4289735974589
3,363,75.4218018505879
4,363,41.9766130918605
5,363,44.0304584618324
6,363,53.4639269337118
7,363,57.5002531289589
8,363,89.1855643737304
9,363,36.603638940183
10,363,65.7491373644383
11,363,62.2272287979246
12,363,65.5262022219303
13,363,36.879494951117
14,363,54.7837757857773
15,363,44.4805558037467
16,363,32.7969425755308
17,363,40.3082483461722
18,363,38.9469008485835
1,364,74.5970723494882
2,364,42.2535121688096
3,364,62.3539824996117
4,364,58.0932729064767
5,364,41.3721618332299
6,364,57.1471813691083
7,364,57.3998191628481
8,364,37.9357226184296
9,364,59.7958684928086
10,364,50.0933024480818
11,364,47.3317053965115
12,364,40.4736165362644
13,364,48.0875038544772
14,364,38.5630576415113
15,364,49.8686117351596
16,364,48.571315965166
17,364,47.2645346609504
18,364,65.7005867724035
1,365,43.1708927848627
2,365,48.5763609199323
3,365,61.8403928007371
4,365,69.0851801418098
5,365,48.9081274689891
6,365,50.9589096402087
7,365,65.4690675867931
8,365,54.2019473862798
9,365,54.3596917529298
10,365,47.0959023314897
11,365,51.387578924472
12,365,50.2474768236999
13,365,57.6736575439137
14,365,48.4236029091839
15,365,46.560809612335
16,365,49.2561605348914
17,365,44.8765272708683
18,365,72.9945550525075
1,366,38.7978555305054
2,366,67.2943976416522
3,366,50.0325631679021
4,366,30.7389044060999
5,366,43.9545583360609
6,366,66.3772619865252
7,366,36.6667371374999
8,366,51.7963706484118
9,366,37.2484324168133
10,366,51.1543283434288
11,366,64.2834128649985
12,366,47.7255404441124
13,366,63.252301281475
14,366,59.8514562473017
15,366,67.2428754320619
16,366,69.2815082951717
17,366,63.9212782843151
18,366,55.1378539114167
1,367,50.9222997436673
2,367,51.8607350885852
3,367,54.7760941475426
4,367,40.3252421112989
5,367,43.4312469367804
6,367,44.4563993107008
7,367,44.1755853784637
8,367,46.8512455261103
9,367,49.4892101887042
10,367,41.3713362842154
11,367,29.1869888303479
12,367,81.789329726641
13,367,41.1545903561642
14,367,64.2575541210906
15,367,43.1861716410902
16,367,56.6170560482291
17,367,48.5231475704668
18,367,58.029244681756
1,368,32.0441486854579
2,368,53.1334135443166
3,368,48.3768233224029
4,368,70.2051944279069
5,368,46.2892975027378
6,368,45.6571455971735
7,368,32.1219745413178
8,368,52.1960727393144
9,368,58.2763139997334
10,368,47.3872129642005
11,368,43.5470307842736
12,368,54.7365161063068
13,368,37.5350505713725
14,368,54.1348501791742
15,368,64.107084311219
16,368,48.2001425254147
17,368,45.6545912995977
18,368,46.0897582224571
1,369,56.4281323845575
2,369,36.84463368105
3,369,40.8973000633293
4,369,34.9293818132174
5,369,47.0173898292955
6,369,49.7019577183351
7,369,51.2169331263658
8,369,48.1591966361822
9,369,32.197434495809
10,369,36.8080846896989
11,369,46.6881415149615
12,369,53.6266639457108
13,369,52.4971197529373
14,369,38.9022621088142
15,369,64.251579640147
16,369,50.7138570744966
17,369,46.08883536921
18,369,53.5339180100765
1,370,61.6748835503904
2,370,58.0388107111385
3,370,45.5698752610483
4,370,37.6742456813924
5,370,61.8266962676671
6,370,38.9359298659119
7,370,42.4720753343556
8,370,66.2074298638416
9,370,44.1436695337554
10,370,47.1444777950468
11,370,56.2527043174882
12,370,69.3232475500678
13,370,39.5158139266921
14,370,60.0581920901423
15,370,49.8123782916553
16,370,70.781843277525
17,370,63.3075175227519
18,370,49.5983635260333
1,371,41.7749273346988
2,371,36.6190529776141
3,371,39.2694723568668
4,371,45.0614084172477
5,371,37.4330962013297
6,371,48.4455872886696
7,371,44.0519639414294
8,371,81.0109514286964
9,371,65.4787772378649
10,371,56.7346826945324
11,371,43.8097533862073
12,371,81.776064967552
13,371,46.8836725682188
14,371,49.7132622616045
15,371,31.4192490403322
16,371,65.3966281175702
17,371,49.4979754125541
18,371,39.2164204542284
1,372,50.065519839609
2,372,65.12312442963
3,372,51.1619353566109
4,372,53.9864877351623
5,372,64.84784064495
6,372,40.1647868147656
7,372,47.2188291897253
8,372,59.2935232679419
9,372,35.7696333877689
10,372,67.0446275799674
11,372,38.6283770604725
12,372,53.5347249796386
13,372,52.3616637784933
14,372,43.4312614664759
15,372,52.8596415417111
16,372,47.8761219697293
17,372,62.2930939381834
18,372,36.2047103043265
1,373,68.6964571463012
2,373,47.178259469707
3,373,41.9063333825184
4,373,38.7682932332066
5,373,65.1648467018662
6,373,34.5475268386157
7,373,51.8648371094681
8,373,43.4115474127735
9,373,41.635721834059
10,373,48.2428959490313
11,373,50.8790324998955
12,373,45.8682553046779
13,373,41.8465198539189
14,373,59.8528270517249
15,373,58.875547377546
16,373,74.7980953318367
17,373,39.4717640107769
18,373,39.2868300373084
1,374,41.1672354964956
2,374,37.9832345945936
3,374,81.130137856661
4,374,28.5231760962003
5,374,35.6253922592622
6,374,41.7284461407295
7,374,47.3293628635851
8,374,48.3928220130829
9,374,64.1447564646294
10,374,68.4156887915353
11,374,38.9699540339087
12,374,52.9716611755722
13,374,33.3188204818859
14,374,62.2565117453528
15,374,40.5819937858246
16,374,55.8691469500912
17,374,39.412333421311
18,374,50.3651520837165
1,375,50.0692095099848
2,375,38.6761458666901
3,375,54.9928768312384
4,375,89.1855643737304
5,375,50.4074560374545
6,375,45.3466331737853
7,375,44.2719568657072
8,375,45.9631055383988
9,375,52.2539463323077
10,375,40.6069338355491
11,375,72.527826689865
12,375,58.0434439278363
13,375,62.7395536917147
14,375,70.1426618834612
15,375,38.5210754415268
16,375,39.9706330205043
17,375,54.3162497440602
18,375,44.6522439283959
1,376,56.7743097306755
2,376,49.3184980366004
3,376,59.5185608659002
4,376,33.9787785572812
5,376,59.472598013674
6,376,32.070796399634
7,376,49.9370277738982
8,376,56.2176025778941
9,376,41.3707558947441
10,376,72.1607360198806
11,376,52.8822716566417
12,376,33.9566590594437
13,376,73.2397079606099
14,376,54.0806559957134
15,376,46.9121903496922
16,376,59.7941158442353
17,376,37.0481819683145
18,376,50.1796936795646
1,377,53.7219647140259
2,377,28.5231760962003
3,377,45.4140564835401
4,377,42.4291583148719
5,377,54.6728162284254
6,377,65.692510642697
7,377,51.98678859426
8,377,41.2975307880774
9,377,49.2345737288595
10,377,39.2668055727017
11,377,39.2832289939894
12,377,28.5231760962003
13,377,47.0853024013476
14,377,57.8385835885743
15,377,53.5700240727072
16,377,38.9035191742815
17,377,44.776284100688
18,377,65.9716916135138
1,378,60.0022375464998
2,378,57.1655488219149
3,378,46.4033808549583
4,378,49.5228157841473
5,378,38.289304531184
6,378,50.6347307741386
7,378,55.3265715759235
8,378,50.830110634501
9,378,52.8377266858629
10,378,28.5231760962003
11,378,53.765265487688
12,378,46.3347757966128
13,378,36.9468123375391
14,378,46.6257708251381
15,378,52.5223903398647
16,378,39.7916966498235
17,378,50.4192692121675
18,378,37.6946559504583
1,379,38.5927532758394
2,379,77.8558393692579
3,379,60.5092224137626
4,379,34.2080324479209
5,379,47.3521395045841
6,379,51.7793245501735
7,379,46.5576770986623
8,379,65.4068146449645
9,379,86.7141877234752
10,379,43.5923954639102
11,379,61.55458373517
12,379,65.773726830903
13,379,55.3477168198633
14,379,56.2155470238599
15,379,67.5161643137675
16,379,51.6512050979881
17,379,31.0555837682298
18,379,55.901713492659
1,380,36.7125650700068
2,380,43.2435210254678
3,380,47.3306921525585
4,380,29.9916050361896
5,380,47.9765241219855
6,380,62.1899562346544
7,380,43.1322046114623
8,380,34.9863658778412
9,380,46.6201675875507
10,380,43.6510710718525
11,380,54.0843538502853
12,380,43.1452370890552
13,380,42.3198530457553
14,380,54.7014922582266
15,380,56.5639726495347
16,380,66.2009221453576
17,380,64.9358849100549
18,380,42.7910579165548
1,381,62.4692385085774
2,381,36.3850809097564
3,381,52.1430887753528
4,381,30.9879391598727
5,381,55.3283009888357
6,381,38.6699598140196
7,381,49.2700680990081
8,381,53.6036265958087
9,381,34.8731141728727
10,381,62.3514047166254
11,381,65.427082554983
12,381,53.6468799098997
13,381,37.1834648166929
14,381,35.0017549276536
15,381,34.8422259425558
16,381,45.0170149883213
17,381,48.8784710726947
18,381,54.6409795526983
1,382,60.8276189296364
2,382,44.236617774097
3,382,65.5001260178789
4,382,45.8600002334696
5,382,34.865620872442
6,382,59.62755867579
7,382,57.4082483646945
8,382,51.6138840531378
9,382,56.5003210963709
10,382,70.9366472376138
11,382,46.3028731305507
12,382,64.0700259763151
13,382,43.8908909126439
14,382,70.1623648271039
15,382,48.1862381969494
16,382,47.4077667307242
17,382,58.2951350329603
18,382,58.1124139439521
1,383,71.1253419863844
2,383,56.2105599082425
3,383,64.0362645881578
4,383,59.2031027513933
5,383,44.6513751283943
6,383,68.1921510818218
7,383,39.6685244325406
8,383,64.2467102795056
9,383,40.3771606956984
10,383,63.5895190646624
11,383,48.8162661789
12,383,50.5878185948755
13,383,80.100686641414
14,383,41.7195157567594
15,383,64.6541534013983
16,383,42.5471844859178
17,383,50.4634004882241
18,383,48.6819685507334
1,384,80.2943361902313
2,384,68.2732782296306
3,384,51.0840824589251
4,384,51.8184651985364
5,384,51.162607531172
6,384,35.9157033262743
7,384,33.3505945514314
8,384,47.9352511195785
9,384,47.7250776048153
10,384,42.0619620010785
11,384,40.4050540275485
12,384,49.5233021166129
13,384,77.2850277935637
14,384,46.0689857534025
15,384,65.9180376935965
16,384,47.2519460305414
17,384,54.0665806632593
18,384,84.9479769421107
1,385,53.8759332051201
2,385,42.8655269912786
3,385,33.1695665618454
4,385,44.2944792456393
5,385,63.8818935569615
6,385,44.809298470123
7,385,61.1179125315699
8,385,47.3205375078515
9,385,35.7062351802125
10,385,31.6801969570449
11,385,39.2667361358846
12,385,50.249603479109
13,385,44.4700425652816
14,385,41.4469524579524
15,385,51.2609741957701
16,385,38.4888042983735
17,385,63.429512814498
18,385,43.3936150743711
1,386,48.0864864036544
2,386,40.2945176075394
3,386,57.277320893847
4,386,54.9286649956009
5,386,45.0321399627525
6,386,31.1227628374974
7,386,52.1420178215672
8,386,55.6122685950922
9,386,56.4969928798727
10,386,64.6859630499577
11,386,41.1214508096798
12,386,41.9408729017161
13,386,36.7892948060562
14,386,61.7460431868857
15,386,44.8725992260317
16,386,41.3418285559135
17,386,49.601457241423
18,386,47.8907854673957
1,387,43.0014422875419
2,387,80.7831254939428
3,387,41.9192617889476
4,387,66.1431108276431
5,387,58.010343039133
6,387,77.8977031727272
7,387,51.5129283048526
8,387,50.269246701678
9,387,43.2014476355938
10,387,37.4853777633055
11,387,46.6234297732118
12,387,43.443551761399
13,387,44.2633050094703
14,387,54.9026323807242
15,387,45.0077699631543
16,387,28.5231760962003
17,387,47.6820731349943
18,387,52.500591523261
1,388,49.3076118094331
2,388,52.6633657635944
3,388,44.9731511618003
4,388,63.1814253861146
5,388,46.2039110285149
6,388,44.8817091191369
7,388,62.7597774004569
8,388,66.9719664413962
9,388,45.3170980337704
10,388,48.6433437149102
11,388,42.228692459408
12,388,51.7631575754413
13,388,76.5340770926053
14,388,62.0263457862109
15,388,58.6551181078839
16,388,56.1648088981677
17,388,47.6519274915767
18,388,33.4971509502433
1,389,60.1433596400345
2,389,51.9518906992979
3,389,44.233387835047
4,389,68.9230780058452
5,389,61.5677195621954
6,389,67.251288697458
7,389,60.1200080656951
8,389,41.7001542617839
9,389,47.1539628132424
10,389,31.5702209654788
11,389,47.7721733336108
12,389,32.6003443453994
13,389,51.5423628183847
14,389,52.0712481227761
15,389,43.179478423486
16,389,49.8775916034655
17,389,33.8886043246146
18,389,54.9871256616389
1,390,79.5360802929784
2,390,58.0362691529274
3,390,76.3276890962183
4,390,48.4054364777704
5,390,46.9496942978987
6,390,66.2407961856681
7,390,56.695100214364
8,390,60.9061894939933
9,390,48.5418038523777
10,390,49.5837166473955
11,390,53.2936541439267
12,390,50.6916319335522
13,390,60.7647742681433
14,390,45.8802311856465
15,390,40.1330885569062
16,390,71.7924320696157
17,390,41.9462121744581
18,390,53.7898619635008
1,391,31.9522753753952
2,391,42.9143456409479
3,391,89.1855643737304
4,391,51.2837354855204
5,391,61.1339789969767
6,391,57.2160714223938
7,391,35.5572267152561
8,391,61.7731757107671
9,391,39.157864815349
10,391,59.6188976913468
11,391,37.450806835392
12,391,49.7772114869921
13,391,57.0377792274371
14,391,46.3480768672821
15,391,48.4305965135928
16,391,57.6309164983133
17,391,59.7249488528646
18,391,72.4619498766322
1,392,89.1855643737304
2,392,48.8074866298437
3,392,69.2274071180816
4,392,59.3273019829297
5,392,51.0168651956846
6,392,49.5211800810497
7,392,39.3966938245082
8,392,63.776190222711
9,392,64.4912591351386
10,392,44.414166689484
11,392,37.4904270593375
12,392,50.5289209559639
13,392,65.7541518827089
14,392,76.4819093867796
15,392,43.8305766420461
16,392,48.7195227667698
17,392,75.9748822022487
18,392,45.4925697722117
1,393,39.2663316375715
2,393,54.5837232017077
3,393,89.1855643737304
4,393,41.8010244411619
5,393,44.7259805687988
6,393,48.9122908497253
7,393,50.8826985839217
8,393,45.6484141500097
9,393,56.3247938591469
10,393,42.7857026616329
11,393,48.5489782825335
12,393,59.0876574811966
13,393,51.7887840369905
14,393,59.2863342264791
15,393,35.8085530972269
16,393,41.0175819560766
17,393,48.3124717397914
18,393,34.2483658354892
1,394,52.5300098794024
2,394,62.7109148611685
3,394,48.5889033989333
4,394,33.7054635734979
5,394,47.2344493925155
6,394,36.6030629936643
7,394,47.0354781583988
8,394,35.7205964509129
9,394,30.5743697401596
10,394,61.6597764752798
11,394,53.4181565374373
12,394,37.8285086484947
13,394,35.6231905328473
14,394,37.2454447805657
15,394,44.0399857257035
16,394,67.1119991457055
17,394,54.9919311505688
18,394,39.7727389390994
1,395,63.571842025017
2,395,35.8029913516653
3,395,75.318088697054
4,395,47.2050998389887
5,395,70.9758630357885
6,395,39.2044726742375
7,395,49.790831956752
8,395,44.3233922985994
9,395,54.4789805987777
10,395,39.6482819596986
11,395,37.2771481949633
12,395,39.8470487690036
13,395,76.9506050225778
14,395,53.1654050787745
15,395,64.3590984238987
16,395,41.6988512978495
17,395,48.8237893473798
18,395,49.0524241130672
1,396,46.917782631755
2,396,48.501501919259
3,396,53.8877471125805
4,396,41.3952925553079
5,396,60.4539412881974
6,396,77.4992412726984
7,396,49.4299192714848
8,396,56.8945105797717
9,396,52.7842684676021
10,396,49.7135520852638
11,396,55.910621529708
12,396,49.4671270455868
13,396,40.6297464183977
14,396,49.0901514616534
15,396,67.3655859424868
16,396,57.5887546520895
17,396,55.2034139878772
18,396,48.7944177651204
1,397,57.3516031633776
2,397,30.6719097056939
3,397,49.3312420582044
4,397,34.8916971471759
5,397,45.4650767957264
6,397,35.7249309639959
7,397,68.1957805764557
8,397,42.44877829498
9,397,44.5575681205951
10,397,67.6657008084614
11,397,61.0867224909208
12,397,46.1632977956537
13,397,30.744295861863
14,397,61.4394841285994
15,397,45.8202315592052
16,397,42.2721855512558
17,397,44.0145334936697
18,397,38.2407448731612
1,398,35.5642792768288
2,398,39.2475455472798
3,398,65.2157642157107
4,398,38.934467300523
5,398,46.3730204462142
6,398,56.9572919612193
7,398,55.8801676381381
8,398,31.2765433707972
9,398,71.4823340690063
10,398,52.369743045844
11,398,63.9102102333515
12,398,39.9670496750621
13,398,44.9962090433288
14,398,46.9944808394156
15,398,58.7475065335483
16,398,37.3106138516904
17,398,44.6599939361364
18,398,58.3647762491215
1,399,65.3908949434603
2,399,40.2783361989576
3,399,70.6280598631249
4,399,48.573017940926
5,399,47.8736830016632
6,399,59.0489404340242
7,399,62.025240448989
8,399,41.7384334121244
9,399,61.8513610892317
10,399,39.8541637267768
11,399,61.4626899285696
12,399,44.10886634864
13,399,41.4505202990867
14,399,64.835667125108
15,399,56.2145806577519
16,399,37.338788592271
17,399,61.9361071085156
18,399,47.0116535946948
1,400,57.5677655878631
2,400,56.0359585946328
3,400,39.6518827110283
4,400,48.7828117036029
5,400,49.8751649560361
6,400,45.1500680300603
7,400,30.934874822639
8,400,44.3527070215438
9,400,56.4876905539716
10,400,63.3920463442752
11,400,66.2032968536071
12,400,59.6316032103211
13,400,47.7667243751022
14,400,46.1277034977393
15,400,43.5739639866866
16,400,62.9734359889547
17,400,43.3348059136972
18,400,52.6953148990964
1,401,62.8128890231752
2,401,54.7200482602257
3,401,52.4817607341402
4,401,45.306801874601
5,401,37.8122619825575
6,401,46.9056863023362
7,401,40.7596990517271
8,401,51.8831805686094
9,401,50.5440611738615
10,401,46.2309987132386
11,401,57.728528778465
12,401,71.359419395806
13,401,50.8387140011394
14,401,57.1867794831299
15,401,39.1160512142318
16,401,48.9583606445496
17,401,50.5373059324373
18,401,56.0531514775558
1,402,55.0592974928
2,402,52.3191520020563
3,402,55.1514241778788
4,402,40.4618148286188
5,402,52.5348854311452
6,402,33.8102507205902
7,402,62.5363482340061
8,402,59.2036108882445
9,402,49.5610148089674
10,402,75.5104838076659
11,402,43.9187980477974
12,402,68.275865862149
13,402,59.4493656526126
14,402,85.2732918219477
15,402,68.220942998604
16,402,60.3248739671176
17,402,57.768008585469
18,402,57.0892349990061
1,403,61.8353396550058
2,403,60.3520600789868
3,403,67.0952376256725
4,403,48.481490681369
5,403,77.0287813803779
6,403,49.848538648049
7,403,36.5525130892861
8,403,68.3229779551025
9,403,35.5330539638241
10,403,50.6274385777092
11,403,40.8374927314604
12,403,68.8610933680246
13,403,58.934141653186
14,403,42.5106013938089
15,403,64.9470700174042
16,403,52.8797017295513
17,403,59.401265905086
18,403,62.5607704501403
1,404,44.3584318865
2,404,53.5173358670314
3,404,28.5231760962003
4,404,46.0665768888752
5,404,61.5784917508352
6,404,64.2075434189111
7,404,57.9332866775721
8,404,53.2517481956239
9,404,60.1368933377231
10,404,40.0576563763863
11,404,42.5958582298672
12,404,40.2075715630141
13,404,54.6246809763324
14,404,50.9283769859847
15,404,55.1838469142942
16,404,55.1435337874737
17,404,66.4624817037836
18,404,76.5060175786414
1,405,36.5229330155323
2,405,55.7327443132647
3,405,43.2862893022622
4,405,70.6052010372904
5,405,59.4236919158114
6,405,66.9529041057657
7,405,37.1733720354117
8,405,51.1698732350655
9,405,74.1488118584132
10,405,40.6691500992222
11,405,39.4101757733019
12,405,48.44615539231
13,405,42.6595656266486
14,405,61.383194060025
15,405,45.2817058845293
16,405,47.6860854578874
17,405,36.172954375614
18,405,54.6519084809901
1,406,59.0631525952761
2,406,36.7488963715536
3,406,71.2723466296017
4,406,40.0502937554625
5,406,56.0171909006114
6,406,52.3153849415195
7,406,40.5806850989928
8,406,43.8767251598904
9,406,63.1298099242568
10,406,49.3647268673613
11,406,48.2229767424475
12,406,62.8187320984749
13,406,55.0073867397266
14,406,47.3685462749262
15,406,52.5301641877616
16,406,36.321661143189
17,406,53.4332929500054
18,406,85.2944736873379
1,407,47.5142020082607
2,407,43.812558346603
3,407,69.9932553758816
4,407,61.40181967973
5,407,70.7332991860337
6,407,57.9032095043504
7,407,55.3949336360462
8,407,59.2726456849898
9,407,40.7633174961189
10,407,53.5398963714707
11,407,55.8078168365417
12,407,78.8518939672131
13,407,61.7398246946167
14,407,74.5784172020199
15,407,50.8778317754577
16,407,40.9078576197993
17,407,41.1777167733593
18,407,36.701650192939
1,408,32.4562089913601
2,408,45.7779885272512
3,408,44.641904848842
4,408,70.7147612272646
5,408,33.8216739165558
6,408,52.1293640203642
7,408,45.2177029803161
8,408,58.820508994824
9,408,60.492813897707
10,408,40.9225916330295
11,408,48.135318120792
12,408,47.6017593105593
13,408,38.8696322246412
14,408,51.611528400732
15,408,45.9167354100175
16,408,42.8519999080677
17,408,39.1969194495348
18,408,50.8715814119762
1,409,51.1268838460912
2,409,42.9097884574023
3,409,73.9169404514207
4,409,37.8580762797978
5,409,47.9100562277884
6,409,42.0538850108368
7,409,61.7233475258644
8,409,65.7334381993924
9,409,28.5231760962003
10,409,43.5796340736618
11,409,31.623968125492
12,409,78.2823826802605
13,409,51.8811907085267
14,409,55.7879225294817
15,409,50.3623955180883
16,409,34.3944796544989
17,409,34.1639907572021
18,409,62.1043135526602
1,410,54.7591115324196
2,410,42.0276044919681
3,410,35.4799027524336
4,410,59.3236389146961
5,410,40.2733296262694
6,410,46.6545214673301
7,410,60.7187693818266
8,410,40.4904109006432
9,410,36.3897985469517
10,410,80.1245065729987
11,410,44.1907794593964
12,410,77.445539859377
13,410,44.8007016802926
14,410,55.630252172675
15,410,56.9399791951926
16,410,37.709859276137
17,410,41.9535067193139
18,410,78.8481208423374
1,411,49.8723993247934
2,411,64.8597127601748
3,411,33.7126796037818
4,411,62.886825797312
5,411,46.6088610287741
6,411,48.0649963458877
7,411,44.0360818499775
8,411,49.2839215679529
9,411,52.5454016719564
10,411,32.955455157172
11,411,41.303014003485
12,411,55.9635768570472
13,411,48.6988610952949
14,411,51.4430287339568
15,411,46.6542825202558
16,411,67.3864422462581
17,411,50.1834668839369
18,411,49.2042139797792
1,412,59.2906981489372
2,412,87.5045553582481
3,412,57.2369944298905
4,412,66.4358223355927
5,412,41.0624684993428
6,412,51.0639208090736
7,412,44.5083142030341
8,412,62.3044750192142
9,412,51.9432166629606
10,412,58.6031987764879
11,412,89.1855643737304
12,412,42.7667378741604
13,412,57.3566452333799
14,412,39.0893851981796
15,412,42.0180983935632
16,412,65.5927168709628
17,412,49.157793424668
18,412,54.6392561480131
1,413,42.1655690723693
2,413,48.6027182386777
3,413,39.4812293266766
4,413,57.917842748877
5,413,40.1808977975317
6,413,46.424528847747
7,413,45.180681438677
8,413,52.0819348039836
9,413,45.4927510813189
10,413,36.6470732653041
11,413,53.6824872729357
12,413,60.3460102773197
13,413,75.1921006819408
14,413,35.2731557152922
15,413,70.8502900252695
16,413,39.1351043859359
17,413,47.9392109457178
18,413,37.4013690829292
1,414,72.6495775341485
2,414,51.8859244963127
3,414,49.642837973945
4,414,55.7608789298621
5,414,89.1855643737304
6,414,42.7817189243813
7,414,55.9096328101357
8,414,51.3534757456725
9,414,52.2815017982049
10,414,65.7218250314577
11,414,52.6868950076345
12,414,49.2107047549247
13,414,54.1466466370283
14,414,42.1920174153755
15,414,79.0128369079833
16,414,78.7211109884429
17,414,41.3540297399087
18,414,31.7402712867566
1,415,80.4948996310301
2,415,56.5160139712394
3,415,35.6706177567464
4,415,41.2105701670361
5,415,39.0834855824552
6,415,51.7827694969439
7,415,46.9215631021816
8,415,69.9921693073392
9,415,78.7571861237568
10,415,62.5296039520341
11,415,49.9020396536652
12,415,65.7638052210299
13,415,41.8471514937892
14,415,42.8520254867628
15,415,50.4571242952832
16,415,47.9542936960182
17,415,41.5670983392575
18,415,54.8810546330126
1,416,43.1098816872342
2,416,66.0284123047557
3,416,46.0657213413137
4,416,45.9583318476176
5,416,49.3885589013553
6,416,69.7741496975805
7,416,58.1658194078588
8,416,54.7880225982926
9,416,64.3045630944147
10,416,38.5685402947786
11,416,66.2286341259683
12,416,50.265907721939
13,416,35.3527560851892
14,416,43.4959188782298
15,416,45.9057883111847
16,416,72.4926827728112
17,416,30.9116048268939
18,416,46.1147134393703
1,417,39.700643619213
2,417,53.5459709761038
3,417,50.380973461499
4,417,64.7818429208126
5,417,63.7764304051122
6,417,59.6157143192482
7,417,77.5075340730663
8,417,38.5926461973482
9,417,44.515674090605
10,417,63.3688934473647
11,417,43.5496486407792
12,417,37.056936323923
13,417,54.5996633843926
14,417,61.1043637082002
15,417,44.2560880331018
16,417,28.5231760962003
17,417,38.4501121520462
18,417,37.0009881727447
1,418,42.9819078165596
2,418,45.6255609507405
3,418,63.8285770651493
4,418,35.5286938569262
5,418,43.2557047289114
6,418,41.9364489062899
7,418,70.9189136473577
8,418,34.9432074680442
9,418,34.487692427081
10,418,64.530577121728
11,418,50.5761987223512
12,418,43.5556797923534
13,418,42.1141617800954
14,418,28.5231760962003
15,418,53.5672145739559
16,418,48.4626773485217
17,418,65.5449981917155
18,418,44.6933663376816
1,419,64.0552472701515
2,419,53.3240545019896
3,419,60.0271528212165
4,419,32.4582987474904
5,419,63.7866824555981
6,419,60.6403491554292
7,419,68.9610092354032
8,419,49.4861036130385
9,419,38.5631963301892
10,419,48.4628918779915
11,419,60.2266861301918
12,419,62.1065384354466
13,419,69.2307075979159
14,419,49.3591152812328
15,419,73.5359560090928
16,419,41.4354068809111
17,419,28.5231760962003
18,419,53.0194006492515
1,420,49.729969571653
2,420,36.5681212178378
3,420,51.8638461898721
4,420,37.1751636786848
5,420,40.9659470615955
6,420,70.4084687356413
7,420,28.5231760962003
8,420,54.2019806262536
9,420,44.9022476627208
10,420,43.1390033360561
11,420,51.7725146256266
12,420,44.6218879309785
13,420,44.0712640163236
14,420,35.8369598215674
15,420,73.90445429744
16,420,62.4659660905674
17,420,36.8836498287046
18,420,46.4882852562007
1,421,58.8508809252085
2,421,43.7578285319556
3,421,50.7077634543929
4,421,51.6029999626073
5,421,74.4679037716992
6,421,41.4697786456513
7,421,60.4054709818447
8,421,43.4404724165119
9,421,46.908564814002
10,421,49.5577533761456
11,421,54.1012547406431
12,421,51.476966869119
13,421,44.6357102960396
14,421,50.0051181608642
15,421,53.3328264960351
16,421,55.5075361136495
17,421,36.2365495136799
18,421,47.5450450963366
1,422,77.6193522464323
2,422,43.7066123109712
3,422,50.7955078311258
4,422,63.8487562862642
5,422,37.3211857387488
6,422,36.4336995668953
7,422,66.6061760064314
8,422,58.409184233515
9,422,38.3762472754564
10,422,71.7600638971372
11,422,64.0382549100863
12,422,76.6461184082009
13,422,37.414497132021
14,422,64.5642742548154
15,422,51.3669394474288
16,422,31.5536149178
17,422,40.8671573920905
18,422,59.9935682315341
1,423,60.4083281538659
2,423,35.0877149801849
3,423,50.313778738024
4,423,31.9271776403227
5,423,62.1627000352474
6,423,56.5171816089418
7,423,76.6005430357656
8,423,47.0735257066276
9,423,56.617590242774
10,423,42.4468555435732
11,423,39.530795509597
12,423,63.6166764509216
13,423,62.7380916268483
14,423,54.3446799146545
15,423,56.0293958014252
16,423,54.1639496834691
17,423,55.3879024331571
18,423,52.5146422758057
1,424,36.4321021902461
2,424,30.8833684441869
3,424,36.4432051912431
4,424,67.8502648933831
5,424,38.2379792679223
6,424,58.0115037070836
7,424,60.8646424425116
8,424,52.4451871831595
9,424,54.2540871523907
10,424,58.7241530040304
11,424,73.61408071637
12,424,50.1356449491982
13,424,46.5423872483873
14,424,43.1289079115481
15,424,62.9641222512779
16,424,51.4232062540597
17,424,65.2923290193108
18,424,36.1524943935313
1,425,44.9139429626238
2,425,47.2010547531964
3,425,56.6943779660064
4,425,58.7743817300991
5,425,47.608584865147
6,425,52.9927942876441
7,425,37.8915299377393
8,425,82.0927039724708
9,425,47.1120866038039
10,425,48.9799916672369
11,425,46.0449412250589
12,425,39.4300881478839
13,425,61.9165004608016
14,425,32.2981455513278
15,425,46.4294371146294
16,425,51.7001349732142
17,425,35.1350563480023
18,425,64.9849495908157
1,426,44.6275153414103
2,426,58.8541037329637
3,426,32.2883508622307
4,426,46.8847146584487
5,426,50.9895657588322
6,426,36.1569562254431
7,426,62.6797017101525
8,426,53.5840751050422
9,426,49.0223143684659
10,426,52.3743514187988
11,426,49.5083090885238
12,426,59.0064995903135
13,426,52.4230453430402
14,426,72.8267843367991
15,426,45.342972030895
16,426,61.9974921909507
17,426,51.9027909505745
18,426,84.6994228902228
1,427,50.4962467243094
2,427,51.7440322523089
3,427,46.0511794502801
4,427,30.2487965640612
5,427,31.0887079581126
6,427,48.5326830564472
7,427,51.292687784326
8,427,42.4328183905869
9,427,58.2307940714707
10,427,69.772528294212
11,427,75.9731080550591
12,427,29.5770110683864
13,427,61.0363727893371
14,427,63.0938176580038
15,427,59.3307852954928
16,427,65.9263751629159
17,427,48.3992465398867
18,427,46.7783746360744
1,428,64.2150033596134
2,428,42.5733834448504
3,428,62.2762137558426
4,428,41.3023407915539
5,428,43.5062483701216
6,428,42.3388114849439
7,428,62.1248903220814
8,428,49.4366376963321
9,428,57.1467625232364
10,428,89.1855643737304
11,428,39.4205099642117
12,428,69.1893079346912
13,428,58.3449032760018
14,428,50.347123712834
15,428,37.672858208863
16,428,89.1855643737304
17,428,33.5573033738897
18,428,41.674301348899
1,429,65.8954298730446
2,429,34.4197181615571
3,429,55.8063202036922
4,429,34.3139170343337
5,429,55.9817367592621
6,429,85.0063362032899
7,429,52.6289375544845
8,429,56.3636770193272
9,429,59.8163304865761
10,429,41.3603154880674
11,429,39.7436790227624
12,429,44.0995736418215
13,429,54.6882123867276
14,429,38.6813018177831
15,429,49.2469898507014
16,429,60.8848456904606
17,429,43.9205398164754
18,429,49.4735028014057
1,430,52.3291240992271
2,430,33.9455438227307
3,430,48.1838588938639
4,430,37.4570744998188
5,430,47.1628732307792
6,430,56.7054280327021
7,430,58.390300602142
8,430,40.4332857256401
9,430,37.4667999940483
10,430,77.1619885929319
11,430,31.5089686304341
12,430,38.3299714258411
13,430,46.3620427030924
14,430,49.2831467817175
15,430,43.066484932062
16,430,36.1337014774063
17,430,49.0306682012726
18,430,36.7432091221964
1,431,44.4575329903448
2,431,55.568109275727
3,431,64.384258849359
4,431,65.5001814109186
5,431,62.5364194141985
6,431,46.9203712154832
7,431,32.7743862724779
8,431,34.3530917369332
9,431,59.221335928319
10,431,28.8208909830982
11,431,60.0361801108134
12,431,50.4039120061642
13,431,79.765584272394
14,431,50.0300476269043
15,431,29.8356785789762
16,431,61.2514215326303
17,431,65.3937512240216
18,431,45.4124593278794
1,432,46.6986440468662
2,432,55.3180753152553
3,432,53.3626631861801
4,432,49.9852505094501
5,432,50.8355678873821
6,432,81.110343040717
7,432,65.4606867657416
8,432,82.3874495349711
9,432,45.4780057148352
10,432,45.3965546600421
11,432,46.5260766911296
12,432,59.7402928041926
13,432,77.2798342198875
14,432,55.5700268083424
15,432,46.4395997503657
16,432,54.0500109506601
17,432,46.2388132070592
18,432,47.8952396280856
1,433,39.657532710988
2,433,51.9228684246
3,433,45.3062113922086
4,433,39.2091632136893
5,433,50.3009514096267
6,433,56.3650275343955
7,433,48.2747708090603
8,433,47.1739954072896
9,433,47.3766572133398
10,433,63.7312569538239
11,433,59.7950221572724
12,433,49.8402372161742
13,433,40.2471506542058
14,433,50.7946741620333
15,433,36.8853009855708
16,433,65.4375046794771
17,433,54.8627346370264
18,433,71.937705435581
1,434,65.3445144359825
2,434,56.0634839308293
3,434,44.8136047774183
4,434,48.7515166892653
5,434,37.5832054307107
6,434,47.7912375383861
7,434,66.4944966358181
8,434,52.2424130291617
9,434,52.161776865538
10,434,45.148974219822
11,434,69.1484523218794
12,434,56.9893909159124
13,434,40.8181197517996
14,434,53.7916065638144
15,434,65.603365523904
16,434,47.0913143764572
17,434,50.6507602514566
18,434,46.110871348801
1,435,68.4974007221212
2,435,51.623772703226
3,435,89.1855643737304
4,435,31.0632504188058
5,435,49.604227582523
6,435,62.2413590629648
7,435,47.1222345642046
8,435,82.7728171523159
9,435,50.0242360045392
10,435,39.0384885886232
11,435,45.0890897653624
12,435,47.4857026300774
13,435,51.4700258870826
14,435,52.1605537785344
15,435,71.9523364004675
16,435,42.476412679679
17,435,44.8424612022595
18,435,50.0271102521505
1,436,37.9309090107423
2,436,52.7543234712582
3,436,53.711278754662
4,436,37.4944411337348
5,436,37.073400597294
6,436,49.3241135905157
7,436,42.5393500313861
8,436,59.7392131551955
9,436,43.7478674213928
10,436,49.2127128424263
11,436,55.8332363204113
12,436,41.6146262752644
13,436,62.7043582010847
14,436,54.0121517551177
15,436,86.6490389639184
16,436,46.4521728635909
17,436,31.1080694763266
18,436,66.6343421847646
1,437,50.2787131946429
2,437,74.015410513093
3,437,39.6861635785492
4,437,89.1855643737304
5,437,70.7002421766667
6,437,47.7506254822543
7,437,65.7337854654919
8,437,49.214852757429
9,437,81.1928557662873
10,437,43.415187068223
11,437,52.2696883929855
12,437,39.0599204473966
13,437,49.069401927476
14,437,40.2877465093828
15,437,76.4359442578782
16,437,46.3837105181114
17,437,43.394965861706
18,437,65.8795345661776
1,438,32.9708204896672
2,438,64.7738676459113
3,438,42.2175448405873
4,438,52.5366199444548
5,438,36.2696356084043
6,438,58.2975449505152
7,438,63.4190685722149
8,438,54.567200940371
9,438,42.6975031459729
10,438,57.8959524683009
11,438,47.4435918951231
12,438,52.4373861589488
13,438,45.1427592499288
14,438,89.1855643737304
15,438,32.726741232748
16,438,58.4618313960101
17,438,79.7175649279222
18,438,40.865703420431
1,439,33.16832634648
2,439,37.3254251756947
3,439,51.5447915409567
4,439,70.7129429204606
5,439,59.1421057216429
6,439,52.2085922287522
7,439,39.2535636820592
8,439,41.7951315309975
9,439,50.9934451081631
10,439,50.9927296423969
11,439,48.3053406194339
12,439,32.0671032762081
13,439,53.3141662652931
14,439,47.3991161458187
15,439,34.1689909026141
16,439,32.9176341138213
17,439,52.1997504241858
18,439,40.3157226763865
1,440,32.182804640402
2,440,48.9944291860949
3,440,56.5162665302306
4,440,64.3663101631389
5,440,39.4340241390555
6,440,49.738716590699
7,440,65.9576960920903
8,440,34.9656848040421
9,440,66.154171320458
10,440,78.0266967347554
11,440,41.9460419664457
12,440,48.5415132721048
13,440,28.5231760962003
14,440,31.0208269234492
15,440,68.7664788142802
16,440,28.5231760962003
17,440,51.3641828636464
18,440,38.6275129832867
1,441,47.4030757197461
2,441,43.1763184403817
3,441,47.8900053310339
4,441,48.3800365320364
5,441,55.7312605943171
6,441,46.6995358635615
7,441,65.4958174193079
8,441,38.8512045950458
9,441,49.5575299699746
10,441,30.140615701967
11,441,56.4731421929023
12,441,51.9861413684647
13,441,60.7996815063879
14,441,35.7831917839713
15,441,43.9722417794452
16,441,37.4183046730913
17,441,49.2079893934847
18,441,41.0866214923622
1,442,46.6266231871553
2,442,65.741531652983
3,442,78.4341436826744
4,442,31.4110063226507
5,442,36.097347296532
6,442,66.6885358276927
7,442,51.0997632805065
8,442,39.465286309456
9,442,59.3673924554295
10,442,37.8337883441639
11,442,48.4315562500695
12,442,54.8566515318979
13,442,60.7609915254121
14,442,59.1055255204064
15,442,57.2721600722199
16,442,55.3925849707296
17,442,63.4722245476901
18,442,46.0632470355806
1,443,38.5038591501856
2,443,55.4270445866946
3,443,54.909580697851
4,443,63.7531913679139
5,443,39.3331422956915
6,443,54.6180815485614
7,443,44.9916858966988
8,443,58.7878700509133
9,443,66.1174656114542
10,443,61.576380071068
11,443,39.1596415880804
12,443,40.6237733437981
13,443,43.2456636226833
14,443,55.8031730216765
15,443,42.2102323393721
16,443,52.7819009027224
17,443,65.641462641285
18,443,57.2187148708261
1,444,67.8789284512058
2,444,51.243934329751
3,444,53.4716715176992
4,444,39.5262923873203
5,444,58.4460527780759
6,444,32.9272910441098
7,444,36.1152110797696
8,444,54.7853989221643
9,444,40.1353914652973
10,444,54.8963029517554
11,444,36.6342664319527
12,444,50.4836267426918
13,444,33.289519073556
14,444,56.2668571830819
15,444,32.7491364621363
16,444,53.5098226520981
17,444,50.2861779000996
18,444,62.8761957153206
1,445,89.1275910736344
2,445,32.4793262844696
3,445,45.9521349947384
4,445,42.730572702326
5,445,42.5268494750372
6,445,36.698297241439
7,445,56.4068499203166
8,445,52.9504426337232
9,445,56.7721058804544
10,445,77.7398241151261
11,445,33.2010497119734
12,445,53.7781894642126
13,445,46.9924282170639
14,445,45.7516926400361
15,445,42.3904923537682
16,445,47.8610019044328
17,445,62.9448696280422
18,445,41.0987984395466
1,446,46.5263191709615
2,446,55.5493944821342
3,446,55.9750248135016
4,446,76.6248202695021
5,446,46.6413027676122
6,446,48.0587078976241
7,446,32.5682206122415
8,446,68.9353371139439
9,446,59.8788120608042
10,446,63.7962830292784
11,446,39.369029933631
12,446,72.5642226319119
13,446,42.3994553177938
14,446,72.2931276701864
15,446,49.6865470874764
16,446,57.7001423525506
17,446,51.9904264647999
18,446,40.8960809306541
1,447,48.2422530841068
2,447,44.1151816420732
3,447,39.1664929618234
4,447,48.462992425214
5,447,40.4554611804097
6,447,49.9314964203762
7,447,52.4432729959461
8,447,59.6879799271975
9,447,40.8216673599673
10,447,59.0609178006727
11,447,50.2159911921206
12,447,45.9670009747504
13,447,65.7665589858157
14,447,53.2564822880238
15,447,41.4340290197771
16,447,36.8899260554406
17,447,54.4855315965515
18,447,41.7418150165472
1,448,77.7412810958952
2,448,57.2389487099189
3,448,28.5231760962003
4,448,39.1497270925598
5,448,37.0879848992823
6,448,39.2058190843216
7,448,33.6430909010107
8,448,56.9116015699713
9,448,54.9573685121702
10,448,55.6052058571241
11,448,65.8555574474993
12,448,49.7314788985357
13,448,71.0812548201093
14,448,38.1622634621985
15,448,42.4827846908533
16,448,41.5408467912412
17,448,45.7697704757006
18,448,40.2916239676522
1,449,58.619690841833
2,449,48.6260188198507
3,449,65.6567565437139
4,449,34.6526360583124
5,449,34.6077339947993
6,449,42.5470846242966
7,449,40.5909841789873
8,449,34.6951255923176
9,449,55.1646462559278
10,449,59.0006774397523
11,449,69.0423331341755
12,449,56.7861731830818
13,449,55.6872928324244
14,449,68.8041466629071
15,449,45.6452499562023
16,449,51.7352350534507
17,449,53.8029537796576
18,449,89.1422352603153
1,450,55.6694191497629
2,450,41.4647959980025
3,450,56.1716820972472
4,450,37.9955876135566
5,450,38.2811481014968
6,450,67.2628153729441
7,450,37.7491431693027
8,450,34.3139642530062
9,450,44.7569400371353
10,450,43.029063157625
11,450,54.1155152615348
12,450,47.32702744284
13,450,89.1855643737304
14,450,69.2935471657218
15,450,30.9304188544624
16,450,54.1957980974017
17,450,45.4005319478101
18,450,60.5306276666238
1,451,39.2104756334461
2,451,44.2205250385562
3,451,51.0248337141734
4,451,55.3945701680607
5,451,33.5878792193755
6,451,45.6066804833896
7,451,30.5934142832196
8,451,57.1817251708586
9,451,42.6900895134976
10,451,70.0893473825272
11,451,66.7948299326902
12,451,41.5027716032256
13,451,54.628458557361
14,451,66.6067449462782
15,451,56.1097999889962
16,451,38.3261649607738
17,451,31.0837626752143
18,451,53.2303942490485
1,452,42.1391110218952
2,452,69.9590820038855
3,452,41.1132700330967
4,452,58.7236296399506
5,452,62.9360739499822
6,452,60.8338971948709
7,452,33.3183079518601
8,452,35.1005928614503
9,452,44.5128091504098
10,452,64.5723658461328
11,452,67.7810949395512
12,452,78.6849683272669
13,452,40.0441300230754
14,452,42.815605617525
15,452,49.8635094108602
16,452,67.854300173338
17,452,31.5447245147672
18,452,37.2948672218294
1,453,76.6376872739925
2,453,60.65482629799
3,453,29.8938628215135
4,453,65.0574872572241
5,453,55.0767516556207
6,453,42.3432434439467
7,453,50.0902874902731
8,453,58.5168975485734
9,453,54.6335619158307
10,453,60.8270080483845
11,453,72.7975073416599
12,453,55.1329903269962
13,453,35.0360626960975
14,453,50.9135546029481
15,453,28.5231760962003
16,453,47.2945871650984
17,453,41.3285777689748
18,453,40.0815639898859
1,454,43.211096405978
2,454,89.1855643737304
3,454,39.3671345597012
4,454,40.2158352874551
5,454,45.7344502092397
6,454,45.7021266157351
7,454,89.1855643737304
8,454,49.8434597310985
9,454,48.3706073333787
10,454,44.7773440361055
11,454,65.8934665068501
12,454,47.6471681981958
13,454,56.2110499093038
14,454,51.5004606032082
15,454,34.3567477302418
16,454,41.2065873120902
17,454,50.1733494343546
18,454,67.1397048702817
1,455,54.0950954135762
2,455,51.7723248112519
3,455,41.2675470424426
4,455,62.7802398391711
5,455,63.0994806957787
6,455,46.3962533383728
7,455,60.485292069849
8,455,47.3066993986677
9,455,52.8136683989453
10,455,61.2697468588613
11,455,57.4927621206744
12,455,41.7989540271945
13,455,54.974051506384
14,455,44.1654621490425
15,455,47.8957117498693
16,455,40.3091935343037
17,455,49.8677572162984
18,455,61.9686435553917
1,456,46.5013490989541
2,456,59.7320940614014
3,456,48.9248421570487
4,456,57.4366742182578
5,456,34.4169730495277
6,456,59.576033461297
7,456,42.8323269247069
8,456,45.107016977931
9,456,53.4126288648261
10,456,56.5049499557143
11,456,44.4865785338638
12,456,39.061346541589
13,456,42.396197413682
14,456,36.8999860117884
15,456,65.8520415851145
16,456,55.0096356917133
17,456,50.0114165035787
18,456,39.0259786297791
1,457,61.7780604114631
2,457,52.5229261636669
3,457,33.0144169567623
4,457,45.6615162146447
5,457,46.4299608537296
6,457,46.3680998873361
7,457,50.5260412856359
8,457,55.1625143699039
9,457,67.0181558097329
10,457,48.7975720794395
11,457,43.0564707517812
12,457,37.615582890339
13,457,54.4100435143506
14,457,45.2224561557048
15,457,58.1717950963193
16,457,40.6202265880802
17,457,46.6979754916993
18,457,36.9797437884857
1,458,57.374239308041
2,458,47.7351009307068
3,458,89.1855643737304
4,458,45.1119139946969
5,458,41.1917256470451
6,458,80.7162782006223
7,458,80.0429204836163
8,458,72.7486247025741
9,458,54.2033718168054
10,458,59.9503558518777
11,458,62.7921830024934
12,458,65.9165626327164
13,458,42.6885538955559
14,458,41.410073671982
15,458,65.2873724730282
16,458,37.7452110145856
17,458,55.1167031489274
18,458,41.9801820874245
1,459,82.3901415061409
2,459,63.5228838002203
3,459,57.0020526908499
4,459,52.6019745161243
5,459,41.2248361245757
6,459,44.6707573802177
7,459,51.3683127348779
8,459,52.9417208523203
9,459,54.2880877311104
10,459,28.5231760962003
11,459,54.6505135343672
12,459,57.8070892603641
13,459,65.521896133666
14,459,73.2838701517595
15,459,62.0390383176721
16,459,64.1418408331212
17,459,45.2819776766536
18,459,43.9350438371101
1,460,40.6734896239545
2,460,74.5278967787809
3,460,30.5524060129763
4,460,53.3793501667558
5,460,50.6477628896079
6,460,55.856163701041
7,460,61.4958853499896
8,460,36.0647902202163
9,460,60.8777492777816
10,460,55.2905898628186
11,460,49.3808050005363
12,460,44.9558248357612
13,460,55.1535594837717
14,460,41.780113758731
15,460,55.2632423933163
16,460,50.2656974074989
17,460,33.5759113363834
18,460,76.3502251375479
1,461,83.2655446412923
2,461,64.9130398159653
3,461,45.377387759492
4,461,43.486569287185
5,461,65.3206066570025
6,461,62.9988551185605
7,461,65.4304122480497
8,461,47.0112508552885
9,461,66.2895444188951
10,461,77.2918850722524
11,461,52.2289204866481
12,461,52.4677102843367
13,461,50.5921476897781
14,461,37.6949069008262
15,461,37.8827943351433
16,461,43.5383029211422
17,461,56.1178550353151
18,461,53.4577841381881
1,462,67.3888991875615
2,462,40.4195738554224
3,462,48.848650317681
4,462,44.7214130568789
5,462,52.6441140377841
6,462,58.3961952394541
7,462,75.5842594840217
8,462,75.0635646685362
9,462,78.5917343515414
10,462,58.3284395756746
11,462,77.6527331245709
12,462,38.367135705436
13,462,51.99342158981
14,462,71.2752736267069
15,462,46.7114236698577
16,462,56.2930963982397
17,462,60.3388373882264
18,462,47.6550735698332
1,463,67.9386562221854
2,463,57.2237195067988
3,463,41.422748505748
4,463,66.7414920582383
5,463,37.2056521887114
6,463,63.0352106817359
7,463,41.2974903085722
8,463,58.1376425866966
9,463,55.8313837798942
10,463,66.6847129968062
11,463,55.4993016659683
12,463,61.6117083654867
13,463,42.2076161466167
14,463,49.0594888784898
15,463,64.817573589511
16,463,40.9132287556195
17,463,39.1729850762625
18,463,48.2373604031485
1,464,48.70254933052
2,464,50.1870897678538
3,464,87.9656678803323
4,464,34.8432254404945
5,464,40.154767786426
6,464,41.0854765962129
7,464,71.2214548233131
8,464,67.909954700652
9,464,40.0041699728667
10,464,38.7199592342252
11,464,46.2943008352254
12,464,30.9371987989495
13,464,56.5191270502373
14,464,49.2241392192528
15,464,33.086324658994
16,464,47.3490960545093
17,464,49.6144111705274
18,464,61.4321427268647
1,465,49.499338596298
2,465,42.2006995825045
3,465,42.9399290535902
4,465,69.6047536932276
5,465,46.6055554715602
6,465,53.9198849854544
7,465,55.3457591861242
8,465,55.8586262221005
9,465,34.8571462988283
10,465,59.2488713327825
11,465,66.8884743759613
12,465,82.5412594729737
13,465,36.4490374609028
14,465,38.0263108268592
15,465,55.8142497092896
16,465,44.3649636470808
17,465,67.9261695073665
18,465,34.7655769602493
1,466,54.890587194678
2,466,55.0865158883841
3,466,62.1506442700182
4,466,62.4291250989525
5,466,51.5398977624583
6,466,33.5854727642718
7,466,54.3374159697892
8,466,54.9770094730023
9,466,32.0543410266879
10,466,65.8648868799174
11,466,51.4944525251551
12,466,38.2693557584235
13,466,53.5930634511921
14,466,63.2405676115371
15,466,57.7805418959621
16,466,45.4663178332707
17,466,88.8794883994155
18,466,47.9419918311234
1,467,54.3680042194176
2,467,56.3127949416915
3,467,63.0837558454743
4,467,61.5802324619871
5,467,49.9258635244893
6,467,48.5791555530993
7,467,38.6100053322546
8,467,55.4851390982125
9,467,59.6288194583697
10,467,45.2946047612079
11,467,61.67955830778
12,467,50.9233947188506
13,467,56.9560563110974
14,467,41.9032548252153
15,467,65.0316566766496
16,467,36.6894154156348
17,467,83.4038531845096
18,467,48.0353451236953
1,468,35.6869627698949
2,468,38.9423186124439
3,468,30.887393278835
4,468,47.7371475102929
5,468,52.5120585632934
6,468,42.9135904643291
7,468,48.1462395887403
8,468,36.5836233436284
9,468,64.181696613939
10,468,48.1805604378742
11,468,53.7515172972382
12,468,83.8901888274791
13,468,63.5445728145781
14,468,37.6178574696987
15,468,65.8762719667123
16,468,33.4723111431002
17,468,89.1855643737304
18,468,71.7145753243896
1,469,34.3723330417004
2,469,40.9135366589544
3,469,73.0657706964569
4,469,37.8657273622305
5,469,89.1855643737304
6,469,69.1628008933097
7,469,61.4238612379572
8,469,44.9506318494356
9,469,75.2232148599254
10,469,52.417045186428
11,469,65.2025236320698
12,469,43.6418248946297
13,469,61.0830694097758
14,469,39.6283937073877
15,469,44.0491673480729
16,469,48.0149250116231
17,469,67.1307258763359
18,469,52.429349589984
1,470,44.9450376750795
2,470,38.9369868610049
3,470,41.9521776761408
4,470,54.1281300057675
5,470,54.7100513179679
6,470,46.8117586213334
7,470,42.6172069052682
8,470,30.3603191899797
9,470,54.972850321793
10,470,45.8291386898081
11,470,49.6094850494404
12,470,48.5142280944697
13,470,30.5524163212136
14,470,49.0993761652164
15,470,77.6506743661642
16,470,78.5242984805822
17,470,34.8545808279263
18,470,50.5317176569131
1,471,30.3044558843553
2,471,43.4576322758573
3,471,76.4259446897325
4,471,61.3679389079739
5,471,46.1558986337425
6,471,45.5772317834699
7,471,49.1740342627063
8,471,37.6555070261791
9,471,51.3930009638989
10,471,40.90855784772
11,471,36.1226396251432
12,471,41.0770759442902
13,471,64.6234257717436
14,471,38.8612573646386
15,471,39.7721137109383
16,471,28.5560727643066
17,471,57.2002751058601
18,471,51.2315817096449
1,472,45.6699700967444
2,472,62.4938003971238
3,472,50.4087989524593
4,472,57.6610277072215
5,472,45.2992913844252
6,472,43.0077220186003
7,472,65.5269800830871
8,472,61.3867565415596
9,472,62.5934742325247
10,472,55.4859119207134
11,472,48.695269456057
12,472,40.6369080263101
13,472,81.0208142076484
14,472,52.0710286926781
15,472,46.1476530647964
16,472,77.0349769849336
17,472,75.4825118277234
18,472,42.6818889448077
1,473,50.1278588384142
2,473,46.8005137827305
3,473,63.2468842312551
4,473,46.4946911246556
5,473,53.5856247140174
6,473,50.6658125098645
7,473,50.1000728285049
8,473,39.5917795341421
9,473,51.9413765545282
10,473,56.028807732058
11,473,50.6203747614838
12,473,45.8466035469578
13,473,57.5220161272455
14,473,51.6598291098623
15,473,61.378235338066
16,473,39.1377717844455
17,473,80.4066736032314
18,473,38.9452838793721
1,474,44.5286094228211
2,474,60.1676017907133
3,474,55.1274465489335
4,474,34.9870887285
5,474,43.046423099212
6,474,59.8249156227519
7,474,84.4465580316173
8,474,75.9690803074983
9,474,80.5429355273286
10,474,66.1472020066377
11,474,56.4273236273284
12,474,46.8900917981776
13,474,59.05430215397
14,474,43.2272968062856
15,474,30.8688081296757
16,474,67.2891192587183
17,474,44.2614101188451
18,474,59.82052263027
1,475,33.0189983082923
2,475,28.5231760962003
3,475,48.8000614353255
4,475,35.3213433337846
5,475,45.8658171344694
6,475,54.4616794942622
7,475,44.0474064071175
8,475,50.5281535650887
9,475,42.0776868500521
10,475,38.4474576688751
11,475,47.3607659562017
12,475,64.114939747853
13,475,38.4072329612832
14,475,62.0090578712155
15,475,43.9706974939269
16,475,36.3810769133775
17,475,58.5031622844093
18,475,59.8695645452104
1,476,66.5470266920674
2,476,57.9079294802078
3,476,49.6400539960026
4,476,72.5169116798445
5,476,45.1148665915884
6,476,49.1341847074697
7,476,46.3007396863359
8,476,60.0929500707369
9,476,45.8005687101764
10,476,58.7426359848838
11,476,35.4278854660299
12,476,41.528454667784
13,476,53.8558327155358
14,476,52.5727369930735
15,476,42.3420288467147
16,476,70.2769329050462
17,476,61.1727715927428
18,476,51.2181799829578
1,477,53.8783401831539
2,477,47.0106510720718
3,477,67.3712941899207
4,477,54.8728085099486
5,477,30.8870290860002
6,477,50.5469935533703
7,477,49.5602835911023
8,477,39.2003812270668
9,477,45.866679988739
10,477,76.0252481938383
11,477,89.1855643737304
12,477,65.3188914827488
13,477,45.0367763861322
14,477,63.7983101053986
15,477,59.4448309672478
16,477,76.7964765198713
17,477,42.8521533724157
18,477,62.1876196932074
1,478,89.1855643737304
2,478,30.1400136565742
3,478,62.050303939464
4,478,69.1028929939642
5,478,56.4674107253667
6,478,57.6485380251498
7,478,41.7777315147219
8,478,41.9701829550266
9,478,39.1252439383604
10,478,33.0673714902548
11,478,55.7068597628148
12,478,51.524600650537
13,478,49.8022145328206
14,478,52.1054854395129
15,478,45.3730300190333
16,478,77.0277088866464
17,478,54.6972552567304
18,478,49.9079178540483
1,479,38.798782930214
2,479,39.5372500677619
3,479,41.8268569904005
4,479,56.209105749479
5,479,62.6313035912514
6,479,43.7306007750867
7,479,40.9141121518756
8,479,42.0211424893564
9,479,38.5698360174023
10,479,51.5098944771454
11,479,67.4879893552352
12,479,28.5231760962003
13,479,49.2077600138204
14,479,68.9185653523015
15,479,41.4346895411711
16,479,48.8652896340192
17,479,60.8101300150589
18,479,54.8048212542875
1,480,54.3389992584606
2,480,28.817972038725
3,480,45.403010589681
4,480,47.9193320566986
5,480,64.8582616554317
6,480,54.1869624597203
7,480,60.2734601514427
8,480,61.7025993664821
9,480,35.3016345556418
10,480,57.1973828670022
11,480,56.7276606969599
12,480,36.6941201126789
13,480,30.2457467609334
14,480,53.2172464658296
15,480,56.0340136494888
16,480,42.4172447744492
17,480,64.2975089092673
18,480,36.0058400586542
1,481,80.2059625420804
2,481,58.2260677636512
3,481,71.9774486745389
4,481,61.1314304956119
5,481,54.5343778984407
6,481,55.1656308481057
7,481,68.5008143424763
8,481,65.7219315626032
9,481,53.3172067345031
10,481,82.4668843822569
11,481,38.8597249648453
12,481,36.5741120172223
13,481,89.1855643737304
14,481,41.3852242695764
15,481,73.763552630686
16,481,61.2092456208292
17,481,45.2033848323831
18,481,50.3334654769547
1,482,45.4983234800007
2,482,51.3729658070611
3,482,44.4794761490707
4,482,38.6626826552834
5,482,59.2564608126879
6,482,46.7104905789088
7,482,47.9472691371521
8,482,46.0923324059005
9,482,54.5565420096638
10,482,39.5570497829808
11,482,54.3551022448146
12,482,44.234240367532
13,482,47.4767457208701
14,482,44.5035975516054
15,482,50.8774763242566
16,482,55.8063926305
17,482,40.6957496240565
18,482,43.677265566905
1,483,48.6149881981737
2,483,34.0579750448441
3,483,48.7185094633157
4,483,74.8574330312565
5,483,45.9462954773814
6,483,49.6850900316546
7,483,38.4155742629907
8,483,46.271047534825
9,483,56.8611365325554
10,483,60.6843289654384
11,483,52.1273397792503
12,483,47.3919225243674
13,483,37.7186637361556
14,483,49.9975004364303
15,483,54.0679999840997
16,483,45.7616364153536
17,483,63.1010122347533
18,483,53.0399099971872
1,484,39.8102030578407
2,484,45.9121239163616
3,484,43.0394365848433
4,484,36.8936892781198
5,484,38.117210220535
6,484,46.0668485243397
7,484,41.8914178349921
8,484,52.0001966057547
9,484,31.5775841944912
10,484,36.0291076857124
11,484,69.9394391770741
12,484,45.9885287593435
13,484,53.3996651039985
14,484,60.8865604860651
15,484,49.2919552799551
16,484,67.5675266540428
17,484,61.1491788857033
18,484,82.3416489610192
1,485,62.3636439127173
2,485,80.0801874054304
3,485,50.551342372861
4,485,37.8843590894216
5,485,65.0745691449938
6,485,46.5744151219453
7,485,56.3784437858028
8,485,76.533938163462
9,485,60.8788117683808
10,485,34.8851965713785
11,485,72.3184016572161
12,485,59.9708546123159
13,485,48.9256365816441
14,485,42.6291878900453
15,485,49.7024530224431
16,485,36.6515248469198
17,485,29.1477433250812
18,485,41.5153064945549
1,486,49.7343560642424
2,486,37.2594529760068
3,486,29.1751909230495
4,486,57.8361159799834
5,486,41.5149483541594
6,486,50.7229772361649
7,486,28.5231760962003
8,486,60.8361283523077
9,486,40.1715335022831
10,486,67.149192911944
11,486,50.9681346265099
12,486,52.8080449355077
13,486,53.9061578679757
14,486,48.8832916820656
15,486,58.725115235789
16,486,79.758301414732
17,486,54.0705278154699
18,486,48.6184586470411
1,487,47.645639509147
2,487,37.564110123393
3,487,52.337110208259
4,487,35.6477408312013
5,487,38.4881952604811
6,487,70.6668555365625
7,487,34.5800354592733
8,487,84.0726420706247
9,487,59.4577322191808
10,487,76.9337533140026
11,487,55.9754724829587
12,487,47.9254657953731
13,487,75.5408220362523
14,487,50.4059891816138
15,487,45.2962186185593
16,487,43.581730995456
17,487,43.94666288021
18,487,55.9261515901861
1,488,55.1949988929886
2,488,50.9485986865193
3,488,32.2271049515029
4,488,38.2638094089809
5,488,28.971851947185
6,488,37.3192296219897
7,488,78.5142345636219
8,488,72.5338093868083
9,488,42.0754989680953
10,488,67.8691357041202
11,488,48.5203441140626
12,488,48.0136904255122
13,488,64.7455003049403
14,488,48.6124414499227
15,488,67.2305027877015
16,488,53.8545844270999
17,488,39.5295581679354
18,488,55.3513251501689
1,489,49.7154979403923
2,489,44.2635822024729
3,489,47.7088635172511
4,489,50.2753936970165
5,489,58.4015330784956
6,489,51.0323730852319
7,489,52.7632432328161
8,489,36.8291690825653
9,489,47.9294509800298
10,489,48.8766606967903
11,489,45.9657462293978
12,489,45.4885918806165
13,489,50.2856766417673
14,489,50.1871354008242
15,489,56.2853124151299
16,489,71.0922289478866
17,489,47.5629552843999
18,489,47.0318546884073
1,490,83.6623562774501
2,490,45.4258894284303
3,490,43.8525407938341
4,490,56.7794861593398
5,490,48.5092149658664
6,490,56.3593700742962
7,490,60.5001158330215
8,490,89.1855643737304
9,490,67.5734462758873
10,490,63.0346539071287
11,490,54.0306490652594
12,490,45.5489272523658
13,490,50.7746667601157
14,490,39.0683458115018
15,490,61.078498845364
16,490,58.4530687977908
17,490,68.4892460180694
18,490,39.3553607272375
1,491,47.0797594118427
2,491,39.6143821265611
3,491,47.6635701815708
4,491,52.8052161668589
5,491,61.3404832980915
6,491,53.9369131177749
7,491,43.1639916393512
8,491,49.0850803928717
9,491,39.7348062742005
10,491,55.3615206672777
11,491,57.597873635328
12,491,37.0302625413998
13,491,60.3775762321763
14,491,62.9149654632405
15,491,58.7440716963513
16,491,62.0546928531598
17,491,39.9153568524269
18,491,40.3995157455541
1,492,69.1647431450845
2,492,59.8415182695012
3,492,46.5815235284363
4,492,57.9879895035178
5,492,77.8133286142948
6,492,52.4990996115511
7,492,45.4847102670538
8,492,43.5675905371318
9,492,37.94297656503
10,492,52.7185344439782
11,492,56.762027682817
12,492,52.2952592444234
13,492,54.6342789328354
14,492,48.353985838405
15,492,56.2194645651757
16,492,41.0397527533141
17,492,47.5339276393801
18,492,49.6832005251573
1,493,69.1081241304991
2,493,30.4508520655162
3,493,87.0180478662059
4,493,42.3284965312603
5,493,65.1544908356905
6,493,47.0368863381999
7,493,46.7931197776397
8,493,48.6027250187518
9,493,28.5231760962003
10,493,89.1855643737304
11,493,53.3940527505563
12,493,59.0035954877254
13,493,43.4297089002314
14,493,42.1024357610069
15,493,69.6357119368568
16,493,60.7445485835874
17,493,65.7726326819642
18,493,46.4686658067401
1,494,36.2931593491312
2,494,43.2921057435939
3,494,75.0654629124587
4,494,34.2874016816738
5,494,77.0112360385496
6,494,44.537420325306
7,494,34.3077599065181
8,494,38.0764322897712
9,494,54.5971105963312
10,494,46.7930698755133
11,494,28.5231760962003
12,494,45.8785812611392
13,494,73.3995589512275
14,494,46.1634547768439
15,494,73.0296542959322
16,494,42.503361696766
17,494,60.0129594618373
18,494,46.1073877211877
1,495,62.5018886506649
2,495,32.0446464094582
3,495,52.6968520615114
4,495,69.6884682734058
5,495,40.8763613392399
6,495,74.9467627144742
7,495,45.4745728829321
8,495,43.7723962452676
9,495,38.3341513529534
10,495,57.5706943243698
11,495,38.360872168013
12,495,35.6156126733802
13,495,47.1733527787571
14,495,32.8791101939979
15,495,40.4552382874272
16,495,80.4578268387493
17,495,50.7354794880916
18,495,61.7372182525189
1,496,33.8565282283379
2,496,29.6014725160731
3,496,63.2916483755735
4,496,51.3650196392112
5,496,74.3069385242348
6,496,64.593154303771
7,496,29.2743394552286
8,496,67.136132471479
9,496,39.1912554096848
10,496,49.1073617303725
11,496,53.4277979671294
12,496,42.5119433475305
13,496,41.6508505614604
14,496,50.3024083393638
15,496,53.5488752702978
16,496,34.0597356164679
17,496,77.0663021854016
18,496,69.5214058445697
1,497,46.2964547933422
2,497,33.2835626125085
3,497,64.3003636920966
4,497,81.7971732372843
5,497,38.2589643980423
6,497,52.1726947872054
7,497,35.2414508273739
8,497,44.4362851188128
9,497,58.4117356418834
10,497,35.3007883421672
11,497,38.4530607412099
12,497,46.0469806260202
13,497,43.9789881616437
14,497,50.3778354612397
15,497,48.7590160294557
16,497,31.1663573710335
17,497,36.7839695467709
18,497,51.9767387979425
1,498,56.1840542765183
2,498,71.2695598275194
3,498,57.8270927122799
4,498,49.8647226629773
5,498,58.0925086920742
6,498,38.4367700216695
7,498,28.829649634592
8,498,47.278656814076
9,498,46.7104504846025
10,498,41.1060540978078
11,498,29.1145744326609
12,498,36.0240331271953
13,498,72.0129797071297
14,498,38.2784938360102
15,498,49.888374485199
16,498,46.1811493792104
17,498,75.4839973678058
18,498,51.9416413368286
1,499,81.9819734661192
2,499,64.6164794750517
3,499,34.4725507991277
4,499,51.4933858273614
5,499,56.0490468971591
6,499,43.0409201956051
7,499,45.68239387679
8,499,50.4963957444157
9,499,31.4371559876575
10,499,29.8631241024591
11,499,42.1405334450809
12,499,55.7537405298714
13,499,65.9414646748492
14,499,28.5231760962003
15,499,47.5974042901475
16,499,40.2061802208167
17,499,43.4283029051103
18,499,63.7747865137907
1,500,81.7272816138383
2,500,46.3020738430668
3,500,50.7530828237341
4,500,32.8239887109554
5,500,89.1855643737304
6,500,49.7787668549501
7,500,59.5871700198258
8,500,56.0938209763439
9,500,36.9661649392503
10,500,52.191188859141
11,500,36.4588366795794
12,500,51.383421492595
13,500,54.0630639333158
14,500,39.6502729679938
15,500,35.9449098436421
16,500,50.9010854189892
17,500,51.3924986169672
18,500,51.471504624234
1,501,80.1033522453719
2,501,43.1984503009289
3,501,43.7665084513958
4,501,39.4601267833549
5,501,89.1855643737304
6,501,42.1111156004917
7,501,69.2952825015457
8,501,37.3203947897653
9,501,70.4513366402046
10,501,54.3649144402407
11,501,41.1346420794577
12,501,54.0443074181554
13,501,66.0190073898494
14,501,62.8821272792391
15,501,52.9588874468389
16,501,45.329156469437
17,501,33.6244098373725
18,501,39.5613878787535
1,502,38.348948930531
2,502,58.1635023905344
3,502,45.2195559654133
4,502,56.5261151300515
5,502,60.4527830819058
6,502,62.1720162464282
7,502,78.3015574335293
8,502,45.4992070938387
9,502,46.4192044802031
10,502,42.4487232876417
11,502,69.0869426801791
12,502,45.2630889482473
13,502,49.4743240017331
14,502,43.3111962117332
15,502,47.1361268753346
16,502,53.9585489941631
17,502,39.9541594267469
18,502,63.0351870868354
1,503,37.7556692263038
2,503,61.6611017950318
3,503,42.5087742217905
4,503,40.2335906761829
5,503,66.3646729519941
6,503,50.0047379898509
7,503,52.836156206597
8,503,70.662415175745
9,503,60.482205269999
10,503,49.1742397317676
11,503,39.8362877002167
12,503,53.4751190502021
13,503,45.804315210807
14,503,61.3376845973347
15,503,38.2016694657511
16,503,42.458197573765
17,503,89.1855643737304
18,503,69.3688081475158
1,504,38.7387709807426
2,504,44.3421314331618
3,504,48.8243848414487
4,504,41.8494021541232
5,504,62.0761946104577
6,504,53.2898178473772
7,504,73.7180495408486
8,504,48.8631411054025
9,504,62.2501268976659
10,504,54.5117978363159
11,504,35.6032680379108
12,504,35.7282813590283
13,504,51.1417778647281
14,504,32.6393305594901
15,504,40.0108182098717
16,504,59.1301629433024
17,504,59.2476344463642
18,504,44.8922924521276
1,505,50.7803923318403
2,505,37.7506698562198
3,505,48.8728065467593
4,505,62.3817763538786
5,505,68.211828984742
6,505,36.9613857407061
7,505,46.0342884262364
8,505,48.3779423886235
9,505,52.1183042218739
10,505,36.9246488623219
11,505,52.1602856208307
12,505,56.8234250035188
13,505,73.8728697509821
14,505,37.98490122331
15,505,57.5138497091942
16,505,46.4648770785143
17,505,33.2143240111574
18,505,80.7966754557219
1,506,39.2508089993673
2,506,42.4478962344763
3,506,46.5877387201379
4,506,53.9506825229976
5,506,51.7474162031686
6,506,34.7308071018583
7,506,41.9992302432109
8,506,58.5292781883519
9,506,40.2654076870003
10,506,52.8533282337915
11,506,51.43281586192
12,506,62.8950777222783
13,506,58.3180127837667
14,506,54.6867925571472
15,506,64.2899514324898
16,506,54.3060538057439
17,506,41.0872148551744
18,506,46.1684950499214
1,507,42.5235764407259
2,507,41.7869842958287
3,507,67.1708562028374
4,507,63.9814172300889
5,507,54.6795403725388
6,507,50.2300423032671
7,507,50.0199762210194
8,507,44.2910653330832
9,507,56.4615242980325
10,507,36.0823295153142
11,507,37.8188920757175
12,507,58.9181179380531
13,507,41.0033647956518
14,507,60.4558435078162
15,507,51.3227990256123
16,507,52.9966483534949
17,507,47.6126061265744
18,507,44.6243789370108
1,508,75.6600670502312
2,508,45.6525214957656
3,508,89.1855643737304
4,508,53.2632057062316
5,508,50.6719397124921
6,508,57.651765279571
7,508,59.8915852857654
8,508,34.0858110305539
9,508,48.6415075450467
10,508,52.5771267442493
11,508,36.715576771573
12,508,38.2263664038817
13,508,43.6781581096252
14,508,57.1445333843004
15,508,44.6752323235535
16,508,40.2079163738778
17,508,34.9349062185247
18,508,32.6276814813832
1,509,59.6387832101774
2,509,60.8434329548424
3,509,36.7092257923711
4,509,38.9182465879016
5,509,51.0558793684592
6,509,82.157703958243
7,509,76.8465214277897
8,509,46.0073046489965
9,509,41.9567437060321
10,509,78.5140133709902
11,509,71.979417919878
12,509,33.6492118285256
13,509,37.7318051621369
14,509,59.8384415155503
15,509,48.2308978564876
16,509,28.5231760962003
17,509,51.6487928285582
18,509,73.9215352585253
1,510,50.4625427832597
2,510,62.2646278985413
3,510,40.7411930269732
4,510,48.9369184406226
5,510,63.1215103525004
6,510,48.4099595655953
7,510,49.3785831235968
8,510,52.4341166191445
9,510,39.2629217852524
10,510,41.1044187772517
11,510,45.1088828701466
12,510,39.5607371366054
13,510,66.1603324636364
14,510,40.5463924353718
15,510,48.7684584612874
16,510,69.6380666542421
17,510,45.1818812028604
18,510,42.070766480679
1,511,52.8614486432071
2,511,50.5179649895556
3,511,52.6543693331171
4,511,39.9274309604574
5,511,42.5036591229847
6,511,58.0315815210141
7,511,28.5231760962003
8,511,67.3963798262687
9,511,53.6707905418529
10,511,34.7641048974683
11,511,31.6477875377968
12,511,39.9889166157868
13,511,65.1427269208783
14,511,54.9198349944854
15,511,47.0737757414695
16,511,53.0221196556271
17,511,68.0151553839385
18,511,48.7957760638962
1,512,47.7882824822693
2,512,46.1265056036443
3,512,47.7381484507232
4,512,31.1067182797665
5,512,48.3254911444824
6,512,87.5343025282625
7,512,48.5573410945261
8,512,58.8038841825715
9,512,45.8931515032337
10,512,72.0629911837417
11,512,59.4431592818314
12,512,49.1993508280744
13,512,46.0838295790385
14,512,44.9212358177435
15,512,41.2778703696729
16,512,57.2540591565795
17,512,53.1428767673224
18,512,65.2691143631571
1,513,43.6494892194562
2,513,34.7116666071042
3,513,31.1849126761775
4,513,28.5231760962003
5,513,60.2445592702064
6,513,50.0305934436018
7,513,59.3861765212532
8,513,62.1778982834945
9,513,43.1701592923645
10,513,74.5018341194481
11,513,82.7463704462984
12,513,52.1130027355272
13,513,47.3600576988429
14,513,58.0992746222583
15,513,62.3700437237058
16,513,69.2666463586891
17,513,59.838077893496
18,513,48.6759901711261
1,514,54.6958826993267
2,514,45.5227640230507
3,514,40.0969764774827
4,514,35.0622399201007
5,514,35.521325736509
6,514,45.5596350418809
7,514,57.1659289073311
8,514,63.7590570420035
9,514,51.7706627445465
10,514,47.3259367060278
11,514,32.472268000458
12,514,47.2528953382228
13,514,40.5812634283378
14,514,36.3920966299027
15,514,38.4789528049085
16,514,45.3153189258928
17,514,45.9638111261068
18,514,66.34224359803
1,515,85.7210036446211
2,515,56.37711134001
3,515,48.8049243973729
4,515,77.0047254824585
5,515,57.6668443038879
6,515,53.2040841258968
7,515,67.3478562071161
8,515,34.1921026822431
9,515,55.2429681202687
10,515,50.1320009468917
11,515,62.6913816508598
12,515,41.0993559861985
13,515,43.7668832970224
14,515,64.6977064052803
15,515,54.5976128981029
16,515,41.5319968404024
17,515,40.8903044010784
18,515,41.6326777397024
1,516,54.2265967502679
2,516,60.3078597045448
3,516,36.7748909711751
4,516,58.2999169197715
5,516,55.2397116732456
6,516,53.0413740114367
7,516,52.6858091684947
8,516,43.0305389024035
9,516,30.4020587369376
10,516,42.7098606173578
11,516,35.3460633834903
12,516,50.9698766224972
13,516,32.8015486567872
14,516,53.1128485986955
15,516,88.4094135580186
16,516,66.71875992692
17,516,63.8371453885058
18,516,47.6790129133894
1,517,42.670931938274
2,517,35.5107020392262
3,517,58.2150327123552
4,517,60.4904313127047
5,517,61.4876393364895
6,517,42.8696757571729
7,517,45.8707409936719
8,517,34.9598683296552
9,517,49.8871009062703
10,517,40.0645501686755
11,517,35.8443566131761
12,517,37.8747138067427
13,517,48.6811748132356
14,517,52.8906376089725
15,517,61.9619184289566
16,517,31.1918526594619
17,517,72.9548737870079
18,517,40.301655017012
1,518,54.4011426073539
2,518,63.6679718374571
3,518,40.6414945628378
4,518,39.8123755417488
5,518,52.8724321820408
6,518,37.5247122526488
7,518,45.4374363796493
8,518,39.790983811971
9,518,53.5643436627523
10,518,59.6195366724494
11,518,64.879449007991
12,518,46.4592941624957
13,518,49.1006938866347
14,518,49.2000247094221
15,518,49.5529093603982
16,518,47.6816527990072
17,518,41.7017273302169
18,518,52.5181138154824
1,519,43.3699312982114
2,519,49.7451087225473
3,519,49.1023292745659
4,519,36.862802979788
5,519,66.4101162514577
6,519,52.5331482889517
7,519,45.9810897058263
8,519,56.78452169664
9,519,38.8047364039606
10,519,79.1360780937743
11,519,56.6694792559867
12,519,46.7730255471941
13,519,65.9926149923584
14,519,52.2399635187579
15,519,43.5008632868332
16,519,35.7089124530457
17,519,49.6663813620942
18,519,58.303199996114
1,520,54.2896449841974
2,520,35.754409758564
3,520,55.5248956108621
4,520,43.8535617965701
5,520,50.2717354689772
6,520,67.8613130659361
7,520,54.3954310902934
8,520,57.0115336630011
9,520,41.0112383499064
10,520,52.9526139795383
11,520,35.2618668390966
12,520,61.7550709809868
13,520,41.7126009969841
14,520,37.4065707250867
15,520,40.7280506665436
16,520,58.7236395296602
17,520,52.4638360563331
18,520,30.566165922993
1,521,29.6016744568903
2,521,45.5666383702238
3,521,40.4521876252884
4,521,50.6683762951154
5,521,43.9260738626713
6,521,45.1542827604601
7,521,53.7673393646299
8,521,58.7877017182131
9,521,45.418202408587
10,521,56.1207596820496
11,521,32.2640619817592
12,521,41.9329256775738
13,521,53.6858215489465
14,521,45.7957205122785
15,521,58.4747484537917
16,521,37.9495405287957
17,521,60.7292686281079
18,521,60.6289190002895
1,522,52.3847912948609
2,522,49.3377420384538
3,522,62.2467400427306
4,522,47.5233372264108
5,522,53.8071048545318
6,522,38.1663929640153
7,522,42.4508305839903
8,522,55.0793570810955
9,522,43.4237128658727
10,522,46.3917196336423
11,522,65.2293809713098
12,522,52.2771093760239
13,522,56.6890235778586
14,522,64.1332657368543
15,522,47.1182090029343
16,522,46.4564358836048
17,522,64.5605291062664
18,522,33.2476363426214
1,523,54.9467365104195
2,523,51.4558466413428
3,523,73.6231779128135
4,523,48.0380411015454
5,523,52.6802290032099
6,523,36.8186804163669
7,523,46.1329941794936
8,523,38.3992248755651
9,523,57.9457818064215
10,523,51.1676092876142
11,523,46.2383665115183
12,523,53.4311703523757
13,523,69.7816114289099
14,523,42.7237196517045
15,523,56.9547686053334
16,523,50.5515183946672
17,523,38.789191968597
18,523,33.9829465229504
1,524,68.0475997057203
2,524,72.915997682048
3,524,67.5212810548935
4,524,39.5387759939822
5,524,45.9297306888406
6,524,80.2619618102171
7,524,60.2031916536457
8,524,58.8555290533779
9,524,78.2197015048373
10,524,38.1643152818494
11,524,44.656850890669
12,524,44.1137315769282
13,524,45.3445225166997
14,524,38.5215253659396
15,524,51.3030659268735
16,524,47.747122004296
17,524,40.04294963632
18,524,78.5944000863259
1,525,50.9087081455408
2,525,28.5231760962003
3,525,46.3838257684955
4,525,28.5231760962003
5,525,47.2961031464029
6,525,54.9559896089853
7,525,43.8589651583171
8,525,49.7520133720167
9,525,54.3778374571427
10,525,45.6945256718467
11,525,70.051256831282
12,525,79.0941414991012
13,525,61.0856128219477
14,525,63.3898077108984
15,525,88.3743640532696
16,525,48.5697858932565
17,525,52.3221416674438
18,525,34.4150365320931
1,526,49.3981678005181
2,526,44.0296949595777
3,526,48.4749821117781
4,526,51.7131972185744
5,526,48.565945765785
6,526,46.8160992151258
7,526,28.5231760962003
8,526,67.3777888933006
9,526,58.4403122025824
10,526,32.4217391466673
11,526,50.5577545553593
12,526,71.0055415839473
13,526,77.2200065946479
14,526,89.1855643737304
15,526,43.846780493061
16,526,63.1780579680279
17,526,70.6804084336005
18,526,41.6388297744717
1,527,57.7741375686021
2,527,54.001729091279
3,527,68.411160118329
4,527,53.3728008125358
5,527,47.2515644387234
6,527,56.4297535143834
7,527,38.7432630818635
8,527,58.9078371006155
9,527,45.9295321759599
10,527,56.0079069359175
11,527,53.038483321129
12,527,53.6991057369851
13,527,42.0893796311884
14,527,48.8550811234165
15,527,45.1328210758057
16,527,57.9902369547628
17,527,81.7613114025893
18,527,57.4987154652656
1,528,37.3550035930612
2,528,37.7793775793373
3,528,50.473365562625
4,528,63.9392443922312
5,528,70.7197675486303
6,528,38.3500606530101
7,528,51.4418314354255
8,528,51.7671960567941
9,528,48.8343003421622
10,528,37.1399361017403
11,528,58.3662674875156
12,528,31.5507324082977
13,528,59.2680014794549
14,528,34.2077352296439
15,528,46.2159797975256
16,528,48.4023560837169
17,528,42.6041583806862
18,528,43.7022759165133
1,529,56.2224614160525
2,529,68.7571653705639
3,529,50.6076080680536
4,529,43.4249619203952
5,529,42.6904298221768
6,529,59.6663166257513
7,529,44.8275671777141
8,529,34.4733874700588
9,529,50.6962360475615
10,529,62.5394060844123
11,529,56.0938343855225
12,529,75.9096840284376
13,529,89.1855643737304
14,529,58.3619547203606
15,529,48.0308834429142
16,529,68.2351173464185
17,529,60.1081315512405
18,529,83.8483277790562
1,530,54.555186286265
2,530,48.1994275090069
3,530,61.5141246439771
4,530,52.9220049778477
5,530,55.3325707564015
6,530,69.4957757400325
7,530,36.8685387024552
8,530,43.400725516663
9,530,42.1494103251557
10,530,40.1885611147066
11,530,50.8614809233099
12,530,44.7010225839036
13,530,59.2019644014338
14,530,68.5362340353353
15,530,42.5158265271569
16,530,55.4399275363097
17,530,54.145700954878
18,530,40.0063063930115
1,531,53.3700806970762
2,531,41.469538612986
3,531,38.762112155021
4,531,32.1766839574445
5,531,75.9840099628903
6,531,48.6455422640118
7,531,46.2628015511416
8,531,70.9719184082186
9,531,84.1030541062783
10,531,42.1040489745245
11,531,37.3633710837437
12,531,49.2190789212487
13,531,35.2748376508849
14,531,43.1511556004611
15,531,48.931912554915
16,531,44.1722049870689
17,531,75.4493871257138
18,531,53.0809887935095
1,532,51.6755241999807
2,532,75.2202113765092
3,532,72.3322797655911
4,532,46.4510310019928
5,532,50.3059432540296
6,532,39.7341921088732
7,532,42.4668338461353
8,532,35.3295414101445
9,532,58.7710501066821
10,532,47.4665971472744
11,532,57.4898434945276
12,532,47.6526785557522
13,532,35.1888248772274
14,532,38.7885138146293
15,532,60.1005415461003
16,532,41.6722490116306
17,532,35.5239105147916
18,532,33.8757362306943
1,533,43.4327764796137
2,533,54.5338155348391
3,533,46.1160209636356
4,533,44.1038959778645
5,533,49.3555183652646
6,533,51.1350167866475
7,533,63.0073868842692
8,533,50.9521547926135
9,533,48.5977787653552
10,533,45.8588336737507
11,533,39.2965745420982
12,533,48.6543735160897
13,533,36.1319763012545
14,533,71.5482777569454
15,533,52.6988088860059
16,533,31.4971304808881
17,533,36.8356622899934
18,533,59.4622792341893
1,534,28.8281813038943
2,534,59.2275592309959
3,534,53.9685428906471
4,534,42.1593666290395
5,534,43.5909340655958
6,534,36.6018653491106
7,534,37.6524483431711
8,534,45.7929869390369
9,534,35.1506743086034
10,534,46.6946945604253
11,534,43.7603689656925
12,534,52.0574394403736
13,534,56.6745149264643
14,534,53.4019219087888
15,534,58.2169074103118
16,534,52.1437315665122
17,534,42.9480078938214
18,534,47.3947356842048
1,535,69.7227382132099
2,535,73.8624080514472
3,535,56.045659738999
4,535,38.9587900333751
5,535,54.335469290924
6,535,67.4051674492996
7,535,38.4147423802753
8,535,65.7211119537654
9,535,34.5560009105239
10,535,47.7478036791561
11,535,69.4297788340626
12,535,50.588954737828
13,535,59.1648563918305
14,535,48.7619314433094
15,535,41.4565526858289
16,535,69.0318478392004
17,535,54.6070834496566
18,535,44.5585237799567
1,536,36.9723398946077
2,536,54.1118593046588
3,536,45.5836259043427
4,536,59.7607045024746
5,536,63.913334342649
6,536,78.5778045145744
7,536,50.2389503843077
8,536,52.1453345313196
9,536,45.5721606263073
10,536,42.2354544888943
11,536,28.5231760962003
12,536,37.4619026315917
13,536,58.5348276071616
14,536,74.7588962288183
15,536,35.8342027367394
16,536,60.1089131587385
17,536,45.1741946788264
18,536,60.7609859381217
1,537,76.5336237734305
2,537,39.7526503801715
3,537,30.2934003671533
4,537,46.66869460274
5,537,59.3023023887088
6,537,63.1473948242912
7,537,56.4551945682318
8,537,48.5687860212645
9,537,89.1855643737304
10,537,63.2872938404855
11,537,45.7054109176014
12,537,52.3407087355659
13,537,60.9749911754561
14,537,56.0277712545779
15,537,49.8567514741992
16,537,52.5374212127398
17,537,56.3353534695006
18,537,43.4746253041471
1,538,47.1684818919206
2,538,60.8272395035096
3,538,45.2837616963659
4,538,58.4861214207381
5,538,38.2922692573072
6,538,62.5291276361782
7,538,68.2208721215127
8,538,44.9170915481227
9,538,34.168526581917
10,538,53.9975349921251
11,538,53.224940305192
12,538,34.4102063381708
13,538,57.9743933023562
14,538,30.6409324465545
15,538,41.6601351101605
16,538,74.7948575899344
17,538,60.6237965883498
18,538,51.4775232260991
1,539,28.5231760962003
2,539,51.1915393573433
3,539,38.7162544020783
4,539,50.6666488270916
5,539,51.7297478906955
6,539,56.0117412643961
7,539,46.5974513280231
8,539,48.3378776760497
9,539,44.5706550947113
10,539,51.7103819549155
11,539,42.8331337993625
12,539,58.0807072482551
13,539,39.7890733850791
14,539,36.5161870186784
15,539,49.1203473753991
16,539,44.9009920187636
17,539,55.933329051155
18,539,34.6307831361554
1,540,53.4385236012997
2,540,63.5904482862105
3,540,40.3928334786665
4,540,60.5450688122469
5,540,61.2920851065546
6,540,57.8698597374989
7,540,38.4364803173982
8,540,46.4915915740538
9,540,54.2612341927509
10,540,35.3918273623298
11,540,40.8575527471578
12,540,56.4018857836153
13,540,65.0665628045296
14,540,54.2971110351334
15,540,44.4690480281268
16,540,43.0069873375758
17,540,79.9812145204877
18,540,46.1908683861239
1,541,59.3180789045678
2,541,38.1504336677718
3,541,39.309436385689
4,541,45.5199081238902
5,541,54.7059879424008
6,541,61.8507125372956
7,541,50.2623101015418
8,541,56.2270274384177
9,541,48.9743535070515
10,541,54.5155059165975
11,541,35.3861079181019
12,541,50.8442245458173
13,541,47.7106017365978
14,541,47.9729407138936
15,541,43.1447111150393
16,541,76.2467501902354
17,541,40.9228594203515
18,541,46.8619346591065
1,542,40.9474497839532
2,542,46.9273244096903
3,542,56.2427423906514
4,542,29.2481463379854
5,542,47.9765624778699
6,542,46.7081746780794
7,542,38.0142385580576
8,542,48.2188738534861
9,542,53.5222457270889
10,542,53.3802421672544
11,542,44.3966992504525
12,542,87.8754224200671
13,542,46.321210572463
14,542,34.0313550148946
15,542,43.8905193842169
16,542,63.2958888033024
17,542,41.7979865137156
18,542,49.3431893851689
1,543,45.5458439373086
2,543,42.4823879563442
3,543,69.0559654259238
4,543,32.0088162917663
5,543,49.9066279913691
6,543,48.1229852169639
7,543,70.9959519850275
8,543,49.444259859072
9,543,64.4517931554325
10,543,53.1175964649788
11,543,40.9580697429573
12,543,54.9976400506375
13,543,38.3789337065011
14,543,37.6183120246511
15,543,67.3142629415358
16,543,52.7958570458018
17,543,34.164569284319
18,543,43.2445549212344
1,544,58.1280501136653
2,544,53.6611473458711
3,544,45.0364742951866
4,544,39.876231280821
5,544,47.0076330167412
6,544,62.4881575399711
7,544,43.721470243067
8,544,63.3103656366566
9,544,58.764242931367
10,544,47.0960925849512
11,544,32.2637378425477
12,544,41.0653132022813
13,544,58.7581248123975
14,544,77.8931416681224
15,544,61.3537000768118
16,544,39.4893256306032
17,544,53.1114559552111
18,544,45.6238307726007
1,545,43.7635738110123
2,545,38.4502299616123
3,545,41.6564860412387
4,545,61.5021047931969
5,545,79.1216493468595
6,545,58.6204830233158
7,545,37.7300759544315
8,545,42.2603974716121
9,545,83.6201199873513
10,545,44.842094948439
11,545,41.4476097593285
12,545,44.8800525290155
13,545,89.1855643737304
14,545,54.6769991660604
15,545,46.7629905139336
16,545,65.3078731597835
17,545,35.7701477378386
18,545,48.7475687620115
1,546,59.4520341618887
2,546,38.228232324055
3,546,44.5927673796194
4,546,55.5683922818332
5,546,35.8113478974056
6,546,30.7201254722579
7,546,46.7464687686279
8,546,82.1530892176279
9,546,41.3571634462903
10,546,35.8807612175933
11,546,48.6908534556663
12,546,67.6239751752292
13,546,39.929618848345
14,546,58.2501087942685
15,546,46.8428209263275
16,546,31.1381776376259
17,546,49.4323099234587
18,546,54.4953364171739
1,547,47.5544196047792
2,547,51.7237028662282
3,547,40.6489242343256
4,547,42.3782649147803
5,547,48.5273053258764
6,547,69.1046213188125
7,547,36.1653832719102
8,547,41.4574656263298
9,547,49.6328133952605
10,547,37.1821346268036
11,547,36.2631479140167
12,547,46.7716854263391
13,547,44.4611831884366
14,547,57.3721053271327
15,547,45.6443146704897
16,547,35.0873231393102
17,547,89.1855643737304
18,547,44.5703245652051
1,548,89.1855643737304
2,548,39.9889143339876
3,548,57.1608961245708
4,548,42.8895265785081
5,548,64.9556461155504
6,548,43.1088822992832
7,548,49.9630795527613
8,548,57.1883935505648
9,548,46.2544326993332
10,548,42.1808370315756
11,548,47.7343706694178
12,548,31.9726760178926
13,548,47.7425084199535
14,548,44.1997475518159
15,548,50.4274002081508
16,548,33.9085335918264
17,548,58.3078674941206
18,548,49.3947329151112
1,549,38.6571905119036
2,549,68.3291902265626
3,549,48.4869105755116
4,549,33.0549167730176
5,549,73.0179731556835
6,549,43.6011007596719
7,549,52.5653921505467
8,549,74.3083617210431
9,549,58.7215322104557
10,549,50.9060214536273
11,549,53.4729628938993
12,549,44.2397637060051
13,549,62.307070512151
14,549,52.7675578379836
15,549,43.0973341200769
16,549,44.0555019707521
17,549,57.0716463867689
18,549,39.8711366990892
1,550,59.6453441759741
2,550,61.4485016117126
3,550,39.6194800164428
4,550,67.1380751602562
5,550,46.0656037576106
6,550,71.438908456714
7,550,55.656556575017
8,550,35.0531138123924
9,550,59.6690252645046
10,550,41.2459122010944
11,550,44.9256396828468
12,550,55.0036612805302
13,550,64.6091507260818
14,550,44.6759838054332
15,550,51.7189151398282
16,550,34.4081309450881
17,550,30.0296467014187
18,550,31.8073279881875
1,551,41.2606921578206
2,551,64.2866953196238
3,551,39.9644756933563
4,551,39.6366444234842
5,551,46.7397934470976
6,551,38.4691249095409
7,551,57.884441605854
8,551,52.6655151789658
9,551,59.3221161323285
10,551,40.0075499758145
11,551,49.0572524694566
12,551,50.2734692009167
13,551,55.4153853363081
14,551,51.6283807965543
15,551,42.0023210858561
16,551,59.9122941121705
17,551,54.7910984664854
18,551,48.7384053112067
1,552,45.2343030313325
2,552,60.6633856386072
3,552,76.5819866288197
4,552,71.6219930523812
5,552,44.8302278676784
6,552,48.8538739742477
7,552,44.7239528035382
8,552,52.3392170640792
9,552,46.2665951862451
10,552,75.1227272146841
11,552,46.1181215625051
12,552,45.0626749357212
13,552,48.7712871107012
14,552,47.930209932638
15,552,59.2220692427561
16,552,57.098141878699
17,552,34.207877298887
18,552,42.7463371185878
1,553,45.1768389088324
2,553,63.0484746823153
3,553,49.9101470706799
4,553,56.6153278772471
5,553,49.2153105234269
6,553,45.0931292402372
7,553,58.9251071277891
8,553,88.2935171678823
9,553,50.2449148465659
10,553,28.5231760962003
11,553,39.7680766412241
12,553,47.480331935887
13,553,34.3967254829834
14,553,54.163800093566
15,553,43.5382103002963
16,553,59.389137939322
17,553,63.0613526743578
18,553,32.3120309732487
1,554,57.5004527408027
2,554,63.4950959957229
3,554,42.5335098608243
4,554,40.0713924214113
5,554,31.3756067373127
6,554,63.3526860624607
7,554,83.1113294349734
8,554,48.7637485894645
9,554,65.5891292861479
10,554,67.541733286936
11,554,51.4059450736055
12,554,50.6500948628343
13,554,82.4785293798531
14,554,45.0069460446732
15,554,37.6692822824756
16,554,67.7217067237994
17,554,43.3898381195369
18,554,35.0779020974051
1,555,46.23499306659
2,555,40.9003754905802
3,555,39.4192387722324
4,555,86.9699449184371
5,555,50.2833792251394
6,555,57.4254052533387
7,555,30.0878834174765
8,555,51.4305235052086
9,555,32.4254848097337
10,555,56.2585209451054
11,555,59.794622333987
12,555,45.2297880972089
13,555,44.0409589323083
14,555,69.133505021244
15,555,38.5023440287635
16,555,54.0647947029922
17,555,56.5136713439936
18,555,59.9979286974694
1,556,48.7461629129744
2,556,52.1253703580486
3,556,39.6030997285993
4,556,62.9998922350146
5,556,43.4803102159802
6,556,39.1285343913433
7,556,45.8894807784126
8,556,41.7472709131619
9,556,65.1555807586084
10,556,42.9016359169065
11,556,89.0986630146363
12,556,48.1720580487957
13,556,62.7935348837826
14,556,43.7073178869888
15,556,52.9715792843404
16,556,65.9923778954983
17,556,70.0886930905257
18,556,47.4077774060791
1,557,34.0317543158481
2,557,46.6604360821873
3,557,46.9183484389315
4,557,49.7920954593911
5,557,65.3139465228754
6,557,39.3125715949386
7,557,33.7697312298034
8,557,60.5016996553603
9,557,49.8176508294628
10,557,54.682540095022
11,557,36.3652052661004
12,557,42.2862863183905
13,557,47.5525877256751
14,557,83.3049603869889
15,557,76.2930181946228
16,557,50.596625322107
17,557,64.9286136588292
18,557,43.7112377587808
1,558,45.7747995637289
2,558,49.0867713874913
3,558,35.578040306497
4,558,50.0705180578193
5,558,53.0718194352862
6,558,38.2463448016628
7,558,35.1249408318843
8,558,89.1855643737304
9,558,44.6885556050114
10,558,55.956803989952
11,558,44.24811980288
12,558,73.0178897027644
13,558,45.7910796360574
14,558,56.1348096790978
15,558,60.1469703721666
16,558,44.0428238049736
17,558,43.0165842036372
18,558,64.9359675763726
1,559,69.1142086189543
2,559,52.884491180497
3,559,36.9820756063749
4,559,61.264846281751
5,559,41.8515336373713
6,559,48.2041886947377
7,559,69.7985638454136
8,559,33.6771349300285
9,559,60.0895343882423
10,559,53.8511716580611
11,559,53.5537062045286
12,559,53.4506311215229
13,559,46.6156755101374
14,559,52.047589020725
15,559,46.2185997115817
16,559,53.265922863854
17,559,43.1923031523155
18,559,54.1297645387139
1,560,71.7016440840575
2,560,39.9114170150497
3,560,44.7119369294565
4,560,43.7589688135329
5,560,66.5858983976522
6,560,46.2688497657228
7,560,63.6875813035188
8,560,49.4976572161061
9,560,42.9312431931894
10,560,61.3856098067508
11,560,42.8893383444465
12,560,44.6850997698127
13,560,44.7136669229198
14,560,63.2365916339985
15,560,83.6848827594194
16,560,36.1886369700442
17,560,40.6937946977675
18,560,39.0156617839761
1,561,36.7978113806467
2,561,52.4380363660598
3,561,51.9910202921705
4,561,45.8221486319809
5,561,44.3523590610831
6,561,58.4299660514069
7,561,30.5889675637105
8,561,68.8673876370056
9,561,51.4992892247489
10,561,61.6879280855856
11,561,49.1871072926406
12,561,50.484609987665
13,561,46.7959013789335
14,561,43.7918303187762
15,561,64.0350140798572
16,561,51.2116717988517
17,561,37.3366616246502
18,561,55.4292634796352
1,562,40.3802298807847
2,562,29.7220970346011
3,562,48.7243530153436
4,562,48.9632539302248
5,562,56.0124808164659
6,562,69.9107117743472
7,562,62.5563801113799
8,562,41.6447066910705
9,562,57.5296049304374
10,562,51.0950611735394
11,562,56.6183326950316
12,562,45.6343655280754
13,562,42.6089285019275
14,562,64.3371257341181
15,562,51.5252793879521
16,562,59.0812204754116
17,562,42.9336168504891
18,562,28.5231760962003
1,563,44.7779277340679
2,563,51.9347699695516
3,563,81.63029547233
4,563,49.7839622372077
5,563,28.8715142006276
6,563,44.6374745807954
7,563,39.4711772484301
8,563,56.6661535772118
9,563,47.1500756921027
10,563,58.6070306339429
11,563,62.4105589422598
12,563,40.0673559982837
13,563,64.8013920493964
14,563,42.1098483368236
15,563,47.9837062175829
16,563,45.9763549849118
17,563,30.130822830168
18,563,45.996974226254
1,564,30.3535913444538
2,564,34.8961063258237
3,564,52.655167022009
4,564,54.4005103436856
5,564,59.1842280649755
6,564,42.7163063273674
7,564,56.58441040027
8,564,66.2389526663884
9,564,44.8775983349081
10,564,57.5249927021612
11,564,33.4753189605532
12,564,45.7124836608436
13,564,50.0564813682508
14,564,56.7612373036758
15,564,40.0182275920055
16,564,47.125496834946
17,564,51.612279894096
18,564,62.4456786916097
1,565,60.8215035865883
2,565,48.1971150504676
3,565,53.8360030975669
4,565,53.7908507207606
5,565,41.4919440254276
6,565,89.1855643737304
7,565,52.7681820811525
8,565,56.360250758611
9,565,36.3264943472308
10,565,47.3684193830385
11,565,48.035761968289
12,565,60.9937823222803
13,565,56.4972832578203
14,565,47.7283467790359
15,565,56.3763508567495
16,565,55.0016634262239
17,565,64.5889721440841
18,565,66.0436529790695
1,566,56.6934469338675
2,566,37.948730053103
3,566,46.535734470794
4,566,45.8971791895239
5,566,72.6978470753369
6,566,47.6525846104478
7,566,42.8396395116323
8,566,80.9720149370047
9,566,73.3715023728575
10,566,48.7950203235406
11,566,56.7680297599358
12,566,38.0449075594493
13,566,57.8003652665207
14,566,43.7589083682573
15,566,48.4354713701435
16,566,40.9462400221613
17,566,29.9460427069976
18,566,35.7357128507711
1,567,61.5185654439837
2,567,36.1671819198951
3,567,43.3897457372654
4,567,39.7878749273736
5,567,48.4282956396667
6,567,57.9187295498032
7,567,46.2002093130479
8,567,39.7525712697426
9,567,57.9237453378213
10,567,51.5679270409324
11,567,71.0037888805331
12,567,49.1062240837506
13,567,64.0372814825924
14,567,45.7283182744632
15,567,62.9173590587387
16,567,51.4425776073344
17,567,44.061442102708
18,567,51.0272248502591
1,568,53.1656742881828
2,568,75.5418731667198
3,568,64.2900781133166
4,568,45.307969779114
5,568,49.7117805534069
6,568,60.376232981501
7,568,34.8650378692092
8,568,52.8295845800448
9,568,53.2245342906881
10,568,66.7150592171129
11,568,58.4803596461074
12,568,60.5076022722559
13,568,55.3283389823775
14,568,62.1430560836505
15,568,89.1855643737304
16,568,51.7538999535133
17,568,63.0559912598195
18,568,66.3423701695954
1,569,36.9927579304348
2,569,49.2535838605619
3,569,45.7695325169819
4,569,41.225607216566
5,569,41.4152811426454
6,569,43.0707763494498
7,569,42.9748675458049
8,569,62.6851107827332
9,569,59.146453919616
10,569,49.2444547633392
11,569,50.3251194030756
12,569,78.8644861152286
13,569,36.2993742955141
14,569,52.4275895258777
15,569,58.7349816732876
16,569,53.4172205931962
17,569,45.0360585248091
18,569,56.0483711766253
1,570,47.8903299698382
2,570,43.2588618538228
3,570,50.043019330313
4,570,52.4145135760388
5,570,50.4886624568586
6,570,66.8002164027912
7,570,62.7756805265221
8,570,61.4990662440797
9,570,42.7181392258777
10,570,62.3345422487109
11,570,50.8066312287159
12,570,61.5707633845129
13,570,54.6670742427363
14,570,45.0468730374244
15,570,52.6103563019961
16,570,43.9015005872278
17,570,46.413060038027
18,570,75.7209382881999
1,571,70.5928068822565
2,571,45.3239234670225
3,571,44.5650547834266
4,571,67.2364005307657
5,571,50.0135262595283
6,571,54.4156833996127
7,571,49.403729460612
8,571,66.7579825393113
9,571,53.8288925650357
10,571,47.3505027233608
11,571,61.842362339329
12,571,63.05784786547
13,571,56.6461217357873
14,571,72.4447895523877
15,571,45.4352147264378
16,571,47.8451874076143
17,571,45.0911973142786
18,571,62.5530228190784
1,572,49.7351042550416
2,572,47.3343295805558
3,572,28.5231760962003
4,572,51.7733610358224
5,572,48.285128179666
6,572,89.1855643737304
7,572,38.1750744563841
8,572,61.1832784952831
9,572,57.5975464252827
10,572,49.8778979683644
11,572,55.3964501849908
12,572,62.0269608142335
13,572,47.7167348426821
14,572,43.1450998409377
15,572,43.2097007018815
16,572,29.5161324464804
17,572,47.3835626075556
18,572,49.9939118886636
1,573,69.6443057060244
2,573,57.0315685115846
3,573,61.9361038616211
4,573,38.0410876111476
5,573,56.7284955605762
6,573,41.1744966772596
7,573,53.6211368165253
8,573,75.2289575642343
9,573,36.4826459661877
10,573,49.949562010201
11,573,49.2429375923928
12,573,58.2561282471049
13,573,82.1510987128364
14,573,29.4125464386812
15,573,66.5486040339854
16,573,42.2446969020184
17,573,51.2210009954201
18,573,65.2380292384954
1,574,72.6661790721426
2,574,71.5972856543972
3,574,76.9799356155054
4,574,30.2825014552813
5,574,43.8765315253042
6,574,46.474236934875
7,574,57.6496807866637
8,574,40.1121767734446
9,574,44.9126774796401
10,574,49.8276519575819
11,574,32.2334023045265
12,574,55.0523423367428
13,574,49.528256353429
14,574,63.7836140529976
15,574,38.9094648105482
16,574,49.2253065147746
17,574,65.9352828565347
18,574,32.1092857813593
1,575,60.1920269033525
2,575,49.1582215837989
3,575,36.5366599722725
4,575,41.9604551943535
5,575,40.3609232225899
6,575,52.9630332168953
7,575,73.5778592603019
8,575,53.1514768777491
9,575,44.0171225603735
10,575,46.5011267467632
11,575,56.176475647787
12,575,51.1885501084681
13,575,57.9492710364511
14,575,51.7650157951384
15,575,50.6391133135672
16,575,37.8935398356746
17,575,37.7983806977686
18,575,39.4959001030246
1,576,49.5592099257988
2,576,49.1019778586698
3,576,84.0612233996407
4,576,66.9830281356132
5,576,66.7780476893269
6,576,59.4776016765073
7,576,46.5879073719962
8,576,55.2584950885578
9,576,49.1656721261604
10,576,40.1524796226578
11,576,54.2391943557957
12,576,41.010209791712
13,576,89.0790500902627
14,576,46.6368383739904
15,576,49.8354520564197
16,576,37.5594548304726
17,576,36.6163843295457
18,576,58.9352824830239
1,577,56.9034359046263
2,577,68.6406070505805
3,577,40.9361074912404
4,577,44.2313292346462
5,577,88.3747000141083
6,577,61.2423617695923
7,577,50.553264169901
8,577,45.0669741529904
9,577,44.3545877616351
10,577,41.9779215392347
11,577,61.5834787411199
12,577,47.9527490866547
13,577,47.4516717040998
14,577,38.2838559987285
15,577,78.3691493507798
16,577,55.4273202072777
17,577,42.3853242337108
18,577,48.3737536280872
1,578,41.1359559505728
2,578,45.3113227356349
3,578,41.1253527551171
4,578,61.8737892059735
5,578,60.8772282652499
6,578,62.1995331098547
7,578,47.1870437026815
8,578,43.785428569717
9,578,28.5231760962003
10,578,59.1525034144239
11,578,40.0516992176558
12,578,76.061114752602
13,578,47.3961960564531
14,578,51.671205461042
15,578,63.1884535698557
16,578,42.6928846954648
17,578,55.8423143894809
18,578,66.8045035142748
1,579,52.921724058284
2,579,78.0603169630756
3,579,45.3952202309693
4,579,61.5538900793384
5,579,59.7796141347648
6,579,52.9506527707861
7,579,68.7430767082309
8,579,48.4655903323787
9,579,48.2172489047484
10,579,51.7897477515231
11,579,59.196357331293
12,579,40.4491022731053
13,579,37.0444848142609
14,579,39.3413697509842
15,579,44.3352595906412
16,579,61.8485260698896
17,579,55.0996897074174
18,579,51.0603034367864
1,580,61.0018122520971
2,580,65.146277467051
3,580,34.282444414163
4,580,48.7043259954449
5,580,47.6612504465454
6,580,68.6716314435392
7,580,45.5896871618384
8,580,51.8997756295797
9,580,66.1024862427106
10,580,71.0559020927812
11,580,60.5617714399595
12,580,49.5396646865204
13,580,54.5652226851086
14,580,30.2071874441758
15,580,35.8898084837644
16,580,33.5589534801936
17,580,64.8083385327021
18,580,60.8068132404185
1,581,65.5837666201086
2,581,60.0096797905976
3,581,47.8714234277274
4,581,56.6717971527604
5,581,58.6970721228439
6,581,68.0938783324197
7,581,41.6189339924255
8,581,54.6221264768828
9,581,36.5530542780091
10,581,32.0910546511624
11,581,34.736664782031
12,581,31.4601641967272
13,581,40.5705435340518
14,581,36.8929099955988
15,581,77.982112846875
16,581,60.455403148089
17,581,47.2649303280838
18,581,45.541331782794
1,582,71.6584893730887
2,582,53.4015559782413
3,582,41.5843102155441
4,582,48.6498804894011
5,582,50.6793908148216
6,582,48.8418483496553
7,582,86.0028082560851
8,582,63.519925100949
9,582,57.8726451305844
10,582,44.2598469559068
11,582,72.9874977823609
12,582,61.2193827101452
13,582,33.4645392436733
14,582,42.5261560726225
15,582,74.2666517446348
16,582,31.8998125603098
17,582,45.0778189162899
18,582,51.8253388333275
1,583,38.1104761435223
2,583,68.0844752219986
3,583,43.9583010719486
4,583,45.5161504612198
5,583,34.026606315844
6,583,50.3979696569708
7,583,43.5163204205304
8,583,45.0540422664294
9,583,47.5772879383258
10,583,65.9237477001869
11,583,42.6478419111488
12,583,42.968677201509
13,583,51.1340138245572
14,583,54.4076873814236
15,583,32.2058849981852
16,583,35.9999805729974
17,583,50.6978885202513
18,583,61.9925384810113
1,584,52.7657528217764
2,584,43.2349293697858
3,584,47.6768765510563
4,584,63.4497514247843
5,584,60.3454121155171
6,584,37.9325082644696
7,584,63.7033215105332
8,584,42.7144488577422
9,584,57.6835676239079
10,584,48.5115037341357
11,584,48.1561277461569
12,584,57.6761854559849
13,584,89.1855643737304
14,584,49.7698048949611
15,584,41.2238188926076
16,584,64.5077858702761
17,584,46.5501882001922
18,584,49.6294766403069
1,585,39.9851094550479
2,585,55.7424467151991
3,585,35.4344772703037
4,585,37.6440745527452
5,585,56.1696416438929
6,585,69.9524157406967
7,585,62.2545466549367
8,585,60.2423628806489
9,585,34.3718504598238
10,585,56.0125436819214
11,585,42.1074930669123
12,585,50.9438141410778
13,585,69.3677207288895
14,585,34.5330325493984
15,585,62.1630717477988
16,585,32.2445578943267
17,585,35.9091362053222
18,585,52.9568204280496
1,586,74.5262790856518
2,586,43.778381720161
3,586,40.3020767671335
4,586,49.9126673787682
5,586,63.8718115108984
6,586,61.6788333286739
7,586,49.0744307767
8,586,63.9805480924489
9,586,52.415775144791
10,586,49.2335879672339
11,586,50.6888922295367
12,586,66.1208593686111
13,586,41.3387268765278
14,586,39.1812060863134
15,586,46.5260678653372
16,586,48.8400319619427
17,586,57.6420022727391
18,586,55.2340385785138
1,587,77.2205700097701
2,587,46.7822717356081
3,587,79.6239132450431
4,587,70.4855801426792
5,587,61.4408817025201
6,587,54.0609143929872
7,587,52.7486178009345
8,587,32.0076806321315
9,587,34.7681161737137
10,587,41.4133216231769
11,587,51.1880557891927
12,587,68.0610928953957
13,587,39.7807126744777
14,587,54.0348800976199
15,587,29.6619784685663
16,587,89.1855643737304
17,587,47.8494109438921
18,587,31.7074564777312
1,588,64.5836411496404
2,588,67.6085432297386
3,588,60.4950048784732
4,588,62.9311676794288
5,588,47.6135710983029
6,588,69.0975256624542
7,588,47.3942649416993
8,588,31.6637576992508
9,588,79.4868826985284
10,588,66.9568237196395
11,588,59.9300565109912
12,588,36.8610113294133
13,588,62.7577717512457
14,588,48.5354925663307
15,588,66.5972053685126
16,588,80.7292853542811
17,588,44.385816603146
18,588,57.026659021296
1,589,69.8449043259046
2,589,65.5508635998713
3,589,50.7802911157971
4,589,43.6976652247072
5,589,58.422887151179
6,589,59.174071880252
7,589,41.0364109092476
8,589,34.28515919607
9,589,57.4371402752054
10,589,49.9007257020722
11,589,41.811090146569
12,589,50.2023548666373
13,589,64.0193296225532
14,589,53.7547985511802
15,589,47.7907888820065
16,589,42.2494899418448
17,589,50.8045000606174
18,589,47.2614852425196
1,590,50.5842957657002
2,590,61.1671049038292
3,590,64.4562328696542
4,590,35.6576826683999
5,590,57.2524323115542
6,590,45.7592243511985
7,590,58.1772394445781
8,590,29.7645198809828
9,590,89.1855643737304
10,590,49.6564999552051
11,590,47.6868190898876
12,590,53.5727036172187
13,590,40.3998149360123
14,590,50.4961044843595
15,590,55.7167374768465
16,590,46.2538235366626
17,590,62.6826431842074
18,590,44.7857835233625
1,591,57.7452346004504
2,591,47.0148370293007
3,591,32.5472322110732
4,591,54.103462604735
5,591,51.6006425873143
6,591,60.1376801958782
7,591,74.1792341861697
8,591,50.5991927468396
9,591,67.5909541943703
10,591,50.6290850857188
11,591,44.3051641790858
12,591,44.6822015309764
13,591,63.4729272831682
14,591,50.6273004820587
15,591,60.4038412620568
16,591,51.5389928459962
17,591,39.9178710918275
18,591,51.6500475119944
1,592,40.2066913364375
2,592,30.7421796816965
3,592,40.3852269949473
4,592,35.089303810214
5,592,37.4884253452252
6,592,42.0649039891102
7,592,60.7898091325011
8,592,45.3465256979762
9,592,44.7868228308145
10,592,38.248662993722
11,592,48.3787955156732
12,592,63.2432351934842
13,592,60.5757423869042
14,592,60.2302126257592
15,592,55.9930126347343
16,592,37.5872825656172
17,592,53.4772289039098
18,592,43.2808146181601
1,593,47.956314511353
2,593,66.590728782591
3,593,51.1419443113301
4,593,55.1592030069122
5,593,56.0338530978755
6,593,57.0699370244447
7,593,38.6687627555901
8,593,55.0540150837872
9,593,61.4608320323627
10,593,39.647384107461
11,593,44.2377423519398
12,593,30.4911818817214
13,593,53.6203693171383
14,593,48.6191943849428
15,593,38.1496646873507
16,593,44.8459039792117
17,593,35.4668190105357
18,593,62.2080863752141
1,594,41.6584025229353
2,594,57.0381623042719
3,594,47.0413462525306
4,594,55.7675298013634
5,594,42.9238903702843
6,594,62.2619833781599
7,594,49.0889790652573
8,594,56.0976635406725
9,594,56.234367725194
10,594,60.108033222908
11,594,51.0207599529755
12,594,55.6433318826549
13,594,43.8239400909524
14,594,29.6212573673031
15,594,62.9335863765603
16,594,51.0228663147583
17,594,41.2281675094376
18,594,40.1732378942095
1,595,49.4211667413075
2,595,31.7891253965632
3,595,68.2204269592276
4,595,47.4291059580206
5,595,51.2029578694223
6,595,55.6630175667342
7,595,33.5640048144133
8,595,74.4966965739284
9,595,76.1710784888706
10,595,34.2480799197827
11,595,36.8998630350627
12,595,54.0633678623172
13,595,59.9189227966952
14,595,28.5231760962003
15,595,89.1855643737304
16,595,39.8321042412407
17,595,47.228015719192
18,595,49.6672077122607
1,596,45.5418867756899
2,596,43.0500363069048
3,596,50.8474886992243
4,596,70.803165173583
5,596,69.3552971237378
6,596,36.1002348601912
7,596,44.5507502462839
8,596,76.5403262712805
9,596,73.0587040644354
10,596,39.1702541654029
11,596,78.7917450026144
12,596,39.5300226719891
13,596,43.0762509730684
14,596,52.6661803276849
15,596,47.8869229456315
16,596,31.843886164059
17,596,37.241020130841
18,596,61.1771268403741
1,597,28.5231760962003
2,597,55.8950481859735
3,597,35.541757940838
4,597,48.2783087881723
5,597,49.7012251099856
6,597,67.9815005262689
7,597,44.7378277054009
8,597,43.96611309568
9,597,61.5142719100419
10,597,45.5526843783133
11,597,56.4958575420726
12,597,64.3792635396667
13,597,41.9006955436211
14,597,60.1359234681901
15,597,45.8660581762979
16,597,56.2823058969351
17,597,45.2515823037155
18,597,74.6382439289249
1,598,64.0042463185264
2,598,47.852324801142
3,598,28.5231760962003
4,598,68.5721292381427
5,598,47.9980628753122
6,598,36.2958557842042
7,598,51.6199805792807
8,598,50.42064388282
9,598,44.8736374054732
10,598,64.3683104068406
11,598,40.9196793517584
12,598,52.4271072844332
13,598,37.0039741381873
14,598,54.9426432447744
15,598,54.1691252862481
16,598,35.0317389414884
17,598,45.8756022078967
18,598,59.3041646950943
1,599,67.093934080602
2,599,57.2725563261903
3,599,46.0781039909249
4,599,85.4923872485106
5,599,44.779818274655
6,599,37.8934827975302
7,599,42.6572177240396
8,599,69.5138660329035
9,599,45.504319955825
10,599,56.9728782807869
11,599,74.6665878649877
12,599,46.1958097466405
13,599,42.8155712385953
14,599,44.543976142533
15,599,89.1855643737304
16,599,41.5575190649955
17,599,54.1993653984837
18,599,62.0985738705087
1,600,38.1106859173011
2,600,55.589043359245
3,600,63.2113868006828
4,600,49.930951613811
5,600,41.3460874425803
6,600,47.855674095076
7,600,54.8460827006245
8,600,44.3846365442601
9,600,59.3361514677525
10,600,47.2110496330008
11,600,42.7846143627987
12,600,72.1622041445051
13,600,35.300898511459
14,600,54.2254349739742
15,600,47.0576825128671
16,600,48.8732720037222
17,600,48.9379743157119
18,600,41.1521703923982
1,601,43.001714030207
2,601,44.3140140586313
3,601,63.0520249069395
4,601,63.4505151292262
5,601,60.4690850457273
6,601,62.7140296812022
7,601,85.5058489423187
8,601,89.1855643737304
9,601,45.0065195212708
10,601,32.9956611836572
11,601,57.2445554544977
12,601,42.0136945894888
13,601,54.870986551293
14,601,38.0283859214153
15,601,56.650885173064
16,601,37.3376773697319
17,601,80.2916267384089
18,601,40.1459606521968
1,602,65.8700094667245
2,602,40.024126028326
3,602,55.2422570144248
4,602,44.9605839939181
5,602,59.1364391193567
6,602,69.4117109350139
7,602,76.4145553821655
8,602,53.067505874586
9,602,38.3769203124843
10,602,41.8804575865754
11,602,80.9644018555338
12,602,51.7482065194974
13,602,45.1642536016835
14,602,56.8006994916027
15,602,35.5691375676138
16,602,45.3118058604784
17,602,41.07433370542
18,602,28.5231760962003
1,603,56.2709461951159
2,603,44.032641785803
3,603,52.9720880925806
4,603,61.7643940549863
5,603,49.6293494128873
6,603,64.0722522534598
7,603,40.1181663392047
8,603,50.478912821154
9,603,39.2989032058533
10,603,68.676151422625
11,603,60.7709645688645
12,603,37.2892967927547
13,603,58.654688585429
14,603,55.5500000589278
15,603,58.7509427484765
16,603,84.6879606346481
17,603,41.288714398161
18,603,53.577748869662
1,604,61.077312720472
2,604,48.3598805627933
3,604,45.6949772660756
4,604,54.5877145467369
5,604,61.2432047837332
6,604,37.6326251574356
7,604,48.1609660946705
8,604,47.0510609590524
9,604,50.7829591898388
10,604,73.4716593918943
11,604,40.9713379213475
12,604,48.5629488030246
13,604,34.5407219261086
14,604,43.0072507685576
15,604,48.2906906022617
16,604,45.378945953074
17,604,43.4220519735334
18,604,54.6458717278577
1,605,49.4047892999172
2,605,42.3449119643735
3,605,38.0830260737186
4,605,59.3900301990471
5,605,38.2629217249127
6,605,61.4865971255574
7,605,48.9936697383818
8,605,55.3664182982408
9,605,34.2555355346945
10,605,49.7808109327162
11,605,52.5825842498775
12,605,77.7004893023564
13,605,64.2026765978132
14,605,45.3917946939489
15,605,84.6337942506802
16,605,36.4751308319744
17,605,55.2569262144821
18,605,54.3925355246691
1,606,64.8010613232133
2,606,56.8770238598755
3,606,49.3641052108808
4,606,45.0754424929781
5,606,36.3582735107012
6,606,66.8089752704426
7,606,49.8990634569234
8,606,43.2798220555564
9,606,62.7506121081591
10,606,60.9551178830282
11,606,53.6723613735856
12,606,33.5235814466148
13,606,56.3133026667413
14,606,89.1855643737304
15,606,34.9936442613602
16,606,43.51680654059
17,606,66.0917241488205
18,606,52.2006482597784
1,607,55.9144910438853
2,607,54.366881897819
3,607,45.8768114783065
4,607,57.8635720131221
5,607,53.179793564592
6,607,38.7825280397536
7,607,32.9865381194419
8,607,49.8013429306658
9,607,29.412355778361
10,607,44.0084866979353
11,607,48.9971857316996
12,607,89.1855643737304
13,607,28.5231760962003
14,607,63.7136233218672
15,607,42.2031423509044
16,607,31.182006651106
17,607,37.0057082584152
18,607,57.736343175613
1,608,47.7460743458504
2,608,50.7806281372018
3,608,45.5235899650883
4,608,48.5617984095515
5,608,34.9584424921249
6,608,62.1328979635878
7,608,67.0216078468681
8,608,59.2976664707336
9,608,37.1191134550005
10,608,46.4116458550839
11,608,57.9590197256879
12,608,56.8394812262327
13,608,29.1067163404367
14,608,34.752926090801
15,608,41.7580639093189
16,608,31.9323743008932
17,608,61.5726603322156
18,608,45.6347505209743
1,609,63.0687945603392
2,609,48.2068968283009
3,609,68.9433165762039
4,609,28.5231760962003
5,609,41.9875151933715
6,609,62.5535832008841
7,609,54.0603900892922
8,609,47.0803104593789
9,609,72.0847847485351
10,609,45.7413699102178
11,609,89.1855643737304
12,609,49.7998843898688
13,609,41.0675662662114
14,609,48.2604337769385
15,609,59.5084091515263
16,609,68.4729980647511
17,609,63.5169402805448
18,609,40.4443101318071
1,610,31.3747100712796
2,610,57.4564166664832
3,610,51.585192680856
4,610,76.2756078309865
5,610,54.6042242135437
6,610,70.6790913925947
7,610,47.4476997039677
8,610,49.7157978837293
9,610,47.9382756308589
10,610,72.9162237252084
11,610,59.9823809709872
12,610,42.7582379332022
13,610,51.3787282099385
14,610,40.7758323828953
15,610,28.5231760962003
16,610,42.3701569884039
17,610,44.9185636475854
18,610,43.7200839805689
1,611,61.5725081055465
2,611,34.5345249274705
3,611,46.426115518177
4,611,54.1050078632518
5,611,51.692909197096
6,611,43.2220536259109
7,611,67.3330922383033
8,611,89.1855643737304
9,611,50.502307931198
10,611,51.9613469937273
11,611,69.7372610140996
12,611,60.126739317526
13,611,57.3204053797541
14,611,37.0749693777644
15,611,45.2833729456868
16,611,36.6083411993615
17,611,39.653353750993
18,611,38.9702818892935
1,612,62.3285113113338
2,612,34.2164091681508
3,612,53.5225919532013
4,612,45.5322811150471
5,612,53.6406728327484
6,612,37.1970030261114
7,612,60.2096346042691
8,612,53.8018138542382
9,612,59.0758932963975
10,612,41.5689583877123
11,612,39.2699365177488
12,612,33.7368270577758
13,612,43.399438866402
14,612,41.0665745050988
15,612,51.470528025789
16,612,47.5849144127236
17,612,56.517626790421
18,612,58.0903710880203
1,613,50.2500593011195
2,613,59.8874132912171
3,613,69.0190106277054
4,613,58.2441281834281
5,613,63.8289029506296
6,613,71.717889534251
7,613,54.4607892543304
8,613,49.6248581224302
9,613,57.0011951034564
10,613,56.2102531381508
11,613,51.7273157484279
12,613,43.3246819068685
13,613,57.9652048949962
14,613,41.0300646242038
15,613,43.4221872787556
16,613,46.9910775659498
17,613,42.0360368891456
18,613,47.164123630153
1,614,89.0043297200555
2,614,63.1838176764382
3,614,41.7000466748377
4,614,89.1855643737304
5,614,43.2489751657832
6,614,52.9125251655736
7,614,68.0534580332129
8,614,66.515479098616
9,614,64.5718914044365
10,614,40.8201082457229
11,614,36.1913625334686
12,614,70.6091244289757
13,614,49.4842690803923
14,614,53.3526769331096
15,614,56.0417852009585
16,614,32.8260377167387
17,614,48.6840968966805
18,614,62.2980119759044
1,615,57.1041157737409
2,615,67.9555239176304
3,615,45.0982604137607
4,615,49.242837748636
5,615,50.6338762767129
6,615,47.122648337737
7,615,44.8189231886405
8,615,39.746601517204
9,615,47.1856810308357
10,615,36.3767107919939
11,615,35.0921853183899
12,615,44.0255787751299
13,615,36.4571984234165
14,615,87.3757453984641
15,615,54.561678173802
16,615,62.4417781910039
17,615,44.2715679833631
18,615,34.8556183679273
1,616,44.6723212179541
2,616,66.758060126949
3,616,65.1073276416917
4,616,41.0132815435451
5,616,31.1606733730524
6,616,46.0381119887894
7,616,46.686237059708
8,616,61.3755515906609
9,616,43.1307267960625
10,616,34.3274321366666
11,616,59.1363855799616
12,616,41.8283571834148
13,616,54.1637675682279
14,616,47.9352767687603
15,616,45.0367546644285
16,616,54.0405875303363
17,616,56.604863000063
18,616,40.005652316914
1,617,46.7067137779416
2,617,65.1834624673482
3,617,47.0036593282913
4,617,34.8755128334478
5,617,37.6866137093732
6,617,60.1900453408139
7,617,44.9254780045959
8,617,52.5244572597366
9,617,72.1517030187743
10,617,66.4248339830068
11,617,51.6940462857396
12,617,46.7755537688085
13,617,54.1149276691852
14,617,43.3596806478511
15,617,52.3080394567699
16,617,64.5433193414016
17,617,43.1302005952684
18,617,63.2116908101109
1,618,62.1243709806441
2,618,59.7008656523269
3,618,58.749034645711
4,618,44.8718094309041
5,618,62.7305815603767
6,618,56.7640644337168
7,618,28.5231760962003
8,618,54.3318529348736
9,618,57.1152309394807
10,618,54.2354524993377
11,618,49.3310491858486
12,618,58.1319012673501
13,618,43.9670781465601
14,618,68.906468582982
15,618,55.8526819674654
16,618,44.8336805129756
17,618,61.7823368989712
18,618,69.2046352967244
1,619,41.4849056211618
2,619,40.3157393260325
3,619,41.4343456634507
4,619,31.6267236475254
5,619,47.4036139051893
6,619,33.663033941317
7,619,67.2340348938386
8,619,55.6845342613087
9,619,46.1082151936748
10,619,39.3536706330085
11,619,59.1167246980282
12,619,56.6021495734011
13,619,47.0307176116995
14,619,73.2793378789492
15,619,32.6592386185414
16,619,49.9475117416066
17,619,52.7202372133683
18,619,58.0972979119706
1,620,38.9200101041592
2,620,62.8931974732776
3,620,45.0334136587144
4,620,60.4694174067486
5,620,44.6208514998448
6,620,38.4459016143339
7,620,36.8992594484784
8,620,66.5477447594474
9,620,50.5527455391008
10,620,36.8349375354242
11,620,48.6226908256874
12,620,41.5625341038781
13,620,36.156479697347
14,620,53.9024144270463
15,620,43.2351395883738
16,620,40.7846815501048
17,620,67.0133576618894
18,620,52.4626100451227
1,621,55.310868296385
2,621,73.4468057308041
3,621,52.8177810100038
4,621,34.861393953839
5,621,55.8394585869454
6,621,72.4892131519896
7,621,44.2440952753632
8,621,89.1855643737304
9,621,53.2076975676135
10,621,53.3069817190397
11,621,55.5919301043913
12,621,65.2370538461614
13,621,39.2923540755704
14,621,70.8448211622965
15,621,72.8936145595198
16,621,71.257699193786
17,621,54.8772056936113
18,621,28.5231760962003
1,622,50.13429914541
2,622,58.1981910378913
3,622,60.902383040414
4,622,53.5464889572261
5,622,70.7346759351537
6,622,61.4800217685333
7,622,50.1692473921751
8,622,43.2343971911019
9,622,40.465181458942
10,622,70.5224240728697
11,622,53.7084713410606
12,622,69.6776131325508
13,622,31.3416706838163
14,622,42.6540634739525
15,622,30.4341658754266
16,622,57.5523989880002
17,622,60.878336996158
18,622,41.2258781873968
1,623,63.3920105904764
2,623,66.8017358501931
3,623,67.1397649963759
4,623,41.1243630487928
5,623,46.8227921068704
6,623,67.5964141160095
7,623,50.6500115094392
8,623,74.7783185466295
9,623,67.5605473504441
10,623,65.0575877589153
11,623,38.9985061761563
12,623,60.8749833334528
13,623,51.2928907185509
14,623,70.1979958095409
15,623,40.0116568947909
16,623,51.0053259408905
17,623,54.8732181870615
18,623,56.5000596213565
1,624,46.1325407160757
2,624,80.6319810216503
3,624,56.2313096546349
4,624,38.1484679111617
5,624,28.5231760962003
6,624,51.3898083342487
7,624,60.8250169930866
8,624,59.3772808768653
9,624,50.4778367949129
10,624,45.7806298873096
11,624,46.3845572356234
12,624,60.8625470257175
13,624,46.1882292887457
14,624,73.6641784989149
15,624,44.1126923075415
16,624,80.3595219573664
17,624,54.8109917665031
18,624,51.0393898353601
1,625,35.7357563283486
2,625,65.7292967932561
3,625,48.742541751361
4,625,42.1446117409515
5,625,38.3801492422434
6,625,50.0634342532582
7,625,44.8455724882374
8,625,63.5704337858674
9,625,55.0481966815979
10,625,39.1451283178711
11,625,44.7138629357837
12,625,49.7019681855509
13,625,53.6559343251679
14,625,42.8456487944254
15,625,68.0626637832184
16,625,44.4936854612404
17,625,48.5334618058011
18,625,54.2498274870809
1,626,52.5720226174314
2,626,41.6178173047967
3,626,50.813051199915
4,626,64.2760892239914
5,626,35.9348059492747
6,626,42.0685471518456
7,626,69.9633315488658
8,626,77.1985774329724
9,626,56.1904996511267
10,626,28.5231760962003
11,626,57.927681740702
12,626,49.2805597769373
13,626,61.0390300056903
14,626,47.3086102654644
15,626,37.7123162744999
16,626,44.8161773515906
17,626,47.6162274996517
18,626,41.5928455058647
1,627,61.6378043124709
2,627,49.9054503113459
3,627,51.1909220417226
4,627,42.0014491412556
5,627,58.7587760704205
6,627,48.8324090337376
7,627,63.8543274254702
8,627,45.3739516594953
9,627,45.7803827534356
10,627,48.6246384584757
11,627,38.1069491730477
12,627,70.6744655827743
13,627,75.7624827108093
14,627,43.8117361206489
15,627,54.6440657005443
16,627,52.9700149135246
17,627,48.3439877361914
18,627,54.4466036943498
1,628,54.1825859326364
2,628,44.5045081797669
3,628,48.2910845738677
4,628,57.5325739007397
5,628,56.3118055653924
6,628,39.74575668649
7,628,71.997901105099
8,628,51.5083131315178
9,628,64.0141947320565
10,628,42.9777086415644
11,628,45.0936691210597
12,628,52.1731688067874
13,628,54.5587813021225
14,628,56.5852364998243
15,628,57.1671095100296
16,628,40.767065012269
17,628,61.0865682286644
18,628,47.366218589798
1,629,54.3614095968937
2,629,31.1779961308257
3,629,51.1062741869349
4,629,50.3880376358847
5,629,45.5291791425822
6,629,63.365132804269
7,629,45.0765526674117
8,629,70.3292256001214
9,629,45.6682823744131
10,629,50.5864158637814
11,629,43.5316351371912
12,629,58.2838306410794
13,629,59.33467797286
14,629,54.963127607349
15,629,41.7025336620684
16,629,39.726005040485
17,629,50.3313525127961
18,629,42.798330847228
1,630,44.0071206571185
2,630,65.5717414005862
3,630,57.8253093318226
4,630,78.767568315925
5,630,58.3611768209097
6,630,49.7543132419265
7,630,36.7581163621093
8,630,61.7023052954856
9,630,40.989551890857
10,630,68.8794499281057
11,630,82.6801141001974
12,630,40.0185859804994
13,630,40.4325792728475
14,630,61.6611079470931
15,630,48.7708758839716
16,630,63.1777624484891
17,630,60.9437371214508
18,630,49.9315454700268
1,631,41.0152036320975
2,631,68.0165196872435
3,631,42.5995934916168
4,631,63.2374981804142
5,631,60.6374896094829
6,631,30.4314473846639
7,631,31.5067873980854
8,631,41.0289857630035
9,631,74.4014364804813
10,631,44.1748809808499
11,631,47.1797643624189
12,631,44.8612973031161
13,631,28.5231760962003
14,631,69.1505920566861
15,631,61.7708211631271
16,631,53.1892906181604
17,631,36.7959338990191
18,631,69.4945692074515
1,632,58.6102777384855
2,632,58.3539097864648
3,632,60.9649794072274
4,632,51.5678113060006
5,632,58.8414079739514
6,632,51.3077789214247
7,632,65.4244487700003
8,632,58.3648264744429
9,632,58.9173051852148
10,632,59.6448727595523
11,632,46.2504729014418
12,632,58.5176353117331
13,632,64.8701889897081
14,632,55.2256793349466
15,632,39.9842376389682
16,632,44.0509016204919
17,632,42.9312436787737
18,632,62.5935362062514
1,633,55.3917184158365
2,633,44.575144463448
3,633,66.3363089973137
4,633,54.6622842492519
5,633,52.7347756240684
6,633,49.3270628791079
7,633,33.6383577288781
8,633,89.1855643737304
9,633,42.7329071272155
10,633,48.2488322097145
11,633,42.6331084860627
12,633,59.4405090557046
13,633,56.7395244936419
14,633,45.7955497968497
15,633,46.6717097300347
16,633,32.6532876325679
17,633,69.6601070786473
18,633,43.2976747778502
1,634,46.1910070055303
2,634,58.2670004783741
3,634,43.7071152721115
4,634,44.4851537526431
5,634,31.8204314277189
6,634,46.4028672009502
7,634,36.0627753149679
8,634,60.8979357190121
9,634,48.8852742774652
10,634,50.7515879133901
11,634,75.1184422046145
12,634,28.5231760962003
13,634,46.940502016995
14,634,47.8327477751108
15,634,60.6426572034419
16,634,39.6092740407692
17,634,45.241144397148
18,634,43.2078991512215
1,635,54.0890790091212
2,635,49.8535064640965
3,635,56.0883691078502
4,635,43.9152989576285
5,635,46.7046637884034
6,635,48.3216842424045
7,635,47.3470317920956
8,635,37.2602564662351
9,635,76.55522265515
10,635,68.7751507646272
11,635,48.5114850869554
12,635,50.7713742100043
13,635,42.139087167161
14,635,54.1033205246282
15,635,35.4079720058087
16,635,56.7004150383076
17,635,30.803919385813
18,635,39.0171230327811
1,636,80.5510976128542
2,636,49.2195928069925
3,636,47.1151840912092
4,636,48.7576882615427
5,636,44.2242525671639
6,636,63.1262000669993
7,636,47.3539662171041
8,636,59.6532936759788
9,636,78.0556317431362
10,636,73.0773081975262
11,636,44.7836398046364
12,636,49.6132571357346
13,636,60.8689784999743
14,636,41.3570696456389
15,636,39.5598342894436
16,636,54.214304785651
17,636,70.3404342336992
18,636,46.6250771556995
1,637,52.1842614055498
2,637,33.4663573566213
3,637,64.7139967219317
4,637,43.6442921577308
5,637,55.8292847581338
6,637,39.635093123561
7,637,43.0080232221048
8,637,85.7381006609865
9,637,80.4576841065586
10,637,41.5341948377367
11,637,60.2442249118547
12,637,41.4795846628346
13,637,45.4557292787891
14,637,62.0604198509506
15,637,48.506852477983
16,637,72.6570852356142
17,637,65.5472828879523
18,637,34.9640742782087
1,638,41.5025821832384
2,638,40.1345982105048
3,638,60.7806405572013
4,638,42.4059147521875
5,638,39.581364021646
6,638,46.9131253904514
7,638,40.9635275466535
8,638,41.6727624400507
9,638,67.1462629662283
10,638,39.0853667358448
11,638,33.2663538575189
12,638,66.9684394949387
13,638,72.8120208388129
14,638,68.9239331865204
15,638,44.4491346593127
16,638,66.8154488002788
17,638,46.8452426798081
18,638,54.1117539413403
1,639,38.7840247151953
2,639,60.2315046817951
3,639,35.1494008190503
4,639,37.7342104178944
5,639,35.5236825445461
6,639,68.0992837077774
7,639,32.7360692995371
8,639,56.5348981298225
9,639,62.8332270906503
10,639,71.1675391336184
11,639,81.0228210988132
12,639,35.693884882995
13,639,64.3702007112147
14,639,35.6586109852049
15,639,49.5123265965955
16,639,63.2320346927289
17,639,43.8119969964761
18,639,51.7074716024292
1,640,77.8740349907799
2,640,52.180929399599
3,640,42.0927481114461
4,640,57.7427847131283
5,640,41.2220719930849
6,640,48.1914903286388
7,640,61.426861470244
8,640,40.9812162547739
9,640,70.7004196695675
10,640,64.967686965499
11,640,48.685095921849
12,640,60.0736228002136
13,640,69.2028236824791
14,640,35.8146042077165
15,640,58.3821732730193
16,640,35.975326793375
17,640,45.1654843591876
18,640,72.1468547375686
1,641,59.3703145917486
2,641,77.2169053255462
3,641,58.2247016755355
4,641,63.1351062489361
5,641,28.5231760962003
6,641,35.8397447911526
7,641,53.6512851898334
8,641,29.222467953796
9,641,46.1772853901631
10,641,43.1195650456562
11,641,56.0530846604024
12,641,50.5004931980775
13,641,63.0677274430746
14,641,42.7486292351097
15,641,51.2459216694574
16,641,37.0075735340526
17,641,58.5318246273463
18,641,37.406316069896
1,642,59.8089570221523
2,642,89.1855643737304
3,642,49.6757025118191
4,642,57.716674562534
5,642,67.026559125536
6,642,56.551096700184
7,642,68.7481000982463
8,642,39.8024977163672
9,642,32.1435156929023
10,642,57.2919615090598
11,642,48.5333416463181
12,642,45.0929100254977
13,642,52.3955493288496
14,642,38.7130646982529
15,642,38.0746102611284
16,642,65.443147140834
17,642,66.1171995460093
18,642,47.7143153811224
1,643,68.303520431305
2,643,59.3286727844143
3,643,53.3411629485904
4,643,32.6569655901494
5,643,66.1121679086656
6,643,74.784168629028
7,643,52.6766946604384
8,643,48.9857837240243
9,643,51.8504981619229
10,643,51.3686979350877
11,643,35.7778242450898
12,643,41.3607333539185
13,643,67.3915643828187
14,643,49.150269606131
15,643,46.6580072524207
16,643,58.984072950047
17,643,67.8405123206348
18,643,41.1062685901464
1,644,50.9301949803573
2,644,43.379183780561
3,644,53.6107524862956
4,644,72.2681907526562
5,644,67.6222803376561
6,644,53.3945276283277
7,644,48.7341443241623
8,644,43.8237294641412
9,644,31.1550474773422
10,644,39.0149171993679
11,644,52.5830630641938
12,644,35.3497756008673
13,644,56.0219620694919
14,644,56.4985576949809
15,644,41.4288228203596
16,644,53.1659855243019
17,644,58.2442794108448
18,644,37.9351075729415
1,645,31.3320249484597
2,645,59.1814301086776
3,645,67.1652466232625
4,645,81.9932115359636
5,645,56.0004080233021
6,645,34.6698020592553
7,645,38.4632939934684
8,645,44.8131237777176
9,645,61.1313737835815
10,645,54.2268406662663
11,645,47.9671450992715
12,645,39.9927566857753
13,645,59.797170709816
14,645,62.1228556928425
15,645,63.5918042661464
16,645,36.1731600925853
17,645,62.1322900925476
18,645,36.8761975230205
1,646,55.5428078680354
2,646,66.6674825373629
3,646,42.789663559513
4,646,62.3438622335843
5,646,45.4379946890554
6,646,54.1222023039818
7,646,86.6821282443339
8,646,49.2305827963472
9,646,41.626770883525
10,646,45.4046297240983
11,646,45.4614799380376
12,646,60.3927577038001
13,646,37.597263176302
14,646,43.0532684237437
15,646,61.0419579839582
16,646,51.7552988037175
17,646,89.1855643737304
18,646,53.2417395373289
1,647,42.5554762820811
2,647,39.6104790028646
3,647,68.1043627131727
4,647,41.5031451182556
5,647,52.0445881986364
6,647,42.9733639504252
7,647,66.8213686656628
8,647,59.2403704331454
9,647,51.3731213983111
10,647,71.701450540442
11,647,34.3948173461726
12,647,48.5957136184503
13,647,36.4794316123449
14,647,53.0753563629109
15,647,61.997555695645
16,647,54.7314491368538
17,647,40.7428265644203
18,647,46.2470642916459
1,648,43.8602110470933
2,648,45.0414974075768
3,648,47.7118024788261
4,648,59.8687672955127
5,648,39.1468385968484
6,648,44.9254562208225
7,648,70.759561444233
8,648,61.0782353430815
9,648,61.3298305343758
10,648,69.0549384010556
11,648,53.6410638300615
12,648,62.9258227976492
13,648,44.0482233314615
14,648,38.0613766689883
15,648,39.832325467918
16,648,41.4781942183178
17,648,34.2671992540817
18,648,64.542856844859
1,649,42.4435652320615
2,649,32.6780033247623
3,649,38.5787514660278
4,649,37.8184537554467
5,649,31.5502206633853
6,649,55.671501158125
7,649,53.0508455059925
8,649,32.6214826777656
9,649,74.0890404172437
10,649,42.5152228125057
11,649,44.4796789764706
12,649,44.7391680928946
13,649,28.5231760962003
14,649,54.1442799413432
15,649,47.7608084823493
16,649,46.241823547136
17,649,59.4710718141695
18,649,54.129741274862
1,650,42.8825207134996
2,650,46.4447964676089
3,650,34.0778494505872
4,650,89.1855643737304
5,650,38.779537027355
6,650,42.2147649726602
7,650,74.5961508856154
8,650,54.4223405883978
9,650,36.3273204651233
10,650,56.5298111668521
11,650,42.9973465744678
12,650,47.2634597612909
13,650,62.4955891582689
14,650,39.2802774556085
15,650,40.4484796105935
16,650,50.8592254019281
17,650,36.6661833997085
18,650,49.8374174749617
1,651,34.3966239595604
2,651,41.6101672030387
3,651,80.5977426971481
4,651,57.5512383975704
5,651,48.3362925886911
6,651,37.8711399679576
7,651,60.8112107902167
8,651,38.7409220292569
9,651,44.2922907467422
10,651,38.7404869171728
11,651,42.9198178979343
12,651,61.1483953705674
13,651,43.0663588405147
14,651,71.9924636433721
15,651,53.0841518285487
16,651,50.0646615511273
17,651,36.4717897888489
18,651,54.406595640343
1,652,49.0395303120492
2,652,58.6687012784349
3,652,39.6579199667046
4,652,75.3872109537121
5,652,54.6964078942781
6,652,39.9389036887193
7,652,50.8885936533443
8,652,51.3729763034264
9,652,54.2624930459319
10,652,35.6009772073516
11,652,61.6374131702051
12,652,39.9321818301066
13,652,44.2336496166373
14,652,56.9604041887484
15,652,45.2744340995477
16,652,48.0893570745859
17,652,40.8356424526596
18,652,40.9908865397486
1,653,58.0738798561987
2,653,63.5356541242902
3,653,37.9060125809299
4,653,42.191481102087
5,653,42.8467488555196
6,653,33.2195414846705
7,653,47.594213397138
8,653,53.159521056812
9,653,49.604434799331
10,653,46.3881300328576
11,653,58.5887165591812
12,653,89.1855643737304
13,653,28.5707030592367
14,653,32.7755381904486
15,653,53.5024498011281
16,653,71.8395656880909
17,653,34.376116782957
18,653,48.9105963193403
1,654,67.6613648999631
2,654,62.1635352775962
3,654,51.5056626367984
4,654,50.6275850754413
5,654,58.200118723731
6,654,47.6071821536557
7,654,74.8834015177175
8,654,43.8202146858562
9,654,42.5839528176944
10,654,63.1167458781773
11,654,55.4054232468255
12,654,68.7981712192861
13,654,30.0139158649182
14,654,48.469412943045
15,654,45.4690997508773
16,654,45.8255839934957
17,654,64.3969454401899
18,654,35.6943219144405
1,655,51.7342199236443
2,655,66.1230653736266
3,655,59.4638691286611
4,655,32.2554302769722
5,655,44.2894414841843
6,655,39.572700110217
7,655,40.0811674122778
8,655,40.6510069982659
9,655,59.6592382579943
10,655,38.9462134872153
11,655,60.8850620994657
12,655,50.5017558522893
13,655,37.5257863810226
14,655,53.259742436752
15,655,66.0983562111098
16,655,54.7193898512714
17,655,63.3911628221958
18,655,54.973858061203
1,656,51.7416118579079
2,656,29.8277842764599
3,656,64.034954810894
4,656,34.3920219520069
5,656,35.9458427524969
6,656,56.4031249597958
7,656,55.5232489041985
8,656,54.3235586565244
9,656,75.4157413219236
10,656,63.2327812699603
11,656,43.3651483740377
12,656,38.5013855494285
13,656,72.6786231260691
14,656,46.9993430671092
15,656,49.9037722397153
16,656,67.4010386159253
17,656,45.5774439918445
18,656,45.2666692586805
1,657,41.6275135968166
2,657,60.2102873262842
3,657,40.7551405379793
4,657,29.7673659410936
5,657,38.707300811911
6,657,48.7460807791433
7,657,39.9211472226218
8,657,53.6925498280532
9,657,54.1125344446547
10,657,33.9501715633372
11,657,47.1164377588344
12,657,62.4393350419617
13,657,55.0818490241357
14,657,51.4649890197987
15,657,32.5288362829873
16,657,51.8510422045327
17,657,70.2553528826196
18,657,67.9581904900433
1,658,44.7899247896451
2,658,62.5490659724317
3,658,62.1253376310843
4,658,70.5331868269252
5,658,61.1513336146441
6,658,35.612157365268
7,658,60.2925551311667
8,658,30.5056445414309
9,658,65.819885343848
10,658,68.4632297018397
11,658,53.2331672413875
12,658,31.3251470046737
13,658,64.9748953813474
14,658,62.7189937735268
15,658,68.6651082000414
16,658,48.2154406469586
17,658,49.5437670978216
18,658,69.5365832555964
1,659,57.7995166920048
2,659,38.5699192247163
3,659,58.4534870199531
4,659,55.5635634134994
5,659,59.3295178814644
6,659,56.947887253344
7,659,56.9007099525811
8,659,60.0663062528238
9,659,46.7243843531822
10,659,71.0748537017443
11,659,40.3541651543652
12,659,56.9178921748108
13,659,30.7932553992378
14,659,51.0883031189475
15,659,49.6209347019524
16,659,44.2741604552365
17,659,34.2823079750539
18,659,31.3004164205882
1,660,48.4698283545143
2,660,32.486518396835
3,660,48.8402312663822
4,660,39.2665884493053
5,660,64.1296237166155
6,660,60.3476380327341
7,660,43.7628815081541
8,660,63.146442822551
9,660,82.174407268697
10,660,59.7990342151087
11,660,56.0314150908978
12,660,42.8201012919421
13,660,40.8088827719381
14,660,48.9232697263132
15,660,60.3182377977947
16,660,40.1526280060015
17,660,41.1033037050841
18,660,44.4292555283839
1,661,42.457865232194
2,661,48.5491254628858
3,661,37.7224907841127
4,661,34.7861721142527
5,661,71.3216116975931
6,661,57.819201140253
7,661,54.5958201398668
8,661,33.8697263988953
9,661,28.5231760962003
10,661,63.1788082938503
11,661,59.259118675996
12,661,57.3147469055106
13,661,59.8015560532696
14,661,62.2296859342863
15,661,50.7838787055149
16,661,34.1408916974599
17,661,48.3793878958676
18,661,73.801060119621
1,662,43.5497734697546
2,662,38.6486218186783
3,662,31.7093027577606
4,662,54.248026252979
5,662,59.6862506495809
6,662,62.2696612833358
7,662,58.0159169844904
8,662,63.9949231240555
9,662,69.0003365905181
10,662,44.8200026561154
11,662,41.35217654376
12,662,60.6585160870063
13,662,77.7180408003626
14,662,51.3334235675078
15,662,62.2838585975673
16,662,63.777891713448
17,662,44.839919875503
18,662,51.9557570633917
1,663,55.7663832891104
2,663,59.4274333633002
3,663,45.1380926696047
4,663,37.3297061132564
5,663,59.0097800289317
6,663,34.8120571871646
7,663,44.7307831246819
8,663,64.1151845292507
9,663,44.616262254131
10,663,52.6345020915819
11,663,40.7773242222381
12,663,53.7640725351369
13,663,59.9188652454614
14,663,66.2231303599892
15,663,57.8407303434837
16,663,48.6859959679576
17,663,40.540071692213
18,663,46.9734252367285
1,664,59.709862125058
2,664,76.4085884072634
3,664,53.4125843213992
4,664,44.2139794724537
5,664,37.96216070297
6,664,46.2338716491775
7,664,73.5443550371771
8,664,35.2121762905055
9,664,39.3078301656472
10,664,54.1191696564101
11,664,28.5231760962003
12,664,70.1702057925172
13,664,47.0592140251746
14,664,47.3849849515537
15,664,57.5476516154249
16,664,89.1855643737304
17,664,39.3605784546218
18,664,42.641012771715
1,665,57.4685039444058
2,665,34.2395720134411
3,665,49.678579223732
4,665,52.9695600470976
5,665,53.2690727190158
6,665,50.8195198783501
7,665,59.4361930688867
8,665,45.7745917045886
9,665,53.0977099367091
10,665,63.0601119911889
11,665,57.7956944795738
12,665,52.8430255819971
13,665,51.3939051371199
14,665,89.1855643737304
15,665,47.0701952050629
16,665,47.324152227729
17,665,53.1616149046867
18,665,63.4822463662919
1,666,50.0567155042749
2,666,50.6499608853124
3,666,41.636154237435
4,666,70.2942046969727
5,666,45.4619512529846
6,666,54.1253708591776
7,666,67.0786704981869
8,666,33.639950943028
9,666,69.6480062417344
10,666,57.4237222587184
11,666,47.1789003285992
12,666,58.5651828572346
13,666,43.6198170840902
14,666,50.044901938852
15,666,41.1533502566799
16,666,56.3615116576529
17,666,47.0502808259195
18,666,47.4374385049922
1,667,70.4842841681791
2,667,71.7840443995443
3,667,42.345689661322
4,667,61.7964023592983
5,667,56.4853653712796
6,667,60.0187280748268
7,667,58.4196213056058
8,667,43.4256487378362
9,667,50.1848128352867
10,667,42.7844737035079
11,667,46.5774690261058
12,667,44.3957490162499
13,667,48.3613435192847
14,667,60.9047589783459
15,667,37.6227057809996
16,667,55.6771098651124
17,667,52.8645842596658
18,667,63.3181572368849
1,668,34.3972448032625
2,668,57.2396590702241
3,668,54.3062565187289
4,668,44.5558735342206
5,668,51.6903680952655
6,668,45.8136776977845
7,668,75.1765901621577
8,668,53.9998081970799
9,668,48.6077273048875
10,668,49.4184622942451
11,668,43.3273163699725
12,668,53.5416862904877
13,668,39.6651153935534
14,668,52.5313898420495
15,668,31.9123172686786
16,668,46.7422341713494
17,668,65.5671207480707
18,668,45.4332106403736
1,669,58.9973349150795
2,669,82.7416212326625
3,669,64.3287592412468
4,669,58.5513144513527
5,669,60.5957968495746
6,669,36.0288235621357
7,669,40.138436886381
8,669,82.2060558062872
9,669,44.1472239068435
10,669,66.1540132654131
11,669,56.4222408237818
12,669,36.6254259395071
13,669,59.9022685745125
14,669,44.2094604812504
15,669,45.0202212580997
16,669,43.8425356661038
17,669,64.1245309374926
18,669,60.3109285862796
1,670,56.8355088075094
2,670,59.4873013302698
3,670,31.8767068070918
4,670,49.6439299410175
5,670,43.5784720422481
6,670,41.6692081660042
7,670,41.0627484006195
8,670,45.6121162993132
9,670,41.1746289251541
10,670,38.8998675473637
11,670,34.8888958726342
12,670,79.0210698672628
13,670,56.2375731519484
14,670,51.4137111371847
15,670,70.2252996077501
16,670,39.1679539589397
17,670,50.548094945033
18,670,63.8316816306468
1,671,45.0158800863638
2,671,36.6968758425222
3,671,43.5783715645825
4,671,41.9323392781528
5,671,56.0442655237595
6,671,62.2035954108082
7,671,50.4025677737566
8,671,45.8426275674053
9,671,28.9995297092916
10,671,47.3201680068683
11,671,59.1128539993906
12,671,39.7471813291601
13,671,53.4105820700406
14,671,52.91879169184
15,671,37.4316099496726
16,671,71.8589915274587
17,671,57.0792676175466
18,671,61.4503452571243
1,672,44.5762103592343
2,672,72.0895004616434
3,672,43.588755450531
4,672,52.5957523340328
5,672,36.6470492004948
6,672,41.4450202665603
7,672,48.6258492515603
8,672,59.8960748793054
9,672,44.5395428161763
10,672,42.9993373063699
11,672,49.9131888857046
12,672,32.538899870798
13,672,38.666112085185
14,672,34.277919376867
15,672,65.8974726973906
16,672,48.6440364608324
17,672,50.8058460053441
18,672,48.7626814754772
1,673,35.861163689677
2,673,41.5085819821374
3,673,59.8570178663708
4,673,52.3338481341598
5,673,61.7159054381474
6,673,54.3995319908085
7,673,48.8572923386869
8,673,44.9796794882084
9,673,78.8820403553843
10,673,46.4441416512243
11,673,47.3080030959954
12,673,54.3776056738198
13,673,52.8393294721453
14,673,35.4491447204736
15,673,47.8315786005693
16,673,57.7147918468708
17,673,37.1533849400813
18,673,66.8829017670661
1,674,38.8337499008512
2,674,31.7912476502129
3,674,36.3183363312509
4,674,67.2429807580359
5,674,64.0645933214943
6,674,82.9268922040014
7,674,48.7494591751542
8,674,44.9764941274193
9,674,64.1016521173476
10,674,63.5955890580882
11,674,32.7636238871823
12,674,48.1862387150854
13,674,48.7144924419781
14,674,33.0356475002712
15,674,47.0607953672606
16,674,40.202755700959
17,674,53.1005852709759
18,674,61.2899524507646
1,675,42.0802814839155
2,675,53.1662489366782
3,675,46.7772244525845
4,675,46.9984300128003
5,675,75.2427592496665
6,675,44.9431868258497
7,675,52.6687459403636
8,675,45.0431657296147
9,675,54.6591564497616
10,675,89.1855643737304
11,675,40.668799330284
12,675,39.1437447965306
13,675,46.100064685969
14,675,40.8223214051629
15,675,47.359565759115
16,675,35.0821453604222
17,675,51.0387328553763
18,675,31.2887016388708
1,676,41.1133940549332
2,676,47.3200656277644
3,676,37.907813446947
4,676,53.837187911717
5,676,38.7429516832483
6,676,49.0096213631174
7,676,53.5734395640105
8,676,40.8866652076038
9,676,41.1835917657924
10,676,63.9567548875962
11,676,44.0861566164826
12,676,64.6910747014312
13,676,39.5530389850312
14,676,35.8217414905438
15,676,58.2664255656781
16,676,50.8618123369735
17,676,51.1466119706353
18,676,36.5454084387775
1,677,70.2571303792313
2,677,50.4389417929644
3,677,50.5785849641152
4,677,41.1249049295343
5,677,28.5231760962003
6,677,41.4633335157341
7,677,44.0965488713217
8,677,54.5983852593724
9,677,43.8427807834559
10,677,66.9230713654382
11,677,49.3610226073171
12,677,55.191721910566
13,677,56.8193270559814
14,677,53.5626482478523
15,677,52.9571584087295
16,677,64.9201686745495
17,677,53.8856311097721
18,677,44.7490252572758
1,678,87.3558458812523
2,678,64.3757811373435
3,678,47.5928931568352
4,678,55.4849716171751
5,678,68.1422997286149
6,678,47.1525642641417
7,678,65.7761764457651
8,678,59.6895040301345
9,678,41.685084586774
10,678,33.3183021647652
11,678,65.0196239579045
12,678,89.1855643737304
13,678,72.2881911640585
14,678,52.057262375693
15,678,55.3785852420947
16,678,89.1855643737304
17,678,77.9896023844936
18,678,56.0961124095684
1,679,52.4784078535983
2,679,65.4204749567801
3,679,68.2707460380982
4,679,51.3876872337857
5,679,37.319834610618
6,679,47.0472876994934
7,679,28.5231760962003
8,679,45.087674094654
9,679,43.1893225049804
10,679,50.3593386689702
11,679,31.6162671728486
12,679,33.4045303262284
13,679,63.069669197823
14,679,45.7575748616757
15,679,57.8553852553872
16,679,61.1579517517563
17,679,80.4070791300631
18,679,43.1411273392304
1,680,51.7024418601699
2,680,89.1855643737304
3,680,56.1261456602375
4,680,74.2535655504504
5,680,64.7848863046893
6,680,41.2933749303661
7,680,57.2857903197107
8,680,34.6513642816724
9,680,76.1260992093502
10,680,53.0737386751887
11,680,43.1131542640293
12,680,44.8986893261876
13,680,78.809878727261
14,680,54.2728948963947
15,680,84.2844098717282
16,680,41.5162618402807
17,680,64.2294690655398
18,680,38.552144583257
1,681,46.7044256936886
2,681,69.766725694691
3,681,59.2044050430977
4,681,55.3741671779627
5,681,70.575697041697
6,681,75.3876166310537
7,681,54.2990078909622
8,681,51.2038758710635
9,681,47.2003444337801
10,681,51.3734667091298
11,681,45.7769050146491
12,681,35.7655038752506
13,681,46.212217981849
14,681,42.527175123097
15,681,49.6255187204564
16,681,42.4373209057967
17,681,39.157998857243
18,681,45.3555357805991
1,682,55.1223743726211
2,682,45.39874793727
3,682,35.5182661476812
4,682,60.0273026761949
5,682,39.6079994669309
6,682,28.9076850285392
7,682,48.5890984112205
8,682,47.3429092001262
9,682,50.0738638607705
10,682,28.5231760962003
11,682,41.456148403506
12,682,28.5231760962003
13,682,39.7896049717817
14,682,56.2788574653373
15,682,66.5420565212739
16,682,53.3923914111953
17,682,41.3109208201386
18,682,54.5799833735899
1,683,52.585900555038
2,683,53.8595444797903
3,683,36.3661276880962
4,683,41.2762662884003
5,683,47.3033554545676
6,683,55.4523277794843
7,683,62.0219857947808
8,683,28.5231760962003
9,683,55.0169496227294
10,683,45.2119958274732
11,683,43.5482393864653
12,683,44.4128187035181
13,683,49.5075335737972
14,683,48.3078709010389
15,683,50.5781912069201
16,683,71.5913861591912
17,683,48.5580336373436
18,683,52.4550285620465
1,684,42.5394911164145
2,684,64.5234562771261
3,684,41.7951895397961
4,684,49.8263797961997
5,684,42.4737585335214
6,684,62.0598999846226
7,684,53.4460022909481
8,684,86.0494292184947
9,684,43.1601627352199
10,684,65.9989217482325
11,684,43.1753266582667
12,684,40.9329421702041
13,684,42.513141374433
14,684,40.6095535714619
15,684,43.8943250336959
16,684,55.403304529306
17,684,39.1636952974789
18,684,57.2410353403487
1,685,41.261758474548
2,685,66.1281536742385
3,685,46.5492049426391
4,685,47.5350680474748
5,685,75.5450630415113
6,685,65.8167929613984
7,685,61.1485826067279
8,685,36.6777399324104
9,685,69.4375684343374
10,685,60.2588443626319
11,685,37.1412128359663
12,685,37.1343179004559
13,685,71.8850462777488
14,685,70.0297663938312
15,685,54.9554212903923
16,685,54.7871213034921
17,685,74.0563600285554
18,685,34.7060287015889
1,686,50.2074586555761
2,686,48.2811654174772
3,686,55.9075139057423
4,686,44.9856754072875
5,686,57.2280545324969
6,686,49.9644085032416
7,686,45.1952020105175
8,686,76.6805957761988
9,686,33.7155330138698
10,686,49.8597017493532
11,686,39.8280098534122
12,686,44.1958489605017
13,686,66.2240029909595
14,686,72.8689601285612
15,686,37.2612408228683
16,686,57.6385464488158
17,686,29.6842132824258
18,686,28.5231760962003
1,687,39.7211200055324
2,687,52.3001623761907
3,687,38.2073849364516
4,687,47.7992282471063
5,687,32.4380698775397
6,687,71.7519389391383
7,687,32.0596875325126
8,687,42.2231252034202
9,687,45.028611294536
10,687,39.7276007287064
11,687,45.0108691557597
12,687,43.1865385170853
13,687,46.6883091191624
14,687,33.621338727734
15,687,57.2148480592935
16,687,35.528371263184
17,687,43.5463743691701
18,687,64.2312628919462
1,688,45.5932217785685
2,688,49.1779990295342
3,688,47.712609600028
4,688,47.9817850411801
5,688,70.8855078115187
6,688,80.2113835343133
7,688,38.6037472885553
8,688,54.5397455813316
9,688,43.6215944054156
10,688,44.7612736638622
11,688,45.4272228115122
12,688,36.9156282482618
13,688,49.8753211249879
14,688,56.4909773745491
15,688,56.8794894975499
16,688,40.3211930584853
17,688,60.0259114294021
18,688,34.0878826403269
1,689,34.967107270679
2,689,63.5498045934378
3,689,59.4019604439923
4,689,41.9102650064104
5,689,44.7093625134316
6,689,48.3748449674344
7,689,37.6211021680054
8,689,43.6005607767086
9,689,44.732589473923
10,689,40.2893375679451
11,689,43.8784433483012
12,689,39.8854438880198
13,689,45.1152493242422
14,689,42.0632259312741
15,689,63.3148188820307
16,689,76.0370335419481
17,689,42.2624930730861
18,689,74.035734388719
1,690,48.1163743411155
2,690,34.0526368782316
3,690,42.8767203166004
4,690,57.8796445167262
5,690,46.0093545671417
6,690,62.1884261933814
7,690,48.2346296388775
8,690,30.8526712922049
9,690,33.3501626928204
10,690,78.825411193969
11,690,64.3185932756003
12,690,53.5434798972806
13,690,40.7742907947489
14,690,58.1142104918808
15,690,33.8311152748227
16,690,64.2652457329206
17,690,55.121602332409
18,690,43.4909763477621
1,691,45.5561882907778
2,691,40.0047149398848
3,691,55.8456777170079
4,691,40.3076203743931
5,691,36.0608867955185
6,691,58.3328435087039
7,691,49.2343734663868
8,691,54.4842076541242
9,691,35.8104674032727
10,691,55.7690273388559
11,691,59.5076757843242
12,691,52.802356526821
13,691,37.2606925332516
14,691,66.1334737797845
15,691,45.6623609409837
16,691,65.6022104587248
17,691,73.7046586490022
18,691,52.977593873702
1,692,51.4159512052828
2,692,72.880116166646
3,692,41.0233235613261
4,692,60.7474486671502
5,692,54.9635858120251
6,692,46.6757962630238
7,692,33.797644948839
8,692,64.3857208636652
9,692,60.2196551699036
10,692,48.0455669635921
11,692,55.6533659459783
12,692,39.7412997824114
13,692,53.8876691432146
14,692,45.661191096116
15,692,50.2656560593001
16,692,49.6528634738525
17,692,40.6730802826251
18,692,54.6042768652195
1,693,44.8854825002399
2,693,61.7337648638767
3,693,80.995713092466
4,693,47.6822490071746
5,693,46.3819867714019
6,693,46.5693905601894
7,693,59.5855656232245
8,693,47.067647338869
9,693,53.8791130086814
10,693,39.2803595388027
11,693,56.747167132002
12,693,48.9141097249275
13,693,39.7043718447156
14,693,42.6672132999268
15,693,57.0470991677358
16,693,37.9382954797977
17,693,38.6094065361769
18,693,57.1641275496074
1,694,45.1272778703109
2,694,31.9455124476386
3,694,62.4400250774376
4,694,45.2359738989085
5,694,39.3370046807075
6,694,72.9078167349148
7,694,30.9241773858226
8,694,39.6774661211268
9,694,58.6126291249953
10,694,28.9784365745197
11,694,63.9801081007233
12,694,48.6162939008267
13,694,46.283303351978
14,694,49.4356941325066
15,694,36.5045295806865
16,694,42.7695530878176
17,694,37.7189780810425
18,694,48.7651857553728
1,695,44.2541178869247
2,695,48.6199147371347
3,695,49.1532878006533
4,695,40.5221748994302
5,695,28.5231760962003
6,695,60.3998679189658
7,695,89.1855643737304
8,695,56.0763580008824
9,695,50.282890964296
10,695,73.2432036006029
11,695,55.4375783635128
12,695,37.603159250387
13,695,59.6428803391392
14,695,57.8004853951907
15,695,37.0325111007351
16,695,31.8073616174882
17,695,50.3064783781856
18,695,42.2497025837981
1,696,54.9993246680544
2,696,50.9719356009705
3,696,76.4714969085023
4,696,74.4500468176654
5,696,57.3780752865747
6,696,42.6750205386755
7,696,35.3951967689222
8,696,44.0906245397026
9,696,37.3366048244372
10,696,61.5666584999994
11,696,42.7680091215272
12,696,53.4890044389106
13,696,58.2077683739273
14,696,65.1285792032396
15,696,64.0714854863169
16,696,48.6436239245295
17,696,51.9890173907275
18,696,44.5162437677451
1,697,51.4625318178523
2,697,33.8140017981207
3,697,35.2387908768348
4,697,56.5626558903782
5,697,50.899938175608
6,697,52.5487734542147
7,697,37.8773385160382
8,697,53.7618489576974
9,697,89.1855643737304
10,697,68.9328819218529
11,697,44.0873283902681
12,697,39.9922317289088
13,697,71.9817733672585
14,697,53.0033126814265
15,697,43.9171015116977
16,697,33.4386092022234
17,697,44.7906683063589
18,697,38.7270759322252
1,698,34.010123517577
2,698,58.7904950667873
3,698,60.0913177492482
4,698,56.9304507099168
5,698,53.0997863119376
6,698,40.4871509819669
7,698,55.3161629967167
8,698,60.4556659139682
9,698,52.6218642077027
10,698,84.0079812026524
11,698,42.4458660509822
12,698,58.733721049815
13,698,32.8823775957951
14,698,89.1855643737304
15,698,41.2161101361526
16,698,36.8334586494251
17,698,39.9641342019806
18,698,53.2458009531498
1,699,39.0738086091559
2,699,44.0835428596953
3,699,53.1682622561451
4,699,47.2822405825329
5,699,50.8773782380321
6,699,40.0534523785139
7,699,44.104770909813
8,699,44.571600637715
9,699,74.5615476299451
10,699,46.1304672911277
11,699,42.8687736503758
12,699,59.2341743430166
13,699,61.4594285936576
14,699,50.5803227447423
15,699,63.285042759294
16,699,42.1938883867548
17,699,69.6415454984698
18,699,41.1443809242672
1,700,60.4323251023845
2,700,42.2339704434063
3,700,68.9295912934413
4,700,49.9155601693403
5,700,38.9074483001218
6,700,45.0888251026744
7,700,53.6462751494223
8,700,50.4759830432123
9,700,33.4184858280107
10,700,68.7958800693127
11,700,48.9642325779945
12,700,32.8910202560976
13,700,58.5470469741045
14,700,44.6700092990919
15,700,59.0588557505065
16,700,58.6884361939868
17,700,33.1415905282781
18,700,57.994214508244
1,701,44.0325531205135
2,701,45.5472674290679
3,701,50.3239986030805
4,701,53.1484563130906
5,701,48.8006274062937
6,701,59.9570586819366
7,701,35.9619623843815
8,701,43.9185824054878
9,701,53.4838524240006
10,701,50.7543057591632
11,701,71.1463106749534
12,701,50.5043822077659
13,701,66.7526344978829
14,701,33.4688020202957
15,701,49.5114402934548
16,701,51.0536627423426
17,701,38.8411707709103
18,701,73.5400263463877
1,702,43.2069802244545
2,702,56.8011461393636
3,702,64.0446367166168
4,702,79.1109277717354
5,702,56.6062173040649
6,702,45.2981793140635
7,702,28.5231760962003
8,702,51.052793028341
9,702,45.8206088960571
10,702,61.7369167300999
11,702,72.3235092842484
12,702,33.8521786557503
13,702,51.8932705925251
14,702,39.6103060564397
15,702,65.50359410509
16,702,50.2258095874156
17,702,56.4674402559142
18,702,46.2154719846947
1,703,70.9967264829287
2,703,35.8128902032222
3,703,65.645497576592
4,703,83.2463775847475
5,703,60.465469333922
6,703,48.0115472261411
7,703,45.7535548697484
8,703,48.2097818375726
9,703,51.1361765765848
10,703,54.9651402602958
11,703,73.5761046468699
12,703,55.3874696359257
13,703,53.8942379524098
14,703,55.7586208668874
15,703,67.8285660362638
16,703,66.1198963043118
17,703,43.7066393637489
18,703,51.5897225540984
1,704,46.8843125283857
2,704,41.601065477252
3,704,44.9250716315637
4,704,50.9273942741124
5,704,32.7454565939449
6,704,51.5537909445245
7,704,32.8644588286393
8,704,50.0900036808968
9,704,42.1359995939283
10,704,43.1179995738908
11,704,41.6626854982426
12,704,40.7279303221614
13,704,63.2309868950719
14,704,44.8271179018252
15,704,50.7887454313407
16,704,63.7717708243756
17,704,52.2382454331351
18,704,51.3405029632521
1,705,38.8235843227177
2,705,60.387521469137
3,705,69.9698217604501
4,705,56.6776264593818
5,705,45.4964442561386
6,705,59.535706960799
7,705,28.5231760962003
8,705,42.8609678597572
9,705,51.1281314438028
10,705,82.8399546983633
11,705,37.9061730012965
12,705,42.0289876785578
13,705,44.3543843943615
14,705,44.4632781874265
15,705,52.9573530197569
16,705,55.4220072851771
17,705,44.2497476853073
18,705,51.3752802088822
1,706,51.5669267603224
2,706,39.5514528403588
3,706,35.4164320670389
4,706,52.9614027353765
5,706,48.8593731975625
6,706,48.6522929970079
7,706,73.98006520458
8,706,64.2475862126172
9,706,56.4709117138604
10,706,35.6943775843473
11,706,39.7981775564811
12,706,71.393688782931
13,706,68.1042654899009
14,706,34.7975107068746
15,706,61.2985580560452
16,706,41.240357726853
17,706,72.6101463723629
18,706,48.3634906874575
1,707,56.8812315898144
2,707,69.5868707214157
3,707,66.1950116348951
4,707,49.1512829125003
5,707,66.6993774771143
6,707,43.0033226488397
7,707,54.0890841399601
8,707,43.9772551864818
9,707,55.3161668818343
10,707,36.4500564772167
11,707,57.9867950211518
12,707,67.7100619673679
13,707,68.3718681117915
14,707,48.5547158522103
15,707,88.8644950949611
16,707,43.7365425994986
17,707,54.5083229237533
18,707,36.399981904253
1,708,54.7803043795481
2,708,53.3090666505211
3,708,35.1053168944183
4,708,50.6331788284919
5,708,54.1945093702829
6,708,56.5174366581273
7,708,52.6116508638693
8,708,42.039395272367
9,708,35.9767956237508
10,708,71.7643831541442
11,708,46.4390262485082
12,708,67.7367727775117
13,708,30.9459336544432
14,708,81.8578262335167
15,708,38.6266541803519
16,708,46.8989722805849
17,708,60.9132081789478
18,708,53.3347283539808
1,709,42.1242115948255
2,709,28.5231760962003
3,709,50.6554434042765
4,709,40.4869604604777
5,709,28.5231760962003
6,709,45.425584631778
7,709,55.3732619276375
8,709,42.9778893592604
9,709,49.817171219447
10,709,55.1811586003409
11,709,32.7789898767032
12,709,68.102888065679
13,709,49.2466468380991
14,709,89.1855643737304
15,709,67.6421459931017
16,709,78.3328714852086
17,709,46.7046070570238
18,709,43.7169372453574
1,710,55.8167667116604
2,710,52.6347489063505
3,710,35.4082114769275
4,710,62.7450875771432
5,710,57.9550590320218
6,710,54.9954354947348
7,710,49.778644939181
8,710,42.3533781530325
9,710,39.9416482293696
10,710,39.7292671886698
11,710,28.5231760962003
12,710,79.8536895493983
13,710,64.8798268377837
14,710,39.8119870620607
15,710,48.648252561703
16,710,46.6576611640438
17,710,47.0855933196038
18,710,47.4645628807957
1,711,59.2566494717459
2,711,48.2375755977748
3,711,53.6619105072879
4,711,60.0245646748049
5,711,56.1771549935855
6,711,48.7371838538061
7,711,55.3463848942981
8,711,28.5231760962003
9,711,44.3778790160356
10,711,71.9298787440925
11,711,54.0689335179398
12,711,71.158240147736
13,711,46.3474788240052
14,711,39.2343473399706
15,711,39.930388565541
16,711,50.7665688583712
17,711,36.4416331401542
18,711,67.0508667891203
1,712,53.5699658527263
2,712,46.2448553303066
3,712,67.9796389895798
4,712,53.1761342733202
5,712,46.6697786926665
6,712,33.0156177269142
7,712,35.8690986433442
8,712,44.2363110939873
9,712,45.0936838432185
10,712,53.1501053610274
11,712,36.9313139120625
12,712,33.3914419304893
13,712,42.2442045750433
14,712,70.7776570185209
15,712,42.3411494086787
16,712,52.4303066761032
17,712,49.0276797696147
18,712,42.4493099615531
1,713,39.2008985999492
2,713,42.387525256199
3,713,38.0000398107485
4,713,61.7650680101657
5,713,49.9432961661393
6,713,51.9572062583637
7,713,49.2514935501256
8,713,47.3876789990711
9,713,52.5448085398197
10,713,51.161744749796
11,713,45.3669661457922
12,713,67.1085895808555
13,713,64.2398173452994
14,713,46.5737870853313
15,713,50.4209139065682
16,713,49.7617158029511
17,713,56.1202227457435
18,713,64.6668029386736
1,714,38.4120751757698
2,714,46.5797301625382
3,714,35.2150672182257
4,714,44.6993768889356
5,714,53.8974143373415
6,714,47.3735371626797
7,714,39.8266483941304
8,714,50.065578966828
9,714,44.2932560613247
10,714,48.6439548429525
11,714,45.8088293190768
12,714,42.7604979441955
13,714,67.420345431335
14,714,30.260686707704
15,714,49.861286282413
16,714,54.7074161624451
17,714,45.2056817165121
18,714,48.5277137137554
1,715,50.5701094598063
2,715,51.250236993742
3,715,49.9588854490517
4,715,35.1395915681403
5,715,77.7472447074439
6,715,52.1399540089312
7,715,46.0850020483536
8,715,39.3523921941107
9,715,62.8572018833724
10,715,52.5539508150361
11,715,56.4928841222958
12,715,53.8410305975959
13,715,64.201067633861
14,715,56.2161851883988
15,715,49.8675580664347
16,715,49.4916070152973
17,715,60.5607632712667
18,715,52.6799328247671
1,716,45.1359750386202
2,716,59.3549548704797
3,716,45.9318222399821
4,716,35.9211910738498
5,716,85.9645721844449
6,716,47.6837897444488
7,716,46.1870228878951
8,716,79.0346560438774
9,716,73.5133927970812
10,716,31.8092174543561
11,716,47.2439678539888
12,716,28.5231760962003
13,716,43.6163944794562
14,716,47.8847994085089
15,716,47.6743442575484
16,716,36.6121928654618
17,716,45.0556540238048
18,716,48.037787956895
1,717,39.773263448317
2,717,47.0567128750592
3,717,37.8358063481807
4,717,28.5231760962003
5,717,48.5592891080133
6,717,48.2338995119011
7,717,34.2492818439726
8,717,56.8989541383259
9,717,63.9148590884358
10,717,52.9278000186014
11,717,54.4772090362074
12,717,48.739719391531
13,717,46.7732295709967
14,717,56.0405253981185
15,717,43.7311477753806
16,717,61.2124185698333
17,717,46.4548937508361
18,717,58.8667719282733
1,718,83.357576153722
2,718,50.2045630594418
3,718,42.6478714503478
4,718,63.4349880504083
5,718,44.3114893136521
6,718,58.6012020271916
7,718,44.0481374146039
8,718,50.3265088775904
9,718,52.5043747789976
10,718,45.7302167308619
11,718,76.4744411968482
12,718,46.5511825248166
13,718,50.1269808024329
14,718,59.1361607331315
15,718,59.5633975356215
16,718,51.8073470148638
17,718,48.4782294461578
18,718,64.1461487924089
1,719,54.5918123045798
2,719,63.891171271772
3,719,44.8435367045583
4,719,83.5580996716997
5,719,74.6284307671293
6,719,40.0995188748662
7,719,46.5290434683967
8,719,42.0717603941947
9,719,68.3965786539614
10,719,54.060984972748
11,719,52.4580072497162
12,719,41.6058120693064
13,719,76.9492832406948
14,719,66.5934166150569
15,719,55.523596585143
16,719,75.6805253399878
17,719,52.1847573055856
18,719,45.5793132672762
1,720,28.5231760962003
2,720,40.0519363259562
3,720,32.7484606844152
4,720,28.5231760962003
5,720,28.5231760962003
6,720,43.6977870015308
7,720,54.5834335440931
8,720,40.4471697678591
9,720,52.9112883904629
10,720,38.2780963377284
11,720,68.2545425784879
12,720,37.0204593216817
13,720,65.4041823106598
14,720,47.5308647135306
15,720,36.6091773281972
16,720,56.5987716844726
17,720,70.7590714912164
18,720,47.5054683613482
1,721,57.6836369405848
2,721,50.1539476385017
3,721,52.9685940520843
4,721,46.6477593318237
5,721,44.6586215618514
6,721,40.6170189659106
7,721,50.8315542129526
8,721,40.1884139554095
9,721,56.2422484408401
10,721,49.2606582922735
11,721,29.606000764345
12,721,28.5231760962003
13,721,32.4023464588846
14,721,37.375044157018
15,721,43.803995256769
16,721,54.9981328106882
17,721,36.6668929809213
18,721,30.4106418893049
1,722,53.9418582919098
2,722,52.5399510202932
3,722,41.6156146060705
4,722,53.0083899543586
5,722,46.1075258597666
6,722,74.2607207709177
7,722,47.9437521765215
8,722,38.2647302795219
9,722,61.5806245467543
10,722,62.0619363550369
11,722,62.090749551422
12,722,60.5857466444803
13,722,35.8761182125349
14,722,54.6798481592308
15,722,37.4385923003638
16,722,50.148078628811
17,722,50.3680088844528
18,722,50.0367197434845
1,723,41.8604663887566
2,723,42.5613143710994
3,723,42.0233910424868
4,723,67.1060672092847
5,723,35.6403697665839
6,723,33.0513269265375
7,723,58.9373089128991
8,723,45.1866069843106
9,723,46.31490970239
10,723,73.2639982707258
11,723,28.5231760962003
12,723,39.9169329556055
13,723,49.5357797839353
14,723,58.5601510712428
15,723,64.3679212893668
16,723,70.0972008413754
17,723,53.3393602156671
18,723,57.518188166899
1,724,57.5595648634177
2,724,68.4527650023724
3,724,51.9880066863369
4,724,56.958685870057
5,724,50.3983698983661
6,724,57.8050833653329
7,724,63.6835683882508
8,724,50.114517549699
9,724,43.5674516813947
10,724,38.5790350985963
11,724,36.9742975309441
12,724,38.1968180659666
13,724,49.8533869359692
14,724,36.9380047187977
15,724,28.5231760962003
16,724,74.7035241355514
17,724,65.2076868877903
18,724,50.247624552169
1,725,54.2774608023358
2,725,51.1662615211784
3,725,53.9492866653561
4,725,47.7392884173617
5,725,59.4575849800368
6,725,58.9936142535454
7,725,81.7870753961008
8,725,59.9618524467231
9,725,88.586937472397
10,725,61.5361927726362
11,725,76.057336985962
12,725,56.2212772704244
13,725,51.4451251643685
14,725,55.3137601344655
15,725,72.0653841203285
16,725,57.3291531611087
17,725,61.4189732588559
18,725,30.3529053213784
1,726,46.7242672635355
2,726,54.9558771727543
3,726,46.5893429085205
4,726,53.9679310663515
5,726,64.5037020066974
6,726,60.444360496099
7,726,50.7085847216619
8,726,60.7170196201358
9,726,50.9668882306862
10,726,70.8904282559331
11,726,38.3125454250239
12,726,84.2334384844403
13,726,34.4666700002954
14,726,42.8976179824717
15,726,56.0752985745587
16,726,81.9462463473798
17,726,46.998896227883
18,726,57.3725506617442
1,727,43.3802045145534
2,727,67.1158508269624
3,727,35.6380057191568
4,727,57.2792566558744
5,727,70.9849177926621
6,727,64.2157352295722
7,727,63.2665250270294
8,727,53.0337267591709
9,727,39.9017196516332
10,727,69.9312853003857
11,727,41.5670032419771
12,727,61.9152225811977
13,727,41.9219050942872
14,727,48.7348400816038
15,727,42.4688673564262
16,727,33.009433447896
17,727,53.4755918312072
18,727,64.5620515160755
1,728,55.4916057530344
2,728,54.5888049592572
3,728,42.4267958327049
4,728,75.44774105599
5,728,41.3629386964725
6,728,67.4231104070419
7,728,74.6189396335681
8,728,63.7077717077468
9,728,34.0879517569783
10,728,49.632801560837
11,728,49.6270684100852
12,728,69.0710380109557
13,728,42.8634352739712
14,728,54.3912264622145
15,728,49.8773330868515
16,728,50.065248281951
17,728,53.0064125310357
18,728,51.6638625455262
1,729,61.5578619930213
2,729,44.3153890026307
3,729,80.7557461079477
4,729,67.5510626086611
5,729,50.2841641825605
6,729,39.5109443998922
7,729,49.8278125137964
8,729,50.6078974110235
9,729,56.5279582083686
10,729,49.4556949973149
11,729,36.9193260265933
12,729,74.5954666141224
13,729,42.782038982994
14,729,39.8990755525567
15,729,31.0914183271642
16,729,35.3486364254776
17,729,37.8795481916538
18,729,48.5199385227266
1,730,71.3653412421993
2,730,48.0300976473347
3,730,54.3434212565992
4,730,49.4205735455825
5,730,78.4320669728028
6,730,52.0520386420647
7,730,57.2204276842487
8,730,51.9278445399738
9,730,39.114136376431
10,730,51.5542667329326
11,730,45.1138864899247
12,730,69.6749178444626
13,730,41.7712965384177
14,730,51.4593550761326
15,730,59.2564215352688
16,730,54.2125035951487
17,730,44.1498726563951
18,730,45.7674475285269
1,731,66.5280581808336
2,731,44.7660577822163
3,731,56.1294756058032
4,731,63.6692052269252
5,731,54.5636810884909
6,731,33.8233939648752
7,731,61.207598557927
8,731,74.3429970464979
9,731,54.8531893446573
10,731,53.2571060068199
11,731,57.2153042816847
12,731,37.4707998240352
13,731,48.0616470308874
14,731,44.6646236312592
15,731,78.7230339123851
16,731,70.5348486664733
17,731,61.6832485805602
18,731,44.5306630003
1,732,57.288737888911
2,732,33.9143942237807
3,732,63.4395639786265
4,732,57.6166929538756
5,732,56.5903903593926
6,732,48.3021495568034
7,732,63.4781777716636
8,732,75.3109649466589
9,732,33.6051872024162
10,732,53.3947301280726
11,732,57.703664674253
12,732,38.4622868773431
13,732,63.963555291149
14,732,73.9850319106578
15,732,72.112243303684
16,732,55.1227277736005
17,732,76.0334492734345
18,732,55.3204214259662
1,733,47.068306554334
2,733,47.4760636776963
3,733,60.0782029512452
4,733,64.9000637201884
5,733,38.8621870221683
6,733,55.7076407410758
7,733,44.6636267487527
8,733,53.892464802185
9,733,40.1018373691535
10,733,41.6472735404437
11,733,50.7716108976279
12,733,35.0867364832275
13,733,42.9626153831087
14,733,28.5231760962003
15,733,48.9709719147776
16,733,78.6291444030741
17,733,39.1827396954805
18,733,51.8633909603838
1,734,41.2670245751647
2,734,56.2952270230849
3,734,55.8013129071354
4,734,55.1380026582582
5,734,52.8301246390884
6,734,62.9455670151886
7,734,34.3253619864963
8,734,47.1140808464853
9,734,49.0336260234425
10,734,35.2056860037794
11,734,53.2549804786021
12,734,56.1923638545069
13,734,46.6879523467733
14,734,45.2905970733828
15,734,75.8999856199733
16,734,64.267745765949
17,734,33.1617348982337
18,734,46.491066301641
1,735,47.0011029257609
2,735,52.9464493716859
3,735,50.0373657364281
4,735,54.2406873171828
5,735,49.7127403124343
6,735,62.4524123622055
7,735,65.6637716627302
8,735,29.2777881812306
9,735,73.7980602578158
10,735,41.4817564777957
11,735,29.2807222236442
12,735,68.6420661994694
13,735,48.8535079864356
14,735,70.2794916583026
15,735,46.0152264267318
16,735,64.0801138762094
17,735,32.7805994910093
18,735,57.4085449670504
1,736,37.5820668290457
2,736,63.2465190157718
3,736,48.0933840002989
4,736,57.6631853447523
5,736,51.2510841612065
6,736,36.9799609696454
7,736,52.4935219238017
8,736,52.4260094007113
9,736,38.9790259434906
10,736,45.4460716283758
11,736,51.1166397620715
12,736,89.1855643737304
13,736,48.2511280561222
14,736,33.5766521097585
15,736,50.9465133157724
16,736,47.3777113035441
17,736,44.6138059046861
18,736,59.6712536417676
1,737,54.5674340742279
2,737,53.0816933553397
3,737,60.0928188429461
4,737,44.1970792812595
5,737,53.1360135394562
6,737,76.6357379057173
7,737,56.1691786786762
8,737,30.6522830930721
9,737,60.3821223131393
10,737,31.445074171642
11,737,31.9508330184335
12,737,44.6250595226567
13,737,66.3338912368333
14,737,48.2527231032602
15,737,51.3767669723173
16,737,42.9993634811505
17,737,41.6624207760403
18,737,69.1004814837745
1,738,42.7850743848063
2,738,47.5409351259546
3,738,36.9385417526001
4,738,51.1680950959898
5,738,48.3641622318224
6,738,64.2674947588796
7,738,36.8171930479533
8,738,41.591882943679
9,738,63.9411709660449
10,738,39.4008424346997
11,738,55.1368744225819
12,738,64.4991075616123
13,738,60.7775130354101
14,738,29.7520010859889
15,738,69.8108194075563
16,738,35.933016300954
17,738,65.2349520655118
18,738,63.7463255795147
1,739,33.7642262706197
2,739,46.2426349125981
3,739,60.6641625880079
4,739,34.1205552439283
5,739,47.2517537336919
6,739,38.4627589564897
7,739,78.6608423772757
8,739,57.7075274647935
9,739,71.9530505874039
10,739,42.478913890976
11,739,89.1855643737304
12,739,41.743583491279
13,739,61.6926574446281
14,739,43.884501374016
15,739,33.6251529099853
16,739,70.6773542648106
17,739,46.3124322638897
18,739,41.6421632746044
1,740,49.0582670844616
2,740,43.1115013568817
3,740,57.0371570092205
4,740,74.9372552118325
5,740,37.0931495146273
6,740,33.8997436196278
7,740,52.192778349324
8,740,56.0066403066366
9,740,45.5995406681324
10,740,41.1004751747038
11,740,54.8833414283444
12,740,60.6117410969071
13,740,42.4654059740163
14,740,39.0688813095506
15,740,57.9226216140943
16,740,42.5195410046723
17,740,52.3395927316869
18,740,55.2718362788891
1,741,56.5312768518572
2,741,44.8810031150127
3,741,48.8309806487155
4,741,43.4576836696415
5,741,35.5092481379994
6,741,43.7412310000156
7,741,62.7816391380775
8,741,53.2180510335363
9,741,47.0036859155804
10,741,49.0464696867022
11,741,68.8152940381312
12,741,75.0295006760888
13,741,52.4815322127196
14,741,47.0062610526449
15,741,71.7725332490764
16,741,44.5805355730385
17,741,51.9178268916614
18,741,42.4762780831623
1,742,39.2577813178831
2,742,38.2334247328306
3,742,59.3503255449673
4,742,56.481076298697
5,742,40.9729515305477
6,742,42.3862410102982
7,742,57.681673981124
8,742,46.6798769246707
9,742,46.5915084401859
10,742,58.7654145597047
11,742,50.8685500117371
12,742,58.4495929509742
13,742,35.4405852999575
14,742,53.8951699741094
15,742,54.7800616081235
16,742,58.3153272127079
17,742,46.8104229989641
18,742,80.0464261744854
1,743,72.0569707497755
2,743,46.0067753618906
3,743,43.0734250868093
4,743,66.0876312090377
5,743,45.1572110487432
6,743,53.7132454191833
7,743,43.7132007943144
8,743,47.4999929236465
9,743,46.3390497197603
10,743,65.4279204304349
11,743,34.1487311164714
12,743,37.1426943045292
13,743,54.5182688359285
14,743,62.6659882194707
15,743,50.2933926495957
16,743,53.7789560186417
17,743,76.0212706568928
18,743,53.5693132519124
1,744,69.8399803420519
2,744,40.5349298043865
3,744,58.6408178284455
4,744,38.2958740641408
5,744,53.0527862714777
6,744,47.0762288050623
7,744,45.9733113179496
8,744,64.0881441402027
9,744,49.9837229399574
10,744,42.9614145811601
11,744,81.4063817877695
12,744,83.5180268344375
13,744,39.8517611527514
14,744,63.9679771920763
15,744,60.3786991716358
16,744,54.5851493187307
17,744,55.3535359834196
18,744,66.6432033065466
1,745,72.4162300781118
2,745,35.5342846660013
3,745,48.5318474202324
4,745,49.5901245299729
5,745,78.8967042277382
6,745,59.4450600141409
7,745,39.6480887631426
8,745,58.0690041732124
9,745,32.7960679464849
10,745,57.6234645511563
11,745,57.497005008775
12,745,77.8119103647694
13,745,50.0255736983383
14,745,58.5053881893542
15,745,53.5904095940072
16,745,42.6087666952296
17,745,44.1392409237675
18,745,38.144732880787
1,746,57.7308882762235
2,746,53.3602060662182
3,746,41.5684263703017
4,746,38.3750054419741
5,746,40.7059395736951
6,746,45.2835183528865
7,746,28.5231760962003
8,746,50.4822061842558
9,746,62.4602844720088
10,746,50.5606485452405
11,746,65.87329984328
12,746,46.2778260318584
13,746,51.9675304377738
14,746,43.0235733594087
15,746,32.9966504282409
16,746,54.1879462749723
17,746,56.8617447113031
18,746,54.9056835846385
1,747,36.0516822998017
2,747,43.2037537425148
3,747,38.9068186059043
4,747,41.6321177021689
5,747,47.463630837142
6,747,42.4615160750948
7,747,60.3144038275497
8,747,46.4600550109623
9,747,42.1854991439334
10,747,42.2466866343864
11,747,60.6230994318858
12,747,41.9562174581178
13,747,51.5157526905132
14,747,53.6693436390658
15,747,39.436346564052
16,747,68.8405542034203
17,747,44.9752428274599
18,747,57.8983018445782
1,748,32.1348491842
2,748,41.2426651133799
3,748,71.0813366536964
4,748,40.5045960731262
5,748,71.1235200590802
6,748,52.5729121340934
7,748,44.6528134254239
8,748,49.9699036098183
9,748,38.447128203714
10,748,44.4477084974733
11,748,63.5887354889094
12,748,38.8148313406767
13,748,56.6498141581485
14,748,44.9300281487878
15,748,50.3687288614559
16,748,39.8793976522016
17,748,61.1336722399392
18,748,64.567408059518
1,749,51.6431119575692
2,749,54.4995683050589
3,749,37.1000953257916
4,749,71.9020260532689
5,749,51.4991072574774
6,749,64.0661585500315
7,749,77.5002426634396
8,749,37.3256655731024
9,749,38.1606825243195
10,749,60.7750760365848
11,749,62.5283306578221
12,749,37.408504763106
13,749,48.7814723547267
14,749,59.4887020078062
15,749,54.7523783529306
16,749,46.0292978081373
17,749,39.1319973645365
18,749,78.3594451165087
1,750,28.5231760962003
2,750,37.3466592011064
3,750,59.564363481563
4,750,70.2119638420225
5,750,59.7093195418846
6,750,59.8908309041161
7,750,45.5948120313701
8,750,51.5657232270113
9,750,77.9168571023322
10,750,71.0840284907646
11,750,67.1429226419826
12,750,45.7908239550903
13,750,29.8803253139452
14,750,34.6840239162486
15,750,81.9498806145185
16,750,45.2712355096467
17,750,48.021239824675
18,750,50.9296047021941
1,751,37.9573953146417
2,751,48.5184940866441
3,751,45.3105547270861
4,751,60.3401457725911
5,751,50.3631877011502
6,751,37.1968816515889
7,751,45.2990731136632
8,751,38.4259973489428
9,751,62.5706891715186
10,751,48.6720155995953
11,751,62.3630572935291
12,751,52.2937176468297
13,751,46.4695871007949
14,751,29.8780883505694
15,751,59.9065287459108
16,751,50.7623172893989
17,751,47.9876243448119
18,751,47.1744453775552
1,752,50.9282892182737
2,752,60.4433843482473
3,752,54.1929560284963
4,752,35.6631705541319
5,752,55.2490946394914
6,752,60.9020766869452
7,752,56.1266748340868
8,752,62.9445677515077
9,752,32.2047548104528
10,752,48.8429827918144
11,752,58.7980969251715
12,752,51.0882344627704
13,752,52.1389040734739
14,752,58.1560172088669
15,752,63.0466734440738
16,752,40.3180780596676
17,752,42.3967569148046
18,752,43.4565110832682
1,753,59.9922491770255
2,753,49.432614277586
3,753,59.5331026707619
4,753,48.1031484549592
5,753,40.9928861573373
6,753,75.7141941804667
7,753,80.694043535601
8,753,50.0118091472673
9,753,36.8232653090728
10,753,73.6397125363968
11,753,49.1946223629146
12,753,56.3008175137144
13,753,35.1217964241364
14,753,76.3192325360284
15,753,75.5311375774055
16,753,52.2665906910671
17,753,43.4051955073909
18,753,29.3675927598695
1,754,45.7384542050538
2,754,59.9363342560026
3,754,60.4310859520409
4,754,43.2097309744997
5,754,74.5779867798738
6,754,57.3797139476208
7,754,50.610576401156
8,754,47.8164868037231
9,754,43.7554273411407
10,754,45.4568497496768
11,754,53.2516666289354
12,754,49.5492816462621
13,754,72.7522772048401
14,754,49.8212354754913
15,754,42.0229472058254
16,754,31.5250738338476
17,754,66.8462361425109
18,754,46.757874261041
1,755,35.6862425547063
2,755,40.5314195785315
3,755,89.1855643737304
4,755,36.7341959941154
5,755,53.8401957948477
6,755,32.0930646085775
7,755,47.3134400434086
8,755,54.2138207091776
9,755,47.3008433561825
10,755,50.2569629065239
11,755,47.3787669865586
12,755,62.6539396717735
13,755,49.2348337735757
14,755,74.1330269039122
15,755,60.0079505810435
16,755,48.9746295546755
17,755,65.527671064236
18,755,50.6131035210542
1,756,54.3039484718207
2,756,47.0327403139483
3,756,28.5231760962003
4,756,44.5142590463669
5,756,34.969093622647
6,756,50.4024188476624
7,756,51.8095188231728
8,756,55.371893588186
9,756,53.5387758275359
10,756,85.6715917080765
11,756,50.4376871549586
12,756,59.336869212973
13,756,50.9908092882752
14,756,78.1909467134078
15,756,59.9409377094417
16,756,65.7578674088011
17,756,30.7364371531616
18,756,57.0505628648871
1,757,41.2680372984898
2,757,62.6856863918116
3,757,48.4023932059988
4,757,59.1979114358392
5,757,55.7779408831796
6,757,31.0825586324705
7,757,39.9111709504169
8,757,44.1203596473333
9,757,61.1247767579076
10,757,45.8577047857538
11,757,47.8819570898288
12,757,54.3797345787832
13,757,49.1600715876259
14,757,38.1656420992075
15,757,77.4084236953425
16,757,42.5254952048203
17,757,49.5388495497631
18,757,44.9518567913011
1,758,42.104785040806
2,758,43.6434608137262
3,758,47.621169181402
4,758,37.8011629476238
5,758,78.8426124934317
6,758,47.0531566892098
7,758,35.7852070206254
8,758,64.0589160642385
9,758,48.5892627344688
10,758,43.139257703591
11,758,43.6212418181869
12,758,48.7172742762332
13,758,33.5708700219338
14,758,48.795018922029
15,758,79.731269760252
16,758,29.4963400021447
17,758,58.7204592736629
18,758,54.229212581541
1,759,89.1855643737304
2,759,43.7899086512523
3,759,44.7368735004961
4,759,47.3177598369286
5,759,48.8213040528121
6,759,41.795268839724
7,759,51.6054917336879
8,759,81.4638537859728
9,759,54.5398454951162
10,759,62.2885310571734
11,759,50.0592680147879
12,759,69.1838908798215
13,759,47.6652765324003
14,759,50.4570867479861
15,759,40.0098841924325
16,759,48.6706508272495
17,759,45.1306211135162
18,759,52.0524591904187
1,760,58.3395361306071
2,760,63.7886988892479
3,760,52.8473643884778
4,760,78.5790724303014
5,760,51.7786764522224
6,760,46.3148924641956
7,760,60.0999625509535
8,760,43.7628666086396
9,760,52.315420748862
10,760,47.1580825176571
11,760,37.8000449563996
12,760,55.2399136528617
13,760,44.5427798743556
14,760,45.6451823097734
15,760,44.3359390384351
16,760,52.5548508452175
17,760,31.1387845058616
18,760,28.5231760962003
1,761,60.8002702562415
2,761,70.1520575108062
3,761,54.7839636335138
4,761,53.434009483281
5,761,62.5398213062026
6,761,38.952102019691
7,761,40.1131943585406
8,761,49.4351937998716
9,761,75.0475769838565
10,761,56.9586295057903
11,761,61.7296076868086
12,761,86.9180370381084
13,761,36.3908698872073
14,761,49.0911855482352
15,761,31.3904212240724
16,761,43.4673957687911
17,761,40.6255942984449
18,761,60.4199413974068
1,762,43.2048801728426
2,762,45.173171169479
3,762,48.8548639953836
4,762,64.0748199378275
5,762,75.15471065633
6,762,45.9108567661374
7,762,56.4672730323803
8,762,37.2354397282436
9,762,34.6746427802991
10,762,58.1567064504536
11,762,29.809733657889
12,762,59.8848831451382
13,762,58.3434366211488
14,762,54.4195177817501
15,762,49.5439777304847
16,762,52.5826929114153
17,762,41.2827079917835
18,762,39.5113925942051
1,763,60.0087333890729
2,763,49.8863428052497
3,763,28.5231760962003
4,763,33.9456538265549
5,763,62.5997876698823
6,763,50.0966962858814
7,763,73.2983217935241
8,763,43.1771383843888
9,763,75.7119876168426
10,763,49.5332345379824
11,763,35.524294212046
12,763,45.7148104295614
13,763,43.3322119241957
14,763,32.5077929341683
15,763,48.9585140034605
16,763,71.7022372162548
17,763,55.6034291786746
18,763,46.5023395226481
1,764,45.0479493415072
2,764,66.716698647457
3,764,57.8184755963957
4,764,41.0914160014037
5,764,59.9081854373649
6,764,58.9802514347184
7,764,42.5221900161438
8,764,48.2644030934457
9,764,60.1403394798538
10,764,34.0192816524682
11,764,52.2805456547991
12,764,37.232701764757
13,764,37.3477700905799
14,764,59.2571567188502
15,764,45.5749792991973
16,764,55.6085290239202
17,764,63.5755964528658
18,764,67.0328330832855
1,765,35.3853985541914
2,765,42.4933988510978
3,765,41.502248223508
4,765,46.4961017632528
5,765,70.3758316800711
6,765,48.5022903387498
7,765,32.4128474680479
8,765,41.1699258205568
9,765,56.6061203386407
10,765,38.878714712027
11,765,41.2072733786508
12,765,72.7687897645697
13,765,39.7958056559017
14,765,41.0393233541084
15,765,54.8063535901496
16,765,63.1866884335998
17,765,47.3383463633168
18,765,50.7084378077425
1,766,68.8112308830205
2,766,44.554570450118
3,766,43.2885984878696
4,766,54.4658982246728
5,766,70.1943721365685
6,766,40.7289427149753
7,766,68.6305790148814
8,766,47.7295296237693
9,766,46.6709454829781
10,766,65.1008190430851
11,766,69.5533577487314
12,766,39.9081734771473
13,766,41.5264933301175
14,766,46.8824579682691
15,766,39.5234497210039
16,766,38.6411923342107
17,766,57.3273815636816
18,766,53.4658195525483
1,767,50.7818529022046
2,767,50.7804511167823
3,767,68.6728535027269
4,767,50.8453850878012
5,767,59.8063223853954
6,767,52.1082800389064
7,767,44.6361549099141
8,767,54.7355818471081
9,767,68.2966480856728
10,767,42.966706328556
11,767,58.7996895123452
12,767,39.9104558973858
13,767,42.4850759853354
14,767,53.018386335971
15,767,56.5911052529085
16,767,79.1438497224472
17,767,45.5076554429222
18,767,36.6076052692081
1,768,58.3640456957773
2,768,35.4501128992082
3,768,46.4262075758939
4,768,58.0092365006047
5,768,42.1967983048996
6,768,65.3844882467405
7,768,33.5613178913181
8,768,28.5231760962003
9,768,77.137862118503
10,768,59.6834107298958
11,768,77.2527642390284
12,768,55.3657723794892
13,768,50.1145674884416
14,768,54.6653131597876
15,768,42.5280738494333
16,768,69.9533735559081
17,768,44.5557371899543
18,768,46.3098414314698
1,769,41.0523557495521
2,769,55.1420999069954
3,769,37.0652526252092
4,769,48.0101138073582
5,769,28.5231760962003
6,769,53.2905864805942
7,769,57.1800722730629
8,769,64.8506876820619
9,769,42.0754230874052
10,769,33.946632821064
11,769,75.2596141995059
12,769,32.8559655785323
13,769,73.4682480125935
14,769,38.6902160047894
15,769,56.5842201063751
16,769,51.1014763664707
17,769,48.8504688340266
18,769,40.5973725110833
1,770,42.7733137426222
2,770,42.4317433372528
3,770,58.1636064380496
4,770,56.2695521078255
5,770,45.9119132510354
6,770,53.3291402663454
7,770,55.833810903378
8,770,46.4032033659877
9,770,45.5424929131089
10,770,69.7643944576287
11,770,29.4320845468203
12,770,52.9648080504834
13,770,75.3664548119839
14,770,43.6330309089058
15,770,41.6259732848567
16,770,59.5285898545106
17,770,65.2447720159582
18,770,42.0816526776262
1,771,64.9985568629288
2,771,39.0299097259358
3,771,43.4218417806915
4,771,59.2304778410032
5,771,59.2225918354424
6,771,56.496107092602
7,771,39.6314432821876
8,771,63.2204599151585
9,771,54.7972753045564
10,771,75.1690786745697
11,771,43.57183714902
12,771,79.5255686237691
13,771,51.6779805104105
14,771,83.8014400841385
15,771,40.4326622977404
16,771,42.6141925198485
17,771,51.9829856611355
18,771,45.2302866541233
1,772,44.0139934080436
2,772,71.750573427846
3,772,40.3163758895327
4,772,76.6496163157304
5,772,51.0235700152709
6,772,49.4302218058657
7,772,37.4389777152985
8,772,51.2796928997753
9,772,41.2323379329156
10,772,89.1855643737304
11,772,43.7418261716866
12,772,54.2005699697697
13,772,51.3703103432923
14,772,56.8207094019144
15,772,38.4121084163012
16,772,34.0790733284914
17,772,65.7566422691599
18,772,58.6490893086378
1,773,76.477867286857
2,773,57.8957124498507
3,773,62.8043932788576
4,773,74.6537053414719
5,773,61.5813825466846
6,773,56.4858858245067
7,773,39.9992522537121
8,773,51.9468680703049
9,773,58.2675847812783
10,773,55.963190952239
11,773,42.8178199697174
12,773,38.1060622727307
13,773,59.4019050906707
14,773,49.4533212844137
15,773,51.7302156874043
16,773,58.887066467918
17,773,47.0161926756617
18,773,65.7079216630729
1,774,43.3340560121103
2,774,48.1433346286198
3,774,75.036033835243
4,774,53.5034272073962
5,774,50.2966482080928
6,774,41.8578199207171
7,774,37.1655319642561
8,774,53.1007530416324
9,774,52.8865553347755
10,774,72.1450796204609
11,774,45.6116960219682
12,774,53.318883914683
13,774,48.9618794525581
14,774,69.8020888936388
15,774,44.0768265867778
16,774,55.2802678667881
17,774,70.0667220406405
18,774,60.5214471058777
1,775,60.5035538750263
2,775,45.8118752252587
3,775,56.4642023270093
4,775,38.5755799127759
5,775,56.5487505107046
6,775,55.1200138376802
7,775,58.0998469250457
8,775,62.6416573850889
9,775,62.059620705905
10,775,67.7804062934767
11,775,43.7010004867104
12,775,44.8296506454387
13,775,57.9550983724888
14,775,61.766175722279
15,775,38.0876351549866
16,775,48.6827352592539
17,775,36.8670974843509
18,775,49.552875484964
1,776,65.0085733978937
2,776,49.8449061669491
3,776,38.3188947996088
4,776,33.8941282007463
5,776,81.4097462250943
6,776,30.718318476463
7,776,42.3985630021963
8,776,43.0294179546427
9,776,47.1972331774131
10,776,50.4989622157142
11,776,44.8990042828891
12,776,60.3698900759742
13,776,69.4505235960516
14,776,42.0629827560844
15,776,59.6396247100878
16,776,49.1646810594209
17,776,37.1772261871053
18,776,34.8797130758183
1,777,39.3322304224941
2,777,40.1759473504321
3,777,77.3772925043705
4,777,41.0638534179545
5,777,42.9265083592042
6,777,73.6339926602012
7,777,38.5038858424682
8,777,52.8582069995833
9,777,33.6782453226804
10,777,35.033409446304
11,777,33.3191333022212
12,777,51.8745706294457
13,777,45.640386623519
14,777,51.5669309641219
15,777,52.0278565133741
16,777,58.8888670809849
17,777,44.3710040217251
18,777,83.6124259026334
1,778,71.7001712688634
2,778,43.7863938974399
3,778,43.5006285332894
4,778,43.1931152102699
5,778,89.1855643737304
6,778,31.4761039324796
7,778,54.4940677058399
8,778,36.8193617549203
9,778,38.9575401667221
10,778,61.1063616837418
11,778,63.6558378639117
12,778,46.1455658312058
13,778,53.9243491799284
14,778,46.0556105348243
15,778,40.231679537897
16,778,53.6898190438457
17,778,39.025437670578
18,778,53.5908412053215
1,779,57.1420043355072
2,779,56.6263531958286
3,779,79.0564182612569
4,779,43.9359471032656
5,779,52.7566802727341
6,779,42.8889353707649
7,779,55.557875201987
8,779,50.6319979849416
9,779,46.3496985777263
10,779,80.0203206708347
11,779,36.7760443826628
12,779,40.8259706185954
13,779,38.9178425081841
14,779,83.4503390491739
15,779,53.7491307360514
16,779,60.7609391787465
17,779,62.4703771760062
18,779,46.9769591230163
1,780,44.7893913653815
2,780,55.7782771229506
3,780,68.373138644171
4,780,28.5231760962003
5,780,67.5703227613313
6,780,44.7111575407032
7,780,43.8401397774729
8,780,56.3067694883143
9,780,59.2989629256376
10,780,68.2330523663556
11,780,57.5622813745183
12,780,67.9740836041866
13,780,53.5894424876546
14,780,57.9456279744989
15,780,55.6156180507725
16,780,40.3771400112998
17,780,43.5952529298347
18,780,52.2226927808729
1,781,37.75409655361
2,781,56.8487668790008
3,781,57.4237838219468
4,781,53.5633227380402
5,781,58.265958963402
6,781,57.9184629871138
7,781,37.8626545973339
8,781,50.2190425755623
9,781,59.6740456912424
10,781,46.489635529326
11,781,59.3045184942026
12,781,54.7918999609828
13,781,34.2016579679655
14,781,54.672870264407
15,781,59.9061065524826
16,781,68.5622475781552
17,781,41.5255997205638
18,781,49.6230988137654
1,782,36.6075090165684
2,782,56.2435388199587
3,782,53.7409924000708
4,782,44.2337096761552
5,782,39.48333225706
6,782,46.2024664759812
7,782,55.0436964578558
8,782,28.5231760962003
9,782,63.4021272881119
10,782,53.9639691300396
11,782,48.138970162809
12,782,51.1452547401783
13,782,89.1855643737304
14,782,44.4224511824799
15,782,32.0421369899778
16,782,36.0008897674103
17,782,50.1859669175549
18,782,51.0059134184908
1,783,39.7986595660723
2,783,57.6554049365068
3,783,43.850596076219
4,783,49.489620479671
5,783,58.6312780389447
6,783,53.0378100534867
7,783,42.9277772919672
8,783,43.105780259439
9,783,75.1150833376346
10,783,43.9471871655265
11,783,79.2825080188598
12,783,50.9932158913487
13,783,54.9092917960167
14,783,61.431846672081
15,783,50.8325241117662
16,783,46.3267587009662
17,783,66.9911465335061
18,783,36.7232190834742
1,784,75.9507228699924
2,784,68.0740662684771
3,784,66.3900923637384
4,784,66.0253040832642
5,784,89.1855643737304
6,784,42.1909023983143
7,784,74.3453767086395
8,784,52.3121455748964
9,784,40.6682228285628
10,784,43.7646589729044
11,784,33.6061290468287
12,784,65.1247121937679
13,784,67.9107348029765
14,784,66.0037994785953
15,784,80.8442068120728
16,784,48.7913860360158
17,784,61.600921989351
18,784,50.4198849965141
1,785,46.2185948009955
2,785,44.6481255501068
3,785,37.3039006704325
4,785,55.606762285218
5,785,38.8850838223079
6,785,56.5346509403577
7,785,49.2481650043835
8,785,66.3108687756268
9,785,55.7653408469308
10,785,38.651202986358
11,785,50.8854771714536
12,785,31.2976422898802
13,785,36.3346554651116
14,785,62.1756201640455
15,785,68.5874975539158
16,785,45.7510811004656
17,785,45.245587092077
18,785,44.5911342541835
1,786,53.7902837029482
2,786,76.5670749918797
3,786,39.6532699622331
4,786,81.8897517038825
5,786,63.9015222942578
6,786,46.714465794518
7,786,33.6999017589863
8,786,54.6323339393539
9,786,67.8121244058426
10,786,60.1523103032555
11,786,60.3793903545462
12,786,40.6547457337218
13,786,39.6744765828166
14,786,69.0330680739636
15,786,53.0068695359377
16,786,37.5653576150832
17,786,65.3169760129325
18,786,34.2755006224757
1,787,61.1842932132896
2,787,32.7079183577797
3,787,47.8174465047933
4,787,35.2183656822022
5,787,51.3618046477747
6,787,46.7452597981346
7,787,35.2583567678188
8,787,57.3596392901706
9,787,79.6340106716989
10,787,33.1531175526932
11,787,43.0377808003877
12,787,41.359782848524
13,787,63.2579439464269
14,787,44.540628466134
15,787,33.8099846572481
16,787,43.962699506068
17,787,35.5429867399668
18,787,44.8800542069379
1,788,40.1221325074044
2,788,42.083810281061
3,788,46.0372886469766
4,788,41.2108444612357
5,788,37.2850553818453
6,788,47.1418364292756
7,788,43.5304978696808
8,788,56.3220913250839
9,788,44.6876268357797
10,788,53.7944214754233
11,788,45.7933311534464
12,788,46.944109362767
13,788,62.5034602822644
14,788,62.4616732088373
15,788,68.5985975591755
16,788,40.7600515880266
17,788,46.1711673105364
18,788,52.9251821266291
1,789,47.4579646346414
2,789,46.377073531685
3,789,55.4083180672436
4,789,67.2483256637339
5,789,70.6050505788348
6,789,37.5964857613669
7,789,68.2241719093081
8,789,62.2039869206661
9,789,67.6609184977876
10,789,54.6777433235581
11,789,28.685978408795
12,789,35.0939247333083
13,789,63.3731759511929
14,789,44.7809965777797
15,789,68.0540121768921
16,789,49.936565724083
17,789,37.6373849183847
18,789,49.4287778590598
1,790,41.2864012662135
2,790,52.9649612712748
3,790,36.578615733925
4,790,56.7820063578979
5,790,49.5463103383666
6,790,62.9187731560555
7,790,85.8326025310247
8,790,46.7714269763113
9,790,60.9427191562602
10,790,56.6965373749353
11,790,30.779074024253
12,790,35.0136949248684
13,790,43.8679631722649
14,790,46.239812193677
15,790,55.383216231148
16,790,51.2971341065343
17,790,49.4826032453202
18,790,58.8037382946419
1,791,59.7380101382539
2,791,43.8795849395782
3,791,39.291504865337
4,791,46.0888310125515
5,791,42.8115594697061
6,791,39.7899443140572
7,791,48.2822652660169
8,791,46.7761270514261
9,791,53.1100878929436
10,791,55.4053699220742
11,791,77.0341372428214
12,791,79.809179254933
13,791,61.1317762005572
14,791,66.3302217604836
15,791,41.1364383166154
16,791,31.4365376187757
17,791,69.1879395193606
18,791,41.8449797201922
1,792,48.7308461571646
2,792,40.4829304852633
3,792,57.6164464217533
4,792,46.2719309445974
5,792,50.5006729467394
6,792,47.2822744592386
7,792,36.4682915361159
8,792,43.0952341932352
9,792,89.1855643737304
10,792,53.215259601364
11,792,42.8114633430946
12,792,46.9272263902233
13,792,52.6838407238864
14,792,53.7713817381368
15,792,60.3157707659202
16,792,36.69635803714
17,792,63.0847164869936
18,792,46.8462114770301
1,793,48.675069691134
2,793,47.6464648279132
3,793,44.9941830336849
4,793,56.5665326098764
5,793,47.7783642802922
6,793,63.5403905607189
7,793,44.7230334071411
8,793,51.7868437959808
9,793,50.3383420146627
10,793,54.637732902619
11,793,53.4562426304904
12,793,58.7023687293507
13,793,58.6939611550666
14,793,47.4126997352732
15,793,28.5231760962003
16,793,54.1061480835723
17,793,61.6123850230613
18,793,64.1613417782549
1,794,54.9184276881122
2,794,49.4659302001012
3,794,50.6921514030926
4,794,43.9078797671452
5,794,33.1717442096652
6,794,36.3901561912724
7,794,55.7212922726003
8,794,51.1426610988132
9,794,61.658506000137
10,794,46.1507550825236
11,794,51.6354811104831
12,794,44.505760416288
13,794,36.9799745934819
14,794,80.0767174217035
15,794,45.4345024354961
16,794,54.2832256124336
17,794,54.691989552248
18,794,68.3142628515159
1,795,45.6185559633329
2,795,47.5157963434888
3,795,46.2065024084909
4,795,62.9980828962812
5,795,43.3117344323247
6,795,40.6265571274318
7,795,45.883547099438
8,795,57.2464927323345
9,795,51.5462796904574
10,795,64.5689519329055
11,795,50.8970682668169
12,795,40.1597198768971
13,795,65.5110775158823
14,795,62.6485357413905
15,795,37.4752593668614
16,795,53.9775719203921
17,795,45.5644296879123
18,795,89.1855643737304
1,796,37.0859087650178
2,796,28.5231760962003
3,796,52.4607278903645
4,796,54.4274571698209
5,796,53.5115865994741
6,796,37.4342791524606
7,796,43.0046308934255
8,796,51.0257508503605
9,796,41.618249000051
10,796,51.7595081420765
11,796,40.17079443641
12,796,48.662968465301
13,796,50.6734267630491
14,796,40.5348064139074
15,796,57.1522476388546
16,796,38.6808668242305
17,796,70.4789545402264
18,796,89.1855643737304
1,797,73.8256529330538
2,797,72.5267906603022
3,797,39.9225770142432
4,797,47.8566899210837
5,797,30.1095403839108
6,797,59.8374252503407
7,797,38.155473661633
8,797,50.1042167100923
9,797,51.114636143847
10,797,65.3094173003797
11,797,80.91847361114
12,797,61.3766718839681
13,797,52.2787592675835
14,797,43.9447720087589
15,797,49.8840171240153
16,797,87.5813665008501
17,797,42.614224583041
18,797,50.7622293844226
1,798,45.288216759841
2,798,35.9489129810049
3,798,89.1855643737304
4,798,36.915412600685
5,798,64.4962246719185
6,798,52.2747576495354
7,798,44.7921582227249
8,798,49.3446685578249
9,798,45.5662805394671
10,798,59.3430965345133
11,798,51.1231083341951
12,798,36.5733036082599
13,798,45.0878305671922
14,798,48.1048077988522
15,798,56.6914079363122
16,798,58.6561843647742
17,798,71.0010679753989
18,798,49.1486860673999
1,799,41.2512724266837
2,799,56.6190429360899
3,799,43.4071209493587
4,799,83.5463898577148
5,799,29.5048474481343
6,799,45.2045975617311
7,799,39.4271217565988
8,799,57.1771066809332
9,799,33.5720225510578
10,799,49.4116449226316
11,799,47.7789587253317
12,799,37.660822760852
13,799,43.2203205040287
14,799,64.5914369208023
15,799,45.6398200423892
16,799,48.4981636290153
17,799,50.7759953680111
18,799,37.0794973659767
1,800,56.2843430304291
2,800,46.352421816646
3,800,81.9211937377956
4,800,46.5158660121477
5,800,72.4809209319582
6,800,60.2513793078263
7,800,49.8538095030602
8,800,40.5488704639797
9,800,72.1582592158398
10,800,40.4528844442436
11,800,67.9607864867687
12,800,50.3844880544786
13,800,35.5348023454016
14,800,48.677351649286
15,800,89.1855643737304
16,800,89.1855643737304
17,800,63.8168455530043
18,800,47.8267594448546
1,801,45.4582897122497
2,801,40.4939094970754
3,801,45.7622882792596
4,801,59.7485480155186
5,801,52.7390529473801
6,801,32.4683151958054
7,801,79.2722281608122
8,801,45.0660244219626
9,801,67.4005699824192
10,801,53.4302862325559
11,801,43.4136177287914
12,801,46.5082408797097
13,801,76.9514755770582
14,801,51.6658187029758
15,801,65.6081940546023
16,801,60.7626388634315
17,801,38.6535144031653
18,801,43.7143499831431
1,802,47.4943107913011
2,802,38.4270139217656
3,802,41.3853904719774
4,802,76.4955485004491
5,802,54.9113523412594
6,802,53.4535091544502
7,802,71.6637164904582
8,802,67.5915093213817
9,802,46.1332783709018
10,802,46.5792681086547
11,802,33.3166780861457
12,802,33.9098251176696
13,802,65.5502489523518
14,802,53.3761031785644
15,802,53.0532546248393
16,802,37.4264935698366
17,802,41.2656623905103
18,802,48.7238943592308
1,803,48.222178698721
2,803,61.1337345165093
3,803,65.752635286167
4,803,70.658169922916
5,803,46.8352384098774
6,803,55.6892084555997
7,803,56.8011308558019
8,803,46.4403872814325
9,803,62.2622945415872
10,803,53.4069089722626
11,803,63.9237216231702
12,803,58.5167167940269
13,803,59.5706664134623
14,803,32.3660836759574
15,803,56.162517386515
16,803,46.1012440741228
17,803,41.2988470651878
18,803,74.0805587947294
1,804,36.9288483682797
2,804,69.1131822099671
3,804,51.2767656103993
4,804,31.5397506634902
5,804,54.4214370049996
6,804,29.0520297425633
7,804,57.8198377967785
8,804,67.6429094256761
9,804,49.2875188875128
10,804,55.5763721983191
11,804,75.3113802998075
12,804,41.1484928407248
13,804,53.4501136883436
14,804,69.9208333546122
15,804,58.2363297758414
16,804,52.4832026723983
17,804,40.7854249182059
18,804,37.0991470550569
1,805,42.7994823937476
2,805,62.2908667735129
3,805,56.7727241259459
4,805,66.3867456578551
5,805,41.8992862268272
6,805,39.8408620893995
7,805,60.1282735799278
8,805,58.1216169449701
9,805,39.2535625855559
10,805,57.1181744429049
11,805,34.4057174856418
12,805,46.8611629176687
13,805,36.1673803889865
14,805,38.1011833796899
15,805,41.6038278432275
16,805,50.465413303079
17,805,70.3229596363343
18,805,55.0435879541249
1,806,40.9228648128865
2,806,44.2447746424402
3,806,69.2425400960752
4,806,35.7408549368467
5,806,48.0010610468199
6,806,28.9718443657494
7,806,48.6400041446055
8,806,60.3586613546384
9,806,45.8277282623471
10,806,49.0242064838247
11,806,47.4545483805449
12,806,55.1841201899347
13,806,51.7438268910447
14,806,56.0853737273566
15,806,50.5465997446217
16,806,68.2262370653464
17,806,46.2692704763645
18,806,65.3688795851333
1,807,53.3882208093218
2,807,46.0474785242498
3,807,80.408708035121
4,807,61.2396324478301
5,807,68.5839019877797
6,807,40.9438108603234
7,807,53.976597402491
8,807,58.211226095595
9,807,51.6307473584973
10,807,55.5318349034625
11,807,39.0228105264581
12,807,52.5095690941069
13,807,58.277625806629
14,807,45.7656134219972
15,807,53.5977527615829
16,807,41.1174589207908
17,807,32.8992318704388
18,807,39.9992200404351
1,808,43.1199456898079
2,808,53.7354437298859
3,808,41.0203918729575
4,808,77.706881922856
5,808,49.4211501275123
6,808,65.2580121386082
7,808,52.8148535208616
8,808,55.9739284933921
9,808,48.1551072905029
10,808,61.5927246205027
11,808,34.1435337096629
12,808,47.0145200491772
13,808,55.8819965028114
14,808,52.4847728944974
15,808,46.2370477636956
16,808,41.7381189252292
17,808,30.1732499234956
18,808,53.4491518334725
1,809,41.0643942785743
2,809,38.5314691378608
3,809,77.8476441489173
4,809,41.0637776600531
5,809,46.8975671830119
6,809,41.4541139699639
7,809,72.4351544240639
8,809,55.0644115596229
9,809,43.1096858494311
10,809,63.907724290675
11,809,51.4333024486106
12,809,38.4664648556032
13,809,46.3688121600922
14,809,58.1959725656818
15,809,59.7609526887
16,809,54.709961486144
17,809,56.1575962229528
18,809,63.8415490598455
1,810,56.785089591507
2,810,55.2949247738703
3,810,53.4951152771644
4,810,37.5804792295634
5,810,44.6432956529089
6,810,51.45520850993
7,810,43.8093931308971
8,810,62.7829033417358
9,810,60.3628134479925
10,810,66.5971533498878
11,810,65.3810872669362
12,810,40.8161247421072
13,810,39.4670095100448
14,810,35.1833714243936
15,810,55.3124920678533
16,810,37.0406708765197
17,810,32.5483809183973
18,810,80.4732359050384
1,811,50.0186826400105
2,811,88.0087275973552
3,811,51.9797571847291
4,811,52.6906543434322
5,811,37.4214050274269
6,811,65.2287889341179
7,811,53.8246157751784
8,811,63.031904984619
9,811,56.5886647258789
10,811,67.6251889898182
11,811,53.2388301294113
12,811,37.9516957107817
13,811,51.7677539606141
14,811,40.0722489497324
15,811,49.3247067097676
16,811,42.56208505558
17,811,28.5231760962003
18,811,39.1577143104063
1,812,76.6180656679816
2,812,55.9028282362748
3,812,46.3020731015037
4,812,43.9470469888596
5,812,52.5190803830679
6,812,38.8455383715242
7,812,50.1051894907302
8,812,52.7291386374701
9,812,55.9579074339648
10,812,60.3603178032125
11,812,45.9412356771391
12,812,52.2346700790277
13,812,56.6402211610458
14,812,48.6706078306461
15,812,45.7051891150323
16,812,49.8860275924675
17,812,40.5564138804782
18,812,52.6350202865478
1,813,65.0413703745973
2,813,50.2090969968006
3,813,50.5949079666855
4,813,41.1952942352313
5,813,49.5376629001101
6,813,42.4423382535866
7,813,54.188389275242
8,813,66.4035544175642
9,813,46.7134775155881
10,813,44.130841901708
11,813,47.5770456843746
12,813,66.4646198019573
13,813,49.3056229645401
14,813,28.5781023871769
15,813,44.8544243548906
16,813,58.5723609508123
17,813,56.0038765966075
18,813,42.8462222184798
1,814,30.9372692621333
2,814,47.8103581838291
3,814,66.5056055712258
4,814,70.8374275819754
5,814,76.3394478147734
6,814,56.6269244429134
7,814,41.2834728113941
8,814,50.0372730530239
9,814,34.5491887350322
10,814,41.9607229243626
11,814,29.7162284220809
12,814,31.3371665744511
13,814,63.5048473759349
14,814,33.9920126994854
15,814,44.3103332317335
16,814,61.1394280621071
17,814,53.4878779379815
18,814,59.0139234119557
1,815,47.6236266808073
2,815,49.7642112259294
3,815,35.9055114894159
4,815,49.3046188930621
5,815,60.8417870170729
6,815,50.1710832991976
7,815,77.6627489261368
8,815,46.8928810249201
9,815,58.9046973514253
10,815,38.8510709881855
11,815,40.4919709357372
12,815,33.7941474173084
13,815,63.2662341572762
14,815,33.9576348122417
15,815,38.1100868363395
16,815,46.1514623296729
17,815,28.5231760962003
18,815,47.0183185349168
1,816,33.1872870674123
2,816,74.2546570170638
3,816,49.7552365365132
4,816,51.3948736181236
5,816,68.7912864916356
6,816,42.7216987789324
7,816,58.3936252656287
8,816,51.0192499238786
9,816,55.5417908544244
10,816,31.6179675941528
11,816,64.4169120263595
12,816,62.6241499413024
13,816,84.1325313607186
14,816,48.1858095233127
15,816,53.8709271650549
16,816,50.4167328477539
17,816,75.7327121560384
18,816,35.2834669672751
1,817,40.9441723286977
2,817,49.1757718577603
3,817,31.6872176986391
4,817,48.7130999285925
5,817,52.3373422461359
6,817,62.831899655989
7,817,67.7419664465703
8,817,33.2689633596544
9,817,74.0112928103697
10,817,44.7032053275737
11,817,65.7763670463303
12,817,42.2108840259809
13,817,58.2672763257099
14,817,47.4257561689657
15,817,54.2448609225228
16,817,43.5138097025305
17,817,47.017902163845
18,817,66.5913162804495
1,818,48.7218936695709
2,818,45.337135276412
3,818,46.7031445324132
4,818,53.1491331403734
5,818,39.1656979036222
6,818,65.9149593214827
7,818,45.9694793668199
8,818,45.4591127795493
9,818,47.0623646229708
10,818,38.0836084461319
11,818,60.2248241153194
12,818,39.7964365305417
13,818,64.9889431125316
14,818,37.7093825699881
15,818,31.7635580716522
16,818,47.4186674446769
17,818,45.9537259486628
18,818,48.9877309089677
1,819,47.8861900146549
2,819,33.911409244523
3,819,79.1139596069295
4,819,43.5681420773118
5,819,62.1641384325242
6,819,60.5952713337156
7,819,39.2845300306488
8,819,48.4205932409489
9,819,59.0582029182553
10,819,53.5448121842228
11,819,38.7622692956742
12,819,36.6255214439295
13,819,56.6434686287361
14,819,50.7370141032715
15,819,60.4422643122643
16,819,62.7867557338972
17,819,46.4797441756897
18,819,57.2566154928291
1,820,54.3813121513773
2,820,36.1839686302133
3,820,64.8441611685982
4,820,42.2405512659238
5,820,66.2742268004095
6,820,32.5007263188715
7,820,52.5013871744439
8,820,64.0301259295966
9,820,40.4884856068619
10,820,35.9234832168501
11,820,43.9089894353513
12,820,76.4991541967117
13,820,46.0514762869542
14,820,55.257308582226
15,820,34.9046075980275
16,820,58.9384565604648
17,820,56.3379341154836
18,820,57.156958003323
1,821,41.6063069691512
2,821,36.4597706698482
3,821,53.6294592722683
4,821,59.1224062840029
5,821,59.2869531625886
6,821,60.0348670137677
7,821,71.8641205622178
8,821,62.6758257134547
9,821,45.3165918410457
10,821,44.5297810471026
11,821,30.7277029055535
12,821,43.4683485662476
13,821,60.2839835872983
14,821,48.9701488978591
15,821,60.2723613992211
16,821,63.9582691345009
17,821,62.7058653292053
18,821,82.9959361837475
1,822,61.2788563747144
2,822,44.2078934841526
3,822,42.7351997069107
4,822,73.6775986909118
5,822,50.0208995205541
6,822,65.4372434546167
7,822,46.6713706364767
8,822,42.5832652374529
9,822,61.0395287676705
10,822,32.4657692390058
11,822,49.5678288443762
12,822,30.9498060066732
13,822,65.2931312830613
14,822,43.6927165001079
15,822,45.0186446582597
16,822,60.6436361471762
17,822,35.116738635975
18,822,35.2464040010843
1,823,51.4733471906573
2,823,45.183604019951
3,823,59.1880631581477
4,823,54.6301256229523
5,823,56.0907425598318
6,823,35.4163064794382
7,823,75.7526816557591
8,823,30.7574523502209
9,823,59.9388772543208
10,823,37.991682712574
11,823,37.0394386030404
12,823,54.7499862430472
13,823,47.9543226111541
14,823,41.9559258533478
15,823,37.2722022836527
16,823,54.1793124768701
17,823,60.3820493098886
18,823,52.0249423707837
1,824,53.7520511812978
2,824,56.2264951783653
3,824,50.7972541245797
4,824,45.1107893889014
5,824,41.5411135995619
6,824,70.5192857183698
7,824,73.1192725918389
8,824,61.6740568352506
9,824,34.8425625226678
10,824,56.2401704435266
11,824,62.9453365176749
12,824,45.8165862559109
13,824,31.3231221886991
14,824,65.6379578867186
15,824,46.5831997646131
16,824,52.7395952892241
17,824,54.5414208614726
18,824,41.6545975145833
1,825,64.5327082334996
2,825,89.1855643737304
3,825,71.8993962428517
4,825,56.1887444074429
5,825,31.6715776198062
6,825,28.5231760962003
7,825,54.9589519694715
8,825,51.2090711374471
9,825,45.7853777507854
10,825,54.5994121056489
11,825,54.7638157976527
12,825,50.9410485115884
13,825,55.5788824804529
14,825,81.5502437195882
15,825,39.9325206326805
16,825,40.5694277179361
17,825,35.0763354202044
18,825,47.3213188360301
1,826,53.9245525945468
2,826,55.1603989064371
3,826,53.2652109886728
4,826,28.5231760962003
5,826,52.2548852320521
6,826,38.8650120374837
7,826,33.525669251958
8,826,60.5472622220197
9,826,62.4080489886105
10,826,55.996065319226
11,826,52.4870043468322
12,826,42.265411503701
13,826,65.7966060246217
14,826,89.1855643737304
15,826,57.4595065688413
16,826,42.4883705694081
17,826,57.2882607576443
18,826,44.2647010728637
1,827,43.4399932254302
2,827,46.6751367319984
3,827,41.1065614454784
4,827,55.1774655038757
5,827,63.9851229039692
6,827,54.1606749443515
7,827,58.717543484919
8,827,50.4151412148792
9,827,49.8667150958107
10,827,60.6251333679223
11,827,37.8335694299112
12,827,69.3287027551166
13,827,44.3143534741876
14,827,43.902590815248
15,827,51.319881193447
16,827,43.5034608488731
17,827,43.4967802154787
18,827,42.7395747923338
1,828,54.3381589344711
2,828,71.3102913495049
3,828,43.7588747870147
4,828,32.5772419133428
5,828,45.5344149417045
6,828,55.7262144520343
7,828,44.1495375824405
8,828,42.4507289470304
9,828,70.4407638496275
10,828,45.6240096329784
11,828,55.1822898924082
12,828,45.1243086688316
13,828,71.7234986770907
14,828,51.0521497652668
15,828,52.0407460211994
16,828,35.8805140475044
17,828,41.9083898873367
18,828,75.6568049109318
1,829,63.1600664746895
2,829,70.4162101296209
3,829,50.5935468939089
4,829,43.331579143574
5,829,46.7602299431144
6,829,66.8999339755955
7,829,59.7481027211647
8,829,41.7723488760188
9,829,56.0060343285359
10,829,54.2265684416883
11,829,49.7796756073767
12,829,48.423119928474
13,829,52.0521076091725
14,829,65.6151040268502
15,829,66.0234246675736
16,829,49.4523037515684
17,829,62.3956517447975
18,829,42.3926784653919
1,830,34.3695147952989
2,830,43.1691762537394
3,830,34.6452828696397
4,830,65.4468117811834
5,830,60.0169644447991
6,830,47.1696789319643
7,830,65.7856195340895
8,830,55.4293778173207
9,830,59.2578425129262
10,830,61.8518463747608
11,830,44.6915547203697
12,830,60.4239050007352
13,830,52.1351797819638
14,830,43.9418195829482
15,830,67.5495341799188
16,830,86.3473133991294
17,830,72.089926714137
18,830,39.4124166742745
1,831,48.2976256519288
2,831,56.9137371172184
3,831,85.9785423345899
4,831,36.6653654884929
5,831,57.0523593879808
6,831,61.5728657304112
7,831,66.7866591187471
8,831,87.1848244045484
9,831,49.4632994645187
10,831,40.9649023576859
11,831,45.0703310831565
12,831,46.9177038554075
13,831,35.3973602526691
14,831,34.192410308813
15,831,42.892366215743
16,831,44.0367483278575
17,831,39.1318363925456
18,831,54.2293886296919
1,832,36.2855417077255
2,832,38.9553421034194
3,832,44.0106590473034
4,832,75.8403250133589
5,832,50.773106001205
6,832,64.2197048214309
7,832,39.3541976647746
8,832,52.7107196480915
9,832,32.3061384174027
10,832,78.4003641677525
11,832,58.1898283994274
12,832,31.7880252514852
13,832,73.1313849906016
14,832,71.5844476782292
15,832,50.5678134995319
16,832,37.1284677044417
17,832,52.879148756428
18,832,50.6769926071606
1,833,81.9091083849561
2,833,51.3360341033533
3,833,34.3025236651013
4,833,55.2094844828905
5,833,60.3341156038537
6,833,61.2384643114406
7,833,65.9359988995854
8,833,47.8163248351542
9,833,56.473536488203
10,833,58.9568828147625
11,833,41.2101879881271
12,833,43.6638493455326
13,833,36.554520294052
14,833,46.5334641169328
15,833,59.6784660692261
16,833,42.95691165498
17,833,38.6294699044636
18,833,46.349269366964
1,834,60.6223219047523
2,834,41.7972635023972
3,834,64.2789503560318
4,834,44.5301428461158
5,834,63.5286338881852
6,834,34.2361692181497
7,834,36.1292938610553
8,834,43.5885750240379
9,834,40.7124467436479
10,834,63.4931164319388
11,834,58.2797007781847
12,834,70.1730636838977
13,834,34.9797619720972
14,834,58.5635306839449
15,834,54.9279065441366
16,834,54.8674118394997
17,834,58.4582930412659
18,834,34.782495092912
1,835,57.6373381489325
2,835,47.9313984138642
3,835,52.1467547782179
4,835,45.7894116920173
5,835,59.7722750173065
6,835,63.3045275611784
7,835,47.7196497390513
8,835,53.3719615285624
9,835,74.6125546380881
10,835,29.9800853131374
11,835,51.2379225292694
12,835,77.0383941390666
13,835,45.5341310948436
14,835,41.1584493854457
15,835,52.7564985803203
16,835,40.8846994190317
17,835,33.6703788706867
18,835,44.4294862300069
1,836,28.5918444250264
2,836,40.090382361756
3,836,54.8702692413622
4,836,60.0491077252953
5,836,50.1228176964073
6,836,49.1171280473979
7,836,49.0652901322731
8,836,57.0827463709397
9,836,34.5786511737698
10,836,46.2935078451943
11,836,61.6422420726223
12,836,43.8018123255803
13,836,38.3903861850241
14,836,52.2198124643318
15,836,55.8983528492295
16,836,53.8354505664718
17,836,58.3377441349587
18,836,39.0335989025643
1,837,61.9489747691152
2,837,59.2784920122317
3,837,53.6518010320481
4,837,56.6510465748709
5,837,35.133615560683
6,837,80.6754397451306
7,837,43.0457522654572
8,837,66.4847083618202
9,837,67.4771826594661
10,837,35.9781682133321
11,837,44.8178273495138
12,837,49.8005742661106
13,837,40.235217590088
14,837,54.6752812355756
15,837,48.6345773216316
16,837,43.8564420359019
17,837,41.6791092460463
18,837,62.1350338365399
1,838,54.4679846597144
2,838,37.1054717179531
3,838,75.0643110270627
4,838,65.9231867528457
5,838,50.0130311997729
6,838,80.810450867141
7,838,38.0147688127716
8,838,33.7150050110485
9,838,28.5231760962003
10,838,42.8909100417153
11,838,43.6193484118404
12,838,62.483251559359
13,838,68.0942887422603
14,838,52.1369105456727
15,838,47.271110455411
16,838,44.2172218245283
17,838,62.4896486862632
18,838,41.9546584243905
1,839,48.2041449887128
2,839,43.8907689630837
3,839,44.2492990023423
4,839,49.4265225250549
5,839,52.392593382864
6,839,54.9810352217352
7,839,42.6666678935044
8,839,35.4239418242497
9,839,77.9681019691237
10,839,58.6464424086495
11,839,63.5641391177274
12,839,40.0720345255287
13,839,37.8313789660084
14,839,52.7722521807653
15,839,39.7719431507863
16,839,59.3302545023289
17,839,58.2247837659951
18,839,65.6408702922853
1,840,49.1983100249561
2,840,45.6556416684814
3,840,36.0264721277524
4,840,51.5813450516882
5,840,85.1314974483442
6,840,48.2827384730073
7,840,44.0398091696887
8,840,35.1451548379221
9,840,48.1619090853008
10,840,33.1963561706636
11,840,59.7386927694062
12,840,51.6081553631177
13,840,89.1855643737304
14,840,53.9078478848256
15,840,61.0328758865269
16,840,89.1855643737304
17,840,41.0721717587989
18,840,44.5675105159597
1,841,38.0069040607123
2,841,41.6181291894873
3,841,49.2572459176017
4,841,39.9257937440474
5,841,49.1813332930472
6,841,56.8171163643668
7,841,68.7768991780764
8,841,28.5231760962003
9,841,37.1302054162225
10,841,57.0716906899507
11,841,89.1855643737304
12,841,37.8151533984887
13,841,39.4017962948938
14,841,72.9275169592487
15,841,35.2861827802639
16,841,68.4361109012951
17,841,37.1365578744
18,841,29.0964063620117
1,842,43.5058763488273
2,842,70.9824687745083
3,842,50.9627670785741
4,842,49.4185319054792
5,842,54.4335919353357
6,842,48.4483060405221
7,842,87.4762275083861
8,842,59.4401665570156
9,842,53.9601061302389
10,842,38.5085825463255
11,842,45.920951762075
12,842,36.271320755654
13,842,41.6292134726236
14,842,42.0256422652424
15,842,39.848985947145
16,842,41.5128005115996
17,842,48.2245528959756
18,842,64.3196340741634
1,843,71.2205169107012
2,843,46.3299120090154
3,843,72.6983211358417
4,843,66.3777666433599
5,843,71.5696527556498
6,843,67.7663879003414
7,843,52.4829967052077
8,843,28.5231760962003
9,843,54.4101935176549
10,843,38.6079117889596
11,843,49.6308818904931
12,843,64.7263685155013
13,843,52.2652362444111
14,843,53.943679795165
15,843,65.6298789371347
16,843,42.1298587507601
17,843,79.1005378232242
18,843,45.3293135316263
1,844,46.0031782181115
2,844,47.9495900170037
3,844,62.440532379708
4,844,64.0271223423349
5,844,46.8424062690394
6,844,55.7095888340545
7,844,63.5964866245862
8,844,47.5346394488311
9,844,50.3579004489667
10,844,45.3099771239433
11,844,56.3044893919351
12,844,44.0697350224861
13,844,72.0123786925314
14,844,47.6739917529998
15,844,48.3376010879858
16,844,62.7400243510287
17,844,82.4940467658483
18,844,55.3350543841309
1,845,83.0574617594561
2,845,45.4500712274931
3,845,56.5168361663625
4,845,49.834888222878
5,845,85.9395324625529
6,845,46.8786624737939
7,845,89.1855643737304
8,845,55.8604432579358
9,845,50.7287008910912
10,845,44.8467728526196
11,845,42.2257647466072
12,845,49.8835639134966
13,845,44.106550761512
14,845,57.265251845931
15,845,65.0815621551834
16,845,50.156132232921
17,845,52.6954518219623
18,845,55.7801095712545
1,846,36.5668079036342
2,846,54.0416486616598
3,846,52.6752314507009
4,846,63.1868975998961
5,846,57.0628030854204
6,846,43.7901848770336
7,846,63.9993114921827
8,846,46.0712121253696
9,846,45.192711094646
10,846,37.4452072609291
11,846,70.3278389951408
12,846,58.1381644473534
13,846,63.6630091175421
14,846,51.2061565123163
15,846,44.1144340068792
16,846,89.1855643737304
17,846,39.2088744705914
18,846,37.4888547090601
1,847,68.3619239168092
2,847,47.342909155186
3,847,61.2631119432142
4,847,35.4273716280549
5,847,55.1150410830142
6,847,33.1710983088843
7,847,45.435999711612
8,847,41.1730213146533
9,847,54.4619606357901
10,847,49.2371115409375
11,847,48.4782999492877
12,847,44.5508376655623
13,847,52.9713523069553
14,847,64.1847051944023
15,847,61.1222094220703
16,847,50.213791030653
17,847,67.8154834166112
18,847,44.520451334498
1,848,62.3581438606592
2,848,58.2168272679129
3,848,45.5212603508104
4,848,50.277193211907
5,848,58.4197613703313
6,848,66.011946398569
7,848,47.1869331641987
8,848,52.7995881736788
9,848,56.6895573421624
10,848,55.2300310602107
11,848,60.6097932310092
12,848,45.0682352990198
13,848,44.2025189914324
14,848,64.1296805625172
15,848,50.8440932598084
16,848,35.4169120629882
17,848,49.5431415026732
18,848,79.4655828621453
1,849,34.289067589625
2,849,28.5231760962003
3,849,45.9609275092414
4,849,49.4730780735845
5,849,60.5073022992041
6,849,33.6050062876914
7,849,36.315644729649
8,849,50.1984796651166
9,849,57.4553629888678
10,849,62.5405309011744
11,849,34.2779058207524
12,849,49.1471112507722
13,849,55.0702720452504
14,849,40.3000557986689
15,849,37.4628691223147
16,849,64.3218817941779
17,849,41.9339565724861
18,849,74.1796173872807
1,850,70.4126614309788
2,850,48.6533926865293
3,850,39.16422450865
4,850,30.0473555497421
5,850,60.9330684243538
6,850,48.1754514984272
7,850,81.4472017644493
8,850,81.2708451989972
9,850,39.6919172527787
10,850,51.1408287382262
11,850,49.3499886222121
12,850,89.1855643737304
13,850,77.1976868451878
14,850,48.2552809129793
15,850,41.4506524019888
16,850,65.9368704752088
17,850,37.8140042931461
18,850,60.4538147135526
1,851,73.0372532947094
2,851,54.8179769254954
3,851,45.5912498598261
4,851,51.4522447954402
5,851,50.7848406366808
6,851,52.3758617113796
7,851,53.6995021092911
8,851,61.8827258723722
9,851,50.0732302781437
10,851,56.1235142240913
11,851,40.7680293010131
12,851,74.5733301874876
13,851,52.9315675451586
14,851,77.5204518475385
15,851,56.6382058674959
16,851,58.4622925472289
17,851,68.9537300289667
18,851,49.6402852663036
1,852,42.1023876074547
2,852,55.9046397391008
3,852,57.8544699697386
4,852,54.7654010580804
5,852,51.0905920123033
6,852,43.1800234901673
7,852,41.8324328328065
8,852,35.6717097795326
9,852,40.1867918492586
10,852,45.2774970762032
11,852,60.8709858797898
12,852,60.3059947435432
13,852,65.1820766338985
14,852,48.2026902862232
15,852,48.0250721278829
16,852,34.3350653096106
17,852,66.8469934545052
18,852,64.5099206871495
1,853,38.6310947669416
2,853,49.8225893817225
3,853,38.1630437520964
4,853,69.2571949846644
5,853,48.5433456687121
6,853,38.0533846164933
7,853,59.7310222008591
8,853,48.7918012183197
9,853,53.291539047975
10,853,36.3005475094089
11,853,53.6284741173734
12,853,48.8343929361803
13,853,50.7766069258539
14,853,41.162844372389
15,853,48.5177825076842
16,853,45.9846288985395
17,853,49.5497322597292
18,853,55.4129441843265
1,854,77.2660687622185
2,854,62.1716339813978
3,854,48.776921963086
4,854,36.3458791002286
5,854,33.3243894605659
6,854,54.8704374016529
7,854,63.2953220638088
8,854,89.1855643737304
9,854,60.960546616038
10,854,54.3509980330081
11,854,50.4403968423347
12,854,48.5968971092187
13,854,51.18580224128
14,854,45.5330300285915
15,854,55.8061486584243
16,854,33.9961002104276
17,854,42.2215266978479
18,854,46.6953314402318
1,855,51.7848751433648
2,855,62.6824201695596
3,855,39.9089156327045
4,855,58.4559267298429
5,855,55.8591278979187
6,855,66.3163709334759
7,855,49.8338940877248
8,855,66.9321382009107
9,855,47.7650996727054
10,855,59.151647745001
11,855,62.488363040041
12,855,40.5981540291037
13,855,32.7107582961894
14,855,46.5001063404808
15,855,53.7150921753692
16,855,48.08244063546
17,855,45.8331818472361
18,855,32.0772951560579
1,856,33.2493259688496
2,856,35.3203251544576
3,856,38.2071325276228
4,856,36.473842376277
5,856,48.8176871768861
6,856,52.1984535751589
7,856,47.782828737426
8,856,67.4708987948234
9,856,74.7633390916269
10,856,53.2814547071523
11,856,54.8000829623935
12,856,89.1855643737304
13,856,47.0863042919761
14,856,37.0167902775954
15,856,47.4119877635898
16,856,64.7698279178177
17,856,46.5572022043254
18,856,88.7373773493154
1,857,33.8631004366099
2,857,49.2283539899963
3,857,38.0482745677081
4,857,45.5823495651872
5,857,40.9181087390863
6,857,61.1414143909682
7,857,47.919889708851
8,857,34.1125845800179
9,857,73.5939951536897
10,857,46.8576883552887
11,857,48.3798861410776
12,857,42.0597712584763
13,857,33.1852493589016
14,857,45.0695735585165
15,857,49.3882794991615
16,857,44.1367742097955
17,857,43.9579529301234
18,857,34.7819538770628
1,858,68.0494201926482
2,858,51.6217804090916
3,858,55.2851398832371
4,858,74.6020086731294
5,858,34.8210485685815
6,858,33.2628641873876
7,858,59.0824631680406
8,858,73.349462607336
9,858,51.0074543965016
10,858,65.1544645256931
11,858,60.1138689536145
12,858,49.7121398452382
13,858,54.5845663232456
14,858,35.5328863075414
15,858,39.9226437307304
16,858,48.6144728925166
17,858,54.9513246420856
18,858,48.6661258541763
1,859,38.2308670443775
2,859,46.5916684049039
3,859,60.3839606910491
4,859,52.1307071821358
5,859,41.3238151825428
6,859,36.3144308103479
7,859,45.2833440591497
8,859,70.4332107840246
9,859,43.1565251335446
10,859,54.5985421156624
11,859,55.6466053643142
12,859,50.3779936082409
13,859,89.1855643737304
14,859,51.9734825900764
15,859,45.8622730391068
16,859,60.7711451411944
17,859,52.3998939074287
18,859,51.7156572638772
1,860,35.1651667645709
2,860,47.114296228415
3,860,44.4046185955959
4,860,64.2642702185691
5,860,48.8074058390607
6,860,72.2991769742649
7,860,67.3218895769323
8,860,52.2076482767269
9,860,59.0400169484767
10,860,60.4926159574521
11,860,57.4541346801192
12,860,59.3163626072774
13,860,40.0872978447446
14,860,47.9421513820379
15,860,50.3771607617852
16,860,53.91011001267
17,860,54.4853724288734
18,860,50.4279365867943
1,861,46.9203808889744
2,861,38.4193873342761
3,861,39.9168396436068
4,861,42.8215052828102
5,861,60.6570656109829
6,861,54.4920526247281
7,861,76.6582436568182
8,861,83.4648654589922
9,861,38.2249102628917
10,861,46.9971535125602
11,861,55.5394273003064
12,861,80.7103130982948
13,861,32.4987800242169
14,861,67.3628712552253
15,861,49.6618012781729
16,861,46.8261875984513
17,861,60.169952777494
18,861,82.5649336354181
1,862,49.9103279479448
2,862,39.1010961103846
3,862,44.2470117342591
4,862,63.4849542899206
5,862,56.0760186293898
6,862,47.8743033195815
7,862,48.9753736381696
8,862,46.2240718271848
9,862,65.4754105955594
10,862,60.0749336723923
11,862,48.9707869106871
12,862,40.2153242920456
13,862,67.9475394979954
14,862,51.661085769339
15,862,48.8409589931067
16,862,52.9658761302158
17,862,53.3742052939613
18,862,60.3030355312708
1,863,74.0472849479137
2,863,28.5231760962003
3,863,52.1386539383855
4,863,46.8849943930315
5,863,64.7289444935922
6,863,51.1818707022803
7,863,54.5953153227002
8,863,50.5279554376015
9,863,46.6953903956332
10,863,89.1855643737304
11,863,35.7117120309373
12,863,38.6732054383918
13,863,54.8753732335673
14,863,45.5324878170896
15,863,52.3471433795593
16,863,37.1308274028056
17,863,55.6389042878485
18,863,49.1022111327602
1,864,31.4852608698268
2,864,47.3065474302855
3,864,32.4034533247256
4,864,48.2870069181112
5,864,49.2730998312886
6,864,33.7828929380402
7,864,64.7321500694057
8,864,52.1410803876524
9,864,47.9106670725555
10,864,63.0716081492601
11,864,49.5146013159245
12,864,39.0910977832984
13,864,65.0070781095529
14,864,57.0877479240611
15,864,39.103861681186
16,864,57.5090621919062
17,864,57.1317812738403
18,864,50.6591115931543
1,865,60.3409124760954
2,865,88.7673461137034
3,865,63.4190811920903
4,865,87.3666673770484
5,865,74.2822870477859
6,865,44.4146552784103
7,865,51.9273574456308
8,865,41.0871995226991
9,865,53.2459030578866
10,865,48.1675358092293
11,865,55.7681647253914
12,865,47.0168411461258
13,865,45.0013913093255
14,865,45.5370041599973
15,865,58.1118019287427
16,865,39.3801188163226
17,865,40.4010464580522
18,865,37.1016701348762
1,866,32.8320510947127
2,866,61.1609974949128
3,866,64.8652344558159
4,866,52.0100373067111
5,866,48.9849156173376
6,866,59.522939657287
7,866,43.8721264197729
8,866,60.2867442688357
9,866,56.9769154986856
10,866,31.5941464716835
11,866,55.1468946895718
12,866,43.3244112400371
13,866,40.7757068153702
14,866,60.3495656392411
15,866,56.6343964411945
16,866,66.2938952295794
17,866,75.8456313834107
18,866,57.3051917406069
1,867,38.5181257143684
2,867,59.431490622691
3,867,50.2695808554005
4,867,39.9819729031314
5,867,49.1056534531296
6,867,43.1617310067423
7,867,40.0204933104958
8,867,38.7284955846663
9,867,49.3240619918694
10,867,34.4752665262379
11,867,30.8750913088813
12,867,63.7972024315422
13,867,49.376950733325
14,867,52.5736566724421
15,867,77.8792683144869
16,867,38.6016043174195
17,867,82.1365356916115
18,867,56.0818113043456
1,868,49.7808922888056
2,868,69.077684408585
3,868,48.1495265989059
4,868,39.2579092058688
5,868,40.5451553428791
6,868,45.9500437447392
7,868,34.1266199492074
8,868,42.3522294187629
9,868,54.6421767232925
10,868,38.6067862760356
11,868,57.793263833054
12,868,49.5456109911744
13,868,44.5320660400704
14,868,37.490299002464
15,868,46.9218409983197
16,868,46.877878604113
17,868,65.6692935597243
18,868,46.7730938832527
1,869,61.3447168430678
2,869,83.3647660347713
3,869,38.9484948159739
4,869,46.4812629769651
5,869,60.5649875957538
6,869,68.7095646990157
7,869,52.3412006174287
8,869,34.3546568262758
9,869,45.4615829173166
10,869,41.1223448884915
11,869,46.8136687391684
12,869,52.5297222666725
13,869,45.7787702022397
14,869,89.1855643737304
15,869,51.9957902930799
16,869,41.1352067496959
17,869,49.2902383866525
18,869,41.8566588965294
1,870,64.3400745163809
2,870,52.8109176346247
3,870,37.505554236835
4,870,53.2783556863588
5,870,47.2827132871406
6,870,45.1759417342968
7,870,58.6266541664232
8,870,56.0694479189778
9,870,59.3730157331623
10,870,45.7781528346692
11,870,56.5299485542485
12,870,51.4317821516529
13,870,28.5231760962003
14,870,49.5284033780619
15,870,44.7800909469804
16,870,49.1376083600604
17,870,52.7907253378011
18,870,38.8593907478628
1,871,39.5993976443499
2,871,57.5970316331606
3,871,44.7348830654046
4,871,41.5103265018671
5,871,52.0142642000059
6,871,47.8776662727537
7,871,46.0169078607771
8,871,43.2034680096639
9,871,53.2777330842992
10,871,60.0089577962649
11,871,56.7257193517736
12,871,43.0122952693125
13,871,33.2827694527445
14,871,40.9151494310666
15,871,37.6458873928419
16,871,57.3599101260605
17,871,60.118367415431
18,871,63.0473014889662
1,872,50.3775253541747
2,872,32.3443219816121
3,872,89.1855643737304
4,872,39.0603127261768
5,872,50.3391183435542
6,872,44.2262491747849
7,872,43.4403670167765
8,872,74.7382166545753
9,872,73.2919637132249
10,872,31.7935299521403
11,872,36.1351689327241
12,872,36.7037172621455
13,872,49.5044095090651
14,872,53.4701213050414
15,872,57.015319105533
16,872,48.8018854101239
17,872,57.7893368619044
18,872,36.1398763371155
1,873,30.5786976254368
2,873,40.9526742198337
3,873,36.8314646175998
4,873,56.2262118234823
5,873,31.5499975897365
6,873,46.3069979155556
7,873,40.0416102484072
8,873,51.8224371885135
9,873,51.1792666737097
10,873,39.3535506489914
11,873,53.3601527505385
12,873,47.64107985721
13,873,63.9418326241374
14,873,56.8819056908397
15,873,45.7782093169158
16,873,53.2063164902619
17,873,47.642131766204
18,873,44.6007981771786
1,874,28.5231760962003
2,874,70.0663442903128
3,874,46.9927567278619
4,874,70.8221330544988
5,874,76.1908058162056
6,874,36.8736911417724
7,874,58.6774169948843
8,874,46.3395322931419
9,874,70.7581202125389
10,874,47.1917723722474
11,874,53.1243248970736
12,874,50.6382182129454
13,874,58.459544931578
14,874,29.0350973548152
15,874,50.5527128971097
16,874,51.2678239780466
17,874,74.658961775911
18,874,52.3880549426783
1,875,47.7021564622512
2,875,53.920790000303
3,875,47.4704754404622
4,875,49.8899232370873
5,875,47.3141991003627
6,875,41.786043165465
7,875,59.5486929332177
8,875,40.1640256228739
9,875,40.9278391591319
10,875,45.9797566140178
11,875,55.2163926519394
12,875,53.2131030563748
13,875,49.9727263996657
14,875,46.4247277278999
15,875,44.4385976768746
16,875,61.2142848626438
17,875,43.5980197498595
18,875,41.816491613445
1,876,43.8081279839726
2,876,44.4056083533368
3,876,45.3266358837996
4,876,56.7804393173417
5,876,60.7567137701169
6,876,41.0254955063742
7,876,41.9607656454685
8,876,48.7493785438567
9,876,54.2840243192413
10,876,51.197849556143
11,876,51.2990479403907
12,876,48.801819344731
13,876,29.1706844003615
14,876,66.938451762037
15,876,65.1014533528254
16,876,42.6567490352153
17,876,57.1871012830589
18,876,73.4138562300956
1,877,52.5211306143917
2,877,56.1018808479353
3,877,55.0778680191946
4,877,41.6254771305679
5,877,64.4560839300508
6,877,39.880493373568
7,877,61.5614801275625
8,877,59.8114555104424
9,877,45.2695592187175
10,877,73.5689655964472
11,877,46.941668076531
12,877,58.0018972988466
13,877,42.1837283829302
14,877,48.1915685533367
15,877,42.5902586185516
16,877,50.3662701909124
17,877,37.0966259068609
18,877,42.4759759559158
1,878,50.5218867958235
2,878,36.3516689974985
3,878,65.6193200528397
4,878,61.3817920523284
5,878,34.6572768511958
6,878,50.9606372512913
7,878,48.1233111839264
8,878,28.5231760962003
9,878,53.3733987527407
10,878,38.9115022013273
11,878,31.8914922857693
12,878,47.3235008915958
13,878,45.6372003527907
14,878,37.0655365870552
15,878,53.9927676538706
16,878,49.4965150391322
17,878,57.7123941318389
18,878,56.3207996455762
1,879,44.2932601420086
2,879,35.5948524269006
3,879,64.6001786110194
4,879,38.28695982629
5,879,43.6983875556955
6,879,38.9732564959886
7,879,69.6670659876772
8,879,35.102981079739
9,879,64.6777736980174
10,879,68.9520449710039
11,879,55.4025257946772
12,879,55.2372826030489
13,879,40.2381249116214
14,879,44.9383169408989
15,879,60.3959783044376
16,879,48.3598990727927
17,879,75.3412116561691
18,879,81.4541717231769
1,880,54.2407955522968
2,880,45.0236672118471
3,880,53.3525879667495
4,880,59.8245796460182
5,880,72.0320447775463
6,880,44.9052703984408
7,880,48.1013170401488
8,880,54.4575547114623
9,880,52.8752858051641
10,880,42.5711350525315
11,880,51.7015814969892
12,880,46.8322448782335
13,880,68.3879702174421
14,880,49.5326244779068
15,880,35.2327650299596
16,880,80.373117105979
17,880,35.9488249406604
18,880,36.9817573241989
1,881,53.8331348613365
2,881,47.6936279624613
3,881,39.3658046812711
4,881,49.9377712146987
5,881,46.7163532706921
6,881,33.1857363062101
7,881,53.570971715459
8,881,68.7373084937723
9,881,60.7528329793583
10,881,62.5234341898292
11,881,57.2926185027772
12,881,52.7251367815739
13,881,48.3743373017918
14,881,36.994558645934
15,881,39.6499104148348
16,881,51.3214514202343
17,881,32.5422487959345
18,881,50.3644671642996
1,882,43.9703814862357
2,882,75.8188554914954
3,882,67.828305314663
4,882,45.2600281108625
5,882,55.8764413135522
6,882,33.8961624473495
7,882,36.6664266703432
8,882,60.2593583774323
9,882,51.7929882137965
10,882,39.6645369587699
11,882,55.7854662957639
12,882,54.3513786074882
13,882,49.8979186087853
14,882,55.8480668613389
15,882,41.1173430247773
16,882,44.0439050288063
17,882,42.6564377932092
18,882,46.3046118317887
1,883,55.0362938033928
2,883,53.3538927562159
3,883,28.7467694096201
4,883,49.7729877792105
5,883,54.7806455371804
6,883,57.7636873359091
7,883,79.9666230848833
8,883,55.1560843809165
9,883,31.589224986105
10,883,48.7750561107242
11,883,33.7850552822487
12,883,77.4907798697404
13,883,80.6707669244927
14,883,60.5242745002041
15,883,40.0814689610481
16,883,42.6977335780739
17,883,66.1525720822579
18,883,38.0970021799625
1,884,53.9522300937843
2,884,51.9761181116712
3,884,69.4915584947951
4,884,41.2005274468316
5,884,44.4922005343762
6,884,61.6919639082051
7,884,39.7348060742446
8,884,48.1242808305136
9,884,52.6780051044539
10,884,39.6913890888156
11,884,37.6539564730005
12,884,69.4207462318602
13,884,48.2401850298218
14,884,49.0818454183307
15,884,77.3616077530472
16,884,43.3482842287205
17,884,68.397737866607
18,884,34.7986669223144
1,885,52.1765015443725
2,885,40.2380800446866
3,885,36.214792386493
4,885,53.3598125043788
5,885,66.0928042752901
6,885,53.8036010853726
7,885,41.356232981337
8,885,38.8620982478075
9,885,34.3894819977095
10,885,55.9622656470163
11,885,46.4904985336008
12,885,54.6917935082257
13,885,75.2610172410827
14,885,60.7226566937723
15,885,28.5231760962003
16,885,40.7275627730043
17,885,54.3387827921328
18,885,50.4728098704747
1,886,47.8330458440489
2,886,35.418742481359
3,886,67.9280795001802
4,886,45.6116662960502
5,886,49.0936647074669
6,886,67.5730240035331
7,886,34.4743322375359
8,886,43.0210490666952
9,886,48.260812284389
10,886,37.5117158930595
11,886,36.0062165602659
12,886,43.7640469914893
13,886,43.4913220282025
14,886,49.4881734072113
15,886,46.1337906234188
16,886,52.4251931638903
17,886,71.3181243303307
18,886,76.9184216761765
1,887,40.5129368362961
2,887,41.9235132912678
3,887,49.5132514258304
4,887,73.0976021269082
5,887,58.3307360150139
6,887,49.9617090259276
7,887,40.9460141561487
8,887,74.8140414177795
9,887,40.237012101029
10,887,45.0347219044752
11,887,37.2569651455952
12,887,50.9501158113527
13,887,83.0450900528421
14,887,67.1428987791653
15,887,52.8806977405028
16,887,51.5557844076731
17,887,35.6799374872971
18,887,52.7072733713232
1,888,68.5090964090905
2,888,55.9860447184353
3,888,47.2465123817749
4,888,60.039627758405
5,888,48.8424143673133
6,888,49.9092211218944
7,888,57.2110097088554
8,888,38.2370895145804
9,888,52.7796225508048
10,888,34.8530479207411
11,888,89.1855643737304
12,888,51.7447259291575
13,888,35.7863804543427
14,888,37.6305877833399
15,888,59.9748198438618
16,888,31.3176744741972
17,888,40.1665723929033
18,888,43.1930801488839
1,889,40.5047433843648
2,889,64.7302746602329
3,889,43.8479570664375
4,889,39.5742503515995
5,889,59.4246431544388
6,889,68.2285600313152
7,889,73.0284406400051
8,889,54.3804209239906
9,889,62.9993363191983
10,889,64.1687653400108
11,889,39.8641445669405
12,889,42.9166678549671
13,889,47.3727313456079
14,889,51.1491668377082
15,889,44.510669486947
16,889,64.7139215865035
17,889,38.4946756578451
18,889,36.27235788458
1,890,65.629633090389
2,890,61.049001888012
3,890,40.5653350698561
4,890,52.7410615925449
5,890,46.6861491401254
6,890,61.2428052674078
7,890,43.048818511958
8,890,39.0004316339453
9,890,74.7919536763536
10,890,55.7310529231215
11,890,51.81567211255
12,890,72.8391895136
13,890,45.0045144364566
14,890,58.9420815876143
15,890,41.0898222158176
16,890,44.7885929167253
17,890,70.5945858935745
18,890,41.3018128352514
1,891,57.6433783696599
2,891,39.9272242442466
3,891,63.4440313395999
4,891,57.1562715083059
5,891,32.8458026821241
6,891,33.6890030883603
7,891,60.5459552561491
8,891,39.732374860885
9,891,63.4155934539238
10,891,29.7844724774312
11,891,89.1855643737304
12,891,48.1404175901326
13,891,59.8579356876315
14,891,37.9035996612317
15,891,70.817200720323
16,891,56.7730621978845
17,891,45.3229306926478
18,891,28.5231760962003
1,892,41.6983458082738
2,892,47.121206309706
3,892,40.0264658168917
4,892,56.2149269797073
5,892,28.5231760962003
6,892,51.8108451155487
7,892,41.7720303219035
8,892,50.129254055146
9,892,41.3085329141548
10,892,54.0229830497919
11,892,69.2443276646759
12,892,61.816182573446
13,892,36.6007602175273
14,892,51.4462006534353
15,892,53.7922791131996
16,892,51.5814447575164
17,892,69.3482021012772
18,892,42.1335010012044
1,893,45.6854902104997
2,893,45.472552016674
3,893,52.5315474348996
4,893,42.0932284102651
5,893,45.3414828214924
6,893,81.7324861479672
7,893,74.0165760071759
8,893,57.7379370892736
9,893,46.1252200621883
10,893,48.3107155520068
11,893,40.0251323635211
12,893,41.2671361311375
13,893,66.4552122791111
14,893,60.9411882916748
15,893,31.23961752518
16,893,55.2279999494846
17,893,83.9102168516669
18,893,46.3794380508016
1,894,52.1016070316301
2,894,56.7760517751235
3,894,49.154588131844
4,894,41.3566551402643
5,894,41.5996865880061
6,894,54.4868687435663
7,894,38.5442281461856
8,894,67.7595275991954
9,894,57.4080013111287
10,894,59.4909412678657
11,894,52.9976213563096
12,894,60.0503289697428
13,894,89.1855643737304
14,894,55.0614199366872
15,894,45.5598751174042
16,894,43.6827241952008
17,894,78.8807928202482
18,894,47.6178897610473
1,895,54.343177878084
2,895,42.9544156131341
3,895,39.7175972175297
4,895,43.6755194027952
5,895,54.5049203011034
6,895,31.6202676955691
7,895,42.5536050060696
8,895,52.6263597214478
9,895,40.7206839470218
10,895,58.3271159885393
11,895,48.8733689989046
12,895,38.8537105938728
13,895,59.9438115038451
14,895,52.690969489446
15,895,51.8523616852203
16,895,69.2945655774989
17,895,35.4000072551083
18,895,28.5231760962003
1,896,78.5868771496998
2,896,54.0824925724393
3,896,51.7497049011661
4,896,48.048007586459
5,896,61.8911394420903
6,896,65.4606632062941
7,896,35.1458946176724
8,896,40.4366693063646
9,896,78.7427439993287
10,896,38.2726179329635
11,896,44.1012132509651
12,896,63.5881547229735
13,896,43.310102294213
14,896,74.5812323830782
15,896,44.8189968555172
16,896,43.0797715583211
17,896,59.433507102993
18,896,32.4393553593335
1,897,49.7610134300014
2,897,45.0502116195765
3,897,64.653909390547
4,897,38.6756805408127
5,897,44.2920414103475
6,897,54.7741282790335
7,897,50.6807583869979
8,897,43.0910819296558
9,897,35.866846467345
10,897,44.2900028638074
11,897,61.4459414907384
12,897,82.7351452729803
13,897,52.1593416093461
14,897,34.2021035122273
15,897,35.6034831070726
16,897,45.9357737370925
17,897,50.0004091361076
18,897,45.2928960172005
1,898,49.3587498028592
2,898,85.2101520697398
3,898,38.1715409905688
4,898,40.6383324545049
5,898,60.9322923035824
6,898,55.5217070125509
7,898,53.5262044960255
8,898,89.1855643737304
9,898,45.3835173623025
10,898,43.0999463151709
11,898,71.4334747741379
12,898,35.1087749890126
13,898,42.9149008477885
14,898,61.3375459646674
15,898,50.2031853525482
16,898,58.0440852810132
17,898,59.94401979002
18,898,56.7187331129309
1,899,59.358919753509
2,899,42.6751851537032
3,899,47.3561816438272
4,899,56.0020871139311
5,899,61.2352855385792
6,899,89.1855643737304
7,899,57.4091590933206
8,899,42.5962709705663
9,899,51.9387325480363
10,899,36.5673525862191
11,899,60.0731554018409
12,899,54.5657452841595
13,899,55.9999276368783
14,899,65.1649558583682
15,899,54.2214518314734
16,899,45.0593496976373
17,899,65.7906843318551
18,899,48.3877233780119
1,900,36.7720506234801
2,900,53.6654123806952
3,900,41.985123046947
4,900,60.8028721804531
5,900,75.4180850330202
6,900,39.8716967417869
7,900,43.6854634197353
8,900,38.6385583147858
9,900,36.2173833008008
10,900,42.9278923643626
11,900,29.816863147196
12,900,53.0912055318414
13,900,54.6103382490362
14,900,50.2390401859085
15,900,55.2230139097768
16,900,58.6432709331202
17,900,42.0984874398538
18,900,58.9376382416747
1,901,55.9382973938472
2,901,48.0663833128371
3,901,65.1813636673574
4,901,63.043443452295
5,901,38.429387451147
6,901,58.7624101869125
7,901,28.5231760962003
8,901,40.1029398245093
9,901,38.3328237897641
10,901,62.4604768338074
11,901,66.1751275869125
12,901,49.7862276507197
13,901,40.371387284951
14,901,61.3131598880535
15,901,49.762447825811
16,901,34.866797795672
17,901,63.627695628017
18,901,62.8422875735129
1,902,53.3884150747485
2,902,68.4354014730965
3,902,73.0697645783527
4,902,82.5534080052809
5,902,64.7370618829469
6,902,72.8425007101189
7,902,46.538879400601
8,902,72.6121582207131
9,902,39.466691192069
10,902,77.7578116745233
11,902,45.7652501449948
12,902,36.9357168703455
13,902,40.3629846620179
14,902,48.5869277300116
15,902,32.15366171999
16,902,59.7238794747453
17,902,67.7720126168901
18,902,33.7481167522791
1,903,77.6230631022577
2,903,72.9246150910945
3,903,46.1507848012751
4,903,55.9077100492038
5,903,40.277220919031
6,903,44.3722525784835
7,903,53.8898590296587
8,903,63.1174676152218
9,903,42.4468094912644
10,903,47.2858248965658
11,903,57.8753738198128
12,903,54.0782876713462
13,903,48.0712049618965
14,903,44.1027331927367
15,903,40.381789599644
16,903,39.6984769631172
17,903,58.0326130795384
18,903,54.3146489512054
1,904,39.8444440422559
2,904,70.0813508087579
3,904,28.5231760962003
4,904,45.3640375849716
5,904,52.1866945656425
6,904,29.1020458578732
7,904,68.788183213937
8,904,43.9822128281721
9,904,66.0762812207136
10,904,44.5608085340465
11,904,34.4349598398605
12,904,59.099202279468
13,904,46.6146524731422
14,904,49.1821689020055
15,904,46.7073440410385
16,904,48.5698273229936
17,904,42.9625557361617
18,904,44.8093125871584
1,905,45.6487771361685
2,905,64.1256359647745
3,905,36.1481779555749
4,905,59.607369817174
5,905,49.1989348484253
6,905,60.4666644337067
7,905,50.1274357179385
8,905,31.1229618573873
9,905,33.9088033161581
10,905,39.5272907288791
11,905,49.9353305702843
12,905,50.8481311102948
13,905,45.8993909947226
14,905,45.7068602089055
15,905,52.7851350374301
16,905,36.6877641829402
17,905,43.8282703909046
18,905,37.5064562091582
1,906,70.1728330237639
2,906,30.4305431406557
3,906,30.8909569472731
4,906,33.5188440623827
5,906,49.1388577173809
6,906,49.814037351175
7,906,44.4763263083403
8,906,43.6830248411448
9,906,58.0887849058421
10,906,36.5495894723575
11,906,49.2788709853495
12,906,48.4756662864144
13,906,42.3009449248886
14,906,52.789123025139
15,906,60.8466876706866
16,906,44.3120633797742
17,906,42.1698072935468
18,906,80.2416387598819
1,907,48.2435286129758
2,907,28.5231760962003
3,907,57.4178438358482
4,907,61.3733695885416
5,907,48.2635284438471
6,907,69.9053528857095
7,907,43.9001528830626
8,907,51.4723664037908
9,907,39.4277152023384
10,907,46.7732966916296
11,907,40.2626141586873
12,907,33.4916520678299
13,907,49.5954547020011
14,907,33.6751119805183
15,907,48.7558047351324
16,907,66.2204489189339
17,907,44.8143870087552
18,907,29.4962336786753
1,908,47.338466969011
2,908,46.5782299045289
3,908,41.2668894218291
4,908,78.4999906600495
5,908,42.6315493141855
6,908,74.0638004970227
7,908,44.6780284400886
8,908,51.1135137805765
9,908,48.141705983021
10,908,43.8399896401469
11,908,40.6687494709735
12,908,41.2980263393528
13,908,41.265586847767
14,908,53.7554822922191
15,908,45.9869272962673
16,908,47.547358822873
17,908,49.9942920752394
18,908,49.5032043048852
1,909,37.7793270410613
2,909,48.5787092499484
3,909,42.2721533250416
4,909,48.827063778664
5,909,41.2029805847946
6,909,46.0965769541666
7,909,47.9079573281624
8,909,89.1855643737304
9,909,32.4702666699322
10,909,51.9133894993192
11,909,49.2847423399906
12,909,43.4588897706579
13,909,41.9769362289883
14,909,50.1938380031668
15,909,55.0415404943679
16,909,47.4135615252381
17,909,35.9317924137936
18,909,60.5759549899533
1,910,55.4115090212625
2,910,42.3888162582283
3,910,59.0234474697383
4,910,52.9195251836963
5,910,45.9728212809757
6,910,54.4202082404336
7,910,45.6717459591476
8,910,36.788585409803
9,910,49.3136824453464
10,910,87.0054215342089
11,910,52.282890716095
12,910,44.7056208831703
13,910,57.522002463538
14,910,44.1556988021535
15,910,37.1449666919429
16,910,40.2732608551196
17,910,64.4358013790092
18,910,64.9423657567867
1,911,44.9320686725984
2,911,70.4649798945174
3,911,42.5557561336749
4,911,57.0873962478056
5,911,28.5231760962003
6,911,52.022662063436
7,911,78.2044392592728
8,911,30.8867354108457
9,911,40.8605663208664
10,911,77.4317135611976
11,911,50.5554171314959
12,911,71.9758119134611
13,911,55.222783764518
14,911,80.9743301328748
15,911,49.4920770762327
16,911,48.0212912215155
17,911,30.248341060342
18,911,38.1226201618641
1,912,44.0615769903865
2,912,63.1411143691828
3,912,47.9268357298775
4,912,67.5555808692579
5,912,80.9068738451265
6,912,58.8801959115146
7,912,53.143266965198
8,912,34.9639930629387
9,912,64.1416571758264
10,912,78.0214300145051
11,912,46.52817659088
12,912,47.1418013678242
13,912,62.8198854247501
14,912,48.6165229773908
15,912,34.0830962217395
16,912,38.2869741951284
17,912,66.8795148515617
18,912,72.767537915328
1,913,46.7227700648934
2,913,60.7297877311774
3,913,34.347660030328
4,913,46.7200587365238
5,913,45.7453909267587
6,913,53.0904189856367
7,913,43.8584135255979
8,913,45.9699310452059
9,913,51.3181729700454
10,913,39.6081408898243
11,913,39.1412862165178
12,913,61.4890527775699
13,913,39.4619848379364
14,913,65.1925602241607
15,913,35.0273379280084
16,913,47.3474640524186
17,913,29.7101812418647
18,913,52.1944561228732
1,914,53.0875283747507
2,914,58.574654675819
3,914,39.473817496055
4,914,28.5231760962003
5,914,46.1311501607306
6,914,35.2601628299785
7,914,46.8008606398187
8,914,63.023563120407
9,914,58.6895439102481
10,914,64.8126378106044
11,914,55.4392081887231
12,914,51.1913935904913
13,914,74.8608937701764
14,914,53.8729927726421
15,914,57.3148424405231
16,914,61.7642474052338
17,914,45.7900691806797
18,914,44.0946404584709
1,915,36.2139914200846
2,915,50.1154875688104
3,915,58.5438780372905
4,915,44.4882344559684
5,915,55.4033008674073
6,915,50.8735545078059
7,915,55.3059846121503
8,915,42.7512511183269
9,915,46.0568779845119
10,915,45.0405275741476
11,915,49.9392227105191
12,915,55.9147258551519
13,915,46.3389170989196
14,915,32.8772176257798
15,915,43.4216915676354
16,915,37.297939221224
17,915,41.8862180186452
18,915,53.4905086818496
1,916,53.6266952729633
2,916,72.7626298504774
3,916,47.2424332559552
4,916,43.5964579907848
5,916,50.1612201037516
6,916,41.1590211505773
7,916,58.0395411990334
8,916,53.9070827072683
9,916,52.9858487139275
10,916,64.2097452587218
11,916,73.2900581345438
12,916,45.3468244679614
13,916,66.759726510387
14,916,53.1866307215008
15,916,73.9875587786889
16,916,74.3550363082186
17,916,61.9729682572998
18,916,75.1647951009443
1,917,49.2050742787042
2,917,36.7096633514406
3,917,48.3200116507279
4,917,35.2362485848965
5,917,53.1989389488393
6,917,47.9007117836659
7,917,50.3842313188539
8,917,39.6975693875562
9,917,52.8170516730142
10,917,59.020709046437
11,917,47.845558305973
12,917,49.8477201301685
13,917,44.2377032063631
14,917,48.1554866349318
15,917,41.0598911411898
16,917,39.2110316899574
17,917,51.7442616232234
18,917,38.1837418646081
1,918,36.6038656203446
2,918,53.3812090900287
3,918,57.52280456667
4,918,60.8611531589567
5,918,37.9830414042712
6,918,74.7698828424457
7,918,47.8117644800583
8,918,61.444669019064
9,918,34.5889890902615
10,918,59.2884076479319
11,918,55.1524775150393
12,918,56.1158001974731
13,918,77.4639836778216
14,918,56.8882167525497
15,918,59.754298644568
16,918,51.1828534405714
17,918,51.6556500246844
18,918,54.9179677976731
1,919,57.1253733886863
2,919,40.3496600927478
3,919,54.3577024372769
4,919,44.6268830014286
5,919,36.3127453419573
6,919,49.250152245784
7,919,35.0958070066542
8,919,45.4311769670771
9,919,52.9667906937751
10,919,38.5305925994915
11,919,36.5220844448754
12,919,71.9673620559753
13,919,54.2809741929945
14,919,46.1090185738335
15,919,68.0948827196563
16,919,41.5411392005348
17,919,56.9365384636573
18,919,46.2955223256521
1,920,57.5335172638667
2,920,56.572701886294
3,920,60.4289899051523
4,920,53.4790150715161
5,920,58.6350483997666
6,920,39.5009841908621
7,920,65.3245495311076
8,920,32.1013343756464
9,920,31.4415820448576
10,920,41.5355128459501
11,920,50.9102252929165
12,920,52.4123609792661
13,920,64.7189566985895
14,920,64.7865532812574
15,920,43.7445162602291
16,920,58.5066389309425
17,920,56.5502707551382
18,920,67.0847458256928
1,921,50.3716433490134
2,921,56.2377090708218
3,921,44.9250047475991
4,921,51.7950687335147
5,921,41.973687840747
6,921,32.4191657152435
7,921,65.9820575208746
8,921,58.8947198363656
9,921,46.6458813483624
10,921,38.5838651356459
11,921,35.1487106031518
12,921,45.1768478457061
13,921,56.3739622883192
14,921,59.0332665052665
15,921,49.5730321917619
16,921,44.3082384885039
17,921,71.9085390843061
18,921,48.1630895604342
1,922,51.2122135591954
2,922,43.272500176623
3,922,54.7953289405051
4,922,59.0660444989282
5,922,57.3614018811088
6,922,55.7677265672592
7,922,69.1424699213496
8,922,57.391781626706
9,922,41.4799115382848
10,922,41.8270968929454
11,922,42.996701287357
12,922,44.5688617962239
13,922,77.9303707803513
14,922,43.5343024540068
15,922,50.3382641660047
16,922,57.6191588885049
17,922,46.4533348784572
18,922,68.8261540874008
1,923,36.5031121683254
2,923,67.1576361925022
3,923,61.1936145088178
4,923,87.3056340519836
5,923,48.603869121092
6,923,53.6452819168286
7,923,72.0840274712629
8,923,35.2143005159674
9,923,48.7481897105818
10,923,49.9067474163915
11,923,45.8448151687068
12,923,61.8725795844025
13,923,46.3462850741187
14,923,43.4536239123526
15,923,55.4464011508935
16,923,48.12457366138
17,923,54.4194512718073
18,923,34.4722639452432
1,924,51.7657842872954
2,924,66.2482169143831
3,924,41.0561555045807
4,924,30.281796531535
5,924,57.7302951536757
6,924,31.6839592328338
7,924,47.1028648865652
8,924,70.7585368602906
9,924,40.5129805478404
10,924,36.7417502842813
11,924,52.5940427913025
12,924,54.6477290618302
13,924,47.9407765175706
14,924,54.808147408274
15,924,53.6692071160992
16,924,70.9565097590659
17,924,64.1808317864111
18,924,63.0156578035198
1,925,43.0675320782638
2,925,34.1259470446942
3,925,48.45494765744
4,925,37.6512796924889
5,925,65.0372569462067
6,925,43.8312370403394
7,925,47.7285326889877
8,925,81.0785772157149
9,925,51.1611418083542
10,925,38.3543622362433
11,925,64.0261923207713
12,925,31.7569989101665
13,925,67.3985657533949
14,925,76.1371078488526
15,925,28.5231760962003
16,925,44.6930083787247
17,925,49.3913748413864
18,925,50.3863516167969
1,926,56.7038634427939
2,926,51.0789032409664
3,926,46.2942777364476
4,926,49.555021436408
5,926,57.6730561197354
6,926,44.2621094630363
7,926,41.4288501983131
8,926,59.6286705176105
9,926,56.08407801766
10,926,39.8897680471681
11,926,68.9939757395211
12,926,40.6012300419531
13,926,46.7213463263832
14,926,53.8376767757954
15,926,52.2892082447582
16,926,38.8657478079856
17,926,44.0709718145588
18,926,71.0312703506223
1,927,39.6866793330752
2,927,45.5473359406965
3,927,52.6339622788397
4,927,49.5370091920565
5,927,43.6520628159219
6,927,41.5244729149597
7,927,38.7069434553808
8,927,47.1087251238655
9,927,63.6194253318665
10,927,75.0077920439722
11,927,64.7862468848511
12,927,42.1756770197075
13,927,65.8866404328646
14,927,53.3841380353759
15,927,47.7584458008383
16,927,37.2853803411302
17,927,48.9000908974567
18,927,46.8750788902529
1,928,64.7134736399178
2,928,59.2815132029178
3,928,66.5732300990927
4,928,42.8333355290428
5,928,35.0081556806215
6,928,40.348721594158
7,928,46.1301139175152
8,928,43.3589983685437
9,928,49.7018389015329
10,928,85.3748677528293
11,928,28.5521227678398
12,928,51.1658107470157
13,928,53.0733798801803
14,928,50.0722483319274
15,928,44.3101794755331
16,928,43.2631660814014
17,928,65.2440104020012
18,928,52.719536214773
1,929,58.7983102151065
2,929,37.5379108917333
3,929,51.4620288058015
4,929,33.2692867869528
5,929,51.5211319467483
6,929,44.7039483250155
7,929,65.8451220374613
8,929,53.6865362398498
9,929,65.429620014736
10,929,72.481994536758
11,929,59.6966780959669
12,929,54.8515196201352
13,929,48.0559352562598
14,929,34.6874943245062
15,929,50.679844360312
16,929,53.9609820469171
17,929,49.8902348020268
18,929,30.911938124534
1,930,45.6495755660416
2,930,50.0387419181263
3,930,47.5025998470707
4,930,51.3223912520279
5,930,81.4468698101623
6,930,29.3162316736204
7,930,38.4850588671921
8,930,62.4539688206883
9,930,53.8862525597427
10,930,44.9585307441935
11,930,37.3299274997254
12,930,51.2098745244971
13,930,48.0899887207961
14,930,33.835542503486
15,930,40.5938245139717
16,930,55.267226576479
17,930,38.9584583051222
18,930,56.4511354466397
1,931,58.920805574502
2,931,48.4550245101175
3,931,50.739572385716
4,931,52.9622173596054
5,931,56.9634606260833
6,931,35.0442776808981
7,931,38.7940427023979
8,931,40.3713094306113
9,931,63.1205301132151
10,931,89.1855643737304
11,931,60.2226014834829
12,931,60.7160635799922
13,931,30.2522642621423
14,931,37.9477762672044
15,931,44.0700520318131
16,931,50.4554316382193
17,931,44.5522727680271
18,931,61.9866204279609
1,932,52.1586267329641
2,932,30.9999847856838
3,932,47.3013243430405
4,932,38.6918565474738
5,932,48.6175635466163
6,932,68.9634262846278
7,932,40.8995257650436
8,932,64.9923741923927
9,932,40.0002521784747
10,932,42.9335518068469
11,932,53.0000704381411
12,932,49.2248577318259
13,932,89.1855643737304
14,932,33.2709312329176
15,932,51.5722138892595
16,932,71.8400053554496
17,932,49.0262596518409
18,932,50.0693255041152
1,933,61.9901196482697
2,933,45.8441656148279
3,933,55.2537970749381
4,933,76.5422156116812
5,933,54.0999829028343
6,933,51.4820141838917
7,933,37.66281585055
8,933,46.7005281275721
9,933,41.4397774929199
10,933,41.9025818110942
11,933,55.4292062619042
12,933,63.2171065475238
13,933,37.5062566578167
14,933,41.2582127084763
15,933,31.5316083593453
16,933,48.5715049752998
17,933,66.6485990659611
18,933,50.2718028288133
1,934,53.8868714124981
2,934,41.8752794681772
3,934,35.5391922443121
4,934,51.8495850022106
5,934,35.805291742411
6,934,38.63273257576
7,934,54.2472949257328
8,934,54.1927885100277
9,934,50.9996944068378
10,934,61.4546458729986
11,934,47.6934529716218
12,934,53.2538261479947
13,934,40.6505358938952
14,934,37.4754385847129
15,934,51.961062927514
16,934,38.8533684941598
17,934,59.6109120184021
18,934,32.0993242308855
1,935,62.8146717022535
2,935,43.8143774008196
3,935,67.9140122499585
4,935,43.3453507998749
5,935,49.7198155646971
6,935,38.5254417076727
7,935,46.6962551144793
8,935,79.8208304261167
9,935,81.0524523637188
10,935,37.7215858535601
11,935,50.518130619554
12,935,58.8886046291306
13,935,75.2562660173699
14,935,51.5085116969176
15,935,72.7910349457501
16,935,57.8405918055463
17,935,43.7148021811803
18,935,53.3445416517758
1,936,38.5517199075305
2,936,52.5497952798971
3,936,53.5786778873518
4,936,50.943942209129
5,936,72.7707927621013
6,936,41.3605558846132
7,936,82.0168497240362
8,936,60.0516804131644
9,936,51.4936783798958
10,936,39.4891320895236
11,936,31.7920435154673
12,936,37.2716966326114
13,936,52.0199488311617
14,936,43.3429999780995
15,936,37.653833379446
16,936,71.1649613212828
17,936,39.7081410281667
18,936,40.3368190193442
1,937,42.3421298707891
2,937,62.2954043538478
3,937,45.8825003594354
4,937,67.4736815331224
5,937,54.1672104801784
6,937,65.9091007465299
7,937,45.367945008809
8,937,38.4455111223564
9,937,30.4433127230653
10,937,43.6816365705362
11,937,34.4695195094787
12,937,53.8914845453857
13,937,45.0737767276965
14,937,46.1611502002844
15,937,38.2177840233349
16,937,46.5109264337115
17,937,32.7666605180012
18,937,66.4101497581247
1,938,40.8929306998602
2,938,41.4208209632451
3,938,52.0858507992339
4,938,46.2219723372768
5,938,47.5336064232004
6,938,66.6802823357516
7,938,32.1062105557244
8,938,49.3621399701118
9,938,44.2146755533935
10,938,56.015484759133
11,938,53.884121947188
12,938,30.5683444412846
13,938,35.2739174237766
14,938,44.974279502719
15,938,77.296008349572
16,938,40.5037722919477
17,938,49.2131816826361
18,938,61.6892461835405
1,939,89.1855643737304
2,939,86.9683507557912
3,939,72.6011412238384
4,939,52.1923119657351
5,939,39.3191652439718
6,939,47.7373526433525
7,939,64.7126479768942
8,939,67.7053408253992
9,939,47.9754281185166
10,939,41.1007304596584
11,939,44.2338175850899
12,939,39.2323464069009
13,939,89.1855643737304
14,939,62.2040367252001
15,939,39.1979489831127
16,939,38.5470811435998
17,939,66.0071280513797
18,939,45.557465720874
1,940,52.5129807667319
2,940,31.8790637266179
3,940,46.3149787459521
4,940,61.7674344775841
5,940,69.1229742484179
6,940,50.2434279011994
7,940,32.3440520124332
8,940,49.253098321892
9,940,53.3605228209595
10,940,42.6322378556357
11,940,41.8600616243932
12,940,42.1043479966894
13,940,80.2355492658056
14,940,72.7480586536494
15,940,46.3736182629746
16,940,30.3310033833214
17,940,40.8953070926753
18,940,43.0029233928814
1,941,38.953480851563
2,941,60.4516191210382
3,941,45.9285717918855
4,941,55.9032750710724
5,941,49.436161404607
6,941,33.7999285674989
7,941,54.3135865416824
8,941,48.1178059450689
9,941,39.6149306313639
10,941,40.6343952717056
11,941,51.2722561381252
12,941,29.438107045603
13,941,36.3824027437062
14,941,48.8387287510806
15,941,43.9728562306288
16,941,42.6957026196662
17,941,63.372800588387
18,941,49.3345702864715
1,942,56.5940713633512
2,942,33.6619633129728
3,942,61.9700823118768
4,942,47.0045040060772
5,942,44.3363263734775
6,942,44.4744172478372
7,942,58.3944521086009
8,942,33.7161520029029
9,942,28.5231760962003
10,942,32.7164687884551
11,942,66.7405051927931
12,942,53.1884844559043
13,942,63.5048900672609
14,942,55.9997748345026
15,942,87.8953877349276
16,942,59.9681755172725
17,942,50.2726507414556
18,942,49.4797527891705
1,943,51.4629501116128
2,943,69.9955710097271
3,943,77.4352416866892
4,943,72.9926101692802
5,943,50.3618839337826
6,943,32.3079122052593
7,943,34.46985025775
8,943,39.2920071319722
9,943,47.0227089959432
10,943,41.057730294289
11,943,36.9436246876446
12,943,47.7667396506204
13,943,39.4143589889617
14,943,45.4314875886077
15,943,89.1855643737304
16,943,35.4026183437335
17,943,38.2222741206882
18,943,79.7293709008487
1,944,44.3734468963386
2,944,43.3896918468264
3,944,46.3831081350085
4,944,31.7288133165504
5,944,84.5786030629808
6,944,43.3026350581678
7,944,50.444512340022
8,944,44.597429345549
9,944,61.2403687344455
10,944,49.8869504045452
11,944,68.6887453006215
12,944,89.1855643737304
13,944,38.2889760094157
14,944,50.7088483870672
15,944,44.5268317381505
16,944,48.9115370640633
17,944,47.714521416588
18,944,75.789000094567
1,945,78.9556388244359
2,945,59.6396807494138
3,945,54.76718844322
4,945,41.5062223137438
5,945,57.5630417220432
6,945,47.3772105511046
7,945,40.9101315588782
8,945,39.0725655886516
9,945,59.6735631831822
10,945,46.8288637921104
11,945,38.0929432592631
12,945,43.0277042525293
13,945,69.5924296661495
14,945,31.1340899847361
15,945,59.2909114625551
16,945,66.7227883765953
17,945,66.4437536140951
18,945,58.5122105500304
1,946,34.0688168463235
2,946,48.2154019673634
3,946,35.355015126658
4,946,43.0440673659776
5,946,52.1220520541983
6,946,54.6918254654523
7,946,66.775360646294
8,946,51.327844151139
9,946,49.4908017504699
10,946,48.3139803240471
11,946,49.6193504699576
12,946,39.0701494167692
13,946,29.3801934286372
14,946,34.4722669527204
15,946,61.9339256684022
16,946,79.213026954656
17,946,43.0191614172975
18,946,44.9391330169135
1,947,47.4090932134189
2,947,59.641988232051
3,947,39.6633469029746
4,947,41.2892144071461
5,947,46.2436011599414
6,947,59.3554388571643
7,947,69.0235046159307
8,947,50.0094675377602
9,947,56.4605402220969
10,947,37.161107565976
11,947,41.6666521611768
12,947,35.3256947237395
13,947,37.9332994926653
14,947,35.1577185456428
15,947,63.9559551472801
16,947,44.7780098850266
17,947,54.832522884959
18,947,55.6831159531136
1,948,36.6754205846119
2,948,53.4565748519366
3,948,66.6909685234515
4,948,47.7086480989004
5,948,49.1737724660237
6,948,49.6794154061885
7,948,45.7408784564296
8,948,47.5355767554121
9,948,54.599414316221
10,948,53.0456511503876
11,948,42.4255906460533
12,948,45.050975323365
13,948,89.1855643737304
14,948,31.9324204292297
15,948,63.1941559150468
16,948,65.6531850265997
17,948,33.7627611285822
18,948,45.5779695764786
1,949,36.8696381214399
2,949,39.2574165604761
3,949,53.8512962132926
4,949,58.2554705171299
5,949,45.9816036547365
6,949,50.2070991815438
7,949,48.9903754593676
8,949,55.3237356853318
9,949,29.3895984736789
10,949,82.9762018598947
11,949,46.4852239488953
12,949,45.5917254198126
13,949,80.3147887015409
14,949,42.8666176317193
15,949,55.5830287164672
16,949,46.9664500006878
17,949,48.7690875414326
18,949,41.1926848410161
1,950,58.6178296237513
2,950,72.3974786230709
3,950,56.9693784192695
4,950,38.629966920784
5,950,38.222209826186
6,950,64.0043893385063
7,950,47.0819689606957
8,950,51.0371000758453
9,950,50.404131947725
10,950,49.671820783902
11,950,53.7990522109995
12,950,64.6935338742665
13,950,34.3377854235785
14,950,38.4994001516
15,950,49.0030710637808
16,950,45.6182534788303
17,950,79.2412741680002
18,950,44.6062750103497
1,951,41.5151948061682
2,951,40.6947150601387
3,951,37.724426200834
4,951,67.7941263400933
5,951,50.8600985971429
6,951,59.0681631319991
7,951,41.7976528288492
8,951,47.5728749240743
9,951,54.5315162965514
10,951,57.6156496094771
11,951,53.8472748260403
12,951,47.9537600544972
13,951,51.3560936742564
14,951,44.455189645947
15,951,59.9314283491282
16,951,64.2602082605207
17,951,30.5746584840517
18,951,28.5231760962003
1,952,52.9161095554424
2,952,74.6119268209342
3,952,51.2447671821804
4,952,57.0630201960987
5,952,56.3365552669723
6,952,40.2061158258238
7,952,53.8231159200326
8,952,62.4058690464814
9,952,40.5819407343609
10,952,80.4911288044194
11,952,52.2300385323516
12,952,40.8910868626773
13,952,55.3008140055156
14,952,66.5097269983082
15,952,49.8094890927198
16,952,51.2911657807511
17,952,48.9857193895014
18,952,54.156863559345
1,953,41.2046099351981
2,953,48.0995918814543
3,953,41.9660880809154
4,953,50.2058057521429
5,953,37.4838482058245
6,953,49.1197162237945
7,953,64.1075718753885
8,953,55.6147483708266
9,953,48.4229886635888
10,953,89.1855643737304
11,953,53.9651348753733
12,953,31.514621072264
13,953,57.188961024702
14,953,68.0633550406769
15,953,70.5527054623196
16,953,56.5205138734064
17,953,63.0598467487107
18,953,60.7746233367723
1,954,68.6265540673332
2,954,32.2009776770338
3,954,41.1837187991104
4,954,41.6160404880819
5,954,46.6495418743834
6,954,47.5393690407478
7,954,45.4909439449817
8,954,50.3709872433299
9,954,41.6751227145812
10,954,81.3910608902704
11,954,54.0525789774801
12,954,47.6893713645563
13,954,43.9079225381841
14,954,52.1895929255304
15,954,46.3041969945592
16,954,51.4519505890566
17,954,52.4687615433126
18,954,44.9019661820845
1,955,67.2555474761009
2,955,89.0381005542063
3,955,35.8992947191867
4,955,55.7520271177352
5,955,44.2213137271484
6,955,62.4011006573186
7,955,42.659767686876
8,955,54.4449953866805
9,955,41.072162322434
10,955,46.6830513209963
11,955,33.411390383724
12,955,46.2348868291223
13,955,82.9974329802399
14,955,54.1903772028812
15,955,44.7847247401152
16,955,89.1855643737304
17,955,62.9438754699013
18,955,49.5517863478684
1,956,39.6257138909176
2,956,35.6405349779402
3,956,58.460637137825
4,956,45.920183208649
5,956,87.3492355569489
6,956,50.27591937788
7,956,47.7196948891824
8,956,43.8822270022537
9,956,37.2733137237247
10,956,50.4397066560577
11,956,31.9136217157861
12,956,46.5379378872848
13,956,34.2431699068145
14,956,42.7176106997634
15,956,74.7458412323991
16,956,48.8863056398098
17,956,39.7136346263636
18,956,35.5390568223402
1,957,37.6433752701113
2,957,61.9319424359998
3,957,80.7377281798219
4,957,47.4350792363334
5,957,47.5170843463086
6,957,44.7982484364103
7,957,80.9120257505009
8,957,32.5077885698719
9,957,61.8499359732291
10,957,37.7138554392639
11,957,65.7073565367444
12,957,58.1301109704905
13,957,59.1651771291259
14,957,38.0613408173075
15,957,42.0533158881658
16,957,28.5231760962003
17,957,40.9203848622437
18,957,36.8154186877401
1,958,48.1109091317583
2,958,47.8783611933369
3,958,41.5612708385493
4,958,43.0402235896038
5,958,32.8083381151426
6,958,60.0340288192451
7,958,53.6980889273861
8,958,57.9514776003362
9,958,63.4145166813444
10,958,46.6426776310816
11,958,78.4966688671
12,958,40.1716289551535
13,958,51.3695805998128
14,958,65.9676696217796
15,958,56.6913398526249
16,958,41.7180613439652
17,958,40.6994639788251
18,958,64.9548019450953
1,959,45.7824636804447
2,959,44.0038182392396
3,959,40.4181583162202
4,959,54.398329638375
5,959,72.5761507286081
6,959,72.1116846306612
7,959,64.927249922907
8,959,34.4134316219626
9,959,71.1924769837022
10,959,61.271054790334
11,959,75.2491100356169
12,959,38.6752303242664
13,959,38.504779870096
14,959,47.4186974367753
15,959,46.4961051201632
16,959,57.7989321073096
17,959,46.5821432331791
18,959,47.7605353927145
1,960,38.7127081319478
2,960,59.2912360352452
3,960,70.773447569627
4,960,48.3172545213319
5,960,46.1036341860612
6,960,57.0930130554581
7,960,43.3055129861585
8,960,46.6243282943538
9,960,37.7656133882607
10,960,44.6217798188802
11,960,73.5742290838615
12,960,45.079487382064
13,960,61.8143054058122
14,960,35.1333842186977
15,960,66.5731775875045
16,960,42.4239037263332
17,960,31.3897234676341
18,960,49.2522817931163
1,961,39.0834163781126
2,961,52.3440863268838
3,961,49.7096746690763
4,961,89.1855643737304
5,961,57.612180027408
6,961,68.4157253002509
7,961,68.5992413640386
8,961,51.4549191368685
9,961,49.3206236235517
10,961,33.366726855681
11,961,58.6963224698611
12,961,64.2321619800282
13,961,40.6759792710163
14,961,39.01228378495
15,961,62.7234781930791
16,961,61.1320825225826
17,961,43.6739712473128
18,961,42.3384033174155
1,962,44.5711134057064
2,962,71.5317394133105
3,962,50.5352652399255
4,962,56.6892763099156
5,962,52.9529567589245
6,962,73.3526115110484
7,962,33.4417532591769
8,962,55.3423928628395
9,962,52.4969322559829
10,962,63.0349857064819
11,962,54.6783916483296
12,962,37.1609850481148
13,962,38.6769437258895
14,962,45.3218785271267
15,962,44.9991966833273
16,962,63.7943006307601
17,962,63.8308269009285
18,962,46.2041497917604
1,963,40.1845964320546
2,963,70.7975318311929
3,963,74.5255054949937
4,963,50.8368660496357
5,963,42.8626048845985
6,963,42.8032089980083
7,963,54.8083872208868
8,963,57.1096781694545
9,963,89.1855643737304
10,963,51.9407552406242
11,963,56.7596594782538
12,963,37.4561210357907
13,963,55.6744878553038
14,963,48.6664820639255
15,963,69.9856881696317
16,963,45.5604226716553
17,963,34.4035913550074
18,963,46.1105419601435
1,964,40.6413051179295
2,964,57.5782035270768
3,964,51.3582282222019
4,964,52.5876065324247
5,964,70.9561759588047
6,964,59.3606435619239
7,964,43.7477367862233
8,964,49.5602633789364
9,964,47.0176978912406
10,964,71.7747303932398
11,964,72.7737513666465
12,964,39.4319719490395
13,964,35.7356214292238
14,964,71.6060890880979
15,964,48.7335455584405
16,964,33.6521045435131
17,964,53.3394084326567
18,964,40.5701934257548
1,965,41.5046535632592
2,965,52.1575653760613
3,965,34.9482248502046
4,965,54.5730047452065
5,965,40.9279603408689
6,965,55.1237226549115
7,965,71.3937849397716
8,965,44.1915291552144
9,965,64.7709484568719
10,965,40.0800820437574
11,965,40.0732677071118
12,965,50.3973492215374
13,965,45.7879021662522
14,965,36.8854963411821
15,965,40.2504276387441
16,965,75.8103672103369
17,965,45.167256560989
18,965,30.5207145195027
1,966,54.7650040667495
2,966,40.4669578502489
3,966,34.1525969531568
4,966,49.6822045338753
5,966,29.4331355701953
6,966,28.5231760962003
7,966,36.7447306944045
8,966,66.4138505105551
9,966,39.4269060001432
10,966,46.6183751685132
11,966,51.8916643469728
12,966,41.7328838876506
13,966,51.8667403644091
14,966,31.6102333446169
15,966,51.2963238226707
16,966,43.6525897778138
17,966,58.4690913687626
18,966,42.7140829120803
1,967,47.8279046876967
2,967,62.0459414710271
3,967,37.4266610284834
4,967,43.7931963102582
5,967,43.7206012044827
6,967,32.9606233699033
7,967,60.0066179469398
8,967,34.5253172893337
9,967,64.7959769424361
10,967,36.6631878558583
11,967,81.2047106093869
12,967,63.0742937433088
13,967,57.4397608516516
14,967,60.1614367558838
15,967,66.5259713522733
16,967,44.0616776579832
17,967,37.7677598212902
18,967,41.1881512410735
1,968,28.5231760962003
2,968,40.3378902169521
3,968,43.9413043706487
4,968,47.2790317346485
5,968,52.9621575698835
6,968,46.2794561127691
7,968,41.2979428986486
8,968,54.8080340878435
9,968,65.5512966822233
10,968,66.8095632322648
11,968,55.9777023621049
12,968,69.0748485298518
13,968,44.1822374578768
14,968,64.6819847862916
15,968,46.076982428239
16,968,48.6016896940975
17,968,44.5214533308188
18,968,38.6128560768599
1,969,50.8659814109321
2,969,62.6487863146015
3,969,41.6415285543899
4,969,62.0785687144822
5,969,43.3967260500555
6,969,37.7101488533558
7,969,48.5693569771761
8,969,38.6712902383991
9,969,45.6966776482473
10,969,34.3618696291902
11,969,40.683794087028
12,969,59.7705754642125
13,969,48.8721648925474
14,969,47.4853017754308
15,969,55.8606050486545
16,969,59.5200865421908
17,969,56.8048983572985
18,969,31.9812368061696
1,970,56.4700307473682
2,970,46.0487963954336
3,970,61.0923404624869
4,970,49.1417046768518
5,970,44.9627714509513
6,970,46.9360748190846
7,970,89.1855643737304
8,970,55.9612583644595
9,970,78.4402951302661
10,970,43.1898834119369
11,970,35.4002656492581
12,970,41.6551228947808
13,970,50.5566328952082
14,970,48.2907429403555
15,970,61.8298513992478
16,970,40.2290620017015
17,970,44.2860969661492
18,970,40.5780509385106
1,971,70.6962561413553
2,971,48.1002636154494
3,971,41.785725112681
4,971,67.3892414974302
5,971,47.7793674462631
6,971,70.7921791850589
7,971,37.1013438182791
8,971,71.5119484268624
9,971,50.6811814643908
10,971,41.6153560202247
11,971,36.3081490147525
12,971,89.1855643737304
13,971,39.6981040699924
14,971,42.3994227362555
15,971,41.7921639144787
16,971,63.8279871341645
17,971,54.1137910297319
18,971,41.4370417366371
1,972,49.0956367269312
2,972,67.2399622473247
3,972,46.5126827506509
4,972,61.9306449560678
5,972,40.9671433104451
6,972,60.0793174265655
7,972,54.2001383881925
8,972,69.0168519999359
9,972,71.5392750987405
10,972,47.9328618743576
11,972,46.2898317638404
12,972,62.9828633990992
13,972,60.9688998633788
14,972,38.2422042171984
15,972,58.5611572716671
16,972,46.3131299229021
17,972,40.4344574453604
18,972,62.1880161759418
1,973,28.5231760962003
2,973,43.8990386580714
3,973,57.2302777491159
4,973,64.1206123601418
5,973,41.4072249464472
6,973,46.2615820017008
7,973,57.3649410714037
8,973,65.5273775569087
9,973,43.0113096669576
10,973,49.1063979174105
11,973,55.3405883771402
12,973,37.9569796685617
13,973,54.2720438723608
14,973,38.3358182740474
15,973,50.1111562593637
16,973,65.4677971295223
17,973,41.5667470738976
18,973,56.9377326812448
1,974,56.5368616410103
2,974,43.9834358989673
3,974,59.940212501621
4,974,44.2709421786381
5,974,59.5895083972789
6,974,58.721716969582
7,974,43.1219302305677
8,974,42.799145313165
9,974,53.7873402834132
10,974,39.4298985725019
11,974,39.1919998852929
12,974,65.0588559821533
13,974,65.8732521607873
14,974,45.8925124545328
15,974,61.52594340117
16,974,51.9559837755416
17,974,53.138783361585
18,974,48.9574527413075
1,975,70.9711299591633
2,975,33.955698302711
3,975,69.7651451893735
4,975,59.7056152161287
5,975,54.1655704621278
6,975,58.7001520395681
7,975,38.9432031981718
8,975,48.905554967702
9,975,44.8422903435001
10,975,56.2133268902124
11,975,73.4648108698774
12,975,31.4776658355426
13,975,66.0668205085772
14,975,52.6951809712692
15,975,54.575034470822
16,975,41.1690432849802
17,975,40.654091930659
18,975,39.2476884665157
1,976,89.1855643737304
2,976,75.5728736466052
3,976,48.5881366877359
4,976,74.8010202440924
5,976,34.1203858559259
6,976,64.0316917698932
7,976,45.2614772189542
8,976,81.8944733390067
9,976,64.0042598414506
10,976,32.6217906899587
11,976,64.8960600885759
12,976,33.9925243217877
13,976,80.9736368875875
14,976,32.3836225883078
15,976,37.6753161129924
16,976,52.106663345713
17,976,42.4194688480299
18,976,54.9481335289213
1,977,36.8413705252577
2,977,35.1393466314771
3,977,58.641365419616
4,977,45.0551417594031
5,977,46.1856171176166
6,977,61.5355085752254
7,977,38.1020980571566
8,977,47.1071868164596
9,977,36.7933078131146
10,977,71.1366414961466
11,977,56.2120290814123
12,977,50.7726895011275
13,977,61.3714771493501
14,977,68.9189661186757
15,977,44.3888488056991
16,977,45.8840007152723
17,977,52.6987513578047
18,977,61.9276876643622
1,978,53.8012958143456
2,978,52.0938067440248
3,978,47.915217975252
4,978,43.634911134212
5,978,43.4571075330832
6,978,42.9554981316888
7,978,41.2555402923338
8,978,47.7667322715399
9,978,28.5231760962003
10,978,54.02446495624
11,978,39.5269346429791
12,978,48.525946351636
13,978,50.011557612721
14,978,89.1855643737304
15,978,54.908935025763
16,978,63.2129258308292
17,978,71.2097118301501
18,978,56.835351811369
1,979,45.4919422192867
2,979,43.7940436044583
3,979,39.9586882837137
4,979,44.3588957724681
5,979,58.0476878132443
6,979,31.2453364249329
7,979,81.1770578170212
8,979,52.9105610403009
9,979,44.3581459287675
10,979,38.8624940884695
11,979,58.2418975693821
12,979,33.4996878427526
13,979,56.0720094448275
14,979,43.4297435394097
15,979,58.2636366934897
16,979,52.9228092615887
17,979,48.3000948226065
18,979,45.8963686122774
1,980,44.1903702168576
2,980,56.6479412527745
3,980,38.0770450376347
4,980,48.5187519833995
5,980,42.0493128496654
6,980,36.6262368851709
7,980,42.0124420600599
8,980,41.934762541811
9,980,68.9201390125116
10,980,39.2882347211579
11,980,60.1725687707427
12,980,74.9797005922874
13,980,32.3906894027555
14,980,28.5231760962003
15,980,59.7805736043374
16,980,59.7353677980107
17,980,89.1855643737304
18,980,41.7040457237431
1,981,50.5075932066947
2,981,36.3411993255986
3,981,52.3440346822041
4,981,46.8008762680248
5,981,68.490821803914
6,981,65.4424268525461
7,981,53.3975765193578
8,981,63.1062110728459
9,981,46.2380019026767
10,981,61.5732464379657
11,981,40.9498892813606
12,981,63.1527395067829
13,981,41.3889809399611
14,981,36.5200019640025
15,981,52.4526107360692
16,981,51.6988132400726
17,981,63.1616279039649
18,981,63.4962244972837
1,982,67.7622957859718
2,982,51.8870830893511
3,982,64.1764813532689
4,982,39.6068533773096
5,982,55.9037676504955
6,982,48.9516961590934
7,982,50.3552577125373
8,982,44.0089490551165
9,982,35.0135216564134
10,982,56.5488976303518
11,982,61.0650550739129
12,982,53.9279095021098
13,982,63.7316448942749
14,982,89.1855643737304
15,982,89.1855643737304
16,982,52.1546323565454
17,982,43.1633628552075
18,982,48.3064445344733
1,983,38.1203162478895
2,983,52.8163195299109
3,983,55.1177864593536
4,983,37.7603931845902
5,983,51.4540982456379
6,983,61.8597675116873
7,983,51.1020262605424
8,983,44.2270010024921
9,983,63.0912092485014
10,983,36.9192509672511
11,983,54.6429231777548
12,983,51.7097100104627
13,983,51.2091859600636
14,983,29.4893932176562
15,983,58.3301913045268
16,983,50.361272091401
17,983,54.8817542594885
18,983,42.1027964660708
1,984,31.1226617614235
2,984,58.1962071825252
3,984,43.198829351333
4,984,33.3222842607497
5,984,79.5906983744789
6,984,59.036592461371
7,984,52.5686288484799
8,984,66.1200816433061
9,984,33.5773075036534
10,984,56.9245374346529
11,984,50.8960506729033
12,984,49.6389744999544
13,984,56.9048018285958
14,984,54.1889214203154
15,984,54.9969337853708
16,984,44.9086621571846
17,984,50.042549385252
18,984,37.2523214639336
1,985,52.4167347480329
2,985,49.7852411406478
3,985,42.5369568212732
4,985,44.0982424327982
5,985,52.4432538721051
6,985,53.374127903554
7,985,50.4388167990731
8,985,47.9372770735491
9,985,58.4378931922978
10,985,49.6559425821292
11,985,60.1679477193324
12,985,36.9625567407959
13,985,45.9209713004092
14,985,89.1855643737304
15,985,50.2270173087386
16,985,58.1465218195856
17,985,89.1855643737304
18,985,52.5774665965016
1,986,54.446418326181
2,986,49.1390198210869
3,986,66.3719982504753
4,986,32.6700687070855
5,986,45.7781997599122
6,986,44.1798157855537
7,986,62.9723579670358
8,986,43.6765243053502
9,986,81.3142132510481
10,986,41.6674735676536
11,986,52.3691405448423
12,986,52.2423019510688
13,986,40.6270274330755
14,986,48.641347911514
15,986,68.2665746273376
16,986,56.6365329468656
17,986,60.1844871772868
18,986,55.4065013799166
1,987,44.7881158786212
2,987,52.3045488602789
3,987,39.5144092069344
4,987,51.2732512515788
5,987,45.3302138448263
6,987,89.1855643737304
7,987,56.4296477459249
8,987,70.7241883151487
9,987,42.5697910240479
10,987,50.8753304767872
11,987,54.8089198518592
12,987,55.2662076486298
13,987,53.4515844824859
14,987,70.1420792468347
15,987,54.5343013563294
16,987,33.1631328498394
17,987,70.9504625412466
18,987,46.3819683157352
1,988,40.8617964353084
2,988,54.6221174273616
3,988,57.1037000314563
4,988,52.3588273783308
5,988,45.6953460369703
6,988,66.1239373121643
7,988,73.7639976349887
8,988,53.6786425323644
9,988,59.7157536604312
10,988,49.6064556104093
11,988,31.53694752791
12,988,40.4579054281249
13,988,33.6899560230845
14,988,65.8927369760772
15,988,51.2631508419717
16,988,54.6266296455892
17,988,37.686711924724
18,988,58.7250192065477
1,989,79.560893413093
2,989,44.3299848380147
3,989,56.788869175605
4,989,42.454286246824
5,989,51.2995146711687
6,989,40.3483522850139
7,989,45.4284941763423
8,989,69.4394000591424
9,989,49.7964998460271
10,989,50.3084692636518
11,989,29.5886033627029
12,989,42.7935984812185
13,989,41.4518519741669
14,989,41.8429148145522
15,989,58.7994750114996
16,989,67.5296811316037
17,989,33.6590946805794
18,989,53.6094927726029
1,990,30.6680820703051
2,990,38.1248182107639
3,990,58.7307727049853
4,990,50.0727091507284
5,990,37.4461351158203
6,990,28.5231760962003
7,990,58.5799358276525
8,990,57.7920623211912
9,990,80.4780632728441
10,990,69.5195715969816
11,990,47.0892333694728
12,990,48.5012866164707
13,990,47.9093169219193
14,990,45.6509016822468
15,990,31.1942980956943
16,990,56.1319947676532
17,990,61.2698124578354
18,990,41.0062965803569
1,991,43.9866804662437
2,991,48.8874980489145
3,991,35.4846319275468
4,991,42.4249187635692
5,991,40.0560859969359
6,991,41.3035865624622
7,991,56.8652944971389
8,991,58.7253884263247
9,991,50.9317429424666
10,991,45.8915200117912
11,991,47.8867982928179
12,991,85.5695921999944
13,991,48.3634349265409
14,991,45.4226026240696
15,991,48.0240229034809
16,991,44.0913216193202
17,991,52.7626300608288
18,991,63.3819952008833
1,992,52.2270264862639
2,992,43.6627458460925
3,992,53.9795179713987
4,992,42.5106038262373
5,992,40.5480887425631
6,992,59.1344697213625
7,992,60.9672474488088
8,992,48.6998468709755
9,992,40.2148605879039
10,992,63.5430736328125
11,992,60.2682185673516
12,992,76.4463731435339
13,992,53.5016526157885
14,992,67.5378543208348
15,992,35.1704964722937
16,992,64.0401265827839
17,992,37.376909850132
18,992,43.7665302285179
1,993,56.5569470598064
2,993,52.9109977024308
3,993,38.8902366228393
4,993,47.4137711327621
5,993,51.7769561666572
6,993,43.460840036996
7,993,51.8666785823233
8,993,41.4291686159573
9,993,55.2454428575511
10,993,60.6258414993149
11,993,61.1776124140125
12,993,40.5656203525751
13,993,53.1528509013513
14,993,43.952752640458
15,993,41.2442986192027
16,993,41.8008354915562
17,993,47.4803457252774
18,993,55.2454150917844
1,994,37.3475488344141
2,994,55.0983823854394
3,994,33.6104840594664
4,994,52.9627869748611
5,994,47.1765583218545
6,994,37.8722633170466
7,994,54.2974155321464
8,994,41.7136942359792
9,994,59.7569950878753
10,994,37.2627055852399
11,994,28.5231760962003
12,994,47.9398392062436
13,994,52.1945619794787
14,994,56.0521621229734
15,994,65.3489350273994
16,994,89.1855643737304
17,994,80.3344630126092
18,994,55.522752366133
1,995,48.3157195107499
2,995,81.665115118204
3,995,57.8375361646463
4,995,42.9006243170825
5,995,59.0347909082219
6,995,52.0266840171209
7,995,47.4114597763673
8,995,40.7298903449017
9,995,37.359963896094
10,995,53.5157406877034
11,995,43.0828074193102
12,995,35.2797702901285
13,995,35.8801869847535
14,995,45.8194885227965
15,995,71.2510148014168
16,995,38.12441525556
17,995,53.5093970852208
18,995,41.5983971551957
1,996,32.0357641543382
2,996,41.6330797588077
3,996,43.8770992021708
4,996,50.1268008773347
5,996,52.8665936501886
6,996,58.2798213483747
7,996,45.2740594905161
8,996,71.0096806401521
9,996,55.1104101387868
10,996,41.3017723546999
11,996,50.0700334056695
12,996,48.1225799365427
13,996,67.1621080984572
14,996,41.8102969140315
15,996,53.6375392724427
16,996,46.9553065122962
17,996,54.3828229111286
18,996,68.382123698053
1,997,61.2520492026265
2,997,76.7237880957555
3,997,37.3795329956528
4,997,34.5601995832522
5,997,53.4297534753314
6,997,51.4995476883
7,997,69.2802100908483
8,997,39.2313739013558
9,997,51.4441353783747
10,997,56.6345204776322
11,997,45.1810414546085
12,997,34.0625456521341
13,997,43.5225080301098
14,997,55.6849920937316
15,997,64.1143324853941
16,997,39.87457910538
17,997,58.4686251905808
18,997,53.7433558816844
1,998,61.8018247141368
2,998,49.1989096439699
3,998,89.1855643737304
4,998,51.5258491258157
5,998,66.9703100147545
6,998,39.2466443186618
7,998,59.143689131579
8,998,47.3015163649062
9,998,52.414074452755
10,998,46.2580409845624
11,998,42.0088510027645
12,998,52.0972681878745
13,998,39.6879121242985
14,998,42.2593199635235
15,998,52.0145211202143
16,998,52.2505657403333
17,998,35.2223869130639
18,998,36.4366533797779
1,999,35.175188541931
2,999,66.7743082856889
3,999,35.2362351655102
4,999,59.178688278654
5,999,52.9023257565074
6,999,73.6057167527447
7,999,48.6035231142418
8,999,35.0051946271728
9,999,56.4958897359664
10,999,76.7924678054393
11,999,49.6551995993022
12,999,55.813527119511
13,999,42.5902275106254
14,999,32.5828894452971
15,999,29.3389429902697
16,999,62.2662404614595
17,999,69.9340120114403
18,999,44.2072059961534
1,1000,47.1887589560975
2,1000,45.6630202390894
3,1000,56.4730030731431
4,1000,82.9422093053453
5,1000,75.3293014878326
6,1000,75.4982126097995
7,1000,48.6359189854442
8,1000,73.1686310429546
9,1000,39.9718496137511
10,1000,43.9258224357891
11,1000,43.0544796277255
12,1000,50.8603876630981
13,1000,71.0738330186904
14,1000,44.2384159431928
15,1000,63.1615017392814
16,1000,62.2359392758294
17,1000,41.1399500060896
18,1000,32.7944410985874
