"year","iteration","yield"
1,1,341.111671018624
2,1,325.703793818189
3,1,439.998860509059
4,1,365.141910235227
5,1,395.76422958003
6,1,310.104180598216
7,1,353.73812092131
8,1,281.268774521224
9,1,458.023963677252
10,1,408.113586813631
11,1,431.980614196058
12,1,298.582567423704
13,1,335.44504866979
14,1,321.375457187336
15,1,416.056507355819
16,1,446.478364394322
17,1,269.823292977607
18,1,318.84279999905
1,2,287.772446648895
2,2,354.674427425974
3,2,278.400788753779
4,2,326.19704345039
5,2,320.455565854727
6,2,306.390750162661
7,2,332.099988388839
8,2,366.404156042035
9,2,327.587464641619
10,2,285.018974396446
11,2,357.488284154239
12,2,353.884695731781
13,2,419.309306492896
14,2,354.035338054218
15,2,346.166520248169
16,2,263.630466491061
17,2,257.608927883294
18,2,435.830128830143
1,3,321.540518807381
2,3,523.666334562179
3,3,526.403476256895
4,3,250.567452291852
5,3,375.963214404137
6,3,342.270497621821
7,3,376.015792944048
8,3,294.545727409291
9,3,331.394147697058
10,3,271.393079084268
11,3,355.184531499435
12,3,486.052101814508
13,3,411.834919930448
14,3,391.679104589843
15,3,530.496903858003
16,3,353.117450994501
17,3,362.268031428917
18,3,367.941112629334
1,4,449.492300102867
2,4,286.458992726804
3,4,280.22650914218
4,4,376.034631302985
5,4,303.225020982929
6,4,340.865905046159
7,4,343.603855231173
8,4,351.403245665841
9,4,363.309918677898
10,4,438.012829437921
11,4,413.008439986402
12,4,357.78207947178
13,4,398.533504211537
14,4,253.442341204941
15,4,492.86287086805
16,4,403.091340413547
17,4,310.562007003429
18,4,329.585890095351
1,5,424.983828041942
2,5,451.849778314065
3,5,391.110453141315
4,5,252.377491211541
5,5,300.699351892251
6,5,308.74200172337
7,5,327.821516586909
8,5,377.190457236639
9,5,306.812383488905
10,5,448.880875194307
11,5,370.91124281908
12,5,323.083456922798
13,5,489.99639184732
14,5,462.433713131062
15,5,370.365599272025
16,5,270.896610353989
17,5,427.21082962327
18,5,339.29152589589
1,6,236.086745718585
2,6,277.954475087818
3,6,293.275654071455
4,6,304.696824106245
5,6,333.118706333131
6,6,342.887686437735
7,6,345.74702010424
8,6,480.501010320787
9,6,359.860408678568
10,6,420.863967442896
11,6,293.234893840982
12,6,404.204229067188
13,6,408.705850811521
14,6,365.073175224746
15,6,322.095895443229
16,6,360.796604922737
17,6,380.261092200384
18,6,370.522824839854
1,7,269.292659452495
2,7,305.228329822931
3,7,406.482085921469
4,7,363.876096270868
5,7,461.940713943759
6,7,263.577933015544
7,7,495.782615912842
8,7,304.563121002893
9,7,409.764540984356
10,7,283.402036282533
11,7,465.144323639476
12,7,349.407759544498
13,7,515.747988018824
14,7,258.913240972514
15,7,426.25985611482
16,7,395.316004830153
17,7,373.932355643611
18,7,530.323001437092
1,8,312.347264099912
2,8,404.238001465785
3,8,447.221413591623
4,8,338.201927050804
5,8,398.722568127536
6,8,297.827274000746
7,8,484.511520912811
8,8,481.12705790832
9,8,298.365039691581
10,8,435.486694085748
11,8,328.070068363336
12,8,238.628196224907
13,8,463.44973762909
14,8,430.85386588944
15,8,450.045628147703
16,8,477.879553101267
17,8,391.41944756471
18,8,298.124697995732
1,9,381.387684559928
2,9,446.680582262826
3,9,349.895329300805
4,9,606.503083776772
5,9,363.80013466471
6,9,481.965389717104
7,9,343.871873989533
8,9,407.796849460309
9,9,419.397819045156
10,9,343.868060277323
11,9,382.23166743914
12,9,287.691306023293
13,9,387.626248963392
14,9,462.551522779948
15,9,400.500818810694
16,9,271.939629432957
17,9,371.829934246513
18,9,377.649248821318
1,10,430.518738645346
2,10,440.91039695356
3,10,479.680522963709
4,10,434.70944672102
5,10,282.156486966467
6,10,445.334606629698
7,10,445.263052221011
8,10,363.264008871944
9,10,508.878552412514
10,10,457.571690494009
11,10,250.024802876871
12,10,280.628605818508
13,10,442.719377860213
14,10,437.51636809441
15,10,319.342297153742
16,10,287.688320139694
17,10,321.283201809854
18,10,447.121595378793
1,11,316.208317349314
2,11,460.397460858241
3,11,296.882906114315
4,11,296.275154933866
5,11,306.823646333257
6,11,339.925518711112
7,11,470.067379395613
8,11,478.335586948913
9,11,265.460914794745
10,11,318.993036851259
11,11,303.24473512422
12,11,389.861986941371
13,11,273.805644461021
14,11,347.042731218101
15,11,264.997164503017
16,11,505.099242143292
17,11,555.202411306906
18,11,405.08441096153
1,12,416.779102967885
2,12,290.618306434637
3,12,289.631870057004
4,12,254.570632555657
5,12,384.436900326044
6,12,512.768829792142
7,12,249.277755582636
8,12,293.297547316859
9,12,448.419873657351
10,12,368.122148951906
11,12,408.950529864968
12,12,275.402656048532
13,12,279.498527995496
14,12,453.310476980823
15,12,311.247713512869
16,12,301.608175531976
17,12,415.282321261335
18,12,265.491181600273
1,13,418.293151823301
2,13,358.705378692853
3,13,330.833824613187
4,13,297.527224464128
5,13,406.191102013247
6,13,473.100230072615
7,13,405.942114344904
8,13,316.042962920216
9,13,306.15427007641
10,13,315.965286607636
11,13,306.02757125832
12,13,346.095868910788
13,13,433.872933975096
14,13,282.467050826904
15,13,416.652704131153
16,13,317.140590276714
17,13,305.376040593253
18,13,393.327071723825
1,14,366.028730833706
2,14,318.590905060242
3,14,484.033565344618
4,14,476.912486009841
5,14,245.03165122337
6,14,488.888988196877
7,14,345.879595522066
8,14,357.722192857182
9,14,491.971668535129
10,14,452.909227590125
11,14,366.986416529723
12,14,313.282553746774
13,14,437.314552415762
14,14,215.098321535451
15,14,460.313757222248
16,14,364.702861408645
17,14,291.265634018502
18,14,416.069622999894
1,15,247.02189712789
2,15,368.956374746749
3,15,431.132558477276
4,15,369.253609748597
5,15,330.455096466296
6,15,286.593866353803
7,15,418.076519365157
8,15,380.553562984036
9,15,314.154406156533
10,15,279.618453146751
11,15,332.553027825371
12,15,319.765960039384
13,15,445.600143873396
14,15,402.016009680147
15,15,359.115023644199
16,15,349.367301282372
17,15,402.512506750937
18,15,325.35413720429
1,16,279.947043009084
2,16,318.300507170833
3,16,428.342781081474
4,16,373.315958997062
5,16,417.311249845406
6,16,401.564474102311
7,16,298.052598543797
8,16,469.898241069963
9,16,340.842499967584
10,16,417.406905562755
11,16,464.077307023246
12,16,322.413095942729
13,16,458.960563467139
14,16,436.30266547271
15,16,552.023729797232
16,16,456.141492557953
17,16,351.195263954922
18,16,435.645853545478
1,17,576.161900398394
2,17,296.879241286785
3,17,231.319924714752
4,17,320.229785710904
5,17,504.225123208521
6,17,323.066226259493
7,17,348.48999330028
8,17,368.81052508828
9,17,235.517667759052
10,17,314.558544954792
11,17,354.219121126083
12,17,489.239503896673
13,17,230.897394369423
14,17,351.682911187709
15,17,479.949102262672
16,17,343.106613386691
17,17,498.836249516402
18,17,321.069785945263
1,18,381.562047001394
2,18,378.516877325498
3,18,377.165177380757
4,18,413.585740035224
5,18,452.767153710284
6,18,350.358892746304
7,18,345.694734421367
8,18,380.725690533335
9,18,329.147517929655
10,18,304.847502388283
11,18,384.255714868206
12,18,456.1783568166
13,18,315.225037175949
14,18,299.534792800235
15,18,279.132517654653
16,18,327.967129347059
17,18,524.195614374241
18,18,464.310388178332
1,19,434.800963376496
2,19,356.977724335022
3,19,326.264891105108
4,19,548.233784084889
5,19,340.87530774491
6,19,373.342793611208
7,19,511.06679298023
8,19,531.06559374141
9,19,368.424185737338
10,19,324.818621798446
11,19,465.750359336848
12,19,498.831689593107
13,19,232.760039154226
14,19,257.602359508359
15,19,418.797041490444
16,19,432.470325507284
17,19,366.11318592347
18,19,406.948435344938
1,20,396.67734246264
2,20,417.872771884618
3,20,329.731423842143
4,20,445.558743494069
5,20,396.617856951954
6,20,263.812889077125
7,20,294.441216238217
8,20,375.015331644884
9,20,396.235081216307
10,20,397.50960950814
11,20,385.659581345395
12,20,440.398182760018
13,20,265.878712781814
14,20,349.297737412964
15,20,218.804583043722
16,20,537.902308658054
17,20,360.832515840921
18,20,453.357480238727
1,21,385.679116021722
2,21,451.996863072597
3,21,329.928367623783
4,21,312.128276089286
5,21,481.829635000285
6,21,510.381703818496
7,21,450.944102219097
8,21,381.41387915176
9,21,357.943556501609
10,21,330.235903392707
11,21,408.666727088281
12,21,366.933010404862
13,21,430.810264730122
14,21,352.21497777816
15,21,256.565355614897
16,21,310.420487729056
17,21,357.906285559676
18,21,445.110852510494
1,22,359.196565414772
2,22,368.14255611213
3,22,481.230865608018
4,22,384.624723163019
5,22,339.41329874756
6,22,466.616213906651
7,22,470.130194636746
8,22,505.502945327356
9,22,262.155030246171
10,22,441.52672910046
11,22,462.26655504164
12,22,283.133556087353
13,22,331.81498942453
14,22,392.159285047962
15,22,294.062543258413
16,22,390.627885958037
17,22,557.825888927558
18,22,385.939929062105
1,23,396.075327248484
2,23,452.661366242655
3,23,547.577215052434
4,23,372.166953132516
5,23,332.800301966055
6,23,333.99911078515
7,23,393.099125387446
8,23,224.455706269101
9,23,458.883122577881
10,23,222.684843799954
11,23,330.963095513275
12,23,434.327627671096
13,23,440.795561255117
14,23,313.87520685331
15,23,375.573083350743
16,23,454.455392344976
17,23,371.574032222642
18,23,398.930330255842
1,24,305.751012424665
2,24,514.316314055705
3,24,395.681513745106
4,24,358.482714788858
5,24,265.905994083651
6,24,391.241304169078
7,24,338.226199976524
8,24,422.650048421966
9,24,315.685673912085
10,24,400.592796910722
11,24,364.641056752967
12,24,390.94638001694
13,24,545.858888893937
14,24,497.090395584598
15,24,431.133429059481
16,24,316.128629594272
17,24,428.146443083825
18,24,312.527040972653
1,25,385.409777661922
2,25,239.262685741751
3,25,356.364748122677
4,25,453.878873465949
5,25,447.189360697356
6,25,377.880402862348
7,25,453.306342172614
8,25,338.868744000205
9,25,557.063965200642
10,25,291.595462301825
11,25,505.760397843854
12,25,280.70160561824
13,25,459.10981554765
14,25,525.65997758118
15,25,366.820517953932
16,25,253.616583486088
17,25,305.832065949015
18,25,359.322493184251
1,26,332.360228008858
2,26,433.722561613037
3,26,447.12963907141
4,26,383.691759992885
5,26,310.772136297802
6,26,398.987432985247
7,26,274.371189433759
8,26,296.824346280174
9,26,478.927690745376
10,26,380.959071417473
11,26,346.737233129245
12,26,496.137851866586
13,26,350.447775511799
14,26,318.869333927482
15,26,455.068779233216
16,26,336.645490600509
17,26,353.683532866283
18,26,231.231057486875
1,27,472.245484143238
2,27,382.255803763838
3,27,385.355997083075
4,27,218.47748005634
5,27,385.78922553658
6,27,396.690948142676
7,27,414.695071790738
8,27,370.257291409699
9,27,323.861272583417
10,27,271.87704788602
11,27,422.474665078548
12,27,373.015311726266
13,27,488.537209941682
14,27,360.041540474537
15,27,369.736970256875
16,27,344.928479421123
17,27,390.388619920671
18,27,321.947719007819
1,28,395.231102755705
2,28,501.864757081393
3,28,422.830707649291
4,28,300.268786645162
5,28,321.718468864468
6,28,332.788515726519
7,28,428.045442785752
8,28,284.976202092145
9,28,532.829103383042
10,28,369.110182931713
11,28,318.716010388031
12,28,349.168244804844
13,28,390.304858787535
14,28,433.24725106345
15,28,455.854247359141
16,28,239.761501973245
17,28,443.672130864285
18,28,488.706212855761
1,29,438.211599634739
2,29,478.675089186541
3,29,381.988642220354
4,29,291.897307917506
5,29,229.142663607614
6,29,490.180798337497
7,29,355.541424909537
8,29,440.744563872356
9,29,403.17640863477
10,29,327.333596380208
11,29,363.255366950894
12,29,387.708759106845
13,29,501.414106919577
14,29,406.476872041145
15,29,436.089443585555
16,29,476.94149189151
17,29,406.392740956403
18,29,347.391854091663
1,30,439.937985813624
2,30,431.215096457089
3,30,413.998733829111
4,30,427.577524693764
5,30,339.369573204049
6,30,376.503782622706
7,30,344.360139707399
8,30,481.88785658534
9,30,345.73829676752
10,30,495.972805453029
11,30,330.443249408778
12,30,327.295984031024
13,30,298.253240276175
14,30,382.276722875753
15,30,439.190919051483
16,30,305.391056751876
17,30,328.563392451412
18,30,335.122408288349
1,31,484.551371183952
2,31,560.497586548865
3,31,365.527720882127
4,31,418.477182221071
5,31,216.11415529495
6,31,231.701092072441
7,31,421.093349807826
8,31,359.346637875185
9,31,335.552856677344
10,31,407.006484432257
11,31,465.634891410199
12,31,520.28763526106
13,31,474.952889821236
14,31,463.792068890855
15,31,414.148555007929
16,31,305.419517784438
17,31,443.002275348228
18,31,362.365548094481
1,32,327.610098926055
2,32,451.458742175493
3,32,520.932629713064
4,32,260.004359927393
5,32,298.536695520943
6,32,353.659063971016
7,32,420.678929965772
8,32,331.164474142812
9,32,429.552926890488
10,32,421.777977704618
11,32,286.885526469375
12,32,365.319997982527
13,32,305.53081394498
14,32,343.870127930038
15,32,331.594229476736
16,32,533.826099535063
17,32,364.401110721947
18,32,384.833289936562
1,33,375.517205480938
2,33,485.934554971742
3,33,457.479085051738
4,33,386.954785457289
5,33,386.9371681224
6,33,385.282095823411
7,33,384.32035095586
8,33,284.509799169856
9,33,357.663395324076
10,33,482.334979722727
11,33,322.589654091166
12,33,544.745348069481
13,33,313.312379398978
14,33,363.590082879199
15,33,510.135268081103
16,33,344.641722500542
17,33,511.857657900205
18,33,303.243585910196
1,34,440.062939204359
2,34,368.136198364428
3,34,339.107198765501
4,34,390.263902823309
5,34,440.242550655742
6,34,477.758064979101
7,34,340.298387792371
8,34,456.373449113477
9,34,564.88459787969
10,34,436.408689020931
11,34,372.161016847658
12,34,360.717459568104
13,34,352.391791249282
14,34,451.292051117798
15,34,535.031773991995
16,34,297.501214093036
17,34,280.843497073702
18,34,324.627447386607
1,35,384.659527334274
2,35,453.573481312091
3,35,280.873252115101
4,35,332.231301157545
5,35,411.162613111544
6,35,423.486465179848
7,35,384.647216323509
8,35,326.172699876748
9,35,411.75641444724
10,35,286.702307783372
11,35,444.085641339932
12,35,352.808574811179
13,35,346.652638813211
14,35,510.941110365302
15,35,332.347762354079
16,35,456.53956403225
17,35,365.258330850936
18,35,358.783962459293
1,36,432.191204424318
2,36,324.169877130237
3,36,360.390974029141
4,36,411.799509867486
5,36,359.815716567564
6,36,262.0244124829
7,36,337.057110523296
8,36,457.97758462315
9,36,355.225223861519
10,36,378.21624755991
11,36,342.555803925727
12,36,379.331710766305
13,36,355.390415182299
14,36,303.15579984637
15,36,371.887281995386
16,36,438.874442038636
17,36,398.163682662267
18,36,252.588824426441
1,37,307.435002112253
2,37,410.099478047151
3,37,426.721166592913
4,37,306.617727104913
5,37,547.669440871035
6,37,305.409244244043
7,37,290.569493416759
8,37,485.111868901891
9,37,388.184540530176
10,37,446.048481511414
11,37,410.067661782202
12,37,522.168980664945
13,37,365.478498057623
14,37,240.905761933539
15,37,472.489702837011
16,37,492.322802933337
17,37,380.110017584317
18,37,427.98856866651
1,38,538.355950009141
2,38,383.211206694683
3,38,344.817551834615
4,38,385.737622592766
5,38,387.376190016745
6,38,350.493707675334
7,38,377.739861786658
8,38,362.698860693882
9,38,281.46785885881
10,38,234.755988222569
11,38,222.508769513726
12,38,410.217264838482
13,38,265.109272614236
14,38,401.075239066247
15,38,222.351168367191
16,38,312.827541865041
17,38,460.838920953372
18,38,377.232736404077
1,39,228.641296963741
2,39,251.907716741253
3,39,419.206198819419
4,39,361.303743218378
5,39,280.586120252511
6,39,372.738596452356
7,39,395.422733941651
8,39,420.463050000202
9,39,336.098781179661
10,39,303.75258062314
11,39,324.033906618833
12,39,397.269099904652
13,39,358.794549989923
14,39,434.879084290337
15,39,286.899732749048
16,39,322.976271833347
17,39,352.801720250913
18,39,398.209070044843
1,40,418.070323102232
2,40,212.95683187129
3,40,284.096653991514
4,40,302.754828337877
5,40,379.315780970366
6,40,288.12550475535
7,40,250.297280549744
8,40,286.148657509972
9,40,474.903159545997
10,40,269.766910444046
11,40,307.986080748596
12,40,352.363907535087
13,40,496.731753409974
14,40,377.545197810288
15,40,387.492622837459
16,40,445.078590885829
17,40,280.738084523613
18,40,494.384911455489
1,41,355.921724767368
2,41,318.203135567816
3,41,286.769999852312
4,41,307.77564817151
5,41,410.604790675119
6,41,454.185374179988
7,41,486.191447031087
8,41,366.130962747979
9,41,313.138902669216
10,41,378.675549836685
11,41,297.791345617994
12,41,359.766765675773
13,41,369.76503992635
14,41,295.299613607834
15,41,259.53399606358
16,41,364.170138252213
17,41,397.270507899761
18,41,261.19601553755
1,42,459.646769923468
2,42,380.27324033088
3,42,295.375801471926
4,42,438.854050116231
5,42,397.638029684922
6,42,471.015067625873
7,42,498.493333692126
8,42,358.52712480138
9,42,299.115179904177
10,42,516.345811316647
11,42,361.765359860852
12,42,289.041663457094
13,42,430.691313662933
14,42,519.71908287449
15,42,416.898722815314
16,42,317.258891485109
17,42,434.105182492525
18,42,226.70074901939
1,43,292.950543221352
2,43,311.906687878053
3,43,298.752999452547
4,43,344.396467111646
5,43,451.721975904379
6,43,469.726898852623
7,43,438.035769834693
8,43,497.111073439569
9,43,491.753917602673
10,43,483.822281763227
11,43,557.059667240475
12,43,322.427468131909
13,43,387.342308188514
14,43,239.839663028858
15,43,338.711384846508
16,43,445.153558999555
17,43,317.1127480123
18,43,272.471455532307
1,44,387.601781042056
2,44,376.019208356383
3,44,449.449817404797
4,44,247.783796255317
5,44,516.507385762697
6,44,353.035225453508
7,44,255.613887368592
8,44,416.17923268348
9,44,603.018919224824
10,44,327.765620573747
11,44,284.953350915389
12,44,325.393792682125
13,44,405.723975976541
14,44,481.099735093404
15,44,473.74266962533
16,44,283.633248573389
17,44,330.953574149214
18,44,367.306445130875
1,45,438.409393989114
2,45,481.437279639596
3,45,259.382862233582
4,45,392.556429075589
5,45,497.33441892959
6,45,311.933295540878
7,45,430.718080944754
8,45,474.368112561383
9,45,456.544280390216
10,45,354.018288309658
11,45,428.852566071965
12,45,549.518203272985
13,45,464.714970851971
14,45,351.917982263893
15,45,335.210114450211
16,45,304.577925375657
17,45,267.901281738693
18,45,300.890587761272
1,46,461.678134737928
2,46,357.236744432311
3,46,362.452039556412
4,46,374.577614923367
5,46,240.322665696909
6,46,326.970139861167
7,46,390.47361405758
8,46,347.928248378312
9,46,398.341381663351
10,46,523.5792524829
11,46,360.8144339302
12,46,260.028215599528
13,46,426.743671485156
14,46,400.568651933465
15,46,308.335768972938
16,46,296.455669747364
17,46,506.537065551134
18,46,503.049055790535
1,47,541.735399611764
2,47,438.233385725211
3,47,350.915470968281
4,47,281.5272217545
5,47,302.563077621313
6,47,443.734810914681
7,47,317.394333342206
8,47,459.573686270018
9,47,448.556911446744
10,47,353.396370470975
11,47,381.202354627877
12,47,346.149211186497
13,47,403.599128472474
14,47,356.416994426566
15,47,512.471531269679
16,47,528.197188938744
17,47,437.051344091806
18,47,332.487750693518
1,48,261.831827208025
2,48,462.224973079641
3,48,351.79198599457
4,48,385.222097255034
5,48,345.123856568972
6,48,375.166981580508
7,48,350.008450742236
8,48,475.966081009432
9,48,462.293340370944
10,48,553.254054042619
11,48,443.097170804093
12,48,331.324264858682
13,48,412.244689285914
14,48,491.809685869976
15,48,339.019519251827
16,48,246.177452228384
17,48,342.928070834944
18,48,343.25001629931
1,49,295.621283384831
2,49,475.542963248648
3,49,493.044213630879
4,49,360.003012926587
5,49,484.209112689791
6,49,293.99542185029
7,49,303.477549485861
8,49,384.509536095897
9,49,359.751274773688
10,49,326.781778047069
11,49,240.588817620707
12,49,413.950849479483
13,49,273.48200578546
14,49,367.853196679068
15,49,234.92234305152
16,49,512.341634237208
17,49,375.843600271149
18,49,223.021193232941
1,50,341.13785063455
2,50,302.356205527824
3,50,282.101541414135
4,50,420.566163359337
5,50,487.301864135072
6,50,416.52194339524
7,50,567.652715398382
8,50,542.775101384869
9,50,345.831440927362
10,50,443.869804064458
11,50,351.395837083112
12,50,428.894965608287
13,50,498.827761342384
14,50,394.470568282189
15,50,460.729429256949
16,50,438.893092283801
17,50,437.860723817351
18,50,311.968593952262
1,51,280.238268736484
2,51,489.118334062013
3,51,303.548396812678
4,51,459.050953805026
5,51,505.362563849129
6,51,442.06267772161
7,51,314.735859213324
8,51,319.029607217763
9,51,381.441240997991
10,51,474.717423408397
11,51,375.727519045325
12,51,443.713111481427
13,51,426.079433377382
14,51,359.608872456223
15,51,432.448101185085
16,51,410.270369553778
17,51,527.252691186367
18,51,220.274461472784
1,52,313.40134179911
2,52,417.897970490473
3,52,513.510715493824
4,52,556.362211179325
5,52,488.908514367689
6,52,406.251678202569
7,52,468.709338179583
8,52,463.486631237337
9,52,371.038721962502
10,52,291.36565854184
11,52,388.39122139714
12,52,415.92132661537
13,52,383.071952961594
14,52,492.467743042743
15,52,385.844948454353
16,52,336.361136047768
17,52,254.723944162235
18,52,378.116490065059
1,53,261.351426979342
2,53,367.930037017148
3,53,321.576550122311
4,53,369.892272491519
5,53,222.188207887152
6,53,310.346028597991
7,53,349.079375253589
8,53,413.264713316128
9,53,395.433076355859
10,53,433.042040721233
11,53,340.45476357819
12,53,484.00609421637
13,53,256.504772414916
14,53,300.082722848265
15,53,470.99023261243
16,53,452.095977940242
17,53,373.064477186692
18,53,551.684918115082
1,54,566.34848681016
2,54,237.873020744665
3,54,288.217175721419
4,54,407.223781715957
5,54,405.912306763364
6,54,424.236049890553
7,54,527.828158713914
8,54,538.25211478084
9,54,336.419499392237
10,54,316.250014296352
11,54,342.294533760611
12,54,437.540313754412
13,54,299.687996320375
14,54,289.888342739199
15,54,435.591458399275
16,54,266.679934961312
17,54,355.289629028821
18,54,511.510520479954
1,55,340.504332387474
2,55,536.343482563188
3,55,419.511906125842
4,55,471.98885277641
5,55,347.20108946
6,55,391.830375790309
7,55,548.903137034988
8,55,461.27029537541
9,55,354.751381968587
10,55,395.500057973159
11,55,460.123187626631
12,55,382.71064301198
13,55,460.97838881607
14,55,542.064699925627
15,55,290.966481157495
16,55,369.196503525395
17,55,473.831846686024
18,55,426.254186747601
1,56,275.180207197486
2,56,380.683256730113
3,56,344.047516081529
4,56,272.66449334001
5,56,409.174072221736
6,56,297.281152701108
7,56,522.473156003124
8,56,238.801758063457
9,56,516.926840742278
10,56,409.14265451474
11,56,458.128781083921
12,56,507.040468879967
13,56,330.212963436305
14,56,296.510504191356
15,56,201.128766715067
16,56,407.619997918873
17,56,283.827596777584
18,56,284.231783666717
1,57,338.888444792636
2,57,351.437431166245
3,57,337.845303212823
4,57,396.911922036737
5,57,371.662182208984
6,57,352.301121991632
7,57,350.467011265157
8,57,215.419860130781
9,57,407.061958849228
10,57,222.012583376307
11,57,249.40110196868
12,57,326.604213002015
13,57,309.71204138743
14,57,505.223993980557
15,57,276.253353146353
16,57,312.501541891253
17,57,534.390371317732
18,57,352.795626758185
1,58,445.074321564268
2,58,415.201314430049
3,58,314.41535223052
4,58,248.556725981018
5,58,287.200382618077
6,58,233.60386077379
7,58,238.816589778464
8,58,502.808091504862
9,58,541.595890850306
10,58,459.00621068181
11,58,418.29302409512
12,58,295.483237910686
13,58,387.093466275305
14,58,472.295961274001
15,58,403.549702083338
16,58,206.878581127664
17,58,482.282607322156
18,58,321.419151859862
1,59,384.613751449701
2,59,443.926161480707
3,59,434.058498719285
4,59,244.873326246816
5,59,310.582293783106
6,59,275.912389594293
7,59,370.20700763813
8,59,322.344439668751
9,59,447.758816026132
10,59,516.665713928336
11,59,324.095110502447
12,59,326.409552692292
13,59,352.732976338366
14,59,377.611637593578
15,59,278.189896013548
16,59,337.058618153212
17,59,292.696123284304
18,59,325.137312648281
1,60,517.948727309249
2,60,440.742389325289
3,60,525.329912777537
4,60,343.009233358837
5,60,389.733264270605
6,60,314.625469547574
7,60,236.214008402669
8,60,357.564094918826
9,60,381.480140124305
10,60,334.935844186946
11,60,405.122837089529
12,60,270.345410441457
13,60,389.990589699982
14,60,217.572572919762
15,60,314.592697797321
16,60,505.704724222625
17,60,439.221564533617
18,60,511.229273813793
1,61,403.027660641381
2,61,300.073365811958
3,61,583.837705540398
4,61,456.488472778291
5,61,304.326438393092
6,61,430.903206278753
7,61,561.673351116618
8,61,518.408889577172
9,61,383.306939290563
10,61,454.976201096332
11,61,231.279296228759
12,61,474.733174448241
13,61,505.909784401225
14,61,430.059128233838
15,61,457.949293399848
16,61,254.920306810447
17,61,288.697117839124
18,61,433.562658100305
1,62,566.637016486334
2,62,414.818366673604
3,62,443.365726464281
4,62,214.196408365329
5,62,350.737747610494
6,62,376.109343536432
7,62,330.067423536797
8,62,545.218837612216
9,62,391.625792971512
10,62,253.127943302871
11,62,431.207156595993
12,62,306.080938968123
13,62,388.269324137327
14,62,346.1111506975
15,62,321.371321505392
16,62,434.784471796136
17,62,308.550616509854
18,62,509.387962083111
1,63,340.429612416637
2,63,292.419156910814
3,63,250.460352987171
4,63,255.045006154871
5,63,300.664977678819
6,63,464.86269013428
7,63,379.994061148336
8,63,288.157790267038
9,63,427.350138555399
10,63,579.143867657691
11,63,305.304420448357
12,63,280.289325169418
13,63,325.155395067807
14,63,413.883099841337
15,63,296.057862897244
16,63,341.659814722203
17,63,355.400295314226
18,63,549.94890318505
1,64,223.919348547979
2,64,339.147565980847
3,64,396.207186695416
4,64,287.731370953987
5,64,294.037037322068
6,64,348.523941991652
7,64,383.680223530318
8,64,491.80850033317
9,64,328.010285761825
10,64,231.460753252216
11,64,292.603835361403
12,64,345.631979703045
13,64,250.372179221957
14,64,318.820378514336
15,64,424.581737713834
16,64,526.560308659439
17,64,400.707363930575
18,64,381.045095408787
1,65,419.277035020829
2,65,340.294409127162
3,65,352.355474013353
4,65,372.555608807548
5,65,542.541393538417
6,65,298.667905099231
7,65,417.511958866607
8,65,354.718502391172
9,65,424.264412033039
10,65,283.687382411714
11,65,425.173940291568
12,65,360.206957627248
13,65,326.70096891205
14,65,373.518895145532
15,65,397.343530727951
16,65,383.371874576546
17,65,485.035894555706
18,65,265.993672775634
1,66,297.18552505304
2,66,422.23969116254
3,66,253.883384271003
4,66,503.832312245324
5,66,327.38365360791
6,66,456.540107501796
7,66,297.21214898088
8,66,340.759880300631
9,66,379.777585472187
10,66,383.313334568514
11,66,416.385056022439
12,66,390.039373465358
13,66,308.822345755099
14,66,292.922076863316
15,66,447.437222426207
16,66,298.668203728993
17,66,362.268333441535
18,66,350.764902201004
1,67,295.060026068707
2,67,315.962656449501
3,67,411.561852703356
4,67,253.092738655943
5,67,389.606329751986
6,67,386.075867596941
7,67,497.269311139542
8,67,273.853310675285
9,67,436.648210361043
10,67,466.833076251617
11,67,495.152295618089
12,67,468.598035263421
13,67,379.69477692106
14,67,403.418545320009
15,67,372.798225441301
16,67,385.991526387193
17,67,504.828232203995
18,67,289.948933504812
1,68,397.063268493267
2,68,313.708345898971
3,68,404.556261497436
4,68,510.211320407827
5,68,237.657537301703
6,68,318.954360971593
7,68,332.977015341982
8,68,532.292813973935
9,68,268.734453540552
10,68,437.018418988656
11,68,340.24171893891
12,68,437.077824755974
13,68,389.374947655954
14,68,334.337488649381
15,68,425.388113751295
16,68,375.051895203959
17,68,437.188037090219
18,68,482.985461500109
1,69,373.812063718303
2,69,417.595769048106
3,69,365.406151317605
4,69,434.073000954528
5,69,326.753190724622
6,69,338.404075641604
7,69,444.80547035889
8,69,526.411470677961
9,69,300.129809006329
10,69,259.466622070395
11,69,387.476908849784
12,69,410.359633562831
13,69,480.950787867061
14,69,355.079834294396
15,69,372.846665554532
16,69,526.817000041592
17,69,363.566048380483
18,69,311.67639331388
1,70,335.164156561549
2,70,461.850179436562
3,70,385.656652732664
4,70,346.195825259149
5,70,343.419287794334
6,70,365.906507722178
7,70,493.728079494365
8,70,478.663275162126
9,70,337.784755012054
10,70,372.337079853466
11,70,295.211913466267
12,70,333.659095662547
13,70,346.100321980652
14,70,263.307745988156
15,70,326.792011258088
16,70,497.547471240832
17,70,286.107409331522
18,70,294.238322894735
1,71,238.110963677175
2,71,377.264546629555
3,71,362.90219468843
4,71,432.119442043919
5,71,463.31012935112
6,71,423.099596742959
7,71,329.421774442034
8,71,222.980281532597
9,71,404.45217733726
10,71,285.143945873142
11,71,494.292505331936
12,71,345.168561528392
13,71,284.078140132027
14,71,350.235561458569
15,71,453.971020091855
16,71,286.70211386281
17,71,269.174276073961
18,71,363.023635754023
1,72,281.862477654516
2,72,357.202489567462
3,72,298.92601191249
4,72,355.585502357777
5,72,433.571389384698
6,72,252.304877549552
7,72,273.126998788773
8,72,340.343922780133
9,72,318.276810602841
10,72,405.989212660202
11,72,543.332412253603
12,72,295.194105047384
13,72,346.294494365557
14,72,274.195951446131
15,72,397.505741900826
16,72,284.992617741432
17,72,307.429783497306
18,72,383.094723161765
1,73,339.118681368569
2,73,346.949084249271
3,73,416.354094819956
4,73,333.630406335081
5,73,405.974721452461
6,73,508.997758838056
7,73,546.386685422044
8,73,368.849794014232
9,73,294.431949313861
10,73,517.707455199569
11,73,394.599772384412
12,73,420.431383219337
13,73,255.9170220151
14,73,382.280391343767
15,73,389.372395754222
16,73,341.347919790088
17,73,386.116909106431
18,73,349.583608111018
1,74,416.836247054659
2,74,271.560797771006
3,74,448.838959820599
4,74,362.646890052246
5,74,372.401946212819
6,74,367.937353312354
7,74,427.819208834826
8,74,367.646035962871
9,74,239.738079015022
10,74,340.009411253988
11,74,310.441161630924
12,74,218.424833576384
13,74,358.959450711889
14,74,391.266741422245
15,74,490.034122810281
16,74,389.891063927869
17,74,428.564633745656
18,74,358.015333832117
1,75,402.683660821399
2,75,466.691318257043
3,75,440.233856157146
4,75,364.122863197003
5,75,303.564139376266
6,75,306.068470877248
7,75,355.978679254071
8,75,354.275704247073
9,75,417.31682791542
10,75,380.09754764462
11,75,327.576782425662
12,75,398.432910669669
13,75,409.930014130606
14,75,411.905376447483
15,75,322.55228922642
16,75,360.431398382589
17,75,363.222687013147
18,75,336.761852051041
1,76,398.17435342043
2,76,263.350358005037
3,76,542.247789483126
4,76,350.47828997841
5,76,432.216609200611
6,76,334.912999549221
7,76,342.305322707967
8,76,489.806604863236
9,76,487.502276616287
10,76,496.033974715237
11,76,309.704138702547
12,76,250.994290715042
13,76,394.955475520208
14,76,481.68853453247
15,76,496.277193110304
16,76,430.0356869688
17,76,422.931567563818
18,76,472.26226232672
1,77,392.125881913498
2,77,335.252608527948
3,77,357.961109334745
4,77,326.087226129515
5,77,365.40847002348
6,77,443.646574911298
7,77,239.69976585685
8,77,300.611817715934
9,77,343.001685083244
10,77,360.412417566874
11,77,444.169702288194
12,77,403.635866973899
13,77,370.987264469538
14,77,432.268360103927
15,77,443.96024159518
16,77,556.828253689584
17,77,250.260953104457
18,77,473.35213443783
1,78,391.385336165401
2,78,312.445922874893
3,78,293.904149866801
4,78,480.550843709073
5,78,409.292664717998
6,78,463.45528173818
7,78,324.019927779478
8,78,383.450987179917
9,78,404.724034510802
10,78,314.370512507356
11,78,280.029190146758
12,78,515.649548833553
13,78,325.969365529447
14,78,484.304332965346
15,78,291.675064114661
16,78,487.5461755537
17,78,434.944974976146
18,78,482.168872687138
1,79,396.063542401079
2,79,422.349321431406
3,79,300.679011577583
4,79,344.781428423163
5,79,501.697694622566
6,79,317.204900825034
7,79,382.576279593871
8,79,339.773108260626
9,79,254.667222831749
10,79,363.628891948364
11,79,540.828066329031
12,79,426.190746809644
13,79,351.400997769549
14,79,354.049559733487
15,79,358.020677587691
16,79,430.200576326238
17,79,305.289308225961
18,79,299.102942283823
1,80,492.045237449569
2,80,293.597541492375
3,80,458.205373036566
4,80,431.308760999624
5,80,372.030544017739
6,80,282.757132679952
7,80,340.607430431984
8,80,292.172865794547
9,80,284.852520594639
10,80,348.011951306431
11,80,531.93494188126
12,80,405.987764739306
13,80,460.687639969211
14,80,328.060514292624
15,80,460.671574332764
16,80,311.992471299102
17,80,340.053085547754
18,80,327.853795444499
1,81,471.648207366014
2,81,417.139314136537
3,81,355.219460534987
4,81,479.775672163088
5,81,329.263679795051
6,81,446.088408674662
7,81,457.999248669558
8,81,235.145259499483
9,81,395.574646021713
10,81,320.233035096199
11,81,482.63960394381
12,81,450.250556011529
13,81,298.193707630549
14,81,394.323211768945
15,81,501.70170114818
16,81,382.373563797128
17,81,376.154664732291
18,81,232.395093518259
1,82,475.220866470678
2,82,493.774580389981
3,82,401.312361869726
4,82,319.233728549396
5,82,285.183558040855
6,82,456.087641554234
7,82,336.315912043601
8,82,349.814500168656
9,82,367.297600909107
10,82,243.923366255934
11,82,249.944519195281
12,82,489.469348686291
13,82,400.993159153504
14,82,471.625488378489
15,82,283.750939844381
16,82,351.885755224373
17,82,481.46152335779
18,82,484.672890807251
1,83,349.910099840318
2,83,244.541848936883
3,83,338.179081891542
4,83,323.85859140222
5,83,390.137739945345
6,83,262.644285774043
7,83,310.054848424327
8,83,346.904247130086
9,83,283.623917661459
10,83,348.346164252083
11,83,392.181093120317
12,83,424.759031747632
13,83,308.433755108228
14,83,378.38300383227
15,83,559.350652163206
16,83,367.822187749214
17,83,307.112798575233
18,83,382.056928086468
1,84,332.960152496262
2,84,271.878008394475
3,84,396.997679310602
4,84,437.500177602281
5,84,410.162519503017
6,84,273.170965622293
7,84,447.255878086982
8,84,252.385492429731
9,84,427.761039021707
10,84,485.494697661898
11,84,373.858307232328
12,84,280.460135923148
13,84,281.366125183867
14,84,330.269566040641
15,84,466.909933374248
16,84,497.175565712566
17,84,387.718930883532
18,84,265.149614921105
1,85,353.685598944019
2,85,353.72463679458
3,85,438.367726838032
4,85,386.873717941924
5,85,471.678228894102
6,85,387.346940586578
7,85,369.886097932911
8,85,341.736384566018
9,85,454.926773599793
10,85,480.227953300009
11,85,361.604189182686
12,85,404.882468681135
13,85,378.850126290989
14,85,349.512592691666
15,85,522.196663612543
16,85,417.870529579144
17,85,334.775575498438
18,85,351.101073542118
1,86,285.49340456404
2,86,355.389217478501
3,86,338.450467711368
4,86,360.088724913459
5,86,310.590121507632
6,86,326.261540711046
7,86,431.963955515639
8,86,508.938781528424
9,86,338.378738902593
10,86,311.137607221882
11,86,399.054692205033
12,86,228.293513356092
13,86,444.405573724657
14,86,389.035380417855
15,86,457.259042078106
16,86,429.529297736837
17,86,505.392078497534
18,86,358.071804891773
1,87,419.817759319981
2,87,406.473030952034
3,87,318.043165750319
4,87,457.123967473701
5,87,280.051865812885
6,87,308.729490283234
7,87,448.547216878011
8,87,478.150072186652
9,87,233.698267168746
10,87,380.35760349595
11,87,290.686433395283
12,87,332.67993028066
13,87,394.973200916036
14,87,423.889829575903
15,87,389.199383454826
16,87,494.950354248367
17,87,485.823649671326
18,87,358.608504402729
1,88,340.765880608617
2,88,297.007472346992
3,88,470.535151351214
4,88,326.525601402933
5,88,465.325632931181
6,88,563.374154201851
7,88,350.880517084558
8,88,297.678651489475
9,88,357.128606899687
10,88,356.270110915632
11,88,327.698148959816
12,88,472.187691332313
13,88,429.733857376719
14,88,412.939750065671
15,88,258.709065237836
16,88,461.181175509862
17,88,388.33802311665
18,88,528.318561979188
1,89,426.2036306951
2,89,292.439403652635
3,89,440.483857085773
4,89,257.584187637351
5,89,464.657420996706
6,89,425.099641801905
7,89,406.699444718788
8,89,438.894579536933
9,89,335.702124270873
10,89,239.817748701363
11,89,459.330141742098
12,89,439.840400916907
13,89,408.417730997399
14,89,358.848029303655
15,89,320.178693704082
16,89,493.178846439713
17,89,432.70862471752
18,89,516.988622726501
1,90,468.521310504089
2,90,262.043769620432
3,90,401.634726378119
4,90,415.529946971652
5,90,378.155929050352
6,90,309.823036452471
7,90,494.870469451325
8,90,353.894983179907
9,90,358.589344106913
10,90,349.913695241912
11,90,511.0680358888
12,90,342.704207305076
13,90,339.263552508139
14,90,338.100022465136
15,90,384.804454008945
16,90,355.75320304114
17,90,236.550693060863
18,90,233.533021860974
1,91,435.118820609852
2,91,354.390226709345
3,91,437.086340047504
4,91,374.700916833084
5,91,261.641917243748
6,91,266.452203066286
7,91,367.922243606151
8,91,518.530406523497
9,91,396.862518902722
10,91,298.293809427993
11,91,354.458638047953
12,91,410.331546413024
13,91,449.504575746401
14,91,483.06565668338
15,91,304.07652474199
16,91,394.712252374452
17,91,303.878242345468
18,91,372.963399417811
1,92,296.276808976648
2,92,330.704770113409
3,92,352.665117382261
4,92,516.464672826591
5,92,269.080377730139
6,92,472.942532518756
7,92,370.109704112758
8,92,339.136390512374
9,92,498.832809106519
10,92,324.350634099605
11,92,300.677336520022
12,92,429.098173111842
13,92,396.459050394278
14,92,212.972249389109
15,92,362.051829246549
16,92,391.643353342631
17,92,515.181302818957
18,92,482.724710422358
1,93,502.914899832096
2,93,289.597327988659
3,93,362.9111879215
4,93,320.674573559511
5,93,285.556196101214
6,93,317.35241414384
7,93,382.850248272956
8,93,372.227831811585
9,93,347.256319204775
10,93,269.196567065805
11,93,240.895169756055
12,93,470.875800377299
13,93,392.556376455183
14,93,447.603658946474
15,93,343.099781023618
16,93,357.899209072833
17,93,458.476319654105
18,93,319.379161689654
1,94,353.464346588201
2,94,374.762450250152
3,94,405.114880441867
4,94,310.553064095571
5,94,423.911513982069
6,94,274.136976365463
7,94,338.618160552359
8,94,290.406916640915
9,94,317.541962059141
10,94,519.516074073595
11,94,326.695787976395
12,94,422.675830440229
13,94,356.38215755921
14,94,497.479113176799
15,94,500.086103807204
16,94,306.113952769487
17,94,347.998664459849
18,94,439.826782695486
1,95,289.752052264969
2,95,352.580495744178
3,95,377.613051407723
4,95,332.076402877649
5,95,419.10985884356
6,95,362.690760976775
7,95,323.97671795413
8,95,436.226970416901
9,95,349.556610574544
10,95,278.972586177385
11,95,477.989925917699
12,95,359.451308850509
13,95,425.753322682384
14,95,399.713297111512
15,95,410.93080786303
16,95,351.441034790613
17,95,280.494417956108
18,95,493.321402873914
1,96,401.235104536903
2,96,365.549803139592
3,96,356.355757307369
4,96,295.879724673042
5,96,437.199808918533
6,96,430.373928544686
7,96,303.324432138013
8,96,348.384191814335
9,96,355.122828110535
10,96,368.17499403014
11,96,251.596671017313
12,96,358.763624311712
13,96,297.244572995197
14,96,380.182466350467
15,96,378.009576872317
16,96,386.735956764065
17,96,489.471444323901
18,96,326.187389546092
1,97,306.288383292186
2,97,457.409533586468
3,97,197.629203229325
4,97,324.849777875302
5,97,370.7546625995
6,97,432.06011888759
7,97,295.673278767519
8,97,443.143050219485
9,97,440.443921454896
10,97,376.176347318314
11,97,297.118571387041
12,97,330.74189182761
13,97,332.912432441836
14,97,311.451468865281
15,97,427.922949304399
16,97,525.918558267322
17,97,500.437318771157
18,97,440.434163745101
1,98,322.597503001855
2,98,321.78935408296
3,98,358.704431226326
4,98,333.96718788615
5,98,218.331081933018
6,98,375.5940204074
7,98,509.872315594788
8,98,388.608643295267
9,98,377.582917701557
10,98,286.810391537371
11,98,266.182323449346
12,98,411.340892745727
13,98,390.641500267157
14,98,423.320013827575
15,98,294.530451123979
16,98,487.569820886722
17,98,436.66111668028
18,98,280.674861158898
1,99,391.247215960594
2,99,441.098852131678
3,99,346.824119832439
4,99,314.512435755324
5,99,380.315162341839
6,99,470.12875345149
7,99,277.145872798827
8,99,367.03499580486
9,99,565.185016340631
10,99,371.081155043504
11,99,339.151765194118
12,99,325.618633306823
13,99,402.343093236218
14,99,359.947920511982
15,99,437.294416051428
16,99,309.565532348134
17,99,464.67694951248
18,99,527.308265598343
1,100,371.478183266725
2,100,470.571782371502
3,100,453.370781455284
4,100,452.040669941282
5,100,329.425646674069
6,100,292.845178794065
7,100,514.687948810313
8,100,456.504931811036
9,100,494.531725266017
10,100,431.838873985072
11,100,414.788087786404
12,100,343.35523890696
13,100,244.531999390456
14,100,324.444340347186
15,100,441.88182648325
16,100,317.171689207519
17,100,252.22166030644
18,100,345.470499472283
1,101,450.459463394987
2,101,263.071126329707
3,101,375.588264520095
4,101,283.873184454983
5,101,299.055470695933
6,101,322.857469236498
7,101,412.480098324816
8,101,424.266280043239
9,101,446.869173223062
10,101,422.964835521881
11,101,255.432217522289
12,101,417.230973880503
13,101,454.009502939265
14,101,300.871630041111
15,101,405.246427498794
16,101,436.073309078418
17,101,365.244010284519
18,101,299.601230723058
1,102,351.394059955234
2,102,284.097049163635
3,102,300.536052242506
4,102,364.177881263216
5,102,367.775131523708
6,102,360.544790266053
7,102,372.610758330528
8,102,269.091708100675
9,102,295.872999340975
10,102,271.065602446322
11,102,405.172064100127
12,102,269.663508752336
13,102,339.940150483976
14,102,292.789891057435
15,102,277.252055229876
16,102,342.219494904229
17,102,476.079532010427
18,102,409.475607664998
1,103,294.823515874625
2,103,350.089341038041
3,103,409.940725661996
4,103,391.682166915715
5,103,467.523986030578
6,103,360.610065947267
7,103,250.221266917343
8,103,207.22183383778
9,103,321.379602050577
10,103,333.310044787725
11,103,300.810379001186
12,103,236.876270080736
13,103,305.014574937885
14,103,376.788710110813
15,103,240.325219984098
16,103,411.041277295659
17,103,359.893661758998
18,103,307.955580972272
1,104,474.706683073136
2,104,327.82237346406
3,104,431.165719347293
4,104,397.681637592363
5,104,365.226864281049
6,104,261.323001201231
7,104,390.519022648399
8,104,340.002358639408
9,104,282.076757225535
10,104,319.987636341834
11,104,375.264735586047
12,104,348.394017057829
13,104,358.79364268136
14,104,278.961471189266
15,104,369.711804404019
16,104,511.516172710643
17,104,359.827857078564
18,104,361.063475387389
1,105,482.08744596036
2,105,379.218288671617
3,105,295.365421190657
4,105,390.931695013032
5,105,540.177303337398
6,105,479.904231930104
7,105,395.945919487477
8,105,320.924909496849
9,105,332.192752093955
10,105,438.428879347592
11,105,277.000417035648
12,105,349.780152594104
13,105,284.438500131
14,105,278.945176409572
15,105,420.671205045104
16,105,367.865357794251
17,105,463.884127900464
18,105,372.65114939677
1,106,216.436100341563
2,106,371.319514268279
3,106,333.24816552712
4,106,336.987972303886
5,106,291.402491321628
6,106,362.174944944752
7,106,317.902598440038
8,106,434.167443978762
9,106,422.032476501325
10,106,387.566239387035
11,106,498.158717268533
12,106,379.614106179213
13,106,531.535919919892
14,106,390.890598516822
15,106,517.146348189395
16,106,472.38559231615
17,106,461.779560730292
18,106,463.421375771396
1,107,496.781003283785
2,107,370.925586262189
3,107,397.34175959061
4,107,511.541766842778
5,107,306.012109198842
6,107,492.542093758245
7,107,235.454149816068
8,107,384.746542645354
9,107,546.110146559783
10,107,262.723194437005
11,107,327.406589780478
12,107,449.626889820771
13,107,401.011592128757
14,107,297.315500279516
15,107,391.165763060332
16,107,342.301247823454
17,107,234.328796808711
18,107,274.137344271534
1,108,446.950670136601
2,108,359.331488503278
3,108,244.914506067435
4,108,389.996617404001
5,108,488.665180132461
6,108,523.849471987033
7,108,385.566066784151
8,108,484.410371895754
9,108,390.840799832447
10,108,551.066332671929
11,108,262.723066487566
12,108,364.254177295782
13,108,411.514615920754
14,108,507.670171781004
15,108,516.763271630705
16,108,494.003230913204
17,108,517.800223372188
18,108,387.650808147417
1,109,389.984064375246
2,109,230.425633144696
3,109,440.904613772191
4,109,356.644384452119
5,109,420.356312754028
6,109,378.907965161459
7,109,558.078211400913
8,109,300.158895895321
9,109,526.262278506537
10,109,369.33596210542
11,109,439.708673905369
12,109,531.282491720523
13,109,262.73755679497
14,109,267.804370413398
15,109,322.546716560255
16,109,364.603037924249
17,109,497.199145725068
18,109,417.519153139995
1,110,333.108588490131
2,110,325.582445159991
3,110,292.574509553129
4,110,319.211122007072
5,110,450.923389384111
6,110,540.261874525969
7,110,311.147246141335
8,110,280.172375244492
9,110,365.716640678709
10,110,391.834022375236
11,110,310.039500034145
12,110,263.868013960129
13,110,233.369396808103
14,110,363.740073877965
15,110,431.623939280038
16,110,373.205579338048
17,110,439.210553965652
18,110,564.849173142309
1,111,292.130590849287
2,111,456.669475702166
3,111,364.896213401953
4,111,387.786234291451
5,111,361.383951702053
6,111,275.107267956796
7,111,474.277316274367
8,111,362.875974413055
9,111,391.973424855075
10,111,463.849171382282
11,111,487.700944627158
12,111,507.631945190524
13,111,398.182886285597
14,111,354.565928373223
15,111,440.468850183455
16,111,347.520282008072
17,111,345.678705628687
18,111,336.798721459199
1,112,444.078356124382
2,112,495.553654630877
3,112,373.099055187324
4,112,505.63143269186
5,112,355.10451369253
6,112,288.220842920194
7,112,367.94754883113
8,112,336.716415085752
9,112,505.948692891574
10,112,313.414589087435
11,112,344.106864496672
12,112,359.062112774467
13,112,400.133072330028
14,112,330.609804296604
15,112,447.462210714272
16,112,304.535429973227
17,112,353.863098462519
18,112,280.541070432584
1,113,321.194197041571
2,113,377.061034476615
3,113,582.406904685533
4,113,398.187410641187
5,113,450.722704990249
6,113,393.999354279379
7,113,266.541865135921
8,113,534.635547803878
9,113,337.461153221458
10,113,331.875355490203
11,113,269.973583349144
12,113,354.660468261105
13,113,384.564404222152
14,113,364.346188868589
15,113,452.810133244931
16,113,253.568909938423
17,113,381.562562104855
18,113,389.72784732176
1,114,413.865457916853
2,114,352.186090036574
3,114,425.762431134673
4,114,380.203167336042
5,114,353.698488749434
6,114,328.977606017469
7,114,433.742056065419
8,114,576.568682629156
9,114,252.472159369286
10,114,327.581129968611
11,114,421.870961322651
12,114,327.107885289325
13,114,210.761311608703
14,114,333.342349382512
15,114,318.679742398351
16,114,431.778424053028
17,114,458.979688631427
18,114,477.299300694981
1,115,442.901323598172
2,115,425.075458039799
3,115,310.829962863635
4,115,409.594120212027
5,115,356.630111145464
6,115,313.726906561805
7,115,338.683453512144
8,115,263.960806009063
9,115,357.235267393194
10,115,425.709931540784
11,115,320.130143407402
12,115,333.578598964399
13,115,397.262177363332
14,115,435.90703566175
15,115,295.095307323955
16,115,457.449074381105
17,115,354.63671888067
18,115,421.095147187187
1,116,260.957821172557
2,116,293.015765529312
3,116,453.183525574618
4,116,446.782470420715
5,116,351.98450216862
6,116,279.324506648439
7,116,340.416682858584
8,116,267.04629947466
9,116,358.328601808519
10,116,390.397984858964
11,116,266.507527012881
12,116,502.71909109663
13,116,447.908472792841
14,116,580.815157534268
15,116,358.769311151885
16,116,474.327738304406
17,116,533.07907550355
18,116,258.665892647889
1,117,390.893896686034
2,117,460.348117639472
3,117,275.724772376873
4,117,291.01972438401
5,117,285.867233968834
6,117,404.610516444589
7,117,477.846230118171
8,117,259.164420504143
9,117,519.661688799671
10,117,505.902898699863
11,117,478.014351758893
12,117,309.550665243298
13,117,307.828376249196
14,117,566.632067269242
15,117,513.029383922766
16,117,517.505899875351
17,117,310.702118483375
18,117,313.265604058487
1,118,271.72199871096
2,118,397.37864916272
3,118,276.378697234393
4,118,333.271551660234
5,118,284.216674817413
6,118,308.455091312119
7,118,353.855866232146
8,118,397.040954403292
9,118,493.195092123675
10,118,411.643213214583
11,118,286.181924851019
12,118,509.153972806943
13,118,450.384618948246
14,118,282.785782107438
15,118,377.49212666039
16,118,507.05298954315
17,118,365.887603058395
18,118,288.469753783411
1,119,321.608897547729
2,119,395.534577347194
3,119,305.446862511046
4,119,395.737359011589
5,119,390.552872665104
6,119,345.811905321646
7,119,513.906488212133
8,119,389.629114804246
9,119,245.724364160849
10,119,329.02309575254
11,119,458.543203749931
12,119,231.753939552533
13,119,450.103735620047
14,119,341.49548645448
15,119,294.526620135813
16,119,409.009029078732
17,119,426.465448537331
18,119,472.271717971806
1,120,374.714870525928
2,120,257.619570100437
3,120,323.944177781974
4,120,300.630753961792
5,120,423.766550807542
6,120,396.299909682504
7,120,349.272890146646
8,120,319.580451362276
9,120,276.63629728694
10,120,493.44632306057
11,120,402.480970515819
12,120,300.42506305881
13,120,389.10457204784
14,120,423.612538355766
15,120,488.425320486595
16,120,380.930255856635
17,120,448.520183934933
18,120,419.854263033443
1,121,460.338259858046
2,121,553.52339171166
3,121,401.276023700428
4,121,375.791825385521
5,121,325.233136676056
6,121,306.821180281221
7,121,417.79847782463
8,121,440.205977076705
9,121,455.879255246144
10,121,331.439243341472
11,121,430.711453254447
12,121,473.942048043147
13,121,380.810516883413
14,121,297.992334892727
15,121,375.242486661998
16,121,415.433018048438
17,121,406.624315654827
18,121,371.789652406879
1,122,351.441112950155
2,122,397.033473533775
3,122,533.169255686254
4,122,231.42977044959
5,122,440.502588115832
6,122,459.020551969287
7,122,363.979814041009
8,122,498.516039291365
9,122,468.873699588492
10,122,301.607728001617
11,122,536.744894564694
12,122,205.99305038812
13,122,541.394104522238
14,122,413.901863802545
15,122,372.257042628447
16,122,334.824997091719
17,122,328.892824085213
18,122,394.070720061114
1,123,276.167620086254
2,123,235.67504047853
3,123,307.638495290322
4,123,534.119094473983
5,123,309.458888058137
6,123,385.09387437239
7,123,393.505134849002
8,123,386.962280445628
9,123,515.862261172732
10,123,338.734747205865
11,123,395.755218282633
12,123,352.0479872749
13,123,326.120629045676
14,123,451.995889323174
15,123,494.674090756339
16,123,491.399462662995
17,123,520.421736589853
18,123,357.491224184522
1,124,379.075401857903
2,124,347.715546243573
3,124,471.948406845443
4,124,482.278956037602
5,124,485.850182434038
6,124,365.502903207275
7,124,512.715070173434
8,124,286.187300063227
9,124,322.762418044569
10,124,570.895086009926
11,124,344.236334513823
12,124,378.490316516404
13,124,401.486111641881
14,124,433.399835749128
15,124,478.65804817998
16,124,520.785434042367
17,124,335.969300645485
18,124,267.608892838932
1,125,314.436453935001
2,125,428.724673245996
3,125,349.866899797598
4,125,345.35327582925
5,125,454.435585225011
6,125,232.037577745759
7,125,338.88079204616
8,125,388.008701300668
9,125,434.885591992786
10,125,360.750568633543
11,125,437.595691246488
12,125,306.300028211918
13,125,286.701157441297
14,125,409.240887969894
15,125,348.217443754961
16,125,295.142501207997
17,125,469.179779923869
18,125,401.8913975101
1,126,339.368040621676
2,126,345.907114248657
3,126,419.929380338654
4,126,391.244075721856
5,126,425.122461054104
6,126,437.696331542247
7,126,464.959023800303
8,126,297.352109329649
9,126,475.908881473336
10,126,343.55351668794
11,126,323.768244490415
12,126,232.021622826437
13,126,366.766578650859
14,126,500.226531542117
15,126,521.812222148029
16,126,511.621991489028
17,126,297.559222062017
18,126,411.539552203601
1,127,524.31959236046
2,127,342.580603648969
3,127,580.316188113151
4,127,322.767564571052
5,127,387.646030892717
6,127,440.534815805488
7,127,430.781854694134
8,127,371.822834416428
9,127,500.338229148594
10,127,293.438341194177
11,127,335.671751139359
12,127,437.125100144261
13,127,541.763574811681
14,127,326.134653186745
15,127,476.417878110919
16,127,415.171269244088
17,127,311.797669385214
18,127,392.884021762575
1,128,450.387714648852
2,128,433.215508173454
3,128,427.293461489733
4,128,282.660974302751
5,128,384.194311246107
6,128,448.349796583916
7,128,354.619409232651
8,128,404.155281649908
9,128,284.598511943744
10,128,393.657973562899
11,128,375.875857018558
12,128,296.926659843955
13,128,281.715375238444
14,128,314.37989616037
15,128,357.789726698649
16,128,305.439017055906
17,128,340.384952997713
18,128,316.339820747233
1,129,433.776923990636
2,129,378.946922761026
3,129,377.595159440818
4,129,282.182561022278
5,129,405.144199723164
6,129,469.882257831814
7,129,374.21579916596
8,129,430.081452966108
9,129,395.954922401745
10,129,287.497103559999
11,129,359.534283742623
12,129,499.824781026066
13,129,462.476566670286
14,129,529.918187840219
15,129,499.703308544348
16,129,382.288915690952
17,129,345.194375301281
18,129,355.255037010861
1,130,314.095687719711
2,130,289.913728781673
3,130,368.096001694868
4,130,319.550740153221
5,130,253.594048842059
6,130,430.403352227919
7,130,502.671198615544
8,130,389.843987951724
9,130,353.626161650415
10,130,266.899242391794
11,130,381.0824435734
12,130,462.504288769001
13,130,344.483285208946
14,130,407.802358692294
15,130,357.884938694197
16,130,408.200121481696
17,130,450.44394468129
18,130,363.615581863924
1,131,230.249919242436
2,131,336.127795941965
3,131,376.296673437438
4,131,239.784716456793
5,131,330.984127197317
6,131,379.291068657598
7,131,345.293611096416
8,131,407.392961275378
9,131,330.358553700495
10,131,430.097219852192
11,131,318.990389501641
12,131,384.545243967737
13,131,314.525663851553
14,131,465.386353134861
15,131,248.089038507319
16,131,487.023805659703
17,131,435.979345986425
18,131,472.373749854114
1,132,398.97327263233
2,132,330.902317610513
3,132,308.681813049188
4,132,405.26908887458
5,132,376.269399037423
6,132,323.701781596805
7,132,346.509254637029
8,132,535.98695499693
9,132,463.17615977616
10,132,239.148418501183
11,132,423.373862577643
12,132,214.252001460626
13,132,272.768064309131
14,132,358.238043950398
15,132,454.253912202594
16,132,334.712931639555
17,132,421.666473316791
18,132,434.617282568832
1,133,427.539602154682
2,133,302.645907888246
3,133,395.473645402855
4,133,417.706655228953
5,133,272.282789159891
6,133,546.692428921085
7,133,378.411897858576
8,133,351.824168002608
9,133,481.777215197757
10,133,347.911003620511
11,133,360.952359971732
12,133,295.584000774781
13,133,548.314991106058
14,133,238.459960607371
15,133,347.704641000973
16,133,290.060997272312
17,133,459.590979418252
18,133,313.561982372972
1,134,477.421069405768
2,134,354.699796950988
3,134,445.003576846579
4,134,550.072564923797
5,134,512.164770070533
6,134,363.5609435268
7,134,462.221490637055
8,134,340.898429582536
9,134,353.673964552745
10,134,357.34336131001
11,134,415.071246289259
12,134,441.263394519526
13,134,376.259464311797
14,134,452.856970520573
15,134,437.85153256965
16,134,299.536474864229
17,134,338.81680972386
18,134,295.826861143032
1,135,413.798869431658
2,135,439.594275806585
3,135,347.631114370232
4,135,468.441350714396
5,135,303.537269450384
6,135,374.441903303979
7,135,349.470609290702
8,135,379.381405968517
9,135,296.08795611849
10,135,237.22857939095
11,135,398.872788530381
12,135,383.150993297116
13,135,238.111038971167
14,135,501.730648059223
15,135,318.130420279495
16,135,338.571743758882
17,135,488.505154085584
18,135,335.059001840335
1,136,335.978142565819
2,136,379.451742174707
3,136,382.170608180898
4,136,432.621077981268
5,136,432.076592730591
6,136,307.705786096598
7,136,538.767196713539
8,136,273.045154410904
9,136,546.663685558922
10,136,398.647523363592
11,136,322.061652762255
12,136,396.183916141277
13,136,343.717457402596
14,136,500.121898110259
15,136,514.895314911697
16,136,374.040147207254
17,136,449.2069166527
18,136,358.515339013941
1,137,265.296666359184
2,137,396.361629773913
3,137,208.894666956908
4,137,508.904165036426
5,137,319.038798612857
6,137,353.070637044952
7,137,534.924304998877
8,137,238.723135854303
9,137,323.744459159647
10,137,439.343357970073
11,137,347.549556809496
12,137,419.229635237149
13,137,362.776564435958
14,137,302.366489529111
15,137,368.078073998922
16,137,413.397024726115
17,137,408.701402205563
18,137,354.374084850915
1,138,531.151323056532
2,138,308.343940620924
3,138,415.28604619937
4,138,439.149764298328
5,138,408.472647975072
6,138,362.086525585941
7,138,324.316086379915
8,138,276.550152330808
9,138,400.89702798414
10,138,544.864730175247
11,138,485.864764754513
12,138,473.707747063052
13,138,400.848884041549
14,138,273.512771923129
15,138,369.269617076158
16,138,425.775321866471
17,138,470.162100308464
18,138,400.242614998631
1,139,345.463748294503
2,139,402.612087979898
3,139,592.475474831991
4,139,399.435026787584
5,139,456.477829833578
6,139,391.276972098917
7,139,411.604515154722
8,139,427.179843200001
9,139,424.034377733451
10,139,450.801701610633
11,139,217.542625440486
12,139,294.28091833005
13,139,416.957118524592
14,139,286.206429577069
15,139,353.211916259951
16,139,437.674856484491
17,139,304.948065547206
18,139,401.297376036898
1,140,273.386384420614
2,140,335.27158171358
3,140,515.039063967965
4,140,287.259890075936
5,140,248.863121330362
6,140,377.152380784492
7,140,342.10717845968
8,140,231.715261224787
9,140,273.623854992276
10,140,469.172063737863
11,140,474.989019994516
12,140,472.11769157343
13,140,535.910359434054
14,140,458.958268250882
15,140,359.653935168973
16,140,382.495715755401
17,140,445.045633017735
18,140,405.237642276239
1,141,328.760492008858
2,141,281.748540133382
3,141,385.17869166923
4,141,329.587934209413
5,141,340.688571378869
6,141,507.833708088539
7,141,337.185843327884
8,141,311.106164297611
9,141,354.397860418811
10,141,366.58323251163
11,141,300.778512416387
12,141,316.980453244553
13,141,415.746406223467
14,141,413.675800709567
15,141,447.798762469538
16,141,454.710656405906
17,141,331.735050507318
18,141,371.689451862233
1,142,351.208680130301
2,142,391.020414978992
3,142,389.53580730401
4,142,527.929953884441
5,142,374.19970909152
6,142,310.684623696879
7,142,449.894707034629
8,142,364.630494257282
9,142,523.854229272338
10,142,314.950337141119
11,142,415.231308682218
12,142,267.170605121493
13,142,222.157475568631
14,142,338.411528595717
15,142,325.541509218815
16,142,409.46971619282
17,142,268.235893903148
18,142,504.99613953121
1,143,403.616432023537
2,143,302.130114944667
3,143,290.855011552193
4,143,395.795298496956
5,143,420.171936966076
6,143,209.650569090301
7,143,401.673345532495
8,143,358.166672793143
9,143,466.043721163989
10,143,345.580690541774
11,143,450.595462980107
12,143,382.306500408388
13,143,292.37961009274
14,143,346.885976322098
15,143,263.910534310226
16,143,390.685745621554
17,143,341.902867785151
18,143,418.729628457067
1,144,358.923101545888
2,144,387.188066022129
3,144,372.72519857032
4,144,323.05457649082
5,144,233.998774702504
6,144,323.481847553906
7,144,474.506427479711
8,144,435.81260939127
9,144,331.491488561189
10,144,421.100343032111
11,144,505.302259201942
12,144,411.19410926084
13,144,317.225136614386
14,144,347.842401541983
15,144,431.149953123918
16,144,446.802745453855
17,144,285.726855898789
18,144,308.331434418423
1,145,411.796881773423
2,145,487.954472394833
3,145,355.238360557714
4,145,408.163609272323
5,145,343.359503105448
6,145,373.412747729965
7,145,342.338109358386
8,145,433.858115052212
9,145,471.84485290132
10,145,288.835555562256
11,145,328.3360488592
12,145,316.36741477105
13,145,445.147466195472
14,145,573.846527568741
15,145,246.853310986465
16,145,249.461796624008
17,145,497.96955273749
18,145,493.68745731396
1,146,324.301479478293
2,146,281.032790377497
3,146,473.08742445296
4,146,431.090887519191
5,146,348.369478825088
6,146,486.325140313139
7,146,448.958359639565
8,146,380.221522597507
9,146,253.249269729713
10,146,445.060614160375
11,146,455.580045718287
12,146,519.457922061435
13,146,510.416426786082
14,146,252.478146104339
15,146,387.775785272043
16,146,347.327521656935
17,146,307.129759996669
18,146,239.572800718389
1,147,489.237693188346
2,147,566.415973201255
3,147,349.449378007315
4,147,361.673193116784
5,147,342.002047598498
6,147,410.467667474142
7,147,306.175705080006
8,147,424.928291875529
9,147,248.740284841467
10,147,270.401056287678
11,147,389.474243149964
12,147,461.503350851999
13,147,453.863739620002
14,147,411.818620095153
15,147,371.893518224587
16,147,464.430485565222
17,147,335.578389514777
18,147,346.911856438892
1,148,325.260731012544
2,148,480.661817652751
3,148,341.242231322696
4,148,386.102800427608
5,148,224.89301284291
6,148,536.451078961479
7,148,330.038959332982
8,148,448.295516641679
9,148,478.637063658537
10,148,306.596415755641
11,148,285.041709541268
12,148,358.119403711535
13,148,515.925961285621
14,148,531.056485004738
15,148,332.960849169218
16,148,489.745970992896
17,148,293.087271134572
18,148,367.727118380157
1,149,230.592360233293
2,149,440.274543951359
3,149,513.498672432858
4,149,422.806298545803
5,149,419.329501534994
6,149,391.244114765855
7,149,389.71140460308
8,149,492.363563670901
9,149,349.896622429827
10,149,490.813450111141
11,149,331.049002920987
12,149,378.772929049955
13,149,539.888447763001
14,149,463.393667501871
15,149,273.389158642839
16,149,412.131205441651
17,149,260.444076532601
18,149,461.303858831845
1,150,338.180414814166
2,150,315.900638941803
3,150,391.923284492441
4,150,350.625429842461
5,150,440.367954269575
6,150,464.417920970586
7,150,372.742347127779
8,150,292.97614977457
9,150,516.341953955822
10,150,454.574501468076
11,150,345.21509007473
12,150,491.394538067946
13,150,442.200836211027
14,150,245.554861435532
15,150,427.019443868917
16,150,262.666290235346
17,150,360.891073396092
18,150,413.674688763808
1,151,255.228724124157
2,151,283.56048950056
3,151,275.606543230884
4,151,318.311009540639
5,151,325.825831964026
6,151,299.77235754541
7,151,358.597981104759
8,151,244.735267918967
9,151,286.519913402616
10,151,243.669620386029
11,151,464.677279326412
12,151,274.555124102256
13,151,280.342679012717
14,151,402.26536386718
15,151,416.479331406548
16,151,351.931967914152
17,151,472.103993092832
18,151,321.278242226824
1,152,491.122265993987
2,152,367.670506721918
3,152,324.564673005182
4,152,436.766652605016
5,152,371.776025343299
6,152,477.301926193371
7,152,361.614196114271
8,152,426.400163169126
9,152,307.432684422472
10,152,371.975647722946
11,152,382.956614757269
12,152,402.820958898477
13,152,483.58316962537
14,152,445.217248930156
15,152,362.832551036788
16,152,234.189673450949
17,152,375.791503522139
18,152,330.501300440266
1,153,272.816085793856
2,153,337.574932252298
3,153,414.284906056642
4,153,393.805840643934
5,153,285.922805230864
6,153,346.650525146895
7,153,496.57929107037
8,153,314.939473600109
9,153,333.906048094157
10,153,361.906061077049
11,153,306.809531593083
12,153,313.458951814131
13,153,307.75569780291
14,153,500.429149327864
15,153,354.94615547165
16,153,413.502034062732
17,153,228.099687018947
18,153,295.625848351182
1,154,432.532612529405
2,154,400.209671017953
3,154,551.780898799502
4,154,421.638605658323
5,154,316.278934350944
6,154,401.157657884959
7,154,269.801776440446
8,154,483.910585624734
9,154,326.152131764794
10,154,354.014060878605
11,154,403.292350611531
12,154,368.291534596018
13,154,469.410220299351
14,154,316.133046881685
15,154,313.405544999136
16,154,294.551866971484
17,154,327.767528690854
18,154,317.75056812986
1,155,534.567918323247
2,155,354.640299428701
3,155,386.840334469739
4,155,303.716590264671
5,155,370.378530325811
6,155,380.74370333237
7,155,449.922506962646
8,155,404.657494188012
9,155,333.684227142588
10,155,275.073827152207
11,155,383.369787637423
12,155,266.273266948513
13,155,382.786601093722
14,155,357.624621516264
15,155,429.36827188067
16,155,424.364712101966
17,155,261.606294110218
18,155,267.314894663768
1,156,383.062571943172
2,156,413.234417387273
3,156,233.523382806203
4,156,446.582347133191
5,156,282.360583895398
6,156,467.532287851663
7,156,302.347316433295
8,156,436.984034244838
9,156,425.137125363182
10,156,448.05147229692
11,156,425.31252684439
12,156,419.738490145514
13,156,401.252397721855
14,156,353.256600461252
15,156,423.85923519617
16,156,304.726241724213
17,156,404.824877739225
18,156,304.304798223954
1,157,404.779568872314
2,157,280.774753699123
3,157,263.863323686927
4,157,365.78133923697
5,157,320.789495174285
6,157,392.070947534763
7,157,324.905515153001
8,157,379.421387511743
9,157,347.212232768668
10,157,228.744432513493
11,157,323.247602132512
12,157,323.67798036707
13,157,464.405758926845
14,157,317.984357425279
15,157,528.54756359119
16,157,528.731217922482
17,157,383.150062216218
18,157,403.943048541506
1,158,368.711528071046
2,158,406.089416250084
3,158,408.143971883376
4,158,377.431859265491
5,158,465.420740709024
6,158,469.075105317552
7,158,384.55296198271
8,158,314.8027514297
9,158,345.5247722017
10,158,382.429316546837
11,158,376.345438735353
12,158,438.289227543832
13,158,268.486216166539
14,158,364.98536852449
15,158,333.340674421868
16,158,404.524561841245
17,158,314.269341354839
18,158,447.015641335074
1,159,262.911159551597
2,159,291.314575141405
3,159,232.261683037873
4,159,524.730305164924
5,159,365.107280305269
6,159,361.602381679569
7,159,404.677912645671
8,159,380.722751435675
9,159,383.207986574636
10,159,552.111683590244
11,159,308.674219577152
12,159,302.996051203625
13,159,264.163963487956
14,159,283.691876219888
15,159,263.620071839482
16,159,235.79122643912
17,159,392.900660902916
18,159,457.122313383181
1,160,434.969766699089
2,160,357.757560359058
3,160,374.434046397703
4,160,420.220753308653
5,160,403.349198576693
6,160,459.182981216334
7,160,411.689410015949
8,160,345.681387887192
9,160,382.053509528261
10,160,435.802754503887
11,160,546.379494948127
12,160,407.239742839902
13,160,449.808678701223
14,160,337.758157197136
15,160,290.651683878299
16,160,372.873200694234
17,160,378.794590794688
18,160,297.977689131632
1,161,326.503579244329
2,161,403.660274540272
3,161,444.356278670375
4,161,355.612947202603
5,161,422.385884416561
6,161,280.062581988815
7,161,368.544546844006
8,161,297.816692451194
9,161,245.269172580041
10,161,242.267953623116
11,161,432.469875779451
12,161,280.274522914299
13,161,356.501417831397
14,161,391.413520731068
15,161,450.89511096607
16,161,479.053322933519
17,161,351.853039622499
18,161,476.648472929302
1,162,314.629238522723
2,162,424.747564649494
3,162,312.674983842297
4,162,472.247991381567
5,162,476.666646200061
6,162,496.737043367323
7,162,423.334800008974
8,162,494.390647298463
9,162,540.940343676364
10,162,478.821437128984
11,162,394.173164510834
12,162,408.062017889097
13,162,424.112554803428
14,162,338.687407226686
15,162,371.939582420515
16,162,334.87912751312
17,162,336.664463890586
18,162,446.173992839454
1,163,441.123418560089
2,163,390.567492487253
3,163,498.511490870121
4,163,356.940859355024
5,163,487.986643251429
6,163,381.021438141135
7,163,294.965393741123
8,163,541.395336813379
9,163,408.639264723897
10,163,433.887270547773
11,163,360.409396417875
12,163,326.718580818491
13,163,312.01027301786
14,163,465.611166777322
15,163,410.407769147466
16,163,402.377925366847
17,163,415.709890847916
18,163,475.71850744078
1,164,284.904925140268
2,164,404.46176072848
3,164,306.940599569469
4,164,475.997737544994
5,164,308.426028479053
6,164,367.005027153319
7,164,333.846139894184
8,164,261.002127431663
9,164,480.852007111888
10,164,387.180931535284
11,164,368.493121045865
12,164,353.44379823241
13,164,442.373480593852
14,164,404.499276193823
15,164,224.069020083707
16,164,355.978584637763
17,164,454.004565290394
18,164,265.073285782027
1,165,334.619319017922
2,165,578.793860991161
3,165,244.163198525137
4,165,389.404439873215
5,165,321.352648823251
6,165,461.111906925108
7,165,231.465261591564
8,165,443.385098322371
9,165,402.860460277335
10,165,308.484824185673
11,165,367.617981733744
12,165,404.748167321208
13,165,253.975765367604
14,165,403.84963153261
15,165,327.161452468441
16,165,525.51622214055
17,165,550.225703441064
18,165,519.427446264737
1,166,272.391990153038
2,166,384.2011552891
3,166,294.466279378145
4,166,438.243200201611
5,166,377.756060387797
6,166,364.295710035906
7,166,312.167141161439
8,166,364.19811732875
9,166,326.24284217254
10,166,427.485047337229
11,166,288.741827850942
12,166,439.477296756638
13,166,460.944168739377
14,166,436.2532548255
15,166,248.313162954152
16,166,371.113254910375
17,166,305.717220276383
18,166,227.724276460282
1,167,260.918395594712
2,167,284.407064718344
3,167,230.932063705692
4,167,403.546359593105
5,167,244.071059722891
6,167,301.054743776211
7,167,473.723772402529
8,167,244.102685149217
9,167,441.821149550277
10,167,340.093726675461
11,167,350.919866293003
12,167,270.025987214039
13,167,498.087717476505
14,167,391.371879677586
15,167,323.453062919244
16,167,425.03710550423
17,167,330.026135796624
18,167,398.10510409134
1,168,322.749721906566
2,168,415.804422571801
3,168,256.481693312003
4,168,362.169285823423
5,168,304.524400482116
6,168,507.238129485653
7,168,483.467278899847
8,168,489.584694183594
9,168,462.855397775314
10,168,321.677859165576
11,168,266.240346768382
12,168,375.022920159495
13,168,238.135804559539
14,168,365.891813114581
15,168,339.693833258457
16,168,421.453203436747
17,168,585.187954379391
18,168,346.376943387616
1,169,381.588711481469
2,169,249.518508354121
3,169,431.200880182542
4,169,430.414579941724
5,169,379.638303842079
6,169,387.636090488263
7,169,318.979270659842
8,169,504.508324622476
9,169,376.383140772008
10,169,355.949457030752
11,169,425.768799889921
12,169,429.472537614573
13,169,495.822404993727
14,169,322.002040495452
15,169,307.88590169016
16,169,379.668014007122
17,169,469.519909238303
18,169,316.735656213913
1,170,315.920384019688
2,170,375.390497655755
3,170,366.32603928717
4,170,462.889435935162
5,170,446.166432499804
6,170,284.145627145491
7,170,284.486835328287
8,170,484.923450516193
9,170,385.638889932725
10,170,265.727218894406
11,170,227.046363619926
12,170,281.234544749747
13,170,429.417216967899
14,170,336.68462836428
15,170,345.763079285499
16,170,372.361406335891
17,170,224.482699317629
18,170,394.004856557675
1,171,333.598499415639
2,171,448.669374850245
3,171,377.937206835992
4,171,354.584508256901
5,171,348.184861786382
6,171,472.341793784001
7,171,390.764942813737
8,171,358.155388733054
9,171,309.339343414259
10,171,332.084948815259
11,171,281.104028367311
12,171,445.583177189957
13,171,391.102885638423
14,171,331.537457753202
15,171,299.030252921981
16,171,230.211301513352
17,171,301.858924407387
18,171,312.124188450387
1,172,490.860467876508
2,172,271.492804666351
3,172,353.533893738849
4,172,457.832787846121
5,172,449.185776593716
6,172,322.074562060225
7,172,358.471200524017
8,172,367.236001998631
9,172,259.279886064919
10,172,476.647402785057
11,172,348.218823971994
12,172,271.756505229471
13,172,409.948968697413
14,172,441.616439078276
15,172,443.533245878979
16,172,420.856871006547
17,172,446.682815005994
18,172,465.456885977342
1,173,386.374345485986
2,173,371.106631418119
3,173,345.011892261498
4,173,280.031126554544
5,173,410.964645520242
6,173,331.424851822459
7,173,458.531493298438
8,173,330.594545010325
9,173,528.985427044306
10,173,426.067036352967
11,173,368.745994799609
12,173,547.836110169826
13,173,389.120258881614
14,173,358.614643784895
15,173,330.364671598174
16,173,309.147685263398
17,173,214.178548017916
18,173,498.985618064626
1,174,304.989218906928
2,174,330.458469575457
3,174,351.496490950511
4,174,432.104985893447
5,174,366.845116045018
6,174,276.292067813869
7,174,435.010499404547
8,174,417.791491019576
9,174,275.625078952955
10,174,380.12079511969
11,174,364.956042105819
12,174,412.354291373437
13,174,326.311165212604
14,174,386.055162450765
15,174,423.008752344547
16,174,297.808065198538
17,174,523.238347022835
18,174,411.112226319997
1,175,484.458789520314
2,175,398.104848949936
3,175,275.793976554742
4,175,451.900834534574
5,175,346.401348604463
6,175,266.189857201238
7,175,398.302667856832
8,175,356.559960824458
9,175,287.363586565858
10,175,304.306476111281
11,175,330.277322802466
12,175,278.016560647173
13,175,480.037210979761
14,175,373.865485166977
15,175,445.61300152418
16,175,252.797632130104
17,175,407.186364412556
18,175,425.904504873612
1,176,384.638240881135
2,176,268.04229821706
3,176,458.151805996197
4,176,513.861802157125
5,176,463.587346212162
6,176,385.725126877214
7,176,351.628192963719
8,176,370.653859929435
9,176,334.329478147193
10,176,426.157906688162
11,176,413.430750584145
12,176,391.004352778858
13,176,401.470184602156
14,176,364.234491503664
15,176,500.251099287076
16,176,260.063550043402
17,176,334.281668661121
18,176,456.815114144798
1,177,534.89712586266
2,177,443.220045839579
3,177,244.004659930991
4,177,296.96288787803
5,177,317.112580698745
6,177,483.382778503836
7,177,308.180873557194
8,177,344.24279706668
9,177,235.711150573364
10,177,461.822746808989
11,177,386.117189965383
12,177,402.444560940337
13,177,531.154552274078
14,177,306.726577628872
15,177,363.514767637733
16,177,239.792528022218
17,177,330.88787813535
18,177,391.704746554425
1,178,282.693922523966
2,178,423.548003890987
3,178,304.669420959081
4,178,304.582361628732
5,178,376.601443236387
6,178,412.767268366108
7,178,305.570811890434
8,178,327.495221785789
9,178,413.895164229766
10,178,337.631832617297
11,178,503.681781490445
12,178,424.38265943217
13,178,506.338252200127
14,178,343.007450397973
15,178,374.471222560637
16,178,408.21916565804
17,178,400.922817019413
18,178,419.139410409784
1,179,406.880019775622
2,179,319.498045732325
3,179,336.816754842181
4,179,296.244604715416
5,179,260.581558809896
6,179,457.632143700391
7,179,260.204307473723
8,179,399.488102884603
9,179,323.272549593918
10,179,250.258037805837
11,179,270.676279388473
12,179,345.592051550828
13,179,320.985465476023
14,179,442.782819883584
15,179,370.619192130382
16,179,418.945202007199
17,179,394.35301574118
18,179,426.129822430299
1,180,341.967200730786
2,180,422.175215980075
3,180,483.271789435484
4,180,324.56784383642
5,180,412.120526299075
6,180,403.568809196436
7,180,434.294113891305
8,180,491.543424849738
9,180,326.879881026684
10,180,292.55247155081
11,180,301.460638794595
12,180,472.39294138314
13,180,382.017501621176
14,180,502.941077167924
15,180,331.716114415453
16,180,498.545802654501
17,180,396.417236536204
18,180,420.213495561819
1,181,399.519591963248
2,181,495.274355964169
3,181,451.759052192929
4,181,224.414331521221
5,181,261.464809549465
6,181,296.588888124512
7,181,224.281978592499
8,181,380.040137411138
9,181,403.751819179276
10,181,313.739022209186
11,181,400.415742817998
12,181,509.081487003333
13,181,418.569547476864
14,181,404.459106515737
15,181,464.405029361937
16,181,484.177426484992
17,181,337.560963577551
18,181,431.997737504996
1,182,425.44986981312
2,182,359.451724010577
3,182,450.327543106042
4,182,465.215620832188
5,182,468.353388868492
6,182,520.325698494779
7,182,406.044885599386
8,182,413.467692672066
9,182,349.999836806254
10,182,373.631369241938
11,182,272.410928692394
12,182,403.984027825799
13,182,243.25406653768
14,182,388.075439600214
15,182,241.909678623398
16,182,429.084158073441
17,182,353.96832318342
18,182,387.842874567512
1,183,358.341246710036
2,183,350.739085268436
3,183,372.344419441245
4,183,325.391253367332
5,183,518.157406372957
6,183,479.427951051301
7,183,272.424485638841
8,183,439.75086688704
9,183,338.782456697439
10,183,336.093119345212
11,183,268.926027285137
12,183,395.229568570473
13,183,233.570333586004
14,183,379.848636283639
15,183,459.024996802619
16,183,309.395715603172
17,183,417.216764510368
18,183,324.176474186005
1,184,554.557808462809
2,184,366.128579908818
3,184,366.991971349674
4,184,290.888531594271
5,184,469.825573338936
6,184,494.582969552608
7,184,569.151996822256
8,184,439.804137830733
9,184,334.847434145091
10,184,288.41883415824
11,184,387.370932634866
12,184,409.146691696756
13,184,351.714879073781
14,184,468.529925645749
15,184,309.923133838423
16,184,319.936033166988
17,184,447.613642221599
18,184,288.795225056527
1,185,503.159776188418
2,185,422.226140178355
3,185,248.863073151622
4,185,309.836801827441
5,185,377.870034111371
6,185,334.18001633963
7,185,289.500769792228
8,185,242.698356204492
9,185,478.888522297125
10,185,300.779974353235
11,185,423.33837063184
12,185,295.883942547745
13,185,338.858297760725
14,185,427.675944561302
15,185,387.672351432047
16,185,484.262247835857
17,185,411.733770920637
18,185,410.93722015435
1,186,380.143503278572
2,186,350.774726682814
3,186,355.542800007911
4,186,476.383769518208
5,186,478.561685915025
6,186,398.218283711015
7,186,380.770072910094
8,186,337.329321318652
9,186,349.207891025583
10,186,386.195143403828
11,186,327.445108846104
12,186,374.211622892971
13,186,247.928279133171
14,186,332.530078993441
15,186,332.694362981756
16,186,538.710626462404
17,186,423.919348261474
18,186,324.59860885106
1,187,264.262374449707
2,187,329.942371434125
3,187,281.95274470936
4,187,457.229513901911
5,187,335.697733608304
6,187,406.075986670642
7,187,305.741154448876
8,187,320.167856740941
9,187,384.096255132048
10,187,315.159897134096
11,187,439.051391927319
12,187,458.563429869808
13,187,253.903582215936
14,187,470.389175983816
15,187,300.557186907027
16,187,439.825866569084
17,187,395.67095231661
18,187,484.897957417527
1,188,358.743890171756
2,188,416.761033321582
3,188,331.617216687918
4,188,341.759661144996
5,188,368.482560131251
6,188,322.450798673748
7,188,521.793280523347
8,188,354.283714980147
9,188,499.221474641968
10,188,356.651489332832
11,188,508.85654097054
12,188,311.86015866665
13,188,293.960439506589
14,188,355.801432750645
15,188,329.60832184632
16,188,380.832705945894
17,188,367.865489567769
18,188,396.774769742552
1,189,496.522862097813
2,189,380.555807592545
3,189,351.292745046507
4,189,288.788557725425
5,189,469.736739991039
6,189,439.544459769886
7,189,240.865596438376
8,189,359.864005259861
9,189,311.744866056074
10,189,432.297104461702
11,189,383.14525282019
12,189,354.624232021729
13,189,352.228171981859
14,189,344.10539198118
15,189,321.274474579518
16,189,302.735517957621
17,189,548.527393672516
18,189,386.166351842389
1,190,304.141458947296
2,190,352.084234785868
3,190,481.445850981619
4,190,375.636583166468
5,190,403.490405280138
6,190,334.892082663906
7,190,420.217623478246
8,190,361.337854732728
9,190,449.632833825493
10,190,306.023054032384
11,190,333.630216055537
12,190,404.740155968395
13,190,282.860386699993
14,190,313.908398420719
15,190,361.105027140067
16,190,269.517600770745
17,190,436.637969449879
18,190,383.250805291307
1,191,556.487098813051
2,191,386.224977600677
3,191,344.979656246532
4,191,464.286232968636
5,191,409.788261783476
6,191,415.178292962898
7,191,301.461469960683
8,191,348.65159119273
9,191,329.303026419262
10,191,354.240801612988
11,191,422.160684987114
12,191,514.897335799711
13,191,361.730593228313
14,191,428.926526705417
15,191,326.570470703007
16,191,258.426330740987
17,191,453.209087117608
18,191,230.274329232518
1,192,543.121687559359
2,192,288.713073966401
3,192,335.369867074733
4,192,516.759328795739
5,192,365.314549967891
6,192,331.167769317585
7,192,313.76787334663
8,192,364.304245612053
9,192,517.956214918577
10,192,405.010443272822
11,192,260.950028346824
12,192,519.874684117999
13,192,357.58966574988
14,192,370.252748389397
15,192,278.167930774423
16,192,390.06879840586
17,192,441.824789016743
18,192,353.336868147037
1,193,376.509641539639
2,193,354.030149976599
3,193,295.478222673566
4,193,358.236997838743
5,193,319.980001676414
6,193,528.207227481869
7,193,300.359730493048
8,193,449.029632320009
9,193,363.931910188109
10,193,326.360972386406
11,193,392.025761844949
12,193,492.596629845647
13,193,464.766057683091
14,193,518.518584056338
15,193,311.863045915689
16,193,392.306682949706
17,193,411.739961213787
18,193,336.07206028657
1,194,379.360002736809
2,194,379.294395887864
3,194,343.583609561968
4,194,295.864774061755
5,194,436.399368633154
6,194,462.848821031125
7,194,537.748312722168
8,194,487.105674246569
9,194,428.557585962852
10,194,388.823300269974
11,194,417.904908006557
12,194,351.673527736375
13,194,377.782286380679
14,194,298.916404749488
15,194,283.976124313099
16,194,397.461009980211
17,194,403.819206773091
18,194,305.730526458483
1,195,294.705489777877
2,195,310.581533147922
3,195,463.565885207711
4,195,468.960230687182
5,195,480.312174472603
6,195,277.522588201788
7,195,332.97085190423
8,195,419.806884443781
9,195,399.793114351869
10,195,428.622439576283
11,195,403.995238468637
12,195,339.098726696859
13,195,322.365861153479
14,195,294.924618600103
15,195,343.189408715249
16,195,321.585816419974
17,195,314.551020581355
18,195,339.756133338321
1,196,410.708279803447
2,196,446.47628633341
3,196,326.752557210585
4,196,405.609182706424
5,196,340.269897123438
6,196,233.913805249458
7,196,394.903340123578
8,196,498.861036168396
9,196,527.690736498452
10,196,389.332331846774
11,196,431.541145340988
12,196,290.557749784292
13,196,397.656338105003
14,196,448.543452281595
15,196,478.547233156884
16,196,542.832138345473
17,196,490.613805738426
18,196,443.702363742958
1,197,344.013436250972
2,197,315.618785363896
3,197,457.979322641837
4,197,316.853633203133
5,197,399.839226607892
6,197,506.027690183785
7,197,330.79522288884
8,197,413.583011044561
9,197,377.730570049428
10,197,387.542960713189
11,197,434.215900857881
12,197,291.072342365516
13,197,390.99343484386
14,197,539.496304508278
15,197,385.641692799939
16,197,430.097687429089
17,197,326.632458516747
18,197,468.324249882185
1,198,306.849406297477
2,198,455.412597310081
3,198,508.10111856011
4,198,466.083136955948
5,198,297.418773023669
6,198,363.355597667231
7,198,341.462635215608
8,198,365.462625632026
9,198,502.574874733055
10,198,272.398938681276
11,198,441.394796907592
12,198,354.980803280624
13,198,476.645183482233
14,198,294.753017827809
15,198,400.018738260329
16,198,326.990424072182
17,198,553.046149992549
18,198,520.904290771466
1,199,326.006684851723
2,199,311.167452260894
3,199,363.965190564798
4,199,386.506653487934
5,199,390.760563232579
6,199,421.302221166781
7,199,392.874938997181
8,199,533.373155405165
9,199,416.03712935452
10,199,506.049257099739
11,199,277.913811665886
12,199,368.130123095053
13,199,356.628769729349
14,199,473.66177765211
15,199,477.336619238366
16,199,433.022256681957
17,199,451.394488892713
18,199,417.872396635398
1,200,412.205225034603
2,200,354.230312063574
3,200,326.148425010342
4,200,231.69049110155
5,200,536.024271603859
6,200,345.844603568809
7,200,388.849878466312
8,200,381.038306008478
9,200,448.821074400196
10,200,427.855940641807
11,200,259.729312441236
12,200,346.63192874235
13,200,458.359502704803
14,200,214.73957553084
15,200,409.685091426352
16,200,303.661301053416
17,200,327.59528637623
18,200,384.245739797436
1,201,536.391480370365
2,201,324.205376985496
3,201,330.422561950938
4,201,385.754914150713
5,201,546.9644301963
6,201,456.244792119218
7,201,335.132882122052
8,201,248.237786124601
9,201,360.394994668645
10,201,484.336408003385
11,201,368.595566031747
12,201,349.587558655508
13,201,314.802677945631
14,201,387.831905749839
15,201,438.926059812979
16,201,472.782097165393
17,201,355.03199769034
18,201,396.933155139504
1,202,291.720563717678
2,202,431.215601627217
3,202,510.464271831953
4,202,332.477829283479
5,202,426.020639835585
6,202,298.662500596875
7,202,364.664012162818
8,202,331.878114574963
9,202,375.767298756735
10,202,312.057967304478
11,202,418.386419365728
12,202,245.569053979246
13,202,506.102991502456
14,202,433.375954974326
15,202,417.46209695506
16,202,387.248350389772
17,202,385.169452454432
18,202,347.545666161058
1,203,464.149619652614
2,203,344.094511337595
3,203,284.846076512584
4,203,510.114698138879
5,203,262.699444237172
6,203,407.072761008961
7,203,314.084849503098
8,203,384.269425575258
9,203,356.23909908255
10,203,354.705698264479
11,203,348.004946607154
12,203,512.490684700819
13,203,445.016481460262
14,203,357.855379564353
15,203,292.804647100424
16,203,377.063368776528
17,203,376.32462705686
18,203,270.687678806005
1,204,314.098547445185
2,204,479.017349551935
3,204,413.932687921389
4,204,429.73011941573
5,204,340.162103175899
6,204,297.745907584671
7,204,278.193339484107
8,204,283.486468912101
9,204,453.635467972253
10,204,342.245698955884
11,204,432.360202923981
12,204,417.834357526508
13,204,496.776115780742
14,204,314.955939371301
15,204,263.412649215255
16,204,435.336605967866
17,204,346.100877847301
18,204,377.194246522643
1,205,447.778833838872
2,205,308.163774184164
3,205,473.626679791335
4,205,365.859730579919
5,205,282.367606544142
6,205,500.125746781249
7,205,462.388010568443
8,205,543.888651020183
9,205,379.225383165039
10,205,396.768890553978
11,205,448.188815544108
12,205,508.701996646497
13,205,496.940486864247
14,205,526.476587939465
15,205,347.670382041192
16,205,312.521709579888
17,205,299.562916421206
18,205,385.094997330508
1,206,476.315417542904
2,206,400.571626983837
3,206,468.050454750158
4,206,267.150449072577
5,206,356.994419535798
6,206,304.629059614614
7,206,324.27042276523
8,206,269.92701107488
9,206,518.598974093456
10,206,486.675662820562
11,206,333.9690758708
12,206,320.987737101329
13,206,445.179483358583
14,206,466.411205289345
15,206,358.986257460678
16,206,488.551180628715
17,206,416.171847790749
18,206,489.071820159643
1,207,284.961566652759
2,207,518.930952891753
3,207,354.648731077685
4,207,314.963216780432
5,207,307.969198981204
6,207,330.886252869295
7,207,397.58961949999
8,207,415.797163211832
9,207,251.424029151811
10,207,253.881490037651
11,207,370.276634356439
12,207,402.85041464924
13,207,289.158820020053
14,207,570.161326546007
15,207,339.078098586039
16,207,461.40264890108
17,207,340.895509367904
18,207,314.093378842734
1,208,495.215468986329
2,208,376.78554775025
3,208,428.433213167801
4,208,531.452972285075
5,208,281.481475992427
6,208,414.952274132869
7,208,493.900601713128
8,208,402.563359022046
9,208,380.858298370867
10,208,359.235431417973
11,208,351.707646100784
12,208,414.575083190203
13,208,354.743146300223
14,208,560.629871649973
15,208,290.869059711964
16,208,533.551346396936
17,208,348.480216411395
18,208,300.750124234844
1,209,392.330097959357
2,209,410.649744147451
3,209,342.038298022439
4,209,347.756087398378
5,209,521.480802152768
6,209,510.081870901771
7,209,291.924544582244
8,209,462.718795370257
9,209,236.764918717724
10,209,444.913471210643
11,209,425.19699693356
12,209,429.634796927325
13,209,316.735049677405
14,209,469.571836566358
15,209,381.556983076026
16,209,352.003553635942
17,209,449.252300125497
18,209,340.449631735556
1,210,536.51771631594
2,210,316.821402175024
3,210,460.455111902232
4,210,376.554745955542
5,210,306.274471937926
6,210,394.985283911535
7,210,514.671758665734
8,210,270.100013574893
9,210,278.167998477908
10,210,455.916921587212
11,210,371.334640378537
12,210,452.714778011403
13,210,489.801746327138
14,210,339.156727240162
15,210,465.768117211258
16,210,318.187021304422
17,210,368.748430125871
18,210,379.3038371852
1,211,487.79084683871
2,211,510.61586236892
3,211,381.717856733543
4,211,359.679643689476
5,211,227.040313677108
6,211,223.48045186917
7,211,446.949901479627
8,211,387.022038429247
9,211,346.987241347347
10,211,292.51570913489
11,211,391.229178025447
12,211,295.139782893323
13,211,390.814290539828
14,211,343.299903480504
15,211,291.192105069547
16,211,299.454029123731
17,211,263.944908133111
18,211,396.615751325308
1,212,330.997470517472
2,212,370.594973599736
3,212,343.727344962859
4,212,322.220344556542
5,212,378.06871062218
6,212,356.581471275652
7,212,324.174482476081
8,212,356.67863038794
9,212,416.911015684602
10,212,375.575591345464
11,212,502.207077408764
12,212,335.956993474842
13,212,335.223854375213
14,212,279.210881124096
15,212,438.803319866553
16,212,500.321790209864
17,212,387.097938203631
18,212,314.933897705447
1,213,357.432922016787
2,213,326.164238125359
3,213,314.147982692175
4,213,339.499710817669
5,213,466.526187385877
6,213,299.055112281813
7,213,345.211490337012
8,213,362.60246747993
9,213,279.126990704966
10,213,471.446830386843
11,213,443.620269745464
12,213,376.538637568097
13,213,451.548390193097
14,213,319.643789272043
15,213,271.989333400231
16,213,515.745930035413
17,213,469.434876377022
18,213,335.338260979123
1,214,368.089582495365
2,214,343.613862024172
3,214,309.137481472719
4,214,371.332269131431
5,214,310.967705286713
6,214,436.424210104474
7,214,471.808367810962
8,214,501.415593410164
9,214,344.675846662995
10,214,329.088348498256
11,214,308.972584058138
12,214,328.580795019916
13,214,318.688663925051
14,214,367.679186224067
15,214,441.608747815513
16,214,257.048475069
17,214,272.705601537926
18,214,497.397921703934
1,215,305.820647779217
2,215,418.424834910739
3,215,384.39348954843
4,215,453.05096367024
5,215,354.233988187675
6,215,464.969868487779
7,215,451.867042601074
8,215,313.680472347783
9,215,525.692280460885
10,215,413.004479328196
11,215,399.428666857698
12,215,386.275653367121
13,215,400.644262967544
14,215,316.111485650637
15,215,394.503181331266
16,215,479.500874967335
17,215,545.115945087704
18,215,264.030471921334
1,216,410.359183707862
2,216,428.976821021124
3,216,396.796521103098
4,216,387.871427405751
5,216,413.766040402121
6,216,261.642492198811
7,216,290.556982057016
8,216,248.265598495998
9,216,489.35181658155
10,216,513.908815533178
11,216,359.5893344366
12,216,321.00706713459
13,216,314.659252427734
14,216,244.498056421748
15,216,260.838792623166
16,216,304.514909674594
17,216,352.394524398633
18,216,357.674175647145
1,217,443.062224914375
2,217,422.988912511583
3,217,518.077583213976
4,217,361.913381054482
5,217,290.64167791783
6,217,546.161731508958
7,217,290.175442488401
8,217,433.728820549238
9,217,363.528286589083
10,217,427.994231798165
11,217,439.359440582912
12,217,292.024700209071
13,217,464.685464764744
14,217,453.420785400279
15,217,302.706214880987
16,217,364.142900783129
17,217,313.54762221409
18,217,317.472076980913
1,218,421.567402211519
2,218,476.441670925073
3,218,373.408537638964
4,218,316.181189776727
5,218,483.423839358132
6,218,349.175435865131
7,218,359.099161191366
8,218,486.362554159715
9,218,319.053704634362
10,218,392.407594139402
11,218,516.323102096707
12,218,303.437389249672
13,218,388.623123972248
14,218,391.827681967091
15,218,315.291987545329
16,218,463.051859837622
17,218,376.803009972301
18,218,349.70625642746
1,219,353.09146895715
2,219,437.644135601193
3,219,379.668136435477
4,219,318.709387886515
5,219,305.747765209524
6,219,274.764219477363
7,219,298.816335598704
8,219,403.064629905264
9,219,381.322187604173
10,219,488.823391831028
11,219,306.293260137921
12,219,401.107797607562
13,219,414.290074697897
14,219,330.041174923765
15,219,417.958239732968
16,219,332.038866404304
17,219,397.379786705635
18,219,284.689822856778
1,220,468.115759005993
2,220,275.166471563505
3,220,298.943963776999
4,220,243.841387799758
5,220,314.026244763986
6,220,374.403548849174
7,220,319.531940018541
8,220,244.121271369847
9,220,406.994779115421
10,220,382.110204799506
11,220,405.379050362896
12,220,299.574239458681
13,220,493.983294300769
14,220,455.610398652668
15,220,513.005424527304
16,220,396.320701749496
17,220,465.44216203691
18,220,379.71691868097
1,221,376.176635515023
2,221,443.841139899766
3,221,397.61658653794
4,221,401.571092110981
5,221,315.581624797962
6,221,400.403613812635
7,221,451.084187389489
8,221,409.889768549466
9,221,321.538757904058
10,221,415.784880519402
11,221,413.375709868809
12,221,370.460275587453
13,221,466.892684803548
14,221,204.559169782472
15,221,273.169351569215
16,221,392.468222737259
17,221,439.940387265874
18,221,356.107025737555
1,222,309.97770549335
2,222,435.343832870761
3,222,466.336500166554
4,222,383.607080532484
5,222,252.836440051488
6,222,399.801944293289
7,222,379.882824452049
8,222,241.210936581985
9,222,380.402171641682
10,222,238.263658169863
11,222,364.209416121144
12,222,284.556868419394
13,222,454.478475424469
14,222,434.506074366676
15,222,247.009912781213
16,222,325.743789013909
17,222,463.562120817605
18,222,461.980042356588
1,223,446.84183907652
2,223,416.219564812217
3,223,407.595020640273
4,223,491.654886747041
5,223,519.700317081707
6,223,384.878503626053
7,223,289.774255054418
8,223,461.806056225964
9,223,360.06326307263
10,223,356.018316354638
11,223,249.030649797336
12,223,428.580926480096
13,223,318.055805523959
14,223,402.039563893584
15,223,406.073656555306
16,223,368.549508568064
17,223,353.176929392531
18,223,307.436568674039
1,224,311.935675510994
2,224,411.251102292632
3,224,250.736234406492
4,224,339.797977542928
5,224,352.076234044513
6,224,545.140045271665
7,224,361.754612877227
8,224,335.205688226119
9,224,522.868413391374
10,224,368.271080931985
11,224,275.473187242026
12,224,307.876591509226
13,224,344.740465436201
14,224,518.722032936726
15,224,515.946559527141
16,224,474.228876874247
17,224,410.887258676636
18,224,441.467176708079
1,225,502.64564823264
2,225,473.78309815566
3,225,482.16696652854
4,225,264.629553895146
5,225,381.888872018486
6,225,229.344522808231
7,225,355.475934134377
8,225,372.678866247668
9,225,392.747536078798
10,225,253.707487649449
11,225,356.535436473989
12,225,402.33729692496
13,225,262.500553552897
14,225,468.216173662315
15,225,362.2314189427
16,225,354.692640476039
17,225,385.340129146828
18,225,340.374049057982
1,226,428.216292034239
2,226,342.253754110556
3,226,538.523586624997
4,226,365.235594506047
5,226,511.778134847345
6,226,373.175155965003
7,226,286.300266762279
8,226,334.26170046243
9,226,497.218701358011
10,226,378.705585952567
11,226,458.405834314391
12,226,328.30749348979
13,226,317.680352847085
14,226,392.221828944085
15,226,257.11682589099
16,226,305.561767699616
17,226,347.802267168096
18,226,368.198054920386
1,227,489.756634931717
2,227,389.459335973044
3,227,415.919939951057
4,227,388.576010230835
5,227,243.834341651758
6,227,403.970750669415
7,227,400.048140819864
8,227,258.067262187786
9,227,336.691861913204
10,227,524.467194236677
11,227,278.873634782382
12,227,359.576245760911
13,227,427.698852012589
14,227,482.566315499155
15,227,420.48420535854
16,227,385.635142863797
17,227,255.610852718421
18,227,336.219315853363
1,228,378.810456694615
2,228,319.30316222492
3,228,348.344900271916
4,228,461.826061858688
5,228,377.152406496423
6,228,450.745173408053
7,228,467.208024630713
8,228,425.513133897597
9,228,509.591743578143
10,228,341.79116252184
11,228,256.565041959445
12,228,496.060243510315
13,228,441.235160852305
14,228,516.775296532852
15,228,402.524938266858
16,228,302.012660433378
17,228,348.325001491157
18,228,382.283440896075
1,229,341.370189898136
2,229,543.844432360824
3,229,367.925396621121
4,229,366.969967357044
5,229,460.011612837725
6,229,319.598257036835
7,229,402.836101870123
8,229,301.664800234807
9,229,562.688338603548
10,229,510.384530770785
11,229,395.814047269497
12,229,418.091953096092
13,229,273.801682162466
14,229,422.614839546662
15,229,355.063642802329
16,229,311.672566690995
17,229,372.252931778065
18,229,216.841528743267
1,230,476.717747058067
2,230,395.498755537117
3,230,477.020589674515
4,230,319.803942155785
5,230,309.226091558561
6,230,304.065823611814
7,230,488.534739373819
8,230,389.191476471566
9,230,310.997894093805
10,230,320.740075146307
11,230,351.691530019674
12,230,380.79033765535
13,230,329.069020461353
14,230,287.06562320404
15,230,312.782275627124
16,230,250.730376779568
17,230,334.747264535678
18,230,387.299189734482
1,231,341.660302300552
2,231,415.338016385848
3,231,342.038909043059
4,231,362.282741661613
5,231,384.297025913863
6,231,370.49458210097
7,231,333.253409589878
8,231,465.973696445585
9,231,358.821924985673
10,231,330.953369899574
11,231,335.260404883227
12,231,410.239587579549
13,231,321.575938168533
14,231,409.106713582554
15,231,469.055759795005
16,231,467.333898852621
17,231,435.090608679788
18,231,388.862258832254
1,232,342.179471189289
2,232,381.73710968954
3,232,344.654204918078
4,232,447.070819005488
5,232,324.714974660119
6,232,320.258818726072
7,232,243.719401728936
8,232,388.828538822378
9,232,454.574859552128
10,232,541.621719332369
11,232,356.241674908571
12,232,325.847460536005
13,232,399.527937157247
14,232,376.369156273109
15,232,393.807772294666
16,232,438.25453756825
17,232,356.885920700369
18,232,377.433642796625
1,233,332.110764631046
2,233,404.213735236136
3,233,265.092131784883
4,233,345.508955346822
5,233,416.322781723432
6,233,323.486915228523
7,233,279.937676967629
8,233,333.481695317859
9,233,475.078016619119
10,233,471.661002743654
11,233,462.166754907823
12,233,458.290660123413
13,233,345.63900854892
14,233,509.34132409225
15,233,299.998225698082
16,233,381.955004111619
17,233,533.313397462595
18,233,383.640357099157
1,234,489.582044271345
2,234,414.762212795194
3,234,372.256627792385
4,234,469.88526725006
5,234,384.29867960584
6,234,291.391271082045
7,234,372.172639073996
8,234,355.626102082588
9,234,275.936041420041
10,234,471.15493330426
11,234,474.001554413785
12,234,298.13172105244
13,234,503.134516732075
14,234,444.442894268749
15,234,410.566944392032
16,234,336.135990795372
17,234,500.280721222781
18,234,323.289210111282
1,235,558.599193480672
2,235,432.542913570269
3,235,444.351807589883
4,235,470.351373973954
5,235,320.377751768984
6,235,361.450478360234
7,235,235.89927276227
8,235,516.605979332306
9,235,329.958274128317
10,235,460.959775309255
11,235,348.251586239938
12,235,343.109389425252
13,235,335.636989223649
14,235,370.569742917449
15,235,363.3421820483
16,235,337.878930353346
17,235,350.744042446419
18,235,415.409448757356
1,236,326.231201814456
2,236,290.78126863764
3,236,475.430682551681
4,236,368.373795179962
5,236,381.759421152539
6,236,404.358677697845
7,236,345.15244033326
8,236,385.10186719048
9,236,383.32131961472
10,236,529.107510829492
11,236,294.759090245275
12,236,232.450330573591
13,236,481.418002520161
14,236,426.090056180697
15,236,370.490087581287
16,236,346.567868228045
17,236,416.337435866586
18,236,419.105497647526
1,237,404.269103868613
2,237,332.900744940995
3,237,256.332494661809
4,237,313.512067228758
5,237,369.021175763567
6,237,336.269320503458
7,237,440.498003579858
8,237,331.57549680719
9,237,533.324381206094
10,237,379.154001144425
11,237,388.011148509049
12,237,301.913711384988
13,237,273.611885604683
14,237,463.903438704034
15,237,417.142484519474
16,237,344.118754825102
17,237,456.171201113672
18,237,318.142727829364
1,238,403.089323262064
2,238,396.154835298077
3,238,258.407883516814
4,238,335.595981941468
5,238,383.783738406886
6,238,457.157542325002
7,238,406.570472914543
8,238,262.844273578242
9,238,469.723216424818
10,238,365.754486698089
11,238,490.23350920442
12,238,444.611768136493
13,238,473.196423716651
14,238,357.28397869169
15,238,309.609358405588
16,238,357.20778408316
17,238,243.062617994385
18,238,229.996679547007
1,239,473.0750885109
2,239,463.392648000443
3,239,338.529394798552
4,239,322.414668733995
5,239,524.120962426522
6,239,450.096739875251
7,239,340.584650236332
8,239,410.368664041979
9,239,351.110916507559
10,239,398.358229675515
11,239,370.129121581362
12,239,424.065304321893
13,239,433.242274883778
14,239,471.987038636448
15,239,456.138345223853
16,239,319.584959890318
17,239,250.515208772931
18,239,248.310334472777
1,240,460.137841343223
2,240,290.233419312225
3,240,347.397528196409
4,240,269.985941250063
5,240,283.510126334619
6,240,420.958233323216
7,240,334.075294276135
8,240,371.603982031941
9,240,367.910839442107
10,240,280.901029604415
11,240,378.949198694554
12,240,484.407152750446
13,240,419.69783530493
14,240,377.751398086046
15,240,416.27530168646
16,240,518.546205429239
17,240,352.555205903269
18,240,247.152557482865
1,241,434.892913200824
2,241,387.909934115726
3,241,252.758695041241
4,241,269.546442449019
5,241,294.311417104054
6,241,414.078916224453
7,241,423.344342565666
8,241,425.80181480978
9,241,323.240550380375
10,241,549.591861043382
11,241,543.895049408641
12,241,536.770045480834
13,241,496.216391494534
14,241,440.616850656962
15,241,441.708212702444
16,241,505.67511834564
17,241,252.978757770021
18,241,431.042098235409
1,242,442.751987968093
2,242,280.395364815064
3,242,371.000060603952
4,242,442.521629209345
5,242,527.587066028274
6,242,399.991032729018
7,242,497.443616591493
8,242,356.764183454524
9,242,341.315020454102
10,242,410.830349397189
11,242,325.499255996612
12,242,287.803750959187
13,242,349.687597661688
14,242,364.77319755429
15,242,362.22161057059
16,242,520.092652706486
17,242,512.853974379302
18,242,381.789444872327
1,243,319.430837956664
2,243,398.224324594281
3,243,366.685903971887
4,243,351.297243577793
5,243,372.142741328533
6,243,389.298326647417
7,243,313.022395585529
8,243,270.357795691763
9,243,284.090431594595
10,243,528.15781861912
11,243,340.336343679186
12,243,341.885517332763
13,243,352.013873225117
14,243,387.811336739583
15,243,436.978926431238
16,243,447.825747080206
17,243,462.667484263128
18,243,341.762884714378
1,244,482.0841337939
2,244,389.661357565749
3,244,409.370320227721
4,244,303.710717047453
5,244,395.22176608482
6,244,312.802257406493
7,244,426.276655581659
8,244,513.926640741821
9,244,367.749500851234
10,244,336.052648131739
11,244,384.541677577688
12,244,346.739007138739
13,244,465.887495786123
14,244,418.817977559074
15,244,286.993377028605
16,244,341.843749841473
17,244,333.701909038424
18,244,378.891304346772
1,245,530.926181254778
2,245,369.356809767819
3,245,479.642412555734
4,245,268.121229305109
5,245,287.023642967264
6,245,493.269896960158
7,245,374.783057984031
8,245,301.83558846736
9,245,366.267329736432
10,245,475.35211696635
11,245,349.797711627323
12,245,322.392120100167
13,245,317.371843744416
14,245,343.344120418556
15,245,339.852804141987
16,245,424.367415578198
17,245,472.605446420382
18,245,290.345644176926
1,246,457.1056430861
2,246,379.08642658178
3,246,398.758133145277
4,246,285.994210589231
5,246,363.483435939823
6,246,296.067718808114
7,246,436.480158279368
8,246,437.269242896436
9,246,266.170051295368
10,246,337.09773071626
11,246,282.708909565133
12,246,297.858144861886
13,246,425.041586169043
14,246,373.739544285207
15,246,333.900542639655
16,246,398.814069730713
17,246,394.443969542441
18,246,390.597127568551
1,247,371.772705246503
2,247,247.536261469189
3,247,523.651958216089
4,247,342.39634931057
5,247,439.35495873436
6,247,410.824717855326
7,247,481.47988472171
8,247,246.12054148589
9,247,455.77749282768
10,247,413.421810863385
11,247,348.130927396155
12,247,287.417057971965
13,247,410.467490756317
14,247,276.589665546366
15,247,297.867081739169
16,247,399.733225137359
17,247,326.311189668236
18,247,424.543103371936
1,248,357.035158084982
2,248,511.518161681664
3,248,356.248413923449
4,248,482.267624981781
5,248,324.620015945209
6,248,270.440935105698
7,248,355.908109037009
8,248,423.532711326078
9,248,346.745608990958
10,248,321.125606449875
11,248,391.721177622953
12,248,290.908022474317
13,248,267.434548406648
14,248,533.22935022122
15,248,345.344919772949
16,248,394.465473202805
17,248,394.621543178191
18,248,497.404864046895
1,249,443.845223354036
2,249,286.672171631186
3,249,357.896407528671
4,249,341.673196652197
5,249,420.441874149902
6,249,376.51662775798
7,249,420.191437335022
8,249,419.215367937403
9,249,398.502016771975
10,249,430.105052624941
11,249,451.265906593457
12,249,406.570043991944
13,249,313.059569876761
14,249,266.126522133816
15,249,405.066228305273
16,249,374.144223563953
17,249,521.801859991694
18,249,237.537676372519
1,250,364.981915125503
2,250,440.165689902648
3,250,241.190218817812
4,250,369.496211887275
5,250,379.131486749199
6,250,395.120397200196
7,250,534.293065335713
8,250,283.593780992127
9,250,325.277855217344
10,250,544.978089656402
11,250,382.594207536339
12,250,299.85570468955
13,250,326.326435699882
14,250,249.785594449114
15,250,364.136495053066
16,250,282.069377638221
17,250,248.596526415822
18,250,371.1239745229
1,251,515.887436706966
2,251,369.051642318924
3,251,428.343796172491
4,251,393.135602849974
5,251,504.72174159921
6,251,291.753731789418
7,251,362.006533549275
8,251,376.838000158074
9,251,441.171738604719
10,251,270.417227153399
11,251,235.151059754501
12,251,449.618369101731
13,251,328.687078439347
14,251,317.43361134875
15,251,321.437740571826
16,251,594.936658733769
17,251,388.663884406858
18,251,333.791908642127
1,252,398.006518572413
2,252,466.566476144603
3,252,338.340783661659
4,252,390.210823720694
5,252,541.321691123949
6,252,383.792805309547
7,252,362.615871755191
8,252,358.393102450873
9,252,316.956201081137
10,252,400.791868492366
11,252,370.169827110027
12,252,418.813690664339
13,252,483.934396688941
14,252,312.023011790738
15,252,389.907986678953
16,252,267.123159055982
17,252,278.649252452351
18,252,438.898619406682
1,253,371.55713147508
2,253,392.630160610753
3,253,370.225952501828
4,253,458.019697474979
5,253,265.693109460792
6,253,313.114234348882
7,253,244.606496346533
8,253,335.880088045755
9,253,342.276071174231
10,253,328.48246380546
11,253,532.808399930806
12,253,429.816558509565
13,253,235.785919050325
14,253,498.070186356943
15,253,370.757211677701
16,253,501.860211215124
17,253,347.401506984689
18,253,418.381394514154
1,254,450.497502034232
2,254,378.919050340613
3,254,413.687365633888
4,254,392.862840068572
5,254,362.22863073819
6,254,393.817617053805
7,254,380.472283039195
8,254,376.516802298974
9,254,357.626921389141
10,254,371.51704266574
11,254,432.088070775419
12,254,346.17414068427
13,254,454.493448558316
14,254,321.9575833785
15,254,378.322221337621
16,254,385.363208109577
17,254,299.477655465999
18,254,295.008744808851
1,255,313.489388733365
2,255,390.441774455437
3,255,511.04590743143
4,255,392.407839422833
5,255,455.135335099405
6,255,443.818030283706
7,255,284.830143682039
8,255,395.997218992996
9,255,402.015263669404
10,255,282.743436837138
11,255,317.55759948797
12,255,383.048901730998
13,255,307.753865970622
14,255,364.166280337548
15,255,530.934203055038
16,255,353.713918818875
17,255,250.571611851278
18,255,345.736609220049
1,256,300.439670762665
2,256,471.975275571993
3,256,350.075726801909
4,256,367.195969318591
5,256,488.942117678217
6,256,455.293187096798
7,256,246.62120838268
8,256,376.447989885962
9,256,377.442958591711
10,256,428.028268807475
11,256,505.775183236234
12,256,321.195251192169
13,256,268.916820296967
14,256,382.165763325434
15,256,265.030403453258
16,256,323.988212258709
17,256,434.395227326957
18,256,407.512580490346
1,257,530.439054585874
2,257,435.334515305843
3,257,353.311519781536
4,257,287.129296489118
5,257,347.084552335293
6,257,457.494122145969
7,257,255.847160484805
8,257,362.781261347327
9,257,414.912348403512
10,257,481.26162830273
11,257,580.260809358485
12,257,390.686913469105
13,257,338.759343734521
14,257,308.128079142965
15,257,250.99881888048
16,257,456.258579784193
17,257,335.123193172729
18,257,407.04800630288
1,258,527.746523114418
2,258,405.144895278427
3,258,362.655618469808
4,258,464.462660579233
5,258,541.625239568772
6,258,432.681589881688
7,258,238.538980057878
8,258,334.334873852208
9,258,417.183082746846
10,258,454.060648027712
11,258,426.026429875852
12,258,431.392982623692
13,258,380.336493288633
14,258,312.354312992554
15,258,261.363164945341
16,258,484.40579295974
17,258,480.517804369111
18,258,384.907980788372
1,259,351.153326526231
2,259,457.771825787832
3,259,497.191490494429
4,259,303.185108463712
5,259,362.422221158347
6,259,314.221376446773
7,259,551.06519389933
8,259,486.10788099249
9,259,351.089887748193
10,259,446.30970954775
11,259,330.92910655913
12,259,304.15316418674
13,259,403.620680620392
14,259,325.610460055663
15,259,273.155522536558
16,259,442.915933766547
17,259,417.046067986182
18,259,402.941330686143
1,260,387.088436010249
2,260,439.282096183428
3,260,512.856467204871
4,260,276.534493159534
5,260,239.207172791195
6,260,312.209707638507
7,260,425.364396220589
8,260,408.978834872601
9,260,505.657551257615
10,260,311.349010415357
11,260,383.557858348997
12,260,345.613410605955
13,260,329.753427511337
14,260,434.886958485624
15,260,229.566710538586
16,260,382.408121136566
17,260,249.77792460863
18,260,336.304300317759
1,261,269.41077603791
2,261,445.123938455796
3,261,551.69551133861
4,261,277.431988260911
5,261,533.732077895161
6,261,301.822129928306
7,261,457.144317277114
8,261,314.438514223535
9,261,392.907407471206
10,261,359.204545149591
11,261,326.892144291016
12,261,282.902088337714
13,261,530.399983844808
14,261,356.404562293746
15,261,446.629826274627
16,261,446.453690547157
17,261,306.584565090426
18,261,502.285731247336
1,262,408.982837937116
2,262,463.225575258038
3,262,334.994867629015
4,262,356.399290951216
5,262,305.26094502977
6,262,382.081660987964
7,262,278.742958369735
8,262,305.835426684046
9,262,398.347959531998
10,262,415.306910101044
11,262,262.432914150715
12,262,200.568554650475
13,262,449.471649836089
14,262,396.083495901008
15,262,359.550548464654
16,262,529.831806116808
17,262,391.48021006212
18,262,369.366151365971
1,263,369.206057386159
2,263,455.678366289953
3,263,442.484519339634
4,263,329.27725881538
5,263,366.883556081784
6,263,527.39831920603
7,263,406.754833821869
8,263,521.168088879901
9,263,482.622621554491
10,263,452.065787273915
11,263,464.948903394137
12,263,318.554119142658
13,263,472.328637913878
14,263,353.375324447934
15,263,369.529575258552
16,263,336.976486429173
17,263,376.604990159869
18,263,528.463815709599
1,264,369.642132568933
2,264,393.788180734345
3,264,294.019499622449
4,264,370.400981395563
5,264,347.654297213281
6,264,472.701164094589
7,264,305.826864251608
8,264,535.964262438211
9,264,394.0004901579
10,264,384.591937938396
11,264,321.090670368428
12,264,335.667778913039
13,264,498.7126415183
14,264,418.422770766454
15,264,398.270511112933
16,264,410.673975619892
17,264,423.282089079189
18,264,246.266307314893
1,265,327.72477901381
2,265,212.013111028976
3,265,325.787910138478
4,265,345.45034010461
5,265,423.716254469059
6,265,465.720345792589
7,265,377.115187737132
8,265,327.623990598078
9,265,406.208815740819
10,265,392.805883063459
11,265,501.602521392236
12,265,446.596016985384
13,265,497.165090103912
14,265,399.028633422192
15,265,358.014704087316
16,265,344.798198725543
17,265,261.460166172241
18,265,365.642100968209
1,266,411.166214513052
2,266,312.438988705935
3,266,300.835295343069
4,266,315.503223165344
5,266,348.658988911601
6,266,409.500226153141
7,266,336.387701386288
8,266,253.42542040568
9,266,506.580762173676
10,266,363.275160104111
11,266,542.804412865926
12,266,371.958443724142
13,266,508.701106649762
14,266,377.489957889823
15,266,527.926700861767
16,266,447.482919116501
17,266,351.714798541478
18,266,275.988160929424
1,267,521.566949729942
2,267,310.588163943594
3,267,421.173955285186
4,267,368.994544745816
5,267,354.956561800011
6,267,345.871397846554
7,267,441.220858845216
8,267,325.661816190498
9,267,466.581886876956
10,267,329.162497644949
11,267,287.824320657402
12,267,439.567629913043
13,267,398.733262281284
14,267,504.263437150646
15,267,418.295373973586
16,267,511.614596766463
17,267,493.585130318539
18,267,502.68598495839
1,268,228.311375125104
2,268,327.385895672547
3,268,315.331036773088
4,268,364.039256617843
5,268,490.156220839585
6,268,482.029427204071
7,268,527.16634977159
8,268,549.465695253481
9,268,360.911398521075
10,268,334.765825184815
11,268,508.588838448618
12,268,501.054520108988
13,268,267.720594437107
14,268,551.128107520453
15,268,277.416157388228
16,268,415.600748781316
17,268,438.434653505497
18,268,309.811471300294
1,269,298.848054149034
2,269,437.391311535266
3,269,347.690526925356
4,269,390.004316032295
5,269,291.381732258006
6,269,467.10622897781
7,269,366.970531382632
8,269,386.370358630909
9,269,394.386830223422
10,269,296.141487939475
11,269,455.864560446568
12,269,351.354322282172
13,269,429.836179451934
14,269,435.701308919471
15,269,390.997042763201
16,269,326.824552368911
17,269,401.960897174629
18,269,376.785281522769
1,270,389.966453348776
2,270,542.571710961033
3,270,385.296261012847
4,270,452.476034138713
5,270,280.136541161572
6,270,365.203595331887
7,270,391.230339223586
8,270,297.83371533034
9,270,258.097229126239
10,270,416.854330677825
11,270,344.517310815242
12,270,246.513981683767
13,270,468.990903236689
14,270,516.336041995077
15,270,435.056579356889
16,270,325.803582995005
17,270,347.712754293461
18,270,292.982368392467
1,271,488.324426380537
2,271,356.674433042365
3,271,367.792845430554
4,271,468.405630505604
5,271,339.299408753777
6,271,355.25469041436
7,271,336.610807435407
8,271,434.164752347754
9,271,558.357695524779
10,271,366.084289602955
11,271,371.463531799427
12,271,306.333591839425
13,271,290.545303151431
14,271,318.447025904608
15,271,324.107491077394
16,271,390.390429099732
17,271,403.726987744394
18,271,256.393426953935
1,272,437.259365554469
2,272,366.261085907721
3,272,372.920527618871
4,272,383.502622842701
5,272,495.672315472635
6,272,403.181077175475
7,272,408.905931286304
8,272,317.139000503203
9,272,411.078792034907
10,272,400.377852773597
11,272,331.745292674853
12,272,372.350149725417
13,272,388.687209522201
14,272,518.136395544496
15,272,308.338051748892
16,272,355.289517714333
17,272,223.890065094091
18,272,363.678968911617
1,273,461.463573915093
2,273,441.906474734064
3,273,413.056829463393
4,273,378.78377349065
5,273,369.895777124395
6,273,295.004747998773
7,273,292.233386336822
8,273,494.869827800793
9,273,236.052327055797
10,273,413.779645401443
11,273,303.289623971411
12,273,334.947249610496
13,273,304.402634665021
14,273,320.26951593758
15,273,365.411486676847
16,273,286.036573731674
17,273,245.075619203915
18,273,286.661014067388
1,274,567.598615471772
2,274,478.528996368277
3,274,408.378946330484
4,274,412.393425993526
5,274,254.880810283389
6,274,340.687281975972
7,274,341.301668257508
8,274,408.117756015527
9,274,374.494235169975
10,274,304.14011265321
11,274,331.973742198151
12,274,426.020905857621
13,274,558.866455565779
14,274,257.038529822988
15,274,318.059422931781
16,274,515.015196625779
17,274,448.371160246664
18,274,290.207103837366
1,275,439.995550630169
2,275,357.753492765144
3,275,229.781607984397
4,275,537.648905468035
5,275,484.022047391087
6,275,344.891395915483
7,275,323.478804467002
8,275,366.604251078775
9,275,549.077399536731
10,275,335.141999177339
11,275,380.197331378313
12,275,323.793906315465
13,275,433.510801415736
14,275,340.257798273006
15,275,408.805239268853
16,275,349.765602017536
17,275,388.661556883268
18,275,445.79313724295
1,276,359.334946699499
2,276,332.237035513068
3,276,471.721887619946
4,276,458.749170707566
5,276,460.449246010468
6,276,371.553509990389
7,276,313.549106739273
8,276,228.483259526341
9,276,322.526213711072
10,276,298.180664012389
11,276,472.849915471041
12,276,265.726326697329
13,276,344.191809046704
14,276,337.800443076339
15,276,362.814704612874
16,276,351.923580291632
17,276,346.680719902899
18,276,354.833179435101
1,277,390.063790175691
2,277,464.35131294931
3,277,216.773538538307
4,277,399.363616561741
5,277,364.444966981874
6,277,342.66180076437
7,277,251.700320685145
8,277,343.795164580594
9,277,370.162533548901
10,277,329.143475809916
11,277,352.102291688151
12,277,357.517381835518
13,277,333.132296585358
14,277,300.84371161268
15,277,347.171409003386
16,277,377.413965728808
17,277,562.321217576933
18,277,431.835672043029
1,278,486.992736351178
2,278,345.648731148886
3,278,411.078469972623
4,278,278.287764267128
5,278,440.519901832747
6,278,344.115630672327
7,278,436.392141712191
8,278,337.131143908683
9,278,428.962092026577
10,278,289.036176273666
11,278,247.813266413793
12,278,426.615837511566
13,278,363.939186104691
14,278,409.656357054578
15,278,264.800418200049
16,278,516.909678908049
17,278,345.116903556854
18,278,340.949745391152
1,279,412.161798232724
2,279,325.972791371919
3,279,524.829595686751
4,279,477.709173501529
5,279,410.224668855788
6,279,325.94668287247
7,279,378.704063838299
8,279,352.865878775178
9,279,519.212448408247
10,279,419.493118827599
11,279,337.230556317931
12,279,400.037513977782
13,279,503.913301749915
14,279,375.514368175063
15,279,461.982013216362
16,279,344.009117230925
17,279,413.385895817122
18,279,409.613780448592
1,280,282.521151350297
2,280,248.309724066392
3,280,361.405200705601
4,280,497.38388904691
5,280,445.679380710688
6,280,254.926846159526
7,280,332.899896585497
8,280,233.461199969423
9,280,535.534303810764
10,280,303.97702520861
11,280,443.860105961762
12,280,257.247784956106
13,280,449.603596438838
14,280,298.756764659225
15,280,371.38100472437
16,280,404.441739190418
17,280,311.670888884753
18,280,329.904051834377
1,281,410.39971346426
2,281,416.037281699253
3,281,298.543921482404
4,281,424.6691424795
5,281,340.970301907906
6,281,277.06503179217
7,281,404.32685167379
8,281,428.938109810399
9,281,407.249995566378
10,281,316.2446743445
11,281,384.555777535351
12,281,485.216197417823
13,281,353.863084053465
14,281,334.396219487986
15,281,233.970041729708
16,281,485.466592193145
17,281,366.798883150989
18,281,362.858705896489
1,282,576.538156581474
2,282,291.274014175876
3,282,334.167187448658
4,282,410.989834814456
5,282,308.704754380872
6,282,337.456837641433
7,282,481.6030801511
8,282,365.498498901911
9,282,468.431083897499
10,282,573.128464126754
11,282,373.709156533395
12,282,252.27653082626
13,282,258.411808572283
14,282,433.069674697206
15,282,366.848755859003
16,282,236.766741190478
17,282,443.108517978916
18,282,393.88894720563
1,283,379.725899100634
2,283,396.655492727182
3,283,484.558439490909
4,283,574.703783308178
5,283,465.807601856766
6,283,303.21539323654
7,283,269.300404767385
8,283,363.037017336311
9,283,374.410351295941
10,283,326.432420168759
11,283,359.345730496288
12,283,244.774881194983
13,283,362.44842015202
14,283,289.830783207774
15,283,480.656830911699
16,283,507.745147665978
17,283,236.602367075026
18,283,330.0632725722
1,284,394.677362421228
2,284,542.670394512951
3,284,489.770585541359
4,284,436.025819016469
5,284,524.743104011773
6,284,371.961895158919
7,284,254.759691184097
8,284,452.668168802451
9,284,356.758829096361
10,284,521.325628148621
11,284,279.726172377987
12,284,388.813793262245
13,284,420.708055436642
14,284,354.852752164098
15,284,309.501969429885
16,284,244.713048432892
17,284,310.889232055908
18,284,400.136122018003
1,285,338.031736731845
2,285,457.256411112979
3,285,460.967745001195
4,285,440.781835278301
5,285,234.302967552335
6,285,313.436773248716
7,285,491.100791875294
8,285,356.583387700201
9,285,588.167964380597
10,285,346.675045614336
11,285,401.025748756056
12,285,342.495937859967
13,285,320.541203981796
14,285,319.235626379665
15,285,236.231151608907
16,285,457.579011958986
17,285,334.565220860873
18,285,259.07582445443
1,286,257.286860007377
2,286,498.118065022442
3,286,226.020335338312
4,286,499.621494775767
5,286,341.601340827595
6,286,367.81420141759
7,286,447.582907768207
8,286,282.527513525523
9,286,408.228324934484
10,286,459.786630874048
11,286,508.878363115117
12,286,444.516867683661
13,286,450.992027806708
14,286,446.328998572913
15,286,455.050560008292
16,286,457.317652168041
17,286,362.250177620411
18,286,512.533638876748
1,287,298.052202963807
2,287,521.447858435067
3,287,471.943498025825
4,287,520.278976769753
5,287,316.080318386657
6,287,368.076359106536
7,287,248.740950151617
8,287,362.896435741698
9,287,438.021932632759
10,287,407.605220061875
11,287,309.983680359009
12,287,499.478140788744
13,287,467.485853691826
14,287,336.477669653244
15,287,395.358576236771
16,287,383.07423071954
17,287,428.249341336347
18,287,387.930181818359
1,288,320.462061680927
2,288,400.293681632439
3,288,499.569515474666
4,288,401.858382114988
5,288,458.995717397741
6,288,326.009119901852
7,288,568.645789235043
8,288,400.885579018762
9,288,341.886419787105
10,288,293.306205804729
11,288,466.616909031715
12,288,433.027501723343
13,288,381.509170940226
14,288,427.083460971298
15,288,468.129059450248
16,288,396.831461581441
17,288,311.833921379308
18,288,518.377790563975
1,289,248.540042064545
2,289,269.828562487207
3,289,356.419769330251
4,289,435.652743399984
5,289,389.582430921881
6,289,346.298847657817
7,289,287.69696960314
8,289,393.670583288551
9,289,413.477270764835
10,289,507.048606690286
11,289,411.049440718246
12,289,282.016674714996
13,289,440.761278557868
14,289,341.609381357666
15,289,412.40480901379
16,289,397.997385688769
17,289,429.436107906572
18,289,354.678906778349
1,290,297.379026101782
2,290,392.806165288193
3,290,423.372501438263
4,290,277.669320406315
5,290,394.71260143726
6,290,394.280801025259
7,290,358.49805626853
8,290,535.799684746641
9,290,268.281264233611
10,290,371.289401495245
11,290,412.19019859696
12,290,381.30786189017
13,290,303.17819580522
14,290,309.853488704249
15,290,215.751410799998
16,290,398.671784416503
17,290,463.227001410514
18,290,514.812244422339
1,291,247.32869143573
2,291,293.876129957632
3,291,458.988851788114
4,291,340.491648782417
5,291,454.048141737072
6,291,424.356299069213
7,291,303.188350959248
8,291,319.808722879788
9,291,444.861370927567
10,291,459.705343317604
11,291,401.636191201283
12,291,326.912104669666
13,291,402.47787978801
14,291,415.28652338719
15,291,339.752129760523
16,291,366.888194448245
17,291,474.91886283539
18,291,453.257187990151
1,292,392.620195098073
2,292,331.314744338831
3,292,315.593533004466
4,292,368.830194938433
5,292,270.0599887592
6,292,434.603000111492
7,292,426.377323867543
8,292,476.243407474532
9,292,317.831750866488
10,292,328.627209321384
11,292,434.090204977029
12,292,386.643825874212
13,292,336.428511062648
14,292,435.912832529327
15,292,327.231584458093
16,292,305.68602597426
17,292,416.581693590936
18,292,295.755904556628
1,293,404.235582351756
2,293,382.314216364085
3,293,527.467854500683
4,293,452.902497759087
5,293,542.308764223799
6,293,326.267345325072
7,293,346.37512496474
8,293,457.902289345537
9,293,410.381254298238
10,293,272.51770591478
11,293,385.887798981894
12,293,287.090221585588
13,293,365.325818721605
14,293,410.713899404965
15,293,418.639273391169
16,293,376.853049023922
17,293,488.161451145473
18,293,374.417288562075
1,294,315.461573922141
2,294,436.506987052794
3,294,442.247424766177
4,294,267.18324169955
5,294,325.383832408067
6,294,481.626031576373
7,294,508.490575253315
8,294,325.862439007295
9,294,386.363732841289
10,294,243.525952705623
11,294,485.167548536115
12,294,426.883867391683
13,294,379.975750172795
14,294,363.418031134969
15,294,418.763825995415
16,294,471.6825627097
17,294,406.990740689709
18,294,347.110730871754
1,295,300.879658464652
2,295,324.257611904163
3,295,396.191055515449
4,295,304.733706888604
5,295,412.249735606569
6,295,312.509988947485
7,295,453.216099018838
8,295,429.06066076758
9,295,391.974614967588
10,295,329.704429841612
11,295,367.100797428966
12,295,391.920687551863
13,295,409.509104680237
14,295,318.307410807599
15,295,397.373670147122
16,295,384.501881427848
17,295,342.416667322892
18,295,285.530137878487
1,296,329.148774648574
2,296,272.33288044653
3,296,350.977528562604
4,296,313.289004191992
5,296,348.146648541234
6,296,521.720150491316
7,296,422.019415681843
8,296,354.343493628169
9,296,466.457491387638
10,296,350.389360045176
11,296,347.581296722178
12,296,477.309595051656
13,296,546.048380311833
14,296,320.605811731622
15,296,288.641996573923
16,296,378.609900227102
17,296,450.610373815836
18,296,510.823575064674
1,297,384.838514908897
2,297,466.590105731601
3,297,388.877832719397
4,297,359.4418425585
5,297,308.953596470964
6,297,472.701678818429
7,297,322.969712717505
8,297,364.165513582874
9,297,321.078185730904
10,297,319.368747755993
11,297,401.203075210214
12,297,462.389265248144
13,297,479.363921646301
14,297,435.288932754899
15,297,506.137889696754
16,297,534.120351742248
17,297,391.231339133745
18,297,540.375101847363
1,298,409.179004035003
2,298,489.270118386286
3,298,393.752622451515
4,298,370.675382683665
5,298,315.079055879506
6,298,465.189108300094
7,298,484.600951508641
8,298,292.305982399439
9,298,383.601153743353
10,298,267.666711508053
11,298,304.648432985444
12,298,359.858906547271
13,298,387.930038005939
14,298,377.113878823742
15,298,542.634489200056
16,298,313.225288742042
17,298,431.460994485984
18,298,251.867032664149
1,299,299.669710235547
2,299,307.710383000454
3,299,392.554021261315
4,299,314.088875737044
5,299,340.604360636268
6,299,429.022770529008
7,299,281.928137682339
8,299,411.226916621513
9,299,529.888195533326
10,299,433.120460849401
11,299,396.622153692575
12,299,291.039424638332
13,299,354.170437495289
14,299,255.824059101647
15,299,454.393437177638
16,299,371.115032391283
17,299,348.21826885225
18,299,349.946015599403
1,300,347.532905270012
2,300,308.011033636568
3,300,474.161378384784
4,300,246.219620155357
5,300,266.847066399117
6,300,309.877739839596
7,300,295.291828978785
8,300,285.778223332401
9,300,498.219635818201
10,300,250.691252797473
11,300,399.124053943031
12,300,304.276515551157
13,300,518.951851751273
14,300,361.34140873291
15,300,461.556743283852
16,300,389.396787013992
17,300,296.511113625936
18,300,309.249330988711
1,301,522.392600005946
2,301,382.959396717028
3,301,385.405189963963
4,301,374.615418942387
5,301,350.47411319846
6,301,326.833349598883
7,301,402.466482538055
8,301,543.106907443167
9,301,395.036276943097
10,301,505.151894103112
11,301,375.613627952188
12,301,321.46206874893
13,301,337.626039132168
14,301,283.230913953831
15,301,464.678332552187
16,301,489.30670353609
17,301,387.844341960346
18,301,525.250461930106
1,302,432.315742759267
2,302,235.53375187807
3,302,277.34862342179
4,302,297.805523885976
5,302,271.203119112086
6,302,419.852995394121
7,302,433.366944779816
8,302,284.916745130946
9,302,282.829761950883
10,302,256.306005558994
11,302,247.957507232891
12,302,378.785047629358
13,302,311.792347379931
14,302,314.630270706094
15,302,434.632954481572
16,302,362.513591318673
17,302,420.426291889263
18,302,373.993315353832
1,303,279.244639570346
2,303,404.59658134283
3,303,411.000774555274
4,303,384.193724786437
5,303,258.426032023822
6,303,298.769344801858
7,303,307.302510731911
8,303,266.833026571308
9,303,494.384162293267
10,303,238.592838785052
11,303,375.684920858485
12,303,343.155374948215
13,303,308.342584802084
14,303,388.887630407971
15,303,264.91110976014
16,303,336.689821563658
17,303,349.498202916413
18,303,385.104534096156
1,304,328.109250926551
2,304,338.714770273713
3,304,479.144852317754
4,304,335.65872748623
5,304,469.553191622614
6,304,358.504198975419
7,304,520.139506028134
8,304,519.41234613787
9,304,406.88759296439
10,304,594.650649146691
11,304,251.716588129625
12,304,388.929043134506
13,304,300.874447421141
14,304,427.823377686557
15,304,257.248859493529
16,304,329.152728345761
17,304,268.609870269629
18,304,347.578745151705
1,305,349.916071436479
2,305,407.371661439641
3,305,440.651294553297
4,305,422.371226373056
5,305,231.097024195212
6,305,320.12903133653
7,305,362.563238038803
8,305,474.581289629505
9,305,451.094556182447
10,305,427.962158228042
11,305,297.937872806538
12,305,339.996500264336
13,305,348.867329192219
14,305,410.777166515308
15,305,318.686422360216
16,305,464.628467664745
17,305,486.789055638863
18,305,287.187210813302
1,306,419.186582377056
2,306,281.779828556615
3,306,317.328950974119
4,306,313.996970828238
5,306,295.66352504707
6,306,399.279681837216
7,306,309.303382227957
8,306,406.11390345946
9,306,327.961639859469
10,306,337.12312041895
11,306,239.154640230436
12,306,315.932493186549
13,306,375.140335360215
14,306,417.474837611423
15,306,488.083997707237
16,306,385.281260936602
17,306,475.507768079954
18,306,489.272998933469
1,307,370.184724469519
2,307,366.038340782484
3,307,288.228813507099
4,307,365.2330579122
5,307,348.738891215036
6,307,359.077757187554
7,307,398.658331077129
8,307,227.436938768533
9,307,316.875489421533
10,307,431.678627816463
11,307,402.726565724991
12,307,359.440662821941
13,307,376.919597767441
14,307,359.004003658608
15,307,366.374362433765
16,307,392.607071049076
17,307,342.311223850182
18,307,380.847366911404
1,308,569.02378232123
2,308,258.047338435196
3,308,314.3417154361
4,308,313.662644289217
5,308,318.072781697445
6,308,364.494149983854
7,308,385.146356549589
8,308,303.70610601458
9,308,284.524062649564
10,308,309.166997119224
11,308,428.131069888573
12,308,361.304348204411
13,308,490.826421343113
14,308,411.063421568126
15,308,436.089553699214
16,308,483.819978110846
17,308,410.647925459699
18,308,391.547543760359
1,309,345.398386274639
2,309,388.902501903632
3,309,343.436860541548
4,309,334.982749429786
5,309,315.150963750175
6,309,452.882065260525
7,309,356.274755374232
8,309,423.31795004971
9,309,417.258023064515
10,309,336.996786323189
11,309,351.068570713098
12,309,382.445251719453
13,309,304.878024490544
14,309,392.548273615487
15,309,288.016383382317
16,309,291.912353751874
17,309,379.213607278815
18,309,312.941369147173
1,310,510.048706306423
2,310,401.149183584274
3,310,289.689293515504
4,310,518.090926520965
5,310,417.841435829436
6,310,266.642486000913
7,310,417.789710397035
8,310,459.396873018425
9,310,276.181880462885
10,310,264.678031180806
11,310,438.48109165673
12,310,450.601124577151
13,310,398.767789198424
14,310,342.52314054909
15,310,366.601390955295
16,310,202.265106024089
17,310,379.589593860676
18,310,431.200286689988
1,311,281.953211714066
2,311,379.442985998379
3,311,340.061693845288
4,311,235.507220178099
5,311,331.137115916464
6,311,435.885966492773
7,311,390.319045062672
8,311,330.193222148815
9,311,401.826738663539
10,311,300.345233166863
11,311,308.90515362694
12,311,563.825334032658
13,311,303.899015664843
14,311,293.537199324141
15,311,410.674350038782
16,311,356.470665425315
17,311,280.152997553859
18,311,270.413903205037
1,312,413.232521908373
2,312,410.8205592882
3,312,278.088748609989
4,312,402.100493733665
5,312,453.842326921038
6,312,459.911448601661
7,312,336.05846992878
8,312,357.170122693643
9,312,407.621330550367
10,312,363.59562951298
11,312,291.186674708091
12,312,480.370161967105
13,312,288.353808818616
14,312,482.066313780937
15,312,476.645130093501
16,312,431.734415721427
17,312,344.478407831689
18,312,353.187357702123
1,313,379.721827361721
2,313,383.508924675738
3,313,293.857100025783
4,313,207.086920417551
5,313,468.415774933652
6,313,319.389731564307
7,313,414.688980432323
8,313,236.341122796588
9,313,314.547918061501
10,313,437.341710422704
11,313,225.84903154836
12,313,435.136439710972
13,313,276.928884755293
14,313,326.25684047728
15,313,443.020059611356
16,313,289.297414262463
17,313,534.232252381593
18,313,368.602394958285
1,314,343.601448444035
2,314,441.937902192667
3,314,326.408811480619
4,314,496.770521597045
5,314,420.895762082711
6,314,477.785734511093
7,314,278.884323983204
8,314,398.469596961701
9,314,459.680655278592
10,314,247.956138599048
11,314,249.52900610627
12,314,471.777540158127
13,314,445.356530987893
14,314,246.735152768781
15,314,324.986877946587
16,314,402.858187544336
17,314,269.113897628528
18,314,313.78910678784
1,315,314.879740081837
2,315,519.659774556737
3,315,379.950074235423
4,315,527.396834775397
5,315,325.10926110996
6,315,399.630140259744
7,315,444.243789296082
8,315,388.094434424311
9,315,498.868669020163
10,315,493.851725484846
11,315,396.167889331733
12,315,267.320615931029
13,315,285.318670734441
14,315,465.190950860333
15,315,368.084259761278
16,315,312.687046562181
17,315,460.127429066127
18,315,498.436751529054
1,316,355.207995517358
2,316,373.887066843863
3,316,341.224537986243
4,316,444.611328472038
5,316,287.597864331813
6,316,378.647783108179
7,316,317.055050229237
8,316,356.920258767165
9,316,328.499913967471
10,316,287.284848836168
11,316,374.151654912438
12,316,569.060940834667
13,316,396.25519630461
14,316,363.096946637834
15,316,343.011984624629
16,316,409.989116230513
17,316,544.833196634076
18,316,341.190199352118
1,317,252.132114970212
2,317,339.564705023187
3,317,353.06120240235
4,317,333.841032876353
5,317,277.344947829469
6,317,344.566729527881
7,317,442.370631723103
8,317,457.565009054741
9,317,357.736723616834
10,317,441.814780048732
11,317,398.739769776662
12,317,283.12865050856
13,317,386.811744046346
14,317,345.375641153386
15,317,333.362045714241
16,317,503.416538478296
17,317,423.448251438739
18,317,374.30859999418
1,318,437.382857176437
2,318,477.056129402978
3,318,464.510196749431
4,318,456.877157158211
5,318,432.329773506891
6,318,373.161785575392
7,318,318.383090553618
8,318,321.283606419406
9,318,325.812715145337
10,318,322.077283255745
11,318,515.605624859944
12,318,402.829857423045
13,318,283.189640006354
14,318,448.481761750412
15,318,338.698425922593
16,318,392.534285365022
17,318,300.939829304439
18,318,471.40756947239
1,319,469.551417118644
2,319,369.54740753737
3,319,400.893860396702
4,319,358.698613684262
5,319,297.579416309283
6,319,400.619224455821
7,319,261.142903971918
8,319,349.276431316082
9,319,215.666426396421
10,319,258.512836807199
11,319,361.513328169986
12,319,457.588262005866
13,319,273.030322238908
14,319,225.545105400763
15,319,312.251290319947
16,319,363.082398431439
17,319,379.518111428574
18,319,445.996409244279
1,320,319.052729993603
2,320,331.203857148827
3,320,412.199657725062
4,320,395.261141607313
5,320,329.296559429841
6,320,374.376776650189
7,320,322.677906946304
8,320,439.626459862215
9,320,251.322425992813
10,320,349.529219967302
11,320,463.071233322447
12,320,264.740120938082
13,320,475.226629903573
14,320,409.105637259146
15,320,464.691298174664
16,320,436.505218064703
17,320,348.931742694506
18,320,470.047110237637
1,321,372.551156936063
2,321,417.105421270092
3,321,374.463614480599
4,321,347.453146265607
5,321,532.747314726411
6,321,249.06652098614
7,321,226.635105595119
8,321,304.086952105631
9,321,439.142388371197
10,321,345.944025026982
11,321,331.411982848929
12,321,295.515237434738
13,321,372.205599059775
14,321,254.718506785363
15,321,446.135130342637
16,321,334.34470137799
17,321,302.688958665585
18,321,332.657831139616
1,322,558.861681750432
2,322,470.795885835547
3,322,477.048992419472
4,322,505.196451445427
5,322,303.056714442657
6,322,400.156655072187
7,322,313.417702284743
8,322,408.023036264082
9,322,295.47937218012
10,322,386.882092967719
11,322,273.42279010467
12,322,561.992639906933
13,322,415.635376834845
14,322,267.826675605727
15,322,375.983485577058
16,322,326.246910119837
17,322,424.711602805816
18,322,405.277008492118
1,323,246.128150798574
2,323,334.408109543833
3,323,500.407435425388
4,323,441.080755516213
5,323,555.504335193129
6,323,368.539868243374
7,323,587.997195211775
8,323,441.099084728454
9,323,501.520330410668
10,323,348.061658572986
11,323,433.242522584301
12,323,345.796601141587
13,323,508.387658062663
14,323,480.180243438799
15,323,370.498916646154
16,323,466.161078483274
17,323,387.942980981657
18,323,282.858819998928
1,324,519.190305936081
2,324,442.627417360941
3,324,356.603724513422
4,324,342.774540974332
5,324,473.449673621743
6,324,413.16407855427
7,324,321.709145894373
8,324,242.796000119629
9,324,370.451108530959
10,324,282.028317464481
11,324,341.172498574917
12,324,354.12394447995
13,324,402.977432391671
14,324,452.212275244555
15,324,488.961834242516
16,324,258.47081976524
17,324,392.056603762344
18,324,540.309133399974
1,325,420.625570035255
2,325,296.976942743756
3,325,435.698787789783
4,325,225.224096243415
5,325,376.405657946978
6,325,395.50497801654
7,325,375.506536618061
8,325,431.995626088748
9,325,375.087439818481
10,325,320.867295492819
11,325,351.280108565195
12,325,430.300116839218
13,325,422.818764026578
14,325,511.715159643714
15,325,328.632045266375
16,325,425.253126508841
17,325,420.334377467527
18,325,408.332649667383
1,326,376.241358762674
2,326,360.354198688
3,326,577.607519113013
4,326,433.154511422011
5,326,328.143819090502
6,326,355.441272101312
7,326,507.820782831958
8,326,468.301939976893
9,326,392.280870869167
10,326,335.917804099277
11,326,424.943532383141
12,326,379.445777964233
13,326,533.495398983258
14,326,358.498310484604
15,326,391.600837601015
16,326,465.524835809237
17,326,322.800634510188
18,326,350.749469919056
1,327,366.563003883925
2,327,405.868583048643
3,327,313.306861495153
4,327,444.581573981878
5,327,521.285585533789
6,327,521.741738455632
7,327,384.128520656912
8,327,305.555446427059
9,327,386.548194247606
10,327,328.230059334774
11,327,371.131343279859
12,327,391.89352114323
13,327,375.879311515917
14,327,284.622342396321
15,327,303.729530024543
16,327,509.17674161494
17,327,372.200225094601
18,327,451.002126763782
1,328,437.997828111399
2,328,414.967995884569
3,328,415.467125308843
4,328,337.277738102832
5,328,249.945084682465
6,328,296.103732875944
7,328,412.725135222529
8,328,463.106053511916
9,328,319.622613743281
10,328,311.11357624839
11,328,274.612033891508
12,328,398.819802846597
13,328,380.897824853007
14,328,454.639828736243
15,328,413.091763264554
16,328,458.279187540074
17,328,285.761101481975
18,328,492.674373642618
1,329,442.891626149504
2,329,357.074255625429
3,329,485.113872013636
4,329,331.372570023845
5,329,448.628102407813
6,329,235.143682197066
7,329,376.680475040682
8,329,345.398809259012
9,329,332.918865757727
10,329,485.455619622328
11,329,219.731595006042
12,329,435.742727240627
13,329,531.759048508959
14,329,435.465823534477
15,329,269.088575694206
16,329,356.887496688816
17,329,359.940039261473
18,329,381.419071943635
1,330,392.801095071888
2,330,244.096456732443
3,330,241.52726467376
4,330,299.490278406077
5,330,357.488380336041
6,330,412.751677819705
7,330,344.367828099147
8,330,456.281399605919
9,330,453.346671711734
10,330,388.327326683756
11,330,442.644515667964
12,330,246.622851709134
13,330,360.760720297055
14,330,314.776716717185
15,330,373.627271093471
16,330,330.114736698714
17,330,332.2265261763
18,330,323.64751538092
1,331,393.315746743119
2,331,401.301279148515
3,331,483.911406793707
4,331,298.800436277968
5,331,217.922802093057
6,331,437.744870907397
7,331,298.705315137784
8,331,351.046043730101
9,331,357.938970882129
10,331,355.654302331261
11,331,282.838029548514
12,331,330.080147415394
13,331,393.681672655796
14,331,378.273194646556
15,331,344.60694241536
16,331,241.171449609471
17,331,348.397446815041
18,331,422.768347536473
1,332,387.415693514565
2,332,570.104198992661
3,332,587.995357178866
4,332,447.750692305109
5,332,394.46692526151
6,332,374.26999630534
7,332,257.399917902381
8,332,299.815718957135
9,332,362.748640154148
10,332,432.051925651849
11,332,398.078762514763
12,332,411.53175735857
13,332,313.412118342965
14,332,299.897632172557
15,332,308.397207158165
16,332,420.149548018738
17,332,324.906406286583
18,332,469.07933389672
1,333,299.865904560203
2,333,443.261271953899
3,333,330.880413769334
4,333,517.851682768915
5,333,374.567101448142
6,333,451.74104094522
7,333,467.645459237775
8,333,385.043279871585
9,333,245.101707051376
10,333,300.72294412318
11,333,325.470535613244
12,333,397.089250076243
13,333,333.65228065713
14,333,367.160691703608
15,333,436.875447134321
16,333,267.43570245653
17,333,413.67019728604
18,333,370.199267066489
1,334,397.562455121493
2,334,399.939614228717
3,334,240.240319082218
4,334,282.032297889583
5,334,378.24103372017
6,334,382.123797167991
7,334,381.553362372966
8,334,413.050334120224
9,334,362.425342308352
10,334,407.582142615631
11,334,366.43794529768
12,334,428.023555841065
13,334,439.876188594542
14,334,391.829330866266
15,334,432.347104621733
16,334,376.952279216094
17,334,326.382576252463
18,334,344.561032467792
1,335,407.048143023379
2,335,368.164123906081
3,335,370.730997273266
4,335,495.862121268353
5,335,419.220963270646
6,335,431.742023886446
7,335,399.027421673548
8,335,297.366074017443
9,335,290.840470776483
10,335,395.749825324953
11,335,500.721392030442
12,335,390.968156756186
13,335,298.641920275103
14,335,422.593558490371
15,335,390.867521672434
16,335,355.590840061844
17,335,370.48673799013
18,335,563.986040352708
1,336,256.281724615556
2,336,413.566962922891
3,336,462.302843854821
4,336,318.232639969179
5,336,502.802563979261
6,336,513.383895366154
7,336,419.757941593627
8,336,284.854095990616
9,336,257.003948570604
10,336,289.73296914385
11,336,446.000990762803
12,336,324.08596468822
13,336,398.538121650979
14,336,344.433210772922
15,336,324.693612362423
16,336,334.710493621404
17,336,406.211967206777
18,336,576.188020274967
1,337,314.662222225015
2,337,338.416309528639
3,337,447.16978250453
4,337,412.701537907442
5,337,375.377533604314
6,337,388.11812777929
7,337,369.745778556539
8,337,420.698717522806
9,337,236.918313934927
10,337,371.233870632943
11,337,406.364463810523
12,337,496.423893993369
13,337,296.612918551622
14,337,440.226437230206
15,337,449.439089007654
16,337,442.477184599645
17,337,387.226241132083
18,337,437.525465064293
1,338,259.495202634139
2,338,336.700067176247
3,338,213.318353179509
4,338,314.449307854636
5,338,386.807263730791
6,338,402.770588137783
7,338,407.37630564127
8,338,434.707000730466
9,338,477.892558967056
10,338,316.729852966598
11,338,394.449595517839
12,338,387.369620983187
13,338,428.211385490232
14,338,525.511194880548
15,338,263.912184367718
16,338,227.451891940452
17,338,449.610597777477
18,338,477.321343431356
1,339,345.694183102829
2,339,347.988678572558
3,339,332.907926926928
4,339,443.228308846546
5,339,427.648215768688
6,339,395.503009927392
7,339,414.564892452151
8,339,363.430710362471
9,339,334.764427189612
10,339,314.201277630717
11,339,363.907774802093
12,339,399.1837948697
13,339,475.079361166591
14,339,469.823816146137
15,339,442.959857681425
16,339,437.748057661241
17,339,531.622239113037
18,339,401.321234616843
1,340,339.33885226245
2,340,393.053457271126
3,340,486.774391975676
4,340,347.547502537567
5,340,425.152810050034
6,340,238.072229542481
7,340,288.005887261037
8,340,482.920423627681
9,340,359.330650362501
10,340,364.167611578115
11,340,541.781468114267
12,340,349.919029428561
13,340,407.770489246604
14,340,389.268547719621
15,340,357.988472237146
16,340,315.868287276359
17,340,308.739446848255
18,340,405.911329568958
1,341,257.151639696231
2,341,413.650876243348
3,341,476.343925061182
4,341,338.909849951169
5,341,240.800624704236
6,341,376.900629673473
7,341,501.920172657272
8,341,318.663685854573
9,341,357.183116543915
10,341,325.684264479768
11,341,416.194651559525
12,341,393.930119971765
13,341,503.739986412375
14,341,428.504665542191
15,341,378.789401521206
16,341,274.124471581552
17,341,456.977165382277
18,341,343.957893320739
1,342,426.067223712963
2,342,483.420319921079
3,342,362.550880208135
4,342,401.500829740251
5,342,343.604218824072
6,342,414.15140780101
7,342,474.141377320206
8,342,308.099358133538
9,342,245.485832226994
10,342,510.060240152002
11,342,241.196959916716
12,342,256.660782965808
13,342,428.671067163736
14,342,493.477615524563
15,342,286.060446853195
16,342,392.1572023373
17,342,294.769235314241
18,342,368.078189056969
1,343,482.667327419644
2,343,432.246923849172
3,343,497.998148603602
4,343,234.175765232579
5,343,397.475824879255
6,343,424.123646812122
7,343,425.410755537715
8,343,329.072224960187
9,343,360.620055163883
10,343,520.614901120671
11,343,443.401251021183
12,343,417.965259856902
13,343,432.045762643702
14,343,387.104693683565
15,343,331.977577750074
16,343,355.031608254893
17,343,332.580759266941
18,343,305.844454874227
1,344,371.110387699266
2,344,366.116781503878
3,344,356.847040916608
4,344,359.15605856058
5,344,351.439459059657
6,344,312.243351009037
7,344,528.688121565349
8,344,280.297434054252
9,344,341.481996590708
10,344,233.927719507865
11,344,260.411641013681
12,344,389.713343266995
13,344,346.376328268122
14,344,313.442517279216
15,344,433.977418132282
16,344,489.442183487702
17,344,426.118253394186
18,344,349.430609943154
1,345,273.504882851831
2,345,357.269854772885
3,345,413.92752965672
4,345,333.467214464263
5,345,420.132515622329
6,345,419.642032857459
7,345,441.37043979215
8,345,371.471166649234
9,345,458.51508064038
10,345,396.772589810161
11,345,533.87526270411
12,345,377.450151641554
13,345,272.81368939343
14,345,430.52059082407
15,345,445.85918942149
16,345,281.508639552019
17,345,467.909829130078
18,345,389.040250905716
1,346,340.793170957736
2,346,355.866102049444
3,346,299.281667416959
4,346,213.185243295013
5,346,313.644797978615
6,346,216.598416185086
7,346,347.015054549889
8,346,361.036078607531
9,346,446.444855230356
10,346,276.441336196941
11,346,248.241801514413
12,346,423.378991898919
13,346,420.092228321509
14,346,292.406945417714
15,346,436.746113377451
16,346,521.251755701061
17,346,469.814643553897
18,346,345.232429093542
1,347,394.155552322968
2,347,404.354456419586
3,347,331.02784495397
4,347,384.564384420198
5,347,402.104396682254
6,347,353.130531337998
7,347,428.589199865249
8,347,311.491130570542
9,347,351.290868412043
10,347,387.567185192543
11,347,326.190661700899
12,347,413.826617732686
13,347,364.117845837444
14,347,336.668538730107
15,347,322.840168520597
16,347,377.855450579119
17,347,425.827907381191
18,347,295.657873794971
1,348,303.104877742595
2,348,498.596952302329
3,348,462.525520311702
4,348,306.284087945067
5,348,234.376098296204
6,348,297.729065178669
7,348,374.903700189874
8,348,310.374298255018
9,348,430.775168791435
10,348,346.423707514353
11,348,511.600274735428
12,348,447.22920763039
13,348,299.245598889094
14,348,333.856702029477
15,348,470.52946908499
16,348,408.026028576878
17,348,432.918141335791
18,348,340.754270689431
1,349,286.136621314627
2,349,363.85697916044
3,349,512.031138571419
4,349,262.318259321168
5,349,294.489201460987
6,349,507.706805242848
7,349,394.917315112352
8,349,357.072287641478
9,349,526.286661389708
10,349,356.888852389174
11,349,357.638917648746
12,349,385.765611488286
13,349,368.584716449295
14,349,509.435860485098
15,349,341.904943382719
16,349,406.326217549039
17,349,489.14168820763
18,349,317.469159382784
1,350,468.592133888287
2,350,398.128846401491
3,350,386.439753396934
4,350,358.069354094885
5,350,548.077070537668
6,350,286.476030877135
7,350,509.757290250578
8,350,275.649109341929
9,350,286.487648274666
10,350,525.784805739554
11,350,369.537854634285
12,350,273.178300095548
13,350,413.964508780241
14,350,410.637086254052
15,350,485.771759087774
16,350,309.321680816631
17,350,227.369541597206
18,350,310.741708896942
1,351,370.481512767739
2,351,314.702779490679
3,351,437.459571137802
4,351,541.093804735178
5,351,364.729255447697
6,351,524.808753793155
7,351,496.804096309635
8,351,402.538285108538
9,351,502.715830669
10,351,321.618504418329
11,351,395.520577995894
12,351,288.288173300218
13,351,318.656065684793
14,351,360.849076043795
15,351,555.333559707793
16,351,539.727753527515
17,351,377.133872322616
18,351,334.619570376252
1,352,328.655814044867
2,352,347.256412359442
3,352,437.919499076904
4,352,266.425518185824
5,352,244.831282552478
6,352,449.05410759074
7,352,452.115325727621
8,352,240.480423963382
9,352,311.135292460359
10,352,399.704711751701
11,352,521.056243430894
12,352,285.911138559576
13,352,285.171746123077
14,352,532.852646215484
15,352,246.28058320129
16,352,362.504377511423
17,352,375.29587136897
18,352,402.817374487665
1,353,231.451495470696
2,353,244.37609104766
3,353,286.30047084318
4,353,397.099971583841
5,353,331.577522921317
6,353,291.991416874252
7,353,444.388715049617
8,353,281.15416632534
9,353,525.552332073017
10,353,391.749517941757
11,353,259.631013162395
12,353,349.365274450022
13,353,325.284877888978
14,353,289.182802722293
15,353,366.83711328738
16,353,388.225887707655
17,353,251.325960400335
18,353,415.290452460614
1,354,320.247043389921
2,354,341.996075851722
3,354,502.789331356963
4,354,509.215176480356
5,354,303.186848004281
6,354,374.056817834715
7,354,249.076662233373
8,354,416.718772223892
9,354,393.466940686728
10,354,271.17382261959
11,354,274.688038341691
12,354,452.299158449851
13,354,267.205387508229
14,354,482.38801943443
15,354,444.990494488978
16,354,308.847105959509
17,354,479.375668282452
18,354,443.939700046466
1,355,500.457385588307
2,355,290.274988654552
3,355,366.578103209559
4,355,466.990013577799
5,355,361.272992506982
6,355,300.980779722483
7,355,369.911973727053
8,355,389.33891733952
9,355,447.00894776168
10,355,208.435042492576
11,355,311.874265644965
12,355,472.433146365451
13,355,420.256041772709
14,355,394.67279617037
15,355,300.651956188472
16,355,310.389591028049
17,355,359.634409815477
18,355,426.49458570637
1,356,376.759700129695
2,356,320.825542565179
3,356,336.58451325122
4,356,394.220365752134
5,356,244.964156122455
6,356,277.167719955167
7,356,496.480995228402
8,356,321.836795264728
9,356,259.849541040088
10,356,427.133120201766
11,356,350.079750508579
12,356,253.80974887908
13,356,328.217541397593
14,356,454.64371449263
15,356,418.736393930718
16,356,399.665843291209
17,356,367.577407096677
18,356,412.68375594167
1,357,431.150878860279
2,357,515.548459754419
3,357,358.995411937604
4,357,447.383706766142
5,357,498.845481922926
6,357,393.824964826831
7,357,323.031368680584
8,357,312.568476489603
9,357,383.60023327606
10,357,456.450043059819
11,357,243.438455134843
12,357,397.531989875235
13,357,422.165376589015
14,357,500.141466129886
15,357,395.622964602895
16,357,393.75239542951
17,357,302.25077417967
18,357,467.670679948466
1,358,274.436283214035
2,358,463.799123003711
3,358,368.750372052426
4,358,502.264521930326
5,358,410.151462957032
6,358,399.936695243876
7,358,244.867811768424
8,358,236.950864196053
9,358,393.590389693278
10,358,322.103265615554
11,358,409.939175848561
12,358,494.701097577776
13,358,331.079489159293
14,358,373.901006798427
15,358,500.486920615269
16,358,388.341651576301
17,358,362.584291994694
18,358,229.77752915561
1,359,478.712045737559
2,359,270.912005563764
3,359,306.455112100101
4,359,448.554633529158
5,359,282.380718021772
6,359,351.39930505326
7,359,500.375836735368
8,359,419.198899705769
9,359,220.373298695652
10,359,335.675280388335
11,359,488.40907303286
12,359,328.500925574017
13,359,365.162097392743
14,359,309.998711414274
15,359,305.707513607184
16,359,348.23690334953
17,359,397.650707142207
18,359,305.573558098323
1,360,294.02316424577
2,360,364.469555884653
3,360,310.543351461009
4,360,348.007642030557
5,360,324.06877223482
6,360,314.552949045799
7,360,270.432897734592
8,360,373.648433504224
9,360,372.641544984995
10,360,428.114235885128
11,360,405.864062610253
12,360,322.695520933891
13,360,316.484104092063
14,360,350.765017038224
15,360,355.388954665511
16,360,264.176277805974
17,360,523.659202685441
18,360,342.014900553123
1,361,343.471548042587
2,361,264.816199748993
3,361,391.258629120568
4,361,401.459478895197
5,361,297.123840556901
6,361,414.68481968619
7,361,601.659450147489
8,361,322.341992128306
9,361,242.506247782338
10,361,532.629787325365
11,361,471.802343192254
12,361,469.444539604914
13,361,419.36614674053
14,361,489.96715345111
15,361,255.851625215792
16,361,296.193869309743
17,361,446.172360651189
18,361,453.079633501839
1,362,315.717490630373
2,362,381.322288255512
3,362,291.546179152574
4,362,404.54677102993
5,362,344.855677041974
6,362,373.012711853464
7,362,412.967489647095
8,362,513.162106283571
9,362,342.132857146417
10,362,368.953808160964
11,362,288.044103042153
12,362,422.1135714324
13,362,333.051330176018
14,362,286.96615590746
15,362,265.94035224412
16,362,433.097639813702
17,362,340.454055933278
18,362,444.737830894021
1,363,382.481156609534
2,363,436.023567083401
3,363,335.112815065032
4,363,423.250122235401
5,363,475.990781433932
6,363,464.328861912288
7,363,501.52815278316
8,363,321.914636792626
9,363,289.211601208902
10,363,418.881746459109
11,363,406.624792936601
12,363,466.894823470107
13,363,307.422312371485
14,363,329.841668185313
15,363,266.269788587801
16,363,300.881867632751
17,363,387.121321809556
18,363,320.917403669541
1,364,280.137546952538
2,364,465.681665864808
3,364,472.677762481985
4,364,352.652403394023
5,364,380.801823568592
6,364,360.78354677736
7,364,440.309303073771
8,364,370.28345068825
9,364,368.010512577853
10,364,420.758969919293
11,364,296.051109060071
12,364,325.994472077606
13,364,467.94382275034
14,364,337.725941338366
15,364,410.342017595102
16,364,282.622278500678
17,364,298.022108341798
18,364,444.421141514581
1,365,245.746875599809
2,365,309.13252340755
3,365,268.486272034347
4,365,478.832569565798
5,365,413.337033464722
6,365,314.49729564598
7,365,311.781366191828
8,365,310.140466195348
9,365,453.989514051739
10,365,394.700906386185
11,365,393.469920617433
12,365,424.114771368682
13,365,452.710103523926
14,365,273.799442079528
15,365,429.182864019672
16,365,482.208492294952
17,365,329.281199968251
18,365,306.176010614966
1,366,225.162158186002
2,366,442.137166958444
3,366,357.38964866806
4,366,464.376771131636
5,366,320.959098937929
6,366,383.198883236565
7,366,276.70914288291
8,366,319.4957708495
9,366,388.324547673187
10,366,349.326314393649
11,366,416.449974785696
12,366,443.372384491618
13,366,410.217924403637
14,366,329.855611634073
15,366,434.96931242257
16,366,371.690507215772
17,366,256.27235269238
18,366,388.73556718686
1,367,343.215520979513
2,367,323.36677443701
3,367,454.657320445866
4,367,448.994480468318
5,367,336.704656708052
6,367,421.292361694438
7,367,356.411453525222
8,367,310.277591533986
9,367,350.41677616786
10,367,576.002457748103
11,367,262.29138398308
12,367,509.970297719093
13,367,375.841243810058
14,367,408.219084915566
15,367,338.433509351182
16,367,542.436210951534
17,367,471.993408077072
18,367,428.497589262134
1,368,478.432551287558
2,368,325.672319539324
3,368,487.719072819747
4,368,384.557340129564
5,368,509.453433341964
6,368,273.288645802778
7,368,300.935878468247
8,368,374.130313813333
9,368,372.589109120684
10,368,534.747570276014
11,368,340.493258151854
12,368,245.226051170705
13,368,415.442869924264
14,368,321.918248049566
15,368,416.023421010614
16,368,244.923527974362
17,368,294.204684251519
18,368,374.882465773257
1,369,275.043964980905
2,369,307.61386589607
3,369,367.139941263007
4,369,425.37328878486
5,369,302.10434580803
6,369,426.493613552873
7,369,439.330920317219
8,369,401.027508168961
9,369,449.839729827301
10,369,318.753123043784
11,369,351.297118239895
12,369,315.323180334447
13,369,419.591430611125
14,369,482.226096922701
15,369,300.803935401424
16,369,417.014637853005
17,369,259.813298339396
18,369,265.403014475071
1,370,492.644935823248
2,370,288.698027384491
3,370,463.661343994227
4,370,540.958260693516
5,370,241.876237554876
6,370,436.278052628268
7,370,437.120081456655
8,370,253.615775448799
9,370,470.121074159774
10,370,470.911413773224
11,370,285.297421239101
12,370,443.100851411065
13,370,421.108786690534
14,370,314.012483714411
15,370,268.224397649199
16,370,401.92892326887
17,370,304.19826063293
18,370,246.807635054985
1,371,435.940469252723
2,371,441.902432836244
3,371,350.57423073636
4,371,316.768385404183
5,371,318.662984688674
6,371,400.455149552808
7,371,353.378108172044
8,371,397.162934314227
9,371,446.381792061545
10,371,301.156831171691
11,371,350.52859144496
12,371,514.446324668897
13,371,366.969996000524
14,371,365.040319356224
15,371,318.355017543368
16,371,461.412809420195
17,371,459.123613896966
18,371,230.029426651628
1,372,378.3228860465
2,372,290.752302053739
3,372,363.624801603047
4,372,360.25387783779
5,372,295.022588379985
6,372,262.220909173647
7,372,444.782560673601
8,372,338.774872699581
9,372,223.985455222498
10,372,247.679486718873
11,372,411.041510068944
12,372,291.655638918555
13,372,318.875472920493
14,372,265.239812117022
15,372,385.219606029391
16,372,507.509390361193
17,372,332.472410707062
18,372,429.904829333158
1,373,292.038119323972
2,373,469.866673124541
3,373,263.820495986682
4,373,261.411581368571
5,373,262.289991193995
6,373,324.184178411511
7,373,425.403818582181
8,373,409.4936252676
9,373,331.27130965048
10,373,320.712037996093
11,373,415.672592566314
12,373,350.136090277392
13,373,297.6442314512
14,373,390.47445820939
15,373,436.452086678099
16,373,265.519916161716
17,373,501.991560483189
18,373,430.293537911321
1,374,417.599260396034
2,374,314.320718415316
3,374,268.983223035853
4,374,477.578823482665
5,374,439.532533018436
6,374,486.664024621891
7,374,421.780703704985
8,374,280.5988861863
9,374,369.616885357809
10,374,408.999191188775
11,374,311.520949848865
12,374,269.737732007136
13,374,420.445122191727
14,374,335.023457300022
15,374,498.769601579769
16,374,430.174851077325
17,374,228.435398886377
18,374,465.22986331258
1,375,326.707206334729
2,375,334.287514507011
3,375,479.846003843513
4,375,271.257763097072
5,375,250.265710915501
6,375,388.239990333578
7,375,292.563352837717
8,375,316.004841709765
9,375,332.248624525122
10,375,366.710122136415
11,375,410.776635906342
12,375,389.344761107598
13,375,294.386738534934
14,375,325.549322850534
15,375,214.49069190424
16,375,264.404936919295
17,375,595.750409879728
18,375,482.605264733283
1,376,267.771405513287
2,376,526.631930692413
3,376,311.932960286986
4,376,351.463591932071
5,376,359.954688473972
6,376,294.84321495843
7,376,250.755662207822
8,376,425.791676974812
9,376,223.079725681369
10,376,340.244429593265
11,376,231.826091545626
12,376,299.943051485907
13,376,363.55177058892
14,376,346.317125234568
15,376,428.89823943054
16,376,516.446345842374
17,376,392.368708700811
18,376,517.704949910686
1,377,334.326766400791
2,377,344.525639588503
3,377,386.808540679255
4,377,264.681358165657
5,377,465.69794053517
6,377,344.681341539911
7,377,452.734435453305
8,377,505.631729822377
9,377,490.128424610341
10,377,374.749958105124
11,377,353.177894507918
12,377,420.17431036305
13,377,402.022370593001
14,377,398.317255673183
15,377,443.871895195444
16,377,449.897224554088
17,377,297.356171689266
18,377,399.909359162475
1,378,249.560568938973
2,378,268.918683021648
3,378,371.092193201075
4,378,536.294616124941
5,378,332.129213648458
6,378,328.066782018161
7,378,279.191140698102
8,378,235.553168000931
9,378,286.236953871652
10,378,332.418240291244
11,378,353.578771984173
12,378,333.43557203814
13,378,375.054222050621
14,378,335.213061436684
15,378,348.301851687887
16,378,396.573643771795
17,378,292.479498716378
18,378,413.705518319563
1,379,367.880069597349
2,379,419.981396068292
3,379,347.285445763228
4,379,423.829646915333
5,379,484.798919393456
6,379,308.285521803439
7,379,306.741658151224
8,379,408.351752984693
9,379,464.209791085501
10,379,477.242093286262
11,379,506.541510578332
12,379,306.896113844098
13,379,302.946322617649
14,379,380.297136337002
15,379,422.46331921266
16,379,346.274420781677
17,379,429.807305778428
18,379,376.753153407237
1,380,468.007739125513
2,380,410.801133949164
3,380,407.334070792959
4,380,516.917668572599
5,380,425.021262995539
6,380,395.866361034696
7,380,314.658771547168
8,380,313.917826009952
9,380,348.124516368442
10,380,252.930204190592
11,380,495.917028914281
12,380,412.648660651636
13,380,268.989396435024
14,380,310.954859093115
15,380,243.403827257217
16,380,525.560398191296
17,380,272.338993534269
18,380,344.221566244968
1,381,361.104462579858
2,381,337.39581323377
3,381,490.847652435802
4,381,290.094033233736
5,381,238.656361979497
6,381,454.953936443338
7,381,464.048180190308
8,381,361.054831683972
9,381,435.138924505093
10,381,434.496168838771
11,381,340.293862250369
12,381,404.605974841649
13,381,252.377093385061
14,381,442.424266090806
15,381,309.039674355921
16,381,454.26582312289
17,381,282.17396948914
18,381,422.94744373339
1,382,279.386689654072
2,382,337.407315651836
3,382,441.336428126581
4,382,528.977543208539
5,382,349.333309408719
6,382,527.736739304498
7,382,320.122155449476
8,382,327.668600268035
9,382,352.918397230165
10,382,290.063678804762
11,382,246.400672967712
12,382,388.018119441398
13,382,284.98979286738
14,382,427.652464806104
15,382,598.342024815523
16,382,387.066989349978
17,382,380.279293391453
18,382,353.925220357354
1,383,509.57955965771
2,383,374.2894459503
3,383,453.917992062318
4,383,211.732117891314
5,383,364.824472043697
6,383,443.421114674917
7,383,256.35350859209
8,383,439.631910553821
9,383,451.531126055528
10,383,330.889293148551
11,383,290.3044584768
12,383,240.41518784338
13,383,322.188485266086
14,383,355.315149240312
15,383,502.054737977302
16,383,331.944484504574
17,383,370.909295657543
18,383,497.629125972099
1,384,280.691725207922
2,384,465.242544284088
3,384,269.664320994195
4,384,408.66702961381
5,384,297.646983341116
6,384,584.970618981352
7,384,388.161216020229
8,384,407.12881604066
9,384,408.054348770861
10,384,298.298007953997
11,384,450.882324982416
12,384,286.346841638554
13,384,301.006105205335
14,384,442.135310213288
15,384,427.132773990695
16,384,407.909772496605
17,384,443.193114661912
18,384,317.790895158322
1,385,326.012203095787
2,385,428.017636515619
3,385,318.858068131825
4,385,306.945387032835
5,385,387.701144485565
6,385,447.957379484437
7,385,382.039573444108
8,385,379.023207034505
9,385,318.103366669614
10,385,375.36394834101
11,385,319.523767614808
12,385,402.67817061584
13,385,497.878265180363
14,385,340.751855284171
15,385,254.064165630281
16,385,403.606041408106
17,385,524.305415344862
18,385,261.196113734224
1,386,423.122225791467
2,386,378.430689692439
3,386,461.686557837775
4,386,421.102845635833
5,386,363.215732901853
6,386,489.766196822219
7,386,283.163076955029
8,386,455.621651130338
9,386,423.228266165215
10,386,257.1729901692
11,386,452.815880869347
12,386,476.442207307845
13,386,421.265152640696
14,386,539.714250944902
15,386,355.695105847543
16,386,453.206223112662
17,386,249.400384610936
18,386,428.668464045691
1,387,288.067898073326
2,387,290.747870170334
3,387,505.497142103288
4,387,396.814183517828
5,387,383.276638635033
6,387,362.815139196566
7,387,509.458774183266
8,387,395.602494742706
9,387,416.498753325085
10,387,387.17858471104
11,387,335.067477629148
12,387,250.663940019024
13,387,476.782460312552
14,387,551.542282420796
15,387,305.94714087892
16,387,358.724473953975
17,387,541.334499958362
18,387,295.501524780222
1,388,271.004172558754
2,388,407.185156132233
3,388,300.718780948939
4,388,387.1072228178
5,388,413.19602728357
6,388,412.294473093393
7,388,280.925502304329
8,388,541.146035198938
9,388,292.819188471578
10,388,454.705710115172
11,388,357.645526244755
12,388,351.76693101659
13,388,413.727800392221
14,388,368.029738740287
15,388,418.814940201219
16,388,415.810662627975
17,388,437.707872545424
18,388,413.565095127384
1,389,308.659135714552
2,389,348.737925858736
3,389,245.233520871973
4,389,482.744038141667
5,389,517.648715134348
6,389,373.54712564446
7,389,385.579511917072
8,389,334.04494990402
9,389,535.17844125293
10,389,319.243437642098
11,389,385.402378476399
12,389,508.649007524466
13,389,405.727974133343
14,389,494.296195288962
15,389,236.277449665344
16,389,388.575278380568
17,389,453.021950248659
18,389,414.951750532667
1,390,369.636905893535
2,390,264.225134994032
3,390,303.801076966961
4,390,264.874432645447
5,390,298.20099698279
6,390,451.277034453267
7,390,363.307265388768
8,390,320.370086096314
9,390,388.897003690043
10,390,455.787423685959
11,390,393.645605385759
12,390,381.891741538125
13,390,477.658023729542
14,390,373.771875114572
15,390,478.339020109937
16,390,243.163360081428
17,390,310.940197705573
18,390,375.531893517925
1,391,239.683937065262
2,391,472.501805732615
3,391,394.936603825662
4,391,433.292187872051
5,391,303.714317494134
6,391,404.413206160848
7,391,360.413404135186
8,391,408.350523395458
9,391,293.131348731303
10,391,333.721688595401
11,391,449.363091400041
12,391,409.327375098246
13,391,334.406458771214
14,391,410.947918484728
15,391,246.126891219736
16,391,418.527784768796
17,391,477.808335479908
18,391,320.594617383803
1,392,399.661282729734
2,392,340.075128605328
3,392,422.567660584167
4,392,385.068273957678
5,392,361.641466648217
6,392,486.495790202266
7,392,338.624876010244
8,392,282.90227830089
9,392,366.2846984589
10,392,422.392045258791
11,392,316.329830851991
12,392,304.549702727147
13,392,521.980903308856
14,392,407.119961062848
15,392,352.973654623421
16,392,381.67292514203
17,392,381.313092460968
18,392,376.386608446724
1,393,460.12878265012
2,393,300.744803936908
3,393,437.573485593873
4,393,404.436828711618
5,393,229.867515209568
6,393,379.025719461071
7,393,341.310827921926
8,393,353.675025562562
9,393,298.132015961463
10,393,376.708815907405
11,393,328.227405515164
12,393,352.203033218593
13,393,308.194679291334
14,393,431.795685541344
15,393,503.422096853962
16,393,332.887602388436
17,393,478.660662038706
18,393,329.419588672975
1,394,371.419346521425
2,394,450.374505880883
3,394,474.512924808235
4,394,337.463667229941
5,394,493.568515328558
6,394,377.912166677077
7,394,359.08576192406
8,394,477.675033618492
9,394,428.113820246936
10,394,516.160120969322
11,394,317.401060267193
12,394,327.30919430843
13,394,344.508452410475
14,394,347.175133984312
15,394,475.309966508191
16,394,367.558182714212
17,394,293.113871401394
18,394,528.916058747905
1,395,378.06909940096
2,395,373.212944984489
3,395,288.26624553338
4,395,373.987081137774
5,395,376.23089850561
6,395,373.809362112235
7,395,432.248426642677
8,395,485.196191284268
9,395,372.399392517317
10,395,468.087272236608
11,395,422.869791844161
12,395,400.628201180041
13,395,356.348896973399
14,395,472.801258474089
15,395,281.03010039704
16,395,267.001567077293
17,395,463.32042218101
18,395,383.241911597878
1,396,363.126064247729
2,396,410.880657214328
3,396,307.423769430712
4,396,302.456598858432
5,396,440.248848786397
6,396,355.869130724223
7,396,458.876558907684
8,396,377.466401492642
9,396,345.767258940954
10,396,443.338613032641
11,396,575.173690636782
12,396,251.796047870813
13,396,241.050366952432
14,396,419.511432917819
15,396,498.409409123808
16,396,351.303808940707
17,396,529.818235627449
18,396,348.079143641785
1,397,220.253169629656
2,397,405.889009967862
3,397,335.506120193271
4,397,329.718355176193
5,397,368.553317407367
6,397,379.041387969525
7,397,323.229445315727
8,397,387.767082060801
9,397,519.61214397419
10,397,393.626959390165
11,397,307.462756937564
12,397,388.198308612486
13,397,277.008894293022
14,397,474.463249922071
15,397,383.139266760609
16,397,277.609275506366
17,397,323.63074691772
18,397,378.874096243211
1,398,269.630029513465
2,398,216.132954001781
3,398,280.542167342854
4,398,554.038178914295
5,398,437.59040228243
6,398,480.676509336671
7,398,239.945238316465
8,398,351.341945337315
9,398,352.842109735109
10,398,428.977902268713
11,398,280.443158669558
12,398,466.695331074533
13,398,306.081828661381
14,398,355.653985182069
15,398,269.034938834497
16,398,422.848172348538
17,398,332.488985815239
18,398,443.926880800197
1,399,254.677400168015
2,399,307.529745535484
3,399,273.513114113203
4,399,264.63727791146
5,399,353.365363995233
6,399,475.584609358355
7,399,544.892359106729
8,399,332.416947921516
9,399,434.324016394583
10,399,346.849872112589
11,399,389.529739643468
12,399,268.465377535057
13,399,219.696615743944
14,399,525.115694857547
15,399,254.39194258774
16,399,395.343698120824
17,399,407.900617901068
18,399,538.133150876519
1,400,388.81297212121
2,400,319.124868729926
3,400,389.805076277727
4,400,415.116983209326
5,400,417.057136131063
6,400,544.576039545599
7,400,320.113135741378
8,400,303.491683473581
9,400,382.712517417932
10,400,274.435847541965
11,400,304.539078438194
12,400,383.012692734043
13,400,257.421954418166
14,400,338.063652175439
15,400,348.662834216452
16,400,424.461993355487
17,400,394.873184489948
18,400,279.173665494251
1,401,393.501043075658
2,401,549.068520872927
3,401,338.551507467838
4,401,409.212495511697
5,401,289.807820959465
6,401,417.831109029758
7,401,338.802186329401
8,401,278.961484508367
9,401,354.851044294049
10,401,335.053794466831
11,401,303.020532605712
12,401,454.214103410814
13,401,393.733959287804
14,401,350.944861399318
15,401,470.52678146927
16,401,395.281770429718
17,401,369.871848474566
18,401,237.830058990754
1,402,494.453250271654
2,402,311.670568465778
3,402,307.150225451208
4,402,538.355403446654
5,402,422.102109016452
6,402,433.044698446101
7,402,442.042205400999
8,402,281.233007621775
9,402,578.69552134274
10,402,264.515126073494
11,402,359.873348303249
12,402,264.856157902059
13,402,336.14027528894
14,402,309.219203180268
15,402,442.820589498984
16,402,275.298082225624
17,402,326.339450769405
18,402,238.227063811407
1,403,483.38438899591
2,403,360.314990744257
3,403,354.024268046697
4,403,293.092513846274
5,403,386.1593694127
6,403,386.63325893742
7,403,390.935376708492
8,403,350.026799763631
9,403,399.087577812815
10,403,297.119565348473
11,403,410.841406129766
12,403,450.788536257518
13,403,399.922797029431
14,403,434.909280479368
15,403,350.823501836851
16,403,291.380556567585
17,403,236.993552244836
18,403,341.710691564304
1,404,305.633763867846
2,404,236.955264908194
3,404,430.434092066954
4,404,359.986663022327
5,404,275.37510431949
6,404,394.960258517889
7,404,456.540629708538
8,404,388.04873550593
9,404,331.538808315724
10,404,387.183306776733
11,404,393.790082190025
12,404,373.866311540193
13,404,223.126023692307
14,404,313.878656643153
15,404,335.57233529711
16,404,398.114756704388
17,404,324.458794235956
18,404,315.192488591609
1,405,468.005993205615
2,405,296.163968542444
3,405,341.999267600163
4,405,314.730859498706
5,405,465.785026704605
6,405,427.602230591381
7,405,500.416158711262
8,405,456.832284535398
9,405,370.130149786387
10,405,477.417015662456
11,405,342.480036522468
12,405,426.683085650338
13,405,374.763316496563
14,405,549.35663698155
15,405,323.423664049933
16,405,324.801633732655
17,405,297.592629601391
18,405,430.344283596657
1,406,483.713068778191
2,406,381.708098905382
3,406,241.598543713258
4,406,342.627700060615
5,406,452.364749758816
6,406,421.633657124258
7,406,406.931304913225
8,406,348.387338263801
9,406,254.76102503372
10,406,428.840915406879
11,406,213.531554565557
12,406,508.109440809451
13,406,439.969468114564
14,406,336.939554080574
15,406,380.316470470204
16,406,407.626178370902
17,406,333.31396409901
18,406,538.51262483675
1,407,412.222261698054
2,407,435.349907520521
3,407,394.624391655616
4,407,401.353934069173
5,407,281.834407565859
6,407,316.697391830058
7,407,357.029063774708
8,407,382.02516605252
9,407,325.566602861154
10,407,446.196380765174
11,407,380.706254276011
12,407,250.960624757184
13,407,364.68956720076
14,407,404.670591738051
15,407,399.111705065346
16,407,363.273544962243
17,407,361.752573695993
18,407,276.367979644916
1,408,374.754743405573
2,408,325.461627714697
3,408,356.589652055309
4,408,389.9620118944
5,408,252.602374819146
6,408,395.142290910087
7,408,324.526818960325
8,408,330.123249538646
9,408,503.296240700047
10,408,298.134830496325
11,408,330.59474424928
12,408,408.390669614868
13,408,404.067527622925
14,408,454.201544125957
15,408,353.019165651936
16,408,336.062882301153
17,408,512.193333911111
18,408,349.68185747991
1,409,424.379391424827
2,409,410.648661550568
3,409,482.038400839233
4,409,337.111888223492
5,409,353.72832749895
6,409,315.468706267774
7,409,360.967254452945
8,409,414.568990602045
9,409,242.067628240063
10,409,507.198957666461
11,409,225.455665521574
12,409,441.388278494268
13,409,423.970846547513
14,409,487.984349446791
15,409,332.183419718305
16,409,259.60025151499
17,409,430.812840718472
18,409,370.87100668159
1,410,370.465802505757
2,410,477.931304607363
3,410,321.270265670542
4,410,425.223631252006
5,410,416.567331729684
6,410,364.589025829769
7,410,356.310318437796
8,410,539.456421966547
9,410,302.947022260468
10,410,378.717097237381
11,410,325.49814169816
12,410,339.245879113878
13,410,312.154644061821
14,410,329.62897764904
15,410,403.519956678129
16,410,423.320640585411
17,410,371.96056396659
18,410,412.886659921019
1,411,328.766193677034
2,411,234.051041449465
3,411,386.054345836579
4,411,346.01231771107
5,411,539.529721428302
6,411,338.194871213642
7,411,259.754056736656
8,411,284.712603644379
9,411,286.109364464451
10,411,386.464044590011
11,411,384.298995173597
12,411,396.679695116186
13,411,356.010911395447
14,411,330.685215680265
15,411,301.085761372957
16,411,346.422307737863
17,411,521.149696184235
18,411,275.895080148041
1,412,343.304594141602
2,412,522.553278854766
3,412,432.133469006601
4,412,510.667156084971
5,412,359.751084417822
6,412,417.618990487305
7,412,304.273592645971
8,412,348.275348643697
9,412,422.87283407548
10,412,538.466307531134
11,412,312.396140228952
12,412,354.815814917751
13,412,425.828406630368
14,412,279.872443333447
15,412,461.919354144921
16,412,513.277200006628
17,412,543.879351540772
18,412,410.888216988485
1,413,360.332159344247
2,413,320.628733177655
3,413,380.563909642346
4,413,404.60445876832
5,413,283.713381974064
6,413,305.502392046734
7,413,377.686955094273
8,413,490.198777870772
9,413,311.370992033083
10,413,415.108100271744
11,413,335.374021727752
12,413,464.188873434759
13,413,413.025618723512
14,413,307.433109847573
15,413,283.684433658268
16,413,280.603197515036
17,413,387.230674113775
18,413,308.300939474744
1,414,310.307980881112
2,414,309.379876833412
3,414,394.918038233935
4,414,421.389468474096
5,414,369.759585228517
6,414,392.944711405356
7,414,343.891572875994
8,414,389.288875115112
9,414,363.447935848951
10,414,467.675305699716
11,414,339.169255956442
12,414,404.943933553282
13,414,469.248290913507
14,414,461.30656360017
15,414,318.165636052402
16,414,492.116485847424
17,414,389.053624347232
18,414,477.052799035759
1,415,453.795859291113
2,415,334.300970614398
3,415,492.492651387943
4,415,479.179613926961
5,415,347.075600871251
6,415,505.627837238953
7,415,417.612435577097
8,415,419.875213945928
9,415,374.978259006383
10,415,324.86332494902
11,415,393.381257564157
12,415,274.76969812741
13,415,308.337755179888
14,415,315.451257130195
15,415,391.516546320313
16,415,404.913521215858
17,415,340.575174535622
18,415,329.745311071942
1,416,231.403959169786
2,416,328.217927716397
3,416,414.744773449665
4,416,338.610196739941
5,416,417.0992236566
6,416,463.725390669944
7,416,459.979660715093
8,416,365.701273231924
9,416,450.217075846476
10,416,403.125771540637
11,416,313.815953923049
12,416,463.483794682662
13,416,529.082976843331
14,416,404.000731406976
15,416,410.188026536597
16,416,289.010044613097
17,416,339.156460839088
18,416,323.439632577882
1,417,409.199147704231
2,417,327.228875972149
3,417,431.512952795188
4,417,234.693455026553
5,417,535.943541257454
6,417,397.389171410028
7,417,382.497236333752
8,417,254.865944330774
9,417,295.573904345809
10,417,548.906855144147
11,417,320.415479178393
12,417,236.278486244953
13,417,345.484638054469
14,417,229.672826955102
15,417,301.285097843541
16,417,385.077484059694
17,417,339.260479840999
18,417,411.446939320059
1,418,369.795162035388
2,418,355.487540849633
3,418,286.987284545568
4,418,389.756031398739
5,418,386.196529040297
6,418,266.607864045487
7,418,296.661036172408
8,418,298.335880634761
9,418,529.857359314348
10,418,541.418069094385
11,418,288.869080788546
12,418,290.51239206533
13,418,496.787274070252
14,418,336.629449286989
15,418,344.937904639766
16,418,343.748907692187
17,418,286.221630401892
18,418,479.466169611129
1,419,395.980114619343
2,419,467.215574184619
3,419,401.97748008625
4,419,463.786543334579
5,419,393.779097868126
6,419,324.517025171829
7,419,430.930762166437
8,419,317.265330698671
9,419,495.675120799082
10,419,403.818160415685
11,419,355.742484316625
12,419,278.351982056927
13,419,453.229311224537
14,419,349.588430362382
15,419,312.564654837258
16,419,566.286824065878
17,419,421.02723241339
18,419,442.527888761356
1,420,352.616891455296
2,420,254.451219920061
3,420,299.564969800773
4,420,454.629851753442
5,420,323.18651170659
6,420,566.385047409335
7,420,391.385565569697
8,420,466.396953765446
9,420,404.023270927787
10,420,492.011202450956
11,420,504.300752227819
12,420,290.695289568182
13,420,432.864090938129
14,420,290.389616500822
15,420,362.594810026482
16,420,421.509496203077
17,420,463.043685987271
18,420,509.239413286272
1,421,362.425936442545
2,421,418.578826430894
3,421,352.563860779585
4,421,263.811398467717
5,421,481.504509854322
6,421,313.086652353883
7,421,319.991512377587
8,421,292.076590125983
9,421,395.323241763539
10,421,278.77400624381
11,421,353.764120815181
12,421,330.0932994328
13,421,514.564266245365
14,421,362.621141887115
15,421,365.014416461837
16,421,278.775561965539
17,421,343.824941889328
18,421,368.159892253384
1,422,420.026302767243
2,422,466.253791897287
3,422,359.085284301869
4,422,303.284162669512
5,422,337.76023329621
6,422,349.765935374832
7,422,382.420934563588
8,422,364.24981791756
9,422,380.414564929181
10,422,438.978319600691
11,422,274.677915117536
12,422,480.391612565158
13,422,274.705959468967
14,422,273.8106419489
15,422,293.449293080783
16,422,381.29466591911
17,422,465.985499318477
18,422,391.472187527965
1,423,361.628976899864
2,423,333.403705721869
3,423,450.497148492501
4,423,377.187933668272
5,423,282.949096764925
6,423,365.871965695034
7,423,250.058578490258
8,423,426.323901143772
9,423,261.788363712105
10,423,417.09353572318
11,423,267.991139674621
12,423,440.228531707959
13,423,400.458383824874
14,423,453.035160870028
15,423,365.547680569897
16,423,370.600068270157
17,423,274.777883006695
18,423,538.252550713923
1,424,375.24330244052
2,424,554.188667923498
3,424,480.046540705099
4,424,308.098982410038
5,424,463.939369548012
6,424,432.282665659487
7,424,358.956509041005
8,424,303.309159732235
9,424,514.411248094131
10,424,373.02671319774
11,424,326.644183315563
12,424,249.936411394687
13,424,528.234613809046
14,424,446.089868819667
15,424,382.285176660348
16,424,297.828213026453
17,424,426.542563451099
18,424,315.588701403106
1,425,445.92957638296
2,425,283.905664009362
3,425,527.46432197661
4,425,412.213889845526
5,425,271.662772275124
6,425,347.873476028617
7,425,503.17225541469
8,425,462.816553666932
9,425,527.6971362734
10,425,479.885916484738
11,425,386.122493698182
12,425,382.674741130711
13,425,438.155777893686
14,425,333.075674090013
15,425,360.620761872684
16,425,370.824164455236
17,425,300.417996964956
18,425,475.597510027873
1,426,357.695763681475
2,426,289.329096262688
3,426,331.352859052058
4,426,397.221081080919
5,426,443.235014674079
6,426,444.968442743635
7,426,266.19796260486
8,426,391.286529225563
9,426,531.6843621939
10,426,372.438608126948
11,426,528.774663615525
12,426,337.323841248786
13,426,403.867084266852
14,426,455.378314780587
15,426,314.692233722279
16,426,337.734807326518
17,426,346.166683932498
18,426,357.54780410446
1,427,256.708140358516
2,427,440.058167225662
3,427,363.476573987396
4,427,321.034667962283
5,427,316.208346316065
6,427,492.934049308943
7,427,444.869675714282
8,427,454.816146726669
9,427,357.703109414413
10,427,321.632093817094
11,427,379.236056746757
12,427,380.030092545541
13,427,293.733195438175
14,427,456.568936112006
15,427,287.106727833188
16,427,378.372160192061
17,427,381.750627446911
18,427,336.50481284105
1,428,331.922868981179
2,428,311.987834423578
3,428,387.725615492739
4,428,417.477581914337
5,428,288.526798069416
6,428,475.492037456236
7,428,438.803610983222
8,428,335.309147937474
9,428,364.564429181097
10,428,304.414450793407
11,428,381.908546116684
12,428,363.387032488182
13,428,271.182254609153
14,428,413.498806841406
15,428,416.191822473173
16,428,530.828195323788
17,428,367.100662478972
18,428,348.611662745354
1,429,519.357700958401
2,429,507.491757489443
3,429,254.226742970249
4,429,265.632684613747
5,429,322.695598340417
6,429,488.572411433768
7,429,323.742497126441
8,429,379.735829097652
9,429,409.933458185748
10,429,279.37082418479
11,429,475.115476807871
12,429,470.064590095279
13,429,271.692746038596
14,429,466.356016416654
15,429,259.048836681017
16,429,329.689350763112
17,429,460.114738076215
18,429,567.885624040247
1,430,415.350269121264
2,430,366.188190176063
3,430,345.620283550371
4,430,428.299874724884
5,430,291.73768025588
6,430,407.895896818182
7,430,445.87276993264
8,430,478.551424521577
9,430,367.066887972843
10,430,398.33582756794
11,430,336.924740641985
12,430,369.455221393863
13,430,379.926317433608
14,430,439.676870762294
15,430,297.401159908409
16,430,460.970216590243
17,430,445.255368459353
18,430,295.443412280967
1,431,380.464766210248
2,431,500.644756859456
3,431,319.694936878103
4,431,330.685393304994
5,431,368.361171394092
6,431,493.552421818937
7,431,362.485153578589
8,431,283.731517700443
9,431,270.220765448018
10,431,273.070466682606
11,431,294.677862508592
12,431,394.090441914347
13,431,389.096714451985
14,431,328.342645627672
15,431,358.452973443422
16,431,280.274039509128
17,431,470.874279158444
18,431,351.019444756446
1,432,387.058404658653
2,432,358.951732490017
3,432,234.822042433609
4,432,300.151594175747
5,432,410.513253685742
6,432,312.716756754235
7,432,472.45070017967
8,432,466.669986369047
9,432,336.979664759722
10,432,401.073650392452
11,432,378.051319710834
12,432,279.416909249987
13,432,482.191055387155
14,432,373.743926459941
15,432,324.488394047038
16,432,408.470893283337
17,432,524.087057592051
18,432,343.248397449482
1,433,447.732419529668
2,433,288.355940579304
3,433,363.727536072826
4,433,255.835830613845
5,433,332.198620963195
6,433,519.803659387862
7,433,442.428622051119
8,433,326.691550902711
9,433,426.152034197233
10,433,394.064036027533
11,433,300.293141225289
12,433,382.130875595993
13,433,259.180555539133
14,433,310.575740842907
15,433,484.719970767579
16,433,505.031841911636
17,433,295.170063713147
18,433,490.580592246853
1,434,355.544087408956
2,434,236.362245382621
3,434,459.002885052368
4,434,462.412918124785
5,434,443.51954111872
6,434,439.143391369795
7,434,300.131254605745
8,434,460.038626394665
9,434,361.049373487748
10,434,405.628250826818
11,434,447.718726774465
12,434,398.150880941478
13,434,346.308214218798
14,434,388.036980491391
15,434,311.144004214846
16,434,314.626303330172
17,434,251.210523734978
18,434,324.010131252485
1,435,271.194666807745
2,435,295.312181573045
3,435,346.731377010453
4,435,339.747552836332
5,435,309.996654506617
6,435,306.028632674236
7,435,296.460930897754
8,435,272.35111160269
9,435,297.859524581698
10,435,436.694006585422
11,435,325.260104296531
12,435,327.52465531258
13,435,299.500610482055
14,435,512.089377013845
15,435,399.293512893242
16,435,350.380348899019
17,435,337.547640444882
18,435,423.181871227264
1,436,343.458665926043
2,436,382.635643241745
3,436,394.90319870496
4,436,296.090371496621
5,436,286.615105901704
6,436,413.059895778053
7,436,408.407947130981
8,436,374.870193630524
9,436,281.233490149723
10,436,376.502447362935
11,436,324.81299272721
12,436,396.164671463019
13,436,346.619699135698
14,436,320.431234663846
15,436,352.996454737232
16,436,331.670623179666
17,436,347.517310191046
18,436,302.518490052498
1,437,300.21855903217
2,437,309.183827646093
3,437,420.847438364651
4,437,347.45233041246
5,437,243.978065978728
6,437,518.230752670768
7,437,380.882377907016
8,437,277.455181104216
9,437,335.318822475115
10,437,396.252905204816
11,437,299.722493392431
12,437,413.023874921167
13,437,338.100151364517
14,437,322.142874675204
15,437,402.091279474373
16,437,458.282576512863
17,437,291.143513963908
18,437,455.207511847593
1,438,324.76207172601
2,438,295.650626212081
3,438,309.559467899969
4,438,313.210547979835
5,438,312.979116749993
6,438,391.31755571703
7,438,416.79725260307
8,438,346.934719812277
9,438,365.051317684159
10,438,304.594599423645
11,438,570.915095423245
12,438,389.203759544264
13,438,332.943525049383
14,438,382.825282676438
15,438,454.673185036292
16,438,539.684351188179
17,438,290.90277109456
18,438,485.602074027749
1,439,295.10763896592
2,439,395.487179028961
3,439,362.857747640345
4,439,477.075857181121
5,439,436.555934712358
6,439,427.835200603889
7,439,252.901780949373
8,439,305.334774879996
9,439,273.695790355677
10,439,378.937671477921
11,439,354.222349170868
12,439,491.493106548128
13,439,426.196188254856
14,439,423.596801948567
15,439,443.358757615652
16,439,295.507379484764
17,439,384.422952630555
18,439,385.116973821602
1,440,359.161094009206
2,440,276.527830460103
3,440,415.838825093597
4,440,516.704178232462
5,440,285.008773291462
6,440,371.817629466343
7,440,450.343612004781
8,440,287.1979768162
9,440,343.458083936889
10,440,487.543442519755
11,440,486.906922334198
12,440,388.490502925902
13,440,486.849476931677
14,440,346.924942288572
15,440,448.663929003306
16,440,312.374465619524
17,440,417.958045378271
18,440,495.933028635485
1,441,388.071425857295
2,441,471.554708246503
3,441,383.515933675548
4,441,435.102642462079
5,441,452.232911599316
6,441,478.178213364008
7,441,448.277194459964
8,441,249.180051058563
9,441,291.514833252468
10,441,418.731072591171
11,441,403.88753427976
12,441,220.320636484082
13,441,454.8805473848
14,441,270.577625530563
15,441,247.052758041638
16,441,408.4196714657
17,441,283.884387194681
18,441,426.822281014364
1,442,462.16557395453
2,442,324.28259311746
3,442,365.011637541359
4,442,340.72070005617
5,442,502.086875532246
6,442,340.456521980528
7,442,542.924658048446
8,442,261.853297735015
9,442,290.600793308116
10,442,338.335251657848
11,442,287.51132145657
12,442,484.873171872012
13,442,339.173415380368
14,442,458.994751309836
15,442,447.452958742218
16,442,370.485485121518
17,442,289.757381405057
18,442,330.991087666537
1,443,360.944262971865
2,443,349.916058101314
3,443,233.033110512356
4,443,400.296318584513
5,443,297.292564908756
6,443,313.921660909745
7,443,423.014933467848
8,443,340.125568542331
9,443,395.77371218484
10,443,431.031447277733
11,443,537.564710491297
12,443,518.506926815881
13,443,531.964762759256
14,443,350.295060220674
15,443,479.843788725354
16,443,396.033521815611
17,443,410.504799485682
18,443,331.388163748367
1,444,562.33062423343
2,444,406.029953169597
3,444,467.294995695392
4,444,322.408353589803
5,444,268.789676894075
6,444,383.400228958663
7,444,324.692670081368
8,444,283.458123097279
9,444,250.524303884118
10,444,339.528801098326
11,444,348.461550636042
12,444,481.708089528141
13,444,449.766503084466
14,444,407.113394612521
15,444,425.70294913134
16,444,399.876573030231
17,444,321.412448453651
18,444,276.177459667184
1,445,286.899461552318
2,445,272.880901970731
3,445,336.502159814099
4,445,477.474050375383
5,445,422.135426223083
6,445,357.741571753109
7,445,329.132676491978
8,445,469.392437733807
9,445,378.956447939633
10,445,382.2444832249
11,445,286.631037708909
12,445,364.568625100541
13,445,309.641163875839
14,445,349.564627293686
15,445,406.117486091215
16,445,389.373922795322
17,445,376.857396010617
18,445,395.324903728845
1,446,458.543257220473
2,446,330.008185397528
3,446,255.712626629392
4,446,309.162677478354
5,446,486.671812351393
6,446,288.271254288182
7,446,568.00270833882
8,446,343.756822896438
9,446,406.64502940802
10,446,309.390994450137
11,446,332.110592536756
12,446,287.415209851591
13,446,331.527941106249
14,446,378.948128308266
15,446,354.043516988925
16,446,300.516111244724
17,446,421.386256420952
18,446,277.026340095567
1,447,465.261566950912
2,447,487.435414881773
3,447,431.680987638184
4,447,332.580818438199
5,447,487.79814072043
6,447,313.908604297331
7,447,508.224906853467
8,447,435.815735754689
9,447,482.352536575267
10,447,354.787025599769
11,447,399.458153338979
12,447,378.861096379941
13,447,416.083982124758
14,447,416.170254191216
15,447,414.858968348701
16,447,246.967662908398
17,447,356.680000160855
18,447,414.83207850209
1,448,449.992130063209
2,448,401.436778171566
3,448,447.458350857363
4,448,380.006765030792
5,448,427.17054568553
6,448,356.7686993574
7,448,262.665862842125
8,448,379.277542426521
9,448,387.499751386591
10,448,451.599001578873
11,448,410.33118123226
12,448,394.399891009346
13,448,479.220341535979
14,448,433.373852111707
15,448,471.468401524191
16,448,419.274789905742
17,448,285.827568445175
18,448,288.438852585592
1,449,366.420686811058
2,449,272.789183429765
3,449,508.932444279827
4,449,289.128919454424
5,449,346.94657084698
6,449,481.056386511927
7,449,290.932953524007
8,449,440.74694958597
9,449,404.788575533893
10,449,476.578695618606
11,449,340.264134582265
12,449,341.411310353903
13,449,349.050901501781
14,449,382.654125817037
15,449,374.621484142198
16,449,502.996510206954
17,449,349.134871120889
18,449,502.925982710993
1,450,550.086715145811
2,450,380.292508116271
3,450,411.807455248043
4,450,470.837943883029
5,450,390.904810853416
6,450,240.338848888689
7,450,409.925337604404
8,450,360.033838322739
9,450,417.019732421002
10,450,451.354684359786
11,450,421.620606778616
12,450,536.603774819222
13,450,449.789590986294
14,450,513.519108084964
15,450,337.869574456184
16,450,539.478373652088
17,450,302.548330299294
18,450,301.518010999016
1,451,482.007865082302
2,451,236.653209904106
3,451,398.011941151595
4,451,283.632261138306
5,451,480.441166841695
6,451,301.238430066197
7,451,255.863658412846
8,451,253.511778559384
9,451,321.30216765724
10,451,295.607777688756
11,451,412.920969889526
12,451,344.114677123682
13,451,293.833852975174
14,451,386.612915647071
15,451,298.085986061559
16,451,560.945086555978
17,451,513.470777578219
18,451,373.193476052221
1,452,283.103499849806
2,452,322.411917321651
3,452,405.608677629351
4,452,466.632195348612
5,452,323.508024826185
6,452,472.197121039984
7,452,317.530192684572
8,452,246.072059725466
9,452,510.977523756413
10,452,447.213662563483
11,452,342.032509407045
12,452,238.022003343575
13,452,383.845176604579
14,452,341.332681226047
15,452,539.506011616885
16,452,310.953343768022
17,452,411.628188718397
18,452,265.641069301997
1,453,392.890556666598
2,453,356.803296214444
3,453,406.968246727901
4,453,318.560080283564
5,453,377.160035770636
6,453,360.195999658526
7,453,394.42999320948
8,453,501.265157720294
9,453,310.91512040667
10,453,348.839747777732
11,453,458.961706127705
12,453,321.531002418443
13,453,429.383591329553
14,453,301.122610170178
15,453,430.489655023322
16,453,424.473649692132
17,453,516.108782859384
18,453,398.335990654111
1,454,338.484570399406
2,454,330.258722443004
3,454,255.625819687765
4,454,362.418663452774
5,454,358.561565567212
6,454,395.059931328062
7,454,405.510710618121
8,454,494.480993530061
9,454,420.816656155778
10,454,291.654316465732
11,454,457.7025062134
12,454,475.914813379501
13,454,445.376755417336
14,454,292.12565468754
15,454,376.488944620364
16,454,399.864677535282
17,454,417.153645046798
18,454,499.986255556068
1,455,311.090543481529
2,455,432.735355442415
3,455,455.281448986516
4,455,324.933448742829
5,455,533.35890005884
6,455,549.594786781827
7,455,523.520613676369
8,455,245.467802931273
9,455,345.204817007175
10,455,464.104590432433
11,455,505.896384534433
12,455,352.624102637903
13,455,450.630761994992
14,455,487.743084079855
15,455,340.193325394234
16,455,224.844647960103
17,455,319.521277866208
18,455,292.169826362684
1,456,372.843681414898
2,456,284.146931590081
3,456,438.538495165741
4,456,337.561481816454
5,456,330.217826042686
6,456,431.959826564746
7,456,479.029465276337
8,456,353.195038531962
9,456,428.68614975945
10,456,371.010798451439
11,456,482.348789472243
12,456,345.263693851831
13,456,363.227557275621
14,456,331.131420629866
15,456,433.452188587015
16,456,280.527941186002
17,456,378.361309639032
18,456,353.343981586281
1,457,581.162118167664
2,457,456.400338867031
3,457,453.283278859764
4,457,516.277214017056
5,457,455.910781448101
6,457,447.000912159209
7,457,361.241642406609
8,457,256.540238793757
9,457,354.277671705156
10,457,431.593139154766
11,457,477.163256541146
12,457,450.689867510912
13,457,473.373775164462
14,457,332.878079217692
15,457,331.10324059144
16,457,410.905848819254
17,457,371.874551105246
18,457,308.388279544306
1,458,490.391456990324
2,458,398.18072059336
3,458,355.588557514002
4,458,334.411106264229
5,458,414.868166147847
6,458,377.602351623181
7,458,304.433497007633
8,458,379.927525771038
9,458,353.939196737244
10,458,401.172884782343
11,458,409.621081248458
12,458,296.945364984265
13,458,344.768859114296
14,458,365.820514446972
15,458,391.776369071142
16,458,256.442358659933
17,458,348.560788666949
18,458,344.532940531726
1,459,520.285158218202
2,459,402.370838138268
3,459,366.564682108701
4,459,345.389638291859
5,459,364.639188807715
6,459,226.927501151273
7,459,457.748985132153
8,459,287.290181908178
9,459,479.962399175814
10,459,370.454486395786
11,459,265.063368142838
12,459,379.657388433374
13,459,332.52155956439
14,459,423.815754259289
15,459,472.200855813473
16,459,382.036358178075
17,459,361.448032660755
18,459,300.893101978263
1,460,511.737411926632
2,460,303.95166116787
3,460,288.098095074566
4,460,412.129482364804
5,460,463.75266469482
6,460,249.031154267099
7,460,298.007218203071
8,460,308.469409166769
9,460,354.623495932813
10,460,313.022710135083
11,460,356.770113453998
12,460,342.937768092886
13,460,278.218246257786
14,460,462.517525395359
15,460,319.848375945183
16,460,365.216088654106
17,460,358.04806989651
18,460,321.558575626185
1,461,270.507240188457
2,461,234.950135861206
3,461,255.532707920602
4,461,438.08921802531
5,461,303.737792992751
6,461,390.620360538988
7,461,435.14485451688
8,461,259.691958572293
9,461,327.945831601966
10,461,564.729715406539
11,461,400.95451660697
12,461,269.517191023903
13,461,290.6472560891
14,461,387.104683884945
15,461,433.619520326088
16,461,365.655161705645
17,461,393.773220856906
18,461,327.403469527224
1,462,314.369194746926
2,462,448.767430379119
3,462,320.313432687002
4,462,334.318816306705
5,462,280.200032974577
6,462,432.016171529987
7,462,354.5462731706
8,462,365.161462763744
9,462,441.969557082377
10,462,474.887089333205
11,462,459.033292942065
12,462,574.480851959344
13,462,429.239812205882
14,462,509.794717621437
15,462,411.947003236724
16,462,282.24350898651
17,462,225.820084792348
18,462,427.707322352309
1,463,330.420096286068
2,463,441.962246802617
3,463,361.378430039236
4,463,463.212766536119
5,463,348.129694012707
6,463,294.292663514426
7,463,490.971681586268
8,463,418.985224015291
9,463,505.195485593891
10,463,307.884759731328
11,463,357.993848133698
12,463,425.721632266181
13,463,339.547221460682
14,463,306.067936287466
15,463,488.260166908939
16,463,357.609488130927
17,463,359.059944598379
18,463,370.105903011135
1,464,514.786838576394
2,464,333.63955665986
3,464,371.614137325984
4,464,315.180639258078
5,464,328.67419378262
6,464,336.1184878959
7,464,537.505843967733
8,464,462.351843350744
9,464,404.27532198669
10,464,362.643736489133
11,464,480.05709906652
12,464,410.30228251798
13,464,302.413843954866
14,464,359.343592566542
15,464,335.315914600863
16,464,571.667666733259
17,464,334.731497445025
18,464,301.425427791941
1,465,323.296680012768
2,465,450.0435031975
3,465,331.295350220029
4,465,367.618120215716
5,465,336.802121115205
6,465,452.339199351378
7,465,560.487051566485
8,465,315.012400497616
9,465,211.085213484962
10,465,490.786899669487
11,465,402.4986780134
12,465,343.145260136601
13,465,237.684801852513
14,465,341.410037119568
15,465,378.166708237687
16,465,423.513645591307
17,465,275.134611329102
18,465,426.603693849698
1,466,538.722073888292
2,466,397.388664102984
3,466,428.841793782906
4,466,332.835081491521
5,466,425.934759964623
6,466,480.978273681878
7,466,364.925208480087
8,466,437.259356928541
9,466,326.714400300272
10,466,372.022211333079
11,466,342.259102325805
12,466,431.217742840143
13,466,412.108802613921
14,466,475.125228308854
15,466,410.48616894784
16,466,280.774056508498
17,466,348.369348369867
18,466,348.495545070964
1,467,375.102680804954
2,467,358.260636563177
3,467,215.82853503987
4,467,475.756954485698
5,467,457.731543229207
6,467,498.841421973313
7,467,472.822436091468
8,467,388.513203492097
9,467,451.703243806143
10,467,295.427682557602
11,467,349.041807706784
12,467,521.850157215012
13,467,413.383226081366
14,467,302.950088134165
15,467,349.143471024485
16,467,490.000575666531
17,467,319.177984143993
18,467,351.461166013673
1,468,334.234184074934
2,468,466.027164928737
3,468,382.61601299755
4,468,371.788789228422
5,468,365.637793408185
6,468,335.652496307384
7,468,354.298623882629
8,468,295.018585506593
9,468,251.081852943272
10,468,329.003982601815
11,468,437.611435010425
12,468,250.889696902696
13,468,332.830386327876
14,468,315.024621719081
15,468,220.257665982095
16,468,322.837867714403
17,468,434.84209698878
18,468,292.335715272939
1,469,458.54950731352
2,469,332.626575792546
3,469,392.994137575181
4,469,512.614411985878
5,469,484.018976352445
6,469,277.480469834354
7,469,447.994928956482
8,469,255.380302492747
9,469,350.19257024352
10,469,383.516798493354
11,469,348.214069980101
12,469,480.08926801901
13,469,421.155098582014
14,469,311.361866983991
15,469,486.880066671617
16,469,443.740491112691
17,469,408.912557410292
18,469,355.827633161571
1,470,477.431731124548
2,470,403.133563701053
3,470,379.647513731878
4,470,445.396577497746
5,470,386.585040847094
6,470,276.731025392806
7,470,476.018470559439
8,470,307.351070321317
9,470,349.11784662508
10,470,351.088337885011
11,470,414.538971252351
12,470,347.693875893976
13,470,380.042715031543
14,470,317.264811255072
15,470,304.152614203569
16,470,434.170247306002
17,470,339.459186724735
18,470,431.185978788885
1,471,370.709447314145
2,471,345.95695374976
3,471,270.412757778178
4,471,312.125109705275
5,471,382.252075466628
6,471,355.831573680274
7,471,383.643975537703
8,471,525.078876985289
9,471,280.040658502692
10,471,327.280320749439
11,471,456.87160387335
12,471,345.967354011227
13,471,403.032332644406
14,471,560.732588633589
15,471,283.802670932459
16,471,327.163961482005
17,471,428.141568684792
18,471,454.607764674339
1,472,405.333680717782
2,472,440.4324607216
3,472,304.525450015486
4,472,394.89366244137
5,472,295.10870070939
6,472,374.720182755348
7,472,325.124867025226
8,472,384.552112133827
9,472,369.54714091854
10,472,309.311346534624
11,472,414.289216745679
12,472,320.983023814014
13,472,409.405507866286
14,472,372.572430915344
15,472,392.700451528613
16,472,279.721707650863
17,472,329.110643430806
18,472,254.694931371739
1,473,437.784907712145
2,473,293.14106988304
3,473,283.930668265881
4,473,349.035122185356
5,473,433.577065771512
6,473,381.518089596451
7,473,399.423278049845
8,473,232.877181865048
9,473,366.431080009517
10,473,394.496390108845
11,473,259.424113431589
12,473,388.515286534921
13,473,464.466256572143
14,473,305.977438996277
15,473,396.094115296254
16,473,459.687394302285
17,473,288.382164520611
18,473,369.985041279874
1,474,481.812509042794
2,474,435.230748759532
3,474,384.773752301449
4,474,488.548513964758
5,474,456.037662584115
6,474,360.019803718801
7,474,345.124240440686
8,474,410.330316935567
9,474,250.513845290888
10,474,388.368149896216
11,474,351.39219997608
12,474,539.175589133483
13,474,389.507004158034
14,474,424.856606400833
15,474,447.285455018273
16,474,300.328752445607
17,474,372.158200032451
18,474,501.781994768984
1,475,315.384905764333
2,475,361.391025996944
3,475,324.878872071082
4,475,314.248668664999
5,475,233.534772649272
6,475,266.670202746073
7,475,464.890121112743
8,475,228.23746797032
9,475,335.225313928426
10,475,488.809349053119
11,475,225.034953470124
12,475,476.457761107403
13,475,468.778068914992
14,475,273.116053994816
15,475,304.918948055844
16,475,347.089807688302
17,475,434.63202386217
18,475,404.757394187949
1,476,473.558157002711
2,476,456.311588867186
3,476,413.324641874072
4,476,397.6523705381
5,476,346.106874888787
6,476,373.862107261928
7,476,345.96123979151
8,476,291.863771009624
9,476,506.272611867056
10,476,321.962574126815
11,476,294.552094151489
12,476,397.941377506079
13,476,485.876716874178
14,476,417.394329660533
15,476,432.392383626507
16,476,384.694229562639
17,476,347.074465740918
18,476,396.454434093924
1,477,505.402928460691
2,477,398.770882342817
3,477,360.497299857488
4,477,352.753832899635
5,477,502.574669863399
6,477,363.650918268768
7,477,456.234971773289
8,477,396.683720537694
9,477,233.682286640182
10,477,493.964151345942
11,477,312.395967973414
12,477,384.575839179738
13,477,261.405655165115
14,477,304.875190131139
15,477,345.824354284917
16,477,329.196439212755
17,477,398.055934998789
18,477,275.132081420127
1,478,414.869291892987
2,478,306.140652448367
3,478,408.754595416574
4,478,555.276168650729
5,478,280.521597662641
6,478,299.421358365482
7,478,353.424672917302
8,478,327.792634191622
9,478,543.844343718467
10,478,423.960207205561
11,478,495.745243144529
12,478,349.151964439155
13,478,339.433490502015
14,478,342.281684959892
15,478,327.601285122771
16,478,223.022484793165
17,478,454.517733780654
18,478,424.087338875499
1,479,533.203416385009
2,479,418.952861417012
3,479,370.543732370563
4,479,265.337480836848
5,479,335.769112475458
6,479,375.561630384537
7,479,401.833048707447
8,479,431.534783230548
9,479,269.760912010257
10,479,449.430906417939
11,479,425.280178710215
12,479,384.281177441936
13,479,386.630303367474
14,479,314.153234246563
15,479,333.403698227434
16,479,360.201997989798
17,479,249.84159748296
18,479,538.511438052617
1,480,316.143413604908
2,480,366.521477814013
3,480,381.929786247305
4,480,332.926359821832
5,480,403.99872002763
6,480,366.907736874925
7,480,503.934437576352
8,480,326.06150031385
9,480,318.823922042038
10,480,400.023207955672
11,480,458.190915824668
12,480,433.067091660789
13,480,394.462414627298
14,480,369.515714200581
15,480,479.81379952168
16,480,553.055478037126
17,480,273.998252540971
18,480,436.669379074694
1,481,355.846196562461
2,481,314.904217879434
3,481,466.343734977672
4,481,453.614594796636
5,481,434.018926224187
6,481,342.859334844951
7,481,376.089599406627
8,481,351.288931038806
9,481,385.38298345342
10,481,249.906966367004
11,481,276.652151045254
12,481,333.273620646109
13,481,378.082303245763
14,481,391.455591844717
15,481,290.537658164149
16,481,316.008922596316
17,481,391.098900943722
18,481,313.564882787025
1,482,377.55551099827
2,482,470.159056894945
3,482,440.769741194812
4,482,363.780493441642
5,482,348.684443308351
6,482,430.931004539534
7,482,466.336376405805
8,482,393.122693912855
9,482,381.839878744384
10,482,507.482891143684
11,482,308.001582079558
12,482,434.71722029835
13,482,466.869942451961
14,482,352.656186318554
15,482,300.602998161007
16,482,331.06180457177
17,482,405.131458097151
18,482,342.481719244143
1,483,470.846200215305
2,483,422.769732671632
3,483,206.075852433169
4,483,417.397070134874
5,483,295.152998745194
6,483,244.111714014469
7,483,445.92507548556
8,483,233.016808416082
9,483,548.147483489819
10,483,407.868509669686
11,483,373.770647736024
12,483,452.005196571879
13,483,420.064801759076
14,483,370.300530005034
15,483,396.945373268889
16,483,353.965344015188
17,483,412.744276839238
18,483,424.383770941126
1,484,360.534830913261
2,484,528.717554803706
3,484,440.907475904273
4,484,492.616347404795
5,484,339.507615094523
6,484,243.555450699365
7,484,560.298761115224
8,484,315.019634383241
9,484,300.818253167102
10,484,404.278749382181
11,484,378.553319513581
12,484,260.49475769937
13,484,355.794463164606
14,484,331.458118566779
15,484,507.143493327489
16,484,376.583522181766
17,484,282.87094142529
18,484,469.872691636965
1,485,327.910686668216
2,485,352.871188622891
3,485,470.13986572174
4,485,442.569973575068
5,485,353.029362813171
6,485,447.418352502243
7,485,397.580143499307
8,485,347.993786741213
9,485,450.522130794095
10,485,433.975523501834
11,485,549.480365752024
12,485,442.341372925475
13,485,351.439835328418
14,485,394.546787327361
15,485,320.706305636272
16,485,287.64410527992
17,485,347.800595423326
18,485,346.239044783844
1,486,347.921439568219
2,486,451.999782676936
3,486,325.978170522283
4,486,474.035923816817
5,486,351.634315536233
6,486,390.268534280157
7,486,338.298118560238
8,486,309.479699771957
9,486,447.832180902917
10,486,415.377695951525
11,486,286.883165640909
12,486,374.007687913798
13,486,481.324544903446
14,486,329.68257577073
15,486,447.603653759091
16,486,457.274254481472
17,486,257.261305822115
18,486,429.564134687915
1,487,373.739098622805
2,487,481.814834841995
3,487,405.273737624657
4,487,391.012632831612
5,487,402.97709438143
6,487,435.49039991824
7,487,271.044865986202
8,487,363.736348589703
9,487,357.041467162577
10,487,427.683811254096
11,487,382.559013705708
12,487,378.312572360247
13,487,433.672401080526
14,487,267.966830880025
15,487,278.034010092241
16,487,460.584408241673
17,487,317.054754237865
18,487,314.992156303364
1,488,355.894402542114
2,488,336.16288633418
3,488,450.714174566444
4,488,326.960392329436
5,488,333.448056770574
6,488,425.256735130296
7,488,437.881024246164
8,488,412.952599065531
9,488,359.987945676336
10,488,437.737685405962
11,488,464.8831648599
12,488,408.94870780549
13,488,368.081256217653
14,488,333.474396576846
15,488,458.177071836688
16,488,339.73426002709
17,488,391.351304557617
18,488,556.131729501844
1,489,327.688447213616
2,489,452.137742899435
3,489,339.910742242032
4,489,297.623258431341
5,489,466.158808820117
6,489,375.607668154281
7,489,474.072516414893
8,489,354.581933721024
9,489,333.074684202737
10,489,465.96591549693
11,489,354.475326749791
12,489,356.370808767176
13,489,363.087285007351
14,489,447.821381078507
15,489,396.2306074869
16,489,370.237331398453
17,489,287.466967122864
18,489,418.929711661607
1,490,404.819061158976
2,490,532.25505641013
3,490,508.714126776101
4,490,314.138039665573
5,490,472.253590738252
6,490,398.088361216404
7,490,404.972376699946
8,490,462.493604767374
9,490,429.375407510123
10,490,345.907256977149
11,490,502.993073347936
12,490,505.23585725149
13,490,273.997360784182
14,490,366.647681086772
15,490,364.51642945455
16,490,391.545653972059
17,490,285.372075663985
18,490,405.989194209652
1,491,357.357907525296
2,491,357.29047374562
3,491,301.127246013614
4,491,293.827416836896
5,491,319.509248201124
6,491,263.192678290579
7,491,528.422148022483
8,491,311.828465199741
9,491,288.876331325179
10,491,342.4120897246
11,491,381.85784429707
12,491,326.021674905516
13,491,454.183441816386
14,491,452.650870898014
15,491,334.171526710764
16,491,219.161605429509
17,491,447.673189089663
18,491,367.553922845852
1,492,323.873541149396
2,492,278.891947155346
3,492,497.232682043678
4,492,392.898865736628
5,492,266.336248817131
6,492,487.931427573069
7,492,426.496488785631
8,492,430.59696399944
9,492,285.165416447552
10,492,320.986475952654
11,492,349.361500482286
12,492,251.09675205525
13,492,369.376779837401
14,492,486.939849162321
15,492,231.216752756415
16,492,449.166460164548
17,492,321.763668279806
18,492,387.471228571129
1,493,398.627340118661
2,493,302.949496614742
3,493,341.433495367835
4,493,389.284906997702
5,493,447.218398095381
6,493,387.24617580422
7,493,363.213169619077
8,493,381.881468559113
9,493,372.212611165869
10,493,363.709797115893
11,493,271.793577107297
12,493,420.664386094963
13,493,377.833228682995
14,493,414.949722534477
15,493,278.416316678141
16,493,412.049397920043
17,493,493.896679498345
18,493,297.334686122016
1,494,290.632544591357
2,494,541.529079258629
3,494,409.627874440746
4,494,366.891919010544
5,494,316.120589372271
6,494,250.410798496827
7,494,387.501275978638
8,494,267.912939134853
9,494,289.26988153551
10,494,419.57292195107
11,494,313.397632344473
12,494,383.056789052306
13,494,409.84357735679
14,494,418.321366628671
15,494,323.240021905423
16,494,349.589231084553
17,494,375.031028789832
18,494,490.240504513759
1,495,288.572187380665
2,495,407.513753941404
3,495,303.10143054466
4,495,276.703650072634
5,495,274.006927559363
6,495,515.989017070485
7,495,309.802267710394
8,495,484.613505157315
9,495,265.27078020078
10,495,510.103994944814
11,495,453.033027145276
12,495,314.114149269973
13,495,413.386530051339
14,495,382.409055326346
15,495,355.104961661877
16,495,358.889165093365
17,495,460.583019692501
18,495,351.367576697982
1,496,258.686170690405
2,496,296.709657925542
3,496,364.395617212988
4,496,321.666192933531
5,496,335.169578777685
6,496,311.456340912125
7,496,327.429560438913
8,496,541.325705383284
9,496,403.080959196166
10,496,304.950243977286
11,496,453.165724561045
12,496,298.786970766346
13,496,364.606394265339
14,496,486.366039675136
15,496,298.505995671497
16,496,347.624617511763
17,496,318.618780467645
18,496,366.907452722086
1,497,365.870979222635
2,497,279.439092027063
3,497,366.734116319269
4,497,429.543334509436
5,497,370.290487308997
6,497,327.531670005596
7,497,378.112876437451
8,497,298.873246878786
9,497,527.783034075142
10,497,290.760137253518
11,497,397.565903232895
12,497,361.765675549039
13,497,338.298733503351
14,497,291.089059465757
15,497,360.618743612112
16,497,376.329298837681
17,497,396.974535535122
18,497,377.97325658785
1,498,336.63227945319
2,498,317.514631664851
3,498,366.06793668271
4,498,476.626729046228
5,498,359.379736813859
6,498,379.530076516624
7,498,229.806307897752
8,498,430.797052345031
9,498,440.435863661444
10,498,385.745060595283
11,498,464.036831131046
12,498,498.335960684064
13,498,444.588122164735
14,498,381.923484846731
15,498,394.656496216798
16,498,296.345305824848
17,498,418.395117979617
18,498,336.476392185577
1,499,339.010964389538
2,499,360.92890957586
3,499,291.662043427075
4,499,454.620277120266
5,499,502.40606132658
6,499,334.186285631882
7,499,325.054865617662
8,499,373.894803585575
9,499,310.497089482662
10,499,353.392626104387
11,499,235.680175124505
12,499,340.849337732747
13,499,399.950202517687
14,499,393.690151271114
15,499,358.846405354538
16,499,293.137756733486
17,499,463.487834591149
18,499,444.291467485239
1,500,498.944680179272
2,500,383.958040960359
3,500,455.401777647972
4,500,314.173562092377
5,500,521.218901243255
6,500,355.085943229488
7,500,313.732336776554
8,500,270.535632381742
9,500,513.656574041698
10,500,359.735501980045
11,500,291.424577843897
12,500,385.065490827765
13,500,411.805902188696
14,500,309.663221653908
15,500,409.13947776303
16,500,211.113147003949
17,500,578.958688398089
18,500,288.592450062108
1,501,348.959214528204
2,501,372.269322150956
3,501,303.671956761329
4,501,325.006161388474
5,501,387.456250138882
6,501,403.361451755678
7,501,539.709899624617
8,501,422.557037719574
9,501,309.261576598735
10,501,325.640697255113
11,501,459.146397693737
12,501,339.880598598877
13,501,333.633385144147
14,501,395.340220341828
15,501,479.671134519179
16,501,393.874406438661
17,501,270.636726668518
18,501,446.032646614283
1,502,492.568946626193
2,502,557.212280427916
3,502,360.242004449495
4,502,319.47619825463
5,502,364.867863588954
6,502,351.964713202537
7,502,378.001023689979
8,502,309.352505725037
9,502,209.080133688826
10,502,586.174733310027
11,502,333.115821393129
12,502,398.572551335151
13,502,353.862915173304
14,502,443.640390758616
15,502,285.269965744684
16,502,351.664184040377
17,502,472.818550820618
18,502,384.091700447894
1,503,252.00664937122
2,503,378.720119696423
3,503,310.269344517927
4,503,365.482886669294
5,503,233.043344415637
6,503,269.542249513574
7,503,300.642389192284
8,503,423.355702399804
9,503,339.244533171179
10,503,410.338950558434
11,503,426.280009561253
12,503,371.557855548569
13,503,367.256392299681
14,503,442.98060842505
15,503,249.905231833294
16,503,402.710595107996
17,503,281.628763976556
18,503,308.539637905766
1,504,401.786414611143
2,504,268.665709583442
3,504,417.442098004649
4,504,393.832284359484
5,504,373.804379962096
6,504,454.860191074876
7,504,371.883420689468
8,504,496.154196847349
9,504,280.886504628054
10,504,501.159304265355
11,504,316.099664246859
12,504,413.15094147495
13,504,287.939333827815
14,504,437.726452086081
15,504,393.358160908174
16,504,371.637358277963
17,504,543.566504903691
18,504,362.636704914136
1,505,371.041963515667
2,505,342.234006082153
3,505,340.744828584385
4,505,384.613912579275
5,505,486.477704216342
6,505,420.426895561438
7,505,288.932618104844
8,505,338.719483102267
9,505,325.831276852133
10,505,289.008441575288
11,505,255.611985332589
12,505,298.410369520616
13,505,220.583663226944
14,505,361.376462403076
15,505,312.103977211734
16,505,415.475484908357
17,505,405.262734233841
18,505,458.752634165074
1,506,459.714935813376
2,506,501.719007217696
3,506,373.692326409414
4,506,357.014127724768
5,506,289.476343203847
6,506,278.567087622069
7,506,422.905516169745
8,506,360.250926278831
9,506,393.299555205182
10,506,265.118254987344
11,506,375.551395066071
12,506,457.292965205788
13,506,223.453911936197
14,506,438.806839885953
15,506,296.951008712884
16,506,361.814214600141
17,506,433.583574443017
18,506,313.356734449951
1,507,323.786740350424
2,507,502.714659912762
3,507,345.126872628266
4,507,269.723191346635
5,507,331.037598492116
6,507,409.256603753321
7,507,468.743644461457
8,507,258.791624154937
9,507,379.317874140535
10,507,320.772576063343
11,507,292.706505923093
12,507,495.985074522376
13,507,374.516008817385
14,507,404.20957742618
15,507,373.831571028987
16,507,269.008860416397
17,507,413.140338400538
18,507,527.72108660473
1,508,383.222075590464
2,508,330.280778298758
3,508,397.205749140755
4,508,328.772368439787
5,508,366.606063848847
6,508,389.506862808788
7,508,292.009625463159
8,508,501.226910802332
9,508,451.259514209341
10,508,432.217036062923
11,508,330.434540010673
12,508,390.422762576246
13,508,501.016794445666
14,508,322.066543080753
15,508,493.618540613265
16,508,554.049161134762
17,508,430.371867648429
18,508,310.271820735654
1,509,427.613579139373
2,509,479.021643263628
3,509,400.445389606873
4,509,410.177771759919
5,509,280.008826179981
6,509,338.475357890415
7,509,377.00375435432
8,509,318.251908736369
9,509,422.668409446317
10,509,372.531870742129
11,509,436.089441116315
12,509,486.815627154397
13,509,524.266685393546
14,509,338.034558877089
15,509,235.563486187407
16,509,293.057862931146
17,509,444.900541188389
18,509,349.742751044189
1,510,261.748428678328
2,510,248.54633190992
3,510,330.039470123676
4,510,248.516202191761
5,510,282.05938779379
6,510,248.79808524698
7,510,303.043644283844
8,510,303.949429510762
9,510,376.578732359342
10,510,349.225738006169
11,510,389.510146975715
12,510,478.731917077206
13,510,320.961446060479
14,510,426.958893790135
15,510,272.765897298908
16,510,420.46942666006
17,510,398.956213840097
18,510,357.621267678842
1,511,437.037346565526
2,511,327.278878375147
3,511,381.817196430511
4,511,371.302502059503
5,511,389.392726694287
6,511,411.352925569643
7,511,411.233437473805
8,511,477.713784202387
9,511,351.780714558482
10,511,377.79448115571
11,511,457.228105041817
12,511,350.722595880052
13,511,522.403459130567
14,511,364.189926561797
15,511,335.921293836309
16,511,318.828509846778
17,511,298.798729867178
18,511,436.862949445978
1,512,542.200723267434
2,512,421.020783034896
3,512,317.018849778802
4,512,300.708458189801
5,512,499.935801506504
6,512,508.650253279276
7,512,522.113719779248
8,512,289.273233767052
9,512,486.157372551909
10,512,528.148513319307
11,512,287.040909996012
12,512,542.678590405578
13,512,399.14586958306
14,512,357.638990024905
15,512,419.411408150815
16,512,323.015111344411
17,512,376.26090804379
18,512,430.458123694337
1,513,293.959428476386
2,513,399.53482879099
3,513,198.398104148116
4,513,563.907845480739
5,513,266.575617320374
6,513,367.246443449184
7,513,311.073886487789
8,513,389.573961714824
9,513,416.030449843668
10,513,390.913782889002
11,513,450.827364823703
12,513,408.929700679645
13,513,403.852202883182
14,513,369.799767836047
15,513,288.437093527142
16,513,355.059703919361
17,513,330.811641272828
18,513,399.500551160223
1,514,366.431945410996
2,514,346.107868367787
3,514,372.403805251657
4,514,257.097040883306
5,514,318.237841408895
6,514,434.849380514887
7,514,324.508075033966
8,514,429.553511639712
9,514,461.422645403249
10,514,337.913685171378
11,514,580.282131662557
12,514,382.089345438159
13,514,232.174405331263
14,514,401.428007479322
15,514,358.3752784848
16,514,226.543390390214
17,514,449.154882686751
18,514,500.519792394416
1,515,405.337648218246
2,515,252.0225104929
3,515,325.040975841794
4,515,400.325132169078
5,515,362.852890334303
6,515,450.954524699084
7,515,467.31464031016
8,515,364.251398302829
9,515,322.850155220616
10,515,424.905667073369
11,515,462.611036924853
12,515,401.230831676225
13,515,358.890264541738
14,515,460.535392697319
15,515,403.693365144765
16,515,542.850321226324
17,515,305.507479769524
18,515,460.491639748398
1,516,332.429614996715
2,516,257.4759894628
3,516,330.347579233594
4,516,333.680558864257
5,516,201.364297803788
6,516,275.099620947848
7,516,428.743249059962
8,516,272.281854555839
9,516,510.817210299763
10,516,396.298167089963
11,516,500.049644606608
12,516,348.947952621501
13,516,352.249246806342
14,516,327.610252171905
15,516,512.634234652626
16,516,301.857529790837
17,516,294.429752001206
18,516,371.477391352748
1,517,372.602153007784
2,517,322.953847693545
3,517,331.066019484194
4,517,373.718863440891
5,517,303.267956454783
6,517,429.247297599256
7,517,474.474710851162
8,517,350.863418227087
9,517,338.100225240293
10,517,468.522834503682
11,517,337.019377908191
12,517,329.048220264414
13,517,428.578000720321
14,517,360.774259293877
15,517,474.669030597951
16,517,278.673697442945
17,517,412.651228324492
18,517,411.944460536652
1,518,483.969195220814
2,518,507.40320810244
3,518,351.425102387395
4,518,432.64264083279
5,518,536.30707922153
6,518,424.173933915752
7,518,459.918228758365
8,518,457.571936787201
9,518,229.746427897583
10,518,295.080589606661
11,518,381.425944892341
12,518,388.935571659975
13,518,430.083341377216
14,518,465.419915348206
15,518,428.17568342947
16,518,331.831130330587
17,518,345.050105664675
18,518,490.325272538106
1,519,450.53397379223
2,519,555.720759679272
3,519,408.215790410127
4,519,346.18895254281
5,519,347.700080614709
6,519,358.650006622091
7,519,468.620576347979
8,519,464.420913434948
9,519,460.098093350622
10,519,398.226063264558
11,519,301.83905960191
12,519,487.648708746712
13,519,356.979636413403
14,519,326.280431498037
15,519,373.792166970225
16,519,387.228129679102
17,519,386.281383405326
18,519,291.788827123467
1,520,416.011781970181
2,520,387.252196410409
3,520,382.458132256563
4,520,457.127880448198
5,520,314.108797611593
6,520,261.658252808456
7,520,445.968552225668
8,520,294.5217531019
9,520,360.411993609228
10,520,454.895567670534
11,520,329.165443519367
12,520,413.772814227459
13,520,504.144317235093
14,520,349.232844191966
15,520,299.281965734358
16,520,421.922140766452
17,520,569.52449846167
18,520,250.192017511158
1,521,537.840394056506
2,521,380.751768734424
3,521,361.644268216668
4,521,463.668086230357
5,521,334.231124340947
6,521,417.427327298757
7,521,284.624338164014
8,521,359.229603020308
9,521,379.52451345514
10,521,482.230796407282
11,521,263.73666769681
12,521,401.296557582373
13,521,466.456643688889
14,521,430.274273903091
15,521,316.804269717061
16,521,279.699161520631
17,521,418.632595239337
18,521,421.954205486759
1,522,277.240505266749
2,522,487.013725050938
3,522,452.941225153987
4,522,545.707887753632
5,522,347.438690052509
6,522,403.401165141554
7,522,353.227343504418
8,522,213.07320058897
9,522,282.952934697016
10,522,391.455678712421
11,522,413.112271835325
12,522,480.848578794121
13,522,399.450046816823
14,522,360.384745430249
15,522,271.388268066938
16,522,495.506479133261
17,522,388.242498694983
18,522,296.463022727172
1,523,352.198227437331
2,523,290.994406012368
3,523,346.628115640039
4,523,358.03246187481
5,523,332.604594490306
6,523,335.501144314604
7,523,335.99031537346
8,523,286.03423741525
9,523,320.270995528341
10,523,329.483618566439
11,523,468.702345819651
12,523,523.773148467993
13,523,499.636079160336
14,523,368.942826526429
15,523,442.998072635292
16,523,341.664454951257
17,523,498.968322416012
18,523,363.791828318354
1,524,403.656570378223
2,524,407.035583879592
3,524,339.428327459742
4,524,359.175761113895
5,524,446.305693734217
6,524,335.123915547693
7,524,484.990564134954
8,524,375.079818840989
9,524,348.066597077428
10,524,347.059688094037
11,524,362.556478832231
12,524,360.061724143167
13,524,245.491922645726
14,524,468.900237181774
15,524,432.023563823464
16,524,324.004000913968
17,524,510.405551013848
18,524,448.552934172118
1,525,326.672572616889
2,525,408.641872375284
3,525,362.527846014252
4,525,485.734475723592
5,525,311.577541739845
6,525,441.739297580611
7,525,420.152687109408
8,525,444.928380193629
9,525,443.572607430901
10,525,348.081989540787
11,525,320.707202841052
12,525,463.012420594203
13,525,385.038010769603
14,525,292.731633089567
15,525,389.806209737469
16,525,239.330264418335
17,525,448.808930931738
18,525,350.744820164968
1,526,498.614790262008
2,526,546.182117862401
3,526,492.084706656267
4,526,275.641750478982
5,526,402.906559541423
6,526,427.928318964761
7,526,259.804063878473
8,526,288.827548357561
9,526,274.56211975837
10,526,375.743902831641
11,526,259.300169252604
12,526,246.111833493772
13,526,354.742405351534
14,526,321.214244821017
15,526,305.100307056259
16,526,334.177137695975
17,526,404.14962051305
18,526,395.778069952289
1,527,263.029160466588
2,527,391.833717687643
3,527,380.261365144381
4,527,418.012110429204
5,527,315.459891012334
6,527,366.029202721809
7,527,322.903687335075
8,527,382.979834398228
9,527,301.661183720516
10,527,463.757896373942
11,527,334.58337115632
12,527,339.260444008337
13,527,508.485883539738
14,527,351.519307652757
15,527,379.171519728999
16,527,323.223920151587
17,527,397.047271695859
18,527,467.382196479807
1,528,331.020820320834
2,528,406.324569434695
3,528,329.429736010852
4,528,391.843467207034
5,528,279.907243317431
6,528,422.7909704298
7,528,407.443596881477
8,528,396.833051611677
9,528,236.917576701075
10,528,455.595430593466
11,528,446.965619568217
12,528,367.162324671278
13,528,458.906282624361
14,528,409.248376582809
15,528,270.190108164417
16,528,268.449089585142
17,528,267.560267952667
18,528,425.741444389949
1,529,389.066515537302
2,529,278.418121534179
3,529,352.533857013727
4,529,426.458495978973
5,529,257.051075607334
6,529,409.194774140213
7,529,425.379497975832
8,529,308.874919000356
9,529,348.750158080838
10,529,409.087472248294
11,529,337.306803044348
12,529,405.177215744088
13,529,249.824425563652
14,529,230.582812692702
15,529,283.719985542398
16,529,285.700286375649
17,529,298.554883502635
18,529,464.806774366631
1,530,383.055647196786
2,530,423.904097372885
3,530,357.744123536562
4,530,432.530708269786
5,530,367.221046824142
6,530,313.213139380669
7,530,375.495299940107
8,530,331.032522377554
9,530,257.786603238822
10,530,340.074143877316
11,530,357.95844264391
12,530,269.407633857912
13,530,362.562179944725
14,530,432.961202248878
15,530,264.23157060139
16,530,459.016570624126
17,530,287.570491269366
18,530,309.409177534906
1,531,346.264800443892
2,531,397.637421905962
3,531,458.589266858273
4,531,354.045807665544
5,531,430.263870723435
6,531,345.589557077711
7,531,431.944660219246
8,531,419.592074868
9,531,371.122786514759
10,531,229.902566931966
11,531,495.705983325545
12,531,486.980340950258
13,531,437.106687012033
14,531,286.602950864493
15,531,407.899023114687
16,531,463.83991448924
17,531,347.688010679482
18,531,379.051406925883
1,532,433.38919535534
2,532,434.157172319321
3,532,369.411892538552
4,532,444.807995420695
5,532,407.824095119675
6,532,214.04130943367
7,532,459.100549452843
8,532,309.797424145473
9,532,442.945821622053
10,532,470.673331379744
11,532,311.398828989934
12,532,398.528434069803
13,532,309.315006078934
14,532,392.651483646226
15,532,382.825493071928
16,532,287.675146731636
17,532,501.060765809046
18,532,492.373201590156
1,533,367.073270345214
2,533,424.270816331681
3,533,294.433784082951
4,533,494.921742969071
5,533,448.877509679921
6,533,396.69707545623
7,533,342.037289052361
8,533,312.163600604646
9,533,321.18966422263
10,533,333.396156439939
11,533,366.470160276821
12,533,344.870881378789
13,533,304.699740831217
14,533,441.729998174479
15,533,503.281357489406
16,533,350.171128855772
17,533,247.095083934136
18,533,462.799865708403
1,534,385.341478414015
2,534,421.646737984536
3,534,468.776971288791
4,534,365.621836717094
5,534,379.846560571919
6,534,326.166864075485
7,534,470.822383120688
8,534,428.851821288753
9,534,414.758079871575
10,534,374.940129257937
11,534,579.134526663219
12,534,515.740165939268
13,534,341.779737856381
14,534,346.368767322543
15,534,363.328527069109
16,534,336.578062816321
17,534,353.392158171197
18,534,349.657510566652
1,535,328.820603776988
2,535,328.90951625079
3,535,261.954336526006
4,535,246.600855495197
5,535,432.621404602064
6,535,383.893134233629
7,535,332.751994317215
8,535,381.706366361682
9,535,324.397925453772
10,535,398.205904751461
11,535,305.288628867595
12,535,469.061851710868
13,535,255.454101250361
14,535,510.658398756163
15,535,379.373848748173
16,535,319.693435287399
17,535,526.022684506
18,535,374.676260049798
1,536,262.228088921705
2,536,527.796418058019
3,536,357.067994673765
4,536,239.098710386054
5,536,451.768334980677
6,536,444.68121357765
7,536,349.72049529433
8,536,359.88323703052
9,536,277.679335745158
10,536,356.050061228228
11,536,393.743720111471
12,536,273.081252179551
13,536,244.319314366524
14,536,587.981378396086
15,536,368.050915631323
16,536,516.526726229675
17,536,339.530290348682
18,536,304.29001643649
1,537,371.940780020672
2,537,450.561157185348
3,537,390.657086277491
4,537,479.949649641216
5,537,438.167269815472
6,537,426.241827658732
7,537,296.386139453403
8,537,221.905950545058
9,537,375.880795642116
10,537,408.349208538859
11,537,317.871747593545
12,537,459.264441494023
13,537,271.871168076264
14,537,379.159393947231
15,537,276.490692552
16,537,330.872030803235
17,537,321.742670323661
18,537,315.130941802423
1,538,397.881749512325
2,538,491.415280119627
3,538,454.855469149822
4,538,384.496375754744
5,538,293.021616100464
6,538,385.253860249892
7,538,400.714932186332
8,538,420.15932613013
9,538,428.472985283621
10,538,362.131648345988
11,538,489.868017885367
12,538,241.103794340387
13,538,341.077736888559
14,538,278.391048909023
15,538,369.992249605346
16,538,332.294376900186
17,538,337.82628471677
18,538,449.545975274224
1,539,421.730969985097
2,539,513.019618920843
3,539,324.2855361077
4,539,434.217036144577
5,539,487.805520154758
6,539,447.79142471603
7,539,372.761748536313
8,539,428.83161699715
9,539,401.309143989899
10,539,546.987736632034
11,539,349.843269233709
12,539,367.729264370087
13,539,421.902658598468
14,539,354.018136299474
15,539,335.377233126979
16,539,321.694997036997
17,539,398.244142801731
18,539,365.332495368388
1,540,406.148610694548
2,540,456.210107170386
3,540,253.286370070069
4,540,438.38909097349
5,540,327.154929159248
6,540,453.284904043494
7,540,284.897338197168
8,540,358.774594824709
9,540,448.260251726014
10,540,353.263273385799
11,540,429.048958464904
12,540,392.28812725583
13,540,321.709051330191
14,540,348.710750865294
15,540,473.566053548623
16,540,409.313770404548
17,540,284.799178436282
18,540,448.346040651764
1,541,323.562943804557
2,541,350.318410318055
3,541,379.264008491334
4,541,360.266080046182
5,541,389.242032369879
6,541,362.430010093582
7,541,406.112095808996
8,541,268.728144206655
9,541,252.448043341948
10,541,369.843349937859
11,541,247.337772978404
12,541,263.984754970813
13,541,345.179886793325
14,541,321.326923687472
15,541,454.135268656231
16,541,412.413373176407
17,541,522.93738875775
18,541,477.296001074469
1,542,280.814665276558
2,542,604.953530035846
3,542,301.600486409925
4,542,335.748492245767
5,542,409.965589473682
6,542,315.93061663464
7,542,344.399257253993
8,542,376.735420526607
9,542,269.321805693078
10,542,456.254231990275
11,542,491.318011809765
12,542,376.261301406392
13,542,402.52320845749
14,542,366.165714682752
15,542,334.514847544329
16,542,340.723087324634
17,542,379.470228037862
18,542,335.51687339882
1,543,239.19429733713
2,543,359.871767622015
3,543,331.759934374664
4,543,320.704278239749
5,543,431.341760849989
6,543,281.36440335247
7,543,389.344616747784
8,543,466.701384515345
9,543,545.418021228994
10,543,335.022722846094
11,543,357.157956109655
12,543,461.632354581463
13,543,328.55650448406
14,543,354.824019398719
15,543,338.209733124316
16,543,233.229747816302
17,543,349.91719090896
18,543,293.783651336193
1,544,300.024863316922
2,544,363.93330201345
3,544,270.928579693927
4,544,232.625997246996
5,544,463.458245959466
6,544,470.422091963851
7,544,386.972200661809
8,544,428.329727537029
9,544,337.191575862986
10,544,550.951270736483
11,544,507.649046151204
12,544,370.430891692313
13,544,388.001340871559
14,544,510.580686634527
15,544,404.379310060014
16,544,320.344944360474
17,544,330.314348888428
18,544,352.360224177094
1,545,324.634891099443
2,545,358.742260072506
3,545,409.631945380446
4,545,351.874032966614
5,545,375.899085130824
6,545,343.124611367746
7,545,458.637239016694
8,545,376.50488459844
9,545,262.693094436433
10,545,479.709308132067
11,545,413.977665121237
12,545,442.16509308195
13,545,349.631979305065
14,545,303.530133549176
15,545,361.705622850042
16,545,352.858407309735
17,545,395.545708473952
18,545,295.654372456947
1,546,299.935576764421
2,546,427.676838281585
3,546,231.621904691825
4,546,299.503656749122
5,546,328.507881841484
6,546,432.646696066435
7,546,495.642197598814
8,546,412.263456687297
9,546,521.934843325243
10,546,335.64414147344
11,546,570.469543825395
12,546,341.369293297167
13,546,475.354540077075
14,546,319.486196272581
15,546,374.901501550104
16,546,496.252652944296
17,546,355.929382221962
18,546,340.741514696286
1,547,307.0025002228
2,547,218.199451049279
3,547,384.617020737204
4,547,456.809633636806
5,547,365.741880675155
6,547,512.698116157579
7,547,291.866258482392
8,547,378.698469701613
9,547,383.972784281349
10,547,285.840477744335
11,547,279.214295749547
12,547,255.789320145927
13,547,292.306538185696
14,547,441.167959735714
15,547,489.91920560643
16,547,336.173157859759
17,547,250.964975598364
18,547,372.560674432656
1,548,256.336501277282
2,548,330.057964403561
3,548,306.151941490154
4,548,362.211656910433
5,548,321.717544537775
6,548,395.250887295767
7,548,315.751184532076
8,548,364.326545088717
9,548,366.309124438478
10,548,270.639887379589
11,548,364.114478659139
12,548,489.988212989606
13,548,357.758507915098
14,548,359.906769125774
15,548,355.917443809119
16,548,409.294555028637
17,548,352.105055551229
18,548,442.245625913086
1,549,455.969030609635
2,549,520.222618831658
3,549,263.23223813302
4,549,307.987457248109
5,549,418.463706617892
6,549,292.98522864307
7,549,337.262859054834
8,549,445.483314594818
9,549,278.902661648758
10,549,352.782954079234
11,549,303.331502847162
12,549,378.007443928748
13,549,220.861747438628
14,549,242.215425735105
15,549,302.336555058582
16,549,366.777294733753
17,549,318.239788551053
18,549,426.940130540074
1,550,515.375819719333
2,550,336.262768820858
3,550,460.683338519833
4,550,354.292261586749
5,550,321.948065266664
6,550,429.666255626851
7,550,455.075528557781
8,550,349.041183127585
9,550,470.491821294208
10,550,399.30153579206
11,550,431.29374576418
12,550,414.41062852759
13,550,392.711974573864
14,550,354.790443127759
15,550,294.150160352391
16,550,341.340279749622
17,550,259.920854725726
18,550,398.840719743648
1,551,253.02559789374
2,551,338.476353043719
3,551,546.807925684753
4,551,515.543373836109
5,551,353.309035650633
6,551,244.435405472866
7,551,447.382635711428
8,551,244.478648389573
9,551,225.112658665982
10,551,344.128128801278
11,551,405.764341272961
12,551,337.682399763637
13,551,416.265846765765
14,551,316.820236603621
15,551,352.060459543705
16,551,373.453518513515
17,551,556.125650819071
18,551,271.650165688933
1,552,508.981309114682
2,552,452.755801843498
3,552,367.211578875537
4,552,432.815505660671
5,552,262.578193616379
6,552,290.873375321378
7,552,519.763947284025
8,552,330.871933806243
9,552,444.916468894127
10,552,396.692097845397
11,552,347.463549165309
12,552,289.409174922643
13,552,346.398478455784
14,552,490.323285586593
15,552,474.092657342532
16,552,370.622681761045
17,552,236.213983326028
18,552,378.962933737264
1,553,400.228506928925
2,553,335.250013769869
3,553,370.964350214603
4,553,389.840308919537
5,553,276.011111772973
6,553,393.794824319052
7,553,338.903359519677
8,553,502.303560229794
9,553,270.646047867863
10,553,323.675679919191
11,553,354.826476455161
12,553,276.865435540888
13,553,336.932755337904
14,553,299.382632977445
15,553,426.164202082511
16,553,314.579873722146
17,553,343.654768044431
18,553,524.551719615786
1,554,353.072287965684
2,554,498.596804677704
3,554,479.484997385421
4,554,349.650868572785
5,554,475.69732167509
6,554,494.309317253029
7,554,333.017603800331
8,554,578.464980858975
9,554,402.185741567524
10,554,534.750010277975
11,554,318.405408668442
12,554,440.892213233777
13,554,454.630983686143
14,554,372.401090538642
15,554,435.105034335863
16,554,336.395738236363
17,554,331.896410037756
18,554,379.328587551618
1,555,385.89576883378
2,555,409.559160172862
3,555,340.571602081368
4,555,365.825740464031
5,555,354.11716547044
6,555,381.765825954783
7,555,276.044066183946
8,555,391.202875720008
9,555,524.331216515757
10,555,366.903879911137
11,555,351.457012847284
12,555,326.128909159968
13,555,445.28674346218
14,555,421.406746330434
15,555,436.352902689133
16,555,397.137397292166
17,555,387.784112311976
18,555,339.212810347127
1,556,294.445233713888
2,556,410.333052645991
3,556,342.023413332225
4,556,569.530963085316
5,556,525.505235761903
6,556,379.635277367577
7,556,310.552786516556
8,556,434.200745893029
9,556,341.733668556584
10,556,350.786633062761
11,556,529.89191096383
12,556,339.606783476424
13,556,302.106182098007
14,556,463.091316059146
15,556,376.736994551392
16,556,402.186778339182
17,556,367.848576351209
18,556,430.858244116643
1,557,270.790582356187
2,557,503.864099780252
3,557,321.670769582251
4,557,290.186808491019
5,557,356.923231992686
6,557,351.771272471569
7,557,406.811947061948
8,557,439.730145886732
9,557,286.000236737055
10,557,464.186190107933
11,557,343.011667603692
12,557,356.579437765805
13,557,369.308407516047
14,557,281.694147200296
15,557,397.436320828327
16,557,459.155148928381
17,557,413.255412978328
18,557,534.052105166152
1,558,316.26180040151
2,558,323.852655487812
3,558,452.02799197555
4,558,373.538288025065
5,558,333.127578136976
6,558,372.186477618089
7,558,346.513417279009
8,558,290.321401214081
9,558,459.25589773667
10,558,390.283580955863
11,558,349.049295357683
12,558,454.49372570499
13,558,350.970443014788
14,558,428.24047770374
15,558,373.02652050535
16,558,447.110199462838
17,558,304.158104478314
18,558,459.708533273113
1,559,296.298382292607
2,559,439.249226832511
3,559,349.669897187272
4,559,484.279941925139
5,559,473.269578540585
6,559,435.402284339331
7,559,231.593885182193
8,559,276.412557422669
9,559,334.462115342752
10,559,465.194661509291
11,559,490.429643767159
12,559,339.076709304147
13,559,350.851282176842
14,559,315.295278925263
15,559,408.707640073882
16,559,490.599542725762
17,559,449.300298161402
18,559,486.498727853784
1,560,485.335620800474
2,560,318.129753438807
3,560,362.379717622564
4,560,228.704404328743
5,560,523.648448152069
6,560,370.485390174109
7,560,339.185208237366
8,560,365.823622937302
9,560,251.544684320189
10,560,330.956000870732
11,560,274.889020097066
12,560,519.875706012069
13,560,365.431443715363
14,560,392.762481844972
15,560,228.311063689712
16,560,383.405368011801
17,560,286.357290750291
18,560,448.451112695084
1,561,371.914714621983
2,561,359.035886826032
3,561,420.971641956309
4,561,408.098312293045
5,561,429.421840964478
6,561,255.854801599028
7,561,340.680573840787
8,561,249.033572866531
9,561,353.660016936356
10,561,371.171292826295
11,561,438.522500672583
12,561,353.769288611015
13,561,497.400348034632
14,561,343.092035528432
15,561,392.46616570832
16,561,473.730859286741
17,561,479.828148890965
18,561,467.910808279263
1,562,347.846559692352
2,562,383.01024293177
3,562,350.933931433351
4,562,439.303500384245
5,562,403.763290571027
6,562,384.569272165296
7,562,343.374471840721
8,562,354.300698421067
9,562,457.220080916257
10,562,353.600342351538
11,562,376.033971930933
12,562,347.590851798179
13,562,386.599686812009
14,562,212.87504301199
15,562,400.270494441127
16,562,462.399736590626
17,562,375.518770598589
18,562,314.236813528625
1,563,394.001495757052
2,563,426.071251029727
3,563,405.101089860926
4,563,390.123230817392
5,563,301.402598551536
6,563,304.964883331708
7,563,272.66993331957
8,563,565.340269049827
9,563,257.12397696772
10,563,409.400286507394
11,563,354.678722652947
12,563,324.929332378904
13,563,370.836359527084
14,563,401.531554053318
15,563,448.725051807483
16,563,446.277607863449
17,563,363.037787093722
18,563,458.592980882579
1,564,349.383704989715
2,564,387.572398694721
3,564,408.892999237935
4,564,404.587913776896
5,564,428.244715438682
6,564,286.30361524342
7,564,458.876376392276
8,564,385.695813708654
9,564,223.345168730606
10,564,397.964657263875
11,564,345.408220851651
12,564,486.44547179532
13,564,390.674926121733
14,564,354.379346986077
15,564,280.523943178547
16,564,299.618762677945
17,564,539.369364551054
18,564,306.832310072664
1,565,261.404907472091
2,565,388.211196016677
3,565,279.207350589754
4,565,301.523747460452
5,565,344.663972649304
6,565,476.534889380974
7,565,431.291816806961
8,565,223.616745580529
9,565,274.203871465195
10,565,322.627428338289
11,565,414.50203185615
12,565,295.112135083085
13,565,436.235930901785
14,565,445.810783666508
15,565,363.195192631123
16,565,469.828073420341
17,565,418.49391983084
18,565,493.747078936005
1,566,471.867676357148
2,566,395.345902729353
3,566,459.846940532873
4,566,387.031345591346
5,566,322.155406696545
6,566,293.12201421325
7,566,460.612141444686
8,566,243.732219186191
9,566,451.520662808779
10,566,391.264468831611
11,566,358.354439407069
12,566,378.837264038547
13,566,499.072146411029
14,566,510.503971068022
15,566,349.647060691597
16,566,323.973989473371
17,566,496.879368745776
18,566,280.102597731156
1,567,339.274734049577
2,567,372.831464664056
3,567,332.589630806906
4,567,401.571584738144
5,567,434.368311686771
6,567,352.938813303618
7,567,440.293073803646
8,567,302.579029347251
9,567,375.737030031245
10,567,352.49099219659
11,567,450.030164397609
12,567,393.561781418485
13,567,394.034394183804
14,567,329.052222123271
15,567,304.596931110204
16,567,243.492397347395
17,567,285.242492783845
18,567,230.5745992579
1,568,240.025423955506
2,568,521.377187642187
3,568,242.201779452378
4,568,472.433829204447
5,568,315.376120989069
6,568,372.35444524634
7,568,344.829845783716
8,568,278.159485045249
9,568,474.544680500935
10,568,464.253046638363
11,568,572.909266365022
12,568,337.868221872792
13,568,293.782577967793
14,568,425.594973319525
15,568,322.188566744161
16,568,274.141708868586
17,568,469.238131400278
18,568,387.506245663332
1,569,496.920063773409
2,569,280.314468180132
3,569,370.869657094372
4,569,313.79598925617
5,569,420.721492952405
6,569,352.92850137689
7,569,269.524875692492
8,569,351.04385621229
9,569,318.663079662462
10,569,465.150142997575
11,569,332.934052032065
12,569,355.862828697565
13,569,456.586889057851
14,569,408.571294639586
15,569,402.53110217398
16,569,245.807190896068
17,569,336.808875805818
18,569,268.464623164545
1,570,464.080412601444
2,570,353.775854535305
3,570,340.223287145041
4,570,367.365436484813
5,570,483.583929549128
6,570,375.863895711774
7,570,457.875489048038
8,570,431.435296133354
9,570,446.435926864562
10,570,397.290379747058
11,570,319.785210718598
12,570,219.659362759993
13,570,389.024568026544
14,570,404.57305511139
15,570,247.034969207775
16,570,462.365438656508
17,570,337.010477323025
18,570,419.870068906195
1,571,382.79307534321
2,571,454.54494533232
3,571,357.071837803963
4,571,347.137326148931
5,571,274.355578574518
6,571,412.243690853262
7,571,482.805405455186
8,571,378.295953053109
9,571,384.291089939074
10,571,398.787688773835
11,571,507.157621402876
12,571,439.772020426316
13,571,329.253894717245
14,571,268.077216277339
15,571,367.882067300931
16,571,486.828431572916
17,571,281.184944775151
18,571,475.126998193546
1,572,465.451141486875
2,572,371.831975480638
3,572,333.823392183638
4,572,367.183228409411
5,572,361.558163064246
6,572,476.387013738671
7,572,452.183425350668
8,572,418.017503878454
9,572,379.468622973932
10,572,330.586920768126
11,572,325.865086836616
12,572,410.992787363164
13,572,478.585509111698
14,572,415.825599477173
15,572,341.559844426014
16,572,294.067980092894
17,572,287.566451926747
18,572,444.621886413565
1,573,249.945703200875
2,573,389.888242671481
3,573,276.571424263322
4,573,214.936096859931
5,573,389.618320253125
6,573,340.245535617905
7,573,404.6884462757
8,573,404.916969497203
9,573,326.594042517688
10,573,291.448072786789
11,573,240.631839920948
12,573,423.627011703104
13,573,421.716883548688
14,573,412.628310006854
15,573,335.955773744395
16,573,424.062124914201
17,573,362.299860782504
18,573,313.158535350012
1,574,312.875937559481
2,574,295.78155772242
3,574,271.281812526059
4,574,299.222546173406
5,574,377.332280486577
6,574,398.292897067557
7,574,340.398844363068
8,574,398.197256315666
9,574,408.858803024784
10,574,349.779625271857
11,574,303.725115468061
12,574,421.555488560144
13,574,340.038943017597
14,574,461.427998486293
15,574,310.002032328301
16,574,300.469370214363
17,574,410.816263606716
18,574,344.058494528031
1,575,380.469552974537
2,575,276.913380462361
3,575,343.445283716453
4,575,460.467315837882
5,575,402.244612659209
6,575,462.387924855295
7,575,406.908835760206
8,575,441.205425945418
9,575,205.503143540463
10,575,384.912843139016
11,575,446.97230879351
12,575,243.157820589183
13,575,251.51282049713
14,575,423.250281974097
15,575,346.789910704307
16,575,327.598220616656
17,575,348.382291937862
18,575,398.505934336201
1,576,311.523874949439
2,576,358.066505382209
3,576,479.409034254759
4,576,529.623562513897
5,576,290.903656780708
6,576,311.22982737084
7,576,415.37787919271
8,576,452.89348067596
9,576,322.428034838718
10,576,328.090559002064
11,576,528.861118407141
12,576,376.970267293892
13,576,362.778852191813
14,576,359.384095711428
15,576,249.729065357865
16,576,314.420062564272
17,576,378.033991720132
18,576,385.634937326825
1,577,280.27557388094
2,577,519.231112069564
3,577,290.994904628412
4,577,423.478175810965
5,577,342.441663493108
6,577,399.82900427441
7,577,349.723308283649
8,577,450.04693644904
9,577,436.726000095102
10,577,415.191937625698
11,577,332.99402087566
12,577,267.86675389895
13,577,406.156465644458
14,577,333.021333177114
15,577,414.167603155482
16,577,404.680373722089
17,577,450.622482976212
18,577,370.410228435435
1,578,505.785819406761
2,578,426.185595951787
3,578,333.435222026026
4,578,452.611686984167
5,578,413.35326804286
6,578,327.178486445431
7,578,282.173818632888
8,578,331.365781827147
9,578,417.057900471858
10,578,288.020545371566
11,578,461.215355705641
12,578,400.920434936918
13,578,476.505386403925
14,578,397.530792252767
15,578,434.851692630907
16,578,320.43438581972
17,578,420.750634921198
18,578,250.36434337039
1,579,459.328593235348
2,579,422.073383768631
3,579,455.669883978771
4,579,284.026104787093
5,579,340.500736224873
6,579,338.367222845846
7,579,543.469981714242
8,579,332.475915625192
9,579,501.246307062151
10,579,435.492264119053
11,579,354.113200488724
12,579,404.415887239119
13,579,490.006039519952
14,579,499.225889819111
15,579,403.404082976731
16,579,400.41074672205
17,579,361.401055252986
18,579,299.729182896074
1,580,309.916194144969
2,580,377.282111116238
3,580,370.783023262326
4,580,377.48331469288
5,580,295.185259974715
6,580,529.165824961896
7,580,389.924419537919
8,580,315.224680072164
9,580,453.64619009178
10,580,372.992438653738
11,580,438.267597530932
12,580,439.931896758673
13,580,478.333729649797
14,580,274.544626661156
15,580,287.428591371398
16,580,267.776085380346
17,580,535.35103867252
18,580,313.792610468676
1,581,316.479928302166
2,581,396.38294807645
3,581,327.228949508777
4,581,218.218417075361
5,581,428.677293671999
6,581,551.234441068658
7,581,297.978059647898
8,581,274.757514941273
9,581,369.817731546713
10,581,439.622800547437
11,581,324.491879133402
12,581,416.417231952154
13,581,501.897828166746
14,581,497.674922407642
15,581,356.991070169682
16,581,494.343354241381
17,581,286.576491369519
18,581,341.446193751658
1,582,297.407360141553
2,582,406.575370641656
3,582,336.382561900122
4,582,394.802792703475
5,582,404.782785303469
6,582,339.769879189263
7,582,338.239754066964
8,582,463.101527536308
9,582,315.334070829196
10,582,360.67541885495
11,582,226.238769157731
12,582,308.574385263497
13,582,275.12464903513
14,582,379.987081228689
15,582,451.457386575422
16,582,315.242458840708
17,582,455.98696250158
18,582,492.183416883927
1,583,535.196815297212
2,583,368.578274008557
3,583,450.174848105641
4,583,320.591580705962
5,583,407.538618509128
6,583,461.931877410368
7,583,373.854066898717
8,583,487.42007329401
9,583,291.55020361742
10,583,365.273779860708
11,583,249.799739497823
12,583,342.783616446725
13,583,360.755308454516
14,583,346.780379480356
15,583,321.354375185109
16,583,379.796725462043
17,583,431.592119430324
18,583,291.298147224315
1,584,402.982266379803
2,584,403.401413614317
3,584,386.481105856285
4,584,342.461007134244
5,584,336.45769862921
6,584,393.690315513535
7,584,494.839274599642
8,584,499.508020126412
9,584,319.405632849859
10,584,365.447841264367
11,584,403.503262032125
12,584,358.04184405783
13,584,412.970847869998
14,584,331.885071383118
15,584,349.307438628557
16,584,311.033554504895
17,584,261.984640618669
18,584,284.218212291372
1,585,421.395440047154
2,585,296.653928473362
3,585,273.255782673899
4,585,278.762131187869
5,585,393.551523130286
6,585,288.329547872242
7,585,449.550459660478
8,585,428.898092798025
9,585,455.44315735389
10,585,538.377550886004
11,585,334.47512843663
12,585,363.161316272805
13,585,366.22420327199
14,585,336.972158064165
15,585,518.855381814756
16,585,307.280015793063
17,585,429.426532604502
18,585,345.022753597942
1,586,405.852036912527
2,586,336.346488411057
3,586,424.864126081479
4,586,282.169474179965
5,586,504.714777070679
6,586,349.20867281733
7,586,393.648284703666
8,586,366.948717008197
9,586,391.571323292199
10,586,320.117297562689
11,586,385.962673294525
12,586,447.812893138165
13,586,245.692319122655
14,586,413.887301107667
15,586,286.460314694971
16,586,289.278010289104
17,586,476.50197099378
18,586,349.261892826941
1,587,469.967910468669
2,587,332.488654176675
3,587,326.863756249778
4,587,217.338886707064
5,587,467.340032995791
6,587,334.245691413569
7,587,432.187627082645
8,587,336.92821951352
9,587,343.172297244153
10,587,530.782209788764
11,587,376.7894651468
12,587,338.720186144216
13,587,406.101631189238
14,587,376.640968687515
15,587,421.143179610652
16,587,399.529285373229
17,587,435.44250812372
18,587,428.49960850176
1,588,393.595261564169
2,588,368.529421788117
3,588,292.782008559105
4,588,314.265440017247
5,588,429.07374080577
6,588,472.876727888018
7,588,293.724554833132
8,588,353.130486453133
9,588,394.050020780955
10,588,364.341248508242
11,588,397.357361051434
12,588,483.103519871767
13,588,211.742093963904
14,588,373.761314109091
15,588,388.297617176731
16,588,420.202237723953
17,588,455.823247580572
18,588,282.977428628971
1,589,415.072360530324
2,589,309.075817146702
3,589,382.014272501474
4,589,432.92044481038
5,589,549.343185462111
6,589,339.319385646553
7,589,433.9038401481
8,589,301.690109930238
9,589,315.685001269911
10,589,523.66785728811
11,589,337.83561338124
12,589,294.070420212257
13,589,284.317637727986
14,589,260.972771682606
15,589,371.526949405807
16,589,486.575534907457
17,589,430.054172994831
18,589,460.743859395279
1,590,352.644066363307
2,590,432.263273574242
3,590,326.583805420757
4,590,348.814633721795
5,590,312.769080121418
6,590,368.40714955505
7,590,399.217752899529
8,590,433.945502942901
9,590,405.374225739526
10,590,274.750954643657
11,590,387.356876743283
12,590,354.106684018391
13,590,293.777845090371
14,590,354.799305591962
15,590,433.318360927004
16,590,433.369493271727
17,590,404.437858379268
18,590,437.64011439859
1,591,375.69207477478
2,591,430.931499455589
3,591,442.171273382412
4,591,478.52751350243
5,591,445.568352490953
6,591,309.80744518731
7,591,368.713629272571
8,591,408.863036448039
9,591,389.355818982587
10,591,430.083642930251
11,591,439.827432477749
12,591,499.872667669408
13,591,314.112570325862
14,591,307.698598736865
15,591,459.186852265112
16,591,456.277484595785
17,591,484.486843004654
18,591,408.011267001923
1,592,472.55543717618
2,592,378.155484628661
3,592,396.910345165794
4,592,437.375273948388
5,592,344.316184100396
6,592,387.746827898723
7,592,402.554963981526
8,592,493.022838212989
9,592,376.297048928582
10,592,457.414900064072
11,592,509.083402339935
12,592,422.499368183544
13,592,329.620131865711
14,592,327.993234647367
15,592,314.389595642273
16,592,399.850850281512
17,592,387.229794060597
18,592,388.550768267184
1,593,328.597361391738
2,593,457.703136145113
3,593,357.235542850814
4,593,354.752378385757
5,593,477.294976395504
6,593,239.081195646046
7,593,368.761212087321
8,593,290.960299980999
9,593,262.54921247626
10,593,505.983843744459
11,593,460.17359530949
12,593,333.417528995315
13,593,367.677136894517
14,593,364.459488574069
15,593,382.37432811304
16,593,311.787991153812
17,593,495.448253449789
18,593,480.85384045544
1,594,368.977186258321
2,594,411.085715261409
3,594,328.032231348537
4,594,356.471418002393
5,594,478.177227324264
6,594,376.663120083417
7,594,393.993366714358
8,594,333.23141740786
9,594,383.889491953043
10,594,242.04335539052
11,594,385.349747759475
12,594,321.568728318052
13,594,280.592690812838
14,594,477.589375437428
15,594,465.940360156668
16,594,424.860388209298
17,594,299.96081756402
18,594,344.68066640787
1,595,271.21325010287
2,595,391.295768159746
3,595,360.459559020903
4,595,273.096064937899
5,595,204.123243710137
6,595,293.908126627312
7,595,454.040970287397
8,595,434.486210070178
9,595,260.726786922828
10,595,423.513650388848
11,595,445.015985009253
12,595,359.773606578594
13,595,385.348276450711
14,595,505.334257359889
15,595,319.131685126539
16,595,385.486329589701
17,595,458.794599265526
18,595,336.137449311
1,596,349.775753643571
2,596,350.343505683695
3,596,454.847706478326
4,596,285.897108394434
5,596,372.410444947215
6,596,367.192809723566
7,596,384.810106797204
8,596,473.766012961894
9,596,289.367312809022
10,596,313.511931687152
11,596,492.066343588138
12,596,378.96387771073
13,596,500.989930199491
14,596,306.971304392753
15,596,377.424912713805
16,596,334.571283464927
17,596,447.99501980569
18,596,382.461613992754
1,597,387.336366292031
2,597,340.357821036508
3,597,485.109109112552
4,597,464.791176743441
5,597,360.203365495806
6,597,345.828504156824
7,597,347.441924491373
8,597,470.558946856728
9,597,348.42253979785
10,597,438.074802537954
11,597,314.248699386523
12,597,380.910513198774
13,597,381.228719803008
14,597,252.083526585287
15,597,311.241459563786
16,597,372.782175986729
17,597,264.424509726319
18,597,456.389665793712
1,598,314.046139791809
2,598,314.592403450529
3,598,337.729759348246
4,598,302.817286968392
5,598,251.427751586779
6,598,374.927976537792
7,598,439.596921913533
8,598,401.368059719989
9,598,385.240347563902
10,598,383.835218632295
11,598,407.310472208058
12,598,497.793683054243
13,598,481.508812861735
14,598,417.931144218159
15,598,296.655010743914
16,598,259.184565748813
17,598,448.581115749416
18,598,355.333619831604
1,599,459.937135456839
2,599,479.466494640264
3,599,276.05677904097
4,599,492.694721883581
5,599,336.218439988912
6,599,371.794521105367
7,599,258.510162250482
8,599,323.0178247563
9,599,528.857190776032
10,599,342.591306752415
11,599,343.526456094735
12,599,452.026792663301
13,599,509.373986659069
14,599,351.149408387973
15,599,496.269505584975
16,599,320.79418971436
17,599,439.335826141129
18,599,374.877458416504
1,600,353.25713529252
2,600,313.562210483484
3,600,353.543902504543
4,600,269.574220696476
5,600,268.183178067939
6,600,326.627645470611
7,600,280.332421174398
8,600,462.12730950885
9,600,529.99551585626
10,600,499.366112203357
11,600,257.619905806783
12,600,335.209758652909
13,600,424.533606380898
14,600,449.204619719606
15,600,409.541572944403
16,600,398.91917546593
17,600,360.513320879465
18,600,345.35545962711
1,601,363.372145087616
2,601,285.03659773299
3,601,247.193532270479
4,601,454.595542578321
5,601,347.878390306198
6,601,494.282115853479
7,601,463.580088864001
8,601,428.37833498901
9,601,486.212765118876
10,601,325.765884652494
11,601,374.365898166691
12,601,364.136119757048
13,601,427.273239650508
14,601,388.577740600732
15,601,385.419274528425
16,601,362.434241085251
17,601,313.812655343031
18,601,364.030684745319
1,602,332.606480144739
2,602,394.756126124659
3,602,378.21745669291
4,602,361.114291389374
5,602,388.055226208898
6,602,315.811144224724
7,602,337.485461674763
8,602,507.041019960386
9,602,347.74962614476
10,602,504.375298840181
11,602,362.418422351405
12,602,373.040556906909
13,602,508.352508592986
14,602,330.674048642046
15,602,458.455176912954
16,602,333.769627377139
17,602,314.441773364503
18,602,390.302765625882
1,603,412.731554675454
2,603,484.482820844265
3,603,511.875926871324
4,603,527.923778059781
5,603,334.85547610149
6,603,380.521310223463
7,603,278.959471106582
8,603,407.22875012059
9,603,393.779855204418
10,603,400.651684827004
11,603,431.801387331416
12,603,436.989898049017
13,603,379.256977734843
14,603,348.386777517498
15,603,260.737844112398
16,603,331.102798025631
17,603,387.255766809816
18,603,420.091674024213
1,604,310.29939711316
2,604,303.958735215967
3,604,555.954886179068
4,604,363.453535933448
5,604,417.906277108783
6,604,314.226503033079
7,604,328.571860851539
8,604,226.552358912029
9,604,523.403307440293
10,604,354.322883247013
11,604,397.581566409894
12,604,288.404317212832
13,604,375.362647427487
14,604,487.596770945066
15,604,440.731896621593
16,604,531.668171825786
17,604,369.600721089294
18,604,549.766923981718
1,605,361.589969767399
2,605,502.193648438126
3,605,414.277698815304
4,605,235.000494670909
5,605,411.938082929699
6,605,271.792384308003
7,605,348.772363340148
8,605,517.130187870961
9,605,327.213039326425
10,605,310.256311864274
11,605,487.747663469943
12,605,398.777747269313
13,605,391.39727495394
14,605,320.603702189344
15,605,236.479009882092
16,605,242.496154493144
17,605,291.804108192776
18,605,309.522042031011
1,606,357.819580830708
2,606,365.410721149973
3,606,346.60541530702
4,606,297.317822943816
5,606,311.724347805566
6,606,322.704680497421
7,606,307.282234454691
8,606,335.060603939308
9,606,466.494782122807
10,606,227.422706905382
11,606,350.235163056088
12,606,439.956384086135
13,606,434.010868966963
14,606,396.41423823876
15,606,326.508288628818
16,606,214.706792125085
17,606,330.59269248661
18,606,250.04311715142
1,607,358.292824249362
2,607,351.657540226386
3,607,465.85971493193
4,607,477.951238935587
5,607,334.059611349166
6,607,410.615357814028
7,607,503.001380478176
8,607,500.952579206834
9,607,334.663319912787
10,607,460.896351650436
11,607,429.147026392388
12,607,426.319548162524
13,607,468.166228077053
14,607,268.645765947453
15,607,454.013208613938
16,607,369.733663784554
17,607,484.999660239301
18,607,486.173195109692
1,608,295.448043818857
2,608,267.603427274374
3,608,427.325412304356
4,608,439.756549303851
5,608,249.463170542483
6,608,421.647932222155
7,608,370.090579963125
8,608,447.314127534538
9,608,344.693330854483
10,608,475.566393287423
11,608,494.414492980928
12,608,310.868013231483
13,608,354.736995699124
14,608,557.998617386245
15,608,324.906606897258
16,608,298.529991173363
17,608,303.706796878822
18,608,349.812265055322
1,609,352.291036461273
2,609,419.810523894397
3,609,410.162006949561
4,609,238.671479977146
5,609,377.250122584292
6,609,349.237597557935
7,609,349.493880845845
8,609,315.116577032985
9,609,384.780170856838
10,609,437.354169996027
11,609,418.579546300623
12,609,336.985820049882
13,609,352.429875925291
14,609,333.901587248759
15,609,416.494362045891
16,609,398.618253825873
17,609,425.081050506262
18,609,475.834141411526
1,610,369.50724884342
2,610,383.050290901359
3,610,348.282234140608
4,610,378.936090440019
5,610,336.853577301741
6,610,345.939846420811
7,610,344.241913231485
8,610,352.751412733116
9,610,376.506691289675
10,610,446.314928559862
11,610,471.756199421237
12,610,367.061226148839
13,610,271.140156000572
14,610,456.847477436224
15,610,396.409691731923
16,610,421.160167344676
17,610,444.707846870107
18,610,446.202998429543
1,611,420.979627646793
2,611,433.206056016148
3,611,399.098551859578
4,611,412.465499081338
5,611,352.399995814699
6,611,519.367757912847
7,611,316.179467783221
8,611,502.382579503542
9,611,494.857514091914
10,611,312.327274956696
11,611,448.344472302334
12,611,384.68225913049
13,611,370.506773133288
14,611,389.817329344482
15,611,293.742233229161
16,611,393.142912331731
17,611,343.096526232535
18,611,355.379275765549
1,612,387.545611318855
2,612,275.530720331863
3,612,386.173453460499
4,612,298.728213783317
5,612,388.152925230421
6,612,341.887144173096
7,612,472.77507783524
8,612,345.665841361139
9,612,339.155267782242
10,612,450.094629917219
11,612,372.057952727968
12,612,452.968075481991
13,612,326.974028493146
14,612,312.353144011644
15,612,359.732309424177
16,612,403.249937712623
17,612,516.868502016994
18,612,273.582571429857
1,613,451.27349589833
2,613,300.054158622042
3,613,355.708475392919
4,613,311.045631836309
5,613,342.490962454515
6,613,297.073386374744
7,613,283.803666474117
8,613,424.936196968434
9,613,319.850176395239
10,613,376.198015500272
11,613,417.186045653077
12,613,252.882456710256
13,613,309.572488913248
14,613,423.458624766633
15,613,304.484204134256
16,613,476.075160874037
17,613,403.228275255089
18,613,425.833967375665
1,614,329.740375017017
2,614,448.386773275559
3,614,332.935100262186
4,614,310.279585455689
5,614,370.272331896023
6,614,416.332986074747
7,614,471.795773968798
8,614,479.235907188237
9,614,341.111944361953
10,614,380.319357599409
11,614,259.658968615567
12,614,340.562682479412
13,614,280.69655090722
14,614,281.355100475611
15,614,409.618403717526
16,614,380.568669182073
17,614,273.137444747178
18,614,468.477810098574
1,615,362.09811315366
2,615,389.810580128441
3,615,406.807538386849
4,615,378.687096490011
5,615,349.963857863148
6,615,388.933777286162
7,615,326.456593624661
8,615,444.806608627342
9,615,260.282567704498
10,615,433.573683362129
11,615,404.964000500416
12,615,363.359800072395
13,615,319.264722006974
14,615,326.056943351395
15,615,373.984754979423
16,615,440.153238663191
17,615,242.545750979756
18,615,218.277985956821
1,616,433.569527586847
2,616,386.797170391695
3,616,274.462874997046
4,616,335.287993292682
5,616,321.226778633897
6,616,298.601821580088
7,616,371.669430010482
8,616,342.299989170222
9,616,418.348128789699
10,616,479.920524307589
11,616,432.476096383299
12,616,347.252824075121
13,616,339.95963146532
14,616,379.708977207407
15,616,349.180383906178
16,616,464.769519700659
17,616,563.633473107289
18,616,355.579223365188
1,617,259.981847327321
2,617,537.716068380163
3,617,361.089604059683
4,617,282.593993661096
5,617,344.22586116869
6,617,248.804602552078
7,617,512.730539735448
8,617,330.262288328987
9,617,466.16956048256
10,617,345.87106885339
11,617,348.599098011822
12,617,484.012151070504
13,617,373.443593776402
14,617,456.8735529822
15,617,313.343652404191
16,617,339.518546218852
17,617,335.140413965308
18,617,317.32223505404
1,618,283.4470658552
2,618,457.256664755593
3,618,364.212410454034
4,618,374.062844588238
5,618,285.178507790071
6,618,311.391767123472
7,618,415.391623430156
8,618,505.126460701765
9,618,477.805925894706
10,618,419.688205231679
11,618,258.541921088563
12,618,230.986961270161
13,618,409.760564085705
14,618,306.756247874648
15,618,338.241543152451
16,618,423.294850026558
17,618,439.177225399087
18,618,239.397665432603
1,619,512.035152769888
2,619,503.747273186001
3,619,275.856535732819
4,619,504.260091835166
5,619,423.31937212388
6,619,444.756099828209
7,619,437.978666785825
8,619,368.333038711643
9,619,458.04613464005
10,619,350.669986131736
11,619,344.717818582204
12,619,329.765206389183
13,619,376.897699898338
14,619,289.292130297703
15,619,494.497667510587
16,619,311.372716462421
17,619,403.784952003292
18,619,320.52017601927
1,620,351.420503259277
2,620,415.570048240086
3,620,453.925767329648
4,620,284.666184369746
5,620,355.585638738227
6,620,452.89442578945
7,620,250.04532005985
8,620,374.804737546737
9,620,377.868660322724
10,620,284.158782699095
11,620,266.19669903425
12,620,351.855759031607
13,620,559.612242211718
14,620,383.579132725868
15,620,407.83072325035
16,620,360.322023639847
17,620,371.501859263233
18,620,275.979425802853
1,621,493.575371063417
2,621,417.974519387996
3,621,480.299465987008
4,621,471.071376632803
5,621,368.039278905952
6,621,302.237046217667
7,621,402.831197823575
8,621,361.482482246219
9,621,388.856401041666
10,621,270.585619538264
11,621,440.387651397847
12,621,269.704760836846
13,621,283.569528527638
14,621,452.749586106041
15,621,327.725786229006
16,621,359.255096719579
17,621,434.758546460095
18,621,377.870271207281
1,622,370.194400912363
2,622,391.111039420649
3,622,208.96306626562
4,622,350.136708070398
5,622,293.099895694643
6,622,391.807017699627
7,622,333.924530441079
8,622,520.209316114423
9,622,361.724617629933
10,622,451.047902151627
11,622,467.857814708436
12,622,503.332935214319
13,622,338.07452037917
14,622,298.699486709436
15,622,349.323998444441
16,622,328.482404487824
17,622,353.476270524538
18,622,375.950996032139
1,623,272.861576780141
2,623,230.918534048438
3,623,411.307150477438
4,623,342.995068974994
5,623,425.463342220163
6,623,362.244655897146
7,623,333.833939756234
8,623,322.450329945479
9,623,496.718218623972
10,623,303.975301820461
11,623,364.095096213266
12,623,285.811557677449
13,623,417.795590742906
14,623,284.905123184837
15,623,361.052197855014
16,623,324.048940943808
17,623,399.242296481075
18,623,397.433090867268
1,624,433.954152638012
2,624,297.380465744344
3,624,348.078537123737
4,624,256.528320523177
5,624,434.895123549247
6,624,291.057032213037
7,624,487.153185624637
8,624,329.657368359841
9,624,229.158754858565
10,624,412.562970909751
11,624,349.833068154686
12,624,328.00794198094
13,624,416.112613078008
14,624,561.040506107546
15,624,368.038737639604
16,624,477.262515774821
17,624,240.923771900887
18,624,557.287051347795
1,625,254.678198153854
2,625,408.341618522281
3,625,315.510486102652
4,625,450.237760179985
5,625,359.527015766141
6,625,360.59390173461
7,625,244.385234749447
8,625,308.387470273721
9,625,504.116551572303
10,625,354.437098803746
11,625,400.40657404783
12,625,359.340910058463
13,625,321.243140326382
14,625,429.623550982787
15,625,421.482129084405
16,625,345.278647027013
17,625,343.88180085421
18,625,293.66898133696
1,626,245.17274542869
2,626,386.041367155027
3,626,389.528940404324
4,626,483.730150792056
5,626,499.424751693544
6,626,460.328688568086
7,626,504.487415010399
8,626,381.316818937017
9,626,358.638967138079
10,626,266.889460821238
11,626,297.528818937363
12,626,495.941890882099
13,626,304.384199202874
14,626,439.068737310505
15,626,455.929155468118
16,626,392.895523986029
17,626,347.940089552527
18,626,477.642319545048
1,627,271.781639509031
2,627,291.706715472348
3,627,440.215248460971
4,627,517.886338938077
5,627,475.994351007442
6,627,499.817582730097
7,627,296.602789457878
8,627,424.793841881964
9,627,307.200236311532
10,627,315.136904218071
11,627,528.27299350806
12,627,336.843160637957
13,627,307.225857616552
14,627,399.599658236942
15,627,346.414024002012
16,627,343.237580383262
17,627,340.158938209335
18,627,351.451807502597
1,628,357.678656063012
2,628,294.573891919995
3,628,466.716923472079
4,628,413.048050801381
5,628,382.048697865096
6,628,360.333873860954
7,628,336.417699111675
8,628,338.431182826952
9,628,322.404706746926
10,628,483.230356532316
11,628,287.546210950273
12,628,293.694238841135
13,628,431.195613422642
14,628,371.392198655809
15,628,497.40769509972
16,628,280.348965109684
17,628,216.547885071547
18,628,316.827836770813
1,629,477.539513666325
2,629,364.772430596498
3,629,353.242614235814
4,629,356.474511302497
5,629,316.006963952416
6,629,398.167332765619
7,629,342.584842068454
8,629,406.799856281205
9,629,273.393446783461
10,629,350.248254952476
11,629,289.398308358781
12,629,294.701356091814
13,629,234.786503458
14,629,358.002297652807
15,629,555.519671751475
16,629,269.227814761584
17,629,413.164105498401
18,629,299.337754899013
1,630,393.174215177323
2,630,446.481495476263
3,630,397.577157900347
4,630,404.468571783212
5,630,342.612003210642
6,630,520.558041242083
7,630,362.178499200702
8,630,293.092091203979
9,630,322.437253604791
10,630,460.070494921956
11,630,277.749216635399
12,630,448.350535706184
13,630,330.403927333816
14,630,418.889822036982
15,630,548.158709635225
16,630,226.559828078511
17,630,304.796232448487
18,630,431.297680261847
1,631,251.6034670176
2,631,423.189657869759
3,631,329.218602757948
4,631,441.617200153628
5,631,351.434052140373
6,631,216.779041292941
7,631,348.795210450118
8,631,299.65886674864
9,631,387.829201461772
10,631,443.689196005724
11,631,248.898326686509
12,631,279.412756615104
13,631,377.431647697155
14,631,360.486951432886
15,631,353.597126513353
16,631,305.917018160413
17,631,424.964301311851
18,631,322.007747747953
1,632,404.698828246682
2,632,411.609563532132
3,632,417.457772665683
4,632,365.202787589616
5,632,446.007862550985
6,632,364.614431207709
7,632,254.492134093063
8,632,249.821545471125
9,632,325.391387209592
10,632,463.76673620769
11,632,453.854524839515
12,632,417.264528467151
13,632,363.936787137039
14,632,284.055174077625
15,632,486.370848423896
16,632,449.544327243882
17,632,375.607105106648
18,632,276.275149335688
1,633,475.940000977798
2,633,265.224604665869
3,633,326.435551817792
4,633,331.321857162746
5,633,334.874480394186
6,633,326.924465066679
7,633,481.364688339966
8,633,233.726425484557
9,633,295.41322945489
10,633,340.560065320192
11,633,298.824815003256
12,633,535.388019259251
13,633,342.467784374223
14,633,543.755834882959
15,633,369.533370334581
16,633,417.226423866956
17,633,509.148290971633
18,633,339.194604242843
1,634,422.853021819942
2,634,314.545001184883
3,634,329.806741713244
4,634,322.296474234447
5,634,436.822073741223
6,634,443.838697104876
7,634,410.595885621729
8,634,312.930962567294
9,634,224.648936678864
10,634,333.977172881056
11,634,462.891253487941
12,634,274.321538608497
13,634,325.08444350464
14,634,419.89297452458
15,634,430.049283888402
16,634,392.445174819533
17,634,387.635797885697
18,634,400.833469430534
1,635,249.74070094309
2,635,220.128884366044
3,635,349.365765596908
4,635,381.990477527805
5,635,463.729758603495
6,635,505.304725151155
7,635,428.665169107975
8,635,381.938557843049
9,635,368.588621290707
10,635,384.17880990172
11,635,382.772604180929
12,635,405.401151108274
13,635,395.990776790718
14,635,392.877013526529
15,635,308.495589049285
16,635,325.222680248035
17,635,318.824885337129
18,635,360.33479183613
1,636,324.658030885619
2,636,420.849377207733
3,636,229.209083656494
4,636,304.323688917215
5,636,403.616777258332
6,636,383.762217639143
7,636,398.077244761513
8,636,386.149789490797
9,636,344.5637379942
10,636,276.976961852665
11,636,460.764474451292
12,636,475.097923605581
13,636,549.198850224109
14,636,265.60621009447
15,636,334.075908388867
16,636,548.095957963604
17,636,508.889403509951
18,636,378.468838983954
1,637,274.351261762583
2,637,463.311149188251
3,637,501.070163807209
4,637,364.344281495165
5,637,352.014555334104
6,637,334.749304629561
7,637,385.557967604338
8,637,403.191070068247
9,637,374.84439998456
10,637,360.592229361417
11,637,346.053279971018
12,637,326.789839211743
13,637,342.012224551415
14,637,302.765626534788
15,637,341.013256034845
16,637,361.191979636353
17,637,414.941060223819
18,637,331.505598858723
1,638,269.520591143971
2,638,394.158467877141
3,638,355.504576114423
4,638,422.58766495956
5,638,357.493525576341
6,638,323.093646243805
7,638,356.971720193162
8,638,274.898940502124
9,638,419.76742475421
10,638,260.648886511432
11,638,270.526456300868
12,638,329.751316394013
13,638,430.976711219982
14,638,347.516575909834
15,638,288.614481858341
16,638,483.943322340561
17,638,462.344599701563
18,638,435.962083820388
1,639,404.123964702767
2,639,378.014164663845
3,639,506.411484819777
4,639,293.935485471705
5,639,358.877026396115
6,639,372.288957094442
7,639,400.784083663348
8,639,340.992209743894
9,639,298.877232276009
10,639,600.049108943814
11,639,403.059812714629
12,639,300.217351644594
13,639,369.472936245845
14,639,330.666157827729
15,639,508.76734070702
16,639,333.776046957353
17,639,315.928990253195
18,639,448.558588125631
1,640,329.319510717869
2,640,342.897486060878
3,640,485.788790026895
4,640,415.821846491334
5,640,484.512673100779
6,640,285.640037232602
7,640,344.613586720756
8,640,410.271977052796
9,640,344.91498274346
10,640,303.456666844929
11,640,304.993983528556
12,640,355.967890550418
13,640,412.79857331333
14,640,380.596485359648
15,640,369.386884881047
16,640,345.560914441679
17,640,381.714191372683
18,640,522.948129170234
1,641,405.990742624573
2,641,259.52929774646
3,641,384.218610748909
4,641,378.07701421763
5,641,522.697615477446
6,641,482.605183431742
7,641,421.791012474824
8,641,365.220113341446
9,641,355.223211066148
10,641,302.544893828183
11,641,309.629665223279
12,641,527.717946591292
13,641,502.697466692799
14,641,286.848663765794
15,641,345.338311483732
16,641,287.0291049583
17,641,351.438096372903
18,641,342.313012234791
1,642,321.857704821449
2,642,306.549060038119
3,642,493.54482727214
4,642,417.150582435091
5,642,366.910822836421
6,642,368.23779506073
7,642,421.321571071945
8,642,428.469423250161
9,642,429.521619730259
10,642,378.940499874059
11,642,291.497495976733
12,642,364.82696246348
13,642,335.828294850695
14,642,448.903961825391
15,642,383.612818707764
16,642,359.612529852723
17,642,410.09712527633
18,642,355.720772334803
1,643,471.097515595399
2,643,378.04246926371
3,643,332.132644132469
4,643,413.967333796533
5,643,350.953056766166
6,643,454.607751200829
7,643,382.638562401069
8,643,377.965609230724
9,643,383.054617508074
10,643,316.46002401824
11,643,337.940399259105
12,643,359.752373134398
13,643,432.739555063886
14,643,401.855339872001
15,643,374.837202263049
16,643,429.491211710925
17,643,346.12532083808
18,643,462.445288311136
1,644,452.907810988245
2,644,300.991138022751
3,644,368.264279630627
4,644,509.133036073013
5,644,462.730539721336
6,644,467.236929925799
7,644,320.381856176951
8,644,467.280222759076
9,644,223.167882542005
10,644,427.879712559146
11,644,454.711351434191
12,644,435.502436880047
13,644,400.571948140067
14,644,309.861526011562
15,644,331.619111766962
16,644,384.463936176627
17,644,376.83700309828
18,644,407.985304410477
1,645,399.010213982017
2,645,406.056129404432
3,645,503.922050973964
4,645,331.293100018143
5,645,337.181978519842
6,645,346.097361676992
7,645,285.286131809311
8,645,400.011252308988
9,645,496.382432698284
10,645,375.14808599395
11,645,432.185104001824
12,645,322.624558635703
13,645,443.947349041821
14,645,269.195073348689
15,645,295.38210371644
16,645,528.707925092115
17,645,385.540406974774
18,645,220.011218259426
1,646,398.975868681838
2,646,301.421551374625
3,646,402.374388263126
4,646,352.178629537042
5,646,326.062045256899
6,646,443.554438388055
7,646,274.447727817746
8,646,468.566240688614
9,646,339.990168921623
10,646,363.254052050417
11,646,365.496021608973
12,646,230.472281400626
13,646,528.788724248611
14,646,294.893957706383
15,646,508.715790136853
16,646,395.967993058316
17,646,258.468586115442
18,646,381.457416357195
1,647,341.352036014627
2,647,262.031541097067
3,647,392.905529419477
4,647,288.967205090197
5,647,211.24341814253
6,647,269.322176072371
7,647,382.217529843499
8,647,389.284564294682
9,647,425.589674751067
10,647,398.987347453686
11,647,435.767410827463
12,647,418.21898366696
13,647,351.309724638485
14,647,470.062021259211
15,647,502.340226878649
16,647,469.618298641423
17,647,399.842961919188
18,647,490.273474869074
1,648,491.603070818327
2,648,354.998556186755
3,648,267.596011017587
4,648,239.465775052633
5,648,229.73770114822
6,648,283.762904078673
7,648,336.815675570812
8,648,393.977282845828
9,648,438.200317883737
10,648,448.177814113093
11,648,398.513556715136
12,648,258.067078931651
13,648,349.553546089661
14,648,283.046742863444
15,648,420.369563248851
16,648,359.598422998298
17,648,388.707266735079
18,648,349.644758408863
1,649,478.033578205504
2,649,336.388691370307
3,649,371.412364379282
4,649,393.964484339972
5,649,389.012455476533
6,649,293.675031249489
7,649,345.732207715267
8,649,385.366604757303
9,649,308.489108872346
10,649,457.176872015287
11,649,327.581655223574
12,649,329.213850455042
13,649,556.436219568419
14,649,445.698180433974
15,649,385.748897182913
16,649,396.928136919617
17,649,288.009205164355
18,649,467.832950714887
1,650,369.819061073668
2,650,311.613925748891
3,650,514.893251432085
4,650,439.400498629186
5,650,281.087231262624
6,650,456.104249116683
7,650,335.049932753851
8,650,288.496363253218
9,650,492.032924924236
10,650,511.756892709234
11,650,401.079051952753
12,650,400.86572997262
13,650,535.007204956239
14,650,335.694510244562
15,650,281.787418688005
16,650,365.05422637282
17,650,410.360707275058
18,650,307.03372682394
1,651,336.136937017766
2,651,353.470426701831
3,651,367.598521909691
4,651,344.581603791758
5,651,481.658605321742
6,651,378.281042223152
7,651,405.249850092152
8,651,310.973226570722
9,651,258.279414851652
10,651,508.658882534831
11,651,355.272220152788
12,651,354.851905781778
13,651,376.246739969021
14,651,312.781101052791
15,651,377.921556464563
16,651,421.187151586236
17,651,461.959250241046
18,651,329.411260942244
1,652,363.439093505963
2,652,320.567250711931
3,652,311.527355285956
4,652,292.350564751244
5,652,262.864596262951
6,652,359.58442785932
7,652,361.838335406523
8,652,349.990547017022
9,652,380.393518343463
10,652,386.612431502079
11,652,325.155897528504
12,652,263.993163692766
13,652,510.943463011208
14,652,292.754263975455
15,652,350.217927605517
16,652,494.97632111095
17,652,267.997604231819
18,652,287.544601293633
1,653,296.302113938464
2,653,329.060509000148
3,653,435.149907058154
4,653,340.872565767432
5,653,382.537733881531
6,653,359.152936021436
7,653,287.258486698718
8,653,443.021475197153
9,653,462.102183318882
10,653,450.55599827714
11,653,261.301088379761
12,653,342.714284673531
13,653,278.183022693799
14,653,283.05114644958
15,653,408.952314000465
16,653,538.014223954027
17,653,374.117395015389
18,653,344.394629305636
1,654,297.414770833737
2,654,421.208520300473
3,654,517.687786552954
4,654,486.823046443086
5,654,241.909319125602
6,654,435.030292901114
7,654,332.92573371725
8,654,486.140512423811
9,654,392.603742517099
10,654,382.739549807641
11,654,228.386935429498
12,654,434.329540897608
13,654,349.399359509146
14,654,443.679400641528
15,654,363.731637134807
16,654,357.3664449299
17,654,367.578971602993
18,654,445.188037863922
1,655,438.760944557781
2,655,340.514958840725
3,655,293.421836497375
4,655,433.029435417521
5,655,421.341708175691
6,655,458.568902862066
7,655,475.440378056632
8,655,261.795785433272
9,655,396.692043094417
10,655,346.108986248351
11,655,457.6560162955
12,655,459.418330325077
13,655,439.496338574804
14,655,350.971693812928
15,655,310.597514569854
16,655,373.235715123673
17,655,550.242418005743
18,655,353.578499738101
1,656,263.046950409954
2,656,475.886394965702
3,656,381.161866397857
4,656,331.270666763027
5,656,426.807224101022
6,656,322.451869848019
7,656,362.29619549008
8,656,240.129669537604
9,656,353.161053900369
10,656,344.075523104146
11,656,273.825022796911
12,656,330.750448034632
13,656,432.835172249811
14,656,323.131479675679
15,656,548.013541245528
16,656,405.976388718939
17,656,271.146516454705
18,656,322.449522663837
1,657,345.812059588323
2,657,256.773062972417
3,657,292.073058534182
4,657,419.178588271574
5,657,289.172539493805
6,657,375.920538399245
7,657,407.74320726845
8,657,396.728341501021
9,657,279.950676686489
10,657,328.195650483504
11,657,387.449454130839
12,657,463.375035890992
13,657,349.027732712143
14,657,373.083846928774
15,657,412.040616851218
16,657,438.716112484684
17,657,525.625545535697
18,657,480.482659830304
1,658,416.313584285816
2,658,393.492777327358
3,658,241.993545159301
4,658,456.83871627808
5,658,342.155824056295
6,658,343.805699795927
7,658,444.182159790324
8,658,377.197750406418
9,658,366.551771876747
10,658,365.49980273387
11,658,470.736027529027
12,658,356.460244823959
13,658,451.998547123934
14,658,332.410217884455
15,658,420.291029320484
16,658,336.129364708825
17,658,342.271388856074
18,658,319.282638257091
1,659,348.273356759795
2,659,362.102084388472
3,659,395.125455862409
4,659,316.182713981292
5,659,308.088650215826
6,659,494.252305623035
7,659,449.560522643515
8,659,322.87805172874
9,659,273.247556860132
10,659,291.520413912
11,659,362.639781162806
12,659,295.753236423377
13,659,542.373555838855
14,659,341.927371386272
15,659,409.292480803933
16,659,214.941234072945
17,659,381.77756123579
18,659,402.41887473996
1,660,427.20920101579
2,660,415.946699318856
3,660,379.758278373966
4,660,413.295658679086
5,660,318.912427422861
6,660,490.157457201989
7,660,420.704135773353
8,660,315.064669987527
9,660,332.95543898148
10,660,272.332761451443
11,660,464.145170990133
12,660,317.646246399576
13,660,328.536279321758
14,660,280.303696605396
15,660,461.572191921619
16,660,391.356324075398
17,660,306.691544706959
18,660,359.23947762906
1,661,459.677968359399
2,661,324.582363852679
3,661,416.530809294034
4,661,423.659869426578
5,661,318.647154250966
6,661,345.355336548917
7,661,414.915413232377
8,661,393.735537918575
9,661,420.044637840701
10,661,428.28830357617
11,661,345.422055148859
12,661,302.020306517549
13,661,480.552489231511
14,661,326.310811954783
15,661,346.042491508957
16,661,406.643332259568
17,661,334.590384607267
18,661,296.040898644593
1,662,350.700916590953
2,662,364.745240749522
3,662,331.119759032201
4,662,527.156843505431
5,662,313.883158878227
6,662,291.806662407335
7,662,254.964302043227
8,662,313.571187402006
9,662,332.515551201337
10,662,384.18772052838
11,662,483.174861522845
12,662,290.331155046492
13,662,317.475810446134
14,662,287.892897009072
15,662,199.591075312964
16,662,419.367466915093
17,662,459.223650573759
18,662,241.205490387328
1,663,353.365944523592
2,663,368.15327181473
3,663,306.903036530804
4,663,283.487937008901
5,663,249.867465878987
6,663,366.455147325761
7,663,349.048514040795
8,663,308.601380694804
9,663,345.185786139329
10,663,543.232592436169
11,663,443.695288151157
12,663,424.313878985731
13,663,390.172076080635
14,663,245.043679319491
15,663,318.094776232312
16,663,379.058247868912
17,663,448.000717476882
18,663,373.459336382076
1,664,333.42309930504
2,664,529.290042886283
3,664,372.98885988559
4,664,396.376828670911
5,664,351.674305064827
6,664,533.155228502731
7,664,371.749281629538
8,664,343.257249440129
9,664,416.533286555015
10,664,385.744068833993
11,664,437.118605200319
12,664,291.462248132893
13,664,372.167395588588
14,664,548.423862840743
15,664,335.678535847035
16,664,325.351179457312
17,664,222.290134877729
18,664,276.866602273839
1,665,307.268922746497
2,665,315.048695352387
3,665,302.850831430211
4,665,284.37490692124
5,665,409.278069553176
6,665,340.496397765529
7,665,368.156420833052
8,665,313.936365848964
9,665,351.461613662753
10,665,321.189306399434
11,665,343.984236535917
12,665,358.532325487235
13,665,494.244886768819
14,665,367.969977051794
15,665,317.064136982588
16,665,402.934701217704
17,665,456.949119565212
18,665,373.941441396445
1,666,386.818064773047
2,666,504.090351763346
3,666,494.516074884868
4,666,407.849023705623
5,666,552.990573041556
6,666,211.34219031495
7,666,435.602706148194
8,666,537.821504349298
9,666,394.109177516717
10,666,325.691831383605
11,666,397.897336116998
12,666,412.99195414865
13,666,335.178151030809
14,666,495.060566525714
15,666,328.432198067885
16,666,294.462703449842
17,666,490.16005302505
18,666,409.67998858515
1,667,418.130059741841
2,667,387.376187035598
3,667,384.093451452965
4,667,330.359193808868
5,667,537.500035277066
6,667,381.088842016583
7,667,320.965428156402
8,667,257.05764732924
9,667,293.271148749345
10,667,412.626680324042
11,667,267.9700287154
12,667,348.128909712713
13,667,428.248797303957
14,667,521.392554412585
15,667,310.690416042907
16,667,420.437697475708
17,667,291.010519315413
18,667,363.779245572949
1,668,407.476871913844
2,668,508.802282892124
3,668,375.383155009398
4,668,429.095148023242
5,668,558.994906823758
6,668,387.128845626253
7,668,415.66242085346
8,668,361.622565277678
9,668,353.375072386941
10,668,330.519907622317
11,668,453.710712551441
12,668,335.924722321767
13,668,441.347138247827
14,668,387.224889527603
15,668,453.05422689399
16,668,544.813108848167
17,668,356.021092869819
18,668,336.451185608892
1,669,477.59249498664
2,669,361.459555366866
3,669,305.250828018824
4,669,442.566781118269
5,669,354.489669355416
6,669,240.778605313377
7,669,366.983759409181
8,669,407.815236484591
9,669,551.846606888332
10,669,281.134308687573
11,669,257.941384338566
12,669,474.256872561013
13,669,479.295776914902
14,669,391.590041845972
15,669,303.114846239145
16,669,349.436946049438
17,669,378.966536265062
18,669,330.730344659518
1,670,415.210008970612
2,670,299.69212936728
3,670,325.692984119769
4,670,378.089667342736
5,670,505.250581843048
6,670,253.533297000486
7,670,245.744277740838
8,670,433.463987389961
9,670,449.07366204734
10,670,474.922273530576
11,670,357.215396443181
12,670,404.528124799765
13,670,504.219132251604
14,670,286.147148571506
15,670,357.306224517075
16,670,353.78825166008
17,670,412.117077949299
18,670,383.331041874037
1,671,287.215018458492
2,671,273.069425026362
3,671,287.449793636992
4,671,403.221763999704
5,671,268.901703706678
6,671,422.48748934605
7,671,481.820393415739
8,671,315.600057232727
9,671,270.28618492682
10,671,309.961345463681
11,671,359.961988915848
12,671,457.823816674198
13,671,420.780226050131
14,671,380.914153112121
15,671,421.248250042365
16,671,431.910675879649
17,671,372.93823491791
18,671,274.862419862361
1,672,397.73602313172
2,672,353.738145091129
3,672,400.852531610336
4,672,418.1357225012
5,672,406.394266215322
6,672,397.263642376769
7,672,400.621784572007
8,672,355.584905860092
9,672,448.751722967958
10,672,321.76277163263
11,672,406.143561449426
12,672,542.351577407665
13,672,371.386095924062
14,672,325.990117217565
15,672,353.861124748651
16,672,361.105122395131
17,672,433.679420009023
18,672,364.575741326879
1,673,292.476043103862
2,673,350.213316227227
3,673,317.28160827213
4,673,336.47404030046
5,673,440.361410532076
6,673,472.080235194321
7,673,429.390110075248
8,673,367.900331753046
9,673,265.77080512636
10,673,292.731202410898
11,673,421.248881224127
12,673,344.534711718706
13,673,368.910686604995
14,673,449.402137386547
15,673,490.723037176103
16,673,440.729121405181
17,673,364.668268537025
18,673,453.154999182902
1,674,306.532687959155
2,674,438.995262811593
3,674,381.353950832393
4,674,435.343540626345
5,674,379.577464420245
6,674,336.804777093175
7,674,309.387578029422
8,674,391.108452957232
9,674,393.191552280984
10,674,296.637088149667
11,674,463.543638401797
12,674,347.805843063949
13,674,325.609029596309
14,674,385.135303544034
15,674,300.961616065485
16,674,442.686783558256
17,674,321.74798321199
18,674,477.693938837939
1,675,327.215098157172
2,675,324.960865269639
3,675,412.759155024307
4,675,281.363009122555
5,675,319.156437262338
6,675,487.171070663894
7,675,516.324306542142
8,675,411.599334922146
9,675,403.980212869857
10,675,383.89509569785
11,675,278.87987285601
12,675,510.582278990547
13,675,283.264583556139
14,675,322.96008775964
15,675,311.487269990465
16,675,256.898963304463
17,675,337.996895776278
18,675,394.499337569076
1,676,399.851270753519
2,676,356.556169214306
3,676,307.252873380674
4,676,421.348151738004
5,676,453.907562440331
6,676,316.655328662504
7,676,358.358010916748
8,676,411.30875510244
9,676,376.260548199147
10,676,428.261172838963
11,676,250.746454626133
12,676,435.46135485829
13,676,384.236472696759
14,676,380.250131335151
15,676,406.012769997181
16,676,303.642807113819
17,676,291.700010728077
18,676,436.51154417495
1,677,390.587971254981
2,677,268.457594146093
3,677,335.164707697895
4,677,532.289487826157
5,677,487.819265925435
6,677,429.755241619957
7,677,300.617187205598
8,677,450.346861163881
9,677,223.450424476624
10,677,422.211072054985
11,677,524.087837976737
12,677,423.47764447501
13,677,419.079047174116
14,677,322.887969336921
15,677,461.053571076957
16,677,419.891371157537
17,677,418.209680548015
18,677,435.65454772991
1,678,397.268590730294
2,678,399.518329117709
3,678,358.754775759122
4,678,462.01151369658
5,678,339.639539864335
6,678,238.724434821754
7,678,321.391187712537
8,678,552.250660688916
9,678,353.827830889519
10,678,276.474089971942
11,678,322.996079985856
12,678,347.092651449963
13,678,279.984301392537
14,678,377.884828261975
15,678,424.08568905564
16,678,367.218391201255
17,678,404.529971461853
18,678,289.554148893918
1,679,387.022827084444
2,679,481.634625548853
3,679,498.963527996137
4,679,472.137255338501
5,679,423.59708748075
6,679,268.445915145043
7,679,360.197199315465
8,679,223.232957850756
9,679,413.819724949092
10,679,387.093603530859
11,679,409.3643453659
12,679,306.754157294718
13,679,396.75590858104
14,679,525.92204274681
15,679,315.003387391781
16,679,279.801030688865
17,679,362.41211631335
18,679,395.791496178003
1,680,380.543307319692
2,680,467.954862249865
3,680,522.42432400735
4,680,320.872221782468
5,680,389.569351924598
6,680,318.181545182391
7,680,414.82471634896
8,680,406.203561246521
9,680,434.603000234344
10,680,244.047925144784
11,680,355.026378757047
12,680,356.701120465687
13,680,303.480335969529
14,680,320.773839180137
15,680,362.340763585445
16,680,256.581981801387
17,680,303.509101513151
18,680,300.056324259688
1,681,410.679779788768
2,681,347.484681496533
3,681,398.416943114503
4,681,401.601092714959
5,681,371.530033056407
6,681,411.977502022764
7,681,361.591087156963
8,681,315.705968645078
9,681,411.16605694473
10,681,352.73688737181
11,681,290.018838103227
12,681,443.514758322585
13,681,472.244442305639
14,681,347.904179334366
15,681,524.338577120205
16,681,382.442920205356
17,681,402.734892806723
18,681,308.919297047552
1,682,538.690798268561
2,682,390.166897948341
3,682,303.591665289148
4,682,414.711145856952
5,682,289.7157149576
6,682,477.502519924795
7,682,220.167594497759
8,682,301.156873716607
9,682,361.789320817442
10,682,394.418825236235
11,682,411.752983339713
12,682,307.742577118653
13,682,464.075523378331
14,682,470.919374642844
15,682,388.782913435173
16,682,325.693797564379
17,682,474.413875973052
18,682,318.474150284398
1,683,508.903109235987
2,683,439.358769917926
3,683,287.111977976239
4,683,311.114434299213
5,683,426.640926582206
6,683,411.321800267092
7,683,304.624595491533
8,683,319.742087505569
9,683,359.75779287726
10,683,453.098501752333
11,683,478.638264439577
12,683,430.252147012451
13,683,259.355552888682
14,683,265.383107685074
15,683,548.330532385738
16,683,379.977600126416
17,683,439.549031446068
18,683,280.465352634785
1,684,474.432491293655
2,684,326.448311218208
3,684,383.382582738881
4,684,422.010678413065
5,684,256.53144392986
6,684,398.708920745354
7,684,439.987997948617
8,684,400.724757882874
9,684,302.354011887687
10,684,365.74729413819
11,684,379.296595949206
12,684,318.469603329687
13,684,323.657258316727
14,684,476.337908694639
15,684,359.167662731762
16,684,307.414460866547
17,684,317.332813791944
18,684,341.396444554728
1,685,521.495840616426
2,685,302.64617168798
3,685,283.058213880849
4,685,298.399777749287
5,685,378.06315762389
6,685,441.176739622407
7,685,486.295387506912
8,685,405.11771333295
9,685,337.157366520417
10,685,399.958236846832
11,685,353.987175609073
12,685,381.857388456104
13,685,385.823164056098
14,685,240.48896968968
15,685,419.364630972577
16,685,351.937912047759
17,685,458.502549484427
18,685,467.208414377167
1,686,367.544023323807
2,686,318.342460442085
3,686,316.557774255352
4,686,302.42622705113
5,686,263.659737320098
6,686,333.780969918939
7,686,323.74830804634
8,686,368.996965722898
9,686,354.654912630202
10,686,504.67742187122
11,686,516.664283326608
12,686,449.486997745576
13,686,343.951963687913
14,686,309.51507028309
15,686,515.705740262847
16,686,245.790249433508
17,686,321.974414042426
18,686,369.596838624864
1,687,310.978806091271
2,687,380.998651756113
3,687,453.208783854826
4,687,300.398554194355
5,687,272.897393637978
6,687,327.510586494163
7,687,413.645882826919
8,687,386.962590849834
9,687,404.941853020139
10,687,498.970816407862
11,687,367.386403591863
12,687,344.207019398731
13,687,425.332660720193
14,687,550.43534248505
15,687,320.291173945663
16,687,325.810802817565
17,687,333.969552704485
18,687,300.213660912437
1,688,357.100567229971
2,688,437.205563389577
3,688,361.247805454856
4,688,345.39450501573
5,688,431.758385440496
6,688,420.47377693404
7,688,312.745406491013
8,688,410.804008629427
9,688,352.400217270192
10,688,280.477556256846
11,688,271.293627319192
12,688,315.15647500381
13,688,302.68214063062
14,688,404.061570432688
15,688,254.38778750303
16,688,393.045380800843
17,688,380.545953692508
18,688,373.798184014461
1,689,327.384536664316
2,689,354.129790382323
3,689,250.781391858829
4,689,400.470409843919
5,689,268.961646648761
6,689,378.179498548143
7,689,423.087622138287
8,689,236.496771241023
9,689,505.540680626537
10,689,325.050564214334
11,689,303.402565121173
12,689,364.605668937991
13,689,336.221243427122
14,689,562.41201281546
15,689,524.283400640853
16,689,402.949602946074
17,689,349.144684169265
18,689,284.576445617322
1,690,457.282984926963
2,690,469.860310454033
3,690,272.858671964614
4,690,454.202772143433
5,690,303.415302719054
6,690,291.985265366218
7,690,418.533171304623
8,690,254.709223434097
9,690,467.080720284012
10,690,389.001124516546
11,690,260.593674818667
12,690,275.042685705002
13,690,378.185618477574
14,690,394.830756849702
15,690,282.85216936883
16,690,256.772141878992
17,690,421.572152156108
18,690,324.391283191427
1,691,388.547134514171
2,691,314.594276574262
3,691,342.110701340127
4,691,323.320296638399
5,691,398.061881091503
6,691,399.068991483941
7,691,438.976893206289
8,691,362.770343757447
9,691,433.132900221284
10,691,345.66346531189
11,691,280.316336619089
12,691,309.845906220912
13,691,406.056499425378
14,691,416.634729776298
15,691,507.982727765698
16,691,345.462963566323
17,691,424.080994607436
18,691,517.853037939794
1,692,386.3586802193
2,692,436.329527962384
3,692,286.804028884441
4,692,558.279653045963
5,692,316.187154277501
6,692,347.793746921102
7,692,461.575783589098
8,692,482.801099147766
9,692,532.15705694744
10,692,368.665077913466
11,692,377.056765656058
12,692,247.164692721674
13,692,329.121965961682
14,692,292.12785983608
15,692,442.707531705068
16,692,463.996711408712
17,692,390.496492122742
18,692,472.3343000356
1,693,358.142619870507
2,693,333.55009414687
3,693,413.687521178158
4,693,346.284162575129
5,693,363.793548704594
6,693,315.322656254929
7,693,294.370655778279
8,693,446.294582361218
9,693,384.105015492152
10,693,326.359912596564
11,693,456.034217063572
12,693,392.052059510035
13,693,339.845389598793
14,693,400.444513216525
15,693,413.291538473033
16,693,407.492272610702
17,693,392.989166139151
18,693,201.838846892759
1,694,318.569605649248
2,694,283.826548172808
3,694,401.76552850745
4,694,478.481936884179
5,694,307.911674355242
6,694,326.772004982789
7,694,405.650593870303
8,694,350.513870670996
9,694,316.329822775737
10,694,515.054332728444
11,694,280.732939686754
12,694,328.463340831436
13,694,252.889575382517
14,694,288.237921725847
15,694,333.709127397325
16,694,277.363420145313
17,694,382.130877894222
18,694,431.962357714312
1,695,354.978504959597
2,695,441.499070979746
3,695,332.296994350554
4,695,537.843833698111
5,695,395.344940391793
6,695,441.960291442606
7,695,549.978031130642
8,695,421.871362164236
9,695,485.696653422932
10,695,365.655661229742
11,695,426.346594947285
12,695,326.57508452791
13,695,507.117067165502
14,695,485.40852546766
15,695,306.821307912992
16,695,368.809758581508
17,695,463.589955580057
18,695,512.382373906797
1,696,244.522106554082
2,696,342.942574100732
3,696,360.70087570228
4,696,482.610886980851
5,696,523.454657106208
6,696,369.745333541149
7,696,254.334797308305
8,696,402.564903851776
9,696,280.292065084535
10,696,294.902631041381
11,696,333.232432445473
12,696,268.976296018833
13,696,257.470202274199
14,696,339.135765888133
15,696,322.116506271237
16,696,327.225293392296
17,696,213.761930487884
18,696,504.594780861253
1,697,387.92425128322
2,697,445.036157898145
3,697,280.682162379944
4,697,320.005585926239
5,697,225.210263658983
6,697,376.92256308112
7,697,399.486543257541
8,697,398.706500360496
9,697,435.989369117091
10,697,302.010791388701
11,697,415.089889930385
12,697,323.452538393022
13,697,370.188083009595
14,697,290.333882474842
15,697,409.897388422911
16,697,404.158143039851
17,697,386.74291064151
18,697,313.787521953763
1,698,348.54516095391
2,698,316.324875800063
3,698,576.705256287068
4,698,240.784678993952
5,698,428.693076093377
6,698,345.963691007643
7,698,242.343728778323
8,698,540.168409855166
9,698,336.694516306015
10,698,469.982821606624
11,698,344.023147164027
12,698,278.551659615192
13,698,419.926835394401
14,698,304.638906001768
15,698,366.051342174896
16,698,279.454260608503
17,698,501.072464145748
18,698,404.820401843381
1,699,376.239187610948
2,699,381.040347401585
3,699,395.434274035689
4,699,285.740263644584
5,699,260.140672040693
6,699,311.90097829973
7,699,553.782620074203
8,699,275.668654964921
9,699,368.906959511653
10,699,483.189264451497
11,699,469.259297450069
12,699,443.36506821034
13,699,447.875460394117
14,699,388.907974181022
15,699,306.153231885572
16,699,250.619675303748
17,699,247.409709482256
18,699,331.310676073243
1,700,338.750275180621
2,700,263.335741925603
3,700,374.31401844604
4,700,336.417414587544
5,700,318.697467838574
6,700,465.07669949747
7,700,323.836413450787
8,700,435.171200762709
9,700,417.641658312767
10,700,302.123766524715
11,700,278.566876423853
12,700,366.830583661414
13,700,388.459873734329
14,700,396.709792066098
15,700,272.237579563197
16,700,263.956553352071
17,700,266.788362302032
18,700,352.034000153229
1,701,363.581787177342
2,701,327.073288568482
3,701,454.960615513251
4,701,312.614988547621
5,701,435.849586565652
6,701,397.667955295703
7,701,357.87263314388
8,701,352.540127710694
9,701,246.354700088209
10,701,445.539471124576
11,701,471.183083830422
12,701,434.083408756686
13,701,329.536134262468
14,701,357.321829627738
15,701,355.773683181561
16,701,492.385802146791
17,701,480.344856747072
18,701,285.221746324686
1,702,316.933728714874
2,702,318.307908044623
3,702,421.060199639486
4,702,461.091277064762
5,702,228.243747435284
6,702,314.122121509668
7,702,280.9917568699
8,702,437.451492479725
9,702,447.451987452347
10,702,338.020056679393
11,702,464.245716458655
12,702,441.400337813622
13,702,425.938902964572
14,702,380.954039239926
15,702,437.762140663248
16,702,333.952294229247
17,702,341.167817705046
18,702,347.167992180894
1,703,454.589927410049
2,703,417.243533440296
3,703,493.166176700249
4,703,444.919802023986
5,703,497.940143751747
6,703,238.30962216995
7,703,354.886923902397
8,703,325.903493815286
9,703,544.037850835057
10,703,369.634517872475
11,703,348.176391231723
12,703,363.715220005708
13,703,287.287022070959
14,703,351.371397143233
15,703,415.138938503782
16,703,274.487272027355
17,703,288.229365570082
18,703,300.311246623567
1,704,523.883439591407
2,704,398.302033117399
3,704,324.256351924702
4,704,527.634003720776
5,704,289.375849529163
6,704,359.511864722976
7,704,391.412522656113
8,704,336.65330461428
9,704,508.040860796109
10,704,354.472089149151
11,704,336.955754445808
12,704,322.455661913668
13,704,302.267046304836
14,704,308.357783469445
15,704,303.515289310255
16,704,340.385282006401
17,704,329.352280681391
18,704,319.743020578483
1,705,300.078184296597
2,705,476.67938919258
3,705,415.861530899766
4,705,506.004425454891
5,705,368.567399900275
6,705,433.760873697222
7,705,331.726909233657
8,705,348.58101996487
9,705,369.00828741528
10,705,229.762993172802
11,705,431.975491000495
12,705,352.688335279159
13,705,213.380415739366
14,705,311.030303233835
15,705,429.627422043096
16,705,318.113024570625
17,705,401.269647876448
18,705,297.692034890696
1,706,483.424170312544
2,706,338.403864439175
3,706,456.186878254761
4,706,500.730152789088
5,706,269.136514132796
6,706,450.572968408413
7,706,361.883691491495
8,706,495.524896043761
9,706,424.847845189301
10,706,344.551721283107
11,706,404.235601831594
12,706,313.894997764989
13,706,325.639443451029
14,706,492.731993718665
15,706,376.687365545731
16,706,503.309813266883
17,706,363.300993300162
18,706,340.267130623004
1,707,437.119905696781
2,707,410.404389803527
3,707,368.385938054214
4,707,214.612085397482
5,707,492.031505957664
6,707,385.657627772159
7,707,334.878721803072
8,707,538.03820077559
9,707,483.370479427808
10,707,406.764414679396
11,707,294.228476567009
12,707,417.329936720299
13,707,315.636825404499
14,707,317.378353051016
15,707,303.064338718036
16,707,493.557039563703
17,707,427.429625043923
18,707,264.412432357378
1,708,446.021549465751
2,708,366.487878495009
3,708,501.937283663233
4,708,347.420812682774
5,708,269.489550434689
6,708,464.210293545292
7,708,334.617550398864
8,708,444.638426354642
9,708,256.002486070812
10,708,342.091535680622
11,708,374.765621026396
12,708,393.351839230719
13,708,333.646288344757
14,708,512.322353376133
15,708,334.109972926248
16,708,459.003651243969
17,708,347.847803253153
18,708,376.348942470447
1,709,412.340631428581
2,709,537.065861611494
3,709,372.223864892794
4,709,432.604316251919
5,709,354.808121341568
6,709,285.482687442127
7,709,393.184651182845
8,709,451.706947136092
9,709,361.88475007327
10,709,313.226298945601
11,709,386.115323507076
12,709,323.648551403303
13,709,335.890175484168
14,709,398.799300501617
15,709,332.982557318207
16,709,491.745919485475
17,709,347.555668431121
18,709,356.383201515943
1,710,446.037920942663
2,710,333.82422925531
3,710,322.85092241647
4,710,301.846895802739
5,710,275.254148616252
6,710,340.400229669394
7,710,438.882307248995
8,710,278.877151520708
9,710,385.000882279298
10,710,310.801660904705
11,710,397.877629385398
12,710,196.792735612393
13,710,442.380889140576
14,710,397.33479000887
15,710,437.359953155765
16,710,348.670440205488
17,710,423.650364790064
18,710,501.104026637432
1,711,255.895504417368
2,711,418.089133053633
3,711,281.492848640347
4,711,367.957300923687
5,711,359.189101711124
6,711,296.08802857807
7,711,341.306619984078
8,711,494.316051681712
9,711,389.176837162035
10,711,307.096379261875
11,711,372.939821426451
12,711,432.581653899138
13,711,484.527661127689
14,711,337.102494481566
15,711,407.518680734861
16,711,288.23773369812
17,711,427.380978024714
18,711,273.73912020448
1,712,256.391389965562
2,712,465.936159988364
3,712,328.26882640609
4,712,382.201785609154
5,712,454.573823017148
6,712,440.313491940917
7,712,295.9604630972
8,712,387.809048832151
9,712,403.195980614936
10,712,415.591267694674
11,712,284.957424457933
12,712,367.921210845803
13,712,331.114328854129
14,712,277.88425695154
15,712,413.357776318102
16,712,299.952605439588
17,712,336.455671960154
18,712,304.141879269748
1,713,466.977414580542
2,713,270.045055055342
3,713,468.889553362305
4,713,295.915830440895
5,713,332.175091089069
6,713,500.972089758876
7,713,317.889595032041
8,713,452.960701175117
9,713,349.509056063947
10,713,289.666410086014
11,713,390.616383334344
12,713,521.193133030105
13,713,331.616445423134
14,713,334.955982343777
15,713,451.799856044875
16,713,511.398446525871
17,713,498.449770448552
18,713,228.462185339104
1,714,498.849468754038
2,714,377.254342469386
3,714,480.238400080079
4,714,321.715045873667
5,714,199.910692553129
6,714,464.519603666456
7,714,419.877762599886
8,714,432.107452827635
9,714,488.379780974922
10,714,243.178621634849
11,714,551.834938068782
12,714,412.917709424144
13,714,434.166235898956
14,714,376.415262809293
15,714,279.4336947547
16,714,387.412712775221
17,714,429.898807335496
18,714,455.356223346364
1,715,358.270341828139
2,715,456.197947750126
3,715,445.132378069584
4,715,548.346387719703
5,715,385.411202992548
6,715,455.561389622278
7,715,417.259529270418
8,715,260.132681159877
9,715,239.412372646036
10,715,466.276849961819
11,715,464.936251824636
12,715,395.140061938661
13,715,368.182497154154
14,715,502.693366838724
15,715,500.262935808129
16,715,333.898215991921
17,715,352.593775398638
18,715,307.957815930951
1,716,322.098747413716
2,716,332.696289469418
3,716,470.818693185895
4,716,341.39384033854
5,716,468.426146020752
6,716,443.171067313219
7,716,307.469837192459
8,716,242.197740701719
9,716,451.08228515096
10,716,216.002436781938
11,716,473.447831310211
12,716,271.990365852445
13,716,356.233711796271
14,716,391.647773127987
15,716,353.363683620742
16,716,401.707891224569
17,716,294.313122060853
18,716,413.551131234751
1,717,418.32434315391
2,717,374.483969440657
3,717,239.542651809787
4,717,452.678602461101
5,717,391.271635027628
6,717,264.029104858265
7,717,274.937488665952
8,717,333.428685678208
9,717,317.603135072044
10,717,360.735471675208
11,717,287.101467509594
12,717,384.960804340528
13,717,225.833657411925
14,717,310.529517364064
15,717,242.440079872908
16,717,500.090123752161
17,717,357.091904531803
18,717,331.117907265109
1,718,555.203562765411
2,718,317.686967556745
3,718,459.994226505048
4,718,325.219740650676
5,718,310.900702432441
6,718,396.930104018108
7,718,355.117933924354
8,718,294.275899684672
9,718,508.196315240663
10,718,275.82835658148
11,718,360.863920930532
12,718,475.039141197066
13,718,439.294016279803
14,718,361.534567601669
15,718,446.999618913559
16,718,310.716157166494
17,718,484.747186788928
18,718,438.63594406831
1,719,328.525043597799
2,719,308.760608635539
3,719,467.776639849702
4,719,361.569331892235
5,719,391.783370990518
6,719,352.834708510075
7,719,386.229481887698
8,719,364.860302762765
9,719,291.609674621242
10,719,294.683301544398
11,719,377.252359253052
12,719,260.49720424317
13,719,473.229697914675
14,719,376.680407908477
15,719,316.958306782701
16,719,558.375277862698
17,719,369.048922591691
18,719,222.873090639875
1,720,446.831122374793
2,720,528.78008832637
3,720,372.459676392441
4,720,290.86303696799
5,720,550.411151265184
6,720,458.73425811736
7,720,312.95016679039
8,720,288.594487346604
9,720,352.951114070955
10,720,479.484571526085
11,720,382.277492907426
12,720,545.056162905554
13,720,305.360118362947
14,720,538.080575253416
15,720,291.766394344572
16,720,388.346908930347
17,720,461.649153093383
18,720,308.255188564261
1,721,492.379351448237
2,721,475.077688145629
3,721,365.164565464717
4,721,430.388097548002
5,721,290.847330279279
6,721,353.265779640514
7,721,311.315461900546
8,721,458.107941950873
9,721,398.984064639096
10,721,284.454886225396
11,721,215.345900107908
12,721,542.608789578431
13,721,274.280238752698
14,721,310.580728683379
15,721,523.964495626943
16,721,418.430809868457
17,721,374.681501354024
18,721,490.451560213879
1,722,455.432190131938
2,722,434.371152661911
3,722,318.240677497965
4,722,420.354592653441
5,722,321.085467924182
6,722,306.692433778266
7,722,372.780025410139
8,722,413.748542922722
9,722,252.260338386442
10,722,326.940462772451
11,722,343.643893664505
12,722,558.95579769703
13,722,244.124511882814
14,722,270.633008904664
15,722,264.388976101601
16,722,244.708031158463
17,722,230.678674085404
18,722,341.380722120407
1,723,361.639350292234
2,723,320.229819692945
3,723,434.595142290496
4,723,388.890040214538
5,723,375.870844197661
6,723,508.542869429584
7,723,472.312882326545
8,723,442.03932993066
9,723,337.241891938784
10,723,508.562439545907
11,723,317.418999088538
12,723,383.219293228794
13,723,327.075676379925
14,723,415.54095751867
15,723,375.981221317851
16,723,337.72528681382
17,723,465.301616176351
18,723,525.225295844769
1,724,402.60340081603
2,724,316.782509368194
3,724,214.426360224514
4,724,440.674906953812
5,724,378.895731234067
6,724,513.831524681952
7,724,351.760590910667
8,724,339.134283949184
9,724,395.358525395162
10,724,353.936580954339
11,724,442.286767363368
12,724,306.058917491842
13,724,422.949712158741
14,724,446.143062583976
15,724,452.242779543331
16,724,431.365969878934
17,724,489.055005225017
18,724,467.635893320123
1,725,379.350828763231
2,725,460.258253221944
3,725,344.419115537762
4,725,363.91742086799
5,725,421.494291891857
6,725,346.984249142964
7,725,289.04814619602
8,725,359.203217982021
9,725,511.309648938829
10,725,323.916982763278
11,725,400.427712157601
12,725,235.563615721724
13,725,508.6418425794
14,725,521.717900440766
15,725,399.336750830684
16,725,482.850086825679
17,725,441.984338107361
18,725,438.107315698885
1,726,369.059640870574
2,726,304.969037070496
3,726,319.840662664008
4,726,297.256139093062
5,726,412.287282757678
6,726,466.111015895322
7,726,471.571362061247
8,726,350.535851268903
9,726,314.259259675039
10,726,399.983200301755
11,726,297.55883411222
12,726,469.454045150077
13,726,413.425056667895
14,726,421.909904199632
15,726,281.054844750513
16,726,471.437888385973
17,726,504.3731544199
18,726,486.587266749676
1,727,393.697519865303
2,727,446.992860916129
3,727,401.405504970061
4,727,356.81762735426
5,727,267.015800164934
6,727,359.343959746188
7,727,498.129858718523
8,727,383.129492865286
9,727,359.370263387046
10,727,310.426929434658
11,727,326.404807815426
12,727,351.715826510752
13,727,276.730476925144
14,727,270.644727139246
15,727,483.238245076073
16,727,344.550508825891
17,727,224.367683853912
18,727,380.874977068823
1,728,336.10062895728
2,728,383.088896810452
3,728,308.248303653696
4,728,355.658536754198
5,728,425.728338167142
6,728,435.547279237676
7,728,333.758890350402
8,728,385.170181812584
9,728,445.544935149272
10,728,357.1707224829
11,728,525.167402622363
12,728,490.755357438078
13,728,325.837722221692
14,728,324.630393501053
15,728,421.226850551411
16,728,384.452573104864
17,728,315.764115082467
18,728,504.111320432337
1,729,457.313094917594
2,729,495.525017886519
3,729,372.599259874598
4,729,419.495359248362
5,729,420.735586623966
6,729,426.456819399864
7,729,281.379797938844
8,729,309.760624267717
9,729,428.514929016331
10,729,332.500869271851
11,729,228.188166513288
12,729,293.319007060185
13,729,327.181866313252
14,729,485.672745202941
15,729,442.535888334643
16,729,334.057793741616
17,729,351.575589728727
18,729,317.143651805152
1,730,334.586063665212
2,730,326.702441056574
3,730,468.315195968217
4,730,271.088073037622
5,730,482.706069396199
6,730,452.902411486818
7,730,396.430948201051
8,730,256.143824323151
9,730,429.746160532291
10,730,357.560051172531
11,730,428.387010364083
12,730,436.771952147131
13,730,373.246890658674
14,730,259.507716134443
15,730,405.600330749508
16,730,318.48032810166
17,730,312.49748317179
18,730,384.723464362557
1,731,392.653166940608
2,731,320.488344186726
3,731,430.530308484102
4,731,477.518332785979
5,731,298.435040082005
6,731,446.950774154499
7,731,545.264936765645
8,731,416.300387975745
9,731,479.847387175051
10,731,597.378940438683
11,731,324.778455393888
12,731,416.425406513372
13,731,401.600727303086
14,731,322.735381468921
15,731,387.340004108797
16,731,253.516826527758
17,731,371.586598116951
18,731,459.431200192131
1,732,497.517477354914
2,732,482.376959286679
3,732,287.548516460577
4,732,348.292744333775
5,732,414.686268524435
6,732,417.298407794466
7,732,292.636640216417
8,732,304.229714546385
9,732,487.607700415875
10,732,314.202674071791
11,732,258.420780542329
12,732,488.285208156096
13,732,320.663959739949
14,732,447.495496469386
15,732,306.251427099131
16,732,339.55255213579
17,732,281.18369326148
18,732,295.826907842921
1,733,463.474080893321
2,733,318.169414398155
3,733,346.409683494705
4,733,356.277354753324
5,733,346.788892073399
6,733,360.056272017088
7,733,340.097049658822
8,733,411.748957495954
9,733,392.642109171396
10,733,365.780930372773
11,733,366.214550673895
12,733,399.110814899506
13,733,407.265284529203
14,733,388.497684607316
15,733,405.57395068766
16,733,349.062816248093
17,733,301.474471528998
18,733,507.941810971481
1,734,403.964380488319
2,734,343.149909669245
3,734,523.610026116975
4,734,366.041422389548
5,734,259.616629893145
6,734,518.54819929257
7,734,332.641185551592
8,734,340.358197318014
9,734,436.741360395031
10,734,358.094634305204
11,734,264.648818106493
12,734,281.150604698432
13,734,319.685551179501
14,734,250.817449439282
15,734,222.524149259853
16,734,487.964766676425
17,734,473.127144218357
18,734,395.494101352947
1,735,332.439827345424
2,735,369.722250048626
3,735,388.79542958039
4,735,446.6301018921
5,735,293.812428329813
6,735,551.979329835383
7,735,232.18003167989
8,735,341.375248472805
9,735,456.989555341254
10,735,321.972980288263
11,735,534.987981944538
12,735,421.071115461207
13,735,286.116767780916
14,735,306.376476403225
15,735,247.936231486658
16,735,370.189454626694
17,735,363.763675967028
18,735,198.353556472207
1,736,453.784485872006
2,736,450.005112087969
3,736,434.368691531125
4,736,456.647499883765
5,736,352.114710741667
6,736,259.954786046657
7,736,380.014671780638
8,736,257.765809736606
9,736,367.879310034156
10,736,437.317846083176
11,736,372.952225104366
12,736,384.707678543015
13,736,451.453225475332
14,736,341.47646073661
15,736,388.998338943315
16,736,464.908877642555
17,736,295.134119419892
18,736,233.009845756589
1,737,324.787513935129
2,737,288.916523187371
3,737,431.012301675903
4,737,419.713951005609
5,737,331.636695622963
6,737,548.402578689962
7,737,431.060606402084
8,737,332.883929444042
9,737,347.865420101124
10,737,398.777527025887
11,737,278.891922318641
12,737,311.679738343073
13,737,346.754319097799
14,737,206.429107845012
15,737,483.835429413226
16,737,269.034297505016
17,737,294.127825317095
18,737,365.471129363366
1,738,376.419078099169
2,738,278.982661413092
3,738,435.123075912169
4,738,281.363454213195
5,738,229.054669924042
6,738,356.798533231003
7,738,352.56249627227
8,738,251.663922453594
9,738,412.664345020943
10,738,338.459598246426
11,738,242.912922942604
12,738,234.447488111608
13,738,335.452722854691
14,738,502.260940524212
15,738,559.624517436389
16,738,377.908398803382
17,738,362.864193235216
18,738,375.39406474948
1,739,355.780181256147
2,739,352.500294796261
3,739,335.019779562553
4,739,320.037544591158
5,739,491.132621775084
6,739,381.673067205744
7,739,321.762439796802
8,739,353.123891112216
9,739,330.373650502833
10,739,327.681125889507
11,739,362.75973192379
12,739,349.186130495424
13,739,388.915663611214
14,739,495.26484258008
15,739,431.656656039872
16,739,384.853158956041
17,739,386.47515683267
18,739,430.640395187873
1,740,363.536089631485
2,740,259.831860146539
3,740,354.482995124729
4,740,299.712025706816
5,740,344.710319927792
6,740,417.29402981371
7,740,509.011233240684
8,740,567.112670182899
9,740,346.251771912285
10,740,377.128817527912
11,740,353.117127869301
12,740,378.107867337964
13,740,342.242893600414
14,740,321.672536460026
15,740,362.986432429295
16,740,389.637236900348
17,740,389.339504550743
18,740,430.608923885086
1,741,426.166379930487
2,741,415.214149556118
3,741,537.470983923183
4,741,350.030607046006
5,741,410.859445284071
6,741,319.792108072522
7,741,329.468763556884
8,741,354.622031357146
9,741,254.201649917417
10,741,533.305930196727
11,741,295.65496610715
12,741,512.699780876855
13,741,281.575843735266
14,741,471.086424030472
15,741,487.024965537293
16,741,271.011088105617
17,741,504.978411035707
18,741,282.849081150292
1,742,272.435050934523
2,742,339.106249123173
3,742,378.578439642009
4,742,294.193749696353
5,742,296.069993940977
6,742,350.681726935626
7,742,250.292903995256
8,742,470.981305322362
9,742,311.236204497733
10,742,363.527548462173
11,742,363.37586968452
12,742,361.409986521472
13,742,366.192462507827
14,742,418.120399103388
15,742,264.23384201834
16,742,309.314512879262
17,742,390.78209027166
18,742,446.335623251748
1,743,433.136863754221
2,743,251.460067279536
3,743,517.466010583419
4,743,354.504448589012
5,743,360.476245726224
6,743,433.439981101612
7,743,406.478356273383
8,743,383.062319599138
9,743,286.93329784934
10,743,410.797004731269
11,743,464.11940046486
12,743,585.709071225816
13,743,504.486993422653
14,743,467.931573613058
15,743,336.800601319935
16,743,322.908083566639
17,743,400.742866451498
18,743,527.64242524861
1,744,318.50012436997
2,744,292.815955985538
3,744,491.504014921146
4,744,540.946540598878
5,744,381.095290545186
6,744,426.392851310612
7,744,373.993832120289
8,744,511.021112657907
9,744,371.93713982367
10,744,262.418799558792
11,744,261.466475529652
12,744,337.196681948779
13,744,375.369116585397
14,744,433.827595770849
15,744,292.693129412519
16,744,364.525913556984
17,744,409.790487134055
18,744,413.829616081753
1,745,333.27204783105
2,745,346.435406941984
3,745,324.310903426811
4,745,304.782466548652
5,745,435.171678978411
6,745,338.608981728865
7,745,227.185287134549
8,745,359.798399059799
9,745,282.71303968521
10,745,393.777490463254
11,745,302.793574283743
12,745,321.034925310616
13,745,396.852409682616
14,745,457.931406746304
15,745,393.957305324402
16,745,326.659674378002
17,745,314.068887474048
18,745,278.562931512175
1,746,482.557156517147
2,746,299.509458303416
3,746,418.107499921181
4,746,389.110945079746
5,746,450.665726112791
6,746,265.023658456145
7,746,435.555256247002
8,746,335.468606266287
9,746,370.942908001924
10,746,338.280741729963
11,746,274.117877820464
12,746,360.650227357563
13,746,361.406505834352
14,746,431.068200336124
15,746,419.605990319519
16,746,336.033361572451
17,746,377.702788035077
18,746,442.260726915019
1,747,348.915867333243
2,747,421.631967173561
3,747,405.396989274905
4,747,462.573462434562
5,747,270.480141609384
6,747,376.129440540705
7,747,244.339600881603
8,747,301.687550227174
9,747,490.941937904914
10,747,422.482835852531
11,747,505.425141210151
12,747,300.442252609335
13,747,496.774712987284
14,747,519.13674912238
15,747,311.250424209921
16,747,367.171498533829
17,747,433.638649499382
18,747,461.461704300296
1,748,516.028760350168
2,748,419.307432796228
3,748,319.324799393771
4,748,374.851469942512
5,748,233.322186639635
6,748,359.297487872347
7,748,466.067009747151
8,748,500.842661330725
9,748,425.202757646577
10,748,440.63741899982
11,748,318.872132624179
12,748,409.538165551292
13,748,484.623251219573
14,748,471.242891091134
15,748,420.934375525019
16,748,396.760579568463
17,748,343.088577759663
18,748,422.324362920109
1,749,474.893583299441
2,749,357.841082970117
3,749,333.469138838927
4,749,208.407500248514
5,749,453.288007413023
6,749,498.098269575775
7,749,316.195425142992
8,749,570.228369768904
9,749,366.938765135787
10,749,320.022273099238
11,749,464.745824851018
12,749,381.795334293482
13,749,328.26559097932
14,749,413.663616679776
15,749,393.926699306858
16,749,319.299863976083
17,749,294.763313681168
18,749,414.857825218212
1,750,416.347788222005
2,750,371.419636990314
3,750,384.089758685112
4,750,345.128124509229
5,750,354.217535340953
6,750,418.547821061071
7,750,421.898441093057
8,750,470.504163630512
9,750,328.664031977723
10,750,424.400037145571
11,750,245.225408630196
12,750,378.677472970886
13,750,372.739994073433
14,750,400.069471231574
15,750,383.73715300956
16,750,437.590798513939
17,750,297.133422938917
18,750,276.043194423362
1,751,385.057736968289
2,751,426.893944605962
3,751,345.902697022987
4,751,442.388830339969
5,751,384.812562328551
6,751,609.007545170811
7,751,551.09249275997
8,751,412.233933349331
9,751,401.954782698565
10,751,321.661721376015
11,751,361.123140976213
12,751,402.622376128059
13,751,368.608168756644
14,751,485.887417621005
15,751,247.433542783142
16,751,392.518892440762
17,751,272.237846753217
18,751,280.240388323779
1,752,416.479657459166
2,752,434.693482226902
3,752,453.927882039093
4,752,403.137353337137
5,752,359.055027898565
6,752,404.527346097731
7,752,291.97555939162
8,752,532.97943269736
9,752,458.902277106877
10,752,525.25281851219
11,752,412.241219738343
12,752,368.9682262807
13,752,465.635990044125
14,752,451.046741509949
15,752,338.084201731237
16,752,469.196886105704
17,752,241.752144684734
18,752,288.595070527959
1,753,242.689610227676
2,753,289.1166057456
3,753,568.82271291319
4,753,509.342439986697
5,753,273.643456573052
6,753,300.553431766475
7,753,365.963684432712
8,753,341.79365608077
9,753,303.984773049756
10,753,397.872660471322
11,753,358.657558323015
12,753,509.024733715808
13,753,526.13444135244
14,753,382.19463997693
15,753,503.320649960405
16,753,275.462823254752
17,753,467.121451718418
18,753,341.609712487892
1,754,481.149371529681
2,754,334.214355299157
3,754,370.216810565291
4,754,293.274036653993
5,754,285.881305572434
6,754,454.554245338849
7,754,358.873242591252
8,754,465.957549315737
9,754,363.671334465525
10,754,354.22013475361
11,754,350.352870608305
12,754,331.574161057925
13,754,367.258621004699
14,754,321.155343420516
15,754,372.089971388538
16,754,336.58837927813
17,754,482.782002216452
18,754,355.222131196648
1,755,375.685754843468
2,755,479.819687320674
3,755,312.493956087311
4,755,301.563637431819
5,755,447.546736962462
6,755,256.809958111768
7,755,370.098153043323
8,755,374.361267527865
9,755,445.839953814634
10,755,362.156319136569
11,755,390.083441699051
12,755,452.061635966128
13,755,394.002296167123
14,755,564.252054165309
15,755,401.622708613187
16,755,335.319538941845
17,755,476.58570625981
18,755,377.725168514898
1,756,356.977925470534
2,756,541.422528435246
3,756,379.895344283745
4,756,352.861234539981
5,756,303.924464870275
6,756,320.172537269607
7,756,345.561216516907
8,756,384.392602227211
9,756,232.208754885948
10,756,313.627026147885
11,756,329.393325929019
12,756,433.810989054389
13,756,391.439227178482
14,756,328.797704714586
15,756,366.999708234743
16,756,250.021119176143
17,756,573.54703301118
18,756,250.310832266516
1,757,286.624204378046
2,757,484.509829928938
3,757,228.29367159742
4,757,340.70354829716
5,757,508.153998427458
6,757,381.996986230406
7,757,334.455471579689
8,757,370.054927844247
9,757,315.783956990741
10,757,364.10564056046
11,757,441.225722016665
12,757,351.535542742347
13,757,495.864225070169
14,757,528.7433389773
15,757,372.199152075181
16,757,220.545576783845
17,757,316.858058377996
18,757,275.481197118293
1,758,299.380335069591
2,758,312.211261302689
3,758,455.662654337628
4,758,487.052813991842
5,758,259.944206287762
6,758,379.672914429968
7,758,358.112038814159
8,758,483.335331811266
9,758,269.992595644466
10,758,294.589660735781
11,758,422.399711658629
12,758,286.177961507694
13,758,421.344104481441
14,758,438.685029787595
15,758,428.319863712012
16,758,406.781157340939
17,758,334.67646358561
18,758,337.21442847916
1,759,375.846156465703
2,759,339.918077303977
3,759,322.384205954927
4,759,308.113270503163
5,759,357.252366225781
6,759,256.09102831472
7,759,490.841537633641
8,759,327.920991048035
9,759,364.588190395438
10,759,428.359510220752
11,759,317.177546184935
12,759,565.401355116793
13,759,280.945593027004
14,759,504.943945126211
15,759,364.244953696744
16,759,399.604397002897
17,759,301.198031204217
18,759,337.819378454759
1,760,359.482360477809
2,760,296.119138632048
3,760,377.059716651278
4,760,315.499628869963
5,760,381.264684469334
6,760,399.791364951374
7,760,245.68528220821
8,760,457.935747653117
9,760,327.805809641303
10,760,397.026037360341
11,760,341.17802262395
12,760,407.404277419703
13,760,411.887833405116
14,760,311.834897371067
15,760,479.670899408746
16,760,295.666032479199
17,760,396.607385551338
18,760,351.408255383711
1,761,304.29861366374
2,761,460.255514319064
3,761,328.977476978777
4,761,493.119153448756
5,761,482.310666720821
6,761,468.474273420169
7,761,340.223732607449
8,761,292.797285202029
9,761,278.863707713391
10,761,253.114560521428
11,761,470.41768493908
12,761,400.682660931262
13,761,252.669536060909
14,761,546.930194234393
15,761,282.828191986426
16,761,423.839667230496
17,761,504.967847507614
18,761,395.773269657074
1,762,278.71128387265
2,762,318.452813939903
3,762,366.30863774112
4,762,329.01374287361
5,762,355.813680922109
6,762,235.498710509594
7,762,469.495156061343
8,762,386.27221329628
9,762,290.801789351737
10,762,345.466454882056
11,762,334.736176277506
12,762,413.205408647057
13,762,301.736255195557
14,762,343.333883852118
15,762,538.893815570218
16,762,393.843202559398
17,762,245.565819209673
18,762,418.640119586666
1,763,250.533585349273
2,763,413.414356121921
3,763,308.88940775737
4,763,303.579892835684
5,763,468.442802102792
6,763,318.634258791798
7,763,318.126244515917
8,763,356.834932600875
9,763,494.23387971008
10,763,291.798537761416
11,763,333.048142535584
12,763,451.122854256955
13,763,285.066002673738
14,763,363.707323370723
15,763,400.679356438463
16,763,330.294530368785
17,763,400.007442855914
18,763,458.874194731452
1,764,477.443885377601
2,764,458.317840392935
3,764,451.950366917208
4,764,294.047887834771
5,764,354.177912188859
6,764,490.723910112296
7,764,357.618901852291
8,764,511.414219994484
9,764,259.891393368741
10,764,264.41344596158
11,764,550.378239064559
12,764,540.015369929079
13,764,375.794059831127
14,764,509.639199280985
15,764,312.374301020136
16,764,412.508672056244
17,764,309.047783914931
18,764,349.912160155575
1,765,196.178838414349
2,765,390.645407546287
3,765,322.08441974954
4,765,328.389105621249
5,765,372.380427718061
6,765,343.910076468223
7,765,367.51215368913
8,765,280.768090843232
9,765,328.681389240532
10,765,457.262213050433
11,765,456.509041431296
12,765,374.426842610133
13,765,385.282040010117
14,765,273.429591394889
15,765,433.30254834569
16,765,331.961067339061
17,765,569.64139505603
18,765,436.970158080264
1,766,285.48443016474
2,766,412.87338938308
3,766,425.825743286781
4,766,314.2038402328
5,766,478.333991143909
6,766,473.963622657927
7,766,304.813309529378
8,766,351.146419560353
9,766,219.68558758457
10,766,293.712022372437
11,766,421.565718639367
12,766,263.822486189591
13,766,409.118739288085
14,766,374.661533933872
15,766,396.367435200286
16,766,364.267835070029
17,766,340.606697808282
18,766,371.720837378038
1,767,273.80653036533
2,767,460.031884711924
3,767,231.712206586941
4,767,382.44770277079
5,767,307.978181477366
6,767,495.430749778905
7,767,318.833833135163
8,767,366.457936168225
9,767,323.146780241352
10,767,373.942018235794
11,767,337.339705018686
12,767,455.659382812212
13,767,559.566200648598
14,767,365.167214229007
15,767,316.753399977817
16,767,295.463874133608
17,767,278.922493294892
18,767,389.116592943816
1,768,378.506704955908
2,768,380.070268144047
3,768,390.889303235777
4,768,385.584221607985
5,768,412.792155310935
6,768,400.752610156731
7,768,379.813296411447
8,768,259.270409683504
9,768,458.323364402198
10,768,300.103373881068
11,768,316.018385947761
12,768,301.52136161654
13,768,372.617223983716
14,768,510.727098358661
15,768,379.14567227118
16,768,361.957013926288
17,768,305.030671553364
18,768,397.991797958561
1,769,376.679718916435
2,769,254.816393413538
3,769,464.221638982382
4,769,344.362135105557
5,769,285.775093506008
6,769,240.558657280751
7,769,341.974506837799
8,769,281.859660478552
9,769,303.434011908273
10,769,404.631646444276
11,769,376.078017128618
12,769,278.291340080409
13,769,297.833991684221
14,769,331.027390634338
15,769,367.21549522522
16,769,357.282665042889
17,769,372.448515471669
18,769,477.773564906927
1,770,432.641925733302
2,770,279.301310299167
3,770,353.277599765305
4,770,437.644564401031
5,770,365.74359216937
6,770,412.021381135378
7,770,357.044522086522
8,770,419.03056875888
9,770,310.544092964687
10,770,453.889687234988
11,770,388.923932991088
12,770,341.359394705002
13,770,473.564291986031
14,770,448.220890743476
15,770,249.33854698356
16,770,394.66416285907
17,770,468.916984124048
18,770,445.992521020237
1,771,285.950753770877
2,771,428.561438669082
3,771,290.279794852821
4,771,586.843471800896
5,771,393.455899892682
6,771,347.354325139697
7,771,319.833486905346
8,771,385.94741503737
9,771,320.127944362845
10,771,327.937935520188
11,771,331.964424499394
12,771,323.762099201682
13,771,358.129253043637
14,771,276.365848621289
15,771,349.309003501547
16,771,514.690928224005
17,771,536.451788308061
18,771,358.126490566777
1,772,405.079586100605
2,772,300.985527816449
3,772,289.302853138224
4,772,413.241138318878
5,772,302.499000611347
6,772,384.144529091648
7,772,438.600265425564
8,772,408.577871868258
9,772,384.582880658846
10,772,434.173371642547
11,772,289.312865086144
12,772,407.85879654755
13,772,492.335091235323
14,772,423.627521475463
15,772,442.772319482168
16,772,333.137695898189
17,772,336.982888201448
18,772,371.101382541063
1,773,468.388608729777
2,773,485.770969029853
3,773,378.829609704868
4,773,445.559211681303
5,773,339.166978331353
6,773,451.745294501764
7,773,340.617276246165
8,773,340.076324957949
9,773,299.015478610402
10,773,356.604313607112
11,773,365.9804413204
12,773,336.813176828938
13,773,414.931975048279
14,773,312.004274609749
15,773,352.441250575625
16,773,412.178982718467
17,773,363.565504542356
18,773,445.084772602751
1,774,414.13499331779
2,774,280.512592140322
3,774,435.760489563869
4,774,332.56037424641
5,774,381.426053666307
6,774,416.807530296119
7,774,379.547044324847
8,774,242.914225094804
9,774,347.768777699869
10,774,280.907545687319
11,774,533.272215418793
12,774,479.389899411119
13,774,492.882992210713
14,774,450.270881214709
15,774,267.574394331649
16,774,296.545494786103
17,774,246.326370305778
18,774,325.406186217278
1,775,356.807238102443
2,775,437.640503918615
3,775,461.393092462771
4,775,298.240563635498
5,775,270.286435996627
6,775,309.65356801285
7,775,391.697930024986
8,775,401.286063725414
9,775,402.741253498538
10,775,410.605660318782
11,775,360.829509272653
12,775,572.437739432431
13,775,383.887780070987
14,775,468.598189874286
15,775,254.738872170898
16,775,528.693742511975
17,775,270.346004271502
18,775,441.228762693644
1,776,269.089827505252
2,776,357.250829330761
3,776,437.999593783381
4,776,292.523152096549
5,776,313.578728078661
6,776,311.842326012992
7,776,304.547649768894
8,776,464.333792216679
9,776,338.498345455511
10,776,508.217840659716
11,776,401.204204308041
12,776,420.051286696741
13,776,429.033231385076
14,776,281.568231510435
15,776,338.659371876352
16,776,432.210471740315
17,776,355.907717663852
18,776,436.646474266095
1,777,289.642101590177
2,777,458.134531264908
3,777,401.976058079669
4,777,326.2600231622
5,777,409.161545868898
6,777,404.386693465242
7,777,310.421024452901
8,777,342.589204211925
9,777,431.14666601399
10,777,487.836799853483
11,777,280.321001129344
12,777,442.696347127113
13,777,312.794620529088
14,777,357.219979550643
15,777,400.946140642928
16,777,450.140602946396
17,777,394.521692687429
18,777,490.159474210596
1,778,310.35151190915
2,778,346.287187863539
3,778,315.919814585156
4,778,391.28848229565
5,778,506.727851962015
6,778,280.729874519711
7,778,413.856638463322
8,778,261.605953063957
9,778,318.692975389802
10,778,431.672823830311
11,778,333.799135176752
12,778,433.417867371385
13,778,393.065830107261
14,778,291.505191558657
15,778,299.590243166813
16,778,441.515741563058
17,778,250.07315081917
18,778,460.005903181061
1,779,505.575292960912
2,779,353.809388271432
3,779,324.455256713391
4,779,340.487787920939
5,779,339.263001542577
6,779,325.377033674143
7,779,507.526681685773
8,779,317.150283206648
9,779,404.328824652146
10,779,502.205902837369
11,779,323.49724036286
12,779,247.216130811078
13,779,428.469433668401
14,779,501.463357830122
15,779,388.020589953332
16,779,391.622602362089
17,779,382.417071298088
18,779,447.798289544566
1,780,337.865048550057
2,780,312.734172767544
3,780,428.723307143877
4,780,385.796866199019
5,780,334.187224600944
6,780,327.599976206568
7,780,253.443055223315
8,780,367.669262124106
9,780,386.588909746365
10,780,370.823121536601
11,780,396.259743052591
12,780,361.268428963571
13,780,308.552651952045
14,780,291.234116949758
15,780,296.92112810128
16,780,405.938616744306
17,780,352.781949444421
18,780,231.737469754811
1,781,324.186302250942
2,781,286.945762245352
3,781,509.551121501744
4,781,314.454619366285
5,781,345.726536877962
6,781,408.193047460952
7,781,394.713142825771
8,781,364.488598206148
9,781,461.316617872371
10,781,233.763817863394
11,781,326.602638198548
12,781,437.712315490937
13,781,409.977309126369
14,781,418.019419272369
15,781,279.866439565723
16,781,467.207466095008
17,781,411.11727021062
18,781,428.858945656217
1,782,318.837397231262
2,782,307.306723263337
3,782,453.792205225438
4,782,349.404608421858
5,782,381.515922834868
6,782,321.208244527709
7,782,404.064994271132
8,782,417.466349430446
9,782,377.239388053645
10,782,336.414798160961
11,782,508.455414796781
12,782,280.952603594606
13,782,458.532518983254
14,782,330.286794829949
15,782,299.487364333776
16,782,223.224840089984
17,782,311.932940322409
18,782,321.40493043829
1,783,444.951608605388
2,783,315.972507249337
3,783,441.328379571194
4,783,396.323686488947
5,783,366.811719747282
6,783,447.634272804893
7,783,224.285728211091
8,783,348.799682759327
9,783,254.08126920487
10,783,416.55321128471
11,783,453.888422885405
12,783,387.201322506029
13,783,451.439962298368
14,783,390.170964230844
15,783,456.755893133144
16,783,351.037481749193
17,783,377.554774938013
18,783,428.034886462164
1,784,295.75912689612
2,784,258.101550794569
3,784,406.945072908181
4,784,425.196266534325
5,784,405.762191872474
6,784,391.581895183711
7,784,350.101710612758
8,784,514.680728168769
9,784,457.106793150459
10,784,347.088808058134
11,784,319.352565797213
12,784,365.625152427608
13,784,549.0602573572
14,784,382.779657164243
15,784,360.959211422873
16,784,280.11512903537
17,784,281.138960995984
18,784,411.640424900842
1,785,408.305269980452
2,785,248.776359412783
3,785,331.785506852058
4,785,392.474236338599
5,785,334.198209238937
6,785,526.353218210223
7,785,540.722486620876
8,785,354.905718121241
9,785,465.929592037103
10,785,384.241546395839
11,785,353.811383448276
12,785,443.408722491719
13,785,356.527718818612
14,785,406.444130927303
15,785,355.465490514668
16,785,352.422345031354
17,785,302.312589198942
18,785,292.219321834442
1,786,385.207556360767
2,786,301.638949116103
3,786,389.272154510616
4,786,460.848480326212
5,786,272.789608618934
6,786,227.740745676298
7,786,525.384349433087
8,786,316.03093594556
9,786,391.393264296322
10,786,363.706748737276
11,786,527.755084620365
12,786,385.697221275758
13,786,383.0804701224
14,786,385.239252848638
15,786,406.396238258125
16,786,423.475565126551
17,786,257.197449939278
18,786,340.427383368507
1,787,336.074128248081
2,787,313.227114383233
3,787,254.250687924092
4,787,467.44593035587
5,787,430.888726733137
6,787,454.25776109896
7,787,517.665221632617
8,787,454.641315380429
9,787,429.104846236143
10,787,355.890810384728
11,787,372.913640405117
12,787,353.987686471277
13,787,244.586779734954
14,787,461.069073174888
15,787,379.808290248679
16,787,251.276651498188
17,787,511.763661666079
18,787,311.072407462147
1,788,334.740361584933
2,788,374.566295553819
3,788,341.568629745499
4,788,357.206187757157
5,788,408.304901575579
6,788,367.464148796209
7,788,296.067735496347
8,788,337.69137361493
9,788,345.694436649293
10,788,254.50296916553
11,788,394.544281255248
12,788,353.430791996436
13,788,429.657792114589
14,788,466.367382803469
15,788,502.325225707197
16,788,469.902886348736
17,788,346.392694272285
18,788,303.559529996371
1,789,245.313311365673
2,789,346.098181492112
3,789,474.325290099031
4,789,454.500310386794
5,789,350.55317748257
6,789,489.409268566351
7,789,303.373557587933
8,789,288.402404811221
9,789,347.131740778427
10,789,441.006107469388
11,789,305.164115799779
12,789,346.314510322733
13,789,367.905627893136
14,789,415.737342181909
15,789,387.854823530066
16,789,416.983953991539
17,789,347.219623570497
18,789,349.146969801996
1,790,472.160241007091
2,790,349.684102985095
3,790,481.634930582458
4,790,573.121485218256
5,790,363.324324568142
6,790,444.456348822248
7,790,403.268259518684
8,790,493.200517790011
9,790,360.16992583968
10,790,431.654518501802
11,790,456.786366540783
12,790,366.199755123834
13,790,291.252289101359
14,790,459.396243686388
15,790,416.107181399614
16,790,274.062179261649
17,790,390.744550592372
18,790,345.842569778613
1,791,523.894388052634
2,791,373.580225862991
3,791,329.23233611322
4,791,351.031752153184
5,791,377.845421349964
6,791,410.457769502346
7,791,448.241033968414
8,791,336.690583585385
9,791,377.262785422985
10,791,241.772179315249
11,791,219.388356615774
12,791,293.287711828649
13,791,322.90712626145
14,791,441.846607080448
15,791,385.101341059205
16,791,453.602796960147
17,791,336.809243169951
18,791,483.116574629329
1,792,366.468563190273
2,792,341.628023962615
3,792,314.677734043757
4,792,379.76259595352
5,792,256.565597929595
6,792,414.976746359332
7,792,471.412819196434
8,792,312.554381272309
9,792,455.369271724234
10,792,298.777421165949
11,792,279.394943256037
12,792,395.530522491551
13,792,341.266417603186
14,792,407.642676652236
15,792,334.206368964363
16,792,429.775982641096
17,792,338.836332693322
18,792,373.691314591176
1,793,437.179909826111
2,793,269.178690680711
3,793,451.676729799551
4,793,355.052375336523
5,793,354.978520574074
6,793,431.153630650079
7,793,406.07407401688
8,793,418.34932958825
9,793,496.373347711065
10,793,458.702393304041
11,793,354.206963689938
12,793,230.554609102964
13,793,329.51222470787
14,793,294.766502262217
15,793,366.767762497299
16,793,312.628162565529
17,793,378.765446949147
18,793,406.654716349462
1,794,343.601473553469
2,794,376.832262251172
3,794,366.57977026109
4,794,324.022901473445
5,794,517.58053040555
6,794,461.448968454629
7,794,340.918883645088
8,794,365.470650019589
9,794,312.118043244379
10,794,453.870071208003
11,794,454.333942131156
12,794,331.619234587586
13,794,379.986716055674
14,794,337.620918280721
15,794,451.0933377902
16,794,398.581236577978
17,794,232.893232375243
18,794,438.039116179487
1,795,544.415233383332
2,795,468.662283696172
3,795,526.498830376796
4,795,498.479260857318
5,795,270.658344149809
6,795,314.522763968602
7,795,394.811571915071
8,795,352.511171670114
9,795,341.133765214617
10,795,468.896981091146
11,795,443.543478217983
12,795,428.039268201868
13,795,468.119500961495
14,795,466.702348526312
15,795,380.507052263609
16,795,322.205559459668
17,795,312.155596293633
18,795,436.326352913004
1,796,354.574461914457
2,796,365.645490100398
3,796,276.145172628574
4,796,482.867271419901
5,796,372.469809280218
6,796,388.529461528505
7,796,465.679472198244
8,796,394.672918218699
9,796,295.197920797217
10,796,344.562084466723
11,796,364.506039897332
12,796,483.962904491763
13,796,371.039844854932
14,796,243.427908341368
15,796,448.773326817143
16,796,265.685812240817
17,796,355.294585140038
18,796,401.649616594463
1,797,435.141165391329
2,797,338.514485797798
3,797,376.222575775202
4,797,390.139192872652
5,797,439.570536888217
6,797,593.110843798802
7,797,455.444571466771
8,797,486.431555580012
9,797,279.286174600672
10,797,373.329029823338
11,797,225.549813680992
12,797,269.306643204815
13,797,441.946095091223
14,797,339.707021541378
15,797,488.26254507754
16,797,321.808592362833
17,797,270.810295715059
18,797,374.697864260133
1,798,445.58498612206
2,798,305.753305586181
3,798,338.616666605334
4,798,347.95479761133
5,798,391.593061690741
6,798,298.149144730791
7,798,297.257450435132
8,798,337.15868666049
9,798,403.603120230769
10,798,314.184539062485
11,798,383.410984372114
12,798,413.678133809968
13,798,516.62952439416
14,798,451.434682659772
15,798,410.032342890788
16,798,447.639498514653
17,798,360.176578624314
18,798,301.691759748996
1,799,291.126752435707
2,799,358.808485407343
3,799,527.15158932992
4,799,367.227617348901
5,799,461.761008285238
6,799,411.005389658937
7,799,336.802666461501
8,799,379.366516826833
9,799,336.52311765132
10,799,330.001731222552
11,799,455.571434399443
12,799,395.985928853757
13,799,366.07240137379
14,799,358.834384869736
15,799,425.000511110478
16,799,411.729875572621
17,799,380.211155475854
18,799,225.885363984587
1,800,402.743251566375
2,800,517.854468361039
3,800,428.697536019745
4,800,349.585125835061
5,800,301.308816514676
6,800,232.300851487745
7,800,529.038599520552
8,800,276.21364434285
9,800,436.158512969162
10,800,391.014281593953
11,800,384.205269814994
12,800,397.56927731477
13,800,315.574767241005
14,800,443.212357814347
15,800,276.89969347435
16,800,285.768720508285
17,800,366.97363426946
18,800,398.936784806922
1,801,209.808982779574
2,801,454.295791305985
3,801,331.709428629559
4,801,332.019692751146
5,801,440.261968329324
6,801,397.901678459457
7,801,273.069913770308
8,801,300.802271058333
9,801,388.494498209309
10,801,413.204433037706
11,801,389.362797561588
12,801,407.881969803123
13,801,339.231578444757
14,801,420.727803641762
15,801,264.635734923496
16,801,310.930834885391
17,801,462.010787240392
18,801,232.965744204902
1,802,330.865461962731
2,802,368.906006760564
3,802,264.97774984134
4,802,352.671122221249
5,802,405.949081443821
6,802,489.185212389706
7,802,396.742049060539
8,802,310.831668655313
9,802,272.067171691476
10,802,277.194971732208
11,802,436.31511928624
12,802,489.712548939412
13,802,373.796796916596
14,802,452.565792560373
15,802,402.265573019593
16,802,311.507815374208
17,802,296.000282731518
18,802,485.245212259881
1,803,410.902786893658
2,803,333.423311934185
3,803,382.851243056417
4,803,417.311058667882
5,803,483.049309949485
6,803,253.925836569986
7,803,396.061094337769
8,803,402.386127222661
9,803,276.087315530317
10,803,236.211856503513
11,803,265.524651882868
12,803,290.091651547767
13,803,470.569344256526
14,803,368.950824182509
15,803,296.673158549819
16,803,368.016545710625
17,803,466.873216857405
18,803,251.125875005242
1,804,339.183871905247
2,804,320.950250868179
3,804,388.413926759598
4,804,373.960915885243
5,804,522.523639498968
6,804,362.364697447038
7,804,303.640951448406
8,804,413.102525460784
9,804,345.555264810171
10,804,399.951391219478
11,804,461.479372387143
12,804,444.147871256043
13,804,294.26986980436
14,804,459.463668212229
15,804,480.765301915248
16,804,467.69757535006
17,804,369.628893907509
18,804,339.171136749386
1,805,381.32561887256
2,805,515.277454921218
3,805,253.689767254617
4,805,442.078810420583
5,805,489.416978739671
6,805,464.495893035685
7,805,378.737742652162
8,805,229.753745411988
9,805,249.578723871879
10,805,483.617052659907
11,805,250.044082736041
12,805,342.014454504791
13,805,362.68087817452
14,805,479.631677486691
15,805,291.015982323488
16,805,338.820349489916
17,805,274.448904703029
18,805,374.664559790117
1,806,342.768092456026
2,806,474.418559799531
3,806,406.337529929715
4,806,365.578376290664
5,806,311.235097216209
6,806,295.857650677898
7,806,277.309257007094
8,806,398.873647314299
9,806,398.423193926647
10,806,404.417587399224
11,806,345.917662278843
12,806,426.874062444511
13,806,557.372124402628
14,806,363.183514101861
15,806,467.141011654238
16,806,349.705268954388
17,806,450.049044022083
18,806,435.403150244608
1,807,513.367006283123
2,807,367.594097181661
3,807,476.709453472647
4,807,384.897279582575
5,807,439.255131927449
6,807,419.289250244032
7,807,329.251009171127
8,807,229.932160503102
9,807,322.627425242452
10,807,318.297098541681
11,807,380.23965370992
12,807,285.8222926242
13,807,341.952476346237
14,807,318.465515826933
15,807,292.178572433235
16,807,284.96658270093
17,807,330.845060497916
18,807,424.97937836726
1,808,450.053799131031
2,808,347.689039447357
3,808,473.135143049105
4,808,468.227436304762
5,808,274.911883541247
6,808,318.222982602037
7,808,462.685191908526
8,808,366.621100221848
9,808,393.007906324571
10,808,446.886779539314
11,808,339.125194496348
12,808,362.939672775763
13,808,299.780536811357
14,808,479.489822284116
15,808,342.645605166364
16,808,521.271452878887
17,808,376.764701370356
18,808,394.162153656051
1,809,411.96402296253
2,809,457.591154721143
3,809,345.595438474166
4,809,363.441221789657
5,809,335.822114868427
6,809,370.961613619723
7,809,318.277656053094
8,809,281.232533334545
9,809,240.142659563468
10,809,333.127283432631
11,809,230.183355953216
12,809,292.148283348549
13,809,509.68284607098
14,809,306.699702462068
15,809,270.161189665185
16,809,445.3100928964
17,809,214.376786848443
18,809,403.154152046821
1,810,363.519047531714
2,810,304.532256224874
3,810,378.188733918827
4,810,539.546951450042
5,810,396.266746702169
6,810,371.334029925263
7,810,380.509868331585
8,810,398.212486767621
9,810,293.45548011203
10,810,381.057641689233
11,810,344.574769351465
12,810,405.808363080787
13,810,460.30804062603
14,810,392.558042676537
15,810,437.522976809312
16,810,480.591095772248
17,810,498.951816984185
18,810,384.986460888601
1,811,513.250789812816
2,811,345.049652792047
3,811,384.977154229181
4,811,367.987484848117
5,811,415.684824710592
6,811,457.978913898501
7,811,286.809100172417
8,811,369.719214154804
9,811,283.0081647252
10,811,464.781484937278
11,811,433.407245660028
12,811,394.593845796483
13,811,405.066295415976
14,811,413.507682893649
15,811,336.393989823841
16,811,437.11070764996
17,811,327.589409576278
18,811,379.313923247391
1,812,305.84487435244
2,812,459.767129857506
3,812,377.105979482154
4,812,312.194862864473
5,812,453.178548942809
6,812,391.231108361024
7,812,523.311346748435
8,812,354.719992997089
9,812,280.733880616109
10,812,459.786254094375
11,812,311.186858262409
12,812,295.039098422446
13,812,384.861454860553
14,812,543.808552317043
15,812,400.282765830874
16,812,394.406440256416
17,812,246.195575704957
18,812,393.286155237426
1,813,402.914093185781
2,813,530.761323483628
3,813,261.640660304434
4,813,406.658591489989
5,813,386.138607789579
6,813,417.14122968494
7,813,345.420445580564
8,813,280.589007627505
9,813,434.636140866438
10,813,288.985467924862
11,813,483.621496777536
12,813,342.701354273318
13,813,276.195093198492
14,813,263.32214960452
15,813,346.236561722711
16,813,297.757597583938
17,813,364.634381832922
18,813,525.543372106712
1,814,456.647036285437
2,814,303.259909580035
3,814,485.299266313889
4,814,278.753160739513
5,814,337.344998118793
6,814,386.002987689955
7,814,352.197829343223
8,814,232.176793255261
9,814,374.254821825838
10,814,388.342977214593
11,814,425.451463457796
12,814,318.663887537089
13,814,399.751413861824
14,814,348.631308620377
15,814,439.362419329963
16,814,252.79071333291
17,814,428.412709943353
18,814,377.451763280323
1,815,390.289682866179
2,815,389.489825415385
3,815,374.192332958277
4,815,346.091982320306
5,815,484.569696336446
6,815,375.313705886015
7,815,237.533902200343
8,815,438.043311950434
9,815,323.326676939653
10,815,473.825948270297
11,815,383.373921922654
12,815,468.08340252365
13,815,522.456513390299
14,815,375.61700286188
15,815,444.965494221116
16,815,418.036404426678
17,815,345.894337867557
18,815,407.532458274203
1,816,339.04989395991
2,816,374.366192758023
3,816,302.804400811488
4,816,306.375414208449
5,816,486.22098466865
6,816,376.023863122675
7,816,424.487028088792
8,816,318.287001413434
9,816,371.192404729232
10,816,300.586991983519
11,816,342.301324490276
12,816,518.754308721837
13,816,286.41806856725
14,816,490.975647513399
15,816,451.292508110033
16,816,266.860884491752
17,816,377.807907432476
18,816,547.149179347562
1,817,415.567087792962
2,817,308.075782886599
3,817,362.205543289212
4,817,373.476287661628
5,817,446.665581050359
6,817,490.697995624729
7,817,456.914164414243
8,817,368.666617423309
9,817,343.022986896413
10,817,453.311338800339
11,817,408.467610413364
12,817,582.494610091349
13,817,468.638065455997
14,817,271.044620313245
15,817,257.078868552628
16,817,547.620510029042
17,817,387.865265370187
18,817,286.565307286619
1,818,464.48390571664
2,818,385.0517062489
3,818,369.756371180866
4,818,391.890902564017
5,818,360.715457862753
6,818,367.115295041273
7,818,278.184802382797
8,818,435.575073144527
9,818,287.616488550809
10,818,303.423808884075
11,818,471.012569463392
12,818,479.584696548849
13,818,425.118049822762
14,818,521.96587445461
15,818,396.665741220519
16,818,393.244004853444
17,818,470.905102542123
18,818,325.607609504989
1,819,551.928781321004
2,819,309.099299114436
3,819,299.336921038221
4,819,364.269894201006
5,819,425.640382563086
6,819,324.487446342343
7,819,369.880963977959
8,819,483.585590220759
9,819,367.955201406885
10,819,341.2368828569
11,819,392.804470334373
12,819,341.297348125374
13,819,345.296973071094
14,819,347.542210409952
15,819,495.503943847698
16,819,481.576146896039
17,819,563.627509604715
18,819,353.285070113628
1,820,405.63863471254
2,820,481.871696743629
3,820,337.723799050594
4,820,308.225751388821
5,820,338.388506360139
6,820,293.960428740759
7,820,354.593926764891
8,820,427.693080351921
9,820,403.652545000821
10,820,291.067002056591
11,820,304.052521070664
12,820,319.998536469869
13,820,398.785694473264
14,820,352.901284129493
15,820,487.992871023327
16,820,252.243957769369
17,820,249.718922143964
18,820,440.226369617579
1,821,396.228531954653
2,821,377.718849392868
3,821,363.658167586898
4,821,401.975432521408
5,821,494.724942185375
6,821,384.246897960046
7,821,342.038846074892
8,821,421.643730448687
9,821,360.274232042525
10,821,428.305903994611
11,821,413.362756010264
12,821,379.407946607299
13,821,384.535584376382
14,821,353.172107657241
15,821,479.233665662438
16,821,339.546322584776
17,821,312.312251543743
18,821,252.262374544092
1,822,474.537260504154
2,822,320.628972279893
3,822,467.910697038867
4,822,455.894185656106
5,822,448.88502488123
6,822,553.396201979793
7,822,345.787562309602
8,822,348.176295328155
9,822,270.107726722002
10,822,409.779931614868
11,822,340.158931406218
12,822,369.780319819487
13,822,395.637034627691
14,822,404.164507337201
15,822,321.127070114198
16,822,322.967073555134
17,822,243.883424407594
18,822,321.310190012461
1,823,304.834760134906
2,823,458.012110403703
3,823,312.634463756404
4,823,338.472205482013
5,823,372.961561718459
6,823,372.627964868437
7,823,410.43377991647
8,823,434.248248249805
9,823,505.374446553015
10,823,414.620165947243
11,823,391.655659032613
12,823,457.698001431317
13,823,389.851763680599
14,823,284.450283697772
15,823,316.981756302629
16,823,370.939037011605
17,823,429.566359562984
18,823,299.16887130697
1,824,415.910050819723
2,824,295.721280101857
3,824,439.475015512208
4,824,261.877772320466
5,824,318.002854501911
6,824,333.784966482608
7,824,355.981644656637
8,824,382.366084803939
9,824,475.447842552226
10,824,379.146188271903
11,824,400.813981273753
12,824,345.393512674248
13,824,361.482447974224
14,824,313.605694827032
15,824,494.031941247897
16,824,334.174680519477
17,824,395.834367108587
18,824,252.386540684214
1,825,304.214281138054
2,825,291.18631012577
3,825,268.248777437692
4,825,495.390592859607
5,825,386.868344842134
6,825,226.308984585584
7,825,387.288582566793
8,825,291.310878407835
9,825,344.071901137738
10,825,271.131523484952
11,825,435.433325200318
12,825,289.963374571352
13,825,361.22979886545
14,825,404.784127556344
15,825,384.446708575071
16,825,486.699076661327
17,825,545.700056209799
18,825,284.225411196104
1,826,419.839638415535
2,826,406.832968605993
3,826,316.037858844398
4,826,341.055258675786
5,826,353.635160060771
6,826,258.033545169451
7,826,388.916410502568
8,826,314.428099310288
9,826,326.422285862762
10,826,346.313857346182
11,826,247.17050539998
12,826,442.072940599452
13,826,562.206709361398
14,826,371.201764881402
15,826,356.995114856134
16,826,434.758605793132
17,826,409.253075814803
18,826,375.678485286245
1,827,503.486193625135
2,827,359.029436255902
3,827,432.592292906726
4,827,232.39739347978
5,827,367.171282005285
6,827,319.848841733574
7,827,392.664541515841
8,827,524.080754698421
9,827,295.288166641193
10,827,387.152745779202
11,827,276.102574772562
12,827,368.019189271287
13,827,287.488585581963
14,827,350.90962406656
15,827,297.547852465151
16,827,435.636564998748
17,827,425.86760847026
18,827,470.66269700559
1,828,383.408267351117
2,828,394.987715199803
3,828,386.803125056614
4,828,453.908380849953
5,828,489.025374343846
6,828,370.090577837957
7,828,428.102349972572
8,828,406.489353503673
9,828,434.210234839912
10,828,353.505685541445
11,828,247.810191127048
12,828,396.167699408854
13,828,245.403336270639
14,828,342.878230039423
15,828,437.679089116474
16,828,250.962973909276
17,828,286.741680179089
18,828,249.840784892847
1,829,400.940728408998
2,829,304.258733162753
3,829,360.625930829905
4,829,355.965087300828
5,829,376.781758152261
6,829,354.011144832077
7,829,354.606202150101
8,829,382.342532715274
9,829,427.613120897769
10,829,365.56971842832
11,829,499.623586890954
12,829,435.719322153106
13,829,397.409080760587
14,829,363.413991704523
15,829,258.729827769552
16,829,266.761448716997
17,829,329.946299001857
18,829,390.852392438892
1,830,489.731878720803
2,830,466.440008515524
3,830,426.361996789412
4,830,311.1101119544
5,830,457.685968470907
6,830,394.80340063217
7,830,427.616031040931
8,830,470.387460882087
9,830,419.551437223782
10,830,588.998143837411
11,830,407.791178281212
12,830,508.926311999775
13,830,280.892597824344
14,830,602.19895140544
15,830,352.955271464246
16,830,459.037373230574
17,830,232.840266638157
18,830,282.239356513466
1,831,295.713973321869
2,831,424.358716140194
3,831,423.554534170215
4,831,543.09592942087
5,831,306.186379346591
6,831,526.92308104932
7,831,525.984228451961
8,831,336.980517857248
9,831,376.33877229107
10,831,418.127348066264
11,831,413.673718186898
12,831,460.091680288568
13,831,287.741207012981
14,831,333.894065070539
15,831,311.333559710668
16,831,424.649848203196
17,831,302.941123621126
18,831,467.990823121435
1,832,472.591900015937
2,832,488.310715088133
3,832,446.735511723292
4,832,321.366760633243
5,832,346.117037337291
6,832,288.149421555406
7,832,370.089045877741
8,832,457.451010000742
9,832,397.520886309573
10,832,427.972175893122
11,832,528.074193146708
12,832,235.713924087149
13,832,416.738650547637
14,832,422.301998051484
15,832,577.751044823102
16,832,337.047607223594
17,832,512.510606947205
18,832,284.971779266932
1,833,293.754821844739
2,833,374.782477329538
3,833,551.95970182075
4,833,459.696998494815
5,833,365.042630781573
6,833,292.197335265123
7,833,313.188771259858
8,833,354.160565008684
9,833,345.445408111128
10,833,465.737401334099
11,833,278.396098047515
12,833,417.720556682313
13,833,309.924461268153
14,833,391.335711567848
15,833,504.178236246801
16,833,512.31134980886
17,833,344.543478853783
18,833,297.818023457777
1,834,337.701987200164
2,834,530.833653569151
3,834,386.990406730497
4,834,337.628797884979
5,834,437.197125816829
6,834,402.424946400957
7,834,474.99187407422
8,834,473.2112179083
9,834,346.562884527655
10,834,339.109227864103
11,834,495.369054022152
12,834,475.835998379923
13,834,339.124307917003
14,834,350.036763903297
15,834,331.826456113235
16,834,362.796787994544
17,834,387.881251646575
18,834,416.224127855711
1,835,371.197705483512
2,835,408.265666527356
3,835,350.771810132338
4,835,357.873337447584
5,835,406.166678510462
6,835,320.642160912528
7,835,566.772989206942
8,835,380.127426185072
9,835,538.257649753272
10,835,463.577860390622
11,835,475.919973614499
12,835,476.302322557685
13,835,278.06328564669
14,835,328.426825043212
15,835,442.444514822419
16,835,365.925072523395
17,835,482.259069245417
18,835,454.54342856199
1,836,372.186610553084
2,836,351.462735023684
3,836,262.456744502157
4,836,349.652703622698
5,836,479.389882988132
6,836,430.447512642407
7,836,438.155973923521
8,836,410.725399235012
9,836,371.184437854087
10,836,220.97159780621
11,836,331.611424220585
12,836,268.661748111121
13,836,454.871897047084
14,836,521.923792466081
15,836,349.707530103315
16,836,268.468345913045
17,836,294.0261759126
18,836,241.180531289111
1,837,382.356304772301
2,837,367.041432451346
3,837,510.002472164379
4,837,412.765417803466
5,837,286.484364806488
6,837,373.078573373274
7,837,318.052153535171
8,837,362.097452603456
9,837,335.831003442556
10,837,426.316094795677
11,837,405.799007577653
12,837,231.96974408059
13,837,409.952006283494
14,837,367.294083369673
15,837,454.828974043386
16,837,279.352055607993
17,837,348.652757859315
18,837,302.073014638576
1,838,426.39814399633
2,838,386.142567809527
3,838,322.979745570974
4,838,327.178069648812
5,838,367.444651743117
6,838,461.843227603132
7,838,327.538902271673
8,838,408.068197554777
9,838,407.166241590174
10,838,351.472297907945
11,838,253.561016416887
12,838,327.095800978435
13,838,355.449536773219
14,838,474.895414182241
15,838,480.600895932565
16,838,350.348969128252
17,838,227.471901565783
18,838,382.920564587754
1,839,357.339143705782
2,839,316.396719515869
3,839,334.636195238485
4,839,283.109047377776
5,839,329.465117555924
6,839,337.829396941946
7,839,509.56444855535
8,839,368.530010909366
9,839,402.018743396724
10,839,539.838669391476
11,839,370.396052145132
12,839,416.741329915303
13,839,239.64464192458
14,839,238.633190977859
15,839,360.413308503521
16,839,537.098396424268
17,839,375.219568996616
18,839,301.279913653513
1,840,481.430226772779
2,840,402.070057983621
3,840,349.061913437618
4,840,368.228818489404
5,840,382.514487000012
6,840,319.747206732512
7,840,306.394832038116
8,840,331.676443099623
9,840,512.206525957585
10,840,422.566977153782
11,840,365.499863941652
12,840,373.512172321866
13,840,312.479081396462
14,840,402.865886047528
15,840,552.008728630717
16,840,407.444164224555
17,840,382.415287571003
18,840,460.057745698822
1,841,249.031101397162
2,841,476.810111583599
3,841,424.175715541228
4,841,294.163969122009
5,841,439.846794771774
6,841,234.748464408341
7,841,370.688101032953
8,841,504.792464600013
9,841,367.251639175685
10,841,537.405406793045
11,841,276.80571060089
12,841,354.552837841571
13,841,220.042906906733
14,841,371.816964875944
15,841,477.927859668423
16,841,428.945986565394
17,841,314.589062740739
18,841,327.706311661822
1,842,294.194085953784
2,842,405.633769816911
3,842,271.433532883392
4,842,335.973867960478
5,842,376.85297307967
6,842,359.829272343807
7,842,314.549730457593
8,842,367.228442470075
9,842,303.993988350493
10,842,314.509716728619
11,842,356.433723069335
12,842,465.150562815241
13,842,476.707601613876
14,842,337.295972410581
15,842,303.611610363939
16,842,381.344638653037
17,842,230.835953611521
18,842,369.312545999052
1,843,446.083036356364
2,843,379.823991400457
3,843,444.341920004845
4,843,328.401347906877
5,843,350.262166850211
6,843,344.12855304537
7,843,278.542173367254
8,843,374.805373957721
9,843,272.22562636969
10,843,474.405737449349
11,843,424.73131646719
12,843,429.8485830594
13,843,457.245021166142
14,843,414.391140895095
15,843,452.989330029291
16,843,290.919446460979
17,843,316.544135574173
18,843,557.646734546577
1,844,466.962976976554
2,844,474.064895398427
3,844,325.520499387293
4,844,396.918834995194
5,844,211.246312182174
6,844,376.78570021097
7,844,308.160581001421
8,844,345.590793577765
9,844,286.096462575742
10,844,386.410188095325
11,844,451.862574601011
12,844,447.5852280625
13,844,502.820615609952
14,844,342.341834498324
15,844,390.288759954388
16,844,310.589538478935
17,844,309.378242417142
18,844,303.262367141681
1,845,338.851213744805
2,845,436.386098416997
3,845,247.288853649738
4,845,386.080019756767
5,845,380.595422068055
6,845,351.187900933817
7,845,330.139104240615
8,845,515.055338241987
9,845,289.028297615163
10,845,443.012653995474
11,845,288.372327855676
12,845,438.969909000065
13,845,490.003467166873
14,845,430.915768102155
15,845,499.649069506956
16,845,253.46639751625
17,845,249.045920867237
18,845,242.962121040492
1,846,519.062804009522
2,846,244.177267428272
3,846,312.320664309864
4,846,503.661262813688
5,846,434.573169139801
6,846,300.82558262413
7,846,346.643963520567
8,846,389.850562396336
9,846,425.852338856952
10,846,328.600355611208
11,846,405.22479968177
12,846,550.186023424034
13,846,529.229518647969
14,846,401.088587151676
15,846,300.213271262316
16,846,420.707520028867
17,846,456.376052980848
18,846,275.949733247002
1,847,508.988829308769
2,847,348.296916332253
3,847,421.751150528312
4,847,317.086769471459
5,847,430.186294133359
6,847,264.628411348164
7,847,335.855727253914
8,847,308.514054050496
9,847,441.002012136654
10,847,456.972789368462
11,847,364.966628241032
12,847,389.872408415301
13,847,337.15317126146
14,847,552.262344303628
15,847,321.569629542062
16,847,446.76612241248
17,847,410.305679828384
18,847,563.953024179876
1,848,408.369014802904
2,848,420.527993310079
3,848,308.39779939327
4,848,400.113711064912
5,848,305.584000811066
6,848,470.753450431226
7,848,447.29899773668
8,848,488.339342771638
9,848,392.32878562756
10,848,274.925984151478
11,848,424.437794011909
12,848,272.379962191976
13,848,381.450283962845
14,848,401.709004177266
15,848,389.237195622142
16,848,355.478880883325
17,848,518.049781528925
18,848,402.356382378148
1,849,542.630822686279
2,849,337.546861918327
3,849,290.500296189719
4,849,345.948898707875
5,849,408.164459115033
6,849,390.388044883608
7,849,351.086133344779
8,849,350.200227268468
9,849,436.314311714426
10,849,458.405099950917
11,849,374.41115846226
12,849,404.679966336045
13,849,434.961301224413
14,849,556.056121011446
15,849,377.546371961525
16,849,240.535700645369
17,849,279.097257931738
18,849,444.706152500341
1,850,372.571337920286
2,850,443.124052197315
3,850,503.154626046565
4,850,284.155730434905
5,850,379.232710607425
6,850,404.012048589605
7,850,456.703793649346
8,850,462.8223954433
9,850,372.804413039155
10,850,324.200558229695
11,850,375.732409437038
12,850,345.71897823638
13,850,336.634827728633
14,850,349.175817446996
15,850,344.917705249337
16,850,415.540777571606
17,850,415.331901223297
18,850,357.034476255548
1,851,362.343075755293
2,851,423.980889752198
3,851,329.091241350519
4,851,517.074540220053
5,851,435.19167103865
6,851,414.774937566036
7,851,466.114456276199
8,851,328.660054159228
9,851,333.277253070468
10,851,539.452313306883
11,851,373.687471199526
12,851,278.262161900801
13,851,462.87089800078
14,851,245.166669533205
15,851,322.133110515028
16,851,300.142788831885
17,851,410.604352004998
18,851,359.271361400613
1,852,319.732194889308
2,852,341.623734923206
3,852,487.557642244024
4,852,293.40258755512
5,852,330.816827797307
6,852,359.907978184595
7,852,491.761192329404
8,852,425.817398545113
9,852,298.160488286018
10,852,417.640271095758
11,852,331.130392017285
12,852,354.928472792824
13,852,420.003421378871
14,852,277.779130862027
15,852,259.873804706441
16,852,283.229583222062
17,852,384.852311254124
18,852,372.842210027384
1,853,427.349138937616
2,853,536.211149588518
3,853,275.878159745719
4,853,374.127460088403
5,853,466.785957044832
6,853,428.39191007853
7,853,456.036215552479
8,853,537.59419424983
9,853,430.600670820758
10,853,420.627269725034
11,853,360.218827597498
12,853,284.927718004555
13,853,403.500697924459
14,853,373.836306789495
15,853,412.884035589567
16,853,388.338319782315
17,853,444.215113138752
18,853,361.918473453948
1,854,425.823382148604
2,854,323.27555003162
3,854,258.335316867243
4,854,333.122452189433
5,854,404.518030798509
6,854,426.63623772625
7,854,395.852267209868
8,854,332.312801778654
9,854,363.678286605609
10,854,444.381121850205
11,854,376.62118720191
12,854,364.068547599254
13,854,355.294986442462
14,854,487.88523334138
15,854,407.137947577713
16,854,492.687375947111
17,854,426.08056206559
18,854,414.274074007181
1,855,365.011677565171
2,855,331.111051812062
3,855,336.855321425051
4,855,403.543425575299
5,855,435.643240289604
6,855,306.618009244538
7,855,353.778824644724
8,855,219.475133377725
9,855,282.560994311036
10,855,286.265146190001
11,855,338.582553605977
12,855,365.440442276823
13,855,400.392434219781
14,855,227.175357700085
15,855,359.949056721195
16,855,456.372808911319
17,855,401.922508196425
18,855,554.462307533343
1,856,398.159824247825
2,856,305.435041691788
3,856,371.414335623472
4,856,356.16554938637
5,856,255.037408860498
6,856,339.80897734744
7,856,364.338068787266
8,856,308.215191657962
9,856,345.463385887446
10,856,547.369225460669
11,856,526.413875136914
12,856,261.861517551324
13,856,379.558307168387
14,856,279.633276717069
15,856,391.829101088483
16,856,289.673799343002
17,856,358.697167208846
18,856,434.408396481105
1,857,422.143471578758
2,857,269.335746050576
3,857,417.189973286483
4,857,358.12772848613
5,857,297.970234528854
6,857,522.587278655507
7,857,495.110825638636
8,857,469.656980437903
9,857,400.037154913833
10,857,528.686328315864
11,857,233.500431354455
12,857,463.626521418228
13,857,465.319629345301
14,857,415.078517856294
15,857,284.599121260019
16,857,475.258984685301
17,857,284.101455570049
18,857,443.333263159174
1,858,365.207019106635
2,858,369.160650997819
3,858,301.426007910098
4,858,342.59079649522
5,858,469.405279063187
6,858,294.27765863692
7,858,249.869286441845
8,858,355.632014288311
9,858,419.816197523659
10,858,387.792930785079
11,858,480.776464484072
12,858,350.575323687648
13,858,430.165903233863
14,858,346.427429845949
15,858,418.846344303888
16,858,255.224041049185
17,858,355.939873924662
18,858,388.719692983195
1,859,324.879775446131
2,859,357.776333802945
3,859,315.044503574784
4,859,259.272720627019
5,859,267.883323410953
6,859,331.008805883365
7,859,249.561099914303
8,859,420.641016485435
9,859,440.828770126608
10,859,346.390375712559
11,859,361.857924286742
12,859,255.518197508075
13,859,438.868006961361
14,859,418.145609324212
15,859,339.301543688599
16,859,359.882309346249
17,859,489.731005131297
18,859,305.803583518048
1,860,228.70140177587
2,860,312.696803869333
3,860,328.718633189525
4,860,388.255736454727
5,860,354.296206411271
6,860,379.824121878684
7,860,376.147959207647
8,860,283.437451565216
9,860,367.982034723292
10,860,459.380273345629
11,860,475.160760638526
12,860,488.933932510701
13,860,319.189564264562
14,860,432.012519144299
15,860,334.610506356054
16,860,476.926923268854
17,860,366.790076243293
18,860,332.02546606203
1,861,294.512092395811
2,861,455.540962285143
3,861,505.152060676208
4,861,345.404949464534
5,861,378.83340696032
6,861,294.599533501112
7,861,508.997548845705
8,861,416.19526437758
9,861,248.456178923281
10,861,463.143847428211
11,861,395.36907098619
12,861,396.26017246862
13,861,350.067355522132
14,861,372.13330273759
15,861,537.685414556723
16,861,462.105655052518
17,861,395.176111615139
18,861,500.635729267864
1,862,417.37085416318
2,862,547.426271627415
3,862,402.864131941955
4,862,305.371744034065
5,862,302.766975131568
6,862,382.243816138846
7,862,405.617861180095
8,862,475.277068754177
9,862,316.017944478531
10,862,227.307828318431
11,862,322.529126415174
12,862,424.743592509485
13,862,306.667430295084
14,862,344.312343296741
15,862,387.521728508951
16,862,384.600384661469
17,862,224.897221248708
18,862,498.352864400461
1,863,342.606674696897
2,863,353.607896305843
3,863,422.494188759628
4,863,455.948944389304
5,863,348.584247676824
6,863,282.7319469969
7,863,423.472114414672
8,863,426.051366988434
9,863,381.858635339312
10,863,383.950975491372
11,863,430.159134172196
12,863,374.654841742644
13,863,348.657244372777
14,863,401.41386607078
15,863,421.905714963814
16,863,534.60688356014
17,863,368.704365186578
18,863,289.579031685041
1,864,348.449476576439
2,864,412.568472604699
3,864,480.047236697463
4,864,402.504826809106
5,864,409.762332368381
6,864,534.379783828396
7,864,341.585723745369
8,864,263.344254070761
9,864,413.574616665228
10,864,385.203483240004
11,864,454.323830219681
12,864,302.104063018594
13,864,339.471918647768
14,864,453.076162780275
15,864,388.749738113412
16,864,305.404385540696
17,864,405.925735523208
18,864,264.727875051582
1,865,278.974431882125
2,865,443.381854463799
3,865,536.9055537667
4,865,335.752224827243
5,865,465.404674245702
6,865,245.596824446301
7,865,345.819976351775
8,865,544.38354045832
9,865,308.947791381404
10,865,501.505843837006
11,865,296.202257157409
12,865,304.452621167197
13,865,356.284680920898
14,865,413.600892419039
15,865,406.14892774513
16,865,402.836829593401
17,865,275.115109805479
18,865,338.781020478348
1,866,352.433910417705
2,866,500.288442868664
3,866,302.217363791727
4,866,240.394394379076
5,866,437.534389464487
6,866,256.627859368344
7,866,555.894503024408
8,866,344.110558621643
9,866,387.708284620669
10,866,228.565042160431
11,866,299.547789538049
12,866,435.354839780649
13,866,455.212291581431
14,866,527.754234480774
15,866,353.967488487697
16,866,361.355654536129
17,866,300.968199760078
18,866,334.351626728799
1,867,327.564842356559
2,867,330.714580034599
3,867,357.788949091452
4,867,297.312928775927
5,867,448.391790339075
6,867,359.190985023176
7,867,398.328962110426
8,867,389.558443130492
9,867,484.867882597061
10,867,437.34145967903
11,867,295.983830160814
12,867,444.68583662235
13,867,285.671617986721
14,867,386.090905035731
15,867,418.149280801445
16,867,285.70041080465
17,867,431.60876248429
18,867,470.517659022281
1,868,298.070569850919
2,868,407.747168734898
3,868,403.656985068126
4,868,328.286354608551
5,868,272.489250397253
6,868,472.464141272847
7,868,395.206646257696
8,868,400.353195092952
9,868,391.587499638154
10,868,292.908014710584
11,868,221.164779703539
12,868,375.877683683918
13,868,418.298260295731
14,868,432.822606254943
15,868,345.60738079978
16,868,369.711282122374
17,868,347.781031729831
18,868,491.225339802218
1,869,392.902127649803
2,869,226.951000410743
3,869,442.620533930372
4,869,467.190437721948
5,869,292.679589214079
6,869,353.492664222058
7,869,531.063074296217
8,869,351.769232402852
9,869,437.448300405599
10,869,447.898189772505
11,869,541.412568744591
12,869,235.13232457311
13,869,413.664818035658
14,869,333.121904160804
15,869,346.294310515412
16,869,418.480529570307
17,869,258.007825112396
18,869,280.485342917978
1,870,349.337662333299
2,870,301.517075425964
3,870,412.892304711768
4,870,544.824506805302
5,870,427.514382573266
6,870,417.238144647971
7,870,354.884343511031
8,870,266.848234879913
9,870,517.524326848522
10,870,454.080492361662
11,870,367.880393627586
12,870,324.178254449238
13,870,342.272919265363
14,870,401.620283564361
15,870,364.434870546061
16,870,355.946035205079
17,870,442.256326748348
18,870,493.248176532529
1,871,325.092080353656
2,871,434.382349065342
3,871,404.692349160773
4,871,393.366239746735
5,871,364.519152242999
6,871,457.97141932455
7,871,581.660540944793
8,871,354.039275577156
9,871,516.659918399957
10,871,400.010844273145
11,871,508.035206144154
12,871,462.932686778985
13,871,491.095211909924
14,871,379.742831128951
15,871,340.632530869607
16,871,296.942264270231
17,871,418.556016159376
18,871,348.595122270843
1,872,442.476314196048
2,872,279.893298048704
3,872,255.251836531137
4,872,440.867763150299
5,872,473.082952133127
6,872,349.163828770661
7,872,432.318238497814
8,872,412.733881535719
9,872,369.145798847267
10,872,267.290230147671
11,872,462.305588736922
12,872,509.46489243821
13,872,416.115680217975
14,872,400.696372384881
15,872,308.753496929859
16,872,398.828750769142
17,872,266.821351344072
18,872,475.170081669115
1,873,326.270675222115
2,873,387.045499233219
3,873,231.570501937438
4,873,359.639548597621
5,873,280.662197487221
6,873,292.120992776847
7,873,349.211110408034
8,873,261.963096313205
9,873,394.068320412367
10,873,492.85203052595
11,873,507.827225991028
12,873,388.704169075509
13,873,303.518850985907
14,873,507.944384299289
15,873,350.848635108569
16,873,457.286126692281
17,873,326.487185596023
18,873,359.169614813607
1,874,496.549711386967
2,874,333.363995038682
3,874,317.543407394092
4,874,486.022647604607
5,874,279.603593834955
6,874,246.96037463445
7,874,297.452794367721
8,874,361.560953444024
9,874,323.250492978153
10,874,369.730661027103
11,874,340.688304207454
12,874,387.932201281924
13,874,455.722162351841
14,874,352.739036120339
15,874,384.041574881729
16,874,507.126688763794
17,874,468.232468263009
18,874,470.699875867636
1,875,339.569025067502
2,875,224.199393431254
3,875,438.606329407402
4,875,249.620420226048
5,875,326.584135569542
6,875,360.710414951949
7,875,264.708766475213
8,875,312.724441105235
9,875,428.218063737697
10,875,363.838150025091
11,875,357.339858560728
12,875,291.473434274477
13,875,344.945159424341
14,875,339.597396968518
15,875,300.578846161372
16,875,567.811221572081
17,875,331.024135688962
18,875,297.301585900295
1,876,254.361721608585
2,876,286.107952716337
3,876,518.016178248329
4,876,330.085142401567
5,876,358.328314348737
6,876,424.620443710347
7,876,388.957996639819
8,876,373.501137356051
9,876,427.486528183055
10,876,293.472843499638
11,876,421.446308629497
12,876,380.613371168963
13,876,240.408925816587
14,876,306.897357754907
15,876,333.962700001108
16,876,321.816102398604
17,876,355.957280502955
18,876,477.208420802141
1,877,497.434945864792
2,877,350.480816019356
3,877,421.632547794986
4,877,491.861249868165
5,877,352.026386027526
6,877,373.586830627042
7,877,337.693627843886
8,877,459.441014527158
9,877,298.771601350352
10,877,297.4916749129
11,877,452.50307954235
12,877,444.969213673852
13,877,379.638371427088
14,877,402.977870059128
15,877,363.352145076694
16,877,440.732351327238
17,877,447.323346947232
18,877,409.562489726155
1,878,362.654995017058
2,878,431.989128310974
3,878,357.585315953942
4,878,377.348965499756
5,878,375.300534990301
6,878,320.729863154768
7,878,407.261157726753
8,878,382.313858280447
9,878,525.676673913639
10,878,592.518790485056
11,878,366.200338749378
12,878,405.790661547158
13,878,407.43701275204
14,878,382.813536538769
15,878,332.072147955521
16,878,427.116866397515
17,878,426.151787411371
18,878,434.901201354201
1,879,371.377511353827
2,879,394.182694575919
3,879,486.515277553545
4,879,279.666833228645
5,879,346.669002809739
6,879,334.688935988162
7,879,413.056278552809
8,879,319.449562581593
9,879,376.102308882192
10,879,483.495171927729
11,879,448.914809579614
12,879,393.419545960178
13,879,261.953592311766
14,879,365.978643849536
15,879,316.009566609223
16,879,305.787686067307
17,879,437.388019451783
18,879,395.3368542189
1,880,474.589771535847
2,880,289.463447250571
3,880,332.640446784444
4,880,214.687018042655
5,880,472.900363727582
6,880,316.884083863817
7,880,345.977522837863
8,880,438.05049597099
9,880,316.476683915192
10,880,352.512738332257
11,880,370.332558220103
12,880,449.560903578652
13,880,314.456985083064
14,880,398.145234774653
15,880,453.163781273439
16,880,408.614971126538
17,880,336.238504606584
18,880,374.289614275035
1,881,534.514419680792
2,881,407.161560911867
3,881,475.294013983378
4,881,510.522995344544
5,881,432.274818667943
6,881,356.155452280578
7,881,252.472659392099
8,881,308.769848243833
9,881,377.027179501621
10,881,462.034136299132
11,881,426.212965422543
12,881,344.89593253345
13,881,264.074204082044
14,881,330.144364942682
15,881,547.493447354267
16,881,379.549162966235
17,881,402.518585853538
18,881,330.755628149885
1,882,303.649571712004
2,882,349.71362914324
3,882,371.912887980783
4,882,494.113248384748
5,882,437.050857739719
6,882,468.845156034014
7,882,352.940384408649
8,882,384.015051467691
9,882,336.818030440651
10,882,397.065750931741
11,882,405.351188537754
12,882,447.389504857013
13,882,490.216581099728
14,882,369.156976478923
15,882,247.145878368524
16,882,359.283662662036
17,882,237.257320590654
18,882,384.584136151322
1,883,486.020590297851
2,883,506.523420286808
3,883,377.848181836907
4,883,258.547027682598
5,883,415.926630726561
6,883,261.448301610183
7,883,342.480678345873
8,883,517.575791049243
9,883,450.229489143744
10,883,431.200698996704
11,883,238.658639625808
12,883,364.982076515869
13,883,537.817825194731
14,883,464.62018220604
15,883,382.79386952842
16,883,378.587182498852
17,883,404.076276777399
18,883,337.741093460793
1,884,335.340938604568
2,884,397.492286760528
3,884,404.330469049175
4,884,569.261391481095
5,884,361.421415850535
6,884,342.612058239266
7,884,388.215952743342
8,884,261.875134810961
9,884,322.173101606489
10,884,337.151259972806
11,884,412.00600933254
12,884,392.508645948423
13,884,259.303176631229
14,884,517.793629157936
15,884,421.07938408783
16,884,410.850457643487
17,884,272.754086713052
18,884,407.408757717568
1,885,373.410552211393
2,885,428.199553604392
3,885,308.749401211349
4,885,337.881548158194
5,885,397.700643581142
6,885,309.073621585518
7,885,252.865794547542
8,885,342.820375948554
9,885,393.972371073654
10,885,251.522415694741
11,885,407.980631118757
12,885,433.611244085921
13,885,243.733788531593
14,885,458.451285011615
15,885,395.57859110776
16,885,252.411797717507
17,885,340.435975091238
18,885,360.87036249006
1,886,254.570555908141
2,886,469.915891707315
3,886,469.909430706511
4,886,310.602003733782
5,886,405.77413179139
6,886,382.675314083433
7,886,344.798874091778
8,886,529.213288475361
9,886,465.766665901998
10,886,237.280115880956
11,886,493.201566063944
12,886,421.821984466046
13,886,547.628594932245
14,886,407.774373068828
15,886,351.213311269841
16,886,444.01393328665
17,886,443.307217197068
18,886,304.252029530511
1,887,402.536759076718
2,887,394.159102978775
3,887,408.729329955613
4,887,417.06883948623
5,887,371.181813915186
6,887,473.898075753399
7,887,307.345968609643
8,887,394.204640079389
9,887,315.161713810069
10,887,388.084518582388
11,887,298.088565994559
12,887,450.143579906023
13,887,387.090209764693
14,887,316.942718433638
15,887,320.95169010157
16,887,395.761965770837
17,887,271.106544669601
18,887,381.586020003195
1,888,367.552437525914
2,888,459.513104424774
3,888,413.201888996838
4,888,218.537434392284
5,888,314.923287030148
6,888,312.035202501173
7,888,381.660841536248
8,888,303.748304846035
9,888,431.747466210215
10,888,457.745917896528
11,888,372.073723058281
12,888,339.82869277298
13,888,319.429397783691
14,888,402.427142479893
15,888,225.444484166802
16,888,434.924496778866
17,888,329.725431830937
18,888,291.156098939032
1,889,391.286870282087
2,889,470.017433601172
3,889,525.967643086981
4,889,257.772141558952
5,889,319.00906453723
6,889,305.813212458025
7,889,474.318153767299
8,889,427.213904618038
9,889,413.258666860362
10,889,382.826208038487
11,889,441.713091826178
12,889,375.963585574908
13,889,303.25819621421
14,889,402.345935633358
15,889,293.248506926778
16,889,451.830828453587
17,889,312.527234658571
18,889,246.320926372176
1,890,418.607829884551
2,890,431.390327117371
3,890,512.0184766217
4,890,479.308790932542
5,890,341.873811564278
6,890,231.590768268685
7,890,378.746010488427
8,890,456.523044329774
9,890,362.145253761055
10,890,257.259146587922
11,890,395.790761075895
12,890,317.245155861252
13,890,241.076725879804
14,890,257.236900382135
15,890,382.910896019352
16,890,283.632932603417
17,890,371.654212636247
18,890,361.287766158831
1,891,446.845990429434
2,891,302.882421156236
3,891,306.582127558859
4,891,479.522567563392
5,891,336.765147053318
6,891,339.352359689337
7,891,469.628007624886
8,891,354.311276863196
9,891,339.371901577552
10,891,359.450565271242
11,891,413.588373500194
12,891,513.843607794292
13,891,561.939343575521
14,891,380.468887812321
15,891,327.01486979397
16,891,433.176839874342
17,891,306.920144909512
18,891,476.50241824674
1,892,440.703937476351
2,892,545.487618423618
3,892,471.402436481807
4,892,389.949773510906
5,892,387.651464460304
6,892,522.157511436894
7,892,447.937137704464
8,892,381.327740394967
9,892,360.450173642202
10,892,405.478832010498
11,892,282.542535876017
12,892,269.879032774609
13,892,379.970573369727
14,892,496.340323515097
15,892,510.972027760112
16,892,443.908337928641
17,892,321.457092822398
18,892,460.296022862828
1,893,454.736123108659
2,893,377.707178566112
3,893,438.222035707793
4,893,378.458814508487
5,893,578.897819744575
6,893,322.957919537088
7,893,422.343807561509
8,893,518.390140964701
9,893,309.603953945556
10,893,340.162178458665
11,893,370.23017077156
12,893,267.736462083864
13,893,268.02291539021
14,893,515.09575090253
15,893,412.675704446367
16,893,337.759411985081
17,893,483.687906696888
18,893,390.699737736481
1,894,366.829699735312
2,894,304.163087329113
3,894,477.014118918847
4,894,247.612593050724
5,894,475.802070467968
6,894,390.333404411727
7,894,301.912936814777
8,894,361.624724626911
9,894,550.159536801246
10,894,353.119333301465
11,894,421.336896410289
12,894,270.750055554119
13,894,395.313471759234
14,894,309.949083783456
15,894,395.383476585906
16,894,368.799353833215
17,894,316.621909611476
18,894,236.063449610748
1,895,236.289037065045
2,895,386.765264603609
3,895,530.325805759933
4,895,326.062614789654
5,895,313.889856110926
6,895,310.146682436114
7,895,314.814671155334
8,895,391.274602666997
9,895,421.965431561804
10,895,245.159446042457
11,895,384.007263478252
12,895,340.180485772172
13,895,361.722299812746
14,895,403.781846404015
15,895,374.814565698259
16,895,245.735861285494
17,895,534.218550433495
18,895,492.201612096208
1,896,325.795395665181
2,896,552.514919614533
3,896,371.883770977494
4,896,376.686635075493
5,896,456.195449527766
6,896,368.372789887377
7,896,389.46310155109
8,896,309.496900951875
9,896,442.676347380319
10,896,323.476947293581
11,896,351.486932315533
12,896,459.388079960044
13,896,312.115807216235
14,896,442.54909954072
15,896,340.563240576838
16,896,296.75049267285
17,896,396.22434423659
18,896,319.736036305413
1,897,402.956220325563
2,897,521.249891988419
3,897,252.545895418755
4,897,353.883348697555
5,897,307.619104278239
6,897,495.303323133621
7,897,386.046759150441
8,897,313.382297014748
9,897,383.820187377939
10,897,466.609747114842
11,897,482.832041370755
12,897,388.742667917681
13,897,389.16080833729
14,897,436.085164785958
15,897,375.878283322012
16,897,374.989450099023
17,897,400.336035980416
18,897,320.656765142735
1,898,508.393473179501
2,898,408.12170841252
3,898,336.06168648898
4,898,389.371421744081
5,898,306.636762161244
6,898,436.140438677256
7,898,273.948991115952
8,898,231.808615492295
9,898,417.804414460304
10,898,351.550026716295
11,898,293.085367545647
12,898,485.852026534619
13,898,438.567270121347
14,898,300.714520136882
15,898,413.808812628828
16,898,459.707562897716
17,898,342.233785206966
18,898,267.978718990698
1,899,307.673791797565
2,899,535.419623942634
3,899,318.472409605266
4,899,249.252806152746
5,899,372.094302009559
6,899,425.765634771457
7,899,412.910870137186
8,899,408.532182371807
9,899,431.902911971942
10,899,308.754902755788
11,899,247.148042339301
12,899,424.367792864294
13,899,358.295722380171
14,899,421.295151575499
15,899,505.275977331585
16,899,381.310802792545
17,899,358.323695580587
18,899,492.62375912701
1,900,254.449087460331
2,900,260.086539900067
3,900,317.195978161728
4,900,342.019516571636
5,900,351.826053037385
6,900,241.250285108281
7,900,333.802848995316
8,900,506.261925939193
9,900,481.180969342607
10,900,284.928230935626
11,900,478.072225850712
12,900,310.623277182017
13,900,405.11037398708
14,900,353.741144846665
15,900,541.01259182819
16,900,337.27172438301
17,900,410.02772645924
18,900,278.217339729213
1,901,396.076097128462
2,901,442.314140832469
3,901,280.787497434954
4,901,423.717800511795
5,901,447.491859666628
6,901,328.93600353996
7,901,265.487600618581
8,901,503.057030116906
9,901,393.665201788211
10,901,337.212279147025
11,901,359.102848478613
12,901,312.103607583709
13,901,419.314588945341
14,901,502.192212647192
15,901,416.172965683864
16,901,352.11091935727
17,901,359.657287428105
18,901,514.176249610883
1,902,446.468509424079
2,902,443.329663233816
3,902,335.027187752328
4,902,382.656488348702
5,902,259.878342371291
6,902,447.578625848097
7,902,326.164037750627
8,902,449.593281129166
9,902,243.858934784841
10,902,357.464023917984
11,902,458.83756752916
12,902,308.488704029959
13,902,353.565871426383
14,902,346.688613203395
15,902,323.11215519275
16,902,306.385037064357
17,902,483.569080945529
18,902,447.315553464398
1,903,339.268539939666
2,903,241.323386754635
3,903,392.325119274558
4,903,454.65384837983
5,903,422.445439072238
6,903,415.472474514799
7,903,299.102290246331
8,903,490.269136551713
9,903,462.745457825773
10,903,489.067502473172
11,903,341.363301891699
12,903,326.249770968424
13,903,332.356263842281
14,903,265.760807978085
15,903,308.131825115154
16,903,318.864796350577
17,903,328.261691355644
18,903,373.406162793768
1,904,391.857219353765
2,904,397.889691622088
3,904,417.610039128752
4,904,242.010684863315
5,904,446.943824548731
6,904,366.113668529568
7,904,306.61931732177
8,904,378.496178163393
9,904,585.263802187617
10,904,391.056231601851
11,904,336.11980889615
12,904,439.951315435976
13,904,311.067833873546
14,904,321.304030347669
15,904,278.266081264716
16,904,441.639152958999
17,904,303.917320102783
18,904,325.9334237626
1,905,401.037304988311
2,905,356.258340550838
3,905,247.916665362479
4,905,280.953799164608
5,905,352.728790561458
6,905,408.366687188153
7,905,507.724204862205
8,905,419.244807424578
9,905,393.529717088415
10,905,341.591569766261
11,905,505.941757158593
12,905,290.256593319061
13,905,390.943740434385
14,905,405.046567949576
15,905,407.746862642554
16,905,275.571109302388
17,905,499.626384204536
18,905,380.170151122754
1,906,420.727146023616
2,906,336.395840314219
3,906,442.831426403804
4,906,333.681436829306
5,906,395.825797175154
6,906,369.138904938122
7,906,319.95640342852
8,906,294.027575043797
9,906,501.892351469275
10,906,340.080473254224
11,906,319.417759182522
12,906,420.119366094089
13,906,336.878521220419
14,906,436.248895515265
15,906,238.521987421234
16,906,515.477975193348
17,906,305.022200759326
18,906,238.97030352714
1,907,371.066126030983
2,907,358.960656449865
3,907,360.845151176447
4,907,430.029518226973
5,907,380.556348246703
6,907,519.846604888879
7,907,368.465165943127
8,907,350.607342207844
9,907,374.158905774047
10,907,383.63413008552
11,907,563.155030167624
12,907,254.496338249662
13,907,469.84281304989
14,907,333.656821703818
15,907,507.751284686365
16,907,344.417880529443
17,907,452.765393953148
18,907,373.0067427163
1,908,371.588133056665
2,908,502.270163935688
3,908,399.386609529292
4,908,341.231434312796
5,908,494.893122898907
6,908,449.609079107272
7,908,330.619125412936
8,908,369.677267352784
9,908,352.108564600987
10,908,412.494483654279
11,908,349.767360984043
12,908,406.652201360675
13,908,329.837171806489
14,908,341.475459073201
15,908,437.275485933193
16,908,308.884035119153
17,908,281.267060920195
18,908,409.14048854514
1,909,360.440493912726
2,909,373.053328052377
3,909,400.982816916701
4,909,402.892250127333
5,909,272.234362515996
6,909,400.441331462472
7,909,300.954567987818
8,909,333.800096898143
9,909,339.577727261743
10,909,423.160635149601
11,909,361.519012203591
12,909,472.317379098105
13,909,401.406747404503
14,909,424.373164911729
15,909,376.005577003525
16,909,336.825416897253
17,909,228.868654561001
18,909,477.779719191646
1,910,509.364643414864
2,910,356.166774286468
3,910,279.50674566427
4,910,500.475848488108
5,910,467.853982172225
6,910,372.548596256009
7,910,334.903790961788
8,910,381.315287455877
9,910,430.371481488668
10,910,381.664547596384
11,910,311.191282908947
12,910,487.871047691813
13,910,319.131519879127
14,910,355.489110534292
15,910,509.750390516048
16,910,442.268057140467
17,910,467.645483784436
18,910,418.227854541293
1,911,216.069829536463
2,911,405.756579714183
3,911,325.47481355272
4,911,282.424145233912
5,911,255.727874438435
6,911,523.135298978122
7,911,276.324487366599
8,911,336.209357646814
9,911,533.095886228291
10,911,496.399296477373
11,911,329.379735926739
12,911,270.465016005618
13,911,325.779212206746
14,911,458.679028821705
15,911,280.509696131653
16,911,363.074808045833
17,911,410.892167894777
18,911,321.949815426918
1,912,316.835868579778
2,912,386.960110316131
3,912,524.667350846972
4,912,487.969514787324
5,912,420.761691015023
6,912,367.041234489389
7,912,511.754758123267
8,912,342.203415651078
9,912,418.149017775511
10,912,389.824523601134
11,912,330.474650454168
12,912,356.020596076627
13,912,311.37368162547
14,912,345.80732016488
15,912,274.893048948404
16,912,362.429405286583
17,912,419.267639193619
18,912,277.997941142474
1,913,414.824397368246
2,913,477.508929564202
3,913,367.25920210988
4,913,438.823854148798
5,913,399.347200031397
6,913,402.784052140274
7,913,385.347468735596
8,913,316.643906053132
9,913,338.970731034433
10,913,368.250320014608
11,913,381.13092092367
12,913,462.929384244094
13,913,368.311153418964
14,913,383.240637591327
15,913,382.108970450798
16,913,245.110156590729
17,913,376.200940334982
18,913,455.064034517443
1,914,360.709386777703
2,914,354.210880523383
3,914,421.492376601833
4,914,452.230237051631
5,914,463.440819622072
6,914,469.89731854688
7,914,545.090122779037
8,914,411.304813199252
9,914,245.702383512213
10,914,277.736728435921
11,914,231.865762409867
12,914,285.124939512107
13,914,436.019284095377
14,914,396.950501616219
15,914,532.945160692895
16,914,335.968787714091
17,914,407.818752777564
18,914,286.817750359213
1,915,266.451804322261
2,915,369.072618229878
3,915,451.387697098246
4,915,434.324092187055
5,915,393.447621589322
6,915,404.423757494508
7,915,453.678105763755
8,915,403.888010077697
9,915,326.449167435006
10,915,399.697721586232
11,915,240.977053078779
12,915,422.805523345298
13,915,389.760476975491
14,915,430.550330836165
15,915,456.605807579214
16,915,401.146993095328
17,915,294.671741187097
18,915,326.145355732481
1,916,280.878408865054
2,916,379.966222294926
3,916,348.758373246958
4,916,322.126314217306
5,916,418.89569892768
6,916,406.096809082955
7,916,329.927770377049
8,916,468.64204899002
9,916,250.997319624705
10,916,424.483549359655
11,916,245.354589868238
12,916,350.799031041752
13,916,317.900476178418
14,916,504.628441712925
15,916,446.982579551689
16,916,491.73478996956
17,916,519.452260566411
18,916,314.909852157245
1,917,346.00941074154
2,917,505.358559246343
3,917,397.560790841128
4,917,381.578207439502
5,917,364.602568384966
6,917,230.992351279708
7,917,355.760833033499
8,917,292.32492748454
9,917,383.616347973999
10,917,401.108871922018
11,917,327.556880187354
12,917,326.650893032955
13,917,430.985268814432
14,917,352.103664693938
15,917,497.520813412423
16,917,325.701806565507
17,917,322.427739496036
18,917,301.016844736731
1,918,378.121942470339
2,918,542.807635925173
3,918,443.185596446711
4,918,398.554453534931
5,918,403.736108070284
6,918,387.943294439341
7,918,452.690411564306
8,918,322.216189179543
9,918,313.704149793679
10,918,376.895262156975
11,918,332.039113718846
12,918,328.304263905224
13,918,273.78205991482
14,918,332.536102289759
15,918,318.487513196996
16,918,437.378639494373
17,918,405.540358871641
18,918,352.02739496929
1,919,304.820084323572
2,919,308.659761053797
3,919,292.496447491064
4,919,377.19428781121
5,919,304.124748995894
6,919,535.016455702102
7,919,408.984516213611
8,919,315.54915932914
9,919,388.339189407626
10,919,328.438060672271
11,919,347.319872154104
12,919,366.453963131604
13,919,409.630386563858
14,919,464.11988862965
15,919,365.574516941292
16,919,409.963527142441
17,919,333.75490755601
18,919,298.869729255594
1,920,448.606259913107
2,920,493.384903799925
3,920,385.635781488231
4,920,421.255839622049
5,920,402.586459652783
6,920,372.653806690827
7,920,293.440225717878
8,920,277.276656565264
9,920,398.996308268289
10,920,417.75163024656
11,920,462.87205154906
12,920,223.44573556375
13,920,269.942515396089
14,920,493.642726513851
15,920,454.440482377403
16,920,340.364001986379
17,920,348.381130696773
18,920,500.565280420798
1,921,492.165710169394
2,921,478.574528174017
3,921,475.303903254856
4,921,372.941350610112
5,921,437.094174060234
6,921,359.285249140109
7,921,450.271593843555
8,921,395.042414940626
9,921,392.588751495244
10,921,413.63867973965
11,921,322.100501388267
12,921,430.338002043147
13,921,470.016565992887
14,921,337.902300718656
15,921,329.120252542781
16,921,276.641635003375
17,921,464.926015243701
18,921,335.716959541526
1,922,266.332011554573
2,922,403.240994943652
3,922,342.439727022788
4,922,388.399767707475
5,922,538.440496619201
6,922,476.337877173049
7,922,371.127292276359
8,922,417.416421518384
9,922,362.895112588442
10,922,364.774301904584
11,922,384.79371065754
12,922,340.343699979468
13,922,455.944131509008
14,922,397.679780061341
15,922,206.293037273169
16,922,399.111848356001
17,922,430.700870010794
18,922,253.66795124432
1,923,348.312415237675
2,923,322.864099598934
3,923,322.089126513744
4,923,275.654097480951
5,923,396.256158542952
6,923,379.807826189219
7,923,260.795113161968
8,923,363.036628730457
9,923,303.481467623155
10,923,466.239621499608
11,923,263.650359633559
12,923,563.150826470622
13,923,288.71837195164
14,923,243.589488115623
15,923,275.353395902301
16,923,347.606083357181
17,923,371.405274207949
18,923,277.481605909411
1,924,440.441697735849
2,924,338.705043042251
3,924,292.881064368216
4,924,319.004490658648
5,924,308.375446051458
6,924,324.925637186119
7,924,475.142626973077
8,924,345.268183097948
9,924,253.157931865411
10,924,342.642408732671
11,924,442.147825604934
12,924,443.918255364374
13,924,367.898826090074
14,924,500.30590523093
15,924,387.680381971272
16,924,462.921396033139
17,924,213.402217780425
18,924,357.663206856793
1,925,331.367718308121
2,925,414.576519772586
3,925,279.959126115235
4,925,317.304763607711
5,925,360.988729486487
6,925,282.975329925831
7,925,486.664885349986
8,925,228.998882352796
9,925,441.464885428768
10,925,358.579444687402
11,925,225.00691384135
12,925,389.211183725984
13,925,417.30173609454
14,925,442.848987626659
15,925,507.590545989993
16,925,303.751353444948
17,925,442.730140695589
18,925,423.462591335568
1,926,270.494820763526
2,926,392.465577293065
3,926,298.44671952138
4,926,443.586231611238
5,926,250.163133833952
6,926,465.975951426796
7,926,389.249186973421
8,926,413.482288037531
9,926,339.060041379282
10,926,520.85394116993
11,926,364.91539682429
12,926,330.397270454102
13,926,408.798029681799
14,926,463.696862237759
15,926,422.823781980781
16,926,409.467522658343
17,926,323.84514415513
18,926,300.463665373042
1,927,534.93920521786
2,927,343.299874134422
3,927,344.920184794701
4,927,507.612055612551
5,927,318.971030673167
6,927,407.450734903143
7,927,507.054992067213
8,927,497.745158043933
9,927,405.338005423208
10,927,335.674670346057
11,927,498.81623035261
12,927,318.413158073912
13,927,244.772412940953
14,927,358.171034395836
15,927,513.685569400585
16,927,393.389281660249
17,927,409.486314941248
18,927,412.905305037848
1,928,309.505356715616
2,928,369.177513149791
3,928,471.92221163514
4,928,301.740341530029
5,928,506.859820429209
6,928,490.115591827385
7,928,423.910777099589
8,928,442.413554462892
9,928,267.619185704737
10,928,379.934814933761
11,928,469.157147936804
12,928,459.928550887188
13,928,503.889952841726
14,928,385.499236084602
15,928,349.015399637875
16,928,475.629775998986
17,928,396.268469946532
18,928,496.844831035274
1,929,342.303561191631
2,929,517.227532698226
3,929,368.306489734477
4,929,419.942619616193
5,929,493.536482775672
6,929,362.413326165613
7,929,444.688076365217
8,929,411.116434239553
9,929,456.882378203807
10,929,496.509829256525
11,929,367.416585838641
12,929,240.929666005042
13,929,434.331885371305
14,929,526.892107774724
15,929,352.513833183737
16,929,303.17399933709
17,929,471.423472494845
18,929,375.044527074492
1,930,465.803601542029
2,930,336.205097757706
3,930,263.575192164683
4,930,312.053730712718
5,930,408.230246612311
6,930,449.123976096527
7,930,425.647303377072
8,930,486.34503687519
9,930,298.811487730035
10,930,425.90583381516
11,930,359.277829742349
12,930,456.453299490929
13,930,438.963732331075
14,930,364.347228139748
15,930,234.915876944222
16,930,402.808629643476
17,930,355.381394630167
18,930,372.676973136867
1,931,459.888426188753
2,931,280.677775261346
3,931,266.308376469141
4,931,287.060294631323
5,931,301.73217704913
6,931,287.607720566151
7,931,442.071996672415
8,931,369.53994900103
9,931,384.099570760023
10,931,344.236579506641
11,931,335.033667114883
12,931,386.775062304832
13,931,359.713414325635
14,931,505.90894410547
15,931,382.405031030177
16,931,305.068054840501
17,931,582.833281239082
18,931,402.345218009917
1,932,332.059649853284
2,932,303.473942291983
3,932,264.128556218324
4,932,390.046159662663
5,932,438.29854980088
6,932,422.186762536984
7,932,301.315639049963
8,932,390.057199559802
9,932,340.485791011063
10,932,513.995164559738
11,932,263.281831189249
12,932,324.461247026893
13,932,424.708442305191
14,932,367.75968721546
15,932,305.031780054736
16,932,372.476487392583
17,932,344.838529053003
18,932,243.33084388046
1,933,346.580454097727
2,933,408.874310704169
3,933,352.592844444673
4,933,390.259685134587
5,933,283.548606112839
6,933,488.431149342466
7,933,444.84937918424
8,933,330.338619145807
9,933,414.416537884953
10,933,250.897915145836
11,933,240.659323257522
12,933,288.209862596129
13,933,423.510114426637
14,933,369.902896954248
15,933,381.299827138614
16,933,348.562639491072
17,933,323.818201905174
18,933,298.300145472681
1,934,510.135413575443
2,934,408.729110051588
3,934,430.216754359848
4,934,336.66019778874
5,934,413.560615576246
6,934,418.825106971878
7,934,364.586833906168
8,934,435.910221585479
9,934,383.482667505421
10,934,427.151795853118
11,934,257.15606288416
12,934,451.850861193957
13,934,465.387440919262
14,934,501.278778939801
15,934,475.826577751439
16,934,424.372183191054
17,934,461.14691369775
18,934,518.485546097225
1,935,328.67651193356
2,935,280.2148355522
3,935,464.207736503026
4,935,398.606777646167
5,935,241.346973641806
6,935,448.753672133467
7,935,279.772194360321
8,935,560.078572040448
9,935,384.387795066299
10,935,392.755547631277
11,935,398.208701683395
12,935,408.062423264178
13,935,345.677382569084
14,935,270.040369748812
15,935,410.565430919752
16,935,242.943288957334
17,935,499.473502295522
18,935,387.839620487314
1,936,467.517883190902
2,936,324.574979046336
3,936,330.402699204948
4,936,272.780465803869
5,936,246.030179137184
6,936,346.456481299886
7,936,279.035510792026
8,936,380.940970395022
9,936,358.05773447903
10,936,344.888600898514
11,936,333.791509788061
12,936,332.68942435212
13,936,311.35036290857
14,936,456.628617937457
15,936,388.119679325299
16,936,380.53135875814
17,936,376.801265362915
18,936,279.514636048658
1,937,376.658231944289
2,937,498.500594860126
3,937,381.448027122727
4,937,530.619107045222
5,937,401.096006631722
6,937,351.733719988364
7,937,443.414124050856
8,937,330.825339047972
9,937,407.707777949785
10,937,356.84355380663
11,937,268.641981818417
12,937,280.20770082432
13,937,414.981347004603
14,937,364.773995122696
15,937,351.050510347803
16,937,368.321836731729
17,937,332.804290206715
18,937,477.446512692636
1,938,381.981899544898
2,938,344.54803179749
3,938,353.303704298557
4,938,388.842174076091
5,938,341.054652786308
6,938,492.717495704971
7,938,509.726812900154
8,938,454.162838483181
9,938,339.26995100343
10,938,322.364440485753
11,938,389.495397189598
12,938,301.187657811791
13,938,477.952202593413
14,938,303.71668776719
15,938,349.178499220453
16,938,291.120768788679
17,938,429.234729137917
18,938,336.00428121888
1,939,485.025381334193
2,939,412.719964079059
3,939,320.394689535067
4,939,441.242601707734
5,939,433.721721356207
6,939,321.321983691623
7,939,429.309013201053
8,939,298.091530514937
9,939,303.169601062264
10,939,319.286139851968
11,939,411.456779243286
12,939,307.775812878753
13,939,421.313042556438
14,939,535.045622999037
15,939,362.437783357404
16,939,417.936301614489
17,939,316.20489888339
18,939,389.196497146751
1,940,342.876652109102
2,940,265.159509152658
3,940,403.696191007053
4,940,310.324947455262
5,940,363.648104859338
6,940,496.425283708041
7,940,419.248282771673
8,940,462.573703572972
9,940,396.399592644526
10,940,293.653584287395
11,940,447.599240362107
12,940,264.539895450501
13,940,374.557548227634
14,940,307.808926880078
15,940,426.913178086896
16,940,356.355486326819
17,940,442.317803051509
18,940,505.73055404463
1,941,508.9435917348
2,941,370.177099183864
3,941,541.124347780916
4,941,346.155835988561
5,941,385.26536826572
6,941,349.623641188163
7,941,290.781432740367
8,941,448.125165799426
9,941,270.885045360047
10,941,282.377346596403
11,941,252.956043506089
12,941,362.018894958126
13,941,437.403289796219
14,941,353.294048490407
15,941,489.239219841581
16,941,473.476821155569
17,941,509.795211570557
18,941,375.460996172308
1,942,423.166765949692
2,942,355.189577093034
3,942,404.738331332521
4,942,404.751768254971
5,942,473.42466113544
6,942,314.314772524173
7,942,365.931524847647
8,942,297.126742596219
9,942,557.739973276077
10,942,426.416454892542
11,942,334.377194182995
12,942,441.904077810428
13,942,370.470152200709
14,942,374.615211280468
15,942,334.894214569761
16,942,438.201473350149
17,942,295.195358422406
18,942,395.07228776118
1,943,299.01195185339
2,943,382.137143702945
3,943,257.015481113117
4,943,262.161042299846
5,943,393.291741712759
6,943,355.168537604353
7,943,389.940221266753
8,943,313.418336850998
9,943,427.5198850767
10,943,407.785872484718
11,943,253.155502223714
12,943,514.825574844524
13,943,421.013772957193
14,943,319.33907134084
15,943,291.959198334961
16,943,338.328753899084
17,943,415.202352959234
18,943,392.200788516167
1,944,311.23760837963
2,944,400.9076027884
3,944,360.481500801045
4,944,374.89466622328
5,944,502.457768767426
6,944,313.784568634903
7,944,281.915887963342
8,944,317.412617084186
9,944,285.375816967705
10,944,345.478100265082
11,944,229.886582074166
12,944,347.196310192036
13,944,377.356950480777
14,944,323.573823516745
15,944,272.971130011987
16,944,435.688467899641
17,944,308.115811954973
18,944,465.413503770229
1,945,427.674566206253
2,945,386.586153818715
3,945,356.031157389743
4,945,404.968540357662
5,945,232.647604706742
6,945,494.686346631706
7,945,285.753725132697
8,945,356.239162491823
9,945,249.427800309597
10,945,390.103257795814
11,945,286.274303539549
12,945,390.8828068689
13,945,303.227979607993
14,945,388.399688927972
15,945,566.294028198117
16,945,306.181148355165
17,945,341.591520314219
18,945,389.339338325544
1,946,397.756579874151
2,946,449.084251554028
3,946,261.30234507971
4,946,338.218345145765
5,946,380.998020336849
6,946,304.015368136042
7,946,357.674058492102
8,946,446.545625674548
9,946,284.138430721325
10,946,472.73017996629
11,946,299.371228296383
12,946,338.162712866019
13,946,391.625336619792
14,946,363.785448826091
15,946,385.066615321585
16,946,395.700385608253
17,946,300.051900004829
18,946,290.883777448497
1,947,356.147653282751
2,947,318.72072820625
3,947,364.32322717184
4,947,432.78295776093
5,947,280.287811030434
6,947,294.794973963616
7,947,356.429708888197
8,947,289.551052056056
9,947,278.795418092354
10,947,477.130832358774
11,947,312.593920877308
12,947,282.428172406164
13,947,509.417286745446
14,947,394.642074249332
15,947,421.659520874016
16,947,364.101930373897
17,947,383.716215390719
18,947,254.389854944902
1,948,308.609815087567
2,948,368.3470332476
3,948,481.603959084276
4,948,438.098097246727
5,948,385.028801285376
6,948,308.252145179739
7,948,245.540832495609
8,948,263.39414914142
9,948,371.707252422612
10,948,353.466239314919
11,948,362.127485374024
12,948,353.05308911712
13,948,286.623988219224
14,948,323.010906125421
15,948,411.1735437025
16,948,333.851324717502
17,948,372.460761463648
18,948,398.30817488195
1,949,564.559442212324
2,949,426.102037327737
3,949,586.66745347494
4,949,501.871459543019
5,949,340.140762256876
6,949,387.1586948276
7,949,425.233034849548
8,949,353.225404189023
9,949,325.855532770939
10,949,351.828590381347
11,949,385.929089397932
12,949,396.223630664398
13,949,316.025505942362
14,949,396.846727509271
15,949,388.848902273032
16,949,363.966470909412
17,949,441.643459021006
18,949,441.728365800265
1,950,460.43652176551
2,950,517.851800719228
3,950,319.227694436196
4,950,384.676364586034
5,950,286.666425876022
6,950,280.947615931819
7,950,303.85452372025
8,950,297.892310537947
9,950,310.173675760683
10,950,392.79838988813
11,950,443.626310847809
12,950,281.400111110308
13,950,422.120934776552
14,950,391.892139501392
15,950,215.852326791442
16,950,364.600449947133
17,950,315.16026155696
18,950,372.758085600673
1,951,343.789480002871
2,951,315.221067145885
3,951,259.450845789613
4,951,438.008622488284
5,951,395.328054885623
6,951,449.828084136568
7,951,328.525912816805
8,951,412.782988412466
9,951,328.907478640764
10,951,301.692174560626
11,951,434.518630852588
12,951,330.521382522638
13,951,321.69413448496
14,951,296.319862150215
15,951,482.348321408382
16,951,533.801655411364
17,951,432.120321532282
18,951,294.492498395829
1,952,294.483114968533
2,952,369.195495487322
3,952,491.257766027655
4,952,430.810767010728
5,952,294.26934507532
6,952,486.538266716305
7,952,325.702402966487
8,952,455.637469848981
9,952,298.499458781119
10,952,420.020433762967
11,952,392.870637700258
12,952,521.561243936243
13,952,301.18599980567
14,952,328.468509183654
15,952,351.863002412464
16,952,402.081232849529
17,952,429.785401145326
18,952,256.830260857728
1,953,335.947796382424
2,953,304.064147562634
3,953,415.793559139334
4,953,330.630391595406
5,953,418.015022975527
6,953,382.389440497641
7,953,356.084757076284
8,953,432.866302582005
9,953,402.572524467498
10,953,302.832193398657
11,953,446.015888750617
12,953,318.476655483281
13,953,344.959972348984
14,953,524.546399075884
15,953,350.26943339272
16,953,365.116164660207
17,953,391.480197099495
18,953,329.534507133115
1,954,457.940741593039
2,954,494.544690481687
3,954,323.943205207245
4,954,450.915087018607
5,954,296.386414611637
6,954,520.309924770988
7,954,417.266387343586
8,954,408.960642378546
9,954,264.030168867356
10,954,374.430839944798
11,954,313.31415958603
12,954,350.078903633962
13,954,382.492262781118
14,954,358.937776828305
15,954,255.262954802748
16,954,511.433652643166
17,954,387.014521411535
18,954,382.603603198197
1,955,384.924126177951
2,955,396.90883513156
3,955,400.563596833485
4,955,356.303073147785
5,955,385.794132772572
6,955,348.422756071832
7,955,254.045757558324
8,955,421.120285336785
9,955,471.63701504521
10,955,451.911271812267
11,955,270.132958534559
12,955,465.347791835146
13,955,392.388939719628
14,955,469.468760552548
15,955,384.96146034023
16,955,308.269666924554
17,955,330.886944798344
18,955,277.923175695224
1,956,582.304355675217
2,956,325.358176333765
3,956,427.312134808649
4,956,253.742117260012
5,956,455.818139533547
6,956,458.782589672565
7,956,528.303353107312
8,956,429.844719079929
9,956,368.110270974616
10,956,365.071191453753
11,956,399.590123946287
12,956,386.801578646458
13,956,412.936540263009
14,956,372.804780498072
15,956,326.031529617871
16,956,333.58477715303
17,956,375.544198556045
18,956,280.547039823798
1,957,531.10898040449
2,957,448.358225420483
3,957,471.439378113168
4,957,358.395931609616
5,957,383.754692498936
6,957,315.310515374583
7,957,464.928345279171
8,957,349.7985017894
9,957,335.16909434496
10,957,266.986948893445
11,957,271.123764100995
12,957,291.734317116939
13,957,549.919918512007
14,957,305.079567114887
15,957,337.026028556116
16,957,372.558439737607
17,957,485.996286869178
18,957,306.923605362599
1,958,478.423037736577
2,958,599.390977637238
3,958,433.070022823877
4,958,453.695750312797
5,958,425.571370194667
6,958,409.093347398816
7,958,440.354431000488
8,958,467.108370166639
9,958,311.149028281142
10,958,254.159352140189
11,958,485.227100189716
12,958,441.366255876799
13,958,576.313636592668
14,958,307.979277235846
15,958,332.906067278467
16,958,335.094279217574
17,958,443.105851527382
18,958,516.719800253137
1,959,416.5896467218
2,959,253.136902994453
3,959,326.013557310999
4,959,240.750454280657
5,959,323.690753191976
6,959,345.4429212433
7,959,292.406606233226
8,959,387.163873868787
9,959,256.833610107991
10,959,470.151855280023
11,959,458.518813032052
12,959,432.801266203255
13,959,364.645083346364
14,959,411.926940232295
15,959,409.151150685848
16,959,346.110843178483
17,959,389.279862060344
18,959,213.742386048741
1,960,372.963698920938
2,960,482.89570511768
3,960,392.685008051984
4,960,443.69865455659
5,960,348.137603972088
6,960,418.993591419855
7,960,419.258791850047
8,960,355.723774850489
9,960,319.462052939278
10,960,376.142171980407
11,960,357.695160043993
12,960,392.061741480528
13,960,449.27641094844
14,960,317.198370619625
15,960,353.443643854878
16,960,386.205420950765
17,960,560.428937484689
18,960,513.673660762534
1,961,436.779561655577
2,961,233.619615256058
3,961,360.737782736419
4,961,265.861719027921
5,961,428.085978730028
6,961,205.870551354979
7,961,247.796030094157
8,961,308.188721912353
9,961,331.958965032493
10,961,494.397246793163
11,961,379.564586791519
12,961,449.300166615574
13,961,318.722566755391
14,961,434.023122938222
15,961,357.959894828743
16,961,375.532494253363
17,961,324.265210677668
18,961,468.812279640233
1,962,356.588863629264
2,962,324.75595765799
3,962,368.128240378507
4,962,390.14728621172
5,962,517.570100042748
6,962,268.333896689991
7,962,379.993527417068
8,962,306.877916176898
9,962,491.76876178445
10,962,338.898257351254
11,962,449.854972492648
12,962,449.00193961693
13,962,333.981930261773
14,962,454.414037814927
15,962,368.251741722084
16,962,459.744524731519
17,962,383.936617579553
18,962,265.986210397972
1,963,478.001770655249
2,963,386.666585356106
3,963,352.63270256786
4,963,359.877487160744
5,963,533.040228758935
6,963,344.219287568022
7,963,291.462219626543
8,963,367.472571677542
9,963,488.127211047804
10,963,466.985831829286
11,963,494.210250788025
12,963,379.511403005897
13,963,413.219101874577
14,963,345.688124583591
15,963,464.900186347728
16,963,303.338089915066
17,963,365.422085852927
18,963,414.148767474056
1,964,342.496497476123
2,964,315.188135883722
3,964,322.234922585
4,964,465.575651289723
5,964,302.806779428199
6,964,358.902980955537
7,964,399.832429294411
8,964,476.964928846199
9,964,478.189083358008
10,964,331.701338564382
11,964,544.794388074131
12,964,512.090057005083
13,964,391.042106518427
14,964,376.080270987554
15,964,438.845944919057
16,964,539.609901526762
17,964,388.574702341266
18,964,375.513430439984
1,965,527.976090410538
2,965,375.69803107935
3,965,337.787081939407
4,965,304.695694283434
5,965,240.328863040816
6,965,424.024359784035
7,965,329.788293119224
8,965,418.62201949909
9,965,387.884821437452
10,965,253.555227520823
11,965,393.758384563599
12,965,405.74623499393
13,965,443.05561111612
14,965,378.5325389403
15,965,529.882118525902
16,965,284.222564328509
17,965,427.175028131507
18,965,467.82162943184
1,966,412.254592649741
2,966,449.690736740978
3,966,518.676424292286
4,966,349.353889667098
5,966,279.353965650896
6,966,395.318008235899
7,966,331.379941304278
8,966,450.082179825399
9,966,321.138355635133
10,966,315.020295485989
11,966,297.114547947597
12,966,316.92013844448
13,966,295.150185827398
14,966,368.595228383895
15,966,471.488677184355
16,966,375.636765168598
17,966,325.174135926317
18,966,355.987015969091
1,967,411.364551019782
2,967,485.307212225642
3,967,426.210750687877
4,967,245.682534279279
5,967,446.57450675337
6,967,309.712213156466
7,967,409.971051743994
8,967,387.534754705371
9,967,447.274545842986
10,967,452.994862808299
11,967,337.087046006949
12,967,364.966338506024
13,967,388.17649479254
14,967,476.747830665133
15,967,453.061915095516
16,967,474.385415790712
17,967,387.249946153471
18,967,321.355924404862
1,968,319.618232230273
2,968,416.258287507881
3,968,305.47605638993
4,968,251.764738145743
5,968,388.37460802684
6,968,371.215545911396
7,968,428.949492347226
8,968,478.219602157522
9,968,305.802581488329
10,968,521.463378688635
11,968,442.135497337871
12,968,221.124443540325
13,968,433.892600925055
14,968,286.299964549245
15,968,356.066201086189
16,968,313.715789085041
17,968,269.8031066139
18,968,376.697764631112
1,969,417.185849208722
2,969,310.211331174558
3,969,352.529755512949
4,969,318.425219972558
5,969,273.711045865663
6,969,335.871824175755
7,969,435.71436116097
8,969,321.211615814002
9,969,272.667315293388
10,969,499.740693461787
11,969,338.681778585946
12,969,359.656315879172
13,969,287.98464678235
14,969,333.026442383571
15,969,227.046639670432
16,969,256.625953884329
17,969,392.345512646267
18,969,240.468167683793
1,970,381.684258920947
2,970,391.130606118666
3,970,369.928867979271
4,970,355.0147992782
5,970,272.482257348539
6,970,226.19244717836
7,970,349.663896288738
8,970,514.673695927031
9,970,401.619697316457
10,970,353.287016894285
11,970,414.846337069627
12,970,356.274365568361
13,970,391.287911031637
14,970,249.358279551759
15,970,288.472648110322
16,970,362.870578082908
17,970,336.989651391097
18,970,427.959059096079
1,971,435.869337816057
2,971,449.74907653525
3,971,288.111228276389
4,971,383.873035073059
5,971,328.120734726228
6,971,450.581517837815
7,971,363.055695309233
8,971,348.681371954907
9,971,362.775887829381
10,971,388.676736724084
11,971,262.924895191484
12,971,312.503973756479
13,971,423.724581120832
14,971,359.456771484536
15,971,377.464505138062
16,971,309.958499323478
17,971,415.850376151262
18,971,214.982826188854
1,972,360.351885017238
2,972,344.543623026329
3,972,369.322802772925
4,972,317.139087125612
5,972,331.25528860719
6,972,390.26629495956
7,972,439.275605878047
8,972,459.513462143435
9,972,378.760248577054
10,972,230.155582259735
11,972,362.315026731346
12,972,364.929290336476
13,972,347.629352218985
14,972,329.723326689995
15,972,407.579098881907
16,972,423.545216340265
17,972,295.818234979341
18,972,372.21127295165
1,973,395.12797512228
2,973,386.013018536704
3,973,434.699946924292
4,973,421.264239399912
5,973,374.468495998324
6,973,217.342140669207
7,973,313.306193739237
8,973,474.928824737013
9,973,238.304718336095
10,973,300.785304890267
11,973,374.718126145569
12,973,271.897746571679
13,973,409.539422197521
14,973,309.499106533205
15,973,449.810056947377
16,973,483.894468342377
17,973,241.087269218209
18,973,316.651296031547
1,974,234.533242927256
2,974,377.799907165296
3,974,278.842388870415
4,974,430.516442859279
5,974,278.282476003109
6,974,369.209778962079
7,974,286.461110444037
8,974,358.588925437304
9,974,499.505299801122
10,974,300.846708231279
11,974,361.051390184772
12,974,441.714530377767
13,974,411.896107354559
14,974,318.356117354072
15,974,347.739661044427
16,974,506.943667950885
17,974,369.237538446623
18,974,458.276665813244
1,975,354.80008110277
2,975,402.136979878847
3,975,237.063269638881
4,975,259.919183478417
5,975,539.113726598523
6,975,316.944997241992
7,975,430.8836480236
8,975,216.831569854861
9,975,383.448754313499
10,975,506.249823749116
11,975,359.596181545203
12,975,407.839530674946
13,975,295.828496137087
14,975,368.728797377252
15,975,230.647830551111
16,975,336.111792036584
17,975,356.70630494209
18,975,480.155669118824
1,976,297.115639530068
2,976,416.222301684223
3,976,334.163411901687
4,976,343.127006798897
5,976,342.525811135862
6,976,454.600748540156
7,976,343.211722112005
8,976,334.853115681978
9,976,469.792161218913
10,976,361.765565563004
11,976,397.013110535688
12,976,306.578432693904
13,976,335.329762210601
14,976,257.957100306687
15,976,422.193810981932
16,976,331.388732821147
17,976,302.97647032385
18,976,523.151045784925
1,977,328.397120600485
2,977,276.627053409627
3,977,468.899958966267
4,977,315.16724834998
5,977,464.947743265114
6,977,552.824494295654
7,977,352.639065267232
8,977,389.344757929907
9,977,290.097246070111
10,977,237.44642377942
11,977,376.38688337439
12,977,367.066676376571
13,977,268.66538790504
14,977,428.414256119681
15,977,443.908739078714
16,977,357.142317390684
17,977,321.494479712707
18,977,363.577889776189
1,978,355.189440609524
2,978,294.386738328327
3,978,483.098527007499
4,978,521.690633552023
5,978,344.355559753898
6,978,357.728654508018
7,978,482.124517834455
8,978,392.58654494813
9,978,248.943998595092
10,978,328.457200209856
11,978,274.451225081481
12,978,365.277686709525
13,978,302.71773925786
14,978,289.23413028919
15,978,420.213966378293
16,978,398.671470049309
17,978,430.372703594419
18,978,368.662511821497
1,979,404.381100717912
2,979,437.403679398993
3,979,319.757387690589
4,979,371.783366893524
5,979,534.309902793373
6,979,377.185894655748
7,979,364.159488888845
8,979,554.576367273083
9,979,468.450236731115
10,979,302.116499207004
11,979,332.982994953031
12,979,380.862108088933
13,979,408.973938817905
14,979,396.500240879859
15,979,298.639424244577
16,979,566.823447551837
17,979,350.122193127575
18,979,413.11302508354
1,980,468.68303259143
2,980,315.984588006604
3,980,484.702680006414
4,980,254.735774482537
5,980,345.562715564908
6,980,392.068420268709
7,980,242.394899390764
8,980,328.50343304018
9,980,492.72899346435
10,980,362.352853579061
11,980,335.616208062682
12,980,448.175655926713
13,980,388.134425191222
14,980,398.89288645178
15,980,363.965674668591
16,980,415.113334506522
17,980,372.172682147075
18,980,310.481343762181
1,981,308.042306336999
2,981,314.575602504423
3,981,361.447113806898
4,981,384.100909220117
5,981,407.561351717594
6,981,468.397385409832
7,981,282.077963782962
8,981,397.065431478125
9,981,258.437413564774
10,981,340.232881646679
11,981,395.49753332496
12,981,236.086952473164
13,981,482.068860590676
14,981,293.389564352764
15,981,327.08819842147
16,981,262.892725893814
17,981,446.289264705485
18,981,573.094825572183
1,982,412.231501598668
2,982,392.550505018103
3,982,427.758425151909
4,982,364.327476175079
5,982,407.873746553298
6,982,473.798520470396
7,982,325.043130869854
8,982,573.357172225378
9,982,381.349980298402
10,982,363.290967660077
11,982,351.131239480629
12,982,460.433738825195
13,982,269.35167014653
14,982,484.333259339213
15,982,387.075669240453
16,982,352.21007424557
17,982,446.645583868302
18,982,414.609822494409
1,983,466.98305140613
2,983,389.532616560564
3,983,298.709993390842
4,983,299.625143314484
5,983,342.57187740922
6,983,484.16130612573
7,983,446.040482331269
8,983,404.290811187409
9,983,323.062090338666
10,983,294.746624456127
11,983,328.874314227012
12,983,470.867613230784
13,983,345.500676825327
14,983,534.714327243193
15,983,399.381775733505
16,983,498.183275752043
17,983,560.466504523363
18,983,271.762706286875
1,984,313.442280972846
2,984,385.235260986048
3,984,344.796201829802
4,984,460.549357834833
5,984,349.020018136988
6,984,373.493990721216
7,984,314.420312790387
8,984,342.262094713448
9,984,473.827707208344
10,984,383.179747305301
11,984,351.546090894332
12,984,264.504248524361
13,984,315.888526568642
14,984,286.871940820532
15,984,303.729565492844
16,984,388.14560710251
17,984,431.764081610339
18,984,493.408457595568
1,985,297.548907109628
2,985,356.60571071407
3,985,481.030573593693
4,985,304.269981197057
5,985,499.090545683357
6,985,302.015856448768
7,985,430.006337190935
8,985,458.554246657587
9,985,371.522908708533
10,985,381.299054931274
11,985,377.11970650578
12,985,457.376423882182
13,985,367.016524488145
14,985,447.062246135878
15,985,385.356382132189
16,985,286.111570516414
17,985,326.048930757805
18,985,470.293107326067
1,986,360.629862051253
2,986,603.57193715468
3,986,265.123572471024
4,986,540.95948705267
5,986,517.080442078272
6,986,453.748890425231
7,986,376.405013015993
8,986,447.768819203713
9,986,411.902588827501
10,986,373.907084603168
11,986,365.926659396837
12,986,314.965466586612
13,986,478.017034032976
14,986,300.779388198793
15,986,329.126832240854
16,986,345.13763123731
17,986,280.554734021912
18,986,353.74716459377
1,987,345.256273378227
2,987,303.951094376949
3,987,451.448717972067
4,987,430.320946781626
5,987,438.354073289052
6,987,466.007130531839
7,987,428.231464740034
8,987,358.813802016473
9,987,427.73499523039
10,987,371.663346460118
11,987,327.783603946442
12,987,334.633592875439
13,987,486.789819498191
14,987,509.863818096697
15,987,545.578247532142
16,987,365.743889627282
17,987,476.039212254085
18,987,366.154644968832
1,988,351.316894119838
2,988,242.145047960236
3,988,484.550937697051
4,988,309.539663810238
5,988,273.053588518309
6,988,417.702393942351
7,988,216.51429498161
8,988,414.58037072862
9,988,365.684466780121
10,988,290.331796467406
11,988,411.236705360996
12,988,315.500954200234
13,988,306.105801295896
14,988,338.955263252692
15,988,508.679076547802
16,988,382.64866316536
17,988,385.081411685206
18,988,290.265455904393
1,989,291.319767947503
2,989,244.035864917864
3,989,413.791172751756
4,989,421.960446878115
5,989,352.255819008969
6,989,258.503535370987
7,989,271.410281166896
8,989,364.43351393688
9,989,381.254714038381
10,989,501.677286217881
11,989,418.363645813988
12,989,329.153710562899
13,989,318.575922338076
14,989,467.633736047907
15,989,431.009348218916
16,989,370.435316742396
17,989,423.038756140373
18,989,280.137454250852
1,990,365.04020562655
2,990,238.022850722409
3,990,234.42781274964
4,990,376.062010952966
5,990,412.415885868362
6,990,244.010078555619
7,990,476.793925620512
8,990,322.591637290862
9,990,295.909149657073
10,990,526.022074266489
11,990,274.97975592971
12,990,539.111038862547
13,990,339.423329489002
14,990,256.252449209237
15,990,328.116579178669
16,990,400.144797233177
17,990,425.86311471396
18,990,485.814879820119
1,991,443.477116537533
2,991,433.212965857939
3,991,479.020210416867
4,991,290.24356142577
5,991,263.982283888245
6,991,355.676887788581
7,991,369.471131389097
8,991,360.011763711678
9,991,449.703339807799
10,991,292.307488624849
11,991,273.721651043226
12,991,456.807213008792
13,991,286.923922785514
14,991,339.147407779638
15,991,359.220687887794
16,991,444.341173491009
17,991,339.119071805454
18,991,403.751721607929
1,992,433.069256753534
2,992,337.163567955671
3,992,403.34789156634
4,992,529.755212446497
5,992,256.722869414182
6,992,540.656320459052
7,992,481.794149111716
8,992,468.871972421049
9,992,307.070839385534
10,992,531.34670768305
11,992,426.127959837707
12,992,479.666844788384
13,992,467.628110517964
14,992,356.148155178688
15,992,333.626630905624
16,992,380.262415086631
17,992,335.059277263464
18,992,338.533198454281
1,993,374.42494768484
2,993,259.206750887874
3,993,543.877731675874
4,993,374.886438216655
5,993,313.340883253588
6,993,329.146375525397
7,993,385.321628681276
8,993,371.535437522771
9,993,286.110241940154
10,993,437.88673471835
11,993,425.335468332518
12,993,247.783075679929
13,993,370.367446648684
14,993,236.83082163093
15,993,292.076263339836
16,993,327.625024016734
17,993,350.305374301485
18,993,367.95381153764
1,994,482.454484528096
2,994,356.280062365078
3,994,426.548788511569
4,994,388.499459792005
5,994,495.786513500785
6,994,380.72944156961
7,994,418.656883166749
8,994,413.849111209174
9,994,386.239347921025
10,994,324.557027405275
11,994,321.726108968803
12,994,445.086057764559
13,994,502.72208421268
14,994,405.39644116046
15,994,370.401406494313
16,994,256.835010301125
17,994,312.379274435589
18,994,287.106776707263
1,995,307.428583091968
2,995,443.788122261176
3,995,413.594480157864
4,995,266.03107480971
5,995,344.630070154068
6,995,298.682316054505
7,995,308.409880456176
8,995,518.067066059191
9,995,416.953357355518
10,995,349.196538420058
11,995,336.940156870338
12,995,458.744432844612
13,995,404.677228269366
14,995,361.083781804783
15,995,299.122041230814
16,995,406.853709976837
17,995,385.009605577217
18,995,421.676152658399
1,996,355.936964928951
2,996,304.634645794271
3,996,393.150971763259
4,996,362.978280018894
5,996,337.112072773962
6,996,418.011684590587
7,996,392.779775932359
8,996,300.28745421691
9,996,579.194586333693
10,996,428.960657924704
11,996,461.157677979053
12,996,444.463780349061
13,996,466.623946935542
14,996,256.479545292498
15,996,331.372395001913
16,996,446.297592190828
17,996,260.996327502819
18,996,489.935899729616
1,997,326.860301460599
2,997,368.307722193918
3,997,386.53844387552
4,997,452.082020461542
5,997,357.798717666509
6,997,478.120698451527
7,997,442.714535708332
8,997,342.317592557839
9,997,445.530339431953
10,997,434.45104663471
11,997,401.03213014817
12,997,426.903848251514
13,997,434.928887205753
14,997,278.524308681901
15,997,459.320687337836
16,997,488.738464277883
17,997,401.450083324139
18,997,246.64975409111
1,998,432.726389869011
2,998,363.128041082337
3,998,331.187286182136
4,998,367.289579030704
5,998,515.960624184043
6,998,413.23835264874
7,998,440.653804412988
8,998,435.265948266414
9,998,512.509038559798
10,998,501.557524707583
11,998,534.799217072656
12,998,344.614251019794
13,998,425.682132888317
14,998,263.152595529696
15,998,348.673274741603
16,998,404.184744211368
17,998,354.488353913025
18,998,370.995072879265
1,999,330.642156916477
2,999,277.334848983541
3,999,411.318376777828
4,999,383.71930798009
5,999,535.938477635541
6,999,429.828412250077
7,999,419.973300012341
8,999,372.668426710885
9,999,313.266034466968
10,999,364.142111426751
11,999,303.072156036782
12,999,286.754562839224
13,999,515.639452111731
14,999,325.06026611711
15,999,406.970300554144
16,999,383.064918364104
17,999,271.429954535383
18,999,455.680926484125
1,1000,497.226297162716
2,1000,421.622035718541
3,1000,276.262443080916
4,1000,431.947012905127
5,1000,287.907036461417
6,1000,491.793831687796
7,1000,368.030356510561
8,1000,372.971437369705
9,1000,435.492623270253
10,1000,525.770537722176
11,1000,430.798772400041
12,1000,487.074560138825
13,1000,396.342061813412
14,1000,323.515698656003
15,1000,384.972112356078
16,1000,301.301314101398
17,1000,358.700656651758
18,1000,452.564993944508
